timestep,episode,episode_reward,episode_length,wall_time,critic_loss,actor_loss
14,0,9.501,14,0.0,,
37,1,17.5,23,0.01,,
56,2,16.273,19,0.01,,
81,3,18.769,25,0.01,,
99,4,12.441,18,0.02,,
137,5,29.258,38,0.02,,
149,6,6.539,12,0.03,,
163,7,11.036,14,0.03,,
195,8,22.001,32,0.04,,
205,9,6.333,10,0.04,,
218,10,10.077,13,0.04,,
252,11,30.991,34,0.04,,
273,12,11.416,21,0.05,,
353,13,147.62,80,0.06,,
388,14,16.328,35,0.06,,
406,15,18.084,18,0.07,,
423,16,9.454,17,0.07,,
452,17,13.623,29,0.07,,
479,18,25.352,27,0.08,,
491,19,6.133,12,0.08,,
615,20,217.807,124,0.1,,
625,21,6.195,10,0.1,,
641,22,14.539,16,0.1,,
673,23,20.793,32,0.11,,
694,24,17.678,21,0.11,,
730,25,41.949,36,0.12,,
744,26,5.978,14,0.12,,
759,27,9.458,15,0.13,,
768,28,4.984,9,0.13,,
780,29,8.724,12,0.13,,
791,30,7.861,11,0.13,,
812,31,23.428,21,0.13,,
825,32,9.294,13,0.14,,
862,33,37.291,37,0.14,,
871,34,5.405,9,0.14,,
901,35,10.381,30,0.15,,
914,36,8.958,13,0.15,,
928,37,6.085,14,0.15,,
949,38,18.666,21,0.15,,
969,39,14.435,20,0.16,,
999,40,13.029,30,0.16,,
1011,41,9.154,12,0.16,,
1039,42,25.674,28,0.17,,
1075,43,18.692,36,0.17,,
1097,44,11.541,22,0.18,,
1110,45,7.712,13,0.18,,
1127,46,11.051,17,0.18,,
1150,47,11.288,23,0.18,,
1166,48,8.477,16,0.19,,
1182,49,8.15,16,0.19,,
1204,50,6.919,22,0.19,,
1238,51,32.826,34,0.2,,
1253,52,7.949,15,0.2,,
1273,53,10.974,20,0.2,,
1301,54,13.022,28,0.21,,
1325,55,16.715,24,0.21,,
1339,56,10.433,14,0.21,,
1348,57,5.854,9,0.21,,
1368,58,19.33,20,0.22,,
1424,59,49.855,56,0.23,,
1437,60,9.147,13,0.23,,
1452,61,10.313,15,0.23,,
1470,62,7.55,18,0.23,,
1499,63,16.443,29,0.24,,
1510,64,7.499,11,0.24,,
1529,65,14.574,19,0.24,,
1558,66,28.952,29,0.24,,
1572,67,10.089,14,0.25,,
1587,68,7.029,15,0.25,,
1600,69,8.027,13,0.25,,
1616,70,7.944,16,0.25,,
1662,71,41.41,46,0.26,,
1673,72,7.518,11,0.26,,
1690,73,12.636,17,0.26,,
1703,74,8.573,13,0.27,,
1730,75,16.888,27,0.27,,
1737,76,3.587,7,0.27,,
1757,77,15.752,20,0.27,,
1782,78,13.908,25,0.28,,
1798,79,9.186,16,0.28,,
1829,80,15.7,31,0.28,,
1844,81,9.478,15,0.29,,
1864,82,16.353,20,0.29,,
1908,83,36.157,44,0.3,,
1935,84,12.87,27,0.3,,
1972,85,7.686,37,0.31,,
1998,86,16.802,26,0.31,,
2014,87,13.522,16,0.31,,
2028,88,10.064,14,0.31,,
2043,89,7.264,15,0.32,,
2069,90,23.889,26,0.32,,
2103,91,43.856,34,0.33,,
2116,92,9.157,13,0.33,,
2149,93,27.512,33,0.33,,
2168,94,18.365,19,0.34,,
2189,95,15.624,21,0.34,,
2204,96,13.689,15,0.34,,
2216,97,6.215,12,0.34,,
2233,98,11.24,17,0.35,,
2245,99,8.751,12,0.35,,
2267,100,23.966,22,0.35,,
2304,101,39.154,37,0.36,,
2318,102,9.093,14,0.36,,
2343,103,28.743,25,0.36,,
2377,104,23.618,34,0.37,,
2396,105,13.423,19,0.37,,
2406,106,7.158,10,0.37,,
2430,107,18.386,24,0.38,,
2439,108,6.057,9,0.38,,
2452,109,8.128,13,0.38,,
2475,110,17.565,23,0.38,,
2498,111,13.757,23,0.39,,
2514,112,8.382,16,0.39,,
2540,113,33.835,26,0.39,,
2569,114,29.252,29,0.4,,
2590,115,21.518,21,0.4,,
2605,116,8.218,15,0.4,,
2636,117,13.872,31,0.41,,
2657,118,18.455,21,0.41,,
2706,119,28.473,49,0.42,,
2718,120,7.535,12,0.42,,
2759,121,29.261,41,0.43,,
2780,122,15.426,21,0.43,,
2796,123,9.511,16,0.43,,
2822,124,24.095,26,0.43,,
2837,125,12.898,15,0.44,,
2855,126,13.081,18,0.44,,
2871,127,8.767,16,0.44,,
2909,128,24.234,38,0.45,,
2938,129,32.43,29,0.45,,
3000,130,60.204,62,0.46,,
3024,131,12.393,24,0.46,,
3055,132,31.171,31,0.47,,
3071,133,10.76,16,0.47,,
3085,134,7.623,14,0.47,,
3100,135,7.306,15,0.48,,
3113,136,8.684,13,0.48,,
3153,137,38.922,40,0.48,,
3165,138,8.108,12,0.48,,
3200,139,29.971,35,0.49,,
3231,140,15.117,31,0.49,,
3258,141,19.639,27,0.5,,
3275,142,14.681,17,0.5,,
3304,143,23.554,29,0.51,,
3335,144,13.266,31,0.51,,
3360,145,22.416,25,0.51,,
3379,146,11.393,19,0.52,,
3414,147,26.511,35,0.52,,
3430,148,12.989,16,0.53,,
3451,149,9.928,21,0.53,,
3485,150,21.935,34,0.53,,
3501,151,10.176,16,0.54,,
3518,152,8.684,17,0.54,,
3535,153,11.757,17,0.54,,
3552,154,13.462,17,0.54,,
3570,155,17.742,18,0.55,,
3582,156,8.56,12,0.55,,
3643,157,84.458,61,0.56,,
3654,158,7.517,11,0.56,,
3677,159,17.112,23,0.56,,
3694,160,14.225,17,0.57,,
3717,161,18.334,23,0.57,,
3735,162,14.39,18,0.57,,
3747,163,6.068,12,0.57,,
3757,164,6.447,10,0.57,,
3780,165,24.187,23,0.58,,
3803,166,13.309,23,0.58,,
3843,167,39.314,40,0.59,,
3894,168,84.988,51,0.59,,
3907,169,9.717,13,0.6,,
3924,170,12.174,17,0.6,,
3950,171,26.225,26,0.6,,
3980,172,35.034,30,0.61,,
3993,173,6.498,13,0.61,,
4016,174,8.974,23,0.61,,
4115,175,191.107,99,0.63,,
4134,176,6.864,19,0.63,,
4142,177,3.965,8,0.63,,
4160,178,13.333,18,0.64,,
4174,179,7.399,14,0.64,,
4208,180,36.229,34,0.65,,
4219,181,7.552,11,0.65,,
4235,182,7.594,16,0.66,,
4247,183,9.214,12,0.66,,
4278,184,14.042,31,0.68,,
4298,185,15.98,20,0.68,,
4326,186,32.262,28,0.69,,
4343,187,13.416,17,0.69,,
4374,188,12.94,31,0.7,,
4414,189,30.537,40,0.72,,
4432,190,15.426,18,0.73,,
4459,191,24.149,27,0.74,,
4483,192,16.431,24,0.75,,
4496,193,8.088,13,0.76,,
4512,194,14.675,16,0.76,,
4528,195,10.003,16,0.77,,
4545,196,6.777,17,0.78,,
4559,197,12.345,14,0.78,,
4577,198,9.908,18,0.79,,
4609,199,24.826,32,0.8,,
4624,200,13.455,15,0.8,,
4634,201,6.823,10,0.8,,
4650,202,14.25,16,0.81,,
4663,203,10.963,13,0.81,,
4697,204,31.598,34,0.81,,
4712,205,11.169,15,0.81,,
4744,206,17.58,32,0.82,,
4765,207,16.707,21,0.82,,
4778,208,8.837,13,0.82,,
4848,209,96.423,70,0.83,,
4862,210,7.316,14,0.84,,
4883,211,10.716,21,0.84,,
4905,212,20.404,22,0.84,,
4930,213,17.908,25,0.85,,
4947,214,10.708,17,0.85,,
4960,215,8.274,13,0.85,,
4991,216,22.224,31,0.86,,
5010,217,10.202,19,0.86,,
5025,218,6.854,15,0.86,,
5050,219,15.591,25,0.86,,
5078,220,28.686,28,0.87,,
5102,221,11.947,24,0.87,,
5119,222,8.556,17,0.87,,
5128,223,3.336,9,0.88,,
5143,224,10.755,15,0.88,,
5154,225,7.414,11,0.88,,
5167,226,4.185,13,0.88,,
5193,227,24.18,26,0.88,,
5209,228,9.479,16,0.89,,
5229,229,23.017,20,0.89,,
5256,230,23.277,27,0.89,,
5267,231,8.734,11,0.9,,
5293,232,5.677,26,0.9,,
5323,233,25.975,30,0.9,,
5356,234,35.426,33,0.91,,
5374,235,10.407,18,0.91,,
5390,236,10.665,16,0.91,,
5406,237,9.118,16,0.92,,
5418,238,8.548,12,0.92,,
5430,239,6.382,12,0.92,,
5444,240,5.789,14,0.92,,
5465,241,13.277,21,0.92,,
5510,242,22.817,45,0.93,,
5544,243,41.454,34,0.94,,
5555,244,6.842,11,0.94,,
5610,245,67.536,55,0.95,,
5636,246,24.979,26,0.95,,
5667,247,15.978,31,0.95,,
5702,248,27.995,35,0.96,,
5733,249,12.037,31,0.97,,
5752,250,19.153,19,0.97,,
5776,251,19.749,24,0.97,,
5793,252,8.213,17,0.98,,
5808,253,12.608,15,0.98,,
5874,254,95.098,66,0.99,,
5903,255,23.705,29,0.99,,
5961,256,64.3,58,1.0,,
5978,257,9.707,17,1.0,,
5995,258,9.784,17,1.01,,
6031,259,36.089,36,1.01,,
6058,260,25.461,27,1.01,,
6075,261,14.501,17,1.02,,
6096,262,9.597,21,1.02,,
6117,263,12.04,21,1.02,,
6177,264,61.87,60,1.03,,
6217,265,47.058,40,1.04,,
6237,266,14.742,20,1.04,,
6258,267,19.766,21,1.04,,
6275,268,7.887,17,1.05,,
6290,269,7.881,15,1.05,,
6306,270,14.213,16,1.05,,
6318,271,8.627,12,1.05,,
6352,272,27.836,34,1.06,,
6366,273,8.313,14,1.06,,
6391,274,28.685,25,1.06,,
6407,275,15.274,16,1.07,,
6426,276,11.326,19,1.07,,
6444,277,16.784,18,1.07,,
6463,278,9.616,19,1.08,,
6476,279,7.913,13,1.08,,
6489,280,10.462,13,1.08,,
6503,281,10.158,14,1.08,,
6520,282,14.149,17,1.08,,
6544,283,7.606,24,1.09,,
6559,284,7.213,15,1.09,,
6579,285,17.294,20,1.09,,
6601,286,16.799,22,1.1,,
6660,287,98.358,59,1.1,,
6677,288,13.072,17,1.11,,
6714,289,16.981,37,1.11,,
6731,290,15.174,17,1.12,,
6746,291,6.327,15,1.12,,
6768,292,14.894,22,1.12,,
6790,293,16.506,22,1.12,,
6807,294,16.035,17,1.13,,
6852,295,49.068,45,1.13,,
6873,296,12.409,21,1.14,,
6887,297,8.316,14,1.14,,
6914,298,10.611,27,1.14,,
6925,299,9.422,11,1.14,,
6940,300,8.149,15,1.15,,
6958,301,9.516,18,1.15,,
6971,302,6.276,13,1.15,,
6987,303,14.607,16,1.15,,
7000,304,8.238,13,1.16,,
7016,305,12.685,16,1.16,,
7031,306,9.608,15,1.16,,
7049,307,10.398,18,1.16,,
7064,308,11.897,15,1.16,,
7079,309,11.456,15,1.17,,
7104,310,13.263,25,1.17,,
7114,311,6.623,10,1.17,,
7144,312,11.211,30,1.18,,
7163,313,11.387,19,1.18,,
7182,314,9.985,19,1.18,,
7196,315,10.137,14,1.18,,
7217,316,8.211,21,1.19,,
7236,317,20.85,19,1.19,,
7265,318,24.035,29,1.19,,
7285,319,5.797,20,1.2,,
7372,320,111.967,87,1.21,,
7392,321,19.029,20,1.21,,
7406,322,10.068,14,1.21,,
7416,323,6.557,10,1.22,,
7436,324,15.26,20,1.22,,
7452,325,9.755,16,1.22,,
7476,326,27.098,24,1.22,,
7501,327,13.399,25,1.23,,
7517,328,10.333,16,1.23,,
7530,329,8.154,13,1.23,,
7549,330,12.622,19,1.24,,
7564,331,12.784,15,1.24,,
7586,332,11.137,22,1.24,,
7604,333,17.251,18,1.24,,
7631,334,22.674,27,1.25,,
7671,335,62.337,40,1.25,,
7688,336,13.261,17,1.26,,
7714,337,26.021,26,1.26,,
7732,338,15.365,18,1.26,,
7745,339,11.878,13,1.27,,
7761,340,10.447,16,1.27,,
7780,341,18.287,19,1.27,,
7797,342,8.492,17,1.27,,
7817,343,13.281,20,1.28,,
7860,344,46.052,43,1.28,,
7898,345,29.71,38,1.29,,
7919,346,16.541,21,1.29,,
7949,347,21.705,30,1.3,,
7972,348,13.877,23,1.3,,
7989,349,9.25,17,1.3,,
7997,350,5.326,8,1.3,,
8027,351,11.51,30,1.31,,
8045,352,17.133,18,1.31,,
8065,353,10.153,20,1.31,,
8077,354,6.876,12,1.32,,
8115,355,11.238,38,1.32,,
8127,356,7.265,12,1.32,,
8140,357,9.762,13,1.33,,
8158,358,15.693,18,1.33,,
8189,359,25.064,31,1.34,,
8206,360,17.519,17,1.34,,
8222,361,8.657,16,1.34,,
8246,362,17.891,24,1.35,,
8278,363,39.532,32,1.35,,
8293,364,12.353,15,1.35,,
8312,365,10.419,19,1.36,,
8347,366,42.031,35,1.36,,
8362,367,13.924,15,1.36,,
8375,368,10.27,13,1.37,,
8395,369,11.315,20,1.37,,
8415,370,13.97,20,1.37,,
8437,371,8.079,22,1.38,,
8464,372,17.649,27,1.38,,
8474,373,6.83,10,1.38,,
8488,374,9.941,14,1.38,,
8516,375,29.376,28,1.39,,
8544,376,17.357,28,1.39,,
8557,377,8.698,13,1.39,,
8585,378,23.551,28,1.4,,
8596,379,7.615,11,1.4,,
8623,380,18.031,27,1.4,,
8637,381,11.264,14,1.41,,
8654,382,14.221,17,1.41,,
8670,383,13.881,16,1.41,,
8682,384,7.529,12,1.41,,
8712,385,18.993,30,1.42,,
8728,386,9.452,16,1.42,,
8743,387,13.097,15,1.42,,
8775,388,23.868,32,1.43,,
8805,389,13.33,30,1.43,,
8820,390,9.599,15,1.43,,
8854,391,30.133,34,1.44,,
8864,392,3.991,10,1.44,,
8897,393,17.3,33,1.44,,
8915,394,13.084,18,1.45,,
8926,395,7.759,11,1.45,,
8960,396,38.861,34,1.45,,
8977,397,7.435,17,1.46,,
9021,398,50.439,44,1.46,,
9063,399,54.95,42,1.47,,
9079,400,11.296,16,1.47,,
9099,401,10.696,20,1.47,,
9125,402,11.78,26,1.48,,
9139,403,11.518,14,1.48,,
9166,404,8.94,27,1.48,,
9178,405,7.849,12,1.48,,
9193,406,11.612,15,1.49,,
9206,407,9.779,13,1.49,,
9220,408,9.152,14,1.49,,
9243,409,11.165,23,1.49,,
9256,410,9.091,13,1.5,,
9276,411,17.839,20,1.5,,
9291,412,11.101,15,1.5,,
9307,413,13.613,16,1.5,,
9326,414,13.89,19,1.51,,
9346,415,19.543,20,1.51,,
9356,416,6.889,10,1.51,,
9372,417,11.251,16,1.51,,
9399,418,14.132,27,1.52,,
9439,419,32.833,40,1.52,,
9450,420,7.579,11,1.52,,
9464,421,11.767,14,1.53,,
9498,422,9.781,34,1.53,,
9508,423,7.647,10,1.53,,
9531,424,27.503,23,1.54,,
9548,425,8.603,17,1.54,,
9563,426,11.33,15,1.54,,
9579,427,8.1,16,1.54,,
9604,428,28.752,25,1.55,,
9628,429,11.675,24,1.55,,
9671,430,33.351,43,1.56,,
9685,431,9.698,14,1.56,,
9706,432,23.239,21,1.56,,
9722,433,10.158,16,1.56,,
9735,434,9.658,13,1.57,,
9745,435,7.605,10,1.57,,
9767,436,11.045,22,1.57,,
9776,437,4.723,9,1.57,,
9802,438,10.938,26,1.58,,
9820,439,11.872,18,1.58,,
9842,440,14.395,22,1.58,,
9857,441,9.723,15,1.58,,
9946,442,83.771,89,1.6,,
9966,443,20.358,20,1.6,,
9985,444,13.703,19,1.6,,
10001,445,13.783,16,1.88,,
10020,446,13.123,19,1.88,,
10033,447,7.842,13,1.89,,
10052,448,16.371,19,1.89,,
10098,449,70.287,46,1.9,,
10138,450,32.946,40,1.91,,
10159,451,7.225,21,1.91,,
10183,452,20.944,24,1.92,,
10200,453,12.517,17,1.92,,
10229,454,22.123,29,1.93,,
10243,455,8.94,14,1.93,,
10263,456,9.414,20,1.94,,
10274,457,8.775,11,1.94,,
10309,458,35.561,35,1.94,,
10337,459,6.815,28,1.95,,
10358,460,15.236,21,1.95,,
10380,461,24.67,22,1.96,,
10406,462,10.578,26,1.96,,
10420,463,11.793,14,1.96,,
10434,464,7.286,14,1.97,,
10446,465,9.194,12,1.97,,
10463,466,10.87,17,1.97,,
10488,467,10.73,25,1.97,,
10502,468,10.29,14,1.98,,
10521,469,20.31,19,1.98,,
10547,470,9.081,26,1.98,,
10562,471,7.468,15,1.99,,
10584,472,17.364,22,1.99,,
10596,473,10.168,12,1.99,,
10616,474,13.234,20,1.99,,
10642,475,25.513,26,2.0,,
10657,476,9.74,15,2.0,,
10696,477,35.849,39,2.01,,
10723,478,12.612,27,2.02,,
10744,479,15.521,21,2.03,,
10758,480,12.17,14,2.03,,
10786,481,22.573,28,2.05,,
10799,482,9.642,13,2.06,,
10873,483,84.278,74,2.09,,
10891,484,11.644,18,2.1,,
10907,485,13.845,16,2.11,,
10939,486,9.658,32,2.12,,
10952,487,5.807,13,2.12,,
10983,488,31.299,31,2.13,,
11003,489,11.427,20,2.14,,
11023,490,11.287,20,2.14,,
11053,491,22.243,30,2.15,,
11070,492,12.968,17,2.15,,
11080,493,4.418,10,2.15,,
11097,494,8.883,17,2.16,,
11116,495,12.642,19,2.16,,
11140,496,24.249,24,2.16,,
11157,497,9.986,17,2.17,,
11177,498,11.569,20,2.17,,
11195,499,5.595,18,2.17,,
11222,500,15.528,27,2.18,,
11237,501,10.431,15,2.18,,
11268,502,38.601,31,2.18,,
11285,503,12.783,17,2.19,,
11303,504,16.485,18,2.19,,
11321,505,12.398,18,2.19,,
11340,506,10.455,19,2.19,,
11354,507,7.858,14,2.2,,
11379,508,22.072,25,2.2,,
11394,509,10.487,15,2.2,,
11413,510,11.033,19,2.2,,
11432,511,9.183,19,2.21,,
11454,512,7.111,22,2.21,,
11537,513,54.215,83,2.22,,
11555,514,15.649,18,2.23,,
11567,515,7.95,12,2.23,,
11594,516,16.802,27,2.23,,
11608,517,11.863,14,2.23,,
11629,518,10.743,21,2.24,,
11652,519,11.549,23,2.24,,
11673,520,20.128,21,2.24,,
11686,521,8.409,13,2.25,,
11694,522,4.045,8,2.25,,
11709,523,11.553,15,2.25,,
11725,524,9.75,16,2.25,,
11742,525,11.092,17,2.25,,
11763,526,17.295,21,2.26,,
11788,527,12.751,25,2.26,,
11822,528,16.551,34,2.27,,
11871,529,42.741,49,2.27,,
11886,530,5.559,15,2.28,,
11918,531,32.2,32,2.28,,
11933,532,7.161,15,2.28,,
11955,533,8.61,22,2.29,,
11971,534,13.408,16,2.29,,
11980,535,4.717,9,2.29,,
12003,536,21.664,23,2.29,,
12056,537,28.749,53,2.3,,
12070,538,10.437,14,2.3,,
12177,539,155.171,107,2.32,,
12190,540,9.619,13,2.32,,
12200,541,7.27,10,2.33,,
12230,542,31.297,30,2.33,,
12253,543,20.722,23,2.33,,
12267,544,6.15,14,2.34,,
12282,545,7.819,15,2.34,,
12301,546,15.227,19,2.34,,
12321,547,20.445,20,2.34,,
12345,548,21.976,24,2.35,,
12355,549,4.222,10,2.35,,
12382,550,21.11,27,2.35,,
12410,551,18.225,28,2.36,,
12435,552,19.371,25,2.36,,
12463,553,21.345,28,2.37,,
12477,554,10.8,14,2.37,,
12505,555,27.605,28,2.37,,
12562,556,50.821,57,2.38,,
12590,557,9.287,28,2.39,,
12606,558,7.308,16,2.39,,
12622,559,9.954,16,2.39,,
12634,560,9.788,12,2.39,,
12648,561,10.882,14,2.39,,
12665,562,13.846,17,2.4,,
12697,563,31.741,32,2.4,,
12713,564,14.393,16,2.4,,
12732,565,17.401,19,2.41,,
12754,566,14.366,22,2.41,,
12768,567,9.648,14,2.41,,
12778,568,6.971,10,2.41,,
12799,569,21.449,21,2.42,,
12809,570,7.222,10,2.42,,
12828,571,16.235,19,2.42,,
12858,572,20.662,30,2.43,,
12880,573,18.264,22,2.43,,
12898,574,13.207,18,2.43,,
12947,575,48.006,49,2.44,,
12969,576,22.43,22,2.44,,
12982,577,9.994,13,2.45,,
12998,578,10.709,16,2.45,,
13015,579,12.559,17,2.45,,
13027,580,9.271,12,2.45,,
13095,581,63.889,68,2.46,,
13109,582,9.054,14,2.47,,
13145,583,19.266,36,2.47,,
13155,584,7.154,10,2.47,,
13194,585,17.321,39,2.48,,
13206,586,8.187,12,2.48,,
13220,587,8.396,14,2.48,,
13229,588,6.333,9,2.49,,
13244,589,10.871,15,2.49,,
13266,590,20.723,22,2.49,,
13277,591,7.225,11,2.49,,
13296,592,7.47,19,2.5,,
13318,593,13.379,22,2.5,,
13330,594,10.097,12,2.5,,
13343,595,9.134,13,2.5,,
13359,596,14.656,16,2.51,,
13383,597,10.27,24,2.51,,
13393,598,7.206,10,2.51,,
13403,599,7.027,10,2.51,,
13421,600,13.974,18,2.52,,
13437,601,14.679,16,2.52,,
13460,602,13.356,23,2.52,,
13475,603,11.714,15,2.53,,
13491,604,7.345,16,2.53,,
13569,605,72.379,78,2.54,,
13579,606,6.899,10,2.54,,
13608,607,14.198,29,2.55,,
13626,608,16.544,18,2.55,,
13634,609,4.752,8,2.55,,
13655,610,18.165,21,2.55,,
13700,611,22.973,45,2.56,,
13723,612,28.29,23,2.56,,
13751,613,32.785,28,2.57,,
13773,614,7.14,22,2.57,,
13791,615,13.734,18,2.57,,
13863,616,119.924,72,2.58,,
13880,617,10.515,17,2.58,,
13909,618,14.613,29,2.59,,
13932,619,12.958,23,2.59,,
13946,620,10.161,14,2.59,,
13971,621,21.898,25,2.6,,
13997,622,20.028,26,2.6,,
14012,623,7.5,15,2.6,,
14043,624,23.687,31,2.61,,
14065,625,10.316,22,2.61,,
14080,626,10.354,15,2.61,,
14111,627,16.067,31,2.62,,
14137,628,16.661,26,2.62,,
14151,629,4.577,14,2.62,,
14182,630,30.451,31,2.63,,
14221,631,59.581,39,2.63,,
14254,632,21.34,33,2.64,,
14267,633,6.435,13,2.64,,
14287,634,13.182,20,2.65,,
14346,635,40.142,59,2.65,,
14370,636,14.993,24,2.66,,
14387,637,8.873,17,2.66,,
14406,638,15.733,19,2.66,,
14418,639,7.968,12,2.66,,
14434,640,13.468,16,2.67,,
14444,641,6.341,10,2.67,,
14457,642,7.892,13,2.67,,
14468,643,8.623,11,2.67,,
14482,644,12.626,14,2.67,,
14522,645,39.576,40,2.68,,
14547,646,17.328,25,2.68,,
14568,647,20.427,21,2.69,,
14577,648,4.514,9,2.69,,
14596,649,18.515,19,2.69,,
14623,650,18.07,27,2.7,,
14638,651,10.037,15,2.7,,
14656,652,15.559,18,2.7,,
14710,653,29.607,54,2.71,,
14728,654,17.47,18,2.71,,
14773,655,70.97,45,2.72,,
14793,656,13.694,20,2.72,,
14808,657,12.339,15,2.72,,
14831,658,11.286,23,2.73,,
14848,659,9.637,17,2.73,,
14885,660,34.9,37,2.74,,
14915,661,39.258,30,2.74,,
14932,662,12.079,17,2.74,,
14961,663,33.113,29,2.75,,
14976,664,6.728,15,2.75,,
14989,665,7.303,13,2.75,,
15001,666,9.016,12,2.75,,
15014,667,8.122,13,2.76,,
15030,668,10.333,16,2.76,,
15091,669,68.098,61,2.77,,
15110,670,11.164,19,2.77,,
15164,671,73.529,54,2.78,,
15183,672,5.335,19,2.78,,
15235,673,58.298,52,2.79,,
15249,674,13.165,14,2.79,,
15271,675,9.852,22,2.8,,
15324,676,61.306,53,2.8,,
15344,677,11.893,20,2.81,,
15358,678,7.574,14,2.81,,
15414,679,66.008,56,2.83,,
15422,680,4.177,8,2.83,,
15439,681,13.898,17,2.83,,
15470,682,5.099,31,2.84,,
15490,683,15.022,20,2.85,,
15507,684,14.537,17,2.85,,
15529,685,13.288,22,2.85,,
15544,686,11.755,15,2.85,,
15556,687,8.476,12,2.86,,
15593,688,16.666,37,2.86,,
15613,689,14.297,20,2.86,,
15634,690,22.511,21,2.87,,
15648,691,9.157,14,2.87,,
15658,692,7.621,10,2.87,,
15685,693,8.399,27,2.88,,
15699,694,8.261,14,2.88,,
15717,695,9.545,18,2.88,,
15770,696,57.278,53,2.89,,
15788,697,10.48,18,2.89,,
15809,698,21.166,21,2.89,,
15822,699,8.389,13,2.9,,
15888,700,72.505,66,2.91,,
15907,701,11.45,19,2.91,,
15927,702,17.167,20,2.91,,
15961,703,39.596,34,2.92,,
15979,704,8.073,18,2.92,,
15998,705,20.183,19,2.92,,
16015,706,15.814,17,2.93,,
16046,707,17.81,31,2.93,,
16069,708,22.091,23,2.93,,
16113,709,64.759,44,2.94,,
16144,710,13.374,31,2.94,,
16169,711,26.395,25,2.95,,
16195,712,5.58,26,2.95,,
16219,713,31.448,24,2.96,,
16235,714,9.901,16,2.96,,
16290,715,73.339,55,2.97,,
16328,716,49.069,38,2.97,,
16365,717,30.157,37,2.98,,
16376,718,7.541,11,2.98,,
16406,719,21.202,30,2.99,,
16427,720,8.502,21,2.99,,
16471,721,57.089,44,3.0,,
16487,722,9.61,16,3.01,,
16503,723,6.692,16,3.01,,
16532,724,12.385,29,3.01,,
16552,725,10.28,20,3.02,,
16584,726,36.962,32,3.02,,
16635,727,72.012,51,3.03,,
16658,728,22.296,23,3.03,,
16671,729,8.147,13,3.03,,
16693,730,9.222,22,3.04,,
16733,731,14.895,40,3.04,,
16753,732,15.484,20,3.05,,
16799,733,49.54,46,3.05,,
16811,734,7.548,12,3.06,,
16826,735,14.103,15,3.06,,
16841,736,12.185,15,3.06,,
16864,737,14.616,23,3.06,,
16886,738,12.717,22,3.07,,
16903,739,13.138,17,3.07,,
16972,740,64.465,69,3.08,,
16987,741,9.627,15,3.08,,
17011,742,10.483,24,3.08,,
17027,743,11.581,16,3.09,,
17048,744,18.431,21,3.09,,
17093,745,27.739,45,3.1,,
17108,746,6.887,15,3.1,,
17130,747,12.509,22,3.1,,
17150,748,13.365,20,3.1,,
17178,749,16.267,28,3.11,,
17198,750,19.422,20,3.11,,
17234,751,24.085,36,3.12,,
17246,752,5.435,12,3.12,,
17265,753,12.887,19,3.12,,
17276,754,8.061,11,3.12,,
17293,755,13.985,17,3.13,,
17313,756,12.295,20,3.13,,
17329,757,11.412,16,3.13,,
17341,758,6.527,12,3.13,,
17371,759,21.739,30,3.14,,
17383,760,7.432,12,3.14,,
17401,761,14.666,18,3.14,,
17415,762,7.194,14,3.15,,
17439,763,28.214,24,3.15,,
17462,764,12.985,23,3.15,,
17505,765,35.343,43,3.16,,
17533,766,30.507,28,3.16,,
17565,767,6.405,32,3.17,,
17581,768,7.902,16,3.17,,
17611,769,13.08,30,3.18,,
17626,770,9.723,15,3.18,,
17646,771,8.401,20,3.18,,
17658,772,9.511,12,3.18,,
17693,773,21.341,35,3.19,,
17713,774,17.552,20,3.19,,
17726,775,7.432,13,3.19,,
17758,776,10.909,32,3.2,,
17790,777,25.566,32,3.2,,
17800,778,5.852,10,3.2,,
17830,779,31.51,30,3.21,,
17864,780,19.484,34,3.21,,
17887,781,20.516,23,3.22,,
17906,782,14.149,19,3.22,,
17927,783,14.402,21,3.22,,
17941,784,8.437,14,3.22,,
17953,785,6.28,12,3.23,,
17997,786,74.117,44,3.23,,
18014,787,8.509,17,3.24,,
18030,788,15.921,16,3.24,,
18047,789,9.945,17,3.24,,
18083,790,48.986,36,3.25,,
18114,791,19.233,31,3.25,,
18141,792,18.574,27,3.26,,
18154,793,8.884,13,3.26,,
18164,794,4.509,10,3.26,,
18194,795,26.017,30,3.26,,
18216,796,22.83,22,3.27,,
18262,797,58.996,46,3.27,,
18273,798,4.52,11,3.28,,
18309,799,37.951,36,3.28,,
18342,800,20.238,33,3.29,,
18358,801,7.282,16,3.29,,
18369,802,8.367,11,3.29,,
18383,803,7.807,14,3.29,,
18399,804,13.658,16,3.29,,
18415,805,7.628,16,3.3,,
18445,806,11.528,30,3.3,,
18459,807,11.454,14,3.3,,
18477,808,15.974,18,3.31,,
18504,809,30.26,27,3.31,,
18532,810,8.378,28,3.31,,
18558,811,28.28,26,3.32,,
18593,812,21.006,35,3.32,,
18618,813,16.617,25,3.33,,
18637,814,14.23,19,3.33,,
18656,815,15.707,19,3.33,,
18669,816,4.643,13,3.34,,
18692,817,9.777,23,3.34,,
18706,818,10.419,14,3.34,,
18725,819,16.439,19,3.34,,
18743,820,10.914,18,3.35,,
18773,821,12.835,30,3.35,,
18784,822,7.722,11,3.35,,
18804,823,9.724,20,3.36,,
18824,824,10.603,20,3.36,,
18841,825,9.533,17,3.36,,
18852,826,6.855,11,3.36,,
18874,827,12.399,22,3.37,,
18896,828,20.072,22,3.37,,
18928,829,8.55,32,3.37,,
18942,830,9.054,14,3.38,,
18954,831,7.146,12,3.38,,
18973,832,9.959,19,3.38,,
18987,833,10.896,14,3.38,,
19001,834,7.486,14,3.38,,
19019,835,16.563,18,3.39,,
19035,836,13.5,16,3.39,,
19057,837,22.009,22,3.39,,
19074,838,10.022,17,3.4,,
19092,839,12.075,18,3.4,,
19106,840,8.145,14,3.4,,
19119,841,9.923,13,3.4,,
19133,842,10.376,14,3.4,,
19144,843,5.171,11,3.41,,
19163,844,17.301,19,3.41,,
19177,845,7.2,14,3.41,,
19192,846,8.442,15,3.41,,
19207,847,8.45,15,3.42,,
19220,848,8.854,13,3.42,,
19242,849,12.514,22,3.42,,
19269,850,16.585,27,3.42,,
19286,851,15.445,17,3.43,,
19309,852,16.154,23,3.43,,
19349,853,17.177,40,3.44,,
19363,854,7.481,14,3.44,,
19394,855,9.603,31,3.44,,
19411,856,15.196,17,3.45,,
19423,857,8.202,12,3.45,,
19437,858,8.12,14,3.45,,
19450,859,11.913,13,3.45,,
19462,860,9.219,12,3.45,,
19482,861,16.779,20,3.46,,
19502,862,16.63,20,3.46,,
19537,863,11.186,35,3.47,,
19556,864,8.702,19,3.47,,
19567,865,7.428,11,3.47,,
19586,866,16.051,19,3.47,,
19598,867,4.577,12,3.48,,
19611,868,7.602,13,3.48,,
19629,869,6.775,18,3.48,,
19655,870,14.393,26,3.48,,
19668,871,10.635,13,3.49,,
19709,872,31.323,41,3.49,,
19735,873,26.43,26,3.5,,
19749,874,9.917,14,3.5,,
19778,875,33.059,29,3.5,,
19789,876,7.103,11,3.5,,
19815,877,22.364,26,3.51,,
19833,878,17.594,18,3.51,,
19850,879,12.175,17,3.51,,
19865,880,14.503,15,3.52,,
19879,881,12.263,14,3.52,,
19894,882,13.193,15,3.52,,
19913,883,11.792,19,3.52,,
19931,884,11.511,18,3.53,,
19944,885,10.869,13,3.53,,
19961,886,9.347,17,3.53,,
19977,887,9.828,16,3.53,,
19988,888,8.501,11,3.53,,
20004,889,8.385,16,3.68,,
20027,890,22.41,23,3.68,,
20044,891,10.411,17,3.69,,
20069,892,19.306,25,3.69,,
20083,893,5.803,14,3.69,,
20094,894,7.234,11,3.69,,
20116,895,14.799,22,3.7,,
20131,896,12.632,15,3.7,,
20146,897,9.003,15,3.7,,
20176,898,30.972,30,3.71,,
20185,899,5.988,9,3.71,,
20213,900,24.856,28,3.72,,
20227,901,9.782,14,3.72,,
20242,902,14.944,15,3.72,,
20261,903,18.707,19,3.72,,
20286,904,12.182,25,3.73,,
20296,905,7.848,10,3.73,,
20308,906,8.254,12,3.73,,
20343,907,41.567,35,3.74,,
20357,908,9.577,14,3.74,,
20367,909,6.4,10,3.74,,
20384,910,8.695,17,3.74,,
20401,911,13.88,17,3.75,,
20417,912,14.485,16,3.75,,
20432,913,10.306,15,3.75,,
20465,914,27.363,33,3.76,,
20474,915,6.332,9,3.76,,
20522,916,54.285,48,3.76,,
20537,917,13.103,15,3.77,,
20561,918,21.428,24,3.77,,
20576,919,10.472,15,3.77,,
20592,920,8.834,16,3.77,,
20610,921,7.629,18,3.78,,
20624,922,12.468,14,3.78,,
20645,923,13.432,21,3.78,,
20661,924,14.751,16,3.78,,
20674,925,7.491,13,3.79,,
20703,926,16.356,29,3.79,,
20719,927,11.084,16,3.79,,
20734,928,12.33,15,3.8,,
20750,929,9.139,16,3.8,,
20767,930,11.806,17,3.8,,
20780,931,9.928,13,3.8,,
20790,932,6.678,10,3.8,,
20829,933,45.345,39,3.81,,
20842,934,8.047,13,3.81,,
20857,935,10.192,15,3.81,,
20888,936,28.78,31,3.82,,
20910,937,16.081,22,3.82,,
20961,938,35.268,51,3.83,,
20987,939,25.45,26,3.83,,
21002,940,8.142,15,3.84,,
21028,941,9.548,26,3.84,,
21037,942,5.152,9,3.84,,
21067,943,14.968,30,3.85,,
21081,944,9.343,14,3.85,,
21097,945,13.189,16,3.85,,
21121,946,31.357,24,3.85,,
21175,947,57.708,54,3.86,,
21188,948,8.546,13,3.86,,
21223,949,29.072,35,3.87,,
21237,950,9.599,14,3.87,,
21292,951,79.168,55,3.88,,
21343,952,84.847,51,3.89,,
21372,953,9.955,29,3.89,,
21383,954,6.333,11,3.89,,
21402,955,18.77,19,3.9,,
21420,956,16.952,18,3.9,,
21442,957,23.549,22,3.9,,
21463,958,8.977,21,3.91,,
21481,959,14.652,18,3.91,,
21492,960,8.45,11,3.91,,
21516,961,20.738,24,3.92,,
21527,962,6.655,11,3.92,,
21547,963,16.477,20,3.92,,
21562,964,5.728,15,3.92,,
21587,965,10.78,25,3.93,,
21624,966,41.731,37,3.93,,
21643,967,8.866,19,3.94,,
21663,968,11.664,20,3.94,,
21672,969,5.972,9,3.94,,
21690,970,6.397,18,3.94,,
21707,971,15.203,17,3.95,,
21728,972,16.023,21,3.95,,
21767,973,38.239,39,3.96,,
21803,974,21.278,36,3.96,,
21824,975,11.414,21,3.97,,
21843,976,19.377,19,3.97,,
21855,977,8.767,12,3.97,,
21870,978,8.921,15,3.97,,
21883,979,8.847,13,3.97,,
21900,980,12.369,17,3.98,,
21920,981,10.51,20,3.98,,
21931,982,8.073,11,3.98,,
21940,983,4.884,9,3.98,,
21950,984,6.697,10,3.98,,
22013,985,51.26,63,3.99,,
22042,986,10.817,29,4.0,,
22063,987,13.44,21,4.0,,
22074,988,7.268,11,4.0,,
22086,989,6.135,12,4.01,,
22106,990,10.679,20,4.01,,
22129,991,15.839,23,4.01,,
22158,992,32.696,29,4.02,,
22170,993,9.389,12,4.02,,
22227,994,94.023,57,4.03,,
22244,995,11.705,17,4.03,,
22276,996,30.431,32,4.03,,
22288,997,9.007,12,4.04,,
22304,998,15.05,16,4.04,,
22315,999,6.73,11,4.04,,
22330,1000,8.8,15,4.04,,
22341,1001,8.117,11,4.05,,
22351,1002,7.425,10,4.05,,
22431,1003,134.716,80,4.06,,
22463,1004,24.314,32,4.06,,
22483,1005,9.538,20,4.07,,
22500,1006,16.217,17,4.07,,
22515,1007,8.359,15,4.07,,
22535,1008,14.177,20,4.08,,
22551,1009,12.026,16,4.08,,
22567,1010,9.374,16,4.08,,
22583,1011,14.431,16,4.08,,
22601,1012,9.755,18,4.09,,
22613,1013,3.155,12,4.09,,
22638,1014,16.728,25,4.09,,
22657,1015,7.357,19,4.1,,
22682,1016,17.364,25,4.1,,
22704,1017,14.975,22,4.11,,
22721,1018,12.296,17,4.11,,
22736,1019,8.952,15,4.11,,
22770,1020,39.298,34,4.12,,
22793,1021,18.352,23,4.12,,
22817,1022,24.493,24,4.12,,
22851,1023,27.132,34,4.13,,
22869,1024,11.578,18,4.13,,
22885,1025,11.733,16,4.13,,
22903,1026,8.717,18,4.14,,
22921,1027,13.541,18,4.14,,
22951,1028,26.775,30,4.14,,
22963,1029,8.909,12,4.15,,
22982,1030,17.086,19,4.15,,
23007,1031,13.038,25,4.15,,
23040,1032,12.972,33,4.16,,
23052,1033,8.36,12,4.16,,
23069,1034,9.462,17,4.16,,
23087,1035,12.193,18,4.16,,
23099,1036,9.665,12,4.17,,
23110,1037,8.339,11,4.17,,
23123,1038,9.29,13,4.17,,
23138,1039,12.55,15,4.17,,
23163,1040,15.229,25,4.18,,
23183,1041,10.921,20,4.18,,
23202,1042,18.897,19,4.18,,
23250,1043,56.044,48,4.19,,
23269,1044,19.223,19,4.19,,
23302,1045,38.723,33,4.2,,
23338,1046,10.294,36,4.2,,
23386,1047,27.076,48,4.21,,
23413,1048,33.319,27,4.21,,
23454,1049,30.393,41,4.22,,
23475,1050,12.694,21,4.22,,
23503,1051,17.066,28,4.23,,
23516,1052,7.116,13,4.23,,
23538,1053,17.99,22,4.23,,
23549,1054,4.882,11,4.23,,
23567,1055,11.271,18,4.24,,
23577,1056,6.363,10,4.24,,
23588,1057,5.446,11,4.24,,
23599,1058,6.854,11,4.24,,
23665,1059,72.627,66,4.25,,
23695,1060,34.709,30,4.26,,
23705,1061,4.717,10,4.26,,
23717,1062,7.865,12,4.26,,
23726,1063,5.56,9,4.26,,
23747,1064,20.336,21,4.26,,
23757,1065,7.133,10,4.27,,
23769,1066,5.658,12,4.27,,
23801,1067,37.505,32,4.27,,
23821,1068,12.366,20,4.28,,
23831,1069,4.478,10,4.28,,
23857,1070,28.799,26,4.28,,
23879,1071,20.307,22,4.28,,
23894,1072,7.676,15,4.29,,
23915,1073,19.964,21,4.29,,
23931,1074,13.795,16,4.29,,
23950,1075,15.304,19,4.3,,
23965,1076,12.279,15,4.3,,
23989,1077,17.275,24,4.3,,
24005,1078,11.507,16,4.3,,
24045,1079,28.809,40,4.31,,
24070,1080,12.188,25,4.31,,
24093,1081,17.394,23,4.32,,
24114,1082,22.039,21,4.32,,
24147,1083,12.121,33,4.33,,
24158,1084,7.722,11,4.33,,
24176,1085,12.293,18,4.33,,
24198,1086,11.467,22,4.33,,
24211,1087,9.781,13,4.34,,
24253,1088,15.072,42,4.34,,
24268,1089,8.985,15,4.34,,
24280,1090,4.527,12,4.35,,
24294,1091,9.137,14,4.35,,
24316,1092,10.573,22,4.35,,
24349,1093,37.482,33,4.36,,
24364,1094,11.373,15,4.36,,
24384,1095,10.94,20,4.36,,
24414,1096,23.155,30,4.36,,
24430,1097,9.029,16,4.37,,
24447,1098,9.14,17,4.37,,
24469,1099,18.338,22,4.37,,
24497,1100,14.384,28,4.38,,
24529,1101,27.409,32,4.38,,
24541,1102,10.66,12,4.39,,
24564,1103,20.426,23,4.39,,
24579,1104,8.718,15,4.4,,
24604,1105,25.669,25,4.41,,
24656,1106,38.406,52,4.41,,
24730,1107,116.051,74,4.42,,
24752,1108,24.115,22,4.43,,
24763,1109,8.381,11,4.43,,
24785,1110,8.031,22,4.43,,
24814,1111,18.855,29,4.44,,
24833,1112,15.655,19,4.44,,
24850,1113,14.004,17,4.44,,
24865,1114,11.316,15,4.44,,
24884,1115,10.464,19,4.45,,
24903,1116,12.528,19,4.45,,
24921,1117,8.446,18,4.45,,
24957,1118,23.049,36,4.46,,
24969,1119,6.672,12,4.46,,
24979,1120,7.317,10,4.46,,
24992,1121,8.107,13,4.46,,
25012,1122,19.364,20,4.72,0.895588,-0.576778
25037,1123,1.124,25,4.9,0.391249,-0.71525
25057,1124,-1.078,20,5.03,0.222422,-0.768324
25076,1125,-1.785,19,5.15,0.136207,-0.848904
25095,1126,-0.967,19,5.29,0.097773,-0.928412
25115,1127,0.127,20,5.43,0.088846,-0.989445
25147,1128,50.189,32,5.62,0.094262,-1.138241
25168,1129,35.948,21,5.76,0.079982,-1.248773
25190,1130,37.481,22,5.91,0.08186,-1.285208
25212,1131,37.395,22,6.05,0.091422,-1.303177
25234,1132,37.763,22,6.22,0.091833,-1.360308
25257,1133,39.424,23,6.38,0.092754,-1.422629
25279,1134,37.555,22,6.54,0.096859,-1.451016
25301,1135,37.395,22,6.68,0.098682,-1.517554
25323,1136,37.354,22,6.84,0.105795,-1.564869
25345,1137,37.422,22,7.0,0.115155,-1.604263
25366,1138,35.798,21,7.15,0.113662,-1.65761
25389,1139,38.989,23,7.3,0.116338,-1.709648
25411,1140,38.03,22,7.45,0.109309,-1.786108
25433,1141,37.225,22,7.6,0.129771,-1.875682
25455,1142,37.698,22,7.74,0.123802,-1.88753
25477,1143,38.216,22,7.91,0.140344,-1.940604
25498,1144,35.877,21,8.03,0.136232,-2.000536
25520,1145,37.691,22,8.18,0.133884,-2.042904
25542,1146,37.945,22,8.33,0.173377,-2.132122
25563,1147,36.21,21,8.48,0.178922,-2.163551
25584,1148,36.041,21,8.63,0.165708,-2.203645
25607,1149,39.192,23,8.8,0.167426,-2.250479
25629,1150,37.407,22,8.94,0.198162,-2.370483
25651,1151,38.108,22,9.09,0.190581,-2.38826
25673,1152,37.894,22,9.25,0.248853,-2.457888
25695,1153,37.635,22,9.4,0.231939,-2.52311
25718,1154,39.009,23,9.56,0.260044,-2.557677
25739,1155,36.064,21,9.7,0.244029,-2.619148
25761,1156,37.689,22,9.86,0.24439,-2.687776
25783,1157,37.311,22,10.02,0.243657,-2.768021
25805,1158,37.451,22,10.18,0.283064,-2.738909
25828,1159,39.674,23,10.33,0.289387,-2.839102
25851,1160,39.478,23,10.49,0.301268,-2.893337
25873,1161,37.81,22,10.62,0.314615,-2.957701
25895,1162,37.662,22,10.75,0.293292,-3.049251
25917,1163,37.312,22,10.88,0.320046,-3.046184
25939,1164,37.63,22,11.02,0.330312,-3.176406
25961,1165,37.775,22,11.15,0.312356,-3.198619
25983,1166,37.938,22,11.29,0.314108,-3.260988
26005,1167,37.955,22,11.42,0.345645,-3.258621
26027,1168,37.755,22,11.55,0.30281,-3.426357
26049,1169,37.412,22,11.69,0.347134,-3.467218
26071,1170,37.508,22,11.82,0.386971,-3.458603
26093,1171,37.111,22,11.95,0.413568,-3.63124
26115,1172,38.005,22,12.1,0.444403,-3.639815
26137,1173,37.508,22,12.22,0.379841,-3.691095
26159,1174,37.943,22,12.35,0.420997,-3.745942
26181,1175,37.897,22,12.49,0.393515,-3.837972
26203,1176,37.648,22,12.61,0.48622,-3.854564
26225,1177,37.83,22,12.74,0.448849,-3.940918
26247,1178,37.578,22,12.87,0.495005,-3.946311
26270,1179,39.716,23,13.02,0.545552,-4.082632
26291,1180,36.158,21,13.15,0.554153,-4.101671
26314,1181,39.109,23,13.28,0.487264,-4.174024
26336,1182,37.702,22,13.41,0.611396,-4.314691
26358,1183,37.827,22,13.54,0.579992,-4.30854
26380,1184,37.87,22,13.66,0.503876,-4.411575
26403,1185,39.403,23,13.81,0.671087,-4.426091
26426,1186,39.454,23,13.96,0.614458,-4.531274
26448,1187,37.869,22,14.09,0.634421,-4.54272
26471,1188,39.12,23,14.23,0.661449,-4.57822
26493,1189,37.784,22,14.37,0.618544,-4.711713
26515,1190,37.587,22,14.51,0.596707,-4.783396
26538,1191,39.275,23,14.64,0.643231,-4.87123
26560,1192,38.014,22,14.8,0.788442,-4.89072
26582,1193,37.46,22,14.95,0.757786,-4.991979
26605,1194,39.669,23,15.11,0.795644,-5.020653
26627,1195,37.588,22,15.26,0.88742,-4.992025
26649,1196,37.862,22,15.44,0.741721,-5.135436
26671,1197,37.411,22,15.64,0.854917,-5.135002
26694,1198,39.301,23,15.83,0.850873,-5.260993
26720,1199,45.325,26,16.02,0.846398,-5.372442
26742,1200,33.706,22,16.19,0.776272,-5.52603
26763,1201,31.951,21,16.38,0.86543,-5.625491
26795,1202,53.801,32,16.64,0.853004,-5.756278
26836,1203,69.825,41,16.99,0.89224,-5.811479
26877,1204,69.447,41,17.28,0.925556,-5.954925
26936,1205,103.86,59,17.72,0.952736,-6.168737
26991,1206,96.581,55,18.18,1.090253,-6.281915
27078,1207,170.763,87,18.89,1.153486,-6.547495
27164,1208,173.123,86,19.55,1.204154,-6.825326
27251,1209,184.099,87,20.12,1.31066,-7.171476
27279,1210,48.654,28,20.33,1.403951,-7.452218
27307,1211,48.249,28,20.54,1.333736,-7.459138
27333,1212,45.526,26,20.72,1.548875,-7.599409
27360,1213,46.846,27,20.96,1.625983,-7.712878
27387,1214,46.854,27,21.14,1.567841,-7.813581
27412,1215,43.171,25,21.31,1.504038,-7.906153
27437,1216,43.254,25,21.51,1.622445,-8.003662
27464,1217,46.581,27,21.7,1.698411,-8.152803
27490,1218,44.281,26,21.91,1.518603,-8.176517
27516,1219,44.824,26,22.11,1.545671,-8.226516
27558,1220,75.197,42,22.43,1.703267,-8.449267
27608,1221,90.569,50,22.83,1.652157,-8.540813
27655,1222,85.654,47,23.23,1.986192,-8.735213
27724,1223,132.478,69,23.83,1.811903,-8.981685
27749,1224,43.502,25,24.03,2.238516,-9.16408
27774,1225,42.274,25,24.23,1.974546,-9.23131
27849,1226,147.653,75,24.78,1.87954,-9.456266
27896,1227,84.497,47,25.1,1.809279,-9.569525
27978,1228,169.807,82,25.61,2.23717,-9.900988
28028,1229,91.451,50,25.93,2.29327,-10.101138
28078,1230,91.142,50,26.23,2.202015,-10.336694
28135,1231,103.111,57,26.57,2.193039,-10.547141
28217,1232,170.257,82,27.1,2.574003,-10.852197
28302,1233,179.62,85,27.67,2.491727,-11.178112
28388,1234,183.122,86,28.22,2.303633,-11.469034
28470,1235,162.884,82,28.75,2.604177,-11.838068
28552,1236,171.605,82,29.28,2.654638,-12.163202
28632,1237,167.88,80,29.82,2.847052,-12.422839
28714,1238,170.79,82,30.37,2.94295,-12.715578
28794,1239,165.83,80,30.91,3.307989,-13.092876
28873,1240,161.648,79,31.45,3.415168,-13.292641
28956,1241,175.991,83,32.0,3.293575,-13.721139
29035,1242,161.755,79,32.53,3.419083,-14.033185
29115,1243,162.132,80,33.14,3.699482,-14.393654
29193,1244,157.725,78,33.71,3.752499,-14.658645
29279,1245,180.693,86,34.3,3.83151,-15.06923
29360,1246,166.005,81,34.89,3.893027,-15.414803
29449,1247,189.786,89,35.54,4.130657,-15.77352
29533,1248,178.102,84,36.14,4.20039,-16.071026
29637,1249,235.715,104,36.9,4.379644,-16.491603
29719,1250,168.399,82,37.51,4.369572,-16.887614
29812,1251,195.132,93,38.2,4.64306,-17.23653
29895,1252,168.442,83,38.84,4.430614,-17.570435
30013,1253,273.407,118,40.45,5.361042,-17.965499
30092,1254,147.592,79,41.03,5.044903,-18.55033
30179,1255,178.351,87,41.7,4.964904,-18.967166
30264,1256,169.528,85,42.29,5.444263,-19.258541
30345,1257,152.121,81,42.81,5.683695,-19.715511
30440,1258,203.372,95,43.41,5.913385,-20.095099
30545,1259,236.98,105,44.06,5.821241,-20.604113
30630,1260,175.141,85,44.61,6.477019,-21.031027
30715,1261,172.649,85,45.16,6.355674,-21.452655
30815,1262,221.755,100,45.8,6.667285,-21.768839
30900,1263,161.949,85,46.33,7.03013,-22.258349
30984,1264,171.063,84,46.9,7.039981,-22.726266
31066,1265,160.802,82,47.53,6.882768,-23.054748
31148,1266,167.146,82,48.14,7.513644,-23.604691
31251,1267,211.716,103,48.94,7.570347,-23.966668
31337,1268,172.175,86,49.58,7.97724,-24.449023
31421,1269,164.944,84,50.22,7.444862,-24.993968
31526,1270,234.571,105,50.92,7.446861,-25.386372
31613,1271,180.311,87,51.52,8.953733,-25.770213
31700,1272,172.962,87,52.07,8.354284,-26.297635
31813,1273,243.593,113,52.89,9.785053,-26.766025
31904,1274,182.49,91,53.53,9.290462,-27.255208
31992,1275,172.103,88,54.1,9.145208,-27.820602
32085,1276,192.465,93,54.7,9.367106,-28.294384
32172,1277,172.892,87,55.27,10.082789,-28.57675
32257,1278,172.907,85,55.84,10.130543,-29.071983
32348,1279,177.695,91,56.52,10.828323,-29.461581
32438,1280,175.72,90,57.24,11.144418,-29.890748
32546,1281,234.756,108,58.05,10.524822,-30.402768
32657,1282,243.088,111,58.88,10.737637,-30.924784
32771,1283,268.003,114,59.74,10.87431,-31.445456
32887,1284,266.688,116,60.57,11.723652,-32.036814
32985,1285,216.612,98,61.13,11.886193,-32.485808
33091,1286,229.36,106,61.77,12.211519,-33.065346
33191,1287,218.276,100,62.4,14.350014,-33.638865
33290,1288,215.965,99,62.98,14.010822,-34.128461
33390,1289,213.591,100,63.56,13.069481,-34.849077
33492,1290,222.897,102,64.19,14.037891,-35.094555
33599,1291,248.623,107,64.83,14.612192,-35.810844
33702,1292,221.984,103,65.44,14.5884,-36.24028
33812,1293,264.88,110,66.08,14.56452,-36.778827
33921,1294,226.923,109,66.71,15.256838,-37.294656
34027,1295,229.961,106,67.36,15.963025,-37.712532
34136,1296,245.015,109,68.0,15.26702,-38.476411
34247,1297,248.2,111,68.66,15.863924,-38.925009
34351,1298,229.962,104,69.47,16.082643,-39.563291
34463,1299,262.002,112,70.33,17.117559,-40.022259
34572,1300,237.847,109,71.19,17.877638,-40.515956
34679,1301,234.42,107,72.05,16.049382,-41.095424
34785,1302,230.448,106,72.94,17.173388,-41.493941
34891,1303,241.523,106,73.8,16.936949,-41.964331
34999,1304,233.119,108,74.47,17.809809,-42.70228
35114,1305,255.438,115,75.2,19.235383,-43.194938
35232,1306,261.308,118,75.92,18.93604,-43.798924
35345,1307,251.122,113,76.63,19.951229,-44.493352
35456,1308,251.601,111,77.32,20.880874,-44.973033
35597,1309,289.644,141,78.15,20.379121,-45.608515
35718,1310,236.68,121,78.84,21.896716,-46.027268
35840,1311,242.164,122,79.57,20.224268,-46.608626
35974,1312,267.855,134,80.42,21.898175,-47.254387
36120,1313,284.068,146,81.45,20.540514,-48.017827
36264,1314,289.933,144,82.47,21.176575,-48.590648
36403,1315,274.646,139,83.46,21.850768,-49.242328
36546,1316,280.869,143,84.53,23.711727,-49.808975
36683,1317,271.365,137,85.55,22.777688,-50.545693
36818,1318,270.108,135,86.52,22.519503,-51.073183
36959,1319,274.765,141,87.58,23.006768,-51.701815
37088,1320,256.432,129,88.51,23.672195,-52.30758
37226,1321,253.656,138,89.48,24.026214,-52.783374
37359,1322,252.538,133,90.42,23.210149,-53.381751
37500,1323,263.353,141,91.44,23.779887,-54.026206
37661,1324,296.908,161,92.56,24.991752,-54.533578
37789,1325,242.652,128,93.45,25.571686,-55.222667
37918,1326,255.669,129,94.34,23.758129,-55.771767
38028,1327,234.61,110,95.08,25.411289,-56.167122
38170,1328,271.503,142,96.05,25.232614,-56.702715
38301,1329,241.799,131,96.96,24.924556,-57.347541
38427,1330,250.932,126,97.87,26.991125,-57.575668
38571,1331,271.373,144,98.95,27.895005,-58.220534
38706,1332,262.261,135,99.94,25.778267,-58.833945
38826,1333,255.42,120,100.79,28.778937,-59.141692
38942,1334,252.809,116,101.64,25.422287,-59.813139
39077,1335,287.046,135,102.61,28.743071,-60.062565
39217,1336,267.63,140,103.58,28.626864,-60.797198
39337,1337,264.75,120,104.42,27.629627,-61.360759
39464,1338,244.961,127,105.27,30.140096,-61.949276
39598,1339,262.945,134,106.22,30.705333,-62.307178
39728,1340,271.968,130,107.12,30.474201,-62.754563
39848,1341,239.84,120,107.97,29.704351,-63.179562
39985,1342,263.495,137,108.94,30.504719,-63.738924
40101,1343,247.379,116,110.45,28.854465,-64.114243
40223,1344,254.933,122,111.28,30.135951,-64.633372
40246,1345,35.751,23,111.43,31.601791,-64.840844
40366,1346,249.499,120,112.27,29.224892,-65.161365
40487,1347,262.543,121,113.12,29.605772,-65.837187
40614,1348,256.887,127,114.03,34.266566,-66.155039
40732,1349,241.546,118,114.81,32.286659,-66.743332
40858,1350,258.241,126,115.67,34.045757,-67.230806
40990,1351,264.345,132,116.58,32.334417,-67.704315
41110,1352,247.612,120,117.42,35.181431,-68.152401
41224,1353,238.577,114,118.26,33.372713,-68.670825
41355,1354,265.805,131,119.21,33.113509,-69.265783
41471,1355,237.681,116,120.08,32.597763,-69.758226
41593,1356,242.43,122,120.88,33.116904,-70.109253
41706,1357,231.991,113,121.62,37.848323,-70.530221
41824,1358,239.061,118,122.37,36.837581,-70.634456
41943,1359,225.396,119,123.11,35.963867,-71.234988
42059,1360,226.507,116,123.79,34.694243,-71.748464
42178,1361,237.157,119,124.51,38.130798,-72.114677
42308,1362,251.813,130,125.46,36.988934,-72.723994
42428,1363,243.039,120,126.47,36.091954,-73.464456
42559,1364,247.487,131,127.53,37.50056,-73.727256
42698,1365,287.17,139,128.62,35.235824,-74.436012
42827,1366,261.605,129,129.6,39.432994,-74.938799
42961,1367,280.387,134,130.44,35.532216,-75.310016
43100,1368,288.235,139,131.36,35.081963,-75.791622
43241,1369,269.018,141,132.32,36.225455,-76.268652
43399,1370,289.728,158,133.32,39.519342,-76.80132
43529,1371,261.034,130,134.17,38.995208,-77.41987
43653,1372,263.31,124,135.05,39.990718,-77.722661
43790,1373,269.135,137,135.96,37.937798,-78.263575
43931,1374,274.61,141,136.94,36.431175,-78.820907
44067,1375,275.549,136,137.84,40.755964,-79.247515
44209,1376,282.51,142,138.79,39.344151,-79.637906
44348,1377,304.693,139,139.86,39.439721,-79.967154
44483,1378,276.837,135,140.83,40.83676,-80.424418
44630,1379,303.883,147,141.88,38.896258,-80.962905
44771,1380,282.73,141,142.93,37.689092,-81.425744
44904,1381,277.65,133,143.75,39.10755,-82.022959
45024,1382,259.016,120,144.48,42.914946,-82.063633
45149,1383,268.168,125,145.24,38.968081,-82.681024
45273,1384,277.691,124,146.02,39.363409,-82.942651
45409,1385,283.267,136,146.89,41.778932,-83.497706
45535,1386,278.516,126,147.8,40.502756,-83.984374
45658,1387,272.731,123,148.7,43.328882,-84.368416
45793,1388,285.235,135,149.71,42.421048,-84.99464
45918,1389,276.483,125,150.72,38.853644,-85.213991
46037,1390,266.225,119,151.62,43.53043,-85.856882
46165,1391,276.483,128,152.64,40.319144,-86.290778
46298,1392,293.044,133,153.47,41.284658,-86.467207
46425,1393,279.387,127,154.22,42.290025,-87.107416
46543,1394,267.603,118,154.93,39.924707,-87.233692
46661,1395,267.371,118,155.71,42.04475,-87.999424
46783,1396,272.68,122,156.46,43.631872,-88.460336
46907,1397,278.624,124,157.38,40.971709,-88.633774
47034,1398,281.415,127,158.37,43.243049,-89.189334
47150,1399,256.495,116,159.33,47.249375,-89.158811
47270,1400,273.734,120,160.23,44.98865,-89.64414
47384,1401,269.89,114,161.08,41.892972,-90.203196
47497,1402,245.428,113,161.94,42.436121,-90.494698
47614,1403,262.028,117,162.78,43.914486,-90.695534
47730,1404,272.498,116,163.49,43.406689,-91.109518
47852,1405,267.45,122,164.27,42.1141,-91.764376
47968,1406,263.46,116,164.99,42.27063,-92.329338
48089,1407,269.821,121,165.83,45.72757,-92.147717
48213,1408,268.952,124,166.65,45.74649,-92.21208
48328,1409,259.917,115,167.38,44.611016,-93.015788
48462,1410,298.794,134,168.29,43.930695,-93.510535
48579,1411,266.14,117,169.07,41.963082,-93.709351
48693,1412,281.884,114,169.82,45.307838,-93.970548
48809,1413,278.692,116,170.59,45.356624,-94.093094
48922,1414,240.85,113,171.32,45.313373,-94.716626
49050,1415,285.336,128,172.14,44.553986,-95.156968
49162,1416,235.173,112,172.95,42.583962,-95.307068
49297,1417,300.003,135,173.9,46.944506,-95.451611
49425,1418,306.917,128,174.78,44.766306,-95.848278
49542,1419,301.534,117,175.51,43.832102,-96.076996
49650,1420,265.922,108,176.16,47.539372,-96.466705
49769,1421,298.487,119,176.89,46.728157,-96.971739
49881,1422,272.055,112,177.56,47.838146,-96.530776
49986,1423,231.216,105,178.19,50.086315,-97.580026
50102,1424,284.058,116,179.89,42.835958,-97.30153
50216,1425,278.763,114,180.82,47.256905,-98.089776
50337,1426,285.554,121,181.74,43.905973,-98.297877
50453,1427,273.652,116,182.61,45.750546,-98.758196
50559,1428,254.86,106,183.5,46.420432,-98.848178
50670,1429,267.161,111,184.25,46.552981,-99.203286
50778,1430,259.801,108,184.9,51.03075,-99.372608
50892,1431,274.542,114,185.61,47.14828,-99.650014
50997,1432,255.384,105,186.25,48.555662,-100.131019
51114,1433,267.353,117,186.97,44.442364,-100.353895
51216,1434,244.592,102,187.58,49.557904,-100.871931
51310,1435,218.473,94,188.27,44.942239,-100.90038
51416,1436,254.514,106,189.01,45.365733,-101.602908
51532,1437,274.577,116,189.76,44.444268,-101.832759
51638,1438,262.416,106,190.48,46.984166,-101.830556
51752,1439,271.679,114,191.3,44.788109,-102.331579
51850,1440,232.047,98,191.9,44.892824,-102.740054
51953,1441,250.169,103,192.59,45.431838,-102.794734
52053,1442,240.075,100,193.29,49.605117,-102.864429
52160,1443,258.352,107,194.05,46.363147,-103.610945
52272,1444,268.836,112,194.83,47.124521,-103.566641
52381,1445,269.999,109,195.64,45.438657,-104.041171
52497,1446,282.463,116,196.47,48.828023,-104.501698
52608,1447,284.535,111,197.27,48.009195,-104.770827
52714,1448,233.317,106,198.03,47.621021,-105.506141
52814,1449,239.172,100,198.66,49.612134,-104.545724
52920,1450,256.869,106,199.34,49.719005,-105.548661
53027,1451,256.841,107,200.05,53.641498,-105.438568
53132,1452,260.93,105,200.81,49.311779,-105.792603
53247,1453,261.036,115,201.57,47.948005,-106.1084
53360,1454,255.626,113,202.27,48.464441,-106.672254
53472,1455,285.263,112,202.97,47.375331,-106.901846
53585,1456,289.128,113,203.7,50.80129,-106.846272
53702,1457,281.697,117,204.43,44.743838,-107.2682
53814,1458,267.623,112,205.14,48.917323,-107.529755
53934,1459,283.756,120,205.94,51.127622,-108.077201
54048,1460,264.839,114,206.78,46.631244,-108.329237
54160,1461,281.716,112,207.62,46.774076,-108.073317
54279,1462,305.575,119,208.52,52.691226,-108.683195
54393,1463,291.113,114,209.37,48.632252,-109.123224
54505,1464,254.473,112,210.16,48.550871,-109.171816
54620,1465,272.138,115,210.92,50.208754,-109.515067
54723,1466,241.891,103,211.59,52.754013,-109.533348
54835,1467,288.007,112,212.31,47.829195,-109.858733
54957,1468,283.363,122,213.1,47.977752,-110.519946
55086,1469,281.298,129,213.94,50.8517,-110.437814
55198,1470,275.303,112,214.67,48.248553,-110.627435
55311,1471,282.596,113,215.44,48.291701,-110.812967
55425,1472,285.033,114,216.28,50.435474,-111.550221
55538,1473,291.123,113,217.14,46.932009,-111.432141
55652,1474,289.357,114,217.96,46.875001,-112.14875
55764,1475,290.71,112,218.77,43.090118,-112.504397
55876,1476,287.833,112,219.59,48.441362,-112.046961
55985,1477,271.762,109,220.41,46.306931,-112.554631
56094,1478,280.558,109,221.2,53.900368,-112.18239
56213,1479,291.521,119,222.06,50.099917,-113.130492
56322,1480,271.392,109,222.84,47.499397,-113.208792
56435,1481,283.165,113,223.69,47.100908,-113.432418
56548,1482,291.13,113,224.48,50.249305,-113.892759
56656,1483,279.132,108,225.24,52.414127,-114.304178
56770,1484,272.896,114,226.0,47.155207,-114.365934
56886,1485,298.293,116,226.77,47.92341,-114.339087
56997,1486,279.545,111,227.58,48.753448,-114.475512
57086,1487,186.783,89,228.18,49.572129,-115.223895
57174,1488,181.652,88,228.75,51.674395,-114.932737
57288,1489,289.889,114,229.44,49.760069,-115.187654
57387,1490,227.17,99,230.04,49.78259,-115.176611
57494,1491,270.566,107,230.67,51.629476,-115.241937
57606,1492,271.026,112,231.33,52.531212,-115.598002
57717,1493,266.193,111,232.0,48.957088,-115.868537
57826,1494,275.343,109,232.74,47.510848,-116.203663
57943,1495,293.242,117,233.69,49.752039,-116.317603
58056,1496,291.791,113,234.6,48.378282,-116.693017
58157,1497,226.781,101,235.44,48.383506,-116.975816
58269,1498,282.218,112,236.28,49.478337,-117.135693
58307,1499,59.636,38,236.57,45.365888,-117.902857
58417,1500,274.304,110,237.44,46.617331,-117.536278
58455,1501,59.629,38,237.66,49.916169,-118.7354
58568,1502,300.413,113,238.35,52.748389,-117.568799
58607,1503,62.343,39,238.59,53.016365,-117.850511
58646,1504,61.904,39,238.82,50.922378,-117.732762
58759,1505,286.963,113,239.54,48.843943,-118.205846
58847,1506,179.876,88,240.06,51.463165,-118.338911
58965,1507,259.747,118,240.78,50.23454,-118.335376
59082,1508,267.115,117,241.56,51.922577,-118.747396
59199,1509,301.926,117,242.41,54.234856,-119.257231
59312,1510,264.109,113,243.13,50.385686,-119.271249
59430,1511,305.147,118,243.9,50.520333,-119.419497
59534,1512,271.433,104,244.59,46.268286,-120.539408
59622,1513,209.616,88,245.16,53.372514,-120.170118
59745,1514,323.225,123,245.99,56.98845,-120.057351
59854,1515,264.3,109,246.79,51.992464,-120.490123
59939,1516,188.272,85,247.36,49.2291,-121.161434
60044,1517,270.576,105,248.85,57.781442,-120.937611
60157,1518,262.86,113,249.72,48.109492,-121.158316
60276,1519,305.371,119,250.58,53.995373,-121.290876
60388,1520,261.884,112,251.39,52.981427,-121.620739
60510,1521,325.601,122,252.29,50.489934,-121.942682
60629,1522,304.046,119,253.14,50.916569,-122.724725
60744,1523,289.012,115,254.01,51.04998,-122.514032
60870,1524,317.43,126,254.85,51.636491,-122.376175
60985,1525,269.819,115,255.53,57.430716,-123.084208
61112,1526,304.175,127,256.31,52.363161,-123.1714
61230,1527,289.443,118,257.03,55.749633,-123.05563
61343,1528,279.066,113,257.71,50.239434,-123.448225
61459,1529,302.415,116,258.43,55.567868,-123.760364
61562,1530,265.027,103,259.12,57.878527,-124.440609
61675,1531,277.687,113,259.9,59.964207,-124.274913
61786,1532,256.83,111,260.73,54.775895,-124.144658
61900,1533,274.875,114,261.52,55.843713,-124.454546
62014,1534,275.614,114,262.38,55.185424,-125.082632
62133,1535,291.432,119,263.24,55.58317,-125.170687
62243,1536,249.463,110,263.89,56.622087,-125.092608
62353,1537,255.723,110,264.64,55.892896,-125.364168
62466,1538,267.955,113,265.39,51.822613,-125.153092
62576,1539,270.491,110,266.11,60.003595,-125.245348
62693,1540,283.261,117,266.87,51.963841,-126.093153
62811,1541,291.568,118,267.66,60.183846,-125.725238
62922,1542,246.12,111,268.43,58.957612,-125.970982
63029,1543,236.713,107,269.23,58.752467,-126.217433
63147,1544,302.273,118,270.04,55.459836,-126.739791
63265,1545,294.121,118,270.84,65.034396,-126.566661
63375,1546,251.244,110,271.62,59.385691,-126.443549
63482,1547,243.008,107,272.35,52.192788,-127.274903
63593,1548,254.312,111,273.09,54.746349,-126.658914
63706,1549,275.671,113,273.84,55.240859,-127.198708
63816,1550,249.404,110,274.56,54.570792,-127.732377
63935,1551,302.468,119,275.33,56.078522,-127.444543
64058,1552,321.074,123,276.1,53.18902,-128.167125
64167,1553,252.96,109,276.82,57.201774,-127.840311
64284,1554,291.287,117,277.63,58.349111,-127.99647
64392,1555,235.404,108,278.4,54.168444,-128.540526
64498,1556,233.504,106,279.14,61.771591,-128.338904
64610,1557,261.305,112,279.95,57.265078,-128.489639
64716,1558,239.361,106,280.67,57.6096,-128.54765
64826,1559,249.259,110,281.44,58.936354,-128.183685
64933,1560,244.784,107,282.09,55.932667,-128.710244
65042,1561,260.96,109,282.76,58.031074,-129.180108
65153,1562,249.872,111,283.47,55.063666,-128.594279
65270,1563,258.569,117,284.22,53.062566,-129.18351
65379,1564,251.704,109,284.97,59.514761,-128.596379
65486,1565,259.222,107,285.63,54.276767,-128.687101
65605,1566,272.323,119,286.49,53.330411,-129.068856
65714,1567,251.606,109,287.26,54.822014,-128.740441
65827,1568,249.002,113,288.07,50.347462,-128.994015
65946,1569,318.158,119,288.92,56.498743,-129.582291
66056,1570,254.984,110,289.7,57.574547,-129.250011
66167,1571,274.78,111,290.46,51.792109,-129.117458
66278,1572,278.517,111,291.16,50.753903,-130.286529
66388,1573,270.308,110,291.85,53.566974,-129.85186
66507,1574,306.151,119,292.6,55.940924,-129.516174
66626,1575,315.267,119,293.35,58.685913,-129.557791
66745,1576,314.879,119,294.1,54.165324,-130.278768
66865,1577,313.185,120,294.89,58.76047,-129.226382
66985,1578,308.86,120,295.75,52.408392,-129.802574
67101,1579,290.85,116,296.58,55.044547,-130.032283
67220,1580,304.989,119,297.39,52.572301,-130.055949
67339,1581,315.926,119,298.24,56.01572,-129.913432
67458,1582,307.926,119,299.07,54.887401,-129.985701
67579,1583,311.021,121,299.92,51.474497,-129.669454
67700,1584,311.17,121,300.75,54.94662,-129.965549
67821,1585,320.238,121,301.53,55.140093,-130.558141
67941,1586,317.089,120,302.34,54.256003,-131.145386
68062,1587,323.139,121,303.2,57.013876,-131.084333
68184,1588,317.828,122,304.01,51.146551,-130.913308
68300,1589,286.01,116,304.82,53.754937,-131.294019
68418,1590,295.447,118,305.65,53.689326,-131.391133
68541,1591,328.389,123,306.54,50.526161,-131.107415
68667,1592,336.752,126,307.47,53.629785,-131.717665
68788,1593,315.995,121,308.38,50.875074,-131.511586
68908,1594,297.129,120,309.21,55.686534,-131.609736
69031,1595,308.457,123,309.99,52.825376,-131.498548
69155,1596,321.073,124,310.8,51.79779,-131.988105
69277,1597,305.548,122,311.61,51.91771,-131.255202
69403,1598,327.313,126,312.4,50.916586,-132.082734
69522,1599,285.333,119,313.17,52.426056,-131.093079
69643,1600,305.652,121,314.03,52.335414,-132.445886
69765,1601,323.273,122,314.98,52.416115,-133.30317
69885,1602,291.958,120,315.88,49.221661,-132.345485
70005,1603,306.325,120,317.55,61.501976,-132.543095
70130,1604,326.051,125,318.38,52.411199,-132.584994
70254,1605,320.988,124,319.18,52.654108,-132.58359
70376,1606,320.215,122,320.04,51.232656,-132.990698
70494,1607,289.395,118,320.81,51.017811,-132.963434
70616,1608,304.024,122,321.57,53.574052,-133.626577
70740,1609,319.014,124,322.45,51.184574,-133.129482
70860,1610,307.659,120,323.32,52.470208,-133.10371
70982,1611,313.93,122,324.21,52.422855,-133.016682
71104,1612,322.273,122,325.1,47.403246,-133.030969
71224,1613,312.949,120,325.95,55.628084,-132.912465
71345,1614,318.492,121,326.81,55.626938,-133.835108
71465,1615,313.847,120,327.54,56.184169,-133.647242
71587,1616,326.697,122,328.39,48.821993,-133.870064
71709,1617,326.324,122,329.21,53.782168,-133.604663
71828,1618,311.149,119,330.0,52.041834,-133.537345
71946,1619,315.859,118,330.78,53.236949,-134.429121
72064,1620,311.308,118,331.6,53.010138,-133.932577
72186,1621,327.639,122,332.46,52.434895,-134.211546
72304,1622,315.64,118,333.33,50.771525,-133.757401
72423,1623,316.372,119,334.15,51.410564,-133.738549
72542,1624,317.598,119,334.97,54.634264,-134.236278
72662,1625,318.474,120,335.76,53.284157,-134.674291
72781,1626,316.075,119,336.58,50.219413,-134.518452
72899,1627,313.509,118,337.33,52.890558,-134.941786
73016,1628,313.955,117,338.07,51.724915,-134.698634
73136,1629,323.414,120,338.85,58.20236,-134.866777
73256,1630,322.614,120,339.65,52.418752,-135.042438
73374,1631,313.456,118,340.48,45.953372,-135.235763
73493,1632,317.305,119,341.35,45.955649,-135.144914
73609,1633,305.24,116,342.17,52.299232,-135.09599
73725,1634,305.268,116,342.98,46.884034,-135.015597
73844,1635,314.041,119,343.88,53.125684,-135.241897
73963,1636,313.994,119,344.73,53.829733,-135.605399
74085,1637,319.731,122,345.51,53.651576,-135.499439
74204,1638,310.114,119,346.28,49.761427,-135.651703
74324,1639,303.643,120,347.53,50.50299,-135.284544
74441,1640,310.192,117,349.23,51.954965,-135.398853
74555,1641,287.518,114,350.05,50.604465,-135.698232
74674,1642,313.895,119,350.92,48.118576,-135.468684
74790,1643,297.421,116,351.78,53.853924,-135.551251
74906,1644,293.301,116,352.56,52.395995,-135.814315
75022,1645,279.219,116,353.33,55.382721,-136.33382
75141,1646,308.255,119,354.15,47.453676,-136.617695
75259,1647,300.473,118,354.93,51.450326,-135.76525
75380,1648,302.396,121,355.75,52.510936,-135.178537
75492,1649,284.209,112,356.53,50.246743,-136.000168
75607,1650,290.873,115,357.35,47.766013,-135.75591
75729,1651,308.85,122,358.16,53.182999,-135.954491
75847,1652,280.405,118,358.99,54.473202,-135.393569
75966,1653,293.928,119,359.84,51.846141,-135.797661
76085,1654,296.617,119,360.72,54.229921,-135.926074
76201,1655,286.956,116,361.58,51.129234,-136.115201
76317,1656,291.137,116,362.44,47.025009,-135.707285
76435,1657,293.873,118,363.21,51.53636,-136.456629
76546,1658,266.388,111,363.87,50.235204,-135.830534
76664,1659,293.376,118,364.62,48.453335,-136.461517
76782,1660,297.171,118,365.35,52.122387,-135.938697
76900,1661,285.674,118,366.09,48.558757,-136.482445
77014,1662,268.879,114,366.81,48.895128,-136.212176
77134,1663,267.809,120,367.63,47.360484,-136.240459
77249,1664,278.667,115,368.43,44.457884,-136.475464
77361,1665,247.294,112,369.24,47.37105,-136.364517
77480,1666,293.671,119,370.16,44.067016,-136.120353
77596,1667,286.017,116,370.97,50.732656,-136.331688
77718,1668,311.027,122,371.86,46.192839,-136.163852
77831,1669,268.132,113,372.58,50.447499,-135.752541
77941,1670,259.908,110,373.26,46.135613,-136.153148
78053,1671,264.357,112,373.99,51.003341,-135.857696
78168,1672,255.552,115,374.7,50.00411,-135.767072
78279,1673,265.557,111,375.39,47.267302,-135.59802
78391,1674,267.893,112,376.06,49.320169,-136.424058
78490,1675,222.213,99,376.72,45.863084,-135.860773
78608,1676,289.891,118,377.53,52.030743,-135.811853
78716,1677,246.035,108,378.3,46.016926,-136.436237
78831,1678,255.877,115,379.13,44.970948,-136.184365
78947,1679,282.063,116,379.99,57.357207,-135.638856
79030,1680,168.453,83,380.56,46.709224,-135.806684
79139,1681,253.925,109,381.36,46.582658,-135.957385
79248,1682,258.017,109,382.16,47.55437,-135.257827
79362,1683,266.699,114,383.02,46.93031,-135.913726
79469,1684,254.025,107,383.84,45.256661,-135.466436
79580,1685,274.038,111,384.73,45.154319,-135.77632
79673,1686,198.557,93,385.47,49.848882,-136.169026
79782,1687,254.888,109,386.28,43.309234,-135.618002
79895,1688,267.121,113,387.09,43.888133,-136.077474
80005,1689,268.482,110,388.52,48.111188,-135.734699
80114,1690,269.828,109,389.32,41.491479,-136.058695
80223,1691,266.501,109,390.09,45.320097,-135.28591
80330,1692,237.572,107,390.93,54.20625,-135.721485
80441,1693,266.985,111,391.85,51.885612,-136.392166
80549,1694,260.844,108,392.68,44.427518,-135.837345
80658,1695,264.712,109,393.52,44.107789,-135.697624
80769,1696,266.788,111,394.4,46.353832,-135.65463
80878,1697,270.891,109,395.22,49.066847,-135.116861
80984,1698,249.31,106,395.97,46.114567,-135.110545
81088,1699,253.567,104,396.69,44.84155,-134.35685
81196,1700,259.546,108,397.42,44.468901,-135.104416
81297,1701,225.634,101,398.08,44.948614,-135.63026
81405,1702,273.025,108,398.82,47.571491,-134.835019
81516,1703,263.517,111,399.66,52.117082,-135.423275
81612,1704,210.314,96,400.41,45.394378,-135.352092
81715,1705,224.108,103,401.29,42.866174,-136.183959
81793,1706,151.99,78,401.91,43.307295,-136.552979
81901,1707,244.043,108,402.76,47.018879,-135.597333
81975,1708,142.335,74,403.37,44.112438,-135.393547
82083,1709,246.418,108,404.3,47.084685,-134.747221
82184,1710,222.595,101,405.0,42.00032,-135.804319
82292,1711,246.544,108,405.73,45.642519,-135.274049
82395,1712,227.68,103,406.43,42.659167,-134.948039
82505,1713,253.112,110,407.15,48.623351,-135.083955
82580,1714,144.673,75,407.66,39.269666,-136.007556
82656,1715,145.871,76,408.13,50.320044,-134.594833
82728,1716,137.876,72,408.65,41.290925,-134.269987
82837,1717,248.399,109,409.48,43.676169,-134.744151
82910,1718,139.547,73,410.08,51.91946,-135.091004
83021,1719,259.737,111,410.83,42.597921,-134.851609
83119,1720,213.156,98,411.54,44.471848,-134.336542
83228,1721,251.613,109,412.33,42.881539,-135.027156
83337,1722,253.165,109,413.05,42.2977,-134.697386
83449,1723,260.115,112,413.88,43.773655,-135.2829
83550,1724,225.672,101,414.56,43.233995,-134.561274
83623,1725,140.529,73,415.17,42.248852,-135.034606
83731,1726,257.281,108,416.09,41.949424,-134.704788
83844,1727,267.738,113,417.04,37.055221,-134.559845
83943,1728,218.671,99,417.89,39.213559,-134.704119
84045,1729,227.113,102,418.75,42.184226,-134.79587
84147,1730,227.698,102,419.4,46.229713,-135.229776
84257,1731,266.187,110,420.29,46.437762,-134.566199
84359,1732,225.06,102,421.06,42.769167,-134.999294
84461,1733,237.159,102,421.73,41.229481,-134.939725
84538,1734,149.251,77,422.22,47.111207,-134.24085
84638,1735,225.352,100,422.9,40.734978,-134.684741
84746,1736,249.022,108,423.61,45.07697,-133.741737
84850,1737,238.204,104,424.48,43.046733,-133.931258
84965,1738,284.233,115,425.44,40.595337,-133.798108
85064,1739,225.781,99,426.23,41.811274,-133.968372
85177,1740,271.756,113,427.15,40.981712,-133.861927
85284,1741,255.909,107,428.01,44.491557,-133.953221
85385,1742,217.91,101,428.87,41.27666,-134.131224
85479,1743,219.504,94,429.5,41.240032,-134.079647
85587,1744,259.811,108,430.21,41.431463,-133.548133
85664,1745,155.907,77,430.72,43.03662,-133.78151
85767,1746,232.624,103,431.45,41.693815,-133.727211
85840,1747,139.37,73,431.91,39.225343,-133.425261
85951,1748,298.901,111,432.62,39.261336,-133.503445
86027,1749,145.371,76,433.09,46.965191,-134.458048
86138,1750,269.44,111,433.96,42.420943,-132.86215
86243,1751,244.357,105,434.84,41.925235,-133.150466
86326,1752,173.854,83,435.55,35.977259,-133.749159
86446,1753,300.983,120,436.49,37.464682,-133.262735
86523,1754,155.01,77,437.15,43.123869,-132.933786
86634,1755,282.16,111,438.03,39.978168,-132.861846
86712,1756,156.65,78,438.62,42.79217,-132.668667
86823,1757,261.303,111,439.4,39.803773,-132.643126
86930,1758,258.508,107,440.12,44.041554,-132.575725
87010,1759,163.451,80,440.69,43.997473,-133.236536
87091,1760,168.513,81,441.26,42.323366,-132.663287
87198,1761,256.019,107,442.02,41.455974,-132.721632
87310,1762,289.881,112,442.8,41.265018,-132.744017
87420,1763,262.683,110,443.65,42.169947,-132.410418
87527,1764,258.169,107,444.43,40.875945,-133.367073
87641,1765,296.965,114,445.24,40.36452,-132.540582
87756,1766,275.941,115,446.1,42.671525,-133.346764
87844,1767,192.035,88,446.73,45.22622,-132.06197
87926,1768,174.226,82,447.29,41.253447,-131.877779
88040,1769,295.886,114,448.12,35.429771,-132.806289
88154,1770,295.79,114,448.9,41.810877,-131.653118
88267,1771,297.218,113,449.66,41.447126,-132.009291
88384,1772,295.622,117,450.47,43.041026,-132.008756
88501,1773,300.892,117,451.29,39.936423,-131.895916
88610,1774,261.841,109,452.02,43.02317,-131.421624
88719,1775,274.943,109,452.77,38.528323,-131.514185
88832,1776,293.065,113,453.58,39.729042,-131.280504
88945,1777,293.93,113,454.39,35.860271,-131.954731
89061,1778,306.362,116,455.23,37.521478,-131.640721
89179,1779,302.241,118,456.08,39.376464,-131.738576
89294,1780,285.556,115,456.93,34.627659,-131.841029
89412,1781,318.499,118,457.79,40.06113,-131.567668
89529,1782,292.674,117,458.6,36.525447,-131.249131
89649,1783,312.404,120,459.43,38.604757,-131.560649
89769,1784,302.311,120,460.28,34.744266,-131.477296
89877,1785,253.357,108,461.04,36.839331,-130.908022
89959,1786,180.262,82,461.61,36.679807,-131.12129
90066,1787,243.727,107,462.99,37.869937,-131.392373
90148,1788,171.68,82,463.62,33.099522,-131.465601
90232,1789,179.389,84,464.21,38.095196,-131.117241
90338,1790,246.195,106,464.99,39.513666,-131.200703
90449,1791,276.307,111,465.79,37.810857,-131.371123
90565,1792,298.401,116,466.64,40.089229,-130.837743
90676,1793,273.78,111,467.43,32.769099,-131.125295
90787,1794,257.678,111,468.19,40.074358,-131.456212
90906,1795,304.863,119,469.02,40.010794,-130.845358
91018,1796,283.96,112,469.78,37.675765,-130.656156
91129,1797,258.702,111,470.55,33.593527,-130.756429
91236,1798,258.685,107,471.29,35.582925,-130.242172
91347,1799,269.077,111,472.06,33.169486,-130.971146
91473,1800,347.84,126,472.97,34.512429,-131.151187
91597,1801,343.107,124,473.86,35.107652,-131.130527
91678,1802,169.056,81,474.5,42.304971,-131.265755
91789,1803,257.247,111,475.28,38.143198,-130.937415
91874,1804,181.561,85,475.87,37.479263,-130.606425
91981,1805,253.137,107,476.63,41.857806,-130.459882
92090,1806,262.368,109,477.29,38.878406,-130.988685
92174,1807,178.641,84,477.8,39.374932,-131.495903
92287,1808,268.959,113,478.51,39.410942,-130.73948
92398,1809,270.692,111,479.21,33.034161,-131.165076
92481,1810,177.774,83,479.71,34.551702,-130.626079
92565,1811,177.961,84,480.24,35.632,-130.439171
92678,1812,269.265,113,480.92,35.016643,-130.649256
92786,1813,258.992,108,481.67,39.731221,-130.479319
92898,1814,260.807,112,482.47,34.638502,-130.400243
92985,1815,191.367,87,483.08,37.355417,-131.683727
93098,1816,288.222,113,483.87,33.809905,-130.731168
93183,1817,181.885,85,484.49,37.367527,-130.301985
93293,1818,271.969,110,485.31,37.045172,-130.558092
93403,1819,272.098,110,486.03,32.634484,-130.306993
93514,1820,277.02,111,486.72,35.815275,-130.06009
93601,1821,189.56,87,487.25,36.871686,-130.49084
93709,1822,272.486,108,487.93,36.333924,-130.487661
93793,1823,179.995,84,488.44,36.930273,-130.782862
93877,1824,179.132,84,488.97,37.118007,-129.152102
93991,1825,304.241,114,489.66,33.251821,-130.235814
94075,1826,181.7,84,490.24,32.683303,-130.275433
94193,1827,325.03,118,491.03,40.151104,-130.268194
94279,1828,187.574,86,491.61,35.572735,-130.139625
94408,1829,358.454,129,492.54,37.794145,-130.227394
94532,1830,344.194,124,493.44,34.938917,-129.743454
94618,1831,187.996,86,494.06,36.34406,-129.960461
94719,1832,242.101,101,494.78,36.042259,-130.372795
94826,1833,258.329,107,495.5,32.909407,-130.044111
94911,1834,186.212,85,496.09,33.366058,-130.245666
94997,1835,183.16,86,496.68,35.137908,-129.410311
95129,1836,353.095,132,497.57,35.955048,-129.716031
95214,1837,180.523,85,498.15,33.201427,-129.734964
95336,1838,332.575,122,499.0,36.217267,-129.902755
95425,1839,196.222,89,499.63,37.871929,-129.937734
95558,1840,335.893,133,500.56,37.162139,-129.315124
95674,1841,282.838,116,501.41,37.721949,-129.987525
95761,1842,188.759,87,502.02,40.387698,-130.461035
95868,1843,267.175,107,502.77,32.522933,-130.351518
95970,1844,247.135,102,503.5,35.47054,-129.878304
96088,1845,294.252,118,504.32,36.588685,-130.383048
96209,1846,285.503,121,505.32,39.092298,-129.169087
96313,1847,248.994,104,506.13,36.223618,-130.176357
96396,1848,174.556,83,506.8,38.382003,-129.507425
96508,1849,279.926,112,507.75,34.238774,-130.405019
96593,1850,177.485,85,508.43,35.890924,-129.371628
96701,1851,259.978,108,509.26,33.922619,-128.809096
96802,1852,237.085,101,509.99,34.450276,-129.441906
96905,1853,246.979,103,510.73,36.8529,-129.751973
96995,1854,200.201,90,511.41,34.591922,-129.685353
97114,1855,294.168,119,512.3,34.740937,-129.992701
97231,1856,272.974,117,513.2,35.990376,-129.260036
97330,1857,232.361,99,513.93,32.52807,-129.514507
97426,1858,223.595,96,514.67,38.467691,-128.846896
97528,1859,240.152,102,515.44,39.305582,-129.424779
97621,1860,210.522,93,516.15,34.989852,-130.754067
97745,1861,292.822,124,517.08,35.092696,-129.406044
97829,1862,176.476,84,517.72,38.906715,-130.059423
97913,1863,176.47,84,518.38,38.227405,-128.619899
97997,1864,178.996,84,519.03,32.655906,-129.627915
98082,1865,179.283,85,519.64,32.413353,-129.135738
98167,1866,177.358,85,520.26,32.855619,-129.425393
98251,1867,174.817,84,520.88,36.906485,-128.422153
98367,1868,262.964,116,521.69,33.794794,-128.313825
98484,1869,278.965,117,522.59,34.708006,-129.242358
98591,1870,253.748,107,523.37,32.587129,-128.741205
98707,1871,280.708,116,524.28,31.481495,-128.942155
98823,1872,274.781,116,525.12,33.194506,-128.62556
98907,1873,175.458,84,525.74,31.769053,-128.42842
98989,1874,168.231,82,526.34,30.843812,-129.564604
99098,1875,262.276,109,527.22,34.581105,-128.834746
99212,1876,267.788,114,528.13,35.56326,-127.876819
99311,1877,227.091,99,528.85,31.446221,-128.714612
99399,1878,193.9,88,529.46,28.274406,-128.458713
99483,1879,177.331,84,530.0,31.352993,-128.65676
99594,1880,264.736,111,530.92,33.069829,-128.523222
99707,1881,279.195,113,531.86,36.657833,-128.708168
99790,1882,172.681,83,532.53,37.3537,-128.081402
99886,1883,224.163,96,533.36,35.15353,-128.015539
99970,1884,175.982,84,534.02,30.391831,-127.972806
100086,1885,276.104,116,535.8,35.762776,-128.342488
100176,1886,200.794,90,536.5,31.981441,-127.865133
100284,1887,256.591,108,537.35,32.243263,-128.650377
100406,1888,305.499,122,538.35,30.923901,-128.36148
100491,1889,181.415,85,539.07,34.176584,-127.851469
100576,1890,180.148,85,539.81,33.831033,-128.231605
100700,1891,303.45,124,540.9,32.431138,-127.832684
100783,1892,172.975,83,541.63,28.431342,-128.094682
100895,1893,261.29,112,542.59,33.920349,-126.979193
101016,1894,289.37,121,543.57,36.802933,-127.488938
101099,1895,170.913,83,544.27,35.009847,-128.109727
101220,1896,308.308,121,545.2,31.817828,-127.423693
101304,1897,182.652,84,545.89,32.072379,-127.264682
101415,1898,261.77,111,546.76,31.218374,-127.89317
101499,1899,180.235,84,547.46,31.251152,-127.611751
101590,1900,206.182,91,548.24,35.01742,-128.060392
101674,1901,180.055,84,548.95,32.287274,-127.169565
101791,1902,286.011,117,549.9,32.091811,-127.045038
101891,1903,236.259,100,550.75,28.943729,-127.667925
102016,1904,306.737,125,551.72,31.687521,-127.192291
102135,1905,307.261,119,552.62,31.089311,-127.398208
102260,1906,322.538,125,553.51,30.312504,-127.703232
102355,1907,217.977,95,554.3,28.736713,-127.593497
102475,1908,309.332,120,555.3,30.710212,-127.418781
102592,1909,288.678,117,556.2,30.945238,-127.137577
102710,1910,282.994,118,557.19,29.770165,-127.09539
102832,1911,303.925,122,558.13,31.674141,-127.355928
102952,1912,308.178,120,558.97,34.900692,-126.901237
103078,1913,317.081,126,559.8,29.461225,-127.073019
103202,1914,327.554,124,560.61,31.07656,-127.111877
103328,1915,337.043,126,561.51,28.484427,-127.143662
103446,1916,303.853,118,562.37,29.66501,-126.500185
103565,1917,300.285,119,563.21,31.067172,-127.291437
103661,1918,221.475,96,563.8,30.241286,-126.956617
103779,1919,281.583,118,564.57,32.518348,-127.047155
103904,1920,310.25,125,565.42,31.797088,-126.864326
104013,1921,259.817,109,566.17,31.617417,-126.586615
104126,1922,271.037,113,566.93,31.322615,-126.997966
104251,1923,304.189,125,567.8,30.507401,-126.922238
104372,1924,299.91,121,568.73,30.084558,-127.527128
104500,1925,315.968,128,569.69,28.435479,-126.811745
104625,1926,302.732,125,570.66,30.417288,-126.684623
104748,1927,310.845,123,571.55,31.429376,-126.614296
104854,1928,262.075,106,572.33,27.811717,-126.747687
104979,1929,313.371,125,573.22,29.799809,-126.696011
105009,1930,38.918,30,573.43,27.486277,-126.689793
105127,1931,270.54,118,574.23,28.472782,-126.922529
105255,1932,318.928,128,575.13,29.298429,-126.692402
105383,1933,313.563,128,576.01,36.440289,-127.106567
105411,1934,32.142,28,576.21,26.816188,-127.686425
105523,1935,275.619,112,576.97,31.356011,-126.959594
105642,1936,282.11,119,577.82,30.780365,-126.810321
105767,1937,300.847,125,578.74,28.720184,-126.659524
105880,1938,287.477,113,579.54,29.379919,-126.703916
106005,1939,313.827,125,580.44,28.648351,-126.535524
106131,1940,311.053,126,581.3,32.596663,-126.279097
106261,1941,311.656,130,582.19,27.496968,-126.415111
106382,1942,293.803,121,582.98,28.149619,-126.621999
106491,1943,263.051,109,583.68,32.366387,-126.032561
106609,1944,285.506,118,584.54,31.919858,-126.820099
106714,1945,248.186,105,585.25,31.675194,-126.837246
106833,1946,282.168,119,586.08,34.395499,-126.671842
106945,1947,272.225,112,586.83,28.992264,-127.249653
107071,1948,301.967,126,587.75,32.20161,-127.063883
107164,1949,213.428,93,588.44,29.680013,-126.672799
107289,1950,307.943,125,589.36,32.922745,-126.307216
107418,1951,319.908,129,590.3,34.223883,-126.23307
107540,1952,284.148,122,591.15,36.808685,-126.670133
107650,1953,276.689,110,591.95,29.533845,-125.978273
107777,1954,307.608,127,592.8,27.228578,-126.6091
107896,1955,277.009,119,593.54,31.83301,-125.994771
108014,1956,274.898,118,594.27,28.084882,-125.960847
108134,1957,284.531,120,595.05,29.749773,-126.783415
108253,1958,299.076,119,595.88,30.982621,-126.858525
108349,1959,226.374,96,596.56,27.401349,-127.293677
108473,1960,288.909,124,597.46,33.871638,-126.781761
108595,1961,279.5,122,598.36,30.291688,-127.087471
108719,1962,291.554,124,599.28,30.620255,-127.219576
108845,1963,307.736,126,600.24,27.913848,-126.593329
108952,1964,250.452,107,601.01,30.352594,-127.163655
109079,1965,287.026,127,601.91,30.501424,-127.359544
109204,1966,305.6,125,602.71,30.766713,-127.407105
109328,1967,285.168,124,603.56,31.502569,-127.247218
109438,1968,274.223,110,604.3,32.265279,-127.041524
109563,1969,303.052,125,605.17,27.69842,-127.448737
109597,1970,43.974,34,605.41,22.792178,-127.043775
109721,1971,286.287,124,606.28,30.961953,-126.689821
109843,1972,281.589,122,607.19,27.341947,-127.596689
109975,1973,322.477,132,608.19,30.282414,-127.278878
110106,1974,321.715,131,609.88,37.492373,-126.874799
110228,1975,285.889,122,610.69,31.692356,-126.948279
110359,1976,330.6,131,611.6,27.964036,-127.407737
110490,1977,330.24,131,612.51,29.654955,-126.992127
110597,1978,263.796,107,613.29,30.147282,-127.63725
110729,1979,320.314,132,614.26,25.153165,-127.361392
110863,1980,341.183,134,615.23,29.298894,-127.450811
110986,1981,330.985,123,616.14,26.237129,-126.874973
111119,1982,344.395,133,617.08,28.652769,-127.242176
111244,1983,307.983,125,618.01,29.422946,-127.301104
111373,1984,313.258,129,618.98,27.708373,-127.657617
111496,1985,279.434,123,619.92,32.160875,-126.966681
111627,1986,325.524,131,620.81,33.111245,-127.159298
111753,1987,302.172,126,621.63,31.674026,-126.917318
111882,1988,316.474,129,622.51,28.953957,-126.805229
112007,1989,286.354,125,623.33,28.670906,-127.557194
112127,1990,302.997,120,624.24,29.81854,-126.925363
112233,1991,259.995,106,625.0,32.229173,-126.948049
112364,1992,329.899,131,625.98,30.757508,-127.099221
112492,1993,308.477,128,626.98,26.586945,-127.155666
112621,1994,321.653,129,628.06,29.043798,-127.13916
112741,1995,308.368,120,628.86,27.940239,-128.005043
112867,1996,338.149,126,629.67,33.053923,-127.238177
112993,1997,321.295,126,630.48,26.087928,-127.527672
113114,1998,319.226,121,631.27,31.621373,-127.072058
113235,1999,276.223,121,632.05,31.887725,-128.010442
113366,2000,313.276,131,632.95,31.712107,-127.205676
113483,2001,315.491,117,633.76,31.410944,-127.411099
113613,2002,330.155,130,634.64,30.312979,-127.700338
113742,2003,327.428,129,635.45,28.144819,-127.817697
113871,2004,312.616,129,636.35,27.43836,-127.040761
113993,2005,306.247,122,637.2,30.712697,-127.228607
114127,2006,341.673,134,638.12,28.076321,-127.696225
114257,2007,348.456,130,639.01,27.580761,-126.799677
114374,2008,263.084,117,639.83,26.007999,-127.815223
114490,2009,312.235,116,640.58,34.415655,-127.00343
114615,2010,307.186,125,641.49,29.79007,-127.745561
114743,2011,308.609,128,642.43,29.85395,-127.593338
114863,2012,282.397,120,643.31,29.489534,-127.489415
114993,2013,339.808,130,644.3,29.30728,-127.219474
115105,2014,273.649,112,645.08,27.773834,-127.404608
115227,2015,294.635,122,645.94,28.683097,-128.104742
115348,2016,299.036,121,646.71,30.019198,-127.869719
115474,2017,291.745,126,647.49,26.889293,-127.10145
115601,2018,300.779,127,648.3,28.173004,-128.237082
115725,2019,287.159,124,649.07,32.729021,-127.72334
115847,2020,315.733,122,649.83,28.828547,-128.167701
115967,2021,282.371,120,650.71,26.558842,-127.638747
116088,2022,277.563,121,651.69,29.695514,-128.815634
116204,2023,259.634,116,652.55,29.306082,-127.920096
116324,2024,278.549,120,653.37,27.079239,-127.504453
116448,2025,288.86,124,654.32,30.285652,-128.28639
116579,2026,324.891,131,655.24,30.254786,-127.67555
116697,2027,267.272,118,655.95,30.587117,-128.405156
116829,2028,328.897,132,656.79,29.902535,-128.196692
116969,2029,356.181,140,657.72,27.471286,-128.0515
117095,2030,286.812,126,658.53,28.371915,-127.966512
117213,2031,255.003,118,659.31,27.795002,-128.314258
117354,2032,340.136,141,660.31,29.85389,-128.284933
117495,2033,358.562,141,661.34,25.35776,-128.157769
117618,2034,271.299,123,662.23,24.609545,-128.558596
117736,2035,255.863,118,663.12,31.369839,-128.328342
117853,2036,251.832,117,663.99,28.384018,-129.20803
117995,2037,342.147,142,664.94,26.945149,-128.738354
118118,2038,264.552,123,665.74,26.502337,-128.471374
118248,2039,302.208,130,666.58,28.666117,-128.975648
118395,2040,363.411,147,667.66,29.13018,-129.063122
118521,2041,272.45,126,668.59,29.229339,-127.922396
118664,2042,328.961,143,669.65,25.131357,-128.959035
118816,2043,361.639,152,670.77,28.022298,-128.346807
118937,2044,269.486,121,671.66,29.294946,-128.990938
119062,2045,276.083,125,672.55,27.724872,-128.925028
119204,2046,322.859,142,673.57,32.482026,-127.984585
119325,2047,265.112,121,674.33,28.421577,-128.979694
119469,2048,341.318,144,675.25,26.501954,-129.317466
119614,2049,329.61,145,676.19,27.224107,-129.405406
119747,2050,303.286,133,677.04,30.606282,-129.018591
119891,2051,331.251,144,677.99,27.192528,-129.592289
120022,2052,303.449,131,679.76,27.148467,-128.731036
120143,2053,301.053,121,680.69,28.93668,-129.681919
120291,2054,340.359,148,681.82,29.319819,-129.459154
120413,2055,312.427,122,682.68,30.057493,-129.295244
120566,2056,362.761,153,683.63,29.174908,-129.80133
120694,2057,293.238,128,684.45,28.361718,-129.903127
120820,2058,279.884,126,685.24,27.44823,-129.395036
120953,2059,298.744,133,686.11,27.592947,-130.185232
121123,2060,423.147,170,687.23,27.694058,-129.919004
121239,2061,284.874,116,688.07,26.534549,-129.794345
121364,2062,293.006,125,688.97,27.404709,-130.17815
121504,2063,324.922,140,690.0,29.238075,-130.133409
121623,2064,304.919,119,690.86,27.749959,-130.128964
121752,2065,306.838,129,691.73,27.384848,-129.958825
121886,2066,316.918,134,692.56,28.342891,-130.791147
122019,2067,306.751,133,693.43,26.78121,-130.929442
122167,2068,346.677,148,694.37,35.229246,-130.4265
122304,2069,311.596,137,695.23,29.26832,-130.715339
122454,2070,356.131,150,696.22,28.917726,-131.037046
122589,2071,341.265,135,697.15,30.480045,-130.653138
122714,2072,308.513,125,698.04,24.841017,-131.602963
122870,2073,377.274,156,699.16,28.003367,-131.112756
123011,2074,326.851,141,700.16,28.531132,-131.11078
123172,2075,409.435,161,701.21,29.784461,-131.601829
123313,2076,321.319,141,702.11,26.847788,-132.246465
123449,2077,338.228,136,702.97,27.492507,-131.031872
123585,2078,343.779,136,703.85,29.451642,-131.262422
123722,2079,320.284,137,704.72,27.837568,-131.838549
123859,2080,313.903,137,705.72,27.72832,-131.449288
124000,2081,354.168,141,706.76,26.632085,-131.543379
124156,2082,394.982,156,707.88,29.964818,-131.588501
124295,2083,368.46,139,708.91,29.149507,-131.879907
124436,2084,366.271,141,709.92,29.970792,-131.989647
124602,2085,441.665,166,711.0,29.988294,-132.290148
124742,2086,352.716,140,711.85,31.455132,-132.176782
124869,2087,325.671,127,712.66,31.244378,-131.84165
124977,2088,278.943,108,713.38,32.509741,-132.088425
125105,2089,352.255,128,714.28,29.556669,-132.436466
125230,2090,325.521,125,715.16,25.749159,-132.547679
125363,2091,319.944,133,716.14,30.850566,-132.230314
125511,2092,350.972,148,717.22,30.315973,-132.838287
125704,2093,507.251,193,718.64,27.08216,-132.845528
125834,2094,295.429,130,719.46,30.1816,-132.013082
125974,2095,407.474,140,720.35,28.898274,-132.752102
126163,2096,489.594,189,721.56,27.638001,-132.482795
126366,2097,499.404,203,722.85,29.338938,-132.82616
126500,2098,297.239,134,723.75,28.923812,-132.631295
126693,2099,506.635,193,725.12,30.032224,-132.230844
126875,2100,456.307,182,726.41,28.933527,-133.472734
127062,2101,413.157,187,727.7,31.684779,-132.706645
127240,2102,392.062,178,728.81,28.882866,-133.211944
127417,2103,442.231,177,729.9,28.175212,-132.96278
127608,2104,465.094,191,731.1,27.174019,-133.128307
127791,2105,459.822,183,732.32,28.175641,-133.254597
127983,2106,465.679,192,733.69,29.147807,-133.279952
128168,2107,425.824,185,735.05,29.414804,-132.828974
128339,2108,386.137,171,736.29,25.338414,-133.21291
128495,2109,365.6,156,737.35,31.744597,-133.214495
128658,2110,393.645,163,738.38,29.235879,-133.58662
128848,2111,478.583,190,739.54,28.725801,-132.855668
129131,2112,432.85,283,741.57,29.243717,-133.370363
129370,2113,394.952,239,743.21,31.940956,-133.484974
129750,2114,675.019,380,745.81,29.434821,-133.729143
129943,2115,503.419,193,747.33,28.809855,-133.427581
130100,2116,364.114,157,752.54,28.614302,-133.762516
130468,2117,660.46,368,755.35,28.677164,-133.299305
130813,2118,538.406,345,758.03,31.80737,-134.078312
131005,2119,284.431,192,759.45,27.007893,-133.456684
131208,2120,284.718,203,760.9,31.065892,-133.385624
131614,2121,787.495,406,763.88,29.950399,-133.278204
131921,2122,651.833,307,766.36,30.879939,-133.460281
132217,2123,577.005,296,768.59,30.900748,-133.69496
132433,2124,494.488,216,770.22,25.982954,-133.483636
132700,2125,558.157,267,772.36,26.664609,-133.488888
132897,2126,489.827,197,773.86,26.353342,-133.641618
133106,2127,471.531,209,775.24,26.032558,-133.644142
133320,2128,527.795,214,776.75,29.049467,-133.673112
133541,2129,504.534,221,778.31,27.207273,-133.412062
133749,2130,517.987,208,779.95,28.155092,-133.425843
133958,2131,549.975,209,781.59,26.440482,-133.498065
134208,2132,564.077,250,783.38,29.309599,-133.433836
134374,2133,432.072,166,784.53,29.581583,-134.103469
134586,2134,520.65,212,785.93,29.719261,-133.754456
134792,2135,528.794,206,787.36,26.525357,-133.82409
134975,2136,486.243,183,788.86,27.15548,-134.280533
135164,2137,502.13,189,790.42,30.856394,-134.231269
135357,2138,409.381,193,792.01,27.350327,-133.344819
135537,2139,497.874,180,793.25,27.184015,-133.866448
135692,2140,424.341,155,794.33,23.490205,-133.662129
135858,2141,463.354,166,795.51,24.502367,-133.678977
136038,2142,491.395,180,796.69,30.615879,-133.26097
136219,2143,465.859,181,798.16,25.768474,-134.142737
136398,2144,500.057,179,799.67,24.051756,-134.004006
136573,2145,446.839,175,800.99,28.295757,-134.023709
136741,2146,461.674,168,802.21,25.581365,-133.473244
136903,2147,461.978,162,803.33,26.747419,-134.122165
137075,2148,473.791,172,804.53,27.012327,-134.184344
137244,2149,461.77,169,805.72,25.380856,-133.801008
137413,2150,477.34,169,806.94,25.586139,-134.533822
137564,2151,370.864,151,808.03,27.393389,-134.034481
137732,2152,465.471,168,809.24,24.4852,-133.935151
137897,2153,447.232,165,810.44,23.999034,-133.583742
138061,2154,426.423,164,811.6,27.500687,-133.987224
138222,2155,419.145,161,812.72,28.688628,-134.11692
138390,2156,453.982,168,813.89,26.083272,-134.781569
138561,2157,467.663,171,815.07,24.397439,-134.620412
138710,2158,414.795,149,816.1,28.956933,-133.977566
138848,2159,363.831,138,817.06,22.35804,-134.104247
138988,2160,371.257,140,818.08,25.729281,-134.236139
139145,2161,432.151,157,819.22,27.391932,-134.058873
139287,2162,352.747,142,820.28,27.038443,-133.932686
139432,2163,373.404,145,821.32,26.396229,-134.353995
139573,2164,376.684,141,822.3,24.361068,-135.135966
139737,2165,471.739,164,823.44,28.019206,-134.597891
139883,2166,353.405,146,824.46,23.61156,-134.952814
140031,2167,416.077,148,826.4,22.795994,-134.340985
140195,2168,452.803,164,827.58,25.176211,-134.649855
140332,2169,345.864,137,828.58,26.692554,-134.695277
140475,2170,403.027,143,829.63,23.134527,-134.251435
140615,2171,341.777,140,830.63,24.565516,-134.640126
140755,2172,367.221,140,831.48,26.980404,-134.7245
140899,2173,357.97,144,832.38,24.623946,-133.916442
141038,2174,364.398,139,833.24,25.205873,-134.829138
141179,2175,369.035,141,834.1,26.788089,-134.962606
141317,2176,369.397,138,834.94,23.178024,-135.602183
141482,2177,479.29,165,836.06,23.277398,-134.845484
141642,2178,456.69,160,837.14,23.422781,-135.240267
141783,2179,348.06,141,838.12,26.589535,-135.373581
141925,2180,390.976,142,839.15,23.32883,-135.839444
142071,2181,371.367,146,840.16,26.976635,-134.816241
142214,2182,393.05,143,841.14,25.299605,-135.650394
142374,2183,464.166,160,842.21,23.028084,-135.082552
142519,2184,399.152,145,843.21,24.225451,-135.587932
142669,2185,423.005,150,844.2,22.210409,-135.725545
142819,2186,390.523,150,845.29,21.431444,-135.222268
142966,2187,376.448,147,846.36,27.344241,-135.175781
143111,2188,372.482,145,847.39,26.893872,-135.284596
143273,2189,461.621,162,848.61,27.143234,-135.997742
143420,2190,387.481,147,849.66,27.280339,-135.83322
143577,2191,433.272,157,850.76,24.37907,-136.078777
143722,2192,376.866,145,851.73,24.076118,-136.107625
143872,2193,413.085,150,852.71,25.087723,-136.268322
144017,2194,380.84,145,853.61,26.370581,-135.752305
144166,2195,396.923,149,854.63,23.348078,-136.177866
144310,2196,358.264,144,855.63,26.838777,-135.610975
144471,2197,435.659,161,856.78,24.424373,-135.30147
144615,2198,373.063,144,857.84,24.630222,-135.198978
144755,2199,347.98,140,858.82,27.785345,-136.285117
144899,2200,354.729,144,859.73,23.56715,-135.664204
145059,2201,433.477,160,860.9,26.163643,-135.991236
145201,2202,356.398,142,861.96,23.150024,-136.602788
145342,2203,354.809,141,862.99,26.468455,-136.403532
145491,2204,366.581,149,864.03,23.647791,-136.412018
145657,2205,426.002,166,865.22,25.303954,-136.470323
145793,2206,331.568,136,866.19,31.765461,-136.39049
145937,2207,344.849,144,867.24,24.966829,-136.153353
146080,2208,347.462,143,868.28,23.992958,-135.802648
146223,2209,339.748,143,869.41,25.969423,-136.379228
146381,2210,388.849,158,870.64,25.162144,-136.905508
146551,2211,439.03,170,871.94,24.274544,-136.28576
146696,2212,347.581,145,873.03,25.709581,-136.244135
146842,2213,390.044,146,873.95,28.835897,-136.615282
146981,2214,327.558,139,874.88,24.594432,-136.691913
147143,2215,451.531,162,875.89,23.06026,-136.564172
147284,2216,404.664,141,876.79,27.007912,-136.421987
147458,2217,452.182,174,878.07,28.1481,-136.494949
147623,2218,406.097,165,879.38,24.799891,-136.904937
147782,2219,418.683,159,880.65,22.206082,-137.12577
147942,2220,446.066,160,881.94,22.949947,-136.807257
148126,2221,508.402,184,883.16,24.080422,-136.915169
148326,2222,542.686,200,884.49,25.821807,-137.458255
148472,2223,369.781,146,885.42,27.009451,-136.808804
148615,2224,415.428,143,886.33,22.988709,-137.195033
148786,2225,456.94,171,887.55,26.373913,-136.997333
148943,2226,424.9,157,888.73,27.450954,-136.719344
149096,2227,449.595,153,889.89,24.679372,-137.52907
149269,2228,474.492,173,891.29,26.207654,-137.165783
149414,2229,343.966,145,892.42,26.939345,-137.384075
149572,2230,460.732,158,893.6,28.831773,-137.766724
149742,2231,459.645,170,894.9,25.588811,-137.034767
149930,2232,488.507,188,896.3,28.67808,-137.4451
150100,2233,425.652,170,898.79,26.622509,-137.673559
150249,2234,434.354,149,899.75,23.937114,-137.934148
150428,2235,487.512,179,900.89,29.98211,-137.56042
150590,2236,463.133,162,902.07,25.944779,-137.105074
150748,2237,468.039,158,903.27,25.570428,-137.997967
150931,2238,565.328,183,904.62,25.894696,-137.726485
151116,2239,473.164,185,905.98,25.574178,-137.867633
151279,2240,476.341,163,907.28,28.22705,-137.768862
151436,2241,428.568,157,908.52,24.678235,-138.049019
151596,2242,459.04,160,909.77,25.792688,-138.381604
151779,2243,541.13,183,911.21,26.001704,-138.912678
151980,2244,604.572,201,912.88,26.939881,-138.095967
152175,2245,568.56,195,914.54,26.090941,-138.132425
152340,2246,476.418,165,915.98,25.030277,-138.618525
152525,2247,489.69,185,917.43,24.755132,-138.354454
152713,2248,531.288,188,918.86,22.152694,-138.089722
152903,2249,529.063,190,920.16,26.6562,-139.115402
153096,2250,562.863,193,921.54,24.910309,-137.795141
153290,2251,568.624,194,922.96,23.795187,-139.024573
153482,2252,556.716,192,924.36,29.628509,-139.100847
153662,2253,524.477,180,925.64,23.12046,-138.825002
153870,2254,613.23,208,926.92,24.841694,-139.133726
154068,2255,570.902,198,928.21,27.671222,-138.751274
154248,2256,522.699,180,929.34,23.378987,-138.316393
154431,2257,521.137,183,930.55,24.678951,-139.409818
154624,2258,587.973,193,931.91,25.488894,-139.741666
154893,2259,764.681,269,933.83,28.208638,-139.050796
155092,2260,575.176,199,935.25,24.749086,-139.184001
155276,2261,564.625,184,936.39,23.347277,-139.77206
155522,2262,759.319,246,938.11,24.184106,-139.514664
155717,2263,563.483,195,939.39,27.473132,-139.829824
155907,2264,568.364,190,940.77,25.421405,-140.043461
156105,2265,579.824,198,942.19,25.270405,-140.282078
156285,2266,529.275,180,943.47,28.192883,-139.449423
156469,2267,529.811,184,944.78,24.804202,-140.232131
156653,2268,536.286,184,946.08,26.78995,-139.944326
156850,2269,575.962,197,947.73,25.334477,-140.42912
157044,2270,560.92,194,949.34,24.045242,-140.426404
157232,2271,544.371,188,950.72,23.836483,-140.601296
157435,2272,577.252,203,952.11,24.773415,-140.06284
157622,2273,559.802,187,953.35,24.876236,-140.857718
157813,2274,559.985,191,954.57,27.218546,-140.700382
158006,2275,559.217,193,955.85,24.294861,-141.327247
158202,2276,559.033,196,957.11,26.623158,-141.009796
158405,2277,579.156,203,958.58,22.95923,-141.11404
158596,2278,552.087,191,959.96,22.006819,-141.387856
158788,2279,570.523,192,961.35,25.921627,-141.16646
158977,2280,553.978,189,962.64,24.063185,-140.966391
159119,2281,373.587,142,963.6,23.462308,-141.17798
159319,2282,577.644,200,964.9,25.499409,-141.070684
159459,2283,377.848,140,965.81,24.756912,-141.479399
159662,2284,576.997,203,967.22,26.09847,-141.578726
159848,2285,552.272,186,968.56,27.072452,-141.902329
160048,2286,583.079,200,971.27,25.520201,-141.371754
160216,2287,479.369,168,972.4,23.780035,-142.267207
160359,2288,390.938,143,973.32,24.988709,-142.110599
160542,2289,542.863,183,974.51,25.085029,-141.798139
160693,2290,416.652,151,975.6,25.23094,-142.10213
160892,2291,575.381,199,977.07,26.373278,-141.134228
161041,2292,419.311,149,978.2,23.772216,-141.896289
161235,2293,570.582,194,979.61,31.503081,-142.323063
161422,2294,544.768,187,980.84,24.512744,-141.943317
161613,2295,563.037,191,982.09,24.794289,-142.752373
161950,2296,1046.403,337,984.21,25.189344,-142.261065
162099,2297,422.796,149,985.28,28.511838,-142.788468
162292,2298,569.25,193,986.63,25.542478,-142.676956
162448,2299,433.168,156,987.75,25.853382,-142.339611
162612,2300,465.47,164,988.9,20.60084,-142.790543
162758,2301,401.968,146,989.85,23.803304,-143.034704
162904,2302,399.025,146,990.83,24.835701,-143.01965
163046,2303,392.371,142,991.76,22.708497,-142.741327
163238,2304,556.28,192,992.99,25.718185,-143.247375
163389,2305,416.9,151,993.99,27.3693,-142.560384
163592,2306,598.522,203,995.42,26.485385,-142.46431
163797,2307,593.157,205,996.87,24.097915,-142.779184
164058,2308,778.555,261,998.65,24.265576,-143.35795
164254,2309,564.721,196,999.89,25.203042,-143.094525
164464,2310,616.798,210,1001.23,24.388577,-143.327797
164649,2311,538.794,185,1002.43,26.28313,-143.37693
164835,2312,536.152,186,1003.68,27.254701,-143.172857
165085,2313,771.441,250,1005.39,24.840568,-143.477503
165232,2314,409.33,147,1006.47,25.03406,-143.169937
165418,2315,545.509,186,1007.61,24.640736,-143.535926
165605,2316,543.912,187,1008.82,26.380965,-144.035231
165791,2317,549.871,186,1010.01,24.07977,-144.137888
165966,2318,513.375,175,1011.19,24.713963,-144.384597
166140,2319,525.423,174,1012.43,26.275567,-144.263716
166286,2320,402.05,146,1013.5,23.327881,-143.838524
166430,2321,393.607,144,1014.57,26.685333,-144.330246
166569,2322,375.562,139,1015.61,24.492252,-144.212175
166715,2323,401.99,146,1016.58,23.06678,-143.396167
166875,2324,464.386,160,1017.58,23.728474,-144.37
167045,2325,498.401,170,1018.69,23.66956,-144.549412
167201,2326,443.173,156,1019.7,25.50733,-143.781356
167341,2327,381.106,140,1020.63,24.373589,-144.306073
167504,2328,473.96,163,1021.68,24.205209,-144.021278
167665,2329,459.59,161,1022.68,25.242733,-144.28964
167804,2330,378.539,139,1023.7,24.648492,-144.469302
167942,2331,371.427,138,1024.67,24.567638,-144.2467
168076,2332,360.502,134,1025.54,22.722619,-144.470618
168254,2333,528.217,178,1026.72,24.859085,-144.297001
168429,2334,515.352,175,1027.84,23.065484,-144.408115
168600,2335,508.761,171,1028.94,25.34943,-144.48125
168768,2336,492.19,168,1030.08,25.050775,-144.847339
168911,2337,396.275,143,1031.11,23.711416,-144.357205
169052,2338,391.548,141,1032.12,24.036509,-144.501216
169227,2339,517.589,175,1033.41,25.811226,-145.133557
169366,2340,376.288,139,1034.32,21.882076,-144.280675
169543,2341,530.268,177,1035.45,27.396003,-145.064626
169688,2342,404.419,145,1036.39,21.779713,-145.617598
169830,2343,390.495,142,1037.28,25.05231,-144.725017
169975,2344,397.274,145,1038.23,27.498363,-144.933423
170140,2345,489.011,165,1040.35,24.617239,-144.274477
170279,2346,379.747,139,1041.38,27.16957,-145.203146
170447,2347,491.9,168,1042.59,25.5667,-144.937613
170608,2348,462.852,161,1043.65,23.426827,-145.634637
170767,2349,462.814,159,1044.69,24.887399,-144.58971
170945,2350,524.528,178,1045.87,22.972554,-144.398887
171119,2351,518.484,174,1047.0,23.493231,-144.495023
171282,2352,470.12,163,1048.16,25.687433,-145.065043
171459,2353,520.118,177,1049.42,25.885932,-145.4713
171626,2354,484.074,167,1050.65,24.908598,-145.069701
171795,2355,499.074,169,1051.87,23.238581,-145.587392
171971,2356,531.461,176,1053.04,24.272621,-144.867154
172135,2357,471.614,164,1054.08,23.703771,-144.784368
172294,2358,462.201,159,1055.15,22.636569,-144.814329
172437,2359,387.636,143,1056.09,21.357502,-144.840074
172602,2360,481.165,165,1057.27,25.123771,-145.508689
172794,2361,566.092,192,1058.65,24.673526,-145.590728
172956,2362,465.426,162,1059.82,25.307137,-145.203146
173129,2363,518.703,173,1061.04,21.748381,-145.467738
173300,2364,491.765,171,1062.13,25.873575,-145.210477
173467,2365,479.105,167,1063.17,26.572579,-144.841189
173647,2366,548.129,180,1064.34,24.34691,-144.984933
173828,2367,549.705,181,1065.54,25.676521,-145.155968
174013,2368,553.832,185,1066.84,24.637623,-145.543034
174193,2369,543.191,180,1068.21,25.541719,-145.112785
174374,2370,545.797,181,1069.54,21.881002,-145.692241
174555,2371,539.869,181,1070.72,24.818117,-145.669045
174733,2372,531.251,178,1071.8,25.027648,-145.254946
174922,2373,559.424,189,1072.99,23.673645,-145.825966
175090,2374,464.595,168,1074.02,23.594991,-145.855083
175256,2375,481.949,166,1075.18,23.351872,-145.890677
175443,2376,555.401,187,1076.49,22.00651,-146.026215
175606,2377,469.314,163,1077.66,23.236592,-145.558669
175809,2378,621.502,203,1079.09,23.717212,-146.636034
175999,2379,575.826,190,1080.31,23.590403,-146.167102
176193,2380,589.097,194,1081.55,24.901745,-145.617951
176383,2381,566.621,190,1082.76,26.264846,-145.967859
176559,2382,497.637,176,1083.96,25.938768,-146.455455
176785,2383,700.13,226,1085.52,26.208973,-146.168478
176982,2384,574.678,197,1086.95,24.631284,-146.182447
177173,2385,564.865,191,1088.26,24.592804,-146.283598
177365,2386,575.306,192,1089.48,23.971036,-146.179713
177549,2387,542.554,184,1090.61,24.186087,-146.417353
177755,2388,628.967,206,1091.89,27.391679,-146.394167
177943,2389,563.446,188,1093.21,22.892139,-146.437042
178113,2390,499.223,170,1094.41,25.499604,-146.722466
178303,2391,560.167,190,1095.78,22.769475,-146.202986
178472,2392,466.609,169,1097.01,21.555089,-146.688785
178639,2393,474.718,167,1098.04,25.637714,-146.617743
178837,2394,565.176,198,1099.26,21.98971,-146.443102
179040,2395,598.277,203,1100.65,25.061501,-147.3565
179248,2396,617.983,208,1102.21,25.790025,-147.227885
179443,2397,568.919,195,1103.59,23.704258,-146.963862
179646,2398,577.069,203,1105.08,23.133149,-146.853708
179836,2399,563.361,190,1106.54,24.345712,-147.227942
180062,2400,693.636,226,1110.5,24.358688,-147.124961
180304,2401,760.912,242,1112.19,22.96527,-147.352337
180519,2402,657.436,215,1113.66,23.650256,-146.830447
180701,2403,522.868,182,1114.95,28.812666,-147.942315
180937,2404,687.905,236,1116.71,24.375899,-146.755177
181183,2405,693.212,246,1118.34,25.708267,-147.83861
181762,2406,1678.7,579,1122.3,26.010481,-147.874307
182231,2407,1481.907,469,1125.82,23.354035,-148.249575
182952,2408,2112.429,721,1131.4,22.357699,-148.205712
183576,2409,1827.203,624,1135.93,23.833881,-148.824952
183866,2410,832.645,290,1137.8,25.52669,-149.239023
184195,2411,930.33,329,1140.45,24.266356,-149.100358
184467,2412,785.238,272,1142.62,25.66523,-149.517147
184738,2413,789.079,271,1144.64,24.272656,-149.594277
184952,2414,606.011,214,1146.0,25.747829,-150.114175
185118,2415,398.899,166,1147.21,24.339733,-149.926895
185329,2416,598.677,211,1148.71,25.071928,-149.862515
185545,2417,617.921,216,1150.46,22.482309,-149.765221
185694,2418,394.477,149,1151.63,26.227378,-150.128472
185943,2419,735.892,249,1153.49,27.782737,-150.21933
186349,2420,1168.611,406,1156.29,25.735218,-150.57581
186719,2421,1085.848,370,1159.12,24.097363,-150.687999
187719,2422,2665.027,1000,1166.46,24.742643,-151.064187
188157,2423,1326.811,438,1169.67,24.773388,-151.380723
188309,2424,412.768,152,1170.79,26.45202,-151.846763
188526,2425,612.368,217,1172.36,24.52806,-151.830444
189137,2426,1732.787,611,1176.57,24.301045,-151.895509
189338,2427,512.054,201,1178.05,24.907416,-151.918698
189717,2428,1113.341,379,1180.83,28.025319,-152.702102
189907,2429,475.111,190,1182.19,23.935064,-153.514599
190094,2430,472.862,187,1186.23,24.285643,-152.837578
190281,2431,470.717,187,1187.59,25.16507,-152.814325
191281,2432,2950.799,1000,1194.63,25.741153,-152.913869
191540,2433,768.946,259,1196.52,27.694327,-153.890412
192166,2434,1987.352,626,1200.83,23.56952,-153.743534
192365,2435,526.411,199,1202.16,26.433084,-154.134066
192552,2436,515.777,187,1203.41,26.652751,-153.716949
192742,2437,512.045,190,1204.67,26.592297,-154.549635
192943,2438,507.997,201,1206.16,26.16879,-154.540841
193124,2439,451.482,181,1207.46,25.621869,-154.578837
193303,2440,482.501,179,1208.81,25.113915,-154.428443
193498,2441,535.931,195,1210.08,29.751299,-154.209392
193654,2442,379.685,156,1211.13,24.621076,-155.052257
193847,2443,502.346,193,1212.4,23.463073,-154.598424
194028,2444,501.044,181,1213.68,23.237222,-154.123934
194180,2445,366.462,152,1214.8,26.329857,-154.750584
194343,2446,386.21,163,1215.97,24.338002,-155.404985
194522,2447,493.599,179,1217.24,25.462444,-155.234053
194706,2448,502.388,184,1218.54,25.447659,-154.399694
194855,2449,357.515,149,1219.58,26.930036,-154.645167
195012,2450,375.63,157,1220.77,24.53937,-155.128089
195165,2451,354.9,153,1222.0,22.507823,-155.041344
195346,2452,483.592,181,1223.32,23.448496,-155.448074
195532,2453,484.016,186,1224.54,23.003055,-154.779332
195690,2454,373.079,158,1225.57,24.986058,-155.176272
195866,2455,465.602,176,1226.71,28.06674,-155.056438
196057,2456,501.759,191,1228.12,24.324069,-154.920431
196238,2457,470.349,181,1229.45,24.945374,-155.429189
196428,2458,461.035,190,1230.87,22.785954,-154.659385
196647,2459,638.909,219,1232.54,26.038834,-155.680114
196852,2460,567.154,205,1234.02,24.236525,-155.769732
197066,2461,580.509,214,1235.58,25.557618,-156.208774
197262,2462,531.413,196,1236.99,25.86639,-155.845514
197462,2463,597.589,200,1238.5,25.765929,-155.504978
197703,2464,766.173,241,1240.29,25.576225,-155.561259
197887,2465,466.879,184,1241.77,25.248573,-155.667058
198078,2466,527.449,191,1243.19,23.672816,-155.901646
198281,2467,552.807,203,1244.69,22.772848,-156.716073
198499,2468,578.3,218,1246.14,23.881393,-155.404239
198703,2469,563.295,204,1247.59,22.967351,-156.431313
198909,2470,556.036,206,1249.19,27.783411,-156.524867
199113,2471,562.152,204,1250.78,23.763869,-156.275692
199318,2472,546.252,205,1252.31,26.355773,-156.344193
199530,2473,612.869,212,1253.88,25.286323,-156.17766
199740,2474,553.481,210,1255.62,24.061862,-156.535354
199983,2475,696.465,243,1257.49,22.529002,-156.732915
200190,2476,560.203,207,1260.68,24.516117,-156.953565
200429,2477,666.575,239,1262.7,25.222437,-156.781903
200661,2478,649.528,232,1264.72,26.836227,-156.970366
200936,2479,800.895,275,1267.03,26.229507,-157.176397
201149,2480,597.171,213,1268.83,24.611355,-156.934329
201369,2481,598.472,220,1270.68,24.007004,-157.558031
201590,2482,580.703,221,1272.44,24.97063,-157.258997
202000,2483,1297.505,410,1275.53,24.477768,-157.592621
202262,2484,772.472,262,1277.66,26.264208,-157.871146
202607,2485,1019.434,345,1280.39,26.216594,-158.073239
202820,2486,561.394,213,1281.84,22.12062,-158.30662
203152,2487,1006.976,332,1284.28,23.887209,-158.260559
203452,2488,916.644,300,1286.46,23.116346,-158.236253
203705,2489,774.604,253,1288.16,24.518863,-158.588996
204201,2490,1542.869,496,1291.63,24.487143,-158.57702
204614,2491,1285.759,413,1294.78,25.005546,-158.998757
205197,2492,1791.679,583,1298.88,24.879822,-159.131828
206197,2493,3112.649,1000,1305.97,24.966683,-159.803393
206675,2494,1481.215,478,1309.19,25.753136,-160.478657
207675,2495,3117.037,1000,1316.24,24.061295,-160.728234
208675,2496,3097.612,1000,1323.59,24.352864,-161.491746
209675,2497,3000.749,1000,1330.62,25.648979,-162.08029
210675,2498,3038.83,1000,1343.34,26.09264,-163.402393
211410,2499,2297.972,735,1348.31,26.420219,-163.831225
212410,2500,3037.506,1000,1354.75,25.092839,-164.369535
212951,2501,1664.781,541,1358.45,26.662413,-164.271368
213951,2502,2955.09,1000,1365.31,24.156912,-165.098894
214951,2503,2806.187,1000,1371.96,24.356452,-165.953682
215951,2504,2954.027,1000,1378.88,25.73656,-166.806454
216873,2505,2543.761,922,1385.23,25.579049,-167.097625
217737,2506,2440.619,864,1390.96,26.343042,-168.160754
218695,2507,2692.091,958,1397.52,25.346129,-168.603928
219052,2508,1013.735,357,1399.79,27.300228,-168.86804
219230,2509,456.269,178,1401.09,23.903177,-169.442872
219507,2510,777.953,277,1403.14,26.894069,-168.690299
219678,2511,522.943,171,1404.4,27.159184,-168.986091
219874,2512,543.709,196,1405.66,28.29051,-169.000305
220238,2513,1077.136,364,1412.84,26.23226,-169.261494
221011,2514,2267.012,773,1418.04,26.006659,-169.761258
221287,2515,819.722,276,1420.09,25.193638,-169.276432
221457,2516,532.87,170,1421.23,27.230621,-170.665296
222457,2517,2817.321,1000,1427.91,24.908177,-170.218169
223312,2518,2513.576,855,1433.57,25.684479,-170.996385
224312,2519,2865.969,1000,1440.43,24.955211,-171.944694
224517,2520,553.252,205,1441.73,24.299552,-172.245492
224748,2521,679.107,231,1443.19,29.66432,-171.798698
224943,2522,524.472,195,1444.53,27.096267,-171.664428
225433,2523,1294.591,490,1448.06,27.18229,-172.355909
225736,2524,836.064,303,1449.92,26.689105,-172.644139
225898,2525,403.862,162,1450.93,25.208923,-172.60762
226075,2526,456.08,177,1452.01,24.711791,-172.500828
226283,2527,556.002,208,1453.41,27.144321,-173.58974
226463,2528,466.565,180,1454.68,26.298967,-173.499156
227462,2529,2793.392,999,1461.66,25.492834,-173.607298
228226,2530,1950.64,764,1467.12,25.39259,-173.797774
228509,2531,801.175,283,1469.37,23.835051,-174.13346
229509,2532,2689.607,1000,1476.86,28.200749,-174.233803
230509,2533,2679.425,1000,1490.76,25.886101,-174.808739
231509,2534,2726.718,1000,1498.88,25.725432,-175.380408
232509,2535,2676.11,1000,1506.88,25.450203,-175.696028
233509,2536,2765.525,1000,1514.87,25.416355,-176.273662
233786,2537,896.245,277,1516.86,27.513171,-176.538915
234010,2538,722.291,224,1518.5,26.280984,-176.172544
234313,2539,971.547,303,1520.55,27.190464,-176.723805
234503,2540,607.82,190,1521.9,29.179554,-176.562767
235127,2541,1730.492,624,1526.34,24.958883,-177.078482
235317,2542,592.829,190,1527.71,32.633826,-177.112185
235514,2543,614.836,197,1529.18,27.951041,-176.847275
235727,2544,684.317,213,1530.77,29.588813,-177.009921
236727,2545,2651.45,1000,1537.89,27.959551,-177.461763
236950,2546,719.087,223,1539.52,23.332191,-177.65918
237399,2547,1416.154,449,1542.74,27.097115,-177.434049
237927,2548,1480.282,528,1546.45,28.04956,-177.812811
238322,2549,1252.65,395,1550.26,27.395673,-177.777016
238769,2550,1199.731,447,1553.41,26.924533,-177.901833
239559,2551,2176.298,790,1558.93,27.519758,-178.077918
239938,2552,1186.169,379,1561.46,27.785103,-178.75762
240256,2553,995.819,318,1567.42,26.109483,-177.911215
240865,2554,1823.624,609,1571.36,26.422368,-178.666776
241865,2555,2859.156,1000,1578.51,27.304931,-178.738103
242253,2556,974.378,388,1581.4,24.664894,-179.082633
242951,2557,1864.283,698,1586.32,26.42586,-179.405496
243420,2558,1355.541,469,1589.85,24.839385,-179.628305
244420,2559,2414.684,1000,1597.08,27.610582,-180.130122
244602,2560,426.797,182,1598.45,25.173575,-180.056957
245602,2561,2514.504,1000,1605.91,28.962217,-180.652187
245733,2562,270.3,131,1606.91,37.453562,-180.774825
246733,2563,2598.317,1000,1614.47,29.103832,-181.447614
247733,2564,2506.726,1000,1622.37,29.988055,-181.80199
248733,2565,2820.723,1000,1630.52,28.744691,-182.610298
248942,2566,670.221,209,1632.11,34.105953,-183.002484
249190,2567,818.51,248,1634.01,27.241521,-182.896614
249744,2568,1814.013,554,1638.48,30.845534,-183.46087
250070,2569,879.134,326,1643.07,28.134095,-183.147596
250312,2570,784.708,242,1644.79,31.638652,-182.851956
250839,2571,1303.29,527,1648.38,30.846972,-183.570271
251599,2572,2022.604,760,1653.96,29.475572,-184.422599
251930,2573,1074.67,331,1656.31,29.339477,-184.467859
252312,2574,1232.895,382,1658.99,33.446639,-184.298594
253312,2575,2655.532,1000,1665.94,28.917432,-184.724719
253668,2576,1105.202,356,1668.31,31.137106,-185.527654
254299,2577,1742.076,631,1672.85,31.610214,-184.959284
255299,2578,2813.352,1000,1679.9,29.384145,-185.930121
256299,2579,2929.885,1000,1687.21,30.352867,-186.495123
257299,2580,3020.578,1000,1694.47,30.703484,-187.51242
258299,2581,2969.172,1000,1701.61,32.321866,-187.895932
259299,2582,2968.714,1000,1708.23,30.9086,-188.596531
259643,2583,959.315,344,1710.62,31.557365,-188.826168
260480,2584,2439.495,837,1719.73,31.005596,-188.999252
260804,2585,875.973,324,1721.95,33.437323,-189.434614
261804,2586,2977.36,1000,1728.74,31.811334,-189.828604
262649,2587,2409.019,845,1734.49,32.494924,-190.154253
263649,2588,2838.493,1000,1741.23,32.128997,-190.578772
264649,2589,3014.481,1000,1748.31,29.102575,-191.246309
264846,2590,564.83,197,1749.72,35.361883,-190.984417
265028,2591,530.042,182,1751.04,31.219781,-191.033613
266028,2592,2840.031,1000,1757.95,30.305578,-191.515704
266290,2593,759.242,262,1759.65,28.964981,-192.337716
266477,2594,498.431,187,1761.01,34.514873,-192.794131
266730,2595,663.403,253,1762.86,34.266853,-192.667117
266917,2596,505.264,187,1764.23,31.266731,-191.369549
267056,2597,279.004,139,1765.11,32.731173,-193.001452
267188,2598,275.413,132,1765.91,30.883986,-192.155456
267374,2599,504.949,186,1767.09,33.434012,-192.940676
267593,2600,643.657,219,1768.5,29.495829,-191.788406
267835,2601,726.45,242,1770.21,33.252697,-191.879089
268835,2602,2861.559,1000,1777.14,33.294347,-192.665616
269835,2603,2891.379,1000,1784.13,34.079507,-193.263994
270044,2604,578.975,209,1787.71,28.963969,-193.587806
270283,2605,697.291,239,1789.77,31.075838,-194.253831
270534,2606,752.047,251,1791.57,32.989076,-193.312571
270948,2607,1253.022,414,1794.19,33.212339,-193.943051
271948,2608,2938.642,1000,1801.12,32.866321,-194.318485
272115,2609,431.256,167,1802.22,36.066011,-194.572613
272372,2610,767.705,257,1803.83,33.090224,-194.957139
272616,2611,718.194,244,1805.49,32.424373,-195.063445
273187,2612,1684.569,571,1809.6,33.530591,-195.165704
273383,2613,538.377,196,1810.81,30.808681,-195.012378
273624,2614,752.465,241,1812.28,33.054039,-195.49054
273826,2615,560.006,202,1813.6,30.780464,-195.379257
274826,2616,2976.899,1000,1820.76,33.091939,-195.38298
275085,2617,768.793,259,1822.78,30.486698,-196.37463
276085,2618,2922.262,1000,1829.91,32.590763,-195.899045
277085,2619,2976.453,1000,1837.29,33.122846,-196.316616
277358,2620,856.497,273,1839.41,29.21269,-196.271387
277617,2621,800.066,259,1841.42,33.008424,-196.421536
277825,2622,580.234,208,1842.88,29.918174,-196.377635
278825,2623,3015.335,1000,1850.34,31.977153,-196.829806
279118,2624,889.442,293,1852.48,33.37556,-197.161541
280118,2625,3026.836,1000,1867.19,33.123393,-196.883137
281118,2626,3074.424,1000,1875.17,33.33829,-197.486036
282118,2627,3006.271,1000,1882.65,33.20844,-198.175427
282890,2628,2387.619,772,1888.13,31.828757,-198.323465
283890,2629,3031.673,1000,1895.35,34.4105,-198.612196
284507,2630,1885.631,617,1899.82,33.047077,-199.078176
285507,2631,3098.263,1000,1907.01,32.896565,-198.837926
286177,2632,2124.657,670,1911.77,33.41324,-199.328608
286952,2633,2421.754,775,1916.9,33.796413,-199.819604
287267,2634,960.134,315,1919.15,37.09311,-199.837047
287797,2635,1658.647,530,1922.88,32.762512,-199.927554
288128,2636,1050.346,331,1925.15,33.8203,-199.94469
288475,2637,1107.187,347,1927.63,32.723576,-200.688585
288804,2638,1058.309,329,1930.02,33.916599,-199.785305
288818,2639,12.091,14,1930.11,43.671791,-199.747022
288832,2640,12.105,14,1930.21,25.26158,-199.940408
289177,2641,1092.953,345,1932.61,32.891973,-200.727917
289549,2642,1180.031,372,1935.14,36.680112,-200.192232
289983,2643,1398.749,434,1938.26,36.826414,-200.174146
290493,2644,1648.569,510,1944.79,29.995263,-200.857662
290770,2645,886.813,277,1946.76,35.449836,-200.222573
291038,2646,845.003,268,1948.66,34.622865,-201.084159
291383,2647,1098.023,345,1951.21,31.059691,-200.57764
291673,2648,934.884,290,1953.44,31.559,-200.505038
292017,2649,1109.44,344,1955.87,36.475086,-201.144068
292458,2650,1382.861,441,1958.8,36.218773,-200.544918
292739,2651,920.664,281,1961.0,33.314485,-200.816409
293027,2652,925.347,288,1963.27,34.772636,-200.995601
293285,2653,839.927,258,1965.05,34.097823,-200.607891
293731,2654,1421.967,446,1968.24,32.508725,-200.687822
294001,2655,884.863,270,1970.4,35.864069,-201.149391
294262,2656,877.629,261,1972.42,30.515271,-201.290972
294552,2657,933.712,290,1974.82,35.435262,-201.037087
294812,2658,870.321,260,1976.77,33.543473,-202.092641
295038,2659,712.102,226,1978.59,34.20126,-201.68942
295333,2660,938.672,295,1980.98,32.617481,-201.043581
295626,2661,926.113,293,1983.32,35.979107,-200.660351
295898,2662,887.115,272,1985.42,31.115252,-201.383601
296235,2663,1110.157,337,1988.09,30.999348,-201.371331
296488,2664,844.058,253,1990.23,28.099555,-201.876686
296776,2665,923.704,288,1992.69,33.392645,-201.536211
297073,2666,939.008,297,1995.23,34.013621,-201.367184
297353,2667,915.228,280,1997.74,38.392963,-201.150054
297627,2668,907.542,274,1999.92,35.712658,-201.856969
298212,2669,1892.55,585,2004.09,29.399951,-201.64293
298545,2670,1071.932,333,2006.5,32.637647,-200.955569
298833,2671,927.057,288,2008.61,37.394814,-201.695787
299507,2672,2129.187,674,2013.05,31.13834,-202.250939
300194,2673,2166.868,687,2021.79,32.942516,-202.1974
300458,2674,902.252,264,2023.73,30.927199,-202.74893
300807,2675,1135.029,349,2026.11,30.554773,-202.536818
301159,2676,1141.894,352,2028.29,31.774366,-202.85366
301434,2677,907.092,275,2030.13,31.200243,-203.003306
302147,2678,2273.389,713,2035.42,35.855669,-203.367808
302432,2679,918.44,285,2037.38,33.493886,-202.809259
302985,2680,1813.364,553,2041.41,33.43053,-203.434351
303589,2681,1911.401,604,2045.8,33.496281,-203.587666
303943,2682,1157.613,354,2048.12,34.100716,-203.536866
304231,2683,921.511,288,2050.13,31.032227,-204.007012
304522,2684,934.449,291,2052.25,33.55354,-203.798287
304812,2685,932.24,290,2054.29,35.825511,-203.40578
305500,2686,2197.259,688,2059.12,33.871804,-204.364721
305813,2687,1045.992,313,2061.37,34.247328,-204.207372
306748,2688,3017.071,935,2067.46,34.016837,-204.54819
307064,2689,1055.026,316,2069.76,32.370874,-205.822322
308064,2690,3113.937,1000,2076.59,34.710561,-205.261692
309064,2691,3200.565,1000,2083.38,35.03192,-205.483815
309749,2692,2259.266,685,2088.07,31.649637,-205.977988
310749,2693,3146.094,1000,2100.48,33.519588,-206.234714
311099,2694,1143.554,350,2102.94,33.501144,-206.412207
312099,2695,3240.943,1000,2109.83,32.440436,-206.965282
312991,2696,2924.983,892,2116.18,30.980455,-207.454948
313425,2697,1417.13,434,2118.98,34.047722,-207.101346
313907,2698,1585.653,482,2122.43,32.549816,-207.469614
314907,2699,3128.232,1000,2129.17,33.364427,-207.632463
315907,2700,3078.444,1000,2136.12,31.66216,-208.329962
316907,2701,3246.525,1000,2143.13,31.292945,-208.650689
317907,2702,3130.286,1000,2151.18,31.758982,-208.416776
318907,2703,3019.182,1000,2157.85,31.000468,-209.210258
319907,2704,3073.778,1000,2164.71,34.316604,-209.613521
320907,2705,3038.57,1000,2177.89,29.440309,-209.862309
321907,2706,3051.436,1000,2184.54,31.883693,-210.418412
322907,2707,2969.591,1000,2191.66,31.541446,-210.762003
323907,2708,2983.725,1000,2199.09,31.493981,-211.204419
324907,2709,3015.829,1000,2206.31,32.85776,-211.607389
325907,2710,2948.662,1000,2213.92,30.092158,-211.830149
326907,2711,3019.993,1000,2221.89,29.847844,-212.191577
327907,2712,3086.542,1000,2229.74,31.277411,-212.634759
328907,2713,3090.884,1000,2237.35,31.619306,-212.668109
329907,2714,3067.632,1000,2244.71,30.145598,-213.073488
330907,2715,3053.464,1000,2257.63,30.92606,-213.04061
331907,2716,3098.533,1000,2264.71,28.229392,-213.585934
332907,2717,3023.347,1000,2271.73,32.565972,-214.070035
333907,2718,2991.507,1000,2278.68,31.85006,-214.069525
334907,2719,3104.507,1000,2285.27,30.518228,-214.272651
335907,2720,3051.865,1000,2292.26,28.579467,-214.602905
336907,2721,3056.522,1000,2299.24,29.045752,-214.760656
337907,2722,2993.869,1000,2306.74,29.534486,-215.523148
338907,2723,3053.662,1000,2314.38,30.329046,-215.683696
339907,2724,3109.407,1000,2322.19,27.638483,-215.432072
340907,2725,3079.845,1000,2336.03,29.683357,-215.72062
341907,2726,3072.452,1000,2343.89,28.239001,-216.119251
342907,2727,3132.555,1000,2352.13,31.077813,-216.859097
343511,2728,1945.859,604,2356.97,30.269565,-216.902986
344204,2729,2192.338,693,2362.28,30.889371,-216.682638
345204,2730,3107.092,1000,2369.27,29.127372,-217.309965
345647,2731,1419.764,443,2372.54,28.135462,-217.076185
346057,2732,1312.36,410,2375.47,29.871793,-217.330846
346430,2733,1190.511,373,2377.87,30.62212,-217.83937
346749,2734,1014.948,319,2380.08,25.350102,-217.526465
347294,2735,1709.105,545,2383.81,25.883862,-217.510866
347678,2736,1222.277,384,2386.19,29.330066,-217.80286
348256,2737,1817.537,578,2390.15,29.838055,-218.157117
348641,2738,1207.355,385,2392.88,28.586141,-217.506465
349057,2739,1312.185,416,2395.68,26.719162,-217.844564
350057,2740,3076.836,1000,2408.94,28.135733,-218.227712
350492,2741,1374.123,435,2411.97,26.577404,-218.1853
350826,2742,1061.581,334,2414.4,28.212489,-218.43488
351393,2743,1855.263,567,2418.41,28.228325,-218.513504
351817,2744,1381.903,424,2421.06,27.954687,-218.739336
352719,2745,2937.177,902,2427.42,28.956603,-218.394379
353668,2746,3033.156,949,2433.75,30.353351,-218.780088
354668,2747,3081.831,1000,2440.88,28.510286,-219.108252
355668,2748,3033.702,1000,2447.13,28.853789,-219.186795
356668,2749,3052.605,1000,2454.4,29.742313,-219.704412
357661,2750,3165.416,993,2460.74,28.693408,-219.620106
358565,2751,2762.239,904,2467.31,29.531547,-220.018621
359139,2752,1785.334,574,2471.36,27.652961,-220.301235
360040,2753,2771.111,901,2483.26,28.18607,-219.839908
360055,2754,10.768,15,2483.37,30.095362,-221.67198
360875,2755,2511.767,820,2489.54,27.40085,-220.25162
361686,2756,2492.487,811,2494.96,27.014996,-220.716027
362231,2757,1683.568,545,2498.26,29.115753,-221.249672
362873,2758,1996.369,642,2503.08,27.655773,-221.037307
363511,2759,1978.522,638,2507.45,26.501558,-221.044422
364283,2760,2420.077,772,2512.4,27.997825,-220.844298
364742,2761,1431.503,459,2515.62,28.693466,-221.526037
365355,2762,1919.155,613,2519.93,26.776065,-221.528671
365980,2763,1955.765,625,2523.86,27.887998,-221.298231
366435,2764,1420.851,455,2526.74,27.904925,-221.589007
367044,2765,1933.532,609,2531.32,27.136452,-221.88512
367503,2766,1428.732,459,2534.17,27.793765,-221.792177
368111,2767,1929.214,608,2538.18,27.860294,-222.118077
368761,2768,2079.165,650,2542.72,27.166382,-222.334499
369761,2769,3111.149,1000,2549.71,26.123654,-222.085235
370208,2770,1410.45,447,2557.04,26.702473,-222.258091
370772,2771,1794.186,564,2561.56,24.850648,-222.886805
371346,2772,1813.833,574,2565.4,27.235966,-222.903632
371949,2773,1871.372,603,2569.3,27.824105,-222.657547
372544,2774,1873.925,595,2573.23,25.846044,-223.081292
373206,2775,2114.991,662,2577.51,26.944299,-223.128741
373971,2776,2410.106,765,2582.68,26.889154,-223.065558
374697,2777,2311.235,726,2587.25,26.537556,-223.159735
375193,2778,1565.327,496,2590.5,25.484712,-223.533326
375651,2779,1441.898,458,2593.62,27.408839,-223.407882
376106,2780,1425.637,455,2596.93,26.701455,-223.975449
376505,2781,1224.024,399,2599.53,26.010568,-224.199894
377041,2782,1700.83,536,2603.18,24.921175,-224.480756
377496,2783,1449.925,455,2606.27,27.134909,-224.074878
377984,2784,1517.904,488,2609.94,24.214801,-224.297207
378435,2785,1440.155,451,2613.14,26.927277,-224.791427
378880,2786,1425.156,445,2616.22,28.372159,-224.35299
379329,2787,1427.319,449,2619.43,23.288898,-224.966074
379809,2788,1501.929,480,2622.9,25.81041,-224.22988
380335,2789,1645.06,526,2630.28,27.78412,-224.891638
380829,2790,1570.731,494,2633.84,25.212714,-224.85427
381255,2791,1333.178,426,2637.05,24.217387,-225.067159
381655,2792,1211.905,400,2639.79,25.604077,-224.519405
382087,2793,1362.08,432,2642.74,24.282943,-224.847435
382546,2794,1439.809,459,2646.06,24.770085,-225.236816
383024,2795,1519.525,478,2649.65,27.509304,-224.785157
383533,2796,1602.999,509,2653.37,26.971927,-225.618315
384290,2797,2419.371,757,2658.33,25.592081,-224.91624
384816,2798,1654.256,526,2661.78,26.28176,-224.717009
385496,2799,2142.818,680,2666.28,28.102932,-225.213806
386121,2800,2030.241,625,2670.85,26.053192,-225.053051
386760,2801,2082.525,639,2675.79,26.566663,-225.084391
387223,2802,1468.641,463,2679.42,27.664261,-225.214091
387668,2803,1406.838,445,2682.5,26.932317,-224.731188
388281,2804,1945.041,613,2687.38,27.135787,-225.148129
388890,2805,1945.358,609,2692.29,25.696939,-225.152
389377,2806,1583.853,487,2696.11,23.277942,-225.300795
390117,2807,2388.063,740,2706.48,25.389827,-225.102746
390632,2808,1659.368,515,2710.51,26.49626,-224.747893
391525,2809,2857.514,893,2717.82,25.673772,-225.350737
392000,2810,1515.554,475,2721.37,28.498666,-225.032005
392847,2811,2751.489,847,2727.35,25.918958,-225.221002
393577,2812,2321.451,730,2732.61,23.472037,-224.924789
394577,2813,3113.007,1000,2739.67,26.657698,-225.340975
395577,2814,3106.418,1000,2746.36,27.106687,-225.826038
396577,2815,3084.2,1000,2754.24,23.582767,-225.981815
397577,2816,3093.078,1000,2761.49,24.298766,-226.401766
398577,2817,3035.712,1000,2768.64,25.000459,-226.623457
399392,2818,2621.617,815,2774.1,23.522388,-226.549736
400392,2819,3095.093,1000,2786.9,23.769453,-226.813302
401392,2820,3093.378,1000,2793.78,24.551022,-226.684712
402220,2821,2649.52,828,2799.32,23.518842,-227.357434
403220,2822,3105.507,1000,2806.34,26.378109,-227.204767
404115,2823,2883.096,895,2812.53,22.89788,-227.415263
404711,2824,1905.187,596,2816.53,25.773811,-227.475391
405711,2825,3109.999,1000,2823.49,24.001441,-227.676939
406227,2826,1645.773,516,2826.75,24.35067,-227.786037
407227,2827,3078.134,1000,2833.77,26.168707,-228.316069
408227,2828,3099.85,1000,2840.75,23.743347,-228.052449
408885,2829,2067.722,658,2845.16,24.923891,-228.484058
409885,2830,3113.259,1000,2852.15,24.469363,-228.75526
410351,2831,1494.511,466,2860.77,23.72073,-228.853044
411351,2832,3102.056,1000,2867.74,24.270862,-229.190226
412351,2833,3107.375,1000,2874.63,24.275423,-229.353221
413008,2834,2150.292,657,2878.96,23.201163,-229.694669
413704,2835,2295.412,696,2884.01,20.601238,-230.02978
414201,2836,1644.626,497,2887.21,24.18664,-229.867009
415201,2837,3096.552,1000,2894.23,25.006113,-230.314871
416201,2838,3139.978,1000,2901.25,26.161834,-230.257629
417201,2839,3095.222,1000,2908.65,24.879492,-230.318381
418201,2840,3099.548,1000,2916.16,22.102877,-230.921439
418801,2841,1936.879,600,2920.41,23.7211,-231.253527
419801,2842,3129.609,1000,2927.97,23.847689,-231.144945
420801,2843,3123.801,1000,2942.0,24.400075,-231.449197
421801,2844,3139.251,1000,2949.65,23.488503,-231.846062
422801,2845,3112.097,1000,2957.59,24.687553,-232.210196
423801,2846,3107.14,1000,2964.78,25.646469,-232.696165
424801,2847,3082.386,1000,2971.96,25.345563,-232.620132
425801,2848,3106.835,1000,2979.15,22.705753,-233.199084
426801,2849,3078.551,1000,2986.42,23.684842,-233.353461
427801,2850,3084.417,1000,2993.22,24.271156,-233.458958
428801,2851,3121.486,1000,2999.76,25.737738,-234.057474
429801,2852,3112.133,1000,3006.61,23.962402,-234.125497
430801,2853,3095.26,1000,3018.21,24.608912,-234.520363
431801,2854,3099.392,1000,3025.74,22.974986,-234.998162
432801,2855,3082.856,1000,3033.47,24.576018,-234.95062
433801,2856,3109.605,1000,3041.11,24.376685,-234.796995
434801,2857,3136.131,1000,3048.62,23.999125,-235.644336
435801,2858,3140.75,1000,3055.84,23.692095,-235.577611
436305,2859,1636.917,504,3059.99,21.167958,-235.665203
437305,2860,3119.387,1000,3067.79,23.682947,-236.053972
437731,2861,1370.154,426,3071.16,22.007753,-235.721667
438731,2862,3138.045,1000,3079.2,23.442323,-235.934533
439731,2863,3146.718,1000,3086.15,23.095015,-236.151177
440731,2864,3117.224,1000,3098.96,24.723549,-235.975177
441731,2865,3128.375,1000,3105.93,23.841312,-236.367993
442731,2866,3151.009,1000,3112.62,22.688939,-236.810815
443650,2867,2985.261,919,3119.07,21.479186,-236.645905
444650,2868,3149.433,1000,3126.44,22.755291,-237.077453
445650,2869,3135.521,1000,3133.7,23.553605,-237.174275
446650,2870,3127.681,1000,3140.69,23.384015,-237.244416
447650,2871,3131.669,1000,3147.54,24.285727,-237.180127
447968,2872,938.318,318,3149.79,22.279974,-237.056592
448968,2873,3039.229,1000,3156.56,23.179792,-237.474585
449968,2874,3099.679,1000,3163.63,22.28458,-237.591731
450968,2875,3085.961,1000,3176.2,21.201721,-237.66591
451968,2876,3040.032,1000,3182.85,22.625758,-237.800619
452968,2877,3041.995,1000,3189.79,22.176601,-238.20511
453968,2878,3059.252,1000,3196.76,21.626842,-237.942788
454968,2879,3133.962,1000,3203.59,23.63446,-238.412236
455968,2880,3067.35,1000,3210.32,21.707894,-238.337824
456968,2881,3118.645,1000,3217.39,22.155479,-238.521033
457968,2882,3122.42,1000,3224.32,22.010293,-238.341643
458008,2883,51.311,40,3224.58,35.072265,-238.454076
459008,2884,3131.082,1000,3231.5,23.757666,-238.608373
460008,2885,3137.252,1000,3244.31,23.746974,-238.801136
460984,2886,3170.432,976,3251.35,21.891383,-238.810432
461984,2887,3126.249,1000,3258.33,22.433287,-238.650872
462710,2888,2389.046,726,3263.54,22.269188,-238.761094
463370,2889,2112.335,660,3268.15,22.130393,-238.549208
464042,2890,2167.261,672,3273.43,20.518436,-239.046723
464671,2891,2067.509,629,3277.78,20.4736,-239.124197
465671,2892,3104.553,1000,3285.3,21.709246,-238.997204
466057,2893,1193.483,386,3288.26,20.652096,-238.822214
466551,2894,1598.103,494,3291.93,19.555245,-238.698498
467217,2895,2144.024,666,3297.09,20.38796,-239.290028
468217,2896,3232.82,1000,3304.4,22.424932,-239.022221
469217,2897,3032.457,1000,3311.82,22.019519,-239.529628
469742,2898,1686.038,525,3315.93,21.67583,-239.342677
470742,2899,3076.089,1000,3329.31,21.715857,-239.672963
471742,2900,3046.36,1000,3336.49,22.224653,-239.331377
472132,2901,1227.577,390,3339.36,21.448201,-239.565784
472551,2902,1320.198,419,3342.4,22.97085,-239.679024
472987,2903,1393.84,436,3345.48,20.711212,-240.132893
473433,2904,1430.323,446,3349.3,20.682138,-239.221888
474194,2905,2394.679,761,3354.76,22.137819,-239.713297
475194,2906,3113.526,1000,3361.59,22.501646,-239.728519
476194,2907,3127.926,1000,3368.02,21.613866,-240.141205
476678,2908,1561.776,484,3371.36,20.038562,-239.968593
477678,2909,3147.943,1000,3378.42,22.022486,-240.162399
478678,2910,3139.722,1000,3386.19,21.720942,-240.164885
479678,2911,3122.406,1000,3393.76,22.271254,-240.584504
480678,2912,3089.957,1000,3407.5,23.452934,-240.459195
481678,2913,3123.58,1000,3415.87,22.10644,-240.861836
482678,2914,3128.452,1000,3423.45,20.842379,-240.853431
483678,2915,3120.71,1000,3431.35,21.633592,-241.431255
484678,2916,3128.468,1000,3439.25,22.198196,-241.563879
485678,2917,3128.975,1000,3446.45,22.637861,-241.746375
486678,2918,3129.895,1000,3453.44,22.108223,-241.649588
487678,2919,3154.967,1000,3460.39,20.703066,-242.291455
488678,2920,3107.576,1000,3467.36,22.548547,-242.210459
489678,2921,3139.797,1000,3474.22,20.813901,-242.415111
490678,2922,3081.654,1000,3487.01,21.372371,-242.542916
491678,2923,3119.566,1000,3494.31,21.21208,-242.993709
492678,2924,3122.702,1000,3501.55,21.717548,-242.93504
493678,2925,3123.455,1000,3508.53,20.754305,-243.124342
494678,2926,3110.305,1000,3515.19,21.719562,-242.882074
495678,2927,3158.82,1000,3521.98,21.442027,-243.022239
496678,2928,3131.85,1000,3528.9,20.266922,-243.160624
497678,2929,3135.814,1000,3535.75,21.120756,-243.308646
498678,2930,3170.488,1000,3542.43,21.947164,-243.707956
499678,2931,3146.089,1000,3549.36,22.101349,-243.774243
500678,2932,3142.669,1000,3562.17,21.61698,-243.888808
501192,2933,1662.267,514,3565.52,25.802539,-244.055779
502192,2934,3171.797,1000,3572.65,20.363408,-244.316221
503192,2935,3162.871,1000,3579.67,23.734504,-244.238345
503968,2936,2539.163,776,3584.96,21.080854,-244.011957
504968,2937,3160.518,1000,3591.93,21.24155,-244.488647
505968,2938,3138.976,1000,3599.0,24.775264,-244.548493
506968,2939,3154.936,1000,3605.71,20.1811,-244.973404
507968,2940,3149.125,1000,3612.21,21.791649,-244.663297
508968,2941,3154.859,1000,3618.86,21.112644,-245.082207
509968,2942,3162.402,1000,3626.05,20.423622,-245.115336
510968,2943,3149.965,1000,3640.45,20.42303,-245.614026
511534,2944,1838.971,566,3644.77,20.522177,-245.521058
512502,2945,3135.165,968,3652.21,21.004415,-245.992704
513502,2946,3146.573,1000,3659.37,22.312864,-245.691931
513887,2947,1268.727,385,3662.34,21.47483,-245.523677
514373,2948,1608.784,486,3665.57,20.169002,-245.813
514724,2949,1122.201,351,3668.39,22.60203,-245.901495
515724,2950,3146.725,1000,3675.65,19.881013,-246.053676
516724,2951,3166.917,1000,3683.31,21.306175,-246.264242
517364,2952,2090.078,640,3687.89,21.265682,-246.268433
517765,2953,1317.968,401,3690.8,20.861994,-246.353952
518765,2954,3166.704,1000,3697.97,19.799009,-246.383567
519374,2955,1994.776,609,3702.25,18.23938,-247.067879
520220,2956,2750.146,846,3714.01,21.535716,-246.458242
520697,2957,1562.136,477,3717.37,18.011655,-246.765871
521123,2958,1365.668,426,3720.36,18.536137,-246.680233
522123,2959,3155.845,1000,3727.33,21.698965,-246.798461
523123,2960,3129.828,1000,3734.01,19.677154,-247.028665
524123,2961,3128.888,1000,3740.57,19.754888,-246.927571
525123,2962,3142.341,1000,3748.11,20.714052,-246.780467
526123,2963,3140.198,1000,3755.55,21.272986,-246.954614
526943,2964,2626.93,820,3761.92,18.543065,-247.387791
527872,2965,3048.618,929,3769.16,20.148747,-247.244075
528601,2966,2376.184,729,3774.65,20.570073,-247.773136
529198,2967,1901.585,597,3779.29,21.693634,-247.641583
530198,2968,3134.42,1000,3794.02,19.946524,-247.798383
531198,2969,3159.163,1000,3801.82,20.754337,-247.618723
532198,2970,3155.711,1000,3808.65,20.408484,-247.693538
533115,2971,2976.819,917,3814.77,20.546455,-247.448321
534115,2972,3174.719,1000,3821.96,19.613246,-248.020079
534910,2973,2605.985,795,3827.67,18.508076,-248.468773
535501,2974,1932.228,591,3831.93,20.835753,-248.442105
535890,2975,1295.61,389,3834.61,19.310258,-248.264651
536398,2976,1650.178,508,3838.27,19.157824,-247.822972
536959,2977,1827.042,561,3842.0,20.200741,-248.084138
537959,2978,3158.162,1000,3848.93,20.048738,-248.216155
538847,2979,2884.525,888,3855.16,21.497063,-248.247326
539847,2980,3170.182,1000,3862.3,19.799168,-248.540671
540152,2981,919.628,305,3868.63,17.760984,-247.960909
541152,2982,3142.714,1000,3875.74,18.524704,-248.67725
542152,2983,3138.613,1000,3882.56,19.82995,-248.647618
543152,2984,3162.824,1000,3889.41,19.71963,-248.598693
544062,2985,2931.63,910,3895.62,20.161579,-248.739742
545062,2986,3185.011,1000,3902.77,20.295535,-249.273577
546062,2987,3112.031,1000,3909.7,20.362946,-248.722116
546434,2988,1175.509,372,3912.18,17.679879,-248.813333
546879,2989,1450.74,445,3915.18,18.97334,-248.776699
547232,2990,1138.538,353,3917.78,19.499022,-248.632972
547830,2991,1914.953,598,3921.83,19.502406,-249.281136
548227,2992,1304.37,397,3924.51,19.29782,-249.237883
549227,2993,3159.474,1000,3931.62,21.585843,-249.260613
550072,2994,2758.029,845,3941.43,19.350301,-249.567045
550494,2995,1364.823,422,3944.5,17.685391,-249.715515
551122,2996,2060.596,628,3949.7,19.154386,-249.375656
551701,2997,1909.555,579,3953.9,21.964176,-249.674782
552258,2998,1793.65,557,3957.38,17.085618,-249.843496
552934,2999,2165.582,676,3961.82,19.950133,-249.650733
553637,3000,2342.699,703,3966.89,19.665998,-249.646004
554148,3001,1697.782,511,3970.24,18.266362,-249.329806
554674,3002,1739.799,526,3973.47,18.29895,-249.588766
555635,3003,3095.28,961,3980.24,18.619943,-249.778836
556186,3004,1745.715,551,3984.49,19.887292,-249.240135
557186,3005,3177.351,1000,3991.08,19.786941,-249.895837
558186,3006,3185.699,1000,3998.47,19.309052,-249.395584
558828,3007,2053.651,642,4002.74,18.824105,-249.86262
559179,3008,1146.986,351,4005.14,19.751587,-249.896469
559782,3009,1977.988,603,4009.29,20.01439,-249.214817
560558,3010,2534.694,776,4017.51,21.078375,-249.44459
560905,3011,1116.293,347,4020.1,16.169138,-250.06691
561285,3012,1253.429,380,4022.55,18.902636,-249.666012
562002,3013,2326.434,717,4026.83,17.528452,-249.960717
562406,3014,1317.562,404,4029.18,20.908709,-249.199017
563406,3015,3176.555,1000,4036.42,18.711694,-249.839657
563846,3016,1439.998,440,4039.22,18.085129,-249.781022
564663,3017,2668.121,817,4044.91,18.437109,-249.279463
565099,3018,1418.171,436,4048.05,17.045727,-249.839875
565457,3019,1175.732,358,4050.63,18.329073,-249.209841
566277,3020,2727.874,820,4056.43,19.800002,-249.680925
566634,3021,1180.514,357,4059.02,16.423215,-250.071661
567303,3022,2186.279,669,4063.98,18.301057,-249.949805
567640,3023,1159.683,337,4066.35,19.510725,-250.020046
568308,3024,2240.048,668,4071.02,18.1055,-249.893788
568669,3025,1170.414,361,4073.75,18.978586,-249.499775
569111,3026,1443.594,442,4076.98,18.409928,-249.971744
569721,3027,2002.491,610,4081.13,17.695967,-250.037874
570721,3028,3204.654,1000,4093.3,19.37207,-250.23193
571093,3029,1213.054,372,4095.76,19.268721,-250.927079
572093,3030,3127.066,1000,4102.81,18.273348,-250.470128
573093,3031,3157.319,1000,4110.06,20.645558,-250.545525
573459,3032,1176.168,366,4112.64,18.172356,-250.196718
573954,3033,1619.207,495,4116.15,17.410481,-250.29508
574305,3034,1137.389,351,4119.05,16.374765,-250.697964
575305,3035,3158.348,1000,4126.24,18.864365,-250.739355
576305,3036,3156.246,1000,4132.96,18.843722,-250.748037
577305,3037,3134.689,1000,4139.45,18.618237,-250.62929
578305,3038,3164.575,1000,4146.39,17.548427,-251.157153
579305,3039,3153.357,1000,4153.25,18.066379,-251.143161
580305,3040,3172.24,1000,4166.08,16.991618,-250.888829
581305,3041,3261.871,1000,4172.91,19.585855,-251.498811
582305,3042,3274.074,1000,4180.37,17.85308,-251.351561
583305,3043,3148.038,1000,4186.97,19.783183,-251.086009
584305,3044,3165.649,1000,4193.81,18.403573,-251.463759
584881,3045,1884.186,576,4198.07,17.419088,-251.749152
585434,3046,1821.997,553,4201.9,18.432475,-251.519184
586239,3047,2671.378,805,4207.52,18.343842,-251.637682
587239,3048,3199.454,1000,4214.8,18.380521,-251.978837
588167,3049,3055.291,928,4221.31,18.025547,-251.724705
588686,3050,1737.788,519,4224.85,18.239803,-251.905687
589455,3051,2564.665,769,4230.23,17.833986,-252.154953
590455,3052,3170.241,1000,4242.82,16.973111,-252.190702
591455,3053,3134.0,1000,4250.22,18.444675,-252.638265
592455,3054,3133.293,1000,4257.27,16.737963,-252.736429
593455,3055,3142.938,1000,4264.43,18.96033,-252.966386
594455,3056,3147.476,1000,4271.11,18.243573,-252.789067
595455,3057,3142.485,1000,4277.99,17.959468,-253.096313
596455,3058,3150.496,1000,4285.02,17.550132,-252.904703
597455,3059,3148.074,1000,4291.9,17.081197,-253.305025
598455,3060,3177.719,1000,4298.63,18.43012,-253.726695
599455,3061,3154.999,1000,4305.47,16.681721,-253.779106
600455,3062,3164.302,1000,4318.4,16.388123,-253.996101
601455,3063,3151.996,1000,4325.41,17.862859,-254.092282
602455,3064,3159.998,1000,4332.22,16.082737,-254.357525
603455,3065,3153.404,1000,4339.03,17.707399,-254.245677
604455,3066,3169.267,1000,4346.26,16.478662,-254.782494
605455,3067,3142.671,1000,4353.37,17.555066,-255.130427
606455,3068,3155.35,1000,4360.87,16.435727,-255.032816
607455,3069,3084.342,1000,4368.23,17.507762,-254.939694
608455,3070,3158.78,1000,4376.2,16.966212,-254.795968
609455,3071,3145.655,1000,4385.71,19.99081,-255.227038
610455,3072,3159.457,1000,4402.03,17.243858,-255.504161
611455,3073,3151.977,1000,4411.24,16.556498,-255.463197
612455,3074,3130.591,1000,4418.84,17.942105,-255.657356
613455,3075,3119.51,1000,4426.07,17.100464,-255.742908
614455,3076,3122.646,1000,4433.24,16.990343,-255.827127
615455,3077,3171.609,1000,4440.34,17.462789,-255.644671
616455,3078,3156.434,1000,4447.17,17.330883,-255.80335
617455,3079,3155.845,1000,4454.07,18.554208,-256.432779
618455,3080,3148.056,1000,4461.13,16.209038,-256.91037
619455,3081,3116.578,1000,4468.61,17.108724,-256.5807
620455,3082,3162.324,1000,4482.51,17.621303,-256.670932
621455,3083,3158.854,1000,4490.15,16.821905,-257.007328
622455,3084,3161.004,1000,4497.73,17.500699,-256.733207
623455,3085,3130.251,1000,4505.86,20.058121,-257.338901
623787,3086,1115.453,332,4508.62,15.340031,-257.531891
624787,3087,3162.011,1000,4516.96,16.999463,-256.978897
625787,3088,3144.908,1000,4524.47,17.11763,-257.469764
626787,3089,3139.843,1000,4531.39,17.239728,-257.383197
627787,3090,3133.093,1000,4538.6,16.413655,-257.51043
628787,3091,3138.786,1000,4545.87,17.785724,-257.15178
629787,3092,3151.596,1000,4553.9,16.295834,-257.511894
630787,3093,3121.106,1000,4566.37,16.226802,-257.417524
631787,3094,3134.693,1000,4573.46,16.138238,-257.378805
632787,3095,3132.699,1000,4580.7,18.390586,-257.492136
633787,3096,3133.198,1000,4587.69,17.839101,-257.7063
634787,3097,3151.224,1000,4594.21,18.610714,-257.811332
635787,3098,3150.392,1000,4601.02,17.355738,-257.924794
636787,3099,3172.239,1000,4607.88,16.480783,-258.017163
637787,3100,3148.552,1000,4614.81,16.502555,-258.044033
638787,3101,3159.182,1000,4621.5,17.364705,-258.349659
639787,3102,3157.529,1000,4628.51,17.425268,-258.457743
640787,3103,3173.632,1000,4641.25,17.423631,-258.460655
641787,3104,3140.504,1000,4647.84,16.109956,-258.819964
642722,3105,3091.746,935,4654.21,17.235222,-259.075484
643722,3106,3136.352,1000,4661.31,16.91437,-258.964535
644722,3107,3156.113,1000,4668.18,16.690469,-259.133877
645722,3108,3165.535,1000,4674.66,17.534599,-258.993888
646722,3109,3163.767,1000,4681.52,17.421089,-258.996222
647722,3110,3192.745,1000,4688.29,15.316413,-259.468165
648722,3111,3168.919,1000,4694.96,17.926069,-259.348187
649722,3112,3166.176,1000,4701.52,16.425189,-259.173233
650722,3113,3161.458,1000,4715.53,17.056746,-259.258842
651722,3114,3171.155,1000,4723.13,17.834343,-259.784941
652722,3115,3143.411,1000,4730.54,15.270497,-259.647928
653722,3116,3169.495,1000,4737.96,16.005686,-259.813397
654496,3117,2563.879,774,4743.74,16.787646,-260.199752
655496,3118,3167.383,1000,4751.59,16.428642,-259.813878
656496,3119,3143.66,1000,4758.86,15.467864,-260.038773
657496,3120,3133.704,1000,4766.03,17.971056,-260.513546
658496,3121,3155.676,1000,4773.27,16.221485,-260.496966
659496,3122,3137.088,1000,4780.55,15.324839,-260.627159
660496,3123,3156.369,1000,4793.26,16.350811,-260.945982
661496,3124,3150.201,1000,4800.35,16.609784,-260.954747
662496,3125,3154.16,1000,4807.37,15.99035,-260.497489
663496,3126,3165.272,1000,4814.41,14.911546,-261.088411
664496,3127,3118.89,1000,4821.39,16.215311,-261.213993
665496,3128,3134.026,1000,4829.08,16.04235,-261.209367
666496,3129,3162.992,1000,4836.08,16.155385,-261.239672
667496,3130,3164.409,1000,4843.36,15.781213,-261.37108
668496,3131,3159.177,1000,4850.85,15.995013,-261.717035
669496,3132,3146.369,1000,4858.72,15.07742,-261.794242
669786,3133,846.408,290,4861.23,18.127993,-261.630658
670786,3134,3161.187,1000,4876.63,18.527494,-261.662605
671786,3135,3161.967,1000,4884.23,15.866755,-261.827164
672786,3136,3149.923,1000,4891.37,17.895741,-262.053712
673786,3137,3156.544,1000,4898.2,14.94015,-262.145318
674786,3138,3137.494,1000,4905.12,16.96184,-262.223096
675786,3139,3156.735,1000,4912.16,14.906803,-262.285674
676786,3140,3124.41,1000,4919.6,15.483568,-262.513506
677786,3141,3144.022,1000,4926.39,15.22427,-262.522349
678786,3142,3164.3,1000,4933.31,15.324793,-262.357476
679786,3143,3191.291,1000,4940.43,16.454449,-262.685877
680786,3144,3172.591,1000,4952.97,15.676424,-262.548165
681519,3145,2410.714,733,4957.75,16.092944,-262.574963
682519,3146,3153.823,1000,4964.51,15.662441,-262.338203
683519,3147,3170.56,1000,4971.24,18.641693,-262.680126
684519,3148,3156.923,1000,4977.92,16.758933,-262.872487
685519,3149,3146.02,1000,4984.97,14.413027,-262.954538
686461,3150,3110.105,942,4991.65,14.874267,-263.168169
687461,3151,3173.457,1000,4998.53,16.421743,-263.27556
688298,3152,2788.892,837,5003.99,14.599276,-263.527728
689298,3153,3221.67,1000,5011.09,15.133079,-263.549688
689906,3154,1993.438,608,5015.15,17.75283,-263.432029
690631,3155,2426.534,725,5026.14,14.457467,-263.724716
691631,3156,3186.37,1000,5032.98,16.651454,-263.52397
692473,3157,2808.225,842,5038.39,15.503834,-263.810127
693213,3158,2458.32,740,5043.52,16.801771,-263.677069
694008,3159,2644.798,795,5048.7,14.066409,-263.582109
695008,3160,3172.014,1000,5055.45,15.465828,-263.933783
695878,3161,2866.311,870,5061.47,14.918101,-264.06839
696516,3162,2120.811,638,5066.57,15.878117,-264.009476
697516,3163,3149.87,1000,5073.94,14.076413,-264.130857
698170,3164,2165.299,654,5078.86,15.793941,-264.28973
699170,3165,3263.621,1000,5086.01,15.191758,-264.006535
700086,3166,2997.583,916,5099.62,16.789584,-263.577217
700532,3167,1460.652,446,5103.25,17.43895,-264.317895
701467,3168,3104.484,935,5110.95,15.421298,-264.233683
702467,3169,3212.867,1000,5118.61,14.494396,-264.769466
703467,3170,3146.248,1000,5125.75,15.660415,-264.608369
704467,3171,3193.111,1000,5133.17,14.708767,-264.852754
705467,3172,3169.452,1000,5140.41,16.19953,-264.65777
706467,3173,3151.015,1000,5149.05,16.460837,-264.692643
707467,3174,3161.22,1000,5156.37,15.701781,-264.660001
708467,3175,3179.951,1000,5163.71,16.960865,-264.538131
709039,3176,1897.081,572,5167.68,14.888476,-264.822347
710039,3177,3163.427,1000,5180.46,14.988871,-264.83556
711039,3178,3149.196,1000,5188.1,14.489768,-264.969439
712039,3179,3204.085,1000,5195.73,15.451741,-265.066441
713039,3180,3160.642,1000,5202.74,15.561795,-264.621721
713839,3181,2682.365,800,5208.45,15.262256,-264.419098
714839,3182,3311.531,1000,5216.06,15.040797,-264.667751
715839,3183,3174.869,1000,5224.04,15.640043,-265.190445
716490,3184,2170.23,651,5229.08,14.537999,-265.048066
717272,3185,2634.564,782,5235.17,16.266198,-264.921756
718272,3186,3169.643,1000,5242.98,13.894643,-265.301306
719272,3187,3172.57,1000,5250.11,16.53801,-265.518765
720221,3188,3129.67,949,5262.06,16.615786,-265.543994
721221,3189,3153.617,1000,5268.9,16.253602,-265.735829
722221,3190,3169.512,1000,5276.35,14.719575,-265.727575
723221,3191,3172.314,1000,5283.63,16.591168,-265.757183
724221,3192,3176.994,1000,5290.74,14.973324,-266.066862
725221,3193,3182.636,1000,5297.8,17.158779,-265.65844
726221,3194,3197.027,1000,5304.83,16.114032,-265.660834
727221,3195,3181.232,1000,5311.65,16.157958,-265.86783
728221,3196,3209.336,1000,5318.39,14.649193,-266.156114
729221,3197,3163.535,1000,5325.17,14.807516,-265.766339
730221,3198,3218.688,1000,5337.97,15.263372,-266.044924
731221,3199,3157.854,1000,5344.77,14.399,-266.494533
732221,3200,3178.523,1000,5351.73,14.415336,-266.279177
733221,3201,3130.463,1000,5358.71,16.887481,-266.667666
734221,3202,3161.908,1000,5365.78,15.46732,-266.472684
735221,3203,3181.603,1000,5372.62,16.968206,-266.275298
736221,3204,3143.439,1000,5379.64,17.016853,-266.406839
737221,3205,3178.752,1000,5386.58,14.672354,-266.409285
738221,3206,3141.916,1000,5393.65,13.863521,-266.421837
739221,3207,3170.816,1000,5400.43,15.123495,-266.581205
739861,3208,2171.562,640,5404.91,15.515962,-266.768755
740861,3209,3155.272,1000,5417.99,15.661006,-266.310503
741861,3210,3175.126,1000,5425.22,13.117276,-266.389645
742861,3211,3152.626,1000,5432.6,17.783376,-266.326346
743861,3212,3160.729,1000,5440.05,16.357271,-266.408601
744861,3213,3165.589,1000,5447.43,14.253115,-266.614547
745861,3214,3168.678,1000,5454.95,14.265033,-266.504339
746861,3215,3157.849,1000,5462.54,13.824722,-266.338403
746885,3216,24.856,24,5462.73,24.050512,-268.432912
747885,3217,3183.809,1000,5470.31,15.581164,-266.407052
748691,3218,2701.199,806,5477.0,15.991865,-266.817483
749691,3219,3199.552,1000,5484.36,14.973409,-266.772108
750632,3220,3144.711,941,5496.79,15.292731,-266.77675
751632,3221,3141.831,1000,5504.12,15.788335,-266.632298
752632,3222,3151.996,1000,5511.32,15.980546,-266.502982
753632,3223,3250.19,1000,5518.05,15.174738,-266.707376
754632,3224,3172.802,1000,5525.05,14.972421,-266.966037
755632,3225,3151.365,1000,5532.16,14.253084,-267.1899
756632,3226,3140.236,1000,5539.27,14.982478,-267.200907
757632,3227,3160.123,1000,5546.82,16.294627,-267.193216
758632,3228,3150.467,1000,5554.39,14.87309,-267.260698
759632,3229,3159.298,1000,5561.27,13.259264,-267.165146
760632,3230,3160.136,1000,5575.76,13.911587,-267.210844
761632,3231,3144.811,1000,5583.75,17.525128,-267.04253
762632,3232,3148.427,1000,5592.09,15.869442,-267.308725
763632,3233,3153.644,1000,5600.01,15.238011,-267.588784
764632,3234,3156.124,1000,5607.28,15.458591,-267.519528
765632,3235,3163.05,1000,5614.33,14.878247,-267.086987
766401,3236,2595.727,769,5619.51,15.372002,-267.326839
767401,3237,3173.004,1000,5626.45,15.19977,-267.613443
768401,3238,3178.812,1000,5633.45,13.810147,-267.694857
769401,3239,3183.28,1000,5640.48,14.969865,-267.649498
770401,3240,3168.088,1000,5653.52,13.166903,-267.514921
770930,3241,1785.896,529,5657.17,12.830977,-268.25814
771792,3242,2878.976,862,5663.04,16.271032,-267.38669
772792,3243,3159.568,1000,5669.91,13.568757,-267.34809
773792,3244,3163.407,1000,5676.86,15.266108,-267.725364
774792,3245,3158.26,1000,5683.82,14.314739,-267.649692
775792,3246,3147.826,1000,5690.59,13.592132,-267.927441
776792,3247,3174.302,1000,5697.42,14.486851,-267.858114
777792,3248,3159.716,1000,5704.21,15.731333,-268.003756
778792,3249,3153.991,1000,5711.06,14.333426,-267.923608
779792,3250,3170.056,1000,5717.95,14.355639,-268.262064
780792,3251,3139.23,1000,5730.91,13.471547,-268.142264
781792,3252,3172.224,1000,5737.69,13.991453,-268.028144
782792,3253,3192.598,1000,5744.46,13.037299,-268.202036
783792,3254,3181.296,1000,5752.24,16.133804,-268.263427
784792,3255,3145.327,1000,5759.46,13.034559,-268.250899
785792,3256,3138.07,1000,5766.5,14.303305,-268.241644
786792,3257,3161.977,1000,5773.2,13.525226,-268.247624
787223,3258,1396.448,431,5776.39,12.85677,-267.837105
788223,3259,3148.347,1000,5783.09,13.70374,-268.161536
789223,3260,3186.445,1000,5790.71,15.037895,-268.176064
790143,3261,3088.746,920,5804.08,13.016865,-268.43344
791143,3262,3185.2,1000,5811.49,14.159643,-268.427206
792143,3263,3243.527,1000,5819.21,15.231659,-268.300467
792578,3264,1461.531,435,5822.8,13.941155,-268.428966
793578,3265,3202.791,1000,5830.88,13.655319,-268.390913
794071,3266,1708.338,493,5834.65,15.490101,-268.602534
794677,3267,2027.526,606,5839.61,12.871364,-268.545159
795089,3268,1387.783,412,5842.62,15.166284,-268.705403
795559,3269,1513.658,470,5845.98,14.472339,-268.580366
795988,3270,1450.342,429,5849.09,13.628021,-268.798907
796988,3271,3149.938,1000,5856.16,13.721905,-268.468438
797386,3272,1359.313,398,5859.04,12.816805,-268.329581
798386,3273,3192.416,1000,5866.17,13.916706,-268.735204
799386,3274,3226.216,1000,5873.09,15.527859,-268.66021
800041,3275,2191.96,655,5883.42,14.723951,-268.198336
801041,3276,3149.342,1000,5890.26,14.218554,-268.941292
801929,3277,2945.804,888,5896.57,15.257676,-268.677665
802929,3278,3178.815,1000,5903.56,14.175083,-269.053466
803929,3279,3228.505,1000,5911.37,14.051097,-268.535056
804929,3280,3194.991,1000,5919.17,14.187253,-268.834644
805544,3281,2059.644,615,5923.62,12.275428,-268.761932
806416,3282,2891.916,872,5930.46,14.008406,-269.073737
807287,3283,2909.195,871,5937.59,14.566084,-268.888921
808287,3284,3165.067,1000,5945.72,12.745457,-268.689562
809287,3285,3152.191,1000,5953.74,14.017337,-268.838408
810287,3286,3158.663,1000,5967.53,15.085528,-269.009326
811287,3287,3224.275,1000,5974.68,14.231657,-268.974552
812287,3288,3166.741,1000,5981.91,15.804558,-269.15167
813287,3289,3174.32,1000,5988.81,13.390667,-269.189111
814146,3290,2899.949,859,5994.56,15.685966,-269.208813
815146,3291,3195.947,1000,6001.71,13.789152,-269.41562
816146,3292,3155.45,1000,6008.92,13.837357,-269.51107
817146,3293,3166.633,1000,6016.13,14.172151,-269.541873
818146,3294,3152.542,1000,6022.66,14.077887,-269.86774
818645,3295,1705.088,499,6026.41,13.150198,-269.582449
819645,3296,3150.165,1000,6032.9,14.022789,-269.625801
820645,3297,3151.093,1000,6044.86,13.718721,-269.707285
821645,3298,3175.546,1000,6052.19,13.889946,-269.514479
822645,3299,3146.123,1000,6058.9,13.17969,-269.64447
823645,3300,3189.01,1000,6065.99,13.572548,-269.974077
824607,3301,3202.43,962,6072.54,12.747108,-270.118613
825607,3302,3186.079,1000,6079.8,13.763389,-270.250197
826607,3303,3186.155,1000,6086.59,14.456334,-269.860324
827607,3304,3179.653,1000,6093.74,15.096892,-269.934163
828607,3305,3158.548,1000,6099.91,14.96593,-270.149468
829607,3306,3165.402,1000,6107.23,13.19737,-270.352944
830607,3307,3158.04,1000,6120.38,13.944056,-269.997506
831208,3308,2024.934,601,6124.03,13.401862,-270.268678
832208,3309,3146.112,1000,6131.42,14.559188,-270.538757
833208,3310,3169.48,1000,6138.38,14.419657,-270.516972
834208,3311,3163.845,1000,6145.22,13.553311,-270.551417
835208,3312,3165.824,1000,6151.83,14.004525,-270.641491
836208,3313,3179.32,1000,6158.39,13.52738,-270.725905
837208,3314,3163.758,1000,6165.25,13.389958,-270.512436
838208,3315,3150.307,1000,6171.83,13.620917,-270.677942
839208,3316,3142.788,1000,6178.29,13.547598,-270.7
840208,3317,3163.577,1000,6191.15,14.079982,-271.01818
841208,3318,3174.476,1000,6198.17,12.995411,-270.867058
842208,3319,3156.989,1000,6204.94,14.466208,-270.850048
843208,3320,3147.874,1000,6212.14,12.836302,-271.38784
844208,3321,3143.773,1000,6219.15,13.222128,-271.269782
844722,3322,1744.5,514,6222.8,15.756576,-271.467219
845722,3323,3145.191,1000,6229.84,14.232339,-271.447272
846722,3324,3131.601,1000,6237.26,14.619375,-271.082069
847656,3325,3112.796,934,6243.59,13.420139,-271.344223
848656,3326,3150.589,1000,6250.78,13.935235,-271.355789
849656,3327,3151.397,1000,6257.71,14.026551,-271.469797
850656,3328,3129.777,1000,6270.93,13.97502,-271.056083
851656,3329,3129.248,1000,6278.73,14.761265,-271.419357
852656,3330,3131.436,1000,6286.15,12.798936,-271.44946
853656,3331,3156.23,1000,6293.86,14.852221,-271.47984
854656,3332,3141.71,1000,6302.1,13.137619,-271.994602
855656,3333,3143.273,1000,6310.42,13.315972,-271.86394
856656,3334,3141.956,1000,6318.31,12.856912,-271.849938
857656,3335,3168.86,1000,6325.04,13.542267,-271.479671
858656,3336,3145.956,1000,6331.97,12.125142,-271.60799
859656,3337,3143.86,1000,6339.02,13.1259,-271.905483
860656,3338,3146.375,1000,6352.78,14.034152,-271.881122
861656,3339,3141.425,1000,6359.79,12.123949,-271.841678
862656,3340,3144.399,1000,6367.11,13.345403,-272.17223
863656,3341,3149.199,1000,6374.1,14.047849,-272.081979
864656,3342,3135.629,1000,6381.04,13.514068,-271.733326
865656,3343,3138.469,1000,6387.89,12.442326,-272.037853
866656,3344,3136.501,1000,6394.81,14.492284,-271.952242
867656,3345,3122.376,1000,6401.93,13.200912,-271.988512
868656,3346,3137.463,1000,6408.58,13.745484,-272.165279
869656,3347,3199.697,1000,6415.37,13.587266,-272.165618
870656,3348,3118.185,1000,6428.51,14.482495,-272.247982
871656,3349,3132.927,1000,6435.46,14.743048,-272.451706
872656,3350,3161.065,1000,6442.35,15.398627,-272.178439
873656,3351,3133.681,1000,6449.13,11.972955,-272.773634
874656,3352,3127.439,1000,6456.32,13.989964,-272.129968
875656,3353,3168.447,1000,6463.31,14.206118,-272.167068
876656,3354,3141.826,1000,6470.06,12.654401,-272.460908
877349,3355,2360.337,693,6474.9,16.711855,-272.586843
878349,3356,3170.99,1000,6481.89,15.134554,-272.354092
878741,3357,1348.927,392,6484.54,14.683813,-271.86327
879741,3358,3152.037,1000,6491.6,12.716427,-272.397901
880741,3359,3164.454,1000,6504.82,14.637411,-272.367354
881741,3360,3168.939,1000,6512.33,14.427246,-272.492341
882741,3361,3131.574,1000,6519.64,15.387215,-272.212528
883741,3362,3174.335,1000,6526.98,16.411306,-272.356592
884741,3363,3154.204,1000,6534.94,15.280865,-272.420945
885178,3364,1500.022,437,6538.25,13.697674,-272.374179
885676,3365,1725.696,498,6541.67,14.613468,-272.025242
886079,3366,1402.903,403,6544.96,13.761066,-271.98525
887079,3367,3302.039,1000,6552.38,14.801916,-271.870246
888079,3368,3207.313,1000,6559.89,13.320567,-272.035153
889079,3369,3154.701,1000,6567.16,14.506177,-272.323708
890079,3370,3120.701,1000,6580.21,13.327704,-272.18789
890369,3371,991.435,290,6582.34,12.640796,-272.592244
891369,3372,3177.816,1000,6589.56,13.124805,-272.322616
891712,3373,1190.074,343,6591.99,13.606437,-272.398921
892712,3374,3176.098,1000,6598.91,12.790359,-272.438344
893712,3375,3179.855,1000,6606.01,14.851475,-272.340246
894712,3376,3163.817,1000,6612.92,13.67768,-272.211295
895712,3377,3156.362,1000,6619.82,12.90358,-272.525406
896712,3378,3146.843,1000,6627.39,12.803372,-272.644881
897712,3379,3140.212,1000,6634.97,13.198455,-272.566383
898712,3380,3141.654,1000,6642.57,14.096251,-272.620273
899165,3381,1574.716,453,6646.13,12.68519,-272.51651
900165,3382,3204.3,1000,6661.77,13.671266,-272.928493
901165,3383,3133.003,1000,6669.78,12.282037,-272.837564
902165,3384,3168.652,1000,6678.19,13.120593,-272.887461
903165,3385,3149.754,1000,6685.58,12.964449,-273.057053
904165,3386,3169.873,1000,6692.27,12.283775,-273.098881
904708,3387,1860.093,543,6696.24,14.933102,-272.98452
905708,3388,3242.712,1000,6702.85,11.884911,-273.01327
906708,3389,3139.103,1000,6710.01,13.911901,-273.397526
907708,3390,3144.96,1000,6717.42,12.438797,-273.156709
908708,3391,3202.466,1000,6724.66,13.252454,-273.210707
909708,3392,3142.24,1000,6731.51,13.88549,-273.095659
910708,3393,3146.667,1000,6744.25,12.695246,-273.25074
911374,3394,2243.29,666,6748.96,12.307426,-272.990695
912374,3395,3167.032,1000,6755.77,14.425612,-273.120451
913374,3396,3152.86,1000,6762.63,12.692383,-273.262571
914374,3397,3156.65,1000,6769.54,13.536955,-273.245123
915374,3398,3235.0,1000,6776.51,12.753622,-273.076669
916374,3399,3185.023,1000,6783.34,11.923632,-273.266818
917374,3400,3160.101,1000,6790.33,12.253898,-273.405312
918374,3401,3134.929,1000,6797.36,11.8967,-273.24222
919374,3402,3151.49,1000,6804.33,14.072736,-273.085432
920374,3403,3151.909,1000,6816.81,13.554495,-273.348691
921374,3404,3168.864,1000,6823.85,13.37002,-273.406763
922374,3405,3160.826,1000,6830.93,12.140995,-273.013471
923374,3406,3173.503,1000,6837.87,12.288732,-273.862386
924374,3407,3152.274,1000,6844.75,11.790338,-273.789534
925374,3408,3148.711,1000,6851.78,11.956532,-273.674134
926240,3409,2871.429,866,6857.91,11.757402,-273.847102
927240,3410,3140.275,1000,6864.94,11.124401,-273.676578
928240,3411,3161.177,1000,6872.64,11.193011,-273.701276
929240,3412,3137.984,1000,6880.2,12.482491,-273.802797
930240,3413,3139.705,1000,6894.84,12.571462,-274.019945
931240,3414,3145.743,1000,6902.26,11.792299,-274.065751
932240,3415,3156.795,1000,6909.43,12.552082,-273.874951
933240,3416,3169.813,1000,6916.68,10.877626,-274.060607
934240,3417,3134.377,1000,6924.22,12.388479,-274.138407
935240,3418,3141.087,1000,6931.35,13.732897,-273.933448
936240,3419,3130.619,1000,6938.51,11.090162,-274.173436
937240,3420,3143.812,1000,6945.74,11.349646,-274.014259
938240,3421,3140.499,1000,6953.45,13.65106,-273.98599
939240,3422,3140.264,1000,6960.19,12.353443,-274.224624
940240,3423,3145.455,1000,6972.82,12.730489,-274.179322
941240,3424,3131.072,1000,6979.67,11.04592,-274.4598
941590,3425,1204.958,350,6982.34,12.300964,-274.198153
942590,3426,3122.659,1000,6990.18,13.172072,-274.387917
943590,3427,3153.571,1000,6997.91,12.3594,-274.335379
944590,3428,3157.494,1000,7005.38,12.440384,-274.487096
945590,3429,3138.043,1000,7013.25,12.552354,-274.529676
946590,3430,3166.645,1000,7021.33,12.872633,-274.596616
947385,3431,2668.383,795,7027.54,14.206514,-274.172468
948385,3432,3148.424,1000,7035.61,13.220706,-274.741102
949385,3433,3207.371,1000,7043.33,11.889392,-274.635568
950385,3434,3157.265,1000,7056.06,12.629028,-274.62903
951007,3435,2026.708,622,7060.5,11.15206,-275.042033
952007,3436,3137.488,1000,7067.47,11.864924,-274.831083
953007,3437,3134.0,1000,7074.56,11.63746,-275.045129
954007,3438,3145.989,1000,7081.96,13.289198,-274.949747
955001,3439,3314.979,994,7089.13,12.347726,-274.940018
956001,3440,3177.155,1000,7096.13,12.504512,-274.968576
956562,3441,1896.607,561,7100.19,11.147362,-275.211201
957562,3442,3185.48,1000,7106.92,11.754693,-274.927919
958562,3443,3121.892,1000,7113.69,14.438359,-274.92806
959562,3444,3130.215,1000,7120.63,11.489647,-275.182196
960562,3445,3115.376,1000,7133.35,13.242771,-275.333221
961562,3446,3126.605,1000,7140.16,12.449551,-275.236519
962562,3447,3133.453,1000,7146.97,12.552894,-275.296709
963562,3448,3124.621,1000,7154.08,13.232351,-275.485091
964562,3449,3123.311,1000,7161.3,12.223312,-275.060587
965562,3450,3099.71,1000,7168.08,13.545567,-275.431976
966562,3451,3127.281,1000,7174.95,11.375294,-275.020507
967221,3452,2176.037,659,7179.72,12.354176,-275.233258
968221,3453,3141.586,1000,7186.74,12.394297,-275.660079
969221,3454,3132.931,1000,7193.62,12.028841,-275.335384
970221,3455,3138.524,1000,7206.41,11.504301,-275.509651
971221,3456,3224.529,1000,7213.12,13.629826,-275.686172
972221,3457,3119.279,1000,7219.69,11.842746,-275.519333
973221,3458,3137.073,1000,7227.4,11.925606,-275.682089
974221,3459,3136.825,1000,7234.92,13.617228,-275.706196
975221,3460,3173.696,1000,7242.55,13.315129,-276.056442
975987,3461,2545.417,766,7248.38,12.285884,-276.140296
976987,3462,3363.659,1000,7255.42,12.971148,-275.957083
977987,3463,3173.116,1000,7263.17,11.501762,-275.83303
978335,3464,1230.036,348,7265.56,12.046185,-275.751269
979335,3465,3142.164,1000,7273.34,11.348126,-275.764069
980335,3466,3137.723,1000,7287.14,13.209691,-275.775746
981335,3467,3118.727,1000,7294.31,11.688455,-275.958593
982335,3468,3137.838,1000,7301.54,11.36758,-275.784499
983335,3469,3161.144,1000,7308.8,11.084227,-276.168901
984335,3470,3110.884,1000,7315.79,12.583118,-276.128297
985335,3471,3115.477,1000,7322.28,11.136816,-276.097898
986335,3472,3113.784,1000,7329.2,13.069905,-276.199465
987335,3473,3146.049,1000,7336.36,11.267566,-276.497034
988335,3474,3150.343,1000,7343.37,12.362997,-276.414173
989335,3475,3215.676,1000,7351.24,10.838911,-276.641899
990335,3476,3194.117,1000,7365.5,10.090728,-276.46795
991335,3477,3180.852,1000,7372.31,11.866354,-276.738809
992335,3478,3159.923,1000,7380.21,12.246599,-276.924083
993335,3479,3172.434,1000,7387.7,13.174378,-276.659221
993778,3480,1497.125,443,7391.17,10.737615,-276.401296
994778,3481,3369.14,1000,7398.77,12.610053,-276.413402
995778,3482,3148.735,1000,7405.97,11.177869,-276.774502
995811,3483,43.355,33,7406.21,12.043189,-275.602518
996811,3484,3159.39,1000,7413.34,10.352098,-276.627169
997811,3485,3170.791,1000,7420.38,13.225601,-276.958394
998254,3486,1480.98,443,7423.36,10.557422,-276.666832
998591,3487,1164.481,337,7425.84,10.17681,-277.246809
999058,3488,1604.499,467,7429.14,10.188997,-276.356509
999441,3489,1322.928,383,7431.77,13.628597,-276.439061
