timestep,episode,episode_reward,episode_length,wall_time,critic_loss,actor_loss
28,0,-4.634,28,0.01,,
43,1,-1.096,15,0.01,,
72,2,19.693,29,0.05,,
109,3,8.502,37,0.07,,
118,4,-2.359,9,0.08,,
147,5,3.414,29,0.11,,
165,6,-2.202,18,0.12,,
185,7,-3.503,20,0.13,,
202,8,-4.492,17,0.13,,
222,9,-6.735,20,0.14,,
249,10,-7.889,27,0.15,,
261,11,0.759,12,0.16,,
290,12,8.752,29,0.16,,
323,13,2.306,33,0.17,,
334,14,-2.796,11,0.17,,
348,15,3.365,14,0.17,,
357,16,-2.888,9,0.17,,
372,17,3.769,15,0.18,,
410,18,2.669,38,0.18,,
427,19,-1.376,17,0.19,,
446,20,1.492,19,0.19,,
478,21,9.582,32,0.19,,
489,22,-1.626,11,0.2,,
504,23,3.229,15,0.2,,
523,24,-6.079,19,0.21,,
542,25,2.641,19,0.21,,
558,26,6.023,16,0.22,,
574,27,1.985,16,0.22,,
589,28,-1.717,15,0.22,,
603,29,-3.358,14,0.22,,
637,30,8.601,34,0.23,,
653,31,4.481,16,0.23,,
667,32,1.654,14,0.23,,
678,33,-0.885,11,0.23,,
701,34,0.518,23,0.24,,
715,35,-6.795,14,0.24,,
726,36,-1.335,11,0.24,,
748,37,5.702,22,0.24,,
768,38,5.219,20,0.25,,
793,39,3.085,25,0.25,,
829,40,-0.412,36,0.26,,
856,41,-0.752,27,0.26,,
892,42,12.01,36,0.27,,
911,43,6.599,19,0.27,,
928,44,-0.96,17,0.27,,
958,45,-3.618,30,0.28,,
977,46,2.336,19,0.28,,
990,47,-2.173,13,0.28,,
1016,48,1.34,26,0.29,,
1036,49,-10.946,20,0.29,,
1070,50,14.155,34,0.3,,
1087,51,5.613,17,0.3,,
1105,52,0.572,18,0.3,,
1136,53,4.969,31,0.31,,
1153,54,3.896,17,0.31,,
1165,55,-3.863,12,0.32,,
1176,56,0.713,11,0.32,,
1188,57,-3.108,12,0.32,,
1215,58,12.513,27,0.33,,
1231,59,5.495,16,0.33,,
1255,60,-0.064,24,0.34,,
1296,61,19.479,41,0.34,,
1316,62,-2.187,20,0.35,,
1337,63,7.751,21,0.35,,
1355,64,-9.665,18,0.36,,
1370,65,0.008,15,0.36,,
1378,66,-3.772,8,0.36,,
1400,67,-2.903,22,0.37,,
1422,68,6.105,22,0.37,,
1441,69,6.543,19,0.37,,
1466,70,-9.696,25,0.38,,
1477,71,-1.254,11,0.38,,
1489,72,-1.658,12,0.39,,
1504,73,2.16,15,0.39,,
1519,74,1.583,15,0.39,,
1536,75,0.268,17,0.39,,
1549,76,-1.042,13,0.4,,
1562,77,-0.589,13,0.4,,
1579,78,-1.793,17,0.4,,
1611,79,1.879,32,0.41,,
1626,80,3.256,15,0.41,,
1639,81,-2.909,13,0.41,,
1657,82,4.073,18,0.42,,
1669,83,-1.032,12,0.42,,
1691,84,1.963,22,0.42,,
1714,85,-4.744,23,0.43,,
1726,86,-4.698,12,0.43,,
1749,87,-3.738,23,0.43,,
1767,88,4.393,18,0.44,,
1790,89,6.375,23,0.44,,
1804,90,2.631,14,0.44,,
1828,91,-1.272,24,0.45,,
1846,92,2.358,18,0.45,,
1875,93,0.054,29,0.45,,
1897,94,-1.125,22,0.46,,
1920,95,1.439,23,0.47,,
1942,96,-7.609,22,0.47,,
1969,97,1.288,27,0.48,,
1981,98,-3.569,12,0.49,,
2011,99,9.665,30,0.5,,
2026,100,1.85,15,0.51,,
2062,101,4.363,36,0.51,,
2078,102,0.289,16,0.52,,
2100,103,5.903,22,0.52,,
2138,104,8.163,38,0.53,,
2199,105,27.872,61,0.54,,
2241,106,5.136,42,0.55,,
2256,107,-4.816,15,0.55,,
2292,108,8.904,36,0.56,,
2308,109,3.351,16,0.56,,
2339,110,6.587,31,0.56,,
2358,111,8.465,19,0.57,,
2382,112,2.317,24,0.57,,
2400,113,-1.055,18,0.57,,
2416,114,3.106,16,0.58,,
2443,115,9.895,27,0.58,,
2464,116,-6.681,21,0.59,,
2477,117,-0.127,13,0.59,,
2496,118,6.083,19,0.59,,
2509,119,1.122,13,0.59,,
2520,120,-2.426,11,0.6,,
2539,121,-6.131,19,0.6,,
2551,122,-3.268,12,0.6,,
2575,123,-10.251,24,0.6,,
2595,124,-7.164,20,0.61,,
2611,125,3.157,16,0.61,,
2630,126,2.337,19,0.61,,
2640,127,-2.423,10,0.62,,
2651,128,-2.288,11,0.62,,
2668,129,0.143,17,0.62,,
2690,130,-1.078,22,0.62,,
2703,131,1.16,13,0.63,,
2716,132,-3.163,13,0.63,,
2737,133,7.26,21,0.63,,
2766,134,11.619,29,0.64,,
2792,135,7.653,26,0.64,,
2810,136,1.129,18,0.64,,
2831,137,7.173,21,0.65,,
2846,138,-2.016,15,0.65,,
2869,139,-10.089,23,0.65,,
2900,140,2.358,31,0.66,,
2917,141,4.391,17,0.67,,
2935,142,-0.502,18,0.67,,
2959,143,2.269,24,0.67,,
2972,144,-1.357,13,0.67,,
2990,145,-2.241,18,0.68,,
3009,146,0.718,19,0.68,,
3024,147,3.677,15,0.68,,
3034,148,-2.388,10,0.68,,
3053,149,2.244,19,0.69,,
3063,150,-0.706,10,0.69,,
3088,151,1.23,25,0.69,,
3097,152,-2.855,9,0.69,,
3114,153,4.293,17,0.7,,
3141,154,8.627,27,0.7,,
3175,155,14.976,34,0.71,,
3188,156,-1.184,13,0.71,,
3220,157,4.803,32,0.72,,
3256,158,5.411,36,0.72,,
3281,159,-7.588,25,0.73,,
3295,160,2.096,14,0.73,,
3319,161,9.744,24,0.73,,
3363,162,9.348,44,0.74,,
3380,163,-0.375,17,0.74,,
3399,164,2.249,19,0.74,,
3434,165,6.812,35,0.75,,
3461,166,3.301,27,0.75,,
3480,167,-1.535,19,0.76,,
3488,168,-1.914,8,0.76,,
3505,169,4.048,17,0.76,,
3519,170,-0.258,14,0.76,,
3536,171,3.417,17,0.77,,
3552,172,1.993,16,0.77,,
3570,173,1.21,18,0.77,,
3594,174,7.502,24,0.78,,
3623,175,3.955,29,0.78,,
3644,176,6.676,21,0.79,,
3655,177,-0.276,11,0.79,,
3668,178,0.49,13,0.79,,
3688,179,1.554,20,0.79,,
3717,180,7.204,29,0.8,,
3742,181,5.746,25,0.8,,
3775,182,7.02,33,0.81,,
3796,183,2.638,21,0.81,,
3813,184,-8.013,17,0.82,,
3835,185,5.058,22,0.82,,
3862,186,-0.997,27,0.82,,
3882,187,-0.178,20,0.83,,
3906,188,3.285,24,0.83,,
3917,189,-0.293,11,0.83,,
3928,190,-2.401,11,0.83,,
3953,191,10.701,25,0.84,,
3982,192,0.311,29,0.84,,
3995,193,-3.145,13,0.84,,
4008,194,-1.42,13,0.85,,
4027,195,1.476,19,0.85,,
4051,196,-6.715,24,0.85,,
4079,197,-0.991,28,0.86,,
4101,198,9.187,22,0.86,,
4115,199,-8.372,14,0.86,,
4171,200,33.723,56,0.87,,
4186,201,1.112,15,0.87,,
4208,202,6.873,22,0.88,,
4219,203,-1.764,11,0.88,,
4229,204,0.056,10,0.88,,
4239,205,-1.644,10,0.88,,
4250,206,0.068,11,0.89,,
4276,207,3.274,26,0.89,,
4288,208,-0.646,12,0.89,,
4307,209,2.95,19,0.89,,
4322,210,-1.864,15,0.9,,
4336,211,1.372,14,0.9,,
4347,212,-1.679,11,0.9,,
4359,213,-3.906,12,0.9,,
4391,214,2.329,32,0.91,,
4405,215,1.139,14,0.91,,
4426,216,5.703,21,0.91,,
4441,217,4.453,15,0.92,,
4459,218,6.397,18,0.92,,
4479,219,5.823,20,0.92,,
4511,220,-3.352,32,0.93,,
4523,221,-0.63,12,0.93,,
4536,222,-5.035,13,0.93,,
4552,223,3.89,16,0.93,,
4576,224,5.285,24,0.94,,
4588,225,-2.063,12,0.94,,
4623,226,-5.163,35,0.95,,
4634,227,0.263,11,0.95,,
4651,228,2.504,17,0.95,,
4669,229,-6.103,18,0.95,,
4686,230,-11.137,17,0.96,,
4718,231,3.825,32,0.96,,
4737,232,2.249,19,0.96,,
4766,233,6.83,29,0.97,,
4791,234,-6.117,25,0.97,,
4810,235,3.441,19,0.98,,
4824,236,-3.862,14,0.98,,
4838,237,-0.353,14,0.98,,
4875,238,2.026,37,0.99,,
4888,239,1.463,13,0.99,,
4916,240,4.0,28,0.99,,
4938,241,-5.672,22,1.0,,
4954,242,0.493,16,1.0,,
4970,243,-6.147,16,1.0,,
4992,244,8.947,22,1.0,,
5008,245,4.527,16,1.01,,
5062,246,1.838,54,1.02,,
5076,247,-0.671,14,1.02,,
5092,248,-5.832,16,1.02,,
5110,249,6.21,18,1.02,,
5128,250,6.777,18,1.03,,
5144,251,0.501,16,1.03,,
5173,252,12.13,29,1.03,,
5196,253,-4.786,23,1.04,,
5223,254,10.221,27,1.04,,
5239,255,4.292,16,1.04,,
5256,256,1.276,17,1.05,,
5268,257,-5.435,12,1.05,,
5283,258,-0.261,15,1.05,,
5292,259,-3.38,9,1.05,,
5305,260,-7.668,13,1.05,,
5315,261,-0.92,10,1.06,,
5344,262,11.502,29,1.06,,
5352,263,-2.171,8,1.06,,
5368,264,0.965,16,1.07,,
5385,265,4.097,17,1.07,,
5415,266,-6.544,30,1.07,,
5432,267,-0.269,17,1.07,,
5445,268,3.111,13,1.08,,
5459,269,1.688,14,1.08,,
5474,270,0.031,15,1.08,,
5487,271,0.07,13,1.08,,
5519,272,1.997,32,1.09,,
5565,273,3.453,46,1.1,,
5583,274,1.678,18,1.1,,
5606,275,-5.491,23,1.1,,
5640,276,-2.877,34,1.11,,
5657,277,-1.191,17,1.11,,
5679,278,3.368,22,1.11,,
5691,279,-6.351,12,1.12,,
5720,280,-2.067,29,1.12,,
5732,281,1.059,12,1.12,,
5761,282,4.679,29,1.13,,
5770,283,-6.465,9,1.13,,
5791,284,4.113,21,1.13,,
5810,285,3.278,19,1.13,,
5824,286,0.428,14,1.14,,
5838,287,0.603,14,1.14,,
5847,288,-3.328,9,1.14,,
5865,289,2.721,18,1.14,,
5880,290,-3.537,15,1.15,,
5898,291,0.631,18,1.15,,
5915,292,5.869,17,1.15,,
5939,293,10.881,24,1.16,,
5955,294,-5.537,16,1.16,,
5969,295,1.577,14,1.16,,
5990,296,5.242,21,1.16,,
6001,297,-2.528,11,1.17,,
6015,298,0.246,14,1.17,,
6065,299,32.919,50,1.18,,
6093,300,9.222,28,1.18,,
6114,301,3.342,21,1.18,,
6132,302,5.164,18,1.19,,
6147,303,-7.976,15,1.19,,
6168,304,7.626,21,1.19,,
6196,305,5.687,28,1.2,,
6213,306,5.366,17,1.2,,
6225,307,1.755,12,1.2,,
6239,308,3.618,14,1.2,,
6256,309,5.184,17,1.21,,
6283,310,8.849,27,1.21,,
6299,311,0.869,16,1.21,,
6317,312,-5.97,18,1.22,,
6334,313,1.93,17,1.22,,
6364,314,-5.409,30,1.22,,
6389,315,-1.1,25,1.23,,
6404,316,-5.661,15,1.23,,
6433,317,-3.682,29,1.23,,
6463,318,13.446,30,1.24,,
6487,319,3.404,24,1.24,,
6506,320,1.475,19,1.25,,
6523,321,-3.374,17,1.25,,
6538,322,-1.137,15,1.25,,
6559,323,-2.06,21,1.25,,
6580,324,-9.02,21,1.26,,
6599,325,-2.576,19,1.26,,
6617,326,5.733,18,1.26,,
6629,327,0.779,12,1.27,,
6662,328,-0.673,33,1.27,,
6679,329,3.226,17,1.27,,
6696,330,2.218,17,1.28,,
6721,331,6.04,25,1.28,,
6733,332,0.485,12,1.28,,
6753,333,-5.878,20,1.28,,
6775,334,5.179,22,1.29,,
6785,335,-3.541,10,1.29,,
6804,336,1.719,19,1.29,,
6838,337,6.291,34,1.3,,
6859,338,3.874,21,1.3,,
6876,339,3.942,17,1.31,,
6912,340,12.623,36,1.31,,
6920,341,-3.116,8,1.31,,
6932,342,0.011,12,1.31,,
6950,343,-4.152,18,1.32,,
6976,344,0.456,26,1.32,,
7029,345,32.654,53,1.33,,
7048,346,7.301,19,1.33,,
7057,347,-3.295,9,1.33,,
7074,348,-7.933,17,1.34,,
7096,349,3.736,22,1.34,,
7111,350,1.552,15,1.34,,
7140,351,2.725,29,1.35,,
7169,352,5.132,29,1.35,,
7183,353,-3.16,14,1.36,,
7204,354,-0.266,21,1.36,,
7238,355,6.7,34,1.36,,
7258,356,-4.313,20,1.37,,
7271,357,0.032,13,1.37,,
7291,358,2.001,20,1.37,,
7315,359,-6.503,24,1.38,,
7335,360,5.037,20,1.38,,
7359,361,6.432,24,1.39,,
7369,362,-1.722,10,1.39,,
7386,363,-0.168,17,1.39,,
7401,364,-7.841,15,1.4,,
7416,365,-0.27,15,1.4,,
7432,366,-2.052,16,1.4,,
7447,367,-3.67,15,1.4,,
7467,368,-1.103,20,1.41,,
7485,369,0.736,18,1.41,,
7498,370,0.964,13,1.41,,
7512,371,-0.758,14,1.41,,
7529,372,-1.006,17,1.42,,
7555,373,2.589,26,1.42,,
7570,374,2.793,15,1.42,,
7582,375,0.894,12,1.42,,
7601,376,-2.067,19,1.43,,
7632,377,1.122,31,1.43,,
7647,378,-6.389,15,1.43,,
7660,379,-0.857,13,1.44,,
7675,380,1.487,15,1.44,,
7690,381,-1.186,15,1.44,,
7711,382,8.51,21,1.45,,
7738,383,2.524,27,1.45,,
7768,384,2.188,30,1.46,,
7782,385,1.982,14,1.46,,
7804,386,-6.895,22,1.46,,
7824,387,6.979,20,1.47,,
7856,388,2.835,32,1.47,,
7866,389,-2.274,10,1.47,,
7893,390,5.066,27,1.48,,
7917,391,3.226,24,1.48,,
7938,392,-5.989,21,1.49,,
7958,393,-0.29,20,1.49,,
7984,394,-3.281,26,1.49,,
8011,395,-0.27,27,1.5,,
8032,396,-6.231,21,1.5,,
8044,397,0.253,12,1.51,,
8060,398,4.161,16,1.51,,
8100,399,15.678,40,1.52,,
8125,400,4.261,25,1.53,,
8149,401,0.769,24,1.54,,
8174,402,-1.484,25,1.54,,
8192,403,2.615,18,1.54,,
8204,404,-3.78,12,1.54,,
8227,405,-2.884,23,1.55,,
8237,406,-1.681,10,1.55,,
8258,407,3.099,21,1.55,,
8277,408,7.332,19,1.56,,
8313,409,16.92,36,1.56,,
8323,410,-5.523,10,1.56,,
8336,411,-0.628,13,1.57,,
8356,412,1.552,20,1.57,,
8378,413,2.631,22,1.57,,
8398,414,6.194,20,1.58,,
8438,415,-4.589,40,1.58,,
8459,416,-0.567,21,1.59,,
8503,417,10.1,44,1.59,,
8515,418,-3.074,12,1.59,,
8561,419,21.903,46,1.6,,
8589,420,3.489,28,1.61,,
8602,421,-1.966,13,1.61,,
8622,422,-0.726,20,1.61,,
8656,423,17.798,34,1.62,,
8674,424,-6.624,18,1.62,,
8692,425,1.806,18,1.62,,
8713,426,12.032,21,1.63,,
8733,427,-1.247,20,1.63,,
8758,428,1.556,25,1.63,,
8790,429,18.282,32,1.64,,
8803,430,0.24,13,1.64,,
8815,431,-1.814,12,1.64,,
8877,432,23.287,62,1.65,,
8894,433,-2.202,17,1.66,,
8907,434,2.389,13,1.66,,
8938,435,-0.967,31,1.66,,
8965,436,7.378,27,1.67,,
8991,437,-4.637,26,1.67,,
9028,438,9.178,37,1.68,,
9047,439,7.765,19,1.68,,
9061,440,1.669,14,1.68,,
9082,441,-1.466,21,1.68,,
9117,442,5.366,35,1.69,,
9133,443,4.939,16,1.69,,
9149,444,3.607,16,1.7,,
9167,445,-0.94,18,1.7,,
9183,446,-1.896,16,1.7,,
9201,447,-9.4,18,1.7,,
9215,448,2.588,14,1.71,,
9239,449,0.578,24,1.71,,
9254,450,2.241,15,1.71,,
9301,451,14.745,47,1.72,,
9314,452,0.649,13,1.72,,
9333,453,4.405,19,1.72,,
9352,454,-7.986,19,1.73,,
9395,455,16.748,43,1.73,,
9411,456,3.028,16,1.74,,
9424,457,-3.152,13,1.74,,
9446,458,7.83,22,1.74,,
9462,459,-11.293,16,1.74,,
9495,460,0.707,33,1.75,,
9508,461,-3.868,13,1.75,,
9523,462,-0.3,15,1.76,,
9540,463,2.48,17,1.76,,
9554,464,0.254,14,1.76,,
9569,465,2.707,15,1.76,,
9584,466,-1.438,15,1.76,,
9597,467,-0.555,13,1.77,,
9616,468,-2.224,19,1.77,,
9631,469,3.812,15,1.77,,
9659,470,1.054,28,1.78,,
9705,471,2.992,46,1.78,,
9735,472,4.969,30,1.79,,
9750,473,0.054,15,1.79,,
9770,474,-6.037,20,1.79,,
9779,475,-2.841,9,1.8,,
9796,476,1.923,17,1.8,,
9809,477,-4.462,13,1.8,,
9823,478,0.666,14,1.8,,
9859,479,11.624,36,1.81,,
9878,480,-2.138,19,1.81,,
9891,481,-2.598,13,1.81,,
9928,482,17.97,37,1.82,,
9969,483,26.98,41,1.83,,
9991,484,2.489,22,1.83,,
10004,485,-3.561,13,2.05,,
10023,486,4.058,19,2.05,,
10042,487,0.684,19,2.05,,
10058,488,3.491,16,2.06,,
10077,489,4.073,19,2.06,,
10092,490,-2.395,15,2.06,,
10124,491,0.761,32,2.07,,
10145,492,-0.703,21,2.07,,
10160,493,-0.183,15,2.07,,
10192,494,4.434,32,2.08,,
10217,495,1.619,25,2.09,,
10254,496,12.401,37,2.09,,
10277,497,0.868,23,2.1,,
10297,498,5.594,20,2.1,,
10317,499,2.602,20,2.11,,
10332,500,0.873,15,2.11,,
10364,501,-6.109,32,2.11,,
10380,502,1.76,16,2.12,,
10391,503,0.06,11,2.12,,
10414,504,5.941,23,2.12,,
10445,505,0.773,31,2.13,,
10465,506,-0.112,20,2.13,,
10477,507,0.717,12,2.13,,
10499,508,-1.309,22,2.13,,
10514,509,1.565,15,2.14,,
10535,510,3.648,21,2.14,,
10552,511,-4.097,17,2.14,,
10583,512,4.58,31,2.15,,
10610,513,-2.242,27,2.15,,
10633,514,2.661,23,2.16,,
10654,515,10.056,21,2.16,,
10687,516,0.57,33,2.16,,
10706,517,6.105,19,2.17,,
10729,518,7.746,23,2.17,,
10753,519,-5.12,24,2.18,,
10780,520,-3.42,27,2.18,,
10797,521,-2.851,17,2.18,,
10815,522,-8.035,18,2.19,,
10826,523,-3.009,11,2.19,,
10836,524,-4.227,10,2.19,,
10864,525,0.214,28,2.19,,
10893,526,3.25,29,2.2,,
10908,527,1.545,15,2.2,,
10926,528,-3.601,18,2.2,,
10945,529,7.949,19,2.21,,
10957,530,-1.469,12,2.21,,
10978,531,0.171,21,2.21,,
10998,532,3.808,20,2.21,,
11017,533,10.235,19,2.22,,
11040,534,6.614,23,2.22,,
11074,535,9.924,34,2.23,,
11108,536,12.258,34,2.23,,
11119,537,-1.542,11,2.23,,
11144,538,9.183,25,2.24,,
11157,539,0.212,13,2.24,,
11190,540,4.383,33,2.24,,
11205,541,3.398,15,2.25,,
11235,542,-1.562,30,2.25,,
11261,543,-2.553,26,2.26,,
11312,544,11.251,51,2.26,,
11342,545,-5.432,30,2.27,,
11353,546,-0.595,11,2.27,,
11378,547,2.277,25,2.27,,
11403,548,4.033,25,2.28,,
11435,549,6.668,32,2.28,,
11455,550,3.872,20,2.29,,
11475,551,-6.115,20,2.29,,
11511,552,9.819,36,2.29,,
11522,553,-0.809,11,2.3,,
11540,554,6.338,18,2.3,,
11561,555,7.814,21,2.3,,
11579,556,-1.581,18,2.31,,
11593,557,-3.685,14,2.31,,
11612,558,-1.261,19,2.31,,
11626,559,-1.97,14,2.31,,
11658,560,10.102,32,2.32,,
11690,561,-5.217,32,2.32,,
11705,562,3.627,15,2.33,,
11727,563,2.019,22,2.33,,
11753,564,11.32,26,2.33,,
11762,565,-5.865,9,2.34,,
11786,566,1.144,24,2.34,,
11797,567,-2.217,11,2.34,,
11817,568,0.516,20,2.35,,
11836,569,-5.349,19,2.35,,
11872,570,11.997,36,2.35,,
11908,571,0.846,36,2.36,,
11933,572,15.129,25,2.36,,
11944,573,-1.949,11,2.37,,
11956,574,-0.775,12,2.37,,
11990,575,20.458,34,2.37,,
12013,576,0.371,23,2.38,,
12046,577,4.287,33,2.38,,
12083,578,10.846,37,2.39,,
12106,579,4.536,23,2.39,,
12137,580,7.38,31,2.4,,
12152,581,0.96,15,2.4,,
12194,582,14.839,42,2.41,,
12210,583,2.427,16,2.41,,
12227,584,-0.065,17,2.41,,
12267,585,-1.331,40,2.42,,
12290,586,5.975,23,2.42,,
12311,587,2.761,21,2.43,,
12341,588,7.501,30,2.43,,
12353,589,-3.453,12,2.43,,
12371,590,-0.907,18,2.44,,
12395,591,4.958,24,2.44,,
12442,592,10.096,47,2.45,,
12497,593,22.437,55,2.46,,
12512,594,-4.881,15,2.46,,
12536,595,-0.164,24,2.46,,
12550,596,-2.192,14,2.46,,
12563,597,2.751,13,2.47,,
12577,598,-0.211,14,2.47,,
12596,599,7.47,19,2.47,,
12621,600,13.416,25,2.48,,
12640,601,0.203,19,2.48,,
12654,602,-0.76,14,2.48,,
12680,603,-7.122,26,2.48,,
12695,604,-6.369,15,2.49,,
12710,605,3.035,15,2.49,,
12722,606,0.776,12,2.49,,
12737,607,1.239,15,2.49,,
12756,608,0.625,19,2.5,,
12775,609,-0.281,19,2.5,,
12810,610,5.621,35,2.51,,
12831,611,0.04,21,2.51,,
12860,612,8.068,29,2.51,,
12873,613,1.611,13,2.52,,
12909,614,6.307,36,2.52,,
12936,615,-4.991,27,2.53,,
12956,616,-1.306,20,2.53,,
12983,617,9.083,27,2.53,,
13039,618,11.041,56,2.54,,
13064,619,-0.277,25,2.55,,
13086,620,2.527,22,2.55,,
13102,621,-1.923,16,2.55,,
13121,622,3.709,19,2.56,,
13143,623,-10.642,22,2.56,,
13189,624,22.725,46,2.57,,
13218,625,4.155,29,2.57,,
13231,626,0.693,13,2.57,,
13254,627,-4.539,23,2.58,,
13288,628,1.219,34,2.58,,
13325,629,1.992,37,2.59,,
13349,630,8.323,24,2.59,,
13376,631,-1.624,27,2.6,,
13397,632,5.07,21,2.6,,
13411,633,-0.408,14,2.6,,
13433,634,2.841,22,2.61,,
13461,635,6.621,28,2.61,,
13496,636,-3.454,35,2.62,,
13516,637,1.511,20,2.62,,
13527,638,-0.613,11,2.62,,
13544,639,3.015,17,2.62,,
13555,640,-0.267,11,2.63,,
13571,641,2.095,16,2.63,,
13601,642,-0.159,30,2.63,,
13616,643,-5.736,15,2.64,,
13636,644,-2.275,20,2.64,,
13649,645,1.877,13,2.64,,
13681,646,4.82,32,2.65,,
13716,647,11.985,35,2.65,,
13731,648,-4.032,15,2.65,,
13743,649,-0.544,12,2.66,,
13776,650,3.719,33,2.66,,
13792,651,2.1,16,2.66,,
13811,652,-2.726,19,2.67,,
13845,653,-1.031,34,2.67,,
13867,654,-2.767,22,2.68,,
13884,655,1.289,17,2.68,,
13907,656,6.25,23,2.68,,
13923,657,4.357,16,2.69,,
13945,658,7.197,22,2.7,,
13963,659,-0.751,18,2.7,,
13983,660,-1.809,20,2.71,,
13999,661,2.389,16,2.71,,
14012,662,-0.013,13,2.71,,
14047,663,8.746,35,2.72,,
14090,664,12.425,43,2.72,,
14103,665,-1.142,13,2.73,,
14121,666,-2.541,18,2.73,,
14140,667,6.138,19,2.73,,
14153,668,-2.285,13,2.73,,
14167,669,-5.315,14,2.74,,
14193,670,1.761,26,2.74,,
14209,671,3.157,16,2.74,,
14224,672,2.219,15,2.75,,
14268,673,11.499,44,2.75,,
14280,674,-3.602,12,2.76,,
14295,675,3.102,15,2.76,,
14311,676,-2.442,16,2.76,,
14332,677,-4.927,21,2.76,,
14346,678,-4.495,14,2.77,,
14370,679,9.849,24,2.77,,
14425,680,-2.915,55,2.78,,
14451,681,-1.241,26,2.78,,
14468,682,2.643,17,2.79,,
14489,683,6.92,21,2.79,,
14520,684,-0.308,31,2.8,,
14545,685,-6.63,25,2.8,,
14567,686,-4.026,22,2.8,,
14595,687,-0.303,28,2.81,,
14627,688,8.661,32,2.81,,
14655,689,-3.169,28,2.82,,
14669,690,0.845,14,2.82,,
14677,691,-3.183,8,2.82,,
14695,692,2.052,18,2.82,,
14720,693,0.023,25,2.83,,
14744,694,5.357,24,2.83,,
14766,695,6.381,22,2.84,,
14804,696,1.935,38,2.84,,
14820,697,-3.482,16,2.84,,
14844,698,-4.208,24,2.85,,
14867,699,-3.768,23,2.85,,
14880,700,-1.224,13,2.85,,
14901,701,5.128,21,2.86,,
14925,702,6.809,24,2.86,,
14940,703,5.544,15,2.86,,
14965,704,6.881,25,2.87,,
14983,705,2.894,18,2.87,,
14997,706,0.673,14,2.87,,
15020,707,6.376,23,2.88,,
15044,708,-1.187,24,2.88,,
15063,709,5.58,19,2.88,,
15114,710,24.787,51,2.89,,
15153,711,9.938,39,2.9,,
15164,712,-5.645,11,2.9,,
15180,713,-1.2,16,2.9,,
15219,714,1.337,39,2.91,,
15233,715,-8.686,14,2.91,,
15244,716,-2.05,11,2.91,,
15268,717,-3.437,24,2.92,,
15280,718,0.13,12,2.92,,
15306,719,-6.388,26,2.93,,
15324,720,-1.955,18,2.93,,
15343,721,3.558,19,2.93,,
15368,722,-0.093,25,2.93,,
15393,723,-2.878,25,2.94,,
15409,724,2.14,16,2.94,,
15427,725,1.363,18,2.94,,
15450,726,8.989,23,2.95,,
15462,727,-0.885,12,2.95,,
15491,728,2.098,29,2.96,,
15511,729,-1.561,20,2.96,,
15526,730,-3.835,15,2.96,,
15541,731,-1.576,15,2.96,,
15567,732,1.456,26,2.97,,
15582,733,-5.559,15,2.97,,
15600,734,-2.863,18,2.97,,
15612,735,-2.538,12,2.98,,
15622,736,-4.635,10,2.98,,
15674,737,-3.04,52,2.99,,
15706,738,10.285,32,2.99,,
15718,739,-0.142,12,2.99,,
15729,740,-2.447,11,2.99,,
15753,741,-1.716,24,3.0,,
15790,742,-0.851,37,3.0,,
15810,743,3.27,20,3.01,,
15830,744,5.837,20,3.01,,
15843,745,-2.723,13,3.01,,
15853,746,-2.262,10,3.01,,
15878,747,-1.047,25,3.02,,
15891,748,0.352,13,3.02,,
15904,749,0.124,13,3.02,,
15929,750,-6.985,25,3.03,,
15957,751,-2.989,28,3.03,,
15977,752,1.563,20,3.03,,
15993,753,-0.306,16,3.04,,
16005,754,-0.168,12,3.04,,
16021,755,0.699,16,3.04,,
16054,756,3.883,33,3.05,,
16064,757,-3.936,10,3.05,,
16091,758,5.918,27,3.05,,
16116,759,3.438,25,3.06,,
16129,760,2.27,13,3.06,,
16146,761,-7.48,17,3.06,,
16188,762,16.901,42,3.07,,
16213,763,3.316,25,3.07,,
16238,764,-11.598,25,3.08,,
16289,765,1.86,51,3.09,,
16315,766,-5.41,26,3.09,,
16329,767,3.033,14,3.09,,
16348,768,5.874,19,3.1,,
16379,769,3.466,31,3.1,,
16400,770,-4.308,21,3.1,,
16412,771,-5.856,12,3.11,,
16426,772,3.733,14,3.11,,
16445,773,0.273,19,3.11,,
16465,774,2.24,20,3.11,,
16492,775,0.959,27,3.12,,
16506,776,-0.155,14,3.12,,
16528,777,-3.539,22,3.12,,
16545,778,2.822,17,3.13,,
16571,779,-7.772,26,3.13,,
16600,780,-3.387,29,3.14,,
16620,781,0.666,20,3.14,,
16635,782,3.088,15,3.14,,
16666,783,6.031,31,3.15,,
16674,784,-4.832,8,3.15,,
16698,785,2.066,24,3.15,,
16710,786,-2.523,12,3.15,,
16726,787,6.238,16,3.16,,
16742,788,-5.068,16,3.16,,
16783,789,5.814,41,3.17,,
16804,790,3.906,21,3.17,,
16838,791,6.967,34,3.18,,
16852,792,1.104,14,3.18,,
16875,793,5.371,23,3.18,,
16886,794,-1.017,11,3.18,,
16912,795,-0.638,26,3.19,,
16925,796,2.226,13,3.19,,
16934,797,-2.654,9,3.19,,
16951,798,4.928,17,3.19,,
16966,799,0.217,15,3.2,,
16980,800,-2.191,14,3.2,,
17003,801,1.263,23,3.2,,
17023,802,-1.169,20,3.21,,
17041,803,-0.861,18,3.21,,
17064,804,2.6,23,3.21,,
17073,805,-2.722,9,3.22,,
17096,806,-3.899,23,3.22,,
17120,807,8.481,24,3.22,,
17146,808,-0.842,26,3.23,,
17167,809,4.509,21,3.23,,
17184,810,-0.344,17,3.23,,
17212,811,12.738,28,3.24,,
17236,812,-2.383,24,3.24,,
17257,813,1.05,21,3.24,,
17278,814,0.362,21,3.25,,
17313,815,18.352,35,3.25,,
17328,816,-5.733,15,3.26,,
17361,817,7.197,33,3.26,,
17387,818,-2.251,26,3.26,,
17424,819,6.968,37,3.27,,
17441,820,6.245,17,3.27,,
17469,821,0.291,28,3.28,,
17496,822,1.648,27,3.28,,
17507,823,-0.623,11,3.28,,
17530,824,-4.552,23,3.29,,
17548,825,-1.636,18,3.29,,
17563,826,0.034,15,3.29,,
17587,827,12.83,24,3.3,,
17602,828,0.429,15,3.3,,
17623,829,-8.572,21,3.3,,
17641,830,4.323,18,3.31,,
17656,831,-1.689,15,3.31,,
17675,832,3.978,19,3.31,,
17703,833,10.946,28,3.32,,
17730,834,1.259,27,3.32,,
17742,835,-2.875,12,3.32,,
17764,836,2.973,22,3.33,,
17800,837,22.896,36,3.33,,
17810,838,-1.48,10,3.33,,
17821,839,0.188,11,3.34,,
17853,840,5.767,32,3.34,,
17871,841,0.921,18,3.34,,
17891,842,1.017,20,3.35,,
17915,843,0.193,24,3.35,,
17953,844,15.556,38,3.36,,
17978,845,1.29,25,3.36,,
18005,846,-1.166,27,3.37,,
18020,847,2.718,15,3.37,,
18054,848,-1.242,34,3.37,,
18078,849,4.81,24,3.38,,
18098,850,0.606,20,3.38,,
18123,851,7.96,25,3.38,,
18136,852,2.248,13,3.39,,
18163,853,11.929,27,3.39,,
18182,854,8.425,19,3.39,,
18198,855,4.487,16,3.4,,
18223,856,1.963,25,3.4,,
18234,857,-5.045,11,3.4,,
18247,858,1.722,13,3.4,,
18281,859,12.322,34,3.41,,
18293,860,-3.268,12,3.41,,
18304,861,-3.036,11,3.41,,
18331,862,0.658,27,3.42,,
18361,863,6.766,30,3.42,,
18383,864,3.462,22,3.43,,
18399,865,1.44,16,3.43,,
18430,866,14.722,31,3.43,,
18454,867,8.217,24,3.44,,
18466,868,1.452,12,3.44,,
18479,869,0.206,13,3.44,,
18518,870,23.203,39,3.45,,
18531,871,-0.519,13,3.45,,
18543,872,-2.91,12,3.45,,
18564,873,8.617,21,3.46,,
18585,874,-3.299,21,3.46,,
18614,875,7.17,29,3.46,,
18640,876,-2.261,26,3.47,,
18672,877,3.165,32,3.48,,
18688,878,-1.557,16,3.48,,
18714,879,9.395,26,3.48,,
18730,880,3.634,16,3.48,,
18754,881,7.665,24,3.49,,
18764,882,-1.714,10,3.49,,
18781,883,0.044,17,3.49,,
18799,884,-2.187,18,3.49,,
18812,885,2.05,13,3.5,,
18839,886,-0.736,27,3.5,,
18852,887,-1.614,13,3.5,,
18863,888,-1.485,11,3.5,,
18883,889,4.981,20,3.51,,
18898,890,-5.918,15,3.51,,
18921,891,0.092,23,3.51,,
18937,892,2.151,16,3.52,,
18967,893,3.558,30,3.52,,
18978,894,-7.253,11,3.52,,
18990,895,-3.892,12,3.53,,
19019,896,-1.754,29,3.53,,
19031,897,0.623,12,3.53,,
19057,898,9.286,26,3.54,,
19077,899,0.353,20,3.54,,
19092,900,1.702,15,3.54,,
19103,901,-2.44,11,3.54,,
19125,902,2.353,22,3.55,,
19151,903,1.831,26,3.55,,
19167,904,2.407,16,3.55,,
19187,905,0.076,20,3.56,,
19202,906,0.123,15,3.56,,
19214,907,2.256,12,3.56,,
19238,908,10.736,24,3.56,,
19257,909,2.66,19,3.57,,
19285,910,1.562,28,3.57,,
19311,911,10.314,26,3.58,,
19325,912,1.867,14,3.58,,
19337,913,0.836,12,3.58,,
19363,914,-1.564,26,3.58,,
19378,915,-1.552,15,3.59,,
19393,916,1.67,15,3.59,,
19413,917,4.175,20,3.6,,
19432,918,-6.187,19,3.6,,
19456,919,-1.687,24,3.6,,
19471,920,-2.238,15,3.61,,
19490,921,6.221,19,3.61,,
19506,922,-5.22,16,3.61,,
19533,923,12.725,27,3.62,,
19558,924,-3.082,25,3.62,,
19571,925,-3.33,13,3.62,,
19597,926,10.64,26,3.63,,
19617,927,0.63,20,3.63,,
19638,928,2.597,21,3.64,,
19651,929,-5.309,13,3.64,,
19670,930,-7.827,19,3.64,,
19680,931,-2.814,10,3.64,,
19701,932,-1.972,21,3.65,,
19718,933,3.069,17,3.65,,
19732,934,-7.584,14,3.65,,
19778,935,21.589,46,3.66,,
19796,936,5.771,18,3.66,,
19808,937,0.46,12,3.66,,
19833,938,0.381,25,3.67,,
19847,939,1.896,14,3.67,,
19860,940,-0.798,13,3.67,,
19872,941,-2.513,12,3.68,,
19885,942,2.903,13,3.68,,
19905,943,-7.231,20,3.68,,
19918,944,-3.164,13,3.68,,
19936,945,-1.376,18,3.68,,
20041,946,104.65,105,3.81,,
20090,947,2.189,49,3.82,,
20104,948,-4.315,14,3.82,,
20148,949,8.617,44,3.83,,
20165,950,-1.124,17,3.83,,
20180,951,-1.793,15,3.83,,
20200,952,1.502,20,3.84,,
20220,953,-7.269,20,3.84,,
20239,954,-4.843,19,3.84,,
20262,955,2.565,23,3.85,,
20271,956,-1.772,9,3.85,,
20283,957,-2.009,12,3.85,,
20311,958,8.532,28,3.86,,
20325,959,-1.675,14,3.86,,
20340,960,2.379,15,3.86,,
20368,961,6.94,28,3.86,,
20401,962,-0.09,33,3.87,,
20412,963,-0.376,11,3.87,,
20430,964,3.949,18,3.88,,
20458,965,5.442,28,3.88,,
20481,966,-6.429,23,3.88,,
20500,967,0.376,19,3.89,,
20525,968,0.927,25,3.89,,
20581,969,23.769,56,3.9,,
20607,970,-3.158,26,3.91,,
20634,971,10.498,27,3.91,,
20652,972,0.312,18,3.91,,
20682,973,-3.082,30,3.92,,
20696,974,-3.103,14,3.92,,
20716,975,-1.587,20,3.92,,
20731,976,1.048,15,3.93,,
20762,977,-0.453,31,3.93,,
20778,978,-1.592,16,3.93,,
20801,979,2.969,23,3.94,,
20820,980,2.514,19,3.94,,
20850,981,12.292,30,3.95,,
20870,982,-1.673,20,3.95,,
20888,983,-5.152,18,3.95,,
20910,984,1.293,22,3.96,,
20925,985,-1.187,15,3.96,,
20935,986,-2.108,10,3.96,,
20951,987,-0.49,16,3.96,,
20969,988,-1.577,18,3.96,,
21012,989,2.335,43,3.97,,
21029,990,2.674,17,3.97,,
21053,991,3.365,24,3.98,,
21071,992,1.021,18,3.98,,
21084,993,-2.066,13,3.98,,
21096,994,-2.803,12,3.99,,
21126,995,3.118,30,3.99,,
21140,996,0.422,14,3.99,,
21153,997,-2.452,13,3.99,,
21164,998,-0.46,11,4.0,,
21200,999,11.904,36,4.0,,
21226,1000,2.173,26,4.01,,
21256,1001,-1.864,30,4.01,,
21288,1002,3.311,32,4.02,,
21319,1003,0.027,31,4.02,,
21333,1004,-1.935,14,4.02,,
21357,1005,0.436,24,4.03,,
21370,1006,-0.063,13,4.03,,
21389,1007,0.417,19,4.03,,
21406,1008,-4.574,17,4.03,,
21439,1009,13.061,33,4.04,,
21449,1010,-0.856,10,4.04,,
21468,1011,-6.446,19,4.04,,
21485,1012,3.673,17,4.05,,
21501,1013,2.927,16,4.05,,
21515,1014,-4.894,14,4.05,,
21530,1015,1.571,15,4.05,,
21546,1016,-4.707,16,4.06,,
21564,1017,7.071,18,4.06,,
21588,1018,-1.823,24,4.06,,
21619,1019,1.788,31,4.07,,
21668,1020,10.974,49,4.08,,
21677,1021,-4.716,9,4.08,,
21697,1022,-4.477,20,4.08,,
21721,1023,-3.167,24,4.09,,
21746,1024,0.587,25,4.09,,
21767,1025,-0.244,21,4.09,,
21786,1026,5.737,19,4.1,,
21818,1027,5.877,32,4.1,,
21838,1028,8.832,20,4.11,,
21861,1029,5.753,23,4.11,,
21893,1030,19.771,32,4.12,,
21902,1031,-5.615,9,4.12,,
21940,1032,20.9,38,4.12,,
21962,1033,11.583,22,4.13,,
21983,1034,6.987,21,4.13,,
21995,1035,0.799,12,4.13,,
22022,1036,13.282,27,4.14,,
22041,1037,4.165,19,4.14,,
22058,1038,4.34,17,4.14,,
22073,1039,-5.496,15,4.15,,
22088,1040,1.78,15,4.15,,
22107,1041,-0.346,19,4.15,,
22119,1042,1.61,12,4.15,,
22137,1043,2.106,18,4.16,,
22162,1044,4.831,25,4.16,,
22176,1045,-3.464,14,4.16,,
22201,1046,2.693,25,4.17,,
22214,1047,-0.15,13,4.17,,
22242,1048,10.281,28,4.18,,
22261,1049,0.426,19,4.18,,
22281,1050,5.776,20,4.18,,
22305,1051,-8.523,24,4.19,,
22321,1052,4.785,16,4.19,,
22357,1053,7.885,36,4.19,,
22380,1054,-10.325,23,4.2,,
22403,1055,8.029,23,4.2,,
22411,1056,-3.276,8,4.2,,
22432,1057,-12.259,21,4.21,,
22494,1058,-4.912,62,4.22,,
22516,1059,3.123,22,4.22,,
22533,1060,-1.753,17,4.22,,
22550,1061,-10.862,17,4.23,,
22565,1062,2.478,15,4.23,,
22597,1063,-2.298,32,4.23,,
22629,1064,3.705,32,4.24,,
22648,1065,4.702,19,4.24,,
22662,1066,-3.068,14,4.24,,
22689,1067,9.272,27,4.25,,
22708,1068,3.794,19,4.25,,
22744,1069,0.612,36,4.26,,
22759,1070,-4.392,15,4.26,,
22784,1071,-3.535,25,4.26,,
22798,1072,0.42,14,4.26,,
22816,1073,0.442,18,4.27,,
22832,1074,5.074,16,4.27,,
22848,1075,-4.693,16,4.27,,
22872,1076,8.763,24,4.28,,
22889,1077,3.709,17,4.28,,
22920,1078,-0.875,31,4.28,,
22967,1079,8.476,47,4.29,,
23003,1080,10.812,36,4.3,,
23019,1081,-2.874,16,4.3,,
23038,1082,-5.23,19,4.3,,
23054,1083,-6.19,16,4.3,,
23098,1084,14.251,44,4.31,,
23115,1085,-0.268,17,4.31,,
23139,1086,-0.975,24,4.32,,
23190,1087,25.15,51,4.33,,
23210,1088,-1.631,20,4.33,,
23227,1089,0.654,17,4.33,,
23250,1090,-4.762,23,4.34,,
23274,1091,-0.846,24,4.34,,
23294,1092,-1.849,20,4.34,,
23302,1093,-4.187,8,4.35,,
23331,1094,-5.054,29,4.35,,
23359,1095,7.406,28,4.36,,
23375,1096,-4.531,16,4.36,,
23393,1097,-4.772,18,4.36,,
23416,1098,2.441,23,4.36,,
23435,1099,-1.048,19,4.37,,
23445,1100,-2.031,10,4.37,,
23459,1101,-1.73,14,4.37,,
23478,1102,-5.189,19,4.38,,
23508,1103,7.229,30,4.38,,
23536,1104,7.558,28,4.39,,
23565,1105,2.293,29,4.39,,
23581,1106,-1.266,16,4.39,,
23601,1107,-10.963,20,4.4,,
23616,1108,-0.08,15,4.4,,
23633,1109,2.899,17,4.4,,
23657,1110,5.675,24,4.4,,
23675,1111,0.875,18,4.41,,
23695,1112,0.106,20,4.41,,
23720,1113,-2.082,25,4.41,,
23745,1114,-0.74,25,4.42,,
23766,1115,-0.718,21,4.42,,
23789,1116,10.692,23,4.43,,
23820,1117,7.18,31,4.43,,
23838,1118,-1.529,18,4.43,,
23852,1119,-0.66,14,4.44,,
23865,1120,-3.621,13,4.44,,
23888,1121,6.031,23,4.44,,
23906,1122,2.364,18,4.44,,
23941,1123,15.91,35,4.45,,
23985,1124,-3.472,44,4.46,,
24002,1125,-0.894,17,4.46,,
24024,1126,11.862,22,4.46,,
24041,1127,0.479,17,4.47,,
24074,1128,6.492,33,4.47,,
24116,1129,4.479,42,4.48,,
24136,1130,-0.448,20,4.48,,
24150,1131,2.736,14,4.48,,
24172,1132,2.448,22,4.49,,
24188,1133,2.394,16,4.49,,
24205,1134,-1.894,17,4.49,,
24227,1135,-0.935,22,4.5,,
24246,1136,-1.789,19,4.5,,
24279,1137,11.447,33,4.5,,
24295,1138,-0.062,16,4.51,,
24319,1139,5.852,24,4.51,,
24336,1140,-5.312,17,4.51,,
24362,1141,-3.348,26,4.52,,
24383,1142,1.103,21,4.52,,
24404,1143,8.136,21,4.52,,
24414,1144,-3.859,10,4.53,,
24445,1145,12.725,31,4.53,,
24458,1146,-2.22,13,4.53,,
24471,1147,-0.669,13,4.54,,
24492,1148,6.116,21,4.54,,
24503,1149,0.072,11,4.54,,
24523,1150,1.436,20,4.54,,
24552,1151,-4.863,29,4.55,,
24579,1152,-1.503,27,4.55,,
24595,1153,3.339,16,4.56,,
24617,1154,1.186,22,4.56,,
24642,1155,5.866,25,4.56,,
24669,1156,3.218,27,4.57,,
24687,1157,3.0,18,4.57,,
24700,1158,-3.281,13,4.57,,
24717,1159,-4.92,17,4.58,,
24746,1160,6.374,29,4.58,,
24773,1161,-3.944,27,4.58,,
24791,1162,-10.549,18,4.59,,
24815,1163,10.459,24,4.59,,
24844,1164,1.835,29,4.6,,
24883,1165,15.041,39,4.6,,
24902,1166,4.929,19,4.61,,
24917,1167,2.195,15,4.61,,
24929,1168,-3.861,12,4.61,,
24939,1169,-1.065,10,4.61,,
24965,1170,3.327,26,4.62,,
24987,1171,7.705,22,4.62,,
25009,1172,-1.325,22,4.81,0.496373,0.157441
25026,1173,-7.264,17,4.92,0.29652,0.100257
25042,1174,-8.523,16,5.01,0.243437,0.091616
25297,1175,73.944,255,6.79,0.127448,-0.50635
25504,1176,92.99,207,8.17,0.108681,-1.001272
25697,1177,78.543,193,9.51,0.150693,-1.520081
25888,1178,50.782,191,10.84,0.210695,-2.089177
25957,1179,-10.971,69,11.29,0.260164,-2.515352
26025,1180,-9.265,68,11.78,0.293578,-2.710373
26130,1181,-37.292,105,12.51,0.324291,-2.94947
26324,1182,81.38,194,13.87,0.426045,-3.446719
26525,1183,87.084,201,15.21,0.533838,-4.100391
26739,1184,135.26,214,16.75,0.692764,-4.790039
27178,1185,524.607,439,19.95,0.97654,-5.882372
27341,1186,54.554,163,21.05,1.269682,-6.895213
27583,1187,118.526,242,22.69,1.462434,-7.466782
27783,1188,327.953,200,23.98,1.593078,-8.073278
27981,1189,43.042,198,25.23,1.811853,-8.713961
28084,1190,-33.746,103,25.92,1.953522,-9.386957
28170,1191,-33.636,86,26.59,1.972661,-9.653193
28281,1192,-18.69,111,27.48,2.069021,-9.880262
28399,1193,-5.008,118,28.29,2.18968,-10.217503
28672,1194,111.299,273,30.22,2.256397,-10.807474
28887,1195,354.372,215,31.75,2.605763,-11.439545
29024,1196,256.519,137,32.85,2.692188,-11.967601
29135,1197,214.425,111,33.63,2.856908,-12.305388
29225,1198,14.507,90,34.29,2.976722,-12.791997
29292,1199,-8.771,67,34.78,3.048729,-12.924596
29360,1200,-16.166,68,35.24,3.097987,-13.192606
29428,1201,-8.076,68,35.68,3.127438,-13.443347
29492,1202,-9.029,64,36.05,3.156908,-13.572309
29556,1203,-10.464,64,36.47,3.310338,-13.704204
29631,1204,-22.435,75,36.99,3.45393,-13.785397
29692,1205,-11.407,61,37.37,3.392852,-13.979918
29754,1206,-8.211,62,37.85,3.317347,-14.185409
29818,1207,-10.263,64,38.27,3.269163,-14.173943
29893,1208,-23.023,75,38.8,3.532039,-14.40984
29959,1209,-8.864,66,39.29,3.688647,-14.458128
30022,1210,-8.234,63,40.06,3.829255,-14.734511
30085,1211,-6.028,63,40.43,3.793859,-14.631563
30148,1212,-6.01,63,40.89,3.841436,-14.900691
30205,1213,-7.287,57,41.26,4.018188,-14.892625
30263,1214,-8.387,58,41.63,4.254171,-14.951444
30311,1215,-9.068,48,41.91,4.231114,-15.085518
31267,1216,968.127,956,48.08,4.38058,-16.643714
31408,1217,264.436,141,48.97,4.58943,-18.151076
31653,1218,364.079,245,50.52,4.903411,-18.745965
31783,1219,243.853,130,51.49,5.211293,-19.228128
32296,1220,560.87,513,55.37,5.559369,-20.123034
32548,1221,398.809,252,57.27,5.685344,-21.129108
32657,1222,172.519,109,58.06,6.056104,-21.744898
32784,1223,242.639,127,58.94,6.0373,-22.055748
33174,1224,413.556,390,61.77,6.306036,-22.77194
33652,1225,691.268,478,65.33,6.779774,-23.881562
33728,1226,144.15,76,65.91,6.935997,-24.570645
33844,1227,223.519,116,66.7,7.057465,-24.991353
34390,1228,373.4,546,70.65,7.531428,-25.804511
34503,1229,201.795,113,71.63,7.708798,-26.600204
34605,1230,178.826,102,73.15,7.560542,-26.937121
34677,1231,129.982,72,73.77,7.913074,-27.212587
35677,1232,963.795,1000,81.84,8.613969,-28.435639
35804,1233,245.498,127,82.76,8.957314,-29.810386
35908,1234,197.342,104,83.52,9.338072,-30.099385
35977,1235,118.379,69,84.01,8.243332,-30.197964
36063,1236,127.943,86,84.64,9.944343,-30.408427
36202,1237,234.237,139,85.63,10.206841,-30.754687
36287,1238,157.343,85,86.25,9.792013,-30.950531
36383,1239,172.805,96,86.83,9.522937,-31.298771
36472,1240,138.674,89,87.44,9.436543,-31.623478
36607,1241,263.584,135,88.36,10.479387,-31.735343
36894,1242,414.984,287,90.34,10.513013,-32.419991
37000,1243,162.021,106,91.08,11.126595,-32.755981
37092,1244,163.7,92,91.69,9.578414,-33.156924
38092,1245,917.596,1000,98.73,11.290675,-34.369643
38242,1246,254.553,150,99.71,10.461838,-35.729749
38476,1247,124.796,234,101.29,11.642923,-36.155324
38595,1248,226.833,119,102.16,10.979097,-36.53849
38704,1249,201.162,109,102.9,12.625732,-36.720301
38863,1250,281.435,159,104.15,11.728684,-37.069245
39056,1251,312.489,193,105.37,11.516163,-37.582354
39503,1252,402.729,447,108.48,13.151478,-38.331575
39703,1253,307.586,200,109.88,13.107262,-39.068651
39899,1254,334.347,196,111.42,12.922808,-39.542187
40086,1255,331.883,187,113.87,13.53828,-40.100951
40246,1256,85.333,160,114.99,14.181249,-40.498645
40477,1257,402.546,231,116.52,14.028466,-40.914935
40692,1258,394.968,215,118.01,13.399295,-41.390883
40898,1259,386.329,206,119.42,13.957727,-41.965643
41076,1260,314.053,178,120.64,15.032906,-42.628328
41262,1261,323.02,186,121.91,14.353665,-43.01593
41372,1262,13.482,110,122.67,16.27601,-43.301471
41561,1263,94.89,189,123.91,14.956487,-43.805576
41680,1264,44.801,119,124.69,13.897126,-43.960002
41856,1265,330.337,176,125.89,16.084553,-44.422238
42006,1266,56.34,150,126.9,15.017274,-44.71832
42142,1267,361.419,136,127.85,14.957733,-45.117025
42239,1268,171.166,97,128.54,17.511921,-45.383799
42367,1269,249.386,128,129.45,16.850329,-45.553375
42564,1270,448.95,197,130.84,17.016755,-46.18596
42790,1271,465.94,226,132.4,17.781425,-46.695093
42990,1272,467.513,200,133.74,17.31512,-47.156983
43117,1273,255.324,127,134.6,16.848182,-47.784837
43255,1274,297.753,138,135.53,18.206558,-47.916262
43504,1275,502.623,249,137.23,18.006073,-48.565505
43841,1276,377.298,337,139.56,18.094297,-49.397932
44032,1277,364.173,191,140.86,19.071582,-49.998711
44194,1278,336.656,162,142.08,19.286601,-50.594317
44513,1279,171.136,319,144.59,19.150049,-51.1692
44670,1280,320.532,157,145.74,19.155195,-51.820932
44785,1281,204.161,115,146.52,20.32176,-52.032428
45029,1282,420.326,244,148.34,21.366456,-52.417455
45266,1283,324.638,237,149.98,20.279352,-53.250222
45392,1284,243.585,126,150.73,20.730416,-53.574436
45552,1285,355.874,160,151.66,20.071522,-54.008737
46003,1286,353.503,451,154.54,21.311081,-54.736538
46246,1287,317.708,243,156.16,21.034812,-55.463624
46389,1288,213.964,143,157.14,21.583382,-56.002485
46622,1289,364.16,233,159.03,23.581062,-56.334172
46793,1290,307.71,171,160.28,22.006706,-56.943879
46963,1291,0.779,170,161.56,23.387822,-57.109759
47068,1292,173.56,105,162.34,23.393018,-57.570056
47241,1293,348.559,173,163.64,22.558204,-58.04596
47392,1294,285.127,151,164.82,23.594555,-58.242639
47514,1295,173.023,122,165.73,23.513353,-58.662086
47651,1296,246.914,137,166.79,22.395732,-59.047167
47765,1297,234.964,114,167.6,22.578236,-59.223911
47904,1298,293.905,139,168.69,24.20254,-59.463279
48046,1299,306.744,142,169.76,25.363758,-59.901502
48214,1300,329.607,168,171.12,23.891822,-60.262522
48381,1301,339.372,167,172.46,24.420348,-60.825943
48495,1302,206.896,114,173.47,22.695074,-61.21501
48634,1303,251.819,139,174.65,26.603236,-61.345751
48821,1304,386.666,187,176.15,24.833649,-61.821639
48989,1305,351.529,168,177.59,25.719125,-62.429649
49194,1306,390.158,205,179.32,24.059485,-62.746146
49356,1307,324.751,162,180.62,25.63441,-63.037937
49392,1308,-4.453,36,180.9,22.788502,-63.561221
49558,1309,362.291,166,182.35,24.648638,-63.619122
49660,1310,197.82,102,183.17,24.550043,-63.820943
49801,1311,232.305,141,184.31,24.407936,-64.202941
50100,1312,422.066,299,187.41,28.291393,-64.706218
50236,1313,-37.907,136,188.49,26.844029,-65.043226
50519,1314,268.902,283,190.78,26.353123,-65.499425
50820,1315,287.17,301,192.94,28.215049,-66.036531
50976,1316,234.494,156,194.17,28.687978,-66.288293
51059,1317,-17.593,83,194.73,28.873059,-66.488754
51262,1318,201.018,203,196.34,27.047142,-67.00967
51492,1319,151.646,230,198.22,26.963985,-67.231923
52033,1320,731.798,541,202.18,26.583551,-67.870485
52216,1321,2.261,183,203.4,29.227248,-68.694791
52362,1322,183.231,146,204.5,27.484698,-68.80454
52564,1323,262.279,202,205.98,29.060654,-69.046747
52995,1324,477.801,431,209.05,28.681352,-69.701317
53259,1325,460.016,264,210.91,29.519342,-70.336175
53410,1326,331.928,151,211.97,28.540814,-70.605615
53549,1327,240.198,139,213.03,29.47868,-70.748273
53713,1328,309.686,164,214.3,28.868626,-71.198194
53887,1329,372.968,174,215.66,29.627303,-71.313953
54100,1330,452.818,213,217.35,29.80819,-71.831198
54455,1331,504.84,355,219.99,30.391528,-72.266509
54632,1332,374.753,177,221.19,31.120801,-72.716946
54812,1333,379.478,180,222.52,28.523778,-73.081967
55057,1334,432.569,245,224.32,31.262129,-73.403677
55313,1335,56.717,256,226.17,31.403598,-73.729061
55516,1336,421.167,203,227.55,32.924096,-74.238439
55726,1337,309.032,210,228.96,30.095131,-74.525057
55845,1338,228.714,119,229.85,31.318725,-74.761369
55988,1339,324.35,143,230.93,30.607314,-75.177584
56163,1340,357.484,175,232.27,31.7954,-75.33205
56309,1341,305.148,146,233.27,32.161741,-75.599384
56478,1342,347.773,169,234.36,31.705344,-75.813387
56634,1343,294.321,156,235.57,31.292239,-75.774374
56786,1344,299.012,152,236.53,33.086054,-76.38176
56960,1345,346.754,174,237.59,32.130308,-76.708641
57172,1346,342.876,212,238.86,32.286861,-76.890103
57322,1347,274.376,150,239.8,30.572231,-76.976721
57575,1348,84.091,253,241.6,31.996867,-77.401304
57738,1349,350.21,163,242.76,32.752382,-77.623819
57929,1350,-2.777,191,244.16,31.480559,-77.830424
58071,1351,186.118,142,245.19,33.112783,-78.293797
58209,1352,35.275,138,246.15,34.147164,-78.28372
58352,1353,280.405,143,247.13,32.882832,-78.343043
58522,1354,53.903,170,248.29,33.251874,-78.731897
58668,1355,22.858,146,249.26,35.430244,-78.28552
58793,1356,237.443,125,250.12,36.076392,-79.025581
58977,1357,384.518,184,251.45,33.117068,-79.240521
59233,1358,450.54,256,253.27,34.095599,-79.5768
59342,1359,13.83,109,254.04,33.999487,-79.979529
59469,1360,102.256,127,254.9,34.547921,-79.780428
59686,1361,236.279,217,256.41,34.334824,-79.938854
59865,1362,311.569,179,257.68,34.40444,-80.012986
59996,1363,40.654,131,258.64,33.559135,-80.112094
60267,1364,646.701,271,262.15,36.26254,-80.617685
60474,1365,546.625,207,263.61,36.781729,-80.956191
60692,1366,447.362,218,265.2,36.767259,-80.983812
60870,1367,46.201,178,266.42,35.405343,-81.419078
61005,1368,277.536,135,267.39,36.973767,-81.655405
61152,1369,11.22,147,268.52,37.355095,-81.55353
61392,1370,409.226,240,270.35,36.815154,-81.960545
61480,1371,13.431,88,271.01,37.206705,-82.19252
61610,1372,201.755,130,272.01,37.054645,-82.260731
61803,1373,400.439,193,273.37,37.942203,-82.359263
61904,1374,171.751,101,274.07,35.523103,-82.51739
62095,1375,423.246,191,275.41,35.85485,-82.86081
62223,1376,242.379,128,276.17,38.42835,-83.031739
62417,1377,356.064,194,277.51,36.246298,-83.041229
62571,1378,311.314,154,278.64,36.214839,-83.464611
62700,1379,205.148,129,279.56,39.055305,-83.552991
63659,1380,691.716,959,286.09,37.108466,-83.90757
64034,1381,615.052,375,288.76,37.585788,-84.343218
64198,1382,335.168,164,290.01,36.942046,-84.24806
64476,1383,586.125,278,292.01,37.502927,-84.657584
64671,1384,428.007,195,293.4,39.1862,-85.046378
64851,1385,418.006,180,294.69,36.710334,-85.137646
65049,1386,233.203,198,296.14,36.70839,-85.222725
65187,1387,247.393,138,297.2,37.899083,-85.695048
65366,1388,364.325,179,298.56,37.384719,-85.554827
65655,1389,627.46,289,300.81,39.530855,-85.549638
65821,1390,356.595,166,302.03,37.732421,-86.145133
65964,1391,260.347,143,303.06,37.578591,-86.098243
66151,1392,425.204,187,304.41,39.626094,-86.185326
66328,1393,369.274,177,305.73,37.207763,-86.529606
66644,1394,27.121,316,308.08,39.823294,-86.725051
66838,1395,332.93,194,309.5,39.842772,-86.56485
66983,1396,209.527,145,310.57,38.102867,-86.947333
67118,1397,291.645,135,311.51,37.309651,-86.754696
67384,1398,751.601,266,313.46,39.77166,-87.489622
67521,1399,185.845,137,314.45,37.778192,-87.506076
67746,1400,423.55,225,316.09,38.842697,-87.669644
68133,1401,539.372,387,318.92,38.212623,-87.90226
68234,1402,-2.404,101,319.64,40.006793,-88.076508
68393,1403,167.437,159,320.73,39.126357,-88.11455
68577,1404,408.161,184,322.0,39.317218,-88.018021
68715,1405,320.055,138,322.91,38.133665,-87.844901
68924,1406,304.461,209,324.25,39.501241,-88.189205
69088,1407,290.462,164,325.4,38.615222,-88.807808
69253,1408,277.25,165,326.54,39.373004,-88.786545
69387,1409,343.55,134,327.49,37.44324,-88.763313
69579,1410,417.064,192,328.84,39.958455,-88.531424
69755,1411,469.325,176,330.01,38.687616,-89.065406
69885,1412,192.009,130,330.9,39.69434,-89.108366
70078,1413,544.489,193,333.4,39.129438,-89.13976
70226,1414,301.777,148,334.47,37.881299,-89.454887
70759,1415,667.045,533,338.19,39.007575,-89.677318
71570,1416,739.792,811,343.62,38.642345,-90.202083
71796,1417,442.422,226,345.09,38.516697,-90.255776
72069,1418,660.8,273,346.85,38.452137,-90.847241
72229,1419,437.729,160,347.85,37.923329,-90.730341
72421,1420,423.959,192,349.02,39.450133,-90.890541
72595,1421,361.204,174,350.09,38.554259,-90.915056
72854,1422,398.025,259,351.81,39.285643,-91.158426
72980,1423,290.315,126,352.63,38.460397,-91.089422
73113,1424,288.32,133,353.5,39.261508,-91.75671
73343,1425,488.255,230,354.97,39.492814,-91.302074
73447,1426,162.115,104,355.63,37.753103,-91.569426
73621,1427,429.15,174,356.67,39.778587,-91.672145
73819,1428,478.395,198,357.88,38.82924,-91.788483
74020,1429,338.11,201,359.19,38.645733,-91.744739
74298,1430,589.084,278,361.11,37.656907,-92.034643
74494,1431,459.048,196,362.47,38.903545,-91.969094
74812,1432,113.042,318,364.64,39.304422,-92.349169
74959,1433,348.429,147,365.68,38.709466,-92.112141
75078,1434,238.727,119,366.46,39.18438,-92.525795
75362,1435,637.084,284,368.36,38.747024,-92.17735
75470,1436,200.697,108,369.1,38.715824,-92.780434
75558,1437,142.457,88,369.7,37.687661,-92.973263
75751,1438,314.771,193,371.02,38.28647,-92.647153
75896,1439,327.615,145,372.02,38.29473,-92.610451
76171,1440,660.514,275,373.9,38.338177,-92.692889
76321,1441,348.585,150,374.83,38.630368,-92.901213
76468,1442,273.677,147,375.74,39.274548,-92.830063
76595,1443,273.782,127,376.5,38.268129,-93.31899
76722,1444,253.986,127,377.3,37.400072,-93.14543
76828,1445,153.11,106,378.06,38.61129,-93.067674
77049,1446,494.626,221,379.49,39.022558,-93.298042
77264,1447,542.952,215,380.89,38.360676,-93.37016
77558,1448,440.131,294,382.69,38.838613,-93.817834
77718,1449,303.216,160,383.65,37.404784,-93.773163
77948,1450,427.1,230,385.07,38.040692,-93.687125
78123,1451,417.379,175,386.17,38.394142,-93.944438
78235,1452,237.029,112,386.89,38.653799,-94.310256
78464,1453,530.984,229,388.44,37.553906,-94.345874
78777,1454,636.128,313,390.61,38.501706,-94.474899
78993,1455,601.944,216,392.04,39.39483,-94.23932
79117,1456,235.343,124,392.87,38.300506,-94.789829
79450,1457,632.955,333,395.13,38.759998,-95.084467
79546,1458,179.94,96,395.78,38.385277,-94.788965
79650,1459,193.813,104,396.5,38.147528,-95.36709
79799,1460,308.215,149,397.57,38.270259,-95.174638
80007,1461,507.837,208,400.22,39.037802,-95.560713
80175,1462,423.609,168,401.45,39.573673,-95.527521
80373,1463,391.021,198,402.81,38.61548,-95.3786
80488,1464,188.505,115,403.6,39.435025,-95.706756
80607,1465,248.208,119,404.4,38.607501,-95.869383
80811,1466,451.238,204,405.81,37.212806,-95.840173
80994,1467,431.134,183,407.08,38.254142,-96.281787
81178,1468,479.854,184,408.33,37.313166,-95.990264
81292,1469,205.101,114,409.1,39.224376,-95.989044
81400,1470,214.136,108,409.81,39.379103,-96.18735
81535,1471,342.468,135,410.73,38.713212,-96.429165
81785,1472,417.224,250,412.65,39.07243,-96.236074
81909,1473,221.2,124,413.61,38.549567,-96.513684
82025,1474,240.855,116,414.5,39.994613,-96.515713
82201,1475,368.552,176,415.86,38.562827,-96.456248
82411,1476,444.718,210,417.49,38.061546,-96.842029
82536,1477,272.648,125,418.48,39.748274,-97.25608
82689,1478,297.361,153,419.69,39.254505,-97.111272
82814,1479,290.487,125,420.7,38.495161,-96.931003
82917,1480,188.246,103,421.52,39.549714,-97.262417
83057,1481,306.495,140,422.62,39.596679,-97.4079
83191,1482,273.412,134,423.69,39.594692,-97.404262
83320,1483,295.252,129,424.67,38.809002,-97.504432
83425,1484,163.355,105,425.42,39.306336,-97.377199
83592,1485,345.598,167,426.69,38.958447,-97.490986
83941,1486,328.41,349,429.42,39.60164,-97.531184
84092,1487,285.723,151,430.61,39.148068,-97.312948
84930,1488,905.885,838,437.04,39.65663,-97.865244
85048,1489,238.499,118,437.97,39.265576,-98.251247
85223,1490,377.497,175,439.38,40.681795,-98.027925
85386,1491,362.765,163,440.69,39.823806,-98.414781
85624,1492,556.527,238,442.6,40.158752,-98.30705
86080,1493,702.911,456,446.26,38.98003,-98.57121
86287,1494,500.407,207,447.89,39.482629,-98.412024
86430,1495,280.761,143,449.08,40.01126,-98.477372
86648,1496,571.608,218,450.89,39.228485,-98.864381
86840,1497,393.045,192,452.37,39.005921,-98.649793
86978,1498,298.357,138,453.45,40.245245,-98.987639
87184,1499,475.288,206,454.99,40.548715,-98.901948
87330,1500,315.253,146,456.11,38.944356,-99.135405
87470,1501,13.831,140,457.16,40.24768,-99.141311
87691,1502,527.829,221,458.78,40.142349,-99.251126
87962,1503,331.961,271,460.67,40.252448,-99.540588
88099,1504,-22.767,137,461.7,39.930582,-99.489132
88223,1505,237.236,124,462.69,40.171482,-99.779876
88416,1506,499.592,193,464.3,42.653246,-99.171659
88505,1507,166.468,89,465.06,40.112911,-99.370079
88710,1508,565.665,205,466.76,41.246398,-99.626443
88814,1509,189.322,104,467.47,41.977798,-99.764035
88968,1510,321.095,154,468.6,40.967799,-99.74828
89090,1511,197.324,122,469.42,39.286895,-99.857499
89273,1512,405.058,183,470.61,40.397309,-99.52604
89378,1513,182.249,105,471.37,40.249603,-99.902901
89488,1514,205.111,110,472.19,41.035786,-100.210295
89602,1515,186.75,114,473.06,41.30345,-99.955807
89750,1516,344.086,148,474.19,39.325834,-99.772002
89877,1517,259.946,127,475.15,40.746323,-99.781827
89984,1518,198.151,107,475.95,41.645642,-99.99897
90132,1519,346.543,148,478.39,40.569859,-100.089654
90293,1520,249.437,161,479.62,40.721059,-99.773654
90621,1521,524.197,328,482.09,40.305235,-100.155951
90826,1522,515.486,205,483.64,40.821205,-100.033324
90967,1523,292.602,141,484.72,40.618136,-100.33855
91301,1524,740.714,334,487.23,40.217132,-100.364904
91450,1525,327.852,149,488.34,39.741765,-100.567592
91640,1526,466.011,190,489.77,40.584454,-100.649758
91768,1527,262.388,128,490.72,43.152406,-100.211296
92008,1528,617.386,240,492.62,41.408815,-100.645206
92583,1529,638.745,575,497.05,41.461271,-100.823626
92712,1530,272.694,129,498.15,41.806552,-101.338137
92947,1531,643.141,235,500.18,41.148576,-101.128795
93204,1532,750.715,257,502.27,41.917833,-101.023269
93319,1533,192.752,115,503.09,42.629444,-101.00485
93426,1534,172.45,107,503.93,42.135029,-101.416929
93552,1535,203.675,126,504.87,41.657854,-101.311106
93901,1536,1078.215,349,507.5,41.372115,-101.39413
93995,1537,145.4,94,508.2,40.49963,-101.779803
94165,1538,111.778,170,509.48,40.890148,-101.569948
94278,1539,147.215,113,510.32,41.484169,-101.841932
94390,1540,191.764,112,511.19,42.334752,-101.810143
94542,1541,243.685,152,512.33,42.378411,-101.651367
94739,1542,258.338,197,513.83,42.666736,-101.941023
94854,1543,228.736,115,514.73,41.428469,-102.069465
95080,1544,245.833,226,516.36,41.705722,-101.578441
95178,1545,168.086,98,517.05,41.138052,-101.959257
95369,1546,324.49,191,518.44,42.484445,-102.200968
95516,1547,213.779,147,519.52,42.22074,-102.089821
95663,1548,232.331,147,520.57,42.688982,-101.782685
95805,1549,229.957,142,521.67,41.504325,-102.116535
95927,1550,233.79,122,522.62,40.47999,-102.399951
96124,1551,311.053,197,524.12,43.494122,-102.255582
96304,1552,332.622,180,525.44,42.215356,-102.602189
96385,1553,117.933,81,526.01,42.145939,-102.714147
96502,1554,188.227,117,526.81,43.362796,-102.732385
96667,1555,302.683,165,528.09,42.515221,-102.724907
96843,1556,297.249,176,529.38,41.815195,-102.811125
96940,1557,156.205,97,530.18,39.963953,-102.731841
97066,1558,230.941,126,531.12,44.073772,-102.784834
97251,1559,477.134,185,532.45,42.606311,-102.712156
97579,1560,512.494,328,534.64,42.234156,-102.974849
97707,1561,261.379,128,535.57,43.247862,-102.466424
97826,1562,218.252,119,536.48,42.353034,-103.030364
97899,1563,108.012,73,537.03,43.880173,-103.56918
97971,1564,106.645,72,537.58,44.195316,-103.191
98326,1565,119.882,355,540.11,43.366135,-103.225835
98416,1566,155.612,90,540.66,41.460557,-103.197444
98515,1567,159.979,99,541.39,42.07107,-102.711885
98636,1568,204.719,121,542.33,43.842518,-103.400697
98738,1569,185.423,102,543.03,44.775997,-103.541626
98860,1570,211.987,122,543.97,43.503018,-103.246905
98982,1571,237.453,122,544.9,44.198863,-103.359716
99153,1572,447.729,171,546.17,44.139665,-103.40703
99252,1573,165.109,99,546.9,43.293701,-103.729392
99367,1574,204.711,115,547.75,44.773898,-103.511034
99473,1575,179.528,106,548.52,41.602897,-104.294006
99611,1576,225.476,138,549.43,43.702814,-103.569625
99889,1577,477.671,278,551.48,43.810125,-103.813895
100043,1578,210.287,154,554.44,42.571795,-103.807141
100130,1579,136.641,87,555.09,45.315876,-103.330609
100371,1580,79.768,241,556.89,44.90078,-103.534442
100758,1581,888.454,387,559.73,44.211141,-103.810115
100875,1582,99.546,117,560.6,43.474798,-103.754452
101160,1583,651.388,285,562.78,44.362661,-104.315942
101262,1584,186.486,102,563.59,42.840935,-103.811832
101390,1585,231.931,128,564.52,44.548203,-103.924725
101711,1586,705.076,321,567.15,45.00806,-103.92345
102036,1587,911.246,325,569.78,43.652108,-103.729919
102237,1588,438.453,201,571.46,43.49325,-104.476973
102331,1589,164.005,94,572.11,45.867679,-104.123276
102585,1590,527.26,254,574.05,44.252772,-104.516459
102915,1591,862.862,330,576.52,45.015078,-104.568011
103291,1592,1108.456,376,579.48,44.844777,-104.838767
103545,1593,600.753,254,581.39,44.412385,-104.719644
103734,1594,554.199,189,582.9,44.282711,-104.78317
103877,1595,308.434,143,584.07,44.994318,-104.544675
104136,1596,711.383,259,586.11,44.982907,-104.970544
104411,1597,741.836,275,588.3,45.533563,-105.027523
104786,1598,869.362,375,591.17,43.831769,-105.183642
104914,1599,144.755,128,592.0,44.353617,-105.56405
105128,1600,620.88,214,593.37,45.664221,-105.475704
105349,1601,597.089,221,594.81,45.840069,-105.635208
105644,1602,870.859,295,596.77,44.942107,-105.859789
105903,1603,641.693,259,598.67,45.712493,-105.654052
106001,1604,181.312,98,599.39,45.321629,-105.78369
106145,1605,336.303,144,600.4,44.660039,-106.012231
106328,1606,408.77,183,601.66,45.651739,-105.489219
106438,1607,172.185,110,602.42,46.261981,-105.94659
106559,1608,196.225,121,603.28,46.367817,-105.788953
106844,1609,743.903,285,605.27,44.7128,-106.145144
106927,1610,157.311,83,605.86,44.818884,-106.082583
107067,1611,369.835,140,606.88,44.60425,-106.288163
107268,1612,501.582,201,608.33,44.783343,-105.917709
107474,1613,570.356,206,609.79,43.545271,-106.267103
107636,1614,186.391,162,610.95,45.040796,-106.558629
107817,1615,455.904,181,612.22,46.246796,-106.076215
107944,1616,232.553,127,613.05,45.445277,-106.799877
108159,1617,504.655,215,614.45,46.239796,-106.548031
108439,1618,651.044,280,616.41,44.995105,-106.875063
108702,1619,555.791,263,618.29,45.396513,-106.833954
108980,1620,645.651,278,620.13,44.960483,-107.191004
109165,1621,560.449,185,621.42,45.540717,-106.714925
109358,1622,385.991,193,622.82,45.682206,-107.134984
109577,1623,539.061,219,624.43,46.062609,-107.045688
109837,1624,632.872,260,626.46,45.26233,-107.147927
109974,1625,283.521,137,627.62,47.016178,-107.669084
110228,1626,699.125,254,631.09,45.343934,-107.647971
110411,1627,496.329,183,632.32,45.599487,-107.535771
110701,1628,695.537,290,634.45,44.158073,-107.914744
110800,1629,153.631,99,635.19,45.125944,-107.717215
110943,1630,281.307,143,636.22,45.919535,-107.552365
111087,1631,333.913,144,637.24,44.774782,-107.858702
111318,1632,652.958,231,638.86,45.762494,-107.700904
111501,1633,388.005,183,640.16,47.628102,-107.671303
111821,1634,933.934,320,642.47,47.127763,-108.01688
112152,1635,793.806,331,644.85,45.055777,-108.042871
112301,1636,274.679,149,646.03,44.911734,-108.867848
112938,1637,1577.47,637,650.59,46.042101,-108.571657
113202,1638,686.286,264,652.41,44.678696,-108.792257
113465,1639,678.427,263,654.26,45.908282,-108.930419
113583,1640,213.742,118,655.08,44.315895,-108.859892
113722,1641,276.268,139,656.08,45.613924,-108.878391
113839,1642,209.746,117,656.87,44.908385,-109.362383
113979,1643,298.31,140,657.75,45.672758,-109.03379
114210,1644,548.671,231,659.2,44.40408,-109.233362
114341,1645,253.705,131,660.08,44.653407,-109.47145
114521,1646,487.75,180,661.29,43.909548,-109.753176
114689,1647,368.504,168,662.46,45.232068,-109.402939
114810,1648,236.515,121,663.32,44.724009,-109.746626
115021,1649,537.481,211,664.88,45.361508,-109.880718
115229,1650,540.624,208,666.37,43.527121,-109.669317
115349,1651,270.883,120,667.22,44.235715,-109.509978
115544,1652,379.178,195,668.63,45.161698,-109.577768
115672,1653,207.208,128,669.57,45.518944,-109.756684
115767,1654,158.709,95,670.27,43.242595,-110.012729
115964,1655,518.482,197,671.79,44.873423,-110.286604
116247,1656,849.882,283,674.3,45.375461,-110.445271
116412,1657,406.807,165,675.43,45.725417,-110.350284
116544,1658,258.079,132,676.32,45.892756,-109.974601
116618,1659,121.167,74,676.82,46.61978,-109.690794
116806,1660,550.574,188,678.08,44.511133,-110.510349
116884,1661,116.529,78,678.63,46.165075,-110.785121
117000,1662,259.536,116,679.41,43.492263,-110.713814
117129,1663,362.182,129,680.29,45.54565,-110.66865
117350,1664,531.803,221,681.76,45.780088,-110.724206
117447,1665,172.791,97,682.39,45.311862,-111.01599
117730,1666,438.644,283,684.14,45.147091,-110.694797
117829,1667,119.611,99,684.74,47.248685,-110.885841
118110,1668,685.733,281,686.55,45.068172,-110.70758
118275,1669,347.169,165,687.62,44.858416,-110.886215
118474,1670,581.979,199,688.9,45.17044,-110.526654
118663,1671,443.192,189,690.14,45.024133,-111.175459
118750,1672,150.355,87,690.73,42.981063,-112.067099
118877,1673,334.217,127,691.58,44.568999,-111.148679
119067,1674,432.934,190,692.77,44.51967,-110.917801
119307,1675,573.227,240,694.32,44.35807,-111.154657
119430,1676,215.891,123,695.12,44.22173,-111.608058
119535,1677,222.924,105,695.83,44.535527,-111.142273
119657,1678,298.585,122,696.66,46.673739,-111.482455
119952,1679,722.743,295,698.86,45.490503,-111.452743
120062,1680,275.791,110,700.86,43.949164,-111.875116
120277,1681,608.409,215,702.3,45.0246,-111.813362
120440,1682,334.51,163,703.32,45.558655,-111.89737
120712,1683,631.311,272,705.12,46.159228,-111.576932
120942,1684,529.347,230,706.79,44.956805,-111.764612
121058,1685,177.275,116,707.63,45.348308,-111.45581
121259,1686,528.723,201,709.08,45.363965,-111.759699
121445,1687,390.665,186,710.34,45.448447,-111.719491
121701,1688,592.06,256,711.95,45.173274,-111.979155
121794,1689,199.322,93,712.53,43.233678,-111.941444
121947,1690,308.753,153,713.5,44.112779,-111.546089
122107,1691,261.365,160,714.54,46.671452,-111.737882
122295,1692,588.835,188,715.77,44.93172,-111.932884
122419,1693,322.216,124,716.61,44.252951,-112.258559
122550,1694,308.568,131,717.49,44.736561,-111.828779
122796,1695,443.72,246,719.01,44.404654,-112.162766
122977,1696,483.127,181,720.16,45.165726,-112.065636
123110,1697,303.702,133,720.98,45.489828,-111.986399
123272,1698,291.805,162,722.03,43.590023,-111.909411
123394,1699,198.223,122,722.84,44.81449,-111.976494
123516,1700,271.379,122,723.64,43.448005,-112.692073
123622,1701,158.786,106,724.33,41.912602,-112.316686
123797,1702,409.176,175,725.49,43.290823,-112.469191
123952,1703,459.497,155,726.5,45.772645,-112.18062
124154,1704,576.576,202,727.78,43.333811,-112.421531
124346,1705,496.327,192,729.08,43.537055,-112.171282
124470,1706,288.54,124,729.9,44.857823,-112.254143
124727,1707,484.067,257,731.85,43.497052,-112.170692
124921,1708,564.311,194,733.18,43.372916,-112.160629
124993,1709,100.143,72,733.68,44.532864,-112.672205
125134,1710,246.443,141,734.66,43.423745,-112.617894
125290,1711,339.933,156,735.66,43.022273,-112.16163
125502,1712,567.106,212,737.0,43.091467,-112.504437
125619,1713,257.923,117,737.75,42.865906,-112.548657
125906,1714,757.283,287,739.6,42.906102,-112.662949
125976,1715,101.756,70,740.07,43.993211,-112.712243
126041,1716,88.067,65,740.52,44.024518,-113.304306
126143,1717,192.214,102,741.21,43.540521,-112.517776
126333,1718,411.529,190,742.47,42.954586,-112.86092
126530,1719,489.56,197,743.81,43.557415,-112.598909
126728,1720,481.276,198,745.04,42.310256,-112.899378
126918,1721,425.206,190,746.2,43.792101,-112.683181
127041,1722,269.59,123,746.94,44.009879,-112.475077
127251,1723,611.339,210,748.24,43.975249,-112.361664
127383,1724,219.925,132,749.1,42.87212,-113.002819
127510,1725,272.346,127,749.96,43.604815,-111.971494
127583,1726,113.71,73,750.47,45.178288,-112.900841
127696,1727,255.219,113,751.25,42.417839,-112.710745
127823,1728,323.48,127,752.09,42.903992,-113.02422
128049,1729,579.835,226,753.63,41.475703,-113.028327
128191,1730,321.225,142,754.54,43.624129,-113.009727
128274,1731,162.65,83,755.1,43.479633,-113.380543
128394,1732,220.347,120,755.89,41.684106,-113.278563
128732,1733,766.942,338,758.18,43.813697,-113.053835
128871,1734,318.852,139,759.16,44.138225,-113.46507
129037,1735,478.582,166,760.32,43.810145,-112.842523
129230,1736,544.198,193,761.73,43.835482,-113.09003
129349,1737,279.2,119,762.58,41.504522,-113.155351
129644,1738,698.392,295,764.58,43.745741,-113.083136
129774,1739,291.949,130,765.5,43.364994,-113.471518
129902,1740,285.135,128,766.37,42.324917,-113.116002
130128,1741,477.951,226,768.73,43.230806,-112.977023
130302,1742,499.323,174,770.0,42.975156,-113.147867
130393,1743,165.912,91,770.68,41.721464,-113.548297
130521,1744,288.719,128,771.54,43.441035,-113.439355
130692,1745,365.347,171,772.8,43.510137,-113.199051
130919,1746,540.366,227,774.5,41.189703,-113.594277
131072,1747,361.66,153,775.54,41.340902,-113.043262
131251,1748,496.991,179,776.76,43.003391,-113.332365
131331,1749,135.806,80,777.33,41.365428,-113.490223
131517,1750,526.243,186,778.62,42.250308,-113.808617
131699,1751,540.047,182,779.96,42.434694,-113.300157
131869,1752,492.536,170,781.21,41.975675,-113.881706
132050,1753,547.131,181,782.54,41.947693,-113.741925
132218,1754,473.851,168,783.78,41.860556,-113.6225
132341,1755,202.716,123,784.66,41.467049,-113.49319
132534,1756,508.203,193,786.09,41.582318,-113.690948
132696,1757,363.367,162,787.26,41.844579,-113.787664
132888,1758,572.115,192,788.6,41.539057,-113.253676
133098,1759,577.11,210,790.09,42.331204,-114.06775
133239,1760,328.185,141,791.15,42.194117,-113.982425
133378,1761,340.681,139,792.18,42.204691,-113.606891
133520,1762,335.764,142,793.21,42.822548,-113.869429
133727,1763,517.989,207,794.67,44.193299,-113.974929
134001,1764,799.231,274,796.51,42.138991,-113.764362
134186,1765,548.97,185,797.83,41.909706,-113.821933
134487,1766,960.69,301,800.17,41.979944,-113.95315
134719,1767,596.394,232,802.08,41.10357,-113.811907
134872,1768,356.734,153,803.22,41.522173,-113.871851
135005,1769,309.47,133,804.4,41.363416,-114.523467
135144,1770,358.591,139,805.59,43.358689,-114.004914
135319,1771,468.187,175,807.09,41.771012,-114.079946
135420,1772,132.054,101,807.99,40.991871,-114.208594
135602,1773,406.374,182,809.54,42.411647,-113.895105
135674,1774,116.9,72,810.11,42.181273,-114.679705
135801,1775,202.5,127,811.18,40.968258,-113.575998
136057,1776,732.48,256,813.23,41.588805,-114.086569
136324,1777,721.316,267,815.48,41.777147,-114.119594
136474,1778,329.436,150,816.77,41.418711,-114.099811
136559,1779,107.276,85,817.51,41.352229,-114.189125
136681,1780,251.799,122,818.53,41.745978,-114.464392
136778,1781,168.97,97,819.33,41.394623,-114.245205
136937,1782,381.981,159,820.66,41.906258,-114.657561
137073,1783,236.027,136,821.79,42.699672,-114.291639
137293,1784,643.544,220,823.56,41.210092,-114.610483
137667,1785,957.414,374,826.62,42.058317,-114.544987
137926,1786,716.743,259,828.81,42.699651,-114.394863
138139,1787,448.276,213,830.55,41.357739,-114.427941
138332,1788,534.35,193,831.97,40.31791,-114.585336
138588,1789,730.234,256,833.73,40.163783,-114.97976
139016,1790,1117.451,428,836.72,41.277735,-114.623362
139642,1791,1511.149,626,841.13,41.331347,-114.999152
139727,1792,122.667,85,841.73,41.690037,-115.456807
140079,1793,312.755,352,845.58,41.085304,-115.093739
140224,1794,341.132,145,846.64,42.779839,-115.013327
140426,1795,161.189,202,848.07,41.269453,-115.33501
140598,1796,372.601,172,849.39,41.247021,-115.127692
140980,1797,904.038,382,851.96,40.564779,-115.154161
141281,1798,760.362,301,854.09,40.494718,-115.508156
141710,1799,1125.519,429,857.27,40.712125,-115.541801
141903,1800,574.805,193,858.67,41.009407,-115.789099
142287,1801,929.902,384,861.39,41.78349,-115.883244
142656,1802,1074.456,369,864.06,41.859965,-115.813157
142974,1803,940.144,318,866.49,41.188889,-115.949194
143385,1804,789.696,411,869.4,41.425908,-115.919642
143555,1805,438.943,170,870.62,40.950332,-116.402435
143894,1806,969.221,339,873.11,40.58704,-115.781422
144093,1807,244.9,199,874.56,40.877558,-116.216075
144409,1808,681.533,316,876.92,42.125119,-116.082358
144700,1809,763.798,291,878.97,40.689492,-116.296789
145634,1810,2297.768,934,885.34,40.592188,-116.446656
146118,1811,1263.44,484,888.52,40.207411,-116.487542
146307,1812,560.274,189,889.75,39.183158,-116.415195
146520,1813,615.889,213,891.18,39.025445,-116.842258
146973,1814,1004.09,453,894.65,40.310592,-116.616591
147262,1815,863.181,289,896.99,40.721027,-116.936807
147481,1816,547.74,219,898.69,41.626862,-117.177667
147655,1817,463.918,174,900.01,40.999885,-117.309044
147847,1818,320.823,192,901.43,40.682608,-117.566157
148145,1819,880.635,298,903.61,41.430464,-117.496149
148318,1820,419.251,173,904.94,41.699335,-117.736949
148498,1821,485.858,180,906.34,40.657122,-118.008318
148582,1822,100.536,84,907.0,40.946739,-118.109769
148916,1823,878.466,334,909.64,40.202113,-117.506166
149074,1824,422.735,158,910.92,40.132934,-117.894908
149234,1825,395.032,160,912.23,40.989331,-117.740269
149564,1826,1041.843,330,914.71,39.909795,-118.202563
149806,1827,796.97,242,916.58,39.875322,-118.0666
150116,1828,919.245,310,920.65,40.080406,-118.008214
150431,1829,985.102,315,923.08,41.079835,-118.365044
150618,1830,466.714,187,924.54,39.783871,-118.05878
150801,1831,505.129,183,925.95,40.717023,-118.688322
150875,1832,112.113,74,926.58,39.272367,-118.557644
151059,1833,554.883,184,928.05,41.025192,-117.961415
151503,1834,1411.82,444,931.52,40.581005,-118.518158
151709,1835,546.235,206,933.21,41.177778,-119.061789
152035,1836,864.599,326,935.82,39.799846,-119.054758
152202,1837,427.634,167,937.1,39.794166,-118.877113
152426,1838,635.941,224,938.92,39.689766,-119.026493
152514,1839,136.058,88,939.63,40.21428,-119.009871
152646,1840,295.443,132,940.67,39.092063,-118.767006
152886,1841,623.286,240,942.63,41.020347,-119.499121
152965,1842,111.876,79,943.3,40.117454,-119.426548
153083,1843,234.579,118,944.29,42.86247,-119.002658
153242,1844,387.921,159,945.51,40.682955,-119.03925
153483,1845,736.511,241,947.42,40.193614,-119.14702
153590,1846,180.008,107,948.3,41.69493,-119.28579
153674,1847,121.446,84,948.96,39.51293,-119.952902
153812,1848,334.738,138,950.1,41.910856,-119.359783
154025,1849,547.942,213,951.76,42.026631,-119.188477
154113,1850,123.812,88,952.33,43.18366,-119.283191
154310,1851,587.697,197,953.64,41.013773,-119.303213
154555,1852,692.905,245,955.17,41.40652,-119.470924
154714,1853,396.51,159,956.16,41.762486,-119.250256
154793,1854,112.644,79,956.68,43.45576,-119.396756
154962,1855,473.236,169,957.75,40.848261,-119.754808
155045,1856,108.37,83,958.28,41.546064,-119.262335
155244,1857,492.0,199,959.62,41.238657,-119.416975
155370,1858,270.052,126,960.46,41.538515,-119.478603
155519,1859,335.679,149,961.45,41.79332,-119.188568
155611,1860,145.306,92,962.06,42.294349,-119.940089
155711,1861,174.837,100,962.73,41.057439,-119.455396
155805,1862,152.081,94,963.31,40.069189,-119.516919
155893,1863,119.358,88,963.86,40.24586,-119.202157
156111,1864,648.302,218,965.18,41.64842,-119.998063
156366,1865,802.625,255,966.76,41.677828,-119.65114
156603,1866,678.433,237,968.38,42.009855,-119.723251
156830,1867,671.212,227,969.99,41.317075,-119.706516
156910,1868,104.511,80,970.55,42.751841,-119.961688
157177,1869,615.835,267,972.49,42.945002,-119.680475
157334,1870,384.267,157,973.56,42.036407,-120.007333
157420,1871,113.526,86,974.15,42.771771,-119.717914
157608,1872,568.427,188,975.45,40.397266,-119.950736
157777,1873,454.659,169,976.63,42.306391,-119.949095
158001,1874,729.538,224,978.23,43.019619,-120.277606
158196,1875,631.049,195,979.61,42.836164,-120.208852
158407,1876,573.167,211,981.15,42.17756,-119.937743
158539,1877,278.789,132,982.12,41.037954,-120.357283
158623,1878,140.063,84,982.74,43.445836,-119.808645
158724,1879,155.132,101,983.49,43.256557,-120.279374
158963,1880,740.596,239,985.16,43.068182,-120.064069
159153,1881,510.795,190,986.4,42.576227,-120.185097
159244,1882,167.266,91,987.06,45.162396,-120.635132
159334,1883,126.375,90,987.69,42.766338,-120.218736
159593,1884,811.565,259,989.53,42.707658,-120.478705
159688,1885,157.496,95,990.2,39.847063,-120.446807
159773,1886,130.162,85,990.85,42.873398,-120.285756
159865,1887,133.85,92,991.53,43.122076,-120.373216
160105,1888,696.859,240,994.16,42.716918,-120.705148
160188,1889,125.268,83,994.76,44.194345,-120.001698
160322,1890,347.776,134,995.69,45.065708,-119.974245
160402,1891,124.388,80,996.27,44.993374,-120.660426
160616,1892,644.834,214,997.8,43.01895,-120.969118
160715,1893,172.846,99,998.53,43.074192,-120.883864
160910,1894,541.813,195,999.89,44.211254,-120.312019
161096,1895,534.186,186,1001.2,43.712303,-120.650278
161291,1896,452.985,195,1002.62,43.609856,-120.842356
161511,1897,612.685,220,1004.24,44.92752,-121.043489
161602,1898,163.906,91,1004.91,43.59622,-120.790903
161706,1899,191.316,104,1005.71,44.931285,-120.907181
161793,1900,137.854,87,1006.39,43.669626,-121.141359
161883,1901,156.597,90,1007.1,42.570499,-121.591511
161971,1902,125.034,88,1007.78,41.974369,-121.033376
162080,1903,206.456,109,1008.63,43.435756,-121.158309
162329,1904,703.565,249,1010.52,43.415275,-121.144568
162584,1905,697.173,255,1012.32,44.857147,-120.515929
162798,1906,629.767,214,1013.84,44.825483,-121.086523
162905,1907,136.371,107,1014.61,44.295578,-121.330683
163126,1908,641.327,221,1016.24,45.099178,-120.364831
163284,1909,394.287,158,1017.42,43.464724,-121.217626
163362,1910,130.809,78,1017.99,44.214019,-122.107338
163873,1911,1599.783,511,1021.57,44.340855,-121.446633
163970,1912,171.067,97,1022.26,44.345966,-121.367287
164211,1913,777.645,241,1023.96,45.1205,-121.390482
164613,1914,1161.734,402,1026.87,44.976595,-121.601862
164877,1915,703.631,264,1028.78,44.743806,-121.644935
165082,1916,578.119,205,1030.14,43.956777,-121.208219
165321,1917,681.514,239,1031.8,43.629968,-121.539498
165450,1918,268.393,129,1032.68,45.298136,-122.206707
165543,1919,137.457,93,1033.34,44.837277,-122.498071
165801,1920,783.921,258,1035.28,45.335292,-121.609384
165994,1921,534.555,193,1036.72,45.15836,-121.972256
166106,1922,253.351,112,1037.55,44.887201,-122.238669
166208,1923,166.072,102,1038.26,47.658237,-121.867638
166435,1924,667.694,227,1039.84,44.603572,-122.405414
166536,1925,135.993,101,1040.54,44.801046,-121.556831
166754,1926,623.065,218,1042.04,46.309048,-121.941609
167135,1927,1020.756,381,1044.77,45.155102,-122.13977
167232,1928,131.329,97,1045.5,46.401181,-121.712753
167455,1929,676.187,223,1047.18,44.991895,-122.581738
167711,1930,718.676,256,1048.9,44.807429,-122.39031
167935,1931,691.435,224,1050.28,47.103521,-122.391404
168029,1932,127.931,94,1050.88,45.851422,-122.150785
168132,1933,193.787,103,1051.53,44.915924,-122.045737
168218,1934,138.819,86,1052.14,44.027365,-122.362316
168414,1935,582.213,196,1053.51,46.199817,-121.765774
168614,1936,526.29,200,1054.87,45.980529,-122.452169
168942,1937,988.563,328,1057.02,45.380764,-122.505517
169088,1938,352.35,146,1057.92,47.102168,-122.603107
169371,1939,828.352,283,1059.89,46.668443,-122.582021
169601,1940,702.769,230,1061.44,46.243157,-123.111968
169866,1941,828.666,265,1063.19,46.175322,-122.606757
170069,1942,582.595,203,1065.71,45.612526,-122.838477
170299,1943,717.463,230,1067.25,45.026403,-122.835869
170504,1944,493.676,205,1068.61,45.248467,-122.963942
170595,1945,145.154,91,1069.27,44.11004,-123.253167
170688,1946,167.939,93,1069.98,43.331935,-122.847784
170903,1947,709.983,215,1071.5,46.731714,-123.176742
171065,1948,428.138,162,1072.67,45.199607,-122.940478
171321,1949,761.238,256,1074.41,45.541946,-122.558521
171531,1950,594.304,210,1075.8,45.882892,-123.409116
171626,1951,168.275,95,1076.41,47.003029,-122.937352
171876,1952,751.139,250,1078.03,46.446856,-122.964813
172010,1953,238.832,134,1079.01,46.265648,-123.465252
172116,1954,214.69,106,1079.77,47.315659,-123.255526
172416,1955,892.916,300,1081.94,46.84172,-123.700855
172514,1956,183.937,98,1082.6,48.112097,-123.481028
172753,1957,804.09,239,1084.14,45.452231,-123.536465
173117,1958,1105.619,364,1086.39,46.136816,-123.565218
173429,1959,909.091,312,1088.47,45.942186,-123.772069
173628,1960,562.127,199,1089.79,45.868109,-123.875229
173732,1961,165.151,104,1090.49,46.586075,-123.376632
173858,1962,239.029,126,1091.36,45.460919,-123.882405
174075,1963,641.297,217,1092.75,47.552822,-123.598131
174298,1964,621.183,223,1094.18,46.66977,-123.834891
174401,1965,178.8,103,1094.83,45.968819,-124.25826
174608,1966,614.232,207,1096.16,47.506331,-123.711093
174805,1967,536.062,197,1097.44,45.736289,-124.146269
175019,1968,692.759,214,1098.91,47.08137,-124.49568
175109,1969,157.682,90,1099.56,49.00303,-124.032367
175317,1970,465.967,208,1100.99,46.549928,-124.372274
175445,1971,258.088,128,1101.76,46.931727,-124.300078
175629,1972,462.672,184,1102.91,47.148102,-124.317191
175828,1973,520.253,199,1104.13,46.972213,-124.306282
176113,1974,870.037,285,1105.97,47.325609,-124.609871
176377,1975,776.92,264,1107.71,47.926934,-124.216443
176624,1976,658.502,247,1109.38,48.238379,-124.46685
176865,1977,743.543,241,1110.9,47.662054,-124.457921
177021,1978,386.155,156,1111.86,46.391044,-125.530493
177294,1979,855.198,273,1113.58,47.650302,-124.509724
177472,1980,428.96,178,1114.73,46.074318,-125.27017
177671,1981,624.132,199,1116.03,46.445481,-124.662656
177871,1982,488.81,200,1117.34,47.5799,-124.896179
178104,1983,718.313,233,1118.77,47.027812,-124.943992
178210,1984,207.165,106,1119.42,46.546483,-125.415394
178607,1985,1286.303,397,1121.82,47.323513,-125.111053
178710,1986,216.577,103,1122.46,47.539612,-124.726105
178885,1987,497.947,175,1123.59,46.574294,-125.30153
178999,1988,227.391,114,1124.35,47.280706,-125.324869
179154,1989,394.88,155,1125.35,47.707026,-125.065435
179310,1990,387.346,156,1126.35,48.237678,-125.51252
179487,1991,440.991,177,1127.5,48.743458,-125.422516
179610,1992,292.686,123,1128.33,47.654547,-125.428826
179949,1993,975.492,339,1130.57,48.633958,-125.328649
180092,1994,359.968,143,1133.75,48.216049,-125.772069
180293,1995,527.639,201,1135.39,47.566472,-125.721222
180486,1996,484.65,193,1136.9,46.517954,-125.486612
180750,1997,797.286,264,1138.98,47.541394,-125.875949
180925,1998,492.903,175,1140.38,48.057338,-125.507128
181087,1999,409.612,162,1141.61,47.617667,-125.602078
181322,2000,670.881,235,1143.41,49.485234,-125.897266
181536,2001,567.068,214,1145.07,48.713506,-126.056989
181673,2002,288.953,137,1146.19,47.978742,-125.869294
181880,2003,572.765,207,1147.81,48.50535,-125.824791
182057,2004,464.427,177,1149.18,49.195035,-125.978771
182209,2005,418.753,152,1150.41,47.72944,-126.677279
182431,2006,625.988,222,1152.22,46.723287,-126.875808
182603,2007,401.253,172,1153.56,47.473481,-126.178197
182773,2008,452.398,170,1154.88,48.443806,-126.621702
183007,2009,609.615,234,1156.71,48.386401,-126.089838
183264,2010,718.786,257,1158.71,49.69535,-126.485731
183541,2011,822.24,277,1160.89,47.860466,-126.320912
183654,2012,243.523,113,1161.78,48.108378,-126.686789
183741,2013,134.882,87,1162.5,45.955277,-127.315413
183898,2014,408.236,157,1163.71,48.999257,-126.561698
184208,2015,946.072,310,1166.06,48.476066,-126.948955
184475,2016,847.149,267,1168.0,47.51732,-126.891309
184683,2017,604.553,208,1169.6,47.20354,-127.125035
184909,2018,673.415,226,1171.39,46.87621,-126.907898
185103,2019,540.579,194,1172.88,48.774767,-126.501956
185294,2020,562.204,191,1174.34,48.187163,-127.089977
185456,2021,479.528,162,1175.54,47.317859,-127.029362
185717,2022,806.912,261,1177.63,47.183615,-127.236107
186105,2023,1303.929,388,1180.62,48.423763,-127.625233
186275,2024,449.222,170,1182.0,48.381063,-127.512302
186503,2025,690.999,228,1183.86,46.500257,-127.800354
186859,2026,1125.908,356,1186.67,49.725262,-127.71392
186993,2027,268.653,134,1187.67,47.320445,-127.660262
187255,2028,770.346,262,1189.7,48.478502,-128.120373
187503,2029,632.49,248,1191.64,49.251479,-127.806068
187630,2030,302.264,127,1192.55,48.608859,-128.08662
187913,2031,794.874,283,1194.55,47.574266,-128.1536
188100,2032,503.61,187,1195.82,48.969831,-127.722576
188253,2033,385.587,153,1196.88,47.914393,-128.209286
188321,2034,92.273,68,1197.35,48.356445,-128.967056
188552,2035,640.929,231,1198.9,47.638419,-128.713338
188798,2036,749.653,246,1200.61,48.578994,-128.387122
188969,2037,445.432,171,1201.83,48.685127,-128.233178
189153,2038,559.454,184,1203.12,47.540412,-128.899993
189279,2039,292.504,126,1203.98,46.711224,-128.794651
189466,2040,512.676,187,1205.26,47.973263,-129.057499
189621,2041,433.214,155,1206.35,48.047801,-128.727995
189796,2042,461.403,175,1207.53,48.383992,-128.420776
189975,2043,492.302,179,1208.8,48.801934,-128.633892
190060,2044,163.004,85,1210.4,49.756767,-129.437554
190403,2045,1039.351,343,1212.78,47.905695,-129.120781
190694,2046,887.333,291,1214.75,48.328687,-128.674133
190893,2047,607.71,199,1216.1,47.32794,-129.291782
191065,2048,415.68,172,1217.28,48.405976,-129.129295
191313,2049,740.685,248,1218.99,47.768333,-129.500036
191435,2050,276.031,122,1219.83,48.826222,-129.316157
191565,2051,297.07,130,1220.69,48.876222,-129.926365
191772,2052,601.05,207,1222.06,48.854654,-129.137243
191990,2053,647.43,218,1223.55,48.190564,-129.761712
192226,2054,662.733,236,1225.17,48.914504,-129.446545
192409,2055,453.508,183,1226.45,47.390567,-130.024895
192537,2056,278.187,128,1227.33,46.43796,-130.146003
192729,2057,557.593,192,1228.67,47.542681,-130.12082
192993,2058,831.664,264,1230.53,49.444025,-129.557362
193116,2059,265.567,123,1231.42,47.121782,-129.551925
193242,2060,267.647,126,1232.25,48.710307,-130.046027
193445,2061,544.412,203,1233.71,48.785306,-130.101927
193627,2062,486.682,182,1235.02,48.10374,-130.424661
193859,2063,647.566,232,1236.67,50.586456,-130.610334
194072,2064,527.583,213,1238.2,48.872599,-130.238163
194246,2065,451.247,174,1239.47,47.755423,-130.266451
194463,2066,576.069,217,1241.06,49.065591,-130.482111
194732,2067,792.71,269,1242.97,48.140373,-131.218044
194913,2068,508.911,181,1244.22,48.687892,-130.739435
195012,2069,185.042,99,1244.92,48.851255,-130.249882
195204,2070,497.453,192,1246.31,48.148082,-131.463234
195390,2071,488.202,186,1247.65,48.624376,-131.247108
195587,2072,518.578,197,1249.04,51.145737,-131.302442
195804,2073,626.923,217,1250.58,48.864015,-130.708955
195968,2074,374.531,164,1251.78,50.279272,-131.178828
196215,2075,690.135,247,1253.67,49.51715,-131.329473
196333,2076,257.476,118,1254.58,50.159227,-131.289691
196535,2077,520.374,202,1256.15,49.343393,-130.905444
196742,2078,591.126,207,1257.73,49.095435,-131.342377
197007,2079,852.393,265,1259.78,49.420575,-131.203152
197279,2080,859.931,272,1261.89,50.002234,-131.372108
197563,2081,851.608,284,1264.17,49.661552,-131.611576
197695,2082,274.473,132,1265.12,51.241324,-131.399219
198091,2083,1332.791,396,1268.23,49.407108,-131.899659
198292,2084,527.072,201,1269.78,49.267895,-132.013915
198471,2085,484.716,179,1271.12,48.759834,-131.320154
198659,2086,498.278,188,1273.73,48.670269,-132.456516
198876,2087,616.157,217,1275.26,48.719196,-132.098917
199107,2088,676.456,231,1277.0,49.608401,-132.051735
199301,2089,573.005,194,1278.45,48.879473,-132.658727
199465,2090,371.791,164,1279.74,50.844993,-132.070736
199726,2091,835.905,261,1281.53,49.69258,-132.425293
199990,2092,746.811,264,1283.54,49.564867,-132.286302
200332,2093,971.026,342,1287.18,49.192388,-131.792518
200495,2094,388.642,163,1288.22,49.035522,-132.594926
200731,2095,708.405,236,1289.82,49.551131,-132.721419
201124,2096,1327.224,393,1292.27,49.532879,-132.998175
201372,2097,764.238,248,1294.02,49.815299,-132.75077
201634,2098,801.454,262,1295.86,51.578259,-132.809783
201945,2099,941.518,311,1297.78,49.593375,-133.191635
202108,2100,363.342,163,1298.82,50.908209,-133.634674
202343,2101,702.73,235,1300.44,49.180636,-133.1801
202669,2102,1003.018,326,1302.68,49.679911,-132.887874
202940,2103,767.489,271,1304.51,48.757963,-133.407302
203147,2104,560.955,207,1305.79,49.06597,-133.849804
203409,2105,751.544,262,1307.43,49.894888,-133.99082
203701,2106,848.748,292,1309.29,48.454598,-134.030028
203870,2107,464.652,169,1310.46,49.562827,-133.642939
204118,2108,720.686,248,1312.28,48.847288,-133.912149
204402,2109,889.5,284,1314.34,49.737691,-134.243877
204509,2110,212.943,107,1315.1,50.854197,-134.419048
204634,2111,268.013,125,1316.0,51.476271,-134.055448
204890,2112,731.167,256,1317.72,50.063004,-134.38365
205098,2113,537.031,208,1319.29,50.785966,-134.151002
205286,2114,486.781,188,1320.78,51.318668,-134.475646
205523,2115,726.511,237,1322.45,51.226515,-134.601627
205800,2116,884.083,277,1324.33,50.368383,-134.328705
206088,2117,891.84,288,1326.32,50.173129,-134.672118
206357,2118,778.553,269,1328.22,50.18237,-135.152876
206597,2119,614.833,240,1329.92,49.820751,-135.027197
206860,2120,851.715,263,1331.85,50.795915,-135.163956
207055,2121,550.599,195,1333.33,50.533477,-135.085329
207527,2122,1650.918,472,1336.8,49.648236,-135.614921
207875,2123,1121.615,348,1339.33,50.331641,-135.728487
207923,2124,19.245,48,1339.69,50.065535,-134.83363
208152,2125,682.069,229,1341.23,50.274451,-135.912773
208416,2126,858.343,264,1342.94,49.3693,-135.54195
208715,2127,943.395,299,1344.9,49.222138,-135.839065
208968,2128,775.097,253,1346.6,49.838002,-136.323997
209324,2129,1154.297,356,1349.07,49.692331,-136.147014
209657,2130,1067.317,333,1351.23,49.847797,-135.943181
209901,2131,793.026,244,1352.66,51.960107,-136.570696
210171,2132,830.67,270,1356.16,50.427569,-136.521853
210405,2133,706.207,234,1357.62,50.754433,-136.574089
210675,2134,784.193,270,1359.38,50.878378,-135.994886
210970,2135,1002.809,295,1361.47,50.233709,-136.540145
211204,2136,710.645,234,1363.03,51.391123,-136.91404
211401,2137,574.29,197,1364.38,49.929515,-136.808233
211621,2138,652.922,220,1365.92,51.321381,-136.812295
211834,2139,641.245,213,1367.48,50.642125,-136.981904
212048,2140,620.666,214,1368.98,49.306166,-136.921687
212312,2141,698.771,264,1370.76,50.952158,-137.44989
212594,2142,815.963,282,1372.83,50.412059,-137.437652
213057,2143,832.639,463,1375.99,52.265008,-137.471985
213327,2144,925.38,270,1377.67,52.293992,-137.60981
213634,2145,809.637,307,1379.53,50.429812,-137.85132
213893,2146,715.248,259,1381.24,50.978662,-138.006921
214148,2147,776.281,255,1382.98,52.450129,-138.16874
214407,2148,689.617,259,1384.83,51.261185,-138.227736
214929,2149,1685.425,522,1388.04,51.680487,-138.161131
215161,2150,631.973,232,1389.51,51.096196,-138.456694
215432,2151,846.605,271,1391.27,51.393766,-138.710673
215700,2152,668.986,268,1393.08,51.399017,-138.578954
215932,2153,593.074,232,1394.6,52.425488,-138.667469
216182,2154,727.805,250,1396.41,51.150866,-138.797182
216583,2155,1113.624,401,1399.7,51.574388,-139.133191
216812,2156,559.964,229,1401.49,52.740975,-139.546498
217171,2157,1041.506,359,1404.52,52.705198,-139.317959
217376,2158,589.028,205,1406.26,52.48251,-139.242482
217602,2159,614.106,226,1408.3,51.920687,-139.496745
217850,2160,676.852,248,1410.8,53.44258,-139.595926
218086,2161,640.157,236,1413.18,52.590073,-139.724763
218342,2162,805.914,256,1415.23,52.857512,-139.359891
218641,2163,941.974,299,1418.36,52.081589,-139.549253
218918,2164,929.565,277,1421.29,51.828511,-140.014139
219234,2165,870.074,316,1424.64,53.680875,-140.032455
219632,2166,1203.498,398,1429.21,52.16924,-139.937024
219903,2167,739.597,271,1432.28,52.549479,-140.128611
220251,2168,1118.845,348,1438.82,53.044475,-140.733291
220514,2169,704.166,263,1442.42,52.606174,-140.882343
220803,2170,842.144,289,1446.57,52.252495,-140.499373
221075,2171,824.972,272,1450.29,52.289041,-140.873926
221374,2172,887.863,299,1453.91,51.204413,-140.833194
221614,2173,633.724,240,1456.55,51.641719,-140.442473
222022,2174,1293.95,408,1461.34,52.832847,-140.909198
222266,2175,726.043,244,1464.17,52.941657,-141.06006
222576,2176,923.335,310,1467.5,52.463171,-140.778991
222819,2177,705.522,243,1469.72,52.938017,-141.244009
223083,2178,760.168,264,1472.37,51.972696,-141.080904
223339,2179,710.135,256,1474.3,52.223137,-141.271068
223575,2180,729.307,236,1475.96,52.549279,-140.847343
223815,2181,641.413,240,1477.57,52.742304,-141.108591
224001,2182,572.74,186,1478.76,52.98937,-141.506966
224289,2183,835.498,288,1480.77,52.530245,-141.543486
224711,2184,1178.163,422,1483.74,51.367186,-142.225379
224970,2185,717.134,259,1485.44,52.460085,-141.905569
225369,2186,1189.956,399,1488.02,52.707008,-141.627781
225641,2187,771.955,272,1489.76,52.715417,-142.288719
225898,2188,700.254,257,1491.65,51.470022,-142.054457
226243,2189,1129.768,345,1494.28,52.058963,-142.185536
226512,2190,818.267,269,1496.41,52.869751,-142.468847
226948,2191,1499.911,436,1499.79,51.631994,-142.755145
227183,2192,608.899,235,1501.66,52.343612,-142.653155
227555,2193,1139.782,372,1504.43,52.391454,-142.804752
227911,2194,1088.252,356,1507.13,53.806237,-143.047727
228262,2195,1016.147,351,1509.83,52.690811,-143.229413
228534,2196,756.497,272,1511.95,52.535153,-143.17093
228916,2197,1178.495,382,1514.96,52.712681,-143.303922
229335,2198,1300.323,419,1518.3,52.869236,-143.851963
229598,2199,812.628,263,1520.23,53.471589,-144.0126
229857,2200,719.952,259,1522.23,54.678954,-143.402575
230093,2201,624.887,236,1525.64,52.7973,-143.630041
230361,2202,697.153,268,1527.69,53.554117,-143.767372
230626,2203,698.092,265,1529.53,53.98937,-143.885234
231043,2204,1372.539,417,1532.62,52.550675,-144.258659
231297,2205,659.687,254,1534.41,54.237631,-144.077337
231589,2206,785.415,292,1536.43,52.800946,-144.278389
231848,2207,667.907,259,1538.22,51.683245,-144.213192
232270,2208,1213.083,422,1541.19,52.522672,-144.854151
232554,2209,817.684,284,1543.08,53.797224,-144.36495
232770,2210,565.689,216,1544.6,52.987796,-144.42988
233127,2211,1070.945,357,1547.32,52.195933,-144.940399
233345,2212,573.354,218,1548.95,52.045753,-145.252917
233476,2213,301.295,131,1549.9,53.114824,-145.103229
233716,2214,650.504,240,1551.55,53.152533,-144.987053
234079,2215,1199.602,363,1554.01,52.843784,-145.078504
234356,2216,819.081,277,1555.91,53.353897,-145.195222
234819,2217,1412.277,463,1559.14,53.315891,-145.197799
235345,2218,1419.299,526,1562.79,54.398512,-145.474911
235875,2219,1779.9,530,1566.37,53.09677,-145.468896
236108,2220,595.051,233,1568.0,53.182876,-145.913314
236441,2221,863.446,333,1570.27,54.27151,-146.322173
236825,2222,1094.244,384,1572.91,54.067859,-146.224423
237052,2223,598.83,227,1574.49,53.803382,-146.50451
237573,2224,1826.423,521,1578.15,53.873289,-146.34854
238002,2225,1271.382,429,1581.06,53.910769,-146.956423
238271,2226,761.343,269,1582.93,53.892854,-146.650503
238598,2227,1160.823,327,1585.21,55.409387,-146.951998
238998,2228,1281.627,400,1588.14,53.938632,-147.446536
239412,2229,1222.456,414,1591.17,54.435131,-147.333587
239759,2230,1053.431,347,1593.8,54.393983,-147.74195
240019,2231,740.684,260,1598.12,54.581286,-147.843295
240276,2232,691.007,257,1599.99,53.248956,-147.851127
240607,2233,871.733,331,1602.42,53.411357,-148.209239
241004,2234,1314.167,397,1605.23,54.360934,-148.681585
241488,2235,1646.291,484,1608.56,53.077167,-148.333097
241753,2236,830.452,265,1610.42,53.474424,-148.622134
242114,2237,1029.831,361,1612.95,53.958313,-148.977351
242796,2238,2151.898,682,1617.72,54.357784,-148.899711
243063,2239,751.006,267,1619.55,53.875804,-148.872595
243236,2240,500.372,173,1620.68,54.211775,-149.621502
243890,2241,1905.201,654,1624.93,53.482153,-149.397505
244179,2242,811.53,289,1626.98,55.237081,-149.722924
244780,2243,1938.109,601,1630.79,54.072874,-149.563331
245094,2244,881.382,314,1632.82,54.390199,-150.275343
245469,2245,1161.248,375,1635.47,53.953785,-149.62441
246177,2246,2359.343,708,1640.43,54.179935,-150.201593
246633,2247,1480.678,456,1643.82,54.965295,-150.723103
246869,2248,691.206,236,1645.74,54.941603,-150.994448
247337,2249,1492.69,468,1649.25,54.290765,-150.760158
247604,2250,821.285,267,1651.19,56.007439,-151.319756
247969,2251,1149.776,365,1653.95,54.844289,-151.33891
248492,2252,1805.673,523,1657.85,55.465654,-151.579575
249240,2253,2626.318,748,1663.68,55.044576,-151.861976
249470,2254,672.236,230,1665.41,56.028279,-151.983943
249718,2255,676.213,248,1667.33,57.225133,-152.05845
249991,2256,857.162,273,1669.53,56.181753,-152.593492
250192,2257,584.121,201,1673.7,55.736175,-151.988943
250782,2258,1881.519,590,1677.77,56.034273,-152.745863
251001,2259,608.976,219,1679.25,56.418378,-152.75912
251443,2260,1329.975,442,1681.98,55.211131,-152.888417
251746,2261,887.127,303,1683.93,56.220607,-152.977931
252003,2262,750.868,257,1685.71,55.301725,-153.439534
252481,2263,1440.03,478,1688.89,56.399932,-153.629269
252908,2264,1483.738,427,1691.7,56.62582,-153.472653
253451,2265,1772.66,543,1695.55,55.190184,-154.130963
253712,2266,756.768,261,1697.39,55.49843,-154.168697
254086,2267,1176.808,374,1700.0,56.084971,-154.527176
254279,2268,580.148,193,1701.37,56.67318,-154.831119
254960,2269,2453.769,681,1706.35,55.242806,-154.693163
255193,2270,716.117,233,1707.89,55.072221,-154.670366
255371,2271,511.715,178,1709.07,55.031265,-154.940504
255712,2272,1090.485,341,1711.25,55.795494,-155.393476
256311,2273,2035.377,599,1715.57,56.8598,-155.141442
256620,2274,887.497,309,1717.71,54.90548,-155.9012
257118,2275,1665.657,498,1721.23,56.467687,-156.109083
257384,2276,805.815,266,1723.14,55.139691,-156.689876
257678,2277,808.754,294,1725.33,56.194543,-155.714001
258536,2278,2791.562,858,1731.42,56.444078,-156.473452
258971,2279,1464.646,435,1734.46,56.425953,-156.578078
259386,2280,1465.386,415,1737.23,57.38607,-157.243584
259850,2281,1525.079,464,1740.46,56.321818,-157.208589
260354,2282,1678.799,504,1746.51,55.562818,-157.545295
260637,2283,785.154,283,1748.53,55.5906,-158.110964
261003,2284,1218.491,366,1751.07,56.645479,-157.803238
261258,2285,746.704,255,1752.92,55.585032,-158.276306
261447,2286,559.073,189,1754.23,56.839906,-158.721961
261908,2287,1542.938,461,1757.51,56.525633,-158.185663
262383,2288,1596.879,475,1761.14,55.570278,-158.905993
262579,2289,512.969,196,1762.55,56.261559,-158.525086
262879,2290,954.12,300,1764.62,58.215765,-158.329317
263122,2291,711.041,243,1766.24,55.635851,-159.031272
263504,2292,1165.785,382,1768.87,55.855394,-159.234204
263841,2293,1141.934,337,1771.18,57.917595,-158.345687
264164,2294,1000.032,323,1773.23,56.314166,-159.373346
264568,2295,1362.955,404,1775.83,56.469573,-159.329214
264817,2296,701.924,249,1777.52,55.519009,-159.314067
265325,2297,1662.859,508,1780.84,55.63477,-159.238588
265742,2298,1352.52,417,1783.53,56.463688,-160.482994
266153,2299,1313.327,411,1786.51,57.694963,-159.413125
266350,2300,525.299,197,1787.92,58.813732,-159.683103
266701,2301,1053.616,351,1790.38,55.370429,-159.973947
267027,2302,1018.059,326,1792.65,54.752636,-160.583224
267462,2303,1472.235,435,1795.65,56.84386,-160.612941
268046,2304,2107.71,584,1799.53,57.43913,-160.700026
268317,2305,760.067,271,1801.33,56.288906,-160.741033
268791,2306,1643.297,474,1804.56,57.458739,-160.897557
269152,2307,1211.286,361,1806.9,56.735453,-161.076119
269754,2308,1966.27,602,1810.68,57.332671,-161.416082
270015,2309,740.636,261,1814.9,56.460032,-161.449895
270539,2310,1771.525,524,1818.21,58.212466,-161.692745
271117,2311,1809.816,578,1822.16,57.747782,-161.79139
271393,2312,924.45,276,1824.08,58.612301,-162.201045
271663,2313,808.801,270,1825.88,57.235179,-161.685495
272040,2314,1149.99,377,1828.5,57.977904,-162.242337
272587,2315,1803.52,547,1832.41,57.359919,-162.298931
272842,2316,718.636,255,1834.14,58.688997,-161.965389
273086,2317,699.887,244,1835.8,56.689265,-162.4888
273408,2318,1056.151,322,1838.12,58.144696,-162.44264
273709,2319,866.246,301,1840.3,56.372944,-162.509351
274158,2320,1506.176,449,1843.17,57.388283,-163.216596
274639,2321,1651.25,481,1846.2,56.304723,-163.34138
274901,2322,753.814,262,1848.03,59.005551,-163.52064
275380,2323,1572.569,479,1851.53,57.578487,-163.470584
275790,2324,1340.245,410,1854.88,56.396196,-164.217042
276046,2325,816.009,256,1856.91,57.885297,-164.385483
276364,2326,982.676,318,1859.35,58.318441,-164.350472
276582,2327,608.116,218,1861.1,58.439772,-164.255997
277009,2328,1490.239,427,1864.63,56.821747,-164.133868
277236,2329,663.146,227,1866.39,58.243504,-164.275897
277576,2330,1116.15,340,1869.04,56.18516,-164.483072
278023,2331,1503.826,447,1873.73,57.942317,-165.263273
278250,2332,633.96,227,1875.51,59.000917,-164.855145
278417,2333,403.139,167,1876.8,58.599806,-164.471875
279032,2334,2048.005,615,1881.52,58.070845,-165.104362
279623,2335,1982.108,591,1886.28,57.332154,-165.519082
280130,2336,1611.456,507,1895.38,58.600868,-165.830779
280594,2337,1425.889,464,1899.25,58.475152,-165.270562
281060,2338,1661.022,466,1902.91,59.296529,-166.470797
281357,2339,902.095,297,1905.43,58.512282,-166.357908
281610,2340,711.12,253,1907.63,57.810015,-166.241476
282347,2341,2505.019,737,1913.44,58.204264,-166.643728
283264,2342,2937.203,917,1920.38,58.967218,-167.086994
283546,2343,834.617,282,1922.47,59.668607,-166.965246
284026,2344,1612.954,480,1926.0,58.703149,-167.214572
284480,2345,1562.647,454,1929.38,58.452404,-167.850449
285229,2346,2535.818,749,1934.94,58.164161,-167.783994
285715,2347,1553.333,486,1938.56,59.037717,-168.086759
286128,2348,1156.643,413,1941.57,58.535506,-168.596395
286359,2349,700.877,231,1943.27,59.359524,-167.850998
286744,2350,1128.005,385,1946.15,61.084139,-168.30147
287002,2351,803.656,258,1948.02,59.661591,-168.275085
287367,2352,1106.09,365,1950.62,60.106445,-169.202502
287910,2353,1677.988,543,1954.57,59.891234,-168.836829
288500,2354,1884.715,590,1958.81,59.21109,-169.028882
288859,2355,1238.555,359,1961.34,59.957726,-168.927353
289589,2356,2355.864,730,1966.66,59.103076,-169.511358
289920,2357,1050.799,331,1969.08,59.780223,-169.483982
290197,2358,884.231,277,1974.77,58.750094,-170.003862
290460,2359,784.349,263,1976.83,59.128152,-169.208099
291263,2360,2804.344,803,1983.05,58.739933,-170.161327
291718,2361,1488.626,455,1986.56,59.679803,-170.628572
291982,2362,753.177,264,1988.71,58.532229,-170.497254
292382,2363,1338.45,400,1992.02,58.822506,-170.6648
292937,2364,1848.319,555,1996.48,57.579558,-170.790493
293394,2365,1506.237,457,2000.32,59.027396,-171.007562
293773,2366,1257.83,379,2003.56,58.562593,-170.702727
294073,2367,891.188,300,2006.13,58.634259,-171.59373
294315,2368,660.36,242,2008.21,58.679515,-170.88174
294555,2369,725.36,240,2010.19,57.480456,-171.6359
295171,2370,2142.201,616,2014.66,58.719786,-171.304404
295638,2371,1459.699,467,2018.54,60.472982,-171.268982
295911,2372,734.946,273,2020.87,60.295939,-171.593133
296313,2373,1216.058,402,2024.33,58.301383,-171.583054
297313,2374,3325.731,1000,2032.11,59.091372,-171.99377
298313,2375,3098.945,1000,2038.4,59.099023,-172.326621
298636,2376,977.486,323,2040.49,58.070194,-172.944188
299265,2377,2048.474,629,2044.82,58.234164,-172.27284
299822,2378,1845.174,557,2048.65,58.82269,-173.114901
300110,2379,838.565,288,2053.89,59.800586,-173.456614
301110,2380,3318.896,1000,2060.88,59.016654,-173.352582
301474,2381,1180.946,364,2063.18,58.975522,-173.598556
302371,2382,3007.44,897,2069.49,58.069814,-173.96654
303371,2383,3124.153,1000,2076.66,58.64532,-173.875079
303640,2384,924.162,269,2078.76,58.546194,-174.537268
304004,2385,1122.826,364,2081.47,59.155555,-174.28582
304982,2386,3431.926,978,2088.63,58.504252,-174.066053
305204,2387,673.418,222,2090.2,59.298349,-174.489554
305493,2388,859.019,289,2092.12,57.94322,-174.315602
306230,2389,2414.062,737,2097.07,58.749529,-174.617862
306719,2390,1502.062,489,2100.28,59.285564,-174.835086
306973,2391,770.14,254,2101.99,59.122459,-174.854877
307265,2392,974.585,292,2104.14,59.633015,-175.209135
307571,2393,1017.882,306,2106.22,58.121867,-174.717234
307862,2394,975.566,291,2108.12,60.027662,-174.914713
308095,2395,706.794,233,2109.67,60.200069,-175.098523
308605,2396,1551.62,510,2113.15,57.986337,-174.992052
309073,2397,1450.7,468,2116.4,57.663537,-175.028028
310073,2398,3466.092,1000,2128.36,57.47798,-175.207754
311073,2399,3396.836,1000,2135.08,57.054829,-175.741738
312025,2400,3104.659,952,2142.04,58.851793,-175.851563
312952,2401,3443.558,927,2148.29,57.377357,-176.189087
313070,2402,272.304,118,2149.14,57.179768,-175.929549
313667,2403,2110.257,597,2153.13,58.387885,-176.418748
314166,2404,1691.745,499,2156.47,57.47577,-176.602288
314523,2405,1180.77,357,2158.98,57.511861,-176.625966
314812,2406,929.507,289,2160.94,55.944249,-177.240121
315293,2407,1554.619,481,2164.04,57.137235,-177.009289
316087,2408,2823.25,794,2169.29,57.045604,-177.068754
316701,2409,2041.03,614,2173.27,57.094842,-177.171964
316955,2410,772.092,254,2175.06,56.67929,-176.626999
317196,2411,775.822,241,2176.72,57.146342,-177.389371
317450,2412,894.067,254,2178.42,55.951823,-177.802983
317736,2413,839.805,286,2180.32,56.576283,-177.287689
317870,2414,323.424,134,2181.21,56.287296,-177.895406
318118,2415,780.667,248,2182.89,55.811781,-177.220522
318350,2416,734.361,232,2184.63,56.441344,-177.684585
318584,2417,712.579,234,2186.34,56.271125,-177.317917
318835,2418,845.301,251,2188.1,56.933853,-177.705183
319072,2419,750.509,237,2189.71,57.550927,-177.829479
319486,2420,1466.794,414,2192.69,57.465022,-178.148568
319883,2421,1320.354,397,2195.5,56.525494,-178.027542
320878,2422,3468.599,995,2206.3,56.908704,-178.325017
321218,2423,1025.869,340,2208.64,56.924694,-178.598228
321497,2424,927.135,279,2210.58,57.639949,-178.511386
321780,2425,911.94,283,2212.63,56.048451,-178.945243
322032,2426,783.035,252,2214.6,58.355447,-178.68033
322497,2427,1617.174,465,2218.41,56.820756,-178.821828
322710,2428,596.373,213,2219.99,55.859589,-179.137848
322943,2429,701.174,233,2221.72,57.632367,-179.187105
323414,2430,1560.416,471,2225.51,56.350692,-178.616567
323669,2431,789.348,255,2227.52,56.706309,-179.114248
324179,2432,1757.934,510,2231.3,57.385486,-179.09002
324399,2433,662.796,220,2233.04,57.338536,-178.444461
324827,2434,1490.831,428,2236.35,57.22308,-179.04092
325600,2435,2792.472,773,2242.2,57.206523,-179.576203
325972,2436,1296.49,372,2244.91,56.568638,-179.754026
326384,2437,1436.604,412,2248.1,56.207895,-179.898009
326577,2438,573.429,193,2249.74,56.714129,-180.50009
327261,2439,2496.031,684,2255.24,57.915377,-179.85569
327585,2440,1041.617,324,2257.84,57.563324,-180.522115
328552,2441,3431.173,967,2265.39,57.419927,-180.448656
328964,2442,1323.937,412,2268.59,55.293534,-180.726738
329898,2443,3432.342,934,2275.32,56.145525,-181.095025
330517,2444,2227.343,619,2282.77,56.476513,-181.001801
330707,2445,498.403,190,2284.05,54.779508,-181.955442
330876,2446,431.547,169,2285.26,57.105369,-181.33159
331119,2447,777.563,243,2286.97,57.320654,-181.63589
331883,2448,2760.375,764,2292.32,57.373215,-181.111768
332404,2449,1901.531,521,2296.02,56.440467,-181.368124
332974,2450,1868.895,570,2299.98,55.698297,-181.508853
333293,2451,1028.939,319,2302.2,56.555327,-181.598094
333666,2452,1171.305,373,2304.89,56.541889,-181.872258
334290,2453,2049.327,624,2309.27,56.420968,-182.270901
334818,2454,1828.922,528,2312.93,56.725044,-182.260672
335054,2455,725.512,236,2314.64,57.021197,-182.405899
335580,2456,1923.816,526,2318.52,58.521364,-182.307365
335973,2457,1327.158,393,2321.35,57.361318,-183.192242
336408,2458,1516.341,435,2324.51,56.898968,-182.570656
336800,2459,1325.723,392,2327.41,56.757064,-182.55158
337067,2460,865.386,267,2329.33,55.47448,-182.686486
337433,2461,1207.335,366,2331.9,55.890845,-182.440645
338049,2462,2250.091,616,2336.17,56.967791,-182.98534
338627,2463,2064.015,578,2340.32,56.640707,-183.366866
338759,2464,321.347,132,2341.25,57.793224,-183.104387
338905,2465,362.071,146,2342.25,56.29847,-182.654112
339905,2466,3582.758,1000,2349.26,55.713543,-183.281435
340493,2467,1953.361,588,2356.56,57.355659,-184.422279
340906,2468,1356.801,413,2359.25,56.830438,-183.860456
341728,2469,2916.531,822,2365.25,56.898759,-184.236295
341795,2470,103.949,67,2365.74,57.051738,-183.560312
342207,2471,1363.328,412,2368.88,56.04585,-184.345064
343168,2472,3404.143,961,2376.2,56.59262,-184.579038
343689,2473,1852.106,521,2380.11,57.315475,-184.745795
344689,2474,2965.281,1000,2387.62,56.641979,-184.890488
345225,2475,1830.969,536,2391.74,57.039885,-184.857624
345714,2476,1742.86,489,2395.2,57.198566,-185.696847
346555,2477,2837.186,841,2401.15,56.949408,-185.474355
347095,2478,1853.635,540,2404.61,57.064907,-185.540596
347393,2479,981.562,298,2406.69,58.051083,-185.786948
347726,2480,1116.218,333,2409.02,57.034989,-185.988572
347932,2481,436.741,206,2410.41,58.022104,-186.137926
348435,2482,1638.691,503,2413.83,57.458666,-185.809343
348651,2483,633.729,216,2415.29,58.24615,-186.084385
348927,2484,871.365,276,2417.25,56.78147,-185.745324
349603,2485,2410.669,676,2422.0,57.769918,-186.30612
350047,2486,1591.389,444,2429.15,56.876826,-186.66721
350482,2487,1535.631,435,2432.21,56.569135,-186.453685
350686,2488,599.299,204,2433.77,56.607701,-186.027496
351686,2489,3588.444,1000,2441.03,57.115889,-186.811813
352469,2490,2888.698,783,2446.62,57.007167,-186.802825
353154,2491,2450.766,685,2451.46,57.808309,-187.408496
353559,2492,1341.04,405,2454.34,56.759813,-186.9886
354559,2493,3145.252,1000,2461.41,56.947511,-187.391058
354820,2494,823.923,261,2463.35,56.369452,-187.807367
355043,2495,702.477,223,2464.98,55.893168,-187.976173
355162,2496,272.914,119,2465.82,58.344354,-189.054719
355507,2497,1029.11,345,2468.24,56.648632,-187.840978
355807,2498,1004.476,300,2470.47,55.542568,-187.996582
356331,2499,1770.129,524,2475.15,57.354232,-187.767738
356829,2500,1642.612,498,2478.48,56.680979,-187.990904
357170,2501,1103.571,341,2481.0,57.738341,-188.164837
357831,2502,2266.227,661,2485.29,57.453589,-188.660828
358057,2503,683.825,226,2486.67,58.945776,-187.882753
359057,2504,3553.193,1000,2493.66,56.214072,-188.608465
359581,2505,1690.365,524,2497.1,56.650069,-189.209915
359785,2506,605.004,204,2498.54,58.189356,-189.211566
360051,2507,788.221,266,2504.53,57.904528,-188.898738
360477,2508,1310.6,426,2507.69,57.485306,-189.448305
360822,2509,1108.583,345,2510.09,58.084201,-189.335262
361081,2510,807.56,259,2511.83,57.36562,-189.458026
361180,2511,204.546,99,2512.45,60.821166,-189.548835
361316,2512,326.603,136,2513.35,56.324225,-189.627302
361797,2513,1701.419,481,2516.54,58.173413,-188.865794
362106,2514,993.388,309,2518.5,58.414196,-189.345857
362315,2515,636.268,209,2519.79,56.510156,-189.431399
362437,2516,302.245,122,2520.58,57.258298,-190.662858
362759,2517,1102.54,322,2522.65,58.100706,-189.551983
363687,2518,3313.884,928,2529.03,57.137741,-189.728828
363918,2519,694.679,231,2530.58,58.032643,-189.833334
364241,2520,1029.113,323,2532.86,58.740895,-190.592422
364697,2521,1514.828,456,2536.32,58.032288,-190.165741
364940,2522,741.251,243,2537.95,58.467696,-189.630393
365478,2523,1931.013,538,2541.5,57.529938,-190.245312
365646,2524,443.276,168,2542.59,57.829753,-189.421453
365892,2525,727.412,246,2544.18,57.712563,-190.646304
366223,2526,1100.707,331,2546.24,59.322823,-190.343851
366587,2527,1198.027,364,2548.52,56.613397,-190.366831
367038,2528,1580.667,451,2551.45,58.31685,-190.304745
367341,2529,988.796,303,2553.56,58.633007,-190.626693
367725,2530,1256.793,384,2556.22,56.714685,-190.7153
368050,2531,970.518,325,2558.44,58.703687,-190.322762
368810,2532,2750.082,760,2563.94,57.294706,-190.713085
369527,2533,2444.681,717,2568.91,57.016672,-190.715126
369948,2534,1341.173,421,2572.11,58.610457,-191.165461
370190,2535,706.019,242,2577.76,58.106877,-191.237939
370502,2536,1038.961,312,2580.13,57.369537,-191.345762
370980,2537,1584.008,478,2583.85,57.190041,-191.453989
371315,2538,1043.938,335,2586.52,56.35986,-191.551758
372094,2539,2821.157,779,2592.59,57.781098,-191.722724
372404,2540,995.506,310,2595.04,57.835996,-191.885994
372809,2541,1262.02,405,2598.08,57.17261,-191.826844
373809,2542,3540.728,1000,2606.06,57.934147,-192.038895
374066,2543,840.818,257,2608.18,58.832419,-191.876518
375066,2544,3514.006,1000,2616.22,58.322234,-192.157203
375498,2545,1544.602,432,2619.57,58.294699,-192.280321
375893,2546,1330.396,395,2622.72,57.637296,-192.378964
376387,2547,1677.968,494,2626.58,57.739813,-193.208803
376847,2548,1548.359,460,2630.29,58.525882,-192.959075
377121,2549,848.659,274,2632.31,58.139807,-193.25005
377544,2550,1389.767,423,2635.23,58.126089,-193.254824
377904,2551,1177.208,360,2637.8,58.999582,-193.418478
378446,2552,1786.341,542,2641.52,57.829452,-193.027477
378846,2553,1334.997,400,2644.3,58.177541,-193.626473
379318,2554,1583.491,472,2647.64,57.892274,-193.767722
379602,2555,858.31,284,2649.64,58.672743,-194.04299
380073,2556,1520.682,471,2656.62,58.157433,-194.155617
380491,2557,1229.287,418,2659.48,57.781255,-194.355919
381020,2558,1844.856,529,2663.09,57.38164,-194.16409
382020,2559,3381.065,1000,2670.12,57.209592,-194.212224
382481,2560,1449.115,461,2673.5,58.611935,-194.520571
383481,2561,3504.601,1000,2680.59,58.699796,-195.001576
384481,2562,3553.957,1000,2687.5,58.468704,-195.326524
385176,2563,2479.324,695,2692.34,58.756259,-195.259326
385722,2564,1943.345,546,2696.51,57.35184,-195.712367
386325,2565,2107.733,603,2701.09,58.103957,-196.237941
386841,2566,1810.132,516,2704.96,58.460495,-196.215629
387346,2567,1747.708,505,2708.86,57.033191,-196.610809
387952,2568,2151.564,606,2713.43,57.096758,-196.769622
388376,2569,1436.461,424,2716.68,56.996972,-196.870233
388789,2570,1323.53,413,2719.94,58.576501,-197.25325
389420,2571,2302.67,631,2725.14,57.775621,-197.229473
390420,2572,3589.38,1000,2740.87,58.293158,-197.619396
391355,2573,3315.237,935,2748.54,57.430381,-197.295252
391710,2574,1034.606,355,2751.27,57.653971,-198.248137
391999,2575,946.671,289,2753.5,56.59024,-197.68984
392999,2576,3523.52,1000,2760.29,57.175433,-198.19899
393667,2577,2319.845,668,2765.12,57.880445,-198.874716
394366,2578,2581.676,699,2770.27,57.398788,-198.83428
394962,2579,2022.498,596,2774.37,56.391777,-198.820186
395908,2580,3361.133,946,2780.55,57.067975,-199.130226
396908,2581,3594.557,1000,2787.65,57.094964,-199.50031
397495,2582,2106.574,587,2791.44,56.909798,-199.667228
398378,2583,3215.268,883,2797.58,57.225266,-199.859241
398710,2584,984.761,332,2799.63,57.339243,-200.221645
399049,2585,1131.59,339,2801.81,57.143908,-199.84342
399652,2586,2071.649,603,2806.13,55.712706,-200.805184
399853,2587,581.794,201,2807.65,57.976488,-200.148647
400666,2588,2865.356,813,2819.24,57.468271,-200.314372
401368,2589,2451.59,702,2824.42,57.032498,-200.726335
402053,2590,2458.126,685,2829.28,56.166267,-200.883823
402519,2591,1546.675,466,2832.61,56.200557,-201.504646
403114,2592,1999.467,595,2836.28,55.875119,-201.500707
404031,2593,3324.188,917,2842.62,56.608684,-201.600418
404480,2594,1527.559,449,2845.87,56.603511,-202.187056
404858,2595,1268.881,378,2848.67,57.145044,-201.69913
405858,2596,3740.257,1000,2855.81,56.814191,-202.1623
406201,2597,1104.11,343,2858.13,56.018124,-202.694986
406641,2598,1435.243,440,2860.95,56.005509,-202.220609
407543,2599,3128.05,902,2866.79,55.918879,-202.559736
408042,2600,1739.626,499,2870.23,55.996437,-202.890979
408302,2601,786.43,260,2871.9,54.969401,-203.27704
409302,2602,3407.271,1000,2878.79,56.671218,-203.029356
410302,2603,3615.262,1000,2890.7,56.030187,-203.664197
411103,2604,2772.413,801,2895.99,56.995714,-204.21419
411823,2605,2630.404,720,2900.8,55.359537,-203.969603
412007,2606,550.575,184,2901.99,55.589113,-204.72402
412086,2607,127.025,79,2902.48,55.574322,-204.103623
412588,2608,1616.432,502,2905.63,56.564548,-204.483982
413055,2609,1641.594,467,2908.65,55.964533,-204.259622
413466,2610,1374.917,411,2911.33,54.822426,-204.411882
414466,2611,3595.908,1000,2918.08,56.364654,-204.786622
415106,2612,2270.397,640,2922.62,55.286385,-205.089291
415622,2613,1852.433,516,2926.25,56.134963,-205.429811
416513,2614,3177.341,891,2932.65,56.102777,-205.271459
417199,2615,2400.243,686,2937.94,55.395317,-205.288021
417801,2616,2158.408,602,2942.77,55.645479,-205.901937
418482,2617,2496.617,681,2948.04,55.03651,-205.411333
419126,2618,2198.458,644,2953.19,56.707454,-205.691068
420126,2619,3603.217,1000,2965.08,56.128255,-206.075526
420811,2620,2392.394,685,2970.23,56.132264,-206.298252
421811,2621,3456.779,1000,2978.1,56.143264,-206.468666
422641,2622,2856.74,830,2984.75,56.866254,-206.416986
423228,2623,2071.133,587,2989.39,55.57852,-207.13559
423732,2624,1719.732,504,2993.04,56.498193,-207.170409
424263,2625,1818.443,531,2996.75,56.742764,-206.464572
424909,2626,2184.296,646,3001.18,56.154567,-207.527687
425909,2627,3467.382,1000,3008.16,56.493335,-207.568181
426909,2628,3568.366,1000,3015.04,55.581477,-207.873438
427760,2629,2994.895,851,3020.9,55.333518,-208.188565
428760,2630,3629.575,1000,3028.21,55.418574,-208.181187
429760,2631,3593.507,1000,3035.43,55.547482,-208.481324
430505,2632,2711.567,745,3045.21,55.192601,-208.408544
431375,2633,3123.993,870,3051.33,56.074571,-209.012659
431837,2634,1606.784,462,3054.71,56.385505,-208.551884
432365,2635,1942.408,528,3058.25,55.533482,-208.921735
433365,2636,3611.626,1000,3065.29,55.436163,-209.172729
434365,2637,3562.454,1000,3073.19,54.940424,-209.632825
435365,2638,3638.702,1000,3080.6,55.301477,-209.333187
436365,2639,3551.232,1000,3088.48,55.100219,-210.034865
437246,2640,3182.08,881,3095.26,55.327881,-209.775333
438246,2641,3586.056,1000,3103.22,54.438904,-210.238598
439131,2642,3390.954,885,3110.23,55.975508,-210.51051
439971,2643,3151.199,840,3115.91,55.0564,-210.294976
440971,2644,3490.138,1000,3127.21,54.916219,-210.278119
441971,2645,3551.363,1000,3134.3,55.622221,-211.083784
442971,2646,3574.459,1000,3141.35,54.867024,-211.085436
443971,2647,3630.224,1000,3148.46,54.965358,-211.52016
444971,2648,3562.963,1000,3155.61,55.126466,-211.865402
445971,2649,3486.935,1000,3162.94,54.571802,-212.077452
446440,2650,1657.141,469,3166.26,54.90543,-211.796303
447373,2651,3241.654,933,3173.01,53.727229,-212.091662
448373,2652,3491.023,1000,3179.51,54.789458,-212.554117
448963,2653,2008.355,590,3183.55,55.019685,-212.429412
449963,2654,3417.577,1000,3190.78,54.825002,-212.840251
450670,2655,2362.701,707,3202.2,54.535834,-213.10329
451670,2656,3441.018,1000,3209.11,54.11717,-213.017772
452670,2657,3392.31,1000,3215.73,53.758232,-213.335967
453670,2658,3393.165,1000,3222.18,54.221601,-213.539083
454368,2659,2317.325,698,3226.84,54.475471,-213.953281
455368,2660,3488.416,1000,3233.62,53.634738,-214.129103
455710,2661,1161.634,342,3235.98,53.657237,-213.876
455818,2662,240.703,108,3236.68,53.697472,-213.56315
456508,2663,2402.173,690,3241.44,54.855319,-214.446786
457508,2664,3537.073,1000,3248.18,54.463635,-214.512896
458508,2665,3514.352,1000,3255.02,54.712733,-214.813518
459508,2666,3536.498,1000,3261.84,54.729626,-215.061187
460412,2667,3411.328,904,3273.14,53.208325,-215.410426
461412,2668,3500.229,1000,3280.13,53.834282,-215.252138
461964,2669,1820.883,552,3284.0,54.36526,-215.550169
462598,2670,2145.114,634,3288.16,54.295075,-215.517007
463235,2671,2232.321,637,3292.28,53.975374,-215.838896
464235,2672,3434.354,1000,3299.73,54.127772,-216.169006
465235,2673,3466.34,1000,3307.01,54.159778,-216.044971
466235,2674,3510.808,1000,3314.33,55.549775,-216.228422
467235,2675,3496.733,1000,3322.15,55.407976,-215.982467
468235,2676,3499.264,1000,3329.43,55.729003,-216.356189
468811,2677,1868.222,576,3333.96,55.786034,-216.589036
469449,2678,2147.271,638,3338.44,54.739389,-217.305466
470449,2679,3503.154,1000,3353.13,55.324708,-216.896152
471449,2680,3331.411,1000,3360.48,55.249359,-217.194275
472449,2681,3342.192,1000,3367.7,55.489498,-217.452159
472738,2682,892.917,289,3369.78,55.130566,-217.642915
473341,2683,2240.657,603,3374.11,55.158013,-217.496482
474341,2684,3534.532,1000,3381.31,55.487304,-217.466008
475341,2685,3400.727,1000,3389.02,55.463857,-217.930343
476341,2686,3535.708,1000,3396.18,55.577849,-218.167425
476627,2687,945.898,286,3398.25,55.477786,-218.063247
477627,2688,3595.191,1000,3405.16,55.003663,-217.942186
478627,2689,3520.35,1000,3412.39,55.026408,-218.645396
479487,2690,3110.353,860,3418.34,55.517733,-218.90531
480487,2691,3596.541,1000,3431.06,56.271295,-218.725932
481487,2692,3633.73,1000,3437.93,56.468783,-218.772793
482487,2693,3558.876,1000,3445.3,56.010955,-219.176046
482662,2694,517.749,175,3446.49,57.345318,-218.981214
483505,2695,2928.514,843,3453.18,56.395376,-219.259885
484505,2696,3395.873,1000,3461.05,55.267325,-219.516569
485505,2697,3570.094,1000,3468.87,56.480199,-219.736107
486505,2698,3561.62,1000,3475.69,55.17326,-219.857812
487505,2699,3593.73,1000,3482.48,55.32809,-219.443545
488505,2700,3447.665,1000,3489.55,55.120264,-220.093961
488575,2701,15.197,70,3490.05,53.634679,-220.439965
489575,2702,3639.966,1000,3497.04,55.735052,-219.973399
490575,2703,3622.685,1000,3509.9,54.755035,-220.741682
491575,2704,3318.545,1000,3516.69,54.951978,-220.529978
491994,2705,1412.388,419,3519.64,55.630959,-220.692276
492854,2706,2989.019,860,3525.95,54.380885,-220.905688
493680,2707,2881.69,826,3531.84,53.972505,-221.585424
494680,2708,3565.463,1000,3539.01,55.026641,-220.910735
495680,2709,3479.735,1000,3546.09,55.015292,-221.592079
496680,2710,3492.544,1000,3553.33,55.190594,-221.178315
497036,2711,1168.014,356,3555.84,55.317318,-221.341488
498036,2712,3588.019,1000,3563.13,54.847858,-221.684031
499036,2713,3580.237,1000,3569.86,54.428125,-221.608709
500036,2714,3430.576,1000,3582.53,55.138118,-222.210017
501036,2715,3490.054,1000,3589.19,54.38844,-222.259173
502036,2716,3435.628,1000,3595.89,55.481956,-222.910144
503036,2717,3533.991,1000,3602.6,55.084988,-223.042151
503476,2718,1452.075,440,3605.66,56.18252,-223.109741
504476,2719,3431.263,1000,3612.38,54.832208,-223.492031
505476,2720,3554.614,1000,3618.83,55.456936,-223.455191
506476,2721,3448.196,1000,3625.68,54.555387,-223.378125
507476,2722,3488.708,1000,3632.81,54.475194,-223.793958
508476,2723,3497.818,1000,3639.83,54.845665,-224.275899
509476,2724,3518.706,1000,3646.33,54.823923,-224.322304
510476,2725,3476.367,1000,3659.59,55.578749,-224.137441
511476,2726,3536.293,1000,3666.2,54.907192,-224.64148
511921,2727,1494.77,445,3669.34,55.020036,-225.117383
512921,2728,3623.685,1000,3677.67,55.178444,-224.632015
513921,2729,3569.372,1000,3685.39,55.943183,-224.81552
514921,2730,3589.699,1000,3693.28,54.069073,-224.874345
515921,2731,3585.074,1000,3701.04,54.641183,-225.457145
516921,2732,3625.745,1000,3708.9,55.597225,-225.740882
517921,2733,3548.471,1000,3716.02,54.419339,-225.330574
518921,2734,3570.973,1000,3722.9,54.493242,-225.683427
519786,2735,2996.339,865,3728.78,53.911518,-226.011713
519860,2736,116.21,74,3729.3,55.394485,-226.601852
520860,2737,3591.2,1000,3742.51,54.853113,-226.107041
521670,2738,2900.884,810,3748.29,54.010252,-226.316856
522670,2739,3443.056,1000,3754.88,54.231925,-226.008456
523670,2740,3506.047,1000,3761.63,54.844321,-226.682767
524670,2741,3534.471,1000,3768.58,55.462968,-226.817276
525670,2742,3530.72,1000,3776.05,54.229179,-227.006939
526670,2743,3480.538,1000,3783.91,53.987831,-227.269664
527670,2744,3578.312,1000,3791.69,53.853312,-227.188397
528670,2745,3572.393,1000,3799.39,55.093144,-227.118371
529670,2746,3586.157,1000,3807.8,53.689518,-227.547907
530670,2747,3412.686,1000,3824.37,54.563645,-228.220963
531670,2748,3524.632,1000,3832.34,55.408792,-228.018
532670,2749,3570.872,1000,3838.66,54.317732,-228.148001
533670,2750,3579.501,1000,3845.12,54.43893,-228.447632
534670,2751,3572.874,1000,3852.23,54.779442,-228.80484
535594,2752,3234.95,924,3858.66,54.903778,-228.814255
536594,2753,3437.139,1000,3865.31,54.203027,-228.610152
537594,2754,3502.916,1000,3872.16,55.525956,-229.087016
538594,2755,3507.703,1000,3879.01,54.883191,-229.114427
539594,2756,3422.679,1000,3886.16,54.010654,-229.561311
540594,2757,3455.82,1000,3895.62,54.176387,-230.147124
541594,2758,3539.752,1000,3902.38,54.797871,-230.124476
541681,2759,154.775,87,3902.98,55.651557,-230.660026
542681,2760,3607.83,1000,3909.78,54.054083,-230.14041
543681,2761,3531.683,1000,3916.83,55.355181,-230.50112
544681,2762,3593.732,1000,3923.6,54.295625,-230.761316
545681,2763,3458.572,1000,3930.14,53.654745,-230.397652
546681,2764,3458.19,1000,3936.65,55.096996,-230.661075
547681,2765,3574.354,1000,3943.13,54.534488,-230.783858
548681,2766,3550.299,1000,3949.93,54.197005,-231.208469
549681,2767,3508.08,1000,3956.8,54.387756,-231.520546
550253,2768,1977.477,572,3966.91,54.744207,-231.717613
551253,2769,3632.889,1000,3973.39,54.011428,-231.662169
552253,2770,3349.286,1000,3979.98,54.5213,-231.606873
553253,2771,3590.113,1000,3986.57,54.16806,-232.391977
554253,2772,3568.62,1000,3992.98,53.552489,-232.229379
555253,2773,3465.654,1000,3999.29,54.349242,-232.28693
556253,2774,3521.331,1000,4005.72,55.390161,-232.634917
556317,2775,99.618,64,4006.12,54.625539,-232.043124
557317,2776,3556.138,1000,4013.09,54.248475,-232.632258
558317,2777,3546.173,1000,4020.77,54.276621,-233.288927
559317,2778,3563.111,1000,4028.47,53.50384,-233.409959
560317,2779,3582.18,1000,4039.57,54.208204,-233.458262
561317,2780,3394.855,1000,4047.49,54.537604,-233.64404
561636,2781,968.596,319,4049.99,53.400746,-234.127559
562636,2782,3511.422,1000,4057.95,55.078173,-233.779599
563636,2783,3444.571,1000,4065.75,54.614504,-233.830221
564636,2784,3505.831,1000,4073.24,54.372178,-234.04977
565636,2785,3436.112,1000,4080.22,54.92915,-234.617545
565710,2786,128.732,74,4080.73,55.68631,-236.147405
566710,2787,3477.662,1000,4087.66,54.024947,-234.595429
567710,2788,3549.943,1000,4094.65,54.397224,-234.827033
568710,2789,3509.124,1000,4101.62,54.015861,-234.669539
569710,2790,3527.68,1000,4108.68,54.155084,-235.154579
570710,2791,3432.709,1000,4121.19,54.516885,-235.028467
571043,2792,1186.202,333,4123.63,54.076823,-235.095435
572043,2793,3453.179,1000,4130.94,53.821498,-235.212029
573043,2794,3477.775,1000,4137.66,54.365076,-235.500767
574043,2795,3575.539,1000,4144.77,53.424902,-236.03606
575043,2796,3574.734,1000,4151.91,54.184348,-236.297637
576043,2797,3516.031,1000,4158.83,53.241565,-236.476799
576687,2798,2148.986,644,4163.22,52.660284,-236.516544
577687,2799,3588.848,1000,4170.67,52.217512,-236.658355
578687,2800,3601.079,1000,4178.21,53.677971,-236.577754
579687,2801,3608.461,1000,4185.77,52.997657,-236.908813
580687,2802,3476.759,1000,4198.85,53.489392,-236.555055
581687,2803,3584.796,1000,4205.88,53.703541,-237.112058
582687,2804,3576.894,1000,4212.6,53.092316,-236.831073
583687,2805,3507.823,1000,4219.24,53.678189,-237.39236
584687,2806,3421.436,1000,4225.77,53.706989,-237.49189
585370,2807,2370.86,683,4230.53,53.699581,-237.894099
586370,2808,3562.969,1000,4237.56,53.816768,-237.801195
587370,2809,3527.61,1000,4244.59,53.42766,-237.79464
588370,2810,3463.276,1000,4251.62,53.388862,-238.084187
589370,2811,3519.414,1000,4258.27,52.932848,-238.377122
590370,2812,3572.097,1000,4270.44,53.11965,-238.549408
591370,2813,3598.962,1000,4278.39,53.50564,-238.664979
592370,2814,3606.909,1000,4285.01,52.993042,-238.958075
593370,2815,3557.316,1000,4291.34,52.086638,-239.277889
594370,2816,3635.724,1000,4297.99,53.106532,-239.187185
595370,2817,3621.056,1000,4304.94,52.57047,-239.292401
596370,2818,3543.591,1000,4311.58,52.571599,-239.801709
597370,2819,3514.94,1000,4318.01,53.904413,-240.052869
598370,2820,3579.823,1000,4324.51,54.027019,-239.994503
599370,2821,3439.179,1000,4331.32,52.764279,-240.446161
600370,2822,3551.672,1000,4342.81,53.315634,-240.602689
601370,2823,3506.774,1000,4349.21,53.199788,-240.84087
602370,2824,3471.675,1000,4355.75,52.719907,-241.204595
603370,2825,3706.185,1000,4362.41,52.858154,-241.202791
604370,2826,3491.515,1000,4369.2,52.757067,-241.632869
605370,2827,3556.512,1000,4376.81,53.004333,-242.195231
606370,2828,3616.619,1000,4384.68,52.521174,-241.833089
607370,2829,3578.651,1000,4392.49,52.370966,-242.645298
608370,2830,3594.097,1000,4400.32,51.933669,-242.597875
608997,2831,2240.237,627,4405.48,50.738064,-242.429756
609997,2832,3567.835,1000,4413.58,51.387609,-242.763182
610997,2833,3597.261,1000,4423.87,53.049933,-242.797877
611997,2834,3665.942,1000,4431.63,52.616732,-242.976286
612997,2835,3595.096,1000,4438.54,51.810618,-243.410422
613997,2836,3443.486,1000,4445.52,53.236811,-243.595258
614428,2837,1426.682,431,4448.54,53.029146,-244.239581
615428,2838,3545.788,1000,4455.49,52.598539,-243.827389
616428,2839,3683.943,1000,4462.55,52.969405,-243.605382
617428,2840,3705.396,1000,4469.83,52.339833,-244.053853
618428,2841,3479.849,1000,4476.98,52.519089,-244.326177
619428,2842,3623.276,1000,4483.8,52.885597,-244.300598
620428,2843,3513.828,1000,4497.37,53.36956,-244.61892
621428,2844,3614.586,1000,4504.81,52.412219,-244.764176
622428,2845,3565.375,1000,4512.29,52.369259,-245.041517
623428,2846,3656.353,1000,4519.66,51.92657,-245.429238
624428,2847,3611.225,1000,4527.57,51.663898,-245.529762
625109,2848,2434.069,681,4533.27,52.291762,-245.222017
626041,2849,3366.066,932,4541.12,51.605739,-245.519269
627041,2850,3594.097,1000,4549.33,51.848741,-245.588104
628041,2851,3583.645,1000,4556.88,51.379049,-245.951162
628678,2852,2302.307,637,4561.32,53.096732,-246.016086
629678,2853,3584.482,1000,4568.23,52.47636,-246.229796
630678,2854,3710.342,1000,4579.35,52.559992,-246.353074
631678,2855,3626.326,1000,4586.77,52.091092,-246.508915
632678,2856,3660.321,1000,4594.18,52.08309,-246.746206
633678,2857,3684.798,1000,4601.43,52.152641,-246.399378
634678,2858,3657.857,1000,4608.38,51.795565,-246.931117
634838,2859,446.802,160,4609.54,52.281404,-246.449049
634921,2860,161.767,83,4610.14,52.535694,-248.064633
635042,2861,304.763,121,4610.97,50.493423,-247.571735
636042,2862,3568.369,1000,4618.06,52.216447,-247.058159
637042,2863,3736.34,1000,4625.27,53.388052,-246.914182
638042,2864,3626.162,1000,4632.35,52.776222,-247.723361
639042,2865,3648.037,1000,4638.82,52.637782,-247.444296
640042,2866,3506.129,1000,4651.34,53.283121,-247.965544
641042,2867,3585.534,1000,4658.24,53.055812,-248.465256
642042,2868,3563.775,1000,4665.25,53.545963,-248.350258
643042,2869,3503.044,1000,4671.86,53.32559,-248.49652
644042,2870,3704.814,1000,4678.31,52.078286,-248.639941
645042,2871,3621.694,1000,4684.86,52.540713,-248.820579
645474,2872,1538.019,432,4687.93,51.500945,-248.9847
646474,2873,3545.373,1000,4694.7,52.907857,-249.403113
647474,2874,3645.189,1000,4701.32,52.595955,-249.293978
648474,2875,3502.728,1000,4707.85,52.667663,-249.88593
649474,2876,3565.463,1000,4714.51,52.497443,-249.550493
650474,2877,3497.224,1000,4726.98,53.32207,-249.364054
651474,2878,3586.93,1000,4734.17,52.308305,-249.959295
652474,2879,3552.742,1000,4742.26,52.721811,-250.025413
653474,2880,3634.055,1000,4750.4,52.513549,-250.389414
654043,2881,2036.811,569,4754.87,51.904487,-250.858331
655043,2882,3653.169,1000,4762.79,51.525522,-250.520158
656043,2883,3513.44,1000,4770.88,52.253439,-250.405618
657043,2884,3564.445,1000,4778.76,52.32014,-250.365236
658043,2885,3661.789,1000,4786.46,51.118557,-251.024662
658195,2886,420.5,152,4787.7,50.670014,-251.70925
659195,2887,3491.592,1000,4795.16,51.947283,-251.214919
660195,2888,3653.389,1000,4808.13,51.493226,-250.88706
661195,2889,3517.662,1000,4815.18,50.479658,-251.493206
662195,2890,3601.967,1000,4822.26,51.293706,-251.469974
663195,2891,3579.819,1000,4829.32,50.992371,-251.556291
664195,2892,3693.423,1000,4836.53,51.030048,-251.556114
665195,2893,3426.881,1000,4843.45,51.693584,-252.153775
666195,2894,3538.119,1000,4850.21,51.905742,-252.482739
667195,2895,3741.41,1000,4857.66,51.04694,-252.437693
668195,2896,3272.154,1000,4864.32,51.394048,-252.900407
669195,2897,3656.273,1000,4871.94,51.95664,-253.062213
670195,2898,3573.51,1000,4885.38,50.399915,-252.983154
670399,2899,473.329,204,4886.85,49.571498,-253.347503
671399,2900,3671.242,1000,4893.83,50.999402,-252.828871
672399,2901,3577.229,1000,4900.92,51.376422,-253.072244
673399,2902,3656.86,1000,4907.94,50.48795,-253.223357
674399,2903,3702.8,1000,4914.63,48.922535,-253.467785
675399,2904,3736.915,1000,4921.06,49.839377,-253.89083
676399,2905,3585.09,1000,4927.51,50.346889,-253.964835
677399,2906,3473.596,1000,4935.02,49.866241,-253.970598
678399,2907,3643.527,1000,4942.38,50.983876,-253.974126
678967,2908,2040.358,568,4946.27,50.059538,-253.992745
679967,2909,3545.883,1000,4955.12,49.658242,-253.992851
680967,2910,3512.031,1000,4967.65,49.915728,-254.193716
681489,2911,1722.187,522,4971.14,48.99787,-254.581459
682489,2912,3658.587,1000,4978.53,49.489766,-254.457126
683489,2913,3674.047,1000,4985.63,50.248167,-254.677477
684489,2914,3578.628,1000,4992.92,50.539531,-254.65474
685489,2915,3636.451,1000,4999.32,49.709566,-254.911379
685581,2916,191.043,92,4999.85,49.008623,-255.22743
686581,2917,3739.348,1000,5006.32,49.479841,-254.939593
687581,2918,3628.469,1000,5012.82,49.904281,-255.455931
688581,2919,3646.621,1000,5020.21,50.059262,-255.164533
689581,2920,3735.944,1000,5026.72,50.249364,-255.495705
690581,2921,3651.32,1000,5040.56,49.686458,-255.752405
691581,2922,3563.483,1000,5047.75,49.252214,-256.214205
692581,2923,3635.826,1000,5054.64,48.67842,-255.907474
693581,2924,3626.495,1000,5062.38,48.592616,-255.79563
694581,2925,3539.862,1000,5070.27,48.470101,-256.164897
695581,2926,3679.598,1000,5077.63,48.911179,-256.3935
696581,2927,3752.168,1000,5084.95,48.55482,-256.553641
697581,2928,3607.495,1000,5092.06,49.030473,-257.21357
698581,2929,3518.371,1000,5099.28,47.795625,-256.56222
699581,2930,3497.044,1000,5107.64,48.178548,-256.77659
700581,2931,3638.31,1000,5123.04,48.390244,-257.395291
701581,2932,3601.646,1000,5130.21,48.336732,-257.274069
702581,2933,3741.743,1000,5137.98,48.112334,-257.690896
703581,2934,3738.892,1000,5146.25,48.375322,-257.131968
704581,2935,3627.659,1000,5154.28,48.380862,-257.43187
705581,2936,3527.763,1000,5161.61,47.385242,-257.938008
706581,2937,3434.031,1000,5168.97,48.049561,-257.885489
707581,2938,3478.542,1000,5176.45,48.182207,-257.693752
708581,2939,3586.872,1000,5183.84,49.168745,-257.975073
709581,2940,3447.264,1000,5191.36,47.928949,-257.921212
710581,2941,3552.979,1000,5205.53,48.130693,-257.960596
711214,2942,2200.623,633,5210.11,49.217032,-257.605637
712214,2943,3576.644,1000,5218.31,48.097164,-258.053922
713214,2944,3692.365,1000,5225.99,48.151273,-258.215142
714214,2945,3387.319,1000,5233.86,47.926832,-258.272918
715214,2946,3568.048,1000,5241.85,47.461593,-258.296814
715633,2947,1395.81,419,5245.16,46.792781,-258.109409
716633,2948,3566.942,1000,5253.29,47.412918,-258.162149
717633,2949,3651.045,1000,5261.41,46.4777,-258.338444
718633,2950,3625.722,1000,5269.79,47.342805,-258.719182
719273,2951,2215.726,640,5274.39,47.426452,-258.187248
720273,2952,3489.713,1000,5286.55,47.123591,-258.314745
721273,2953,3444.229,1000,5292.94,47.317482,-258.472538
721840,2954,1866.441,567,5296.48,47.048589,-258.372064
722840,2955,3286.337,1000,5303.33,47.179657,-258.338737
723840,2956,3375.407,1000,5310.57,46.865189,-258.408577
724840,2957,3313.168,1000,5317.85,47.370443,-258.850317
725840,2958,3535.11,1000,5324.64,46.437347,-258.896693
726840,2959,3574.918,1000,5331.67,46.971775,-258.400921
727840,2960,3708.648,1000,5338.68,46.689731,-258.781044
728137,2961,1008.635,297,5340.75,46.576741,-258.587999
729137,2962,3637.098,1000,5347.82,47.507073,-258.810558
730037,2963,3448.167,900,5359.42,47.724941,-258.764745
731037,2964,3498.918,1000,5366.19,47.562804,-258.827143
732037,2965,3561.821,1000,5372.99,47.067705,-258.863413
732577,2966,1925.276,540,5376.45,47.790302,-259.106029
733577,2967,3673.584,1000,5383.46,46.393322,-259.294966
734577,2968,3574.835,1000,5390.07,46.97624,-258.974578
735577,2969,3654.849,1000,5396.44,47.240525,-259.435036
736577,2970,3625.294,1000,5402.92,47.363529,-259.373935
737577,2971,3632.445,1000,5409.86,46.540017,-259.308364
738577,2972,3608.749,1000,5416.85,47.156508,-259.271113
739577,2973,3754.735,1000,5423.27,46.884389,-259.479198
740577,2974,3530.011,1000,5435.38,46.311009,-259.578436
741179,2975,2273.097,602,5439.52,45.91056,-259.939113
742179,2976,3461.351,1000,5446.31,46.04497,-259.959663
743179,2977,3404.432,1000,5453.51,46.003872,-259.869855
744179,2978,3431.934,1000,5460.63,46.025552,-259.843874
745179,2979,3546.641,1000,5467.71,46.891884,-260.094437
746179,2980,3697.034,1000,5476.05,46.294622,-260.038328
747179,2981,3473.173,1000,5483.82,46.224835,-260.240505
748179,2982,3554.363,1000,5491.88,45.896422,-260.83634
749179,2983,3578.002,1000,5499.9,46.197125,-260.686767
750179,2984,3671.672,1000,5513.96,45.167469,-260.751507
751179,2985,3690.989,1000,5520.88,45.614601,-260.534879
752179,2986,3606.247,1000,5527.78,45.711619,-261.340112
753179,2987,3727.593,1000,5534.73,46.950131,-261.144941
754179,2988,3498.958,1000,5541.72,45.895845,-260.924298
755179,2989,3677.603,1000,5548.96,45.044137,-260.915383
756179,2990,3575.893,1000,5556.14,45.303184,-261.311277
757179,2991,3800.122,1000,5562.94,45.599545,-261.206362
758179,2992,3717.53,1000,5569.15,44.491278,-261.397163
758890,2993,2526.415,711,5574.01,44.538912,-261.301616
759890,2994,3725.194,1000,5580.46,45.492534,-261.332986
760890,2995,3805.01,1000,5593.15,44.122114,-261.596247
761530,2996,2323.907,640,5597.57,44.484019,-261.948045
762530,2997,3710.924,1000,5604.79,44.655075,-261.588946
763530,2998,3571.404,1000,5612.27,44.871293,-261.83644
764530,2999,3780.515,1000,5619.62,44.85939,-261.981655
765530,3000,3815.855,1000,5627.23,44.628907,-262.019999
766530,3001,3597.661,1000,5634.88,44.760141,-262.479431
767029,3002,1847.442,499,5638.48,43.877688,-261.953345
768029,3003,3765.214,1000,5645.96,44.73993,-262.275769
769029,3004,3814.987,1000,5653.41,44.206036,-262.771841
770029,3005,3726.922,1000,5665.85,44.204634,-262.415704
770164,3006,311.353,135,5666.81,44.845241,-262.162206
771164,3007,3823.64,1000,5673.89,44.472188,-262.741064
772122,3008,3621.905,958,5680.56,44.691948,-262.789118
773122,3009,3763.276,1000,5687.72,45.016883,-263.102591
774122,3010,3780.562,1000,5694.98,43.824562,-262.745994
775122,3011,3788.026,1000,5702.31,44.427097,-263.291389
776122,3012,3849.914,1000,5709.58,44.007401,-263.537298
777122,3013,3782.652,1000,5716.73,44.431621,-263.585601
778122,3014,3680.11,1000,5723.75,44.17262,-263.492745
779122,3015,3763.611,1000,5730.46,43.289995,-263.546398
780122,3016,3664.761,1000,5743.0,44.003568,-263.30479
780874,3017,2865.908,752,5748.0,43.696599,-263.878755
781338,3018,1640.564,464,5751.1,44.465535,-263.579626
782338,3019,3695.515,1000,5757.55,44.598441,-263.81567
783338,3020,3724.891,1000,5764.26,43.766985,-264.11831
784338,3021,3838.942,1000,5771.28,43.984211,-263.736448
784922,3022,2113.277,584,5775.24,44.144058,-264.155899
785922,3023,3855.55,1000,5781.65,44.743254,-264.070939
786288,3024,1314.732,366,5784.07,44.325105,-264.204128
787288,3025,3764.339,1000,5790.73,44.9526,-264.356865
787795,3026,1829.406,507,5794.21,43.761945,-264.875405
788795,3027,3800.529,1000,5800.99,43.726478,-264.361925
789795,3028,3920.658,1000,5807.79,45.091501,-264.806992
790795,3029,3759.472,1000,5821.61,44.20529,-264.716256
791496,3030,2543.086,701,5827.2,45.314396,-264.747748
792496,3031,3815.236,1000,5835.05,45.128273,-265.049635
793014,3032,1826.804,518,5839.07,44.491666,-264.462036
794014,3033,3767.267,1000,5847.02,44.821332,-264.505594
795014,3034,3816.83,1000,5855.13,45.34292,-265.051761
796014,3035,3794.669,1000,5863.34,44.827273,-265.12666
797014,3036,3805.838,1000,5871.54,44.504263,-265.340189
798014,3037,3695.593,1000,5878.54,44.893157,-265.39406
799014,3038,3783.821,1000,5885.58,45.666878,-265.046339
800014,3039,3799.689,1000,5897.82,44.124349,-265.892011
801014,3040,3852.198,1000,5904.9,45.386704,-265.580574
802014,3041,3774.051,1000,5912.26,43.874559,-265.291378
802711,3042,2700.986,697,5917.49,44.073871,-265.7509
803270,3043,2065.818,559,5921.36,43.613799,-265.545531
804270,3044,3853.147,1000,5928.37,44.169569,-265.934041
805270,3045,3805.845,1000,5935.95,44.35632,-265.855778
806270,3046,3699.475,1000,5944.2,43.649379,-266.212922
807270,3047,3632.3,1000,5952.28,44.712556,-265.961971
808187,3048,3550.315,917,5959.73,44.596694,-266.558469
809187,3049,3745.04,1000,5968.14,43.994117,-266.294203
810187,3050,3756.133,1000,5985.56,43.049324,-266.484115
811187,3051,3749.764,1000,5993.5,44.44503,-266.347551
812125,3052,3612.433,938,6000.11,44.407652,-266.513359
813125,3053,3765.124,1000,6006.7,43.954114,-266.617223
814125,3054,3778.054,1000,6013.28,43.620402,-266.807276
815125,3055,3845.623,1000,6019.84,44.180284,-267.074014
816125,3056,3725.822,1000,6027.26,43.436127,-267.198981
816696,3057,2047.904,571,6031.69,45.08177,-266.845322
817696,3058,3658.368,1000,6039.0,44.109223,-267.535246
818696,3059,3765.216,1000,6046.42,43.847132,-267.32245
819696,3060,3721.545,1000,6053.76,43.81881,-267.568698
820696,3061,3830.659,1000,6065.2,43.866826,-267.497091
821376,3062,2499.629,680,6070.31,44.01105,-268.017325
822376,3063,3736.924,1000,6078.19,43.142869,-267.735812
823376,3064,3729.076,1000,6085.08,44.011449,-267.833658
824376,3065,3990.253,1000,6091.89,44.109054,-267.777877
825376,3066,3777.882,1000,6098.75,43.752644,-268.157713
826376,3067,3714.085,1000,6105.51,43.685167,-268.595174
827011,3068,2284.369,635,6109.46,42.899176,-268.200635
827198,3069,527.811,187,6110.69,43.315559,-267.976557
828198,3070,3704.44,1000,6117.14,43.118252,-268.558322
829198,3071,3726.584,1000,6124.05,43.218006,-268.374766
830198,3072,3767.51,1000,6136.32,42.503954,-268.508723
831198,3073,3705.211,1000,6142.77,42.858433,-268.698894
832198,3074,3771.057,1000,6149.11,43.357732,-268.663358
833198,3075,3744.236,1000,6155.72,44.161479,-268.666662
834198,3076,3737.894,1000,6162.69,43.655302,-268.962235
834743,3077,1973.617,545,6166.4,43.051282,-269.434595
834824,3078,135.517,81,6166.94,43.439871,-268.718515
835824,3079,3863.62,1000,6174.15,42.804298,-268.728971
836572,3080,2708.414,748,6180.03,43.426066,-268.959683
837546,3081,3695.725,974,6187.72,43.176439,-268.984536
838495,3082,3564.218,949,6195.11,43.628731,-269.502303
839495,3083,3843.907,1000,6203.14,43.7641,-269.438548
840271,3084,2920.419,776,6216.61,43.416645,-269.012663
841271,3085,3834.557,1000,6224.52,43.611833,-269.347265
842020,3086,2744.371,749,6230.52,43.919342,-269.155136
843020,3087,3672.716,1000,6237.61,43.359334,-269.139143
844020,3088,3762.248,1000,6244.67,42.781776,-269.772387
845020,3089,3759.592,1000,6251.76,44.147695,-269.340507
846020,3090,3846.098,1000,6258.95,44.487433,-269.487878
847020,3091,3651.274,1000,6266.07,44.031554,-269.798267
848020,3092,3671.436,1000,6273.21,42.759156,-269.828175
849002,3093,3619.963,982,6280.35,44.237076,-270.050401
849822,3094,3127.921,820,6285.99,43.62087,-269.734923
850372,3095,1956.361,550,6296.52,43.119188,-269.889746
850767,3096,1311.091,395,6299.55,43.07555,-270.455743
851767,3097,3778.189,1000,6307.08,43.587557,-269.847309
852767,3098,3619.535,1000,6314.77,43.890158,-270.078658
853767,3099,3739.731,1000,6322.52,43.959731,-270.215553
854767,3100,3695.603,1000,6330.83,43.561022,-270.136161
855767,3101,3741.009,1000,6339.27,43.578198,-270.118275
856767,3102,3766.861,1000,6347.78,43.248594,-270.570732
857767,3103,3770.12,1000,6355.44,42.957247,-270.359489
858277,3104,1741.212,510,6359.05,42.485186,-270.487388
859277,3105,3709.512,1000,6366.16,43.477187,-270.581435
860277,3106,3692.569,1000,6378.5,44.270856,-270.769873
861277,3107,3791.672,1000,6385.73,44.132802,-270.716812
862277,3108,3665.538,1000,6393.21,43.504798,-270.933131
863277,3109,3774.495,1000,6400.55,43.816948,-270.847392
864277,3110,3810.179,1000,6407.12,43.751425,-271.058839
865277,3111,3724.499,1000,6413.84,43.530293,-270.978214
866277,3112,3747.17,1000,6420.87,43.289321,-271.080193
867268,3113,3820.774,991,6428.16,43.639306,-271.608679
868268,3114,3740.018,1000,6435.15,43.795732,-271.380086
869268,3115,3836.064,1000,6442.19,43.267744,-271.454109
870268,3116,3747.802,1000,6455.17,44.015748,-271.607829
871268,3117,3783.781,1000,6462.0,43.328288,-271.787318
872268,3118,3675.155,1000,6468.82,43.183386,-272.150159
873268,3119,3759.961,1000,6475.22,43.895976,-271.864111
874268,3120,3727.136,1000,6481.88,43.654321,-271.82194
875268,3121,3759.855,1000,6488.88,44.018774,-271.815368
876268,3122,3722.964,1000,6495.76,44.272087,-271.978301
877268,3123,3784.978,1000,6502.36,43.673416,-272.229577
877447,3124,478.986,179,6503.55,43.987665,-272.729029
878447,3125,3739.04,1000,6510.17,43.26343,-272.082523
879447,3126,3735.844,1000,6517.06,43.407661,-272.091525
880447,3127,3762.11,1000,6529.74,43.706809,-272.234387
881447,3128,3789.446,1000,6537.91,42.938865,-272.599383
882447,3129,3820.71,1000,6546.09,43.553517,-272.476611
883447,3130,3739.32,1000,6554.33,44.965258,-272.191014
884447,3131,3825.378,1000,6562.73,43.506682,-272.949756
885447,3132,3911.06,1000,6571.22,43.451341,-272.895228
886447,3133,3762.538,1000,6579.62,43.217382,-273.105663
887447,3134,3750.16,1000,6588.21,43.892959,-273.219161
888447,3135,3624.255,1000,6595.85,44.176821,-273.392473
889447,3136,3885.191,1000,6602.98,42.888273,-273.155085
890447,3137,3755.568,1000,6615.9,43.544953,-273.421158
891447,3138,3692.734,1000,6622.99,44.188542,-273.409643
892447,3139,3780.375,1000,6630.34,43.567234,-273.363066
892743,3140,972.905,296,6632.4,43.719849,-273.15412
893743,3141,3729.87,1000,6639.87,42.592835,-273.750017
894743,3142,3641.112,1000,6647.19,43.304191,-273.370248
895743,3143,3671.894,1000,6654.78,43.313311,-273.525839
896743,3144,3736.321,1000,6662.89,43.810877,-273.629536
897743,3145,3734.948,1000,6670.92,43.338424,-273.57272
898743,3146,3709.701,1000,6678.63,43.274104,-273.633969
899743,3147,3783.189,1000,6686.14,43.223795,-273.968864
899891,3148,370.634,148,6687.28,44.132682,-273.702351
900891,3149,3735.449,1000,6701.87,44.342244,-274.315831
901891,3150,3758.603,1000,6709.78,44.375778,-274.224096
902891,3151,3750.128,1000,6717.03,42.94676,-274.17709
902938,3152,8.499,47,6717.36,43.657809,-275.10392
903938,3153,3712.371,1000,6724.5,43.429783,-274.076542
903982,3154,15.376,44,6724.77,41.020097,-275.027903
904028,3155,26.105,46,6725.05,39.325356,-273.890316
905028,3156,3313.906,1000,6731.81,43.463139,-274.390686
906028,3157,3750.668,1000,6738.32,42.670735,-274.261925
907028,3158,3290.339,1000,6745.44,43.475429,-274.135346
908028,3159,3753.133,1000,6752.86,43.601003,-274.577864
909028,3160,3805.754,1000,6760.01,42.970282,-274.484778
910028,3161,3804.928,1000,6772.89,43.297677,-274.529367
911028,3162,3801.666,1000,6779.37,43.481364,-274.520943
912028,3163,3747.597,1000,6786.17,43.53511,-274.702337
913028,3164,3733.876,1000,6793.46,43.875493,-275.02531
914028,3165,3810.76,1000,6800.26,42.896362,-275.073824
915028,3166,3770.749,1000,6806.92,43.147831,-274.949529
916028,3167,3716.666,1000,6813.8,43.071412,-274.75323
917028,3168,3739.785,1000,6820.73,43.499275,-275.055768
918028,3169,3816.334,1000,6828.06,42.741995,-275.20566
919028,3170,3775.504,1000,6835.01,44.243091,-275.593136
920028,3171,3780.841,1000,6847.73,43.57959,-275.304213
921028,3172,3778.382,1000,6854.47,43.5447,-275.330369
922028,3173,3731.029,1000,6861.03,43.216123,-275.587276
923028,3174,3728.233,1000,6867.99,43.685759,-275.33589
924028,3175,3805.402,1000,6874.84,43.110662,-276.058745
925028,3176,3772.629,1000,6881.74,42.431947,-275.774069
926028,3177,3715.102,1000,6888.65,42.706625,-276.060681
927028,3178,3753.26,1000,6896.23,42.95856,-275.935287
928028,3179,3760.174,1000,6904.16,42.795691,-276.123074
929028,3180,3833.084,1000,6911.64,43.246372,-276.262871
930028,3181,3797.719,1000,6925.89,42.565135,-276.057031
931028,3182,3697.961,1000,6933.65,41.651589,-276.084974
932028,3183,3773.349,1000,6941.76,43.355368,-276.345382
933028,3184,3748.217,1000,6949.58,42.806621,-276.705215
934028,3185,3706.329,1000,6956.76,42.824361,-276.228345
935028,3186,3766.417,1000,6963.87,42.743222,-276.70573
936028,3187,3752.63,1000,6971.06,42.189419,-276.31106
937028,3188,3680.793,1000,6978.29,42.371852,-277.014219
938028,3189,3769.406,1000,6985.42,42.083449,-277.068048
939028,3190,3822.28,1000,6992.1,43.159941,-277.071401
940028,3191,3812.498,1000,7005.89,42.889384,-277.343032
941028,3192,3772.295,1000,7013.46,42.290995,-277.084342
942028,3193,3868.263,1000,7021.43,42.829978,-277.153269
943028,3194,3772.809,1000,7029.28,43.449477,-277.537803
944028,3195,3815.223,1000,7037.29,42.012887,-277.491033
945028,3196,3789.723,1000,7045.08,41.741785,-277.630382
946028,3197,3780.286,1000,7053.32,42.066379,-277.835255
947028,3198,3866.807,1000,7061.57,42.303504,-277.902447
948028,3199,3670.302,1000,7069.86,41.933944,-277.686903
949028,3200,3695.87,1000,7076.99,42.773272,-278.204706
950028,3201,3841.773,1000,7090.03,41.951516,-278.373439
951028,3202,3789.143,1000,7096.42,42.313088,-278.303588
952028,3203,3785.533,1000,7103.04,42.877701,-278.222035
953028,3204,3773.639,1000,7110.25,42.128814,-278.57903
954028,3205,3812.769,1000,7117.64,41.972771,-278.574806
955028,3206,3844.308,1000,7124.98,43.522947,-278.643596
956028,3207,3814.146,1000,7131.63,42.694796,-278.621021
957028,3208,3814.39,1000,7138.45,41.926298,-278.540789
958028,3209,3810.098,1000,7145.45,42.360922,-278.632918
959028,3210,3791.565,1000,7152.8,42.358631,-278.960842
960028,3211,3770.228,1000,7165.44,42.010411,-279.128912
961028,3212,3835.895,1000,7171.91,42.122746,-278.957644
962028,3213,3905.113,1000,7178.63,42.112135,-279.258353
963028,3214,3663.692,1000,7185.37,41.937206,-279.63541
964028,3215,3774.975,1000,7191.97,42.52044,-279.540463
965028,3216,3821.199,1000,7198.54,41.844977,-279.882087
966028,3217,3882.599,1000,7205.27,42.341492,-279.744557
967028,3218,3697.626,1000,7211.83,42.301221,-279.521259
968028,3219,3545.736,1000,7218.62,42.564018,-280.073959
969028,3220,3773.159,1000,7225.51,42.762133,-280.225183
970028,3221,3748.048,1000,7239.04,43.351101,-280.013806
971028,3222,3875.041,1000,7245.76,42.729941,-280.455852
971626,3223,2206.047,598,7249.82,43.020556,-280.327903
972626,3224,3849.493,1000,7257.17,42.905004,-280.533998
973626,3225,3807.04,1000,7264.99,42.530011,-280.136075
974626,3226,3788.102,1000,7273.59,42.961107,-280.550142
975626,3227,3848.015,1000,7281.75,42.491024,-280.200886
976626,3228,3728.147,1000,7289.95,42.15038,-280.674145
977626,3229,3819.924,1000,7298.1,42.818491,-280.330024
978626,3230,3761.274,1000,7306.26,43.006248,-281.120124
979626,3231,3686.796,1000,7313.85,42.265075,-281.239832
980626,3232,3743.092,1000,7326.93,42.412774,-281.249386
981626,3233,3770.611,1000,7333.91,42.474433,-281.051688
982626,3234,3807.695,1000,7340.93,42.018328,-281.391388
983626,3235,3803.142,1000,7347.87,41.837903,-281.411123
984626,3236,3816.277,1000,7354.92,42.222502,-281.693591
985626,3237,3800.141,1000,7362.12,41.891928,-281.734509
986626,3238,3769.178,1000,7369.45,42.526605,-281.911572
987626,3239,3813.578,1000,7376.56,42.346022,-281.839013
987938,3240,1073.691,312,7378.79,42.247274,-281.996368
988938,3241,3672.341,1000,7385.79,42.834969,-281.794501
989938,3242,3654.379,1000,7392.76,42.323057,-281.675432
990938,3243,3691.323,1000,7406.49,42.964813,-281.854546
991938,3244,3869.649,1000,7413.97,41.248491,-282.173382
992938,3245,3815.564,1000,7422.24,42.476361,-282.042336
993938,3246,3837.654,1000,7430.51,42.083478,-282.112926
994938,3247,3698.252,1000,7437.89,42.319674,-281.87856
995938,3248,3746.856,1000,7445.27,41.839541,-282.199969
996938,3249,3774.329,1000,7452.25,41.962097,-282.070326
997938,3250,3720.999,1000,7459.11,43.239625,-281.994064
998938,3251,3856.513,1000,7466.09,41.78304,-282.472328
999938,3252,3654.139,1000,7473.6,41.58971,-282.227877
