timestep,episode,episode_reward,episode_length,wall_time,policy_loss,value_loss,entropy,approx_kl
15,0,3.345,15,0.24,,,,
25,1,-2.979,10,0.25,,,,
42,2,0.64,17,0.28,,,,
71,3,-2.489,29,0.32,,,,
100,4,0.192,29,0.39,,,,
110,5,-0.323,10,0.41,,,,
123,6,0.208,13,0.45,,,,
152,7,-0.75,29,0.5,,,,
167,8,-0.176,15,0.53,,,,
178,9,-1.14,11,0.55,,,,
189,10,-0.14,11,0.57,,,,
217,11,1.134,28,0.62,,,,
228,12,-0.24,11,0.64,,,,
237,13,-0.402,9,0.65,,,,
251,14,0.256,14,0.68,,,,
270,15,-0.959,19,0.71,,,,
295,16,0.164,25,0.75,,,,
318,17,-1.808,23,0.8,,,,
330,18,0.001,12,0.83,,,,
362,19,-0.083,32,0.9,,,,
384,20,-1.723,22,0.95,,,,
394,21,-0.594,10,0.97,,,,
407,22,-1.378,13,0.99,,,,
421,23,-1.729,14,1.03,,,,
453,24,2.72,32,1.08,,,,
464,25,-1.917,11,1.1,,,,
476,26,0.118,12,1.12,,,,
488,27,-2.157,12,1.14,,,,
510,28,0.606,22,1.2,,,,
523,29,-0.758,13,1.22,,,,
535,30,0.219,12,1.24,,,,
545,31,-1.651,10,1.25,,,,
559,32,-0.94,14,1.28,,,,
585,33,2.807,26,1.32,,,,
594,34,-0.522,9,1.33,,,,
620,35,-1.6,26,1.4,,,,
651,36,-1.638,31,1.46,,,,
668,37,0.066,17,1.49,,,,
688,38,-0.483,20,1.53,,,,
696,39,-1.702,8,1.54,,,,
711,40,0.928,15,1.56,,,,
736,41,-3.853,25,1.6,,,,
749,42,0.083,13,1.62,,,,
766,43,-2.21,17,1.65,,,,
785,44,0.163,19,1.69,,,,
810,45,0.204,25,1.73,,,,
824,46,0.115,14,1.75,,,,
850,47,-2.075,26,1.79,,,,
871,48,2.301,21,1.83,,,,
903,49,1.347,32,1.9,,,,
911,50,-1.498,8,1.92,,,,
941,51,0.175,30,1.96,,,,
955,52,0.111,14,1.98,,,,
971,53,1.028,16,2.02,,,,
982,54,-2.068,11,2.05,,,,
1010,55,-2.266,28,2.12,,,,
1024,56,-0.528,14,2.16,,,,
1040,57,-4.077,16,2.2,,,,
1058,58,0.257,18,2.23,,,,
1074,59,-0.899,16,2.25,,,,
1092,60,0.839,18,2.28,,,,
1102,61,-2.091,10,2.3,,,,
1115,62,0.062,13,2.32,,,,
1124,63,-1.588,9,2.33,,,,
1135,64,-1.187,11,2.35,,,,
1171,65,4.016,36,2.42,,,,
1200,66,2.432,29,2.46,,,,
1217,67,-3.941,17,2.49,,,,
1226,68,-0.845,9,2.5,,,,
1241,69,-1.844,15,2.52,,,,
1252,70,-1.611,11,2.54,,,,
1266,71,-2.475,14,2.58,,,,
1307,72,1.179,41,2.67,,,,
1321,73,-2.645,14,2.69,,,,
1339,74,1.432,18,2.72,,,,
1358,75,0.414,19,2.75,,,,
1380,76,2.385,22,2.78,,,,
1397,77,1.495,17,2.81,,,,
1414,78,-0.041,17,2.84,,,,
1437,79,-0.938,23,2.88,,,,
1448,80,-0.642,11,2.89,,,,
1477,81,1.333,29,2.94,,,,
1492,82,-0.909,15,2.96,,,,
1515,83,0.031,23,3.0,,,,
1525,84,-0.016,10,3.02,,,,
1543,85,0.766,18,3.07,,,,
1556,86,-3.31,13,3.11,,,,
1601,87,4.789,45,3.22,,,,
1612,88,-0.131,11,3.24,,,,
1624,89,-0.579,12,3.26,,,,
1649,90,-0.12,25,3.3,,,,
1664,91,-0.815,15,3.32,,,,
1727,92,-1.831,63,3.42,,,,
1744,93,-1.723,17,3.44,,,,
1765,94,-2.126,21,3.5,,,,
1791,95,-0.269,26,3.57,,,,
1809,96,-3.029,18,3.62,,,,
1819,97,-0.121,10,3.65,,,,
1838,98,0.211,19,3.7,,,,
1855,99,-0.299,17,3.75,,,,
1877,100,2.466,22,3.79,,,,
1901,101,1.931,24,3.84,,,,
1918,102,0.525,17,3.87,,,,
1926,103,-1.495,8,3.88,,,,
1946,104,1.331,20,3.91,,,,
1962,105,-1.31,16,3.93,,,,
1970,106,-0.867,8,3.95,,,,
1999,107,3.94,29,4.0,,,,
2025,108,-1.261,26,4.04,,,,
2048,109,-1.237,23,4.08,,,,
2063,110,0.578,15,6.93,,,,
2105,111,7.971,42,7.01,,,,
2170,112,8.499,65,7.12,,,,
2182,113,0.394,12,7.14,,,,
2203,114,0.241,21,7.19,,,,
2223,115,-2.502,20,7.22,,,,
2271,116,2.597,48,7.3,,,,
2294,117,1.498,23,7.34,,,,
2308,118,-0.734,14,7.37,,,,
2335,119,0.202,27,7.41,,,,
2345,120,-0.664,10,7.42,,,,
2367,121,-0.577,22,7.46,,,,
2378,122,-0.676,11,7.48,,,,
2410,123,1.886,32,7.53,,,,
2443,124,-0.127,33,7.58,,,,
2464,125,0.454,21,7.62,,,,
2480,126,-0.026,16,7.64,,,,
2513,127,0.017,33,7.7,,,,
2546,128,4.163,33,7.75,,,,
2557,129,-0.333,11,7.77,,,,
2576,130,0.462,19,7.8,,,,
2589,131,0.341,13,7.82,,,,
2630,132,1.35,41,7.89,,,,
2651,133,1.172,21,7.92,,,,
2665,134,0.316,14,7.94,,,,
2695,135,0.272,30,7.99,,,,
2744,136,4.151,49,8.08,,,,
2776,137,2.44,32,8.13,,,,
2802,138,-0.495,26,8.17,,,,
2812,139,-0.518,10,8.19,,,,
2824,140,-0.652,12,8.21,,,,
2843,141,-0.936,19,8.25,,,,
2866,142,0.257,23,8.29,,,,
2878,143,-0.807,12,8.31,,,,
2890,144,-0.257,12,8.33,,,,
2914,145,0.235,24,8.37,,,,
2935,146,-0.451,21,8.41,,,,
2945,147,-0.238,10,8.43,,,,
2958,148,-0.557,13,8.47,,,,
2999,149,3.634,41,8.56,,,,
3041,150,-0.331,42,8.63,,,,
3067,151,2.829,26,8.67,,,,
3083,152,-0.457,16,8.69,,,,
3115,153,0.505,32,8.75,,,,
3134,154,-0.49,19,8.78,,,,
3144,155,-0.208,10,8.79,,,,
3195,156,2.526,51,8.88,,,,
3227,157,-0.079,32,8.94,,,,
3257,158,1.195,30,8.99,,,,
3276,159,0.087,19,9.02,,,,
3354,160,3.413,78,9.16,,,,
3379,161,0.254,25,9.21,,,,
3397,162,-0.965,18,9.26,,,,
3441,163,5.17,44,9.35,,,,
3471,164,0.72,30,9.43,,,,
3492,165,0.683,21,9.47,,,,
3506,166,-0.598,14,9.52,,,,
3523,167,0.173,17,9.57,,,,
3560,168,1.9,37,9.68,,,,
3580,169,-0.63,20,9.73,,,,
3598,170,0.649,18,9.76,,,,
3630,171,-1.32,32,9.82,,,,
3650,172,0.326,20,9.85,,,,
3659,173,-0.821,9,9.86,,,,
3675,174,0.327,16,9.89,,,,
3684,175,-0.868,9,9.91,,,,
3700,176,-1.036,16,9.93,,,,
3719,177,1.171,19,9.97,,,,
3738,178,0.987,19,10.0,,,,
3749,179,-1.159,11,10.02,,,,
3761,180,0.274,12,10.04,,,,
3777,181,-0.477,16,10.09,,,,
3784,182,-0.809,7,10.1,,,,
3803,183,-0.286,19,10.15,,,,
3836,184,1.251,33,10.2,,,,
3899,185,7.174,63,10.31,,,,
3914,186,-0.422,15,10.34,,,,
3926,187,-0.366,12,10.37,,,,
3940,188,-0.783,14,10.39,,,,
3960,189,-1.277,20,10.43,,,,
3979,190,-0.67,19,10.46,,,,
3998,191,-0.72,19,10.49,,,,
4018,192,1.167,20,10.53,,,,
4030,193,-0.696,12,10.55,,,,
4048,194,0.141,18,10.6,,,,
4086,195,1.735,38,10.71,,,,
4099,196,0.41,13,13.38,,,,
4122,197,1.145,23,13.43,,,,
4143,198,1.162,21,13.48,,,,
4193,199,1.264,50,13.63,,,,
4209,200,-0.461,16,13.67,,,,
4246,201,1.275,37,13.77,,,,
4275,202,2.52,29,13.86,,,,
4290,203,-0.434,15,13.9,,,,
4331,204,3.127,41,14.02,,,,
4361,205,2.388,30,14.07,,,,
4384,206,0.897,23,14.11,,,,
4401,207,0.271,17,14.14,,,,
4425,208,0.821,24,14.2,,,,
4454,209,1.123,29,14.25,,,,
4465,210,-0.082,11,14.27,,,,
4486,211,-0.839,21,14.31,,,,
4507,212,-0.928,21,14.34,,,,
4522,213,0.075,15,14.37,,,,
4543,214,1.07,21,14.4,,,,
4577,215,-0.099,34,14.46,,,,
4597,216,-0.632,20,14.49,,,,
4614,217,-1.533,17,14.52,,,,
4642,218,0.927,28,14.58,,,,
4672,219,2.89,30,14.63,,,,
4689,220,0.799,17,14.66,,,,
4733,221,0.85,44,14.74,,,,
4810,222,5.103,77,14.91,,,,
4822,223,-0.591,12,14.93,,,,
4838,224,0.827,16,14.95,,,,
4853,225,0.106,15,14.98,,,,
4882,226,0.498,29,15.03,,,,
4912,227,1.475,30,15.08,,,,
4930,228,-0.458,18,15.12,,,,
4962,229,-0.179,32,15.17,,,,
4987,230,0.918,25,15.22,,,,
5002,231,0.637,15,15.25,,,,
5015,232,0.113,13,15.28,,,,
5090,233,0.444,75,15.41,,,,
5114,234,-0.588,24,15.46,,,,
5133,235,-0.827,19,15.51,,,,
5146,236,0.169,13,15.53,,,,
5165,237,0.357,19,15.57,,,,
5181,238,0.222,16,15.59,,,,
5212,239,1.81,31,15.65,,,,
5242,240,1.02,30,15.7,,,,
5265,241,0.069,23,15.74,,,,
5298,242,2.624,33,15.8,,,,
5322,243,-0.194,24,15.84,,,,
5337,244,-1.091,15,15.87,,,,
5359,245,0.12,22,15.91,,,,
5368,246,-0.718,9,15.93,,,,
5379,247,-0.213,11,15.95,,,,
5401,248,0.267,22,15.99,,,,
5487,249,8.566,86,16.15,,,,
5504,250,-0.164,17,16.18,,,,
5523,251,0.186,19,16.21,,,,
5552,252,0.663,29,16.26,,,,
5589,253,0.838,37,16.33,,,,
5613,254,-0.905,24,16.39,,,,
5640,255,1.064,27,16.45,,,,
5663,256,1.922,23,16.49,,,,
5673,257,-0.513,10,16.51,,,,
5704,258,2.812,31,16.56,,,,
5718,259,0.1,14,16.59,,,,
5753,260,3.154,35,16.65,,,,
5788,261,0.931,35,16.71,,,,
5804,262,-0.151,16,16.74,,,,
5814,263,-0.893,10,16.76,,,,
5830,264,0.412,16,16.79,,,,
5870,265,1.69,40,16.86,,,,
5892,266,1.128,22,16.9,,,,
5918,267,0.098,26,16.94,,,,
5930,268,-0.242,12,16.96,,,,
5948,269,-0.84,18,16.99,,,,
5970,270,0.958,22,17.03,,,,
5999,271,1.429,29,17.09,,,,
6030,272,0.967,31,17.14,,,,
6044,273,0.323,14,17.17,,,,
6073,274,0.636,29,17.22,,,,
6097,275,1.783,24,17.26,,,,
6110,276,0.049,13,17.29,,,,
6138,277,-0.19,28,17.34,,,,
6220,278,6.394,82,20.13,,,,
6260,279,3.528,40,20.21,,,,
6309,280,2.982,49,20.3,,,,
6331,281,1.56,22,20.33,,,,
6353,282,1.605,22,20.37,,,,
6390,283,3.486,37,20.44,,,,
6400,284,0.02,10,20.46,,,,
6408,285,-0.347,8,20.48,,,,
6443,286,2.385,35,20.59,,,,
6485,287,2.726,42,20.7,,,,
6536,288,1.713,51,20.84,,,,
6566,289,2.45,30,20.93,,,,
6600,290,1.459,34,21.01,,,,
6619,291,0.657,19,21.07,,,,
6628,292,-0.418,9,21.08,,,,
6644,293,0.418,16,21.12,,,,
6704,294,6.548,60,21.23,,,,
6723,295,-0.414,19,21.26,,,,
6739,296,0.914,16,21.3,,,,
6766,297,0.052,27,21.35,,,,
6793,298,0.008,27,21.39,,,,
6835,299,2.49,42,21.47,,,,
6918,300,-0.101,83,21.63,,,,
6965,301,3.934,47,21.72,,,,
6989,302,1.09,24,21.76,,,,
7024,303,1.339,35,21.82,,,,
7080,304,3.404,56,21.93,,,,
7101,305,0.347,21,21.97,,,,
7115,306,0.164,14,21.99,,,,
7134,307,-0.072,19,22.05,,,,
7150,308,0.407,16,22.09,,,,
7172,309,-0.259,22,22.15,,,,
7194,310,0.783,22,22.18,,,,
7208,311,0.091,14,22.21,,,,
7228,312,0.96,20,22.27,,,,
7264,313,1.908,36,22.33,,,,
7300,314,2.122,36,22.4,,,,
7327,315,2.311,27,22.45,,,,
7360,316,1.504,33,22.5,,,,
7436,317,3.977,76,22.66,,,,
7507,318,3.317,71,22.87,,,,
7595,319,3.586,88,23.11,,,,
7609,320,0.439,14,23.14,,,,
7687,321,7.028,78,23.36,,,,
7732,322,1.858,45,23.44,,,,
7777,323,4.145,45,23.52,,,,
7813,324,2.122,36,23.59,,,,
7831,325,0.532,18,23.62,,,,
7859,326,0.333,28,23.67,,,,
7901,327,2.355,42,23.74,,,,
7948,328,3.034,47,23.83,,,,
7966,329,0.701,18,23.86,,,,
7980,330,0.325,14,23.88,,,,
8113,331,24.055,133,24.12,,,,
8124,332,0.019,11,24.14,,,,
8149,333,0.519,25,24.18,,,,
8196,334,1.916,47,26.98,,,,
8218,335,0.718,22,27.04,,,,
8288,336,0.438,70,27.2,,,,
8309,337,0.441,21,27.25,,,,
8325,338,0.156,16,27.3,,,,
8460,339,8.668,135,27.57,,,,
8504,340,2.285,44,27.64,,,,
8536,341,0.686,32,27.7,,,,
8571,342,1.475,35,27.76,,,,
8645,343,0.953,74,27.89,,,,
8733,344,4.171,88,28.05,,,,
8768,345,1.412,35,28.14,,,,
8786,346,0.101,18,28.17,,,,
8851,347,4.008,65,28.28,,,,
8896,348,0.882,45,28.36,,,,
8957,349,1.028,61,28.52,,,,
8981,350,0.954,24,28.59,,,,
9063,351,1.696,82,28.75,,,,
9105,352,1.044,42,28.82,,,,
9195,353,6.182,90,28.98,,,,
9287,354,2.278,92,29.16,,,,
9416,355,2.9,129,29.44,,,,
9425,356,-0.309,9,29.47,,,,
9481,357,1.182,56,29.61,,,,
9516,358,1.546,35,29.67,,,,
9578,359,4.077,62,29.78,,,,
9627,360,0.506,49,29.9,,,,
9648,361,0.456,21,29.96,,,,
9706,362,2.056,58,30.13,,,,
9786,363,4.486,80,30.28,,,,
9909,364,12.465,123,30.51,,,,
9941,365,1.325,32,30.56,,,,
9990,366,1.197,49,30.68,,,,
10057,367,0.861,67,32.45,,,,
10065,368,-0.206,8,32.46,,,,
10163,369,1.684,98,32.64,,,,
10227,370,3.95,64,32.75,,,,
10278,371,1.374,51,34.71,,,,
10307,372,0.98,29,34.76,,,,
10360,373,1.353,53,34.85,,,,
10429,374,3.477,69,34.97,,,,
10502,375,2.813,73,35.1,,,,
10551,376,0.67,49,35.18,,,,
10585,377,0.795,34,35.24,,,,
10676,378,0.58,91,35.4,,,,
10773,379,1.747,97,35.56,,,,
10809,380,1.148,36,35.63,,,,
10831,381,0.3,22,35.67,,,,
10971,382,5.157,140,35.91,,,,
11086,383,2.356,115,36.11,,,,
11209,384,3.396,123,36.33,,,,
11247,385,0.759,38,36.4,,,,
11320,386,0.749,73,36.52,,,,
11354,387,1.412,34,36.58,,,,
11414,388,1.236,60,36.69,,,,
11490,389,0.12,76,36.83,,,,
11638,390,17.196,148,37.09,,,,
11654,391,0.328,16,37.12,,,,
11872,392,7.913,218,37.51,,,,
12067,393,4.914,195,37.84,,,,
12142,394,2.055,75,37.97,,,,
12196,395,0.889,54,38.06,,,,
12242,396,0.151,46,38.15,,,,
12442,397,3.964,200,40.41,,,,
12628,398,2.515,186,40.74,,,,
12746,399,6.756,118,40.94,,,,
12763,400,0.191,17,40.97,,,,
12880,401,6.141,117,41.18,,,,
13034,402,7.015,154,41.45,,,,
13241,403,15.017,207,41.82,,,,
13313,404,2.77,72,41.94,,,,
13368,405,1.393,55,42.05,,,,
13555,406,5.826,187,42.39,,,,
13770,407,16.024,215,42.77,,,,
13802,408,0.233,32,42.82,,,,
13923,409,4.095,121,43.04,,,,
13984,410,1.818,61,43.14,,,,
14075,411,3.63,91,43.31,,,,
14107,412,0.931,32,43.37,,,,
14215,413,4.617,108,43.56,,,,
14247,414,0.755,32,43.62,,,,
14270,415,-0.045,23,43.66,,,,
14330,416,1.666,60,43.77,,,,
14446,417,4.305,116,46.26,,,,
14554,418,-0.49,108,46.45,,,,
14656,419,0.054,102,46.63,,,,
14857,420,2.968,201,46.99,,,,
14949,421,1.635,92,47.16,,,,
15008,422,1.628,59,47.26,,,,
15125,423,2.127,117,47.48,,,,
15362,424,9.99,237,47.91,,,,
15581,425,3.567,219,48.31,,,,
15783,426,13.559,202,48.66,,,,
15917,427,-0.093,134,48.89,,,,
15949,428,0.625,32,48.95,,,,
16061,429,7.612,112,49.16,,,,
16083,430,0.518,22,49.2,,,,
16230,431,4.367,147,49.47,,,,
16408,432,1.599,178,51.9,,,,
16683,433,6.284,275,52.39,,,,
16985,434,9.322,302,52.94,,,,
17190,435,10.988,205,53.32,,,,
17393,436,3.61,203,53.68,,,,
17540,437,0.572,147,53.94,,,,
17576,438,0.773,36,54.01,,,,
17710,439,8.144,134,54.25,,,,
17804,440,3.469,94,54.42,,,,
17974,441,3.681,170,54.72,,,,
18101,442,0.269,127,54.95,,,,
18260,443,10.417,159,55.22,,,,
18435,444,1.602,175,57.46,,,,
18575,445,9.395,140,57.71,,,,
18642,446,1.423,67,57.83,,,,
18796,447,9.987,154,58.09,,,,
18938,448,3.943,142,58.34,,,,
19091,449,1.177,153,58.62,,,,
19329,450,3.496,238,59.05,,,,
19410,451,0.869,81,59.2,,,,
19570,452,5.855,160,59.48,,,,
19670,453,6.513,100,59.67,,,,
19753,454,1.729,83,59.82,,,,
19899,455,9.124,146,60.08,,,,
20088,456,4.844,189,61.7,,,,
20148,457,1.268,60,61.81,,,,
20371,458,11.674,223,62.21,,,,
20542,459,2.137,171,64.91,,,,
20705,460,11.398,163,65.21,,,,
20873,461,4.182,168,65.5,,,,
21246,462,9.483,373,66.15,,,,
21360,463,7.24,114,66.35,,,,
21408,464,1.089,48,66.44,,,,
21468,465,1.532,60,66.55,,,,
21894,466,17.894,426,67.33,,,,
22086,467,10.552,192,67.67,,,,
22331,468,2.241,245,68.12,,,,
22488,469,2.685,157,68.41,,,,
22891,470,11.712,403,71.66,,,,
22997,471,0.327,106,71.85,,,,
23202,472,10.578,205,72.21,,,,
23461,473,13.075,259,72.67,,,,
23728,474,4.737,267,73.15,,,,
23930,475,3.295,202,73.51,,,,
24207,476,13.861,277,74.0,,,,
24260,477,1.185,53,74.11,,,,
24448,478,7.869,188,74.45,,,,
24624,479,4.114,176,77.38,,,,
24925,480,5.656,301,77.94,,,,
25014,481,1.651,89,78.1,,,,
25169,482,1.558,155,78.38,,,,
25355,483,2.618,186,78.71,,,,
25485,484,6.083,130,78.93,,,,
25716,485,2.958,231,79.33,,,,
25949,486,10.664,233,79.77,,,,
26221,487,4.828,272,80.25,,,,
26319,488,5.543,98,80.43,,,,
26487,489,8.372,168,80.73,,,,
26727,490,10.784,240,83.66,,,,
26940,491,10.007,213,84.05,,,,
27200,492,2.692,260,84.51,,,,
27345,493,6.992,145,84.76,,,,
27524,494,7.873,179,85.07,,,,
27711,495,8.975,187,85.4,,,,
27872,496,7.765,161,85.7,,,,
28045,497,7.806,173,86.01,,,,
28194,498,7.776,149,86.26,,,,
28396,499,1.986,202,86.62,,,,
28539,500,6.76,143,86.87,,,,
28755,501,8.378,216,89.7,,,,
29039,502,6.383,284,90.2,,,,
29353,503,11.915,314,90.75,,,,
29666,504,13.086,313,91.3,,,,
29813,505,1.475,147,91.55,,,,
30177,506,13.414,364,94.13,,,,
30362,507,8.402,185,94.46,,,,
30585,508,9.804,223,94.87,,,,
30750,509,7.388,165,97.54,,,,
31003,510,8.684,253,98.03,,,,
31199,511,8.383,196,98.37,,,,
31439,512,10.598,240,98.79,,,,
31736,513,7.43,297,99.32,,,,
32019,514,4.474,283,99.84,,,,
32412,515,12.991,393,100.61,,,,
32635,516,8.458,223,101.02,,,,
32846,517,2.432,211,103.7,,,,
33051,518,8.426,205,104.12,,,,
33248,519,1.205,197,104.52,,,,
33276,520,0.525,28,104.58,,,,
33440,521,7.802,164,104.91,,,,
33564,522,5.795,124,105.13,,,,
33695,523,6.297,131,105.35,,,,
33942,524,2.622,247,105.82,,,,
34253,525,12.253,311,106.37,,,,
34424,526,7.74,171,106.68,,,,
34635,527,2.432,211,107.16,,,,
34891,528,8.205,256,109.84,,,,
35044,529,6.608,153,110.15,,,,
35368,530,9.99,324,110.73,,,,
35523,531,7.089,155,111.0,,,,
35711,532,8.36,188,111.36,,,,
35907,533,7.689,196,111.8,,,,
36126,534,8.473,219,112.17,,,,
36414,535,3.872,288,112.69,,,,
36859,536,7.773,445,113.59,,,,
37063,537,2.131,204,116.13,,,,
37267,538,8.742,204,116.47,,,,
37442,539,7.748,175,116.77,,,,
37666,540,8.555,224,117.14,,,,
37908,541,9.029,242,117.59,,,,
38108,542,8.18,200,117.95,,,,
38311,543,8.132,203,118.33,,,,
38507,544,8.207,196,118.68,,,,
38723,545,8.336,216,119.1,,,,
38979,546,8.263,256,121.97,,,,
39136,547,6.737,157,122.31,,,,
39373,548,8.411,237,122.78,,,,
39540,549,7.034,167,123.07,,,,
39709,550,7.042,169,123.38,,,,
39968,551,9.071,259,123.9,,,,
40249,552,10.525,281,126.28,,,,
40509,553,2.945,260,126.82,,,,
40686,554,1.219,177,127.15,,,,
40862,555,7.294,176,127.51,,,,
41068,556,7.464,206,130.12,,,,
41228,557,6.692,160,130.43,,,,
41554,558,11.504,326,131.06,,,,
41678,559,5.667,124,131.3,,,,
41930,560,9.312,252,131.75,,,,
42223,561,3.688,293,132.33,,,,
42550,562,10.852,327,133.01,,,,
42811,563,9.037,261,133.54,,,,
43170,564,12.392,359,136.68,,,,
43422,565,9.101,252,137.23,,,,
43627,566,7.734,205,137.66,,,,
43835,567,8.054,208,138.07,,,,
44018,568,7.458,183,138.48,,,,
44470,569,8.349,452,139.41,,,,
44732,570,3.439,262,139.92,,,,
44925,571,7.928,193,140.36,,,,
45245,572,11.276,320,143.25,,,,
45495,573,9.84,250,143.76,,,,
45725,574,2.542,230,144.21,,,,
45940,575,7.773,215,144.67,,,,
45968,576,0.348,28,144.71,,,,
46133,577,6.725,165,145.04,,,,
46321,578,6.658,188,145.42,,,,
46508,579,7.155,187,145.83,,,,
46724,580,8.332,216,146.28,,,,
46885,581,6.465,161,146.59,,,,
47036,582,5.856,151,146.91,,,,
47249,583,8.68,213,149.68,,,,
47507,584,2.965,258,150.25,,,,
47858,585,11.488,351,150.97,,,,
48068,586,2.944,210,151.41,,,,
48266,587,2.301,198,151.81,,,,
48429,588,5.96,163,152.19,,,,
48674,589,2.964,245,152.68,,,,
48973,590,10.988,299,153.23,,,,
49347,591,4.421,374,155.83,,,,
49538,592,7.849,191,156.14,,,,
49746,593,8.043,208,156.52,,,,
49941,594,6.198,195,156.84,,,,
50130,595,7.058,189,158.77,,,,
50322,596,7.538,192,159.13,,,,
50616,597,10.288,294,159.68,,,,
50867,598,9.001,251,160.12,,,,
51160,599,9.555,293,160.68,,,,
51332,600,0.876,172,162.84,,,,
51716,601,12.359,384,163.53,,,,
51905,602,1.658,189,163.86,,,,
52060,603,6.638,155,164.13,,,,
52297,604,8.649,237,164.56,,,,
52504,605,2.035,207,164.95,,,,
52924,606,13.255,420,165.74,,,,
53129,607,8.158,205,166.13,,,,
53259,608,5.523,130,168.76,,,,
53405,609,6.273,146,169.06,,,,
53664,610,8.462,259,169.55,,,,
53798,611,5.484,134,169.8,,,,
54301,612,14.637,503,170.74,,,,
54516,613,7.854,215,171.14,,,,
54750,614,8.678,234,171.56,,,,
54948,615,7.567,198,171.92,,,,
55203,616,3.484,255,172.41,,,,
55379,617,7.69,176,175.22,,,,
55572,618,7.527,193,175.57,,,,
55779,619,7.992,207,175.97,,,,
55956,620,7.065,177,176.31,,,,
56287,621,11.066,331,176.92,,,,
56500,622,8.159,213,177.33,,,,
56891,623,12.098,391,178.06,,,,
57353,624,13.861,462,181.38,,,,
57477,625,5.267,124,181.62,,,,
57706,626,7.443,229,182.05,,,,
57871,627,6.411,165,182.37,,,,
58049,628,6.248,178,182.7,,,,
58258,629,7.749,209,183.14,,,,
58535,630,9.745,277,183.64,,,,
58791,631,8.817,256,184.11,,,,
58974,632,7.187,183,184.47,,,,
59225,633,8.684,251,184.96,,,,
59404,634,6.692,179,187.59,,,,
59569,635,6.684,165,187.93,,,,
59750,636,6.516,181,188.28,,,,
59925,637,6.781,175,188.61,,,,
60237,638,9.444,312,191.01,,,,
60358,639,5.424,121,191.25,,,,
60525,640,6.376,167,191.57,,,,
60679,641,6.489,154,191.87,,,,
60885,642,7.407,206,192.31,,,,
61082,643,2.08,197,192.68,,,,
61363,644,9.222,281,193.26,,,,
61504,645,5.615,141,195.74,,,,
61678,646,6.442,174,196.04,,,,
61856,647,6.692,178,196.35,,,,
62032,648,7.001,176,196.67,,,,
62264,649,8.143,232,197.11,,,,
62494,650,8.457,230,197.54,,,,
62633,651,5.666,139,197.82,,,,
62847,652,7.85,214,198.21,,,,
63080,653,8.418,233,198.63,,,,
63242,654,6.638,162,198.93,,,,
63354,655,5.039,112,199.14,,,,
63546,656,7.235,192,201.73,,,,
63720,657,6.508,174,202.04,,,,
64006,658,8.95,286,202.55,,,,
64152,659,6.045,146,202.81,,,,
64537,660,11.22,385,203.53,,,,
64726,661,7.071,189,203.88,,,,
65158,662,13.629,432,204.69,,,,
65320,663,6.167,162,204.97,,,,
65494,664,7.169,174,205.32,,,,
65641,665,6.073,147,207.83,,,,
65976,666,10.921,335,208.44,,,,
66169,667,6.567,193,208.82,,,,
66526,668,11.543,357,209.45,,,,
66634,669,4.71,108,209.65,,,,
66783,670,5.996,149,209.93,,,,
67006,671,2.758,223,210.34,,,,
67201,672,7.482,195,210.69,,,,
67373,673,6.762,172,211.02,,,,
67532,674,6.144,159,211.31,,,,
67783,675,9.14,251,213.68,,,,
67996,676,7.117,213,214.04,,,,
68135,677,5.221,139,214.29,,,,
68459,678,10.545,324,214.89,,,,
68629,679,6.821,170,215.19,,,,
68804,680,7.155,175,215.53,,,,
69003,681,7.33,199,215.88,,,,
69277,682,9.617,274,216.4,,,,
69385,683,4.342,108,216.6,,,,
69629,684,8.682,244,217.05,,,,
70141,685,14.888,512,221.36,,,,
70343,686,7.639,202,221.73,,,,
70610,687,9.111,267,222.22,,,,
70811,688,7.287,201,222.6,,,,
70934,689,5.238,123,222.82,,,,
71129,690,7.592,195,223.18,,,,
71428,691,10.21,299,223.71,,,,
71686,692,8.713,258,226.5,,,,
71943,693,8.522,257,226.98,,,,
72119,694,7.095,176,227.32,,,,
72248,695,5.52,129,227.56,,,,
72442,696,7.334,194,227.9,,,,
72615,697,6.743,173,228.22,,,,
72817,698,7.776,202,228.59,,,,
73023,699,7.694,206,228.96,,,,
73238,700,7.815,215,229.35,,,,
73439,701,7.606,201,229.71,,,,
73615,702,1.55,176,230.03,,,,
73786,703,6.521,171,232.72,,,,
73982,704,7.168,196,233.09,,,,
74110,705,5.001,128,233.34,,,,
74256,706,6.21,146,233.6,,,,
74434,707,6.399,178,233.92,,,,
74644,708,7.416,210,234.29,,,,
74848,709,7.94,204,234.66,,,,
75098,710,8.147,250,235.12,,,,
75313,711,7.743,215,235.53,,,,
75494,712,6.824,181,235.85,,,,
75647,713,5.867,153,236.12,,,,
75794,714,5.479,147,238.75,,,,
75947,715,5.964,153,239.04,,,,
76109,716,6.669,162,239.34,,,,
76291,717,6.989,182,239.68,,,,
76478,718,6.883,187,240.03,,,,
76647,719,6.453,169,240.36,,,,
76842,720,7.198,195,240.74,,,,
77043,721,7.028,201,241.11,,,,
77335,722,10.37,292,241.64,,,,
77491,723,6.307,156,241.92,,,,
77605,724,5.001,114,242.12,,,,
77816,725,7.318,211,242.49,,,,
77997,726,7.217,181,245.23,,,,
78150,727,6.095,153,245.54,,,,
78334,728,6.819,184,245.87,,,,
78555,729,8.11,221,246.29,,,,
78915,730,11.321,360,247.01,,,,
79102,731,7.288,187,247.35,,,,
79267,732,6.635,165,247.65,,,,
79463,733,7.315,196,248.01,,,,
79650,734,7.314,187,248.38,,,,
79788,735,6.07,138,248.65,,,,
80160,736,11.645,372,253.01,,,,
80328,737,6.534,168,253.32,,,,
80521,738,6.674,193,253.67,,,,
80713,739,7.088,192,254.02,,,,
80882,740,6.502,169,254.37,,,,
81066,741,7.102,184,254.74,,,,
81339,742,3.575,273,255.24,,,,
81578,743,8.793,239,255.69,,,,
81822,744,8.368,244,256.13,,,,
82007,745,7.389,185,258.4,,,,
82173,746,6.343,166,258.7,,,,
82592,747,5.806,419,259.45,,,,
82747,748,6.469,155,259.73,,,,
82955,749,7.766,208,260.12,,,,
83110,750,6.423,155,260.41,,,,
83255,751,6.128,145,260.67,,,,
83431,752,6.555,176,260.98,,,,
83605,753,6.585,174,261.31,,,,
83810,754,7.421,205,261.71,,,,
83986,755,6.493,176,264.52,,,,
84166,756,6.681,180,264.88,,,,
84334,757,6.426,168,265.19,,,,
84491,758,6.452,157,265.47,,,,
84747,759,8.785,256,265.94,,,,
84937,760,7.188,190,266.27,,,,
85145,761,7.649,208,266.64,,,,
85313,762,6.95,168,266.98,,,,
85494,763,6.96,181,267.31,,,,
85661,764,6.265,167,267.62,,,,
85898,765,8.058,237,268.07,,,,
86103,766,7.041,205,270.87,,,,
86301,767,8.146,198,271.26,,,,
86450,768,5.915,149,271.54,,,,
86618,769,6.89,168,271.88,,,,
86971,770,9.718,353,272.56,,,,
87286,771,9.76,315,273.16,,,,
87605,772,10.676,319,273.78,,,,
87873,773,9.373,268,274.28,,,,
88039,774,6.92,166,274.58,,,,
88218,775,7.501,179,277.06,,,,
88538,776,4.671,320,277.7,,,,
88728,777,7.126,190,278.06,,,,
88900,778,7.255,172,278.37,,,,
89036,779,5.689,136,278.62,,,,
89152,780,4.912,116,278.84,,,,
89521,781,10.904,369,279.53,,,,
89740,782,8.006,219,279.95,,,,
89964,783,8.042,224,280.38,,,,
90279,784,9.766,315,285.1,,,,
90463,785,7.328,184,285.43,,,,
90682,786,1.842,219,285.85,,,,
90894,787,7.996,212,286.23,,,,
91162,788,9.386,268,286.71,,,,
91343,789,7.664,181,287.05,,,,
91527,790,1.58,184,287.4,,,,
91716,791,6.984,189,287.76,,,,
91876,792,6.879,160,288.08,,,,
92016,793,6.135,140,288.35,,,,
92181,794,6.811,165,291.04,,,,
92339,795,6.318,158,291.34,,,,
92511,796,6.79,172,291.64,,,,
92890,797,5.863,379,292.34,,,,
93044,798,5.781,154,292.61,,,,
93185,799,6.013,141,292.87,,,,
93381,800,7.931,196,293.24,,,,
93595,801,7.916,214,293.67,,,,
93739,802,6.394,144,293.92,,,,
93898,803,6.381,159,294.26,,,,
94067,804,6.927,169,294.58,,,,
94236,805,6.689,169,297.57,,,,
94416,806,6.943,180,297.9,,,,
94603,807,7.193,187,298.25,,,,
94784,808,6.053,181,298.58,,,,
94975,809,7.757,191,298.95,,,,
95125,810,6.036,150,299.22,,,,
95506,811,11.853,381,299.93,,,,
95673,812,6.987,167,300.23,,,,
95872,813,7.948,199,300.6,,,,
96094,814,7.893,222,301.02,,,,
96244,815,5.657,150,301.31,,,,
96427,816,6.801,183,303.98,,,,
96597,817,1.014,170,304.29,,,,
96791,818,8.107,194,304.64,,,,
97006,819,7.824,215,305.03,,,,
97191,820,7.494,185,305.36,,,,
97385,821,8.211,194,305.7,,,,
97511,822,5.494,126,305.93,,,,
97705,823,7.81,194,306.28,,,,
97903,824,7.312,198,306.63,,,,
98044,825,6.272,141,306.87,,,,
98278,826,2.567,234,307.3,,,,
98473,827,7.518,195,309.48,,,,
98666,828,7.736,193,309.81,,,,
98830,829,7.141,164,310.1,,,,
98986,830,6.06,156,310.36,,,,
99193,831,8.665,207,310.72,,,,
99384,832,8.206,191,311.08,,,,
99596,833,7.449,212,311.49,,,,
99778,834,6.964,182,311.82,,,,
99967,835,7.479,189,312.15,,,,
100139,836,6.923,172,314.07,,,,
100359,837,8.443,220,316.27,,,,
100611,838,8.933,252,316.73,,,,
100805,839,7.479,194,317.06,,,,
100944,840,5.934,139,317.31,,,,
101281,841,10.836,337,317.89,,,,
101469,842,7.717,188,318.22,,,,
101684,843,8.946,215,318.61,,,,
101864,844,7.921,180,318.95,,,,
102071,845,8.761,207,319.34,,,,
102247,846,1.179,176,319.65,,,,
102429,847,7.561,182,321.93,,,,
102612,848,6.875,183,322.25,,,,
102832,849,9.186,220,322.63,,,,
102984,850,6.977,152,322.9,,,,
103148,851,6.835,164,323.2,,,,
103335,852,6.999,187,323.56,,,,
103537,853,7.936,202,323.92,,,,
103738,854,8.035,201,324.29,,,,
103885,855,5.834,147,324.56,,,,
104063,856,7.423,178,324.88,,,,
104228,857,6.882,165,325.17,,,,
104411,858,7.326,183,325.49,,,,
104628,859,8.627,217,328.12,,,,
104859,860,8.375,231,328.54,,,,
104995,861,6.206,136,328.79,,,,
105178,862,7.791,183,329.13,,,,
105356,863,7.102,178,329.44,,,,
105522,864,6.759,166,329.74,,,,
105682,865,6.573,160,330.06,,,,
105859,866,6.721,177,330.38,,,,
106165,867,10.029,306,330.94,,,,
106298,868,5.41,133,331.18,,,,
106501,869,8.128,203,333.75,,,,
106689,870,7.162,188,334.11,,,,
106881,871,8.174,192,334.48,,,,
107060,872,7.206,179,334.81,,,,
107253,873,7.823,193,335.25,,,,
107411,874,5.897,158,335.55,,,,
107588,875,7.271,177,335.91,,,,
107794,876,8.062,206,336.36,,,,
107953,877,6.617,159,336.66,,,,
108148,878,7.772,195,337.03,,,,
108307,879,7.364,159,337.32,,,,
108511,880,7.955,204,337.73,,,,
108686,881,6.621,175,340.55,,,,
108860,882,6.698,174,340.89,,,,
109020,883,6.529,160,341.18,,,,
109199,884,7.176,179,341.5,,,,
109313,885,4.906,114,341.78,,,,
109467,886,6.622,154,342.14,,,,
109694,887,8.639,227,342.59,,,,
109854,888,6.29,160,342.91,,,,
110011,889,6.746,157,344.91,,,,
110312,890,10.175,301,345.59,,,,
110527,891,7.639,215,346.04,,,,
110700,892,7.461,173,348.88,,,,
110870,893,6.985,170,349.26,,,,
111072,894,7.92,202,349.66,,,,
111237,895,6.882,165,350.02,,,,
111411,896,7.054,174,350.35,,,,
111589,897,7.2,178,350.69,,,,
111737,898,6.688,148,350.95,,,,
111894,899,6.097,157,351.27,,,,
112092,900,7.791,198,351.65,,,,
112282,901,7.92,190,352.07,,,,
112475,902,7.972,193,352.43,,,,
112749,903,9.924,274,355.39,,,,
112939,904,7.197,190,355.81,,,,
113183,905,9.131,244,356.37,,,,
113390,906,8.269,207,356.8,,,,
113582,907,7.865,192,357.19,,,,
113807,908,2.352,225,357.71,,,,
114003,909,8.031,196,358.08,,,,
114227,910,8.362,224,358.48,,,,
114398,911,7.271,171,358.79,,,,
114586,912,7.749,188,359.18,,,,
114747,913,6.631,161,361.96,,,,
114941,914,8.246,194,362.34,,,,
115124,915,7.773,183,362.72,,,,
115334,916,8.189,210,363.13,,,,
115509,917,7.199,175,363.48,,,,
115681,918,7.016,172,363.79,,,,
115890,919,8.481,209,364.21,,,,
116092,920,7.667,202,364.57,,,,
116291,921,7.751,199,364.96,,,,
116506,922,7.958,215,365.38,,,,
116674,923,7.244,168,365.69,,,,
116877,924,8.249,203,368.64,,,,
117060,925,8.28,183,368.98,,,,
117299,926,8.511,239,369.58,,,,
117451,927,6.674,152,369.85,,,,
117652,928,7.922,201,370.21,,,,
117838,929,7.406,186,370.55,,,,
118032,930,7.823,194,370.93,,,,
118240,931,8.039,208,371.43,,,,
118471,932,8.66,231,371.86,,,,
118691,933,8.383,220,372.27,,,,
118889,934,7.361,198,375.38,,,,
119103,935,8.372,214,375.81,,,,
119266,936,6.437,163,376.19,,,,
119453,937,7.463,187,376.72,,,,
119636,938,7.816,183,377.04,,,,
119831,939,7.543,195,377.48,,,,
120010,940,6.702,179,379.84,,,,
120217,941,7.326,207,380.23,,,,
120413,942,7.441,196,380.65,,,,
120598,943,7.94,185,380.98,,,,
120760,944,6.8,162,381.29,,,,
120975,945,8.361,215,384.61,,,,
121166,946,7.519,191,384.96,,,,
121361,947,7.148,195,385.34,,,,
121584,948,8.704,223,385.96,,,,
121794,949,8.005,210,386.44,,,,
122001,950,7.438,207,386.82,,,,
122199,951,7.909,198,387.26,,,,
122399,952,7.825,200,387.71,,,,
122578,953,6.842,179,388.04,,,,
122764,954,7.647,186,388.38,,,,
122987,955,8.528,223,391.51,,,,
123152,956,6.789,165,391.8,,,,
123324,957,6.943,172,392.1,,,,
123515,958,7.717,191,392.43,,,,
123699,959,7.341,184,392.76,,,,
123891,960,7.839,192,393.09,,,,
124180,961,3.565,289,393.63,,,,
124459,962,9.777,279,394.13,,,,
124677,963,8.376,218,394.52,,,,
124904,964,8.356,227,394.92,,,,
125131,965,8.896,227,397.67,,,,
125326,966,8.093,195,398.02,,,,
125514,967,7.516,188,398.35,,,,
125721,968,8.69,207,398.72,,,,
125922,969,7.789,201,399.07,,,,
126105,970,7.226,183,399.41,,,,
126310,971,7.891,205,399.78,,,,
126504,972,7.661,194,400.14,,,,
126701,973,7.635,197,400.49,,,,
126918,974,8.319,217,400.88,,,,
127102,975,7.456,184,403.49,,,,
127305,976,8.046,203,403.84,,,,
127527,977,8.429,222,404.26,,,,
127758,978,8.508,231,404.67,,,,
127960,979,7.969,202,405.03,,,,
128154,980,7.653,194,405.39,,,,
128335,981,7.81,181,405.71,,,,
128505,982,7.284,170,406.01,,,,
128711,983,7.775,206,406.37,,,,
128945,984,8.954,234,406.79,,,,
129151,985,7.716,206,409.18,,,,
129329,986,7.249,178,409.5,,,,
129513,987,7.332,184,409.82,,,,
129690,988,7.171,177,410.13,,,,
129907,989,8.407,217,410.51,,,,
130106,990,7.345,199,412.48,,,,
130299,991,7.645,193,412.82,,,,
130502,992,1.826,203,413.2,,,,
130705,993,7.762,203,413.56,,,,
130898,994,7.993,193,413.92,,,,
131057,995,6.977,159,414.2,,,,
131229,996,7.7,172,416.48,,,,
131429,997,7.635,200,416.85,,,,
131622,998,7.775,193,417.18,,,,
131852,999,8.819,230,417.58,,,,
132049,1000,7.445,197,417.93,,,,
132273,1001,9.138,224,418.33,,,,
132465,1002,7.667,192,418.69,,,,
132670,1003,8.378,205,419.04,,,,
132849,1004,7.367,179,419.35,,,,
133060,1005,8.615,211,419.72,,,,
133239,1006,7.051,179,421.95,,,,
133447,1007,7.816,208,422.3,,,,
133637,1008,7.191,190,422.62,,,,
133822,1009,8.402,185,422.95,,,,
134012,1010,7.596,190,423.27,,,,
134185,1011,7.35,173,423.58,,,,
134360,1012,7.074,175,423.9,,,,
134560,1013,7.537,200,424.25,,,,
134778,1014,9.211,218,424.64,,,,
134982,1015,7.771,204,424.99,,,,
135181,1016,7.795,199,427.91,,,,
135391,1017,7.735,210,428.3,,,,
135564,1018,7.171,173,428.62,,,,
135751,1019,7.559,187,428.95,,,,
135994,1020,8.929,243,429.37,,,,
136197,1021,8.233,203,429.72,,,,
136407,1022,8.108,210,430.1,,,,
136603,1023,8.294,196,430.45,,,,
136781,1024,7.54,178,430.76,,,,
136990,1025,8.129,209,431.13,,,,
137166,1026,6.946,176,431.44,,,,
137336,1027,6.839,170,434.27,,,,
137556,1028,8.351,220,434.64,,,,
137760,1029,7.664,204,435.02,,,,
137990,1030,9.023,230,435.42,,,,
138172,1031,7.474,182,435.73,,,,
138367,1032,7.292,195,436.06,,,,
138587,1033,8.243,220,436.46,,,,
138764,1034,6.862,177,436.75,,,,
139003,1035,8.35,239,437.18,,,,
139218,1036,9.1,215,437.56,,,,
139413,1037,8.161,195,440.3,,,,
139596,1038,7.485,183,440.62,,,,
139759,1039,6.66,163,440.9,,,,
139998,1040,8.429,239,441.32,,,,
140187,1041,7.42,189,443.29,,,,
140385,1042,7.529,198,443.76,,,,
140602,1043,8.214,217,444.14,,,,
140849,1044,9.035,247,444.61,,,,
141040,1045,7.901,191,444.95,,,,
141295,1046,9.485,255,445.4,,,,
141507,1047,7.691,212,447.93,,,,
141722,1048,8.793,215,448.3,,,,
141926,1049,8.464,204,448.68,,,,
142115,1050,7.485,189,449.0,,,,
142306,1051,7.415,191,449.34,,,,
142505,1052,7.51,199,449.7,,,,
142718,1053,7.677,213,450.07,,,,
143001,1054,9.187,283,450.68,,,,
143222,1055,8.127,221,451.08,,,,
143405,1056,6.956,183,453.61,,,,
143633,1057,8.242,228,453.99,,,,
143851,1058,7.779,218,454.35,,,,
144075,1059,9.407,224,454.72,,,,
144270,1060,7.602,195,455.05,,,,
144507,1061,9.219,237,455.48,,,,
144759,1062,9.178,252,455.93,,,,
144949,1063,7.249,190,456.25,,,,
145175,1064,8.577,226,456.68,,,,
145387,1065,7.525,212,457.09,,,,
145591,1066,7.702,204,459.43,,,,
145812,1067,7.945,221,459.88,,,,
146005,1068,7.108,193,460.27,,,,
146209,1069,7.908,204,460.62,,,,
146418,1070,7.507,209,460.99,,,,
146611,1071,7.163,193,461.35,,,,
146809,1072,7.291,198,461.7,,,,
146994,1073,7.16,185,462.09,,,,
147188,1074,6.922,194,462.48,,,,
147406,1075,8.56,218,462.87,,,,
147690,1076,10.138,284,465.56,,,,
147910,1077,8.304,220,465.92,,,,
148118,1078,7.594,208,466.27,,,,
148326,1079,8.542,208,466.63,,,,
148552,1080,9.217,226,467.04,,,,
148782,1081,8.3,230,467.46,,,,
149007,1082,7.929,225,467.92,,,,
149189,1083,6.722,182,468.23,,,,
149378,1084,7.592,189,468.56,,,,
149557,1085,7.055,179,471.19,,,,
149725,1086,6.901,168,471.49,,,,
149958,1087,8.639,233,472.0,,,,
150137,1088,6.955,179,474.12,,,,
150352,1089,7.465,215,474.54,,,,
150518,1090,6.346,166,474.91,,,,
150747,1091,8.643,229,475.33,,,,
150923,1092,6.913,176,475.69,,,,
151115,1093,7.634,192,476.06,,,,
151325,1094,7.943,210,476.46,,,,
151513,1095,7.158,188,476.79,,,,
151721,1096,7.76,208,479.68,,,,
151919,1097,7.529,198,480.07,,,,
152172,1098,8.614,253,480.57,,,,
152410,1099,8.411,238,481.05,,,,
152633,1100,8.598,223,481.54,,,,
152838,1101,7.548,205,482.0,,,,
153041,1102,8.002,203,482.41,,,,
153248,1103,7.745,207,482.79,,,,
153456,1104,7.476,208,483.22,,,,
153654,1105,6.729,198,486.0,,,,
153877,1106,7.729,223,486.45,,,,
154102,1107,8.021,225,486.87,,,,
154320,1108,8.054,218,487.3,,,,
154525,1109,7.599,205,487.73,,,,
154735,1110,7.549,210,488.17,,,,
154971,1111,8.251,236,488.64,,,,
155182,1112,8.102,211,489.04,,,,
155416,1113,8.423,234,489.54,,,,
155633,1114,8.058,217,489.97,,,,
155825,1115,7.751,192,492.58,,,,
156001,1116,6.44,176,492.9,,,,
156220,1117,8.237,219,493.33,,,,
156403,1118,7.244,183,493.66,,,,
156618,1119,7.464,215,494.06,,,,
156863,1120,8.61,245,494.56,,,,
157062,1121,7.56,199,494.94,,,,
157275,1122,8.282,213,495.39,,,,
157503,1123,8.678,228,495.83,,,,
157695,1124,7.361,192,496.21,,,,
157878,1125,7.412,183,499.0,,,,
158055,1126,6.793,177,499.37,,,,
158213,1127,6.202,158,499.72,,,,
158427,1128,7.451,214,500.14,,,,
158647,1129,8.431,220,500.59,,,,
158881,1130,8.608,234,501.02,,,,
159089,1131,7.859,208,501.42,,,,
159285,1132,7.34,196,501.85,,,,
159513,1133,8.52,228,502.32,,,,
159672,1134,5.56,159,502.61,,,,
159893,1135,7.86,221,505.19,,,,
160080,1136,7.553,187,507.44,,,,
160343,1137,8.901,263,508.0,,,,
160565,1138,8.584,222,508.48,,,,
160765,1139,7.784,200,508.91,,,,
160991,1140,7.972,226,509.34,,,,
161199,1141,8.616,208,509.75,,,,
161417,1142,8.402,218,510.21,,,,
161640,1143,8.495,223,510.65,,,,
161839,1144,8.135,199,513.34,,,,
162036,1145,7.848,197,513.7,,,,
162269,1146,7.692,233,514.13,,,,
162457,1147,7.421,188,514.49,,,,
162642,1148,7.065,185,514.85,,,,
162848,1149,7.595,206,515.23,,,,
163044,1150,7.819,196,515.61,,,,
163233,1151,6.539,189,515.97,,,,
163479,1152,7.918,246,516.44,,,,
163691,1153,7.59,212,516.84,,,,
163887,1154,7.468,196,519.65,,,,
164131,1155,8.597,244,520.13,,,,
164324,1156,7.186,193,520.49,,,,
164516,1157,6.9,192,520.85,,,,
164695,1158,6.746,179,521.18,,,,
164917,1159,8.67,222,521.59,,,,
165129,1160,7.632,212,521.97,,,,
165348,1161,7.687,219,522.4,,,,
165536,1162,7.156,188,522.76,,,,
165713,1163,6.512,177,523.1,,,,
165946,1164,8.229,233,526.0,,,,
166139,1165,8.12,193,526.34,,,,
166307,1166,7.806,168,526.66,,,,
166510,1167,7.428,203,527.05,,,,
166706,1168,7.474,196,527.41,,,,
166911,1169,7.898,205,527.8,,,,
167118,1170,7.594,207,528.18,,,,
167308,1171,7.461,190,528.53,,,,
167496,1172,7.12,188,528.89,,,,
167652,1173,6.509,156,529.2,,,,
167851,1174,7.632,199,529.59,,,,
168300,1175,12.797,449,532.36,,,,
168475,1176,6.723,175,532.68,,,,
168640,1177,6.111,165,532.99,,,,
168847,1178,7.516,207,533.36,,,,
169051,1179,8.598,204,533.73,,,,
169256,1180,7.719,205,534.12,,,,
169470,1181,7.823,214,534.52,,,,
169692,1182,8.674,222,534.93,,,,
169927,1183,8.657,235,535.34,,,,
170183,1184,9.411,256,539.28,,,,
170380,1185,7.72,197,539.65,,,,
170578,1186,7.068,198,540.03,,,,
170745,1187,6.215,167,540.34,,,,
170944,1188,7.77,199,540.71,,,,
171162,1189,8.774,218,541.11,,,,
171342,1190,7.466,180,541.47,,,,
171572,1191,7.781,230,541.91,,,,
171760,1192,6.923,188,542.28,,,,
171978,1193,8.972,218,542.7,,,,
172176,1194,8.347,198,544.89,,,,
172364,1195,6.831,188,545.2,,,,
172578,1196,7.596,214,545.59,,,,
172763,1197,7.855,185,545.93,,,,
172946,1198,7.585,183,546.26,,,,
173135,1199,8.311,189,546.6,,,,
173356,1200,8.431,221,547.0,,,,
173560,1201,8.125,204,547.37,,,,
173771,1202,7.793,211,547.74,,,,
173984,1203,7.72,213,548.14,,,,
174202,1204,7.962,218,550.86,,,,
174417,1205,8.123,215,551.27,,,,
174630,1206,7.71,213,551.68,,,,
174837,1207,8.351,207,552.07,,,,
175041,1208,7.359,204,552.46,,,,
175248,1209,8.284,207,552.85,,,,
175458,1210,7.898,210,553.23,,,,
175649,1211,7.054,191,553.64,,,,
175848,1212,6.797,199,554.04,,,,
176029,1213,6.953,181,554.41,,,,
176220,1214,7.635,191,557.12,,,,
176427,1215,7.883,207,557.49,,,,
176651,1216,8.688,224,557.92,,,,
176843,1217,7.082,192,558.35,,,,
177082,1218,8.373,239,558.85,,,,
177268,1219,7.67,186,559.19,,,,
177459,1220,7.195,191,559.52,,,,
177630,1221,7.057,171,559.86,,,,
177848,1222,8.408,218,560.28,,,,
178069,1223,8.189,221,560.68,,,,
178286,1224,8.022,217,563.44,,,,
178486,1225,7.288,200,563.87,,,,
178669,1226,6.942,183,564.22,,,,
178856,1227,7.407,187,564.57,,,,
179104,1228,8.81,248,565.07,,,,
179285,1229,6.899,181,565.4,,,,
179513,1230,9.736,228,565.81,,,,
179761,1231,9.175,248,566.33,,,,
179971,1232,8.273,210,566.73,,,,
180159,1233,6.87,188,568.82,,,,
180393,1234,8.878,234,571.58,,,,
180563,1235,6.795,170,571.91,,,,
180769,1236,7.419,206,572.3,,,,
180977,1237,7.718,208,572.68,,,,
181203,1238,8.876,226,573.09,,,,
181388,1239,6.74,185,573.44,,,,
181583,1240,7.432,195,573.79,,,,
181819,1241,8.861,236,574.23,,,,
182043,1242,7.892,224,574.65,,,,
182233,1243,8.236,190,574.99,,,,
182414,1244,6.939,181,577.6,,,,
182628,1245,8.563,214,577.98,,,,
182820,1246,6.949,192,578.34,,,,
183094,1247,9.542,274,578.84,,,,
183252,1248,5.87,158,579.12,,,,
183466,1249,7.58,214,579.54,,,,
183665,1250,7.054,199,579.92,,,,
183903,1251,9.48,238,580.36,,,,
184105,1252,6.693,202,580.75,,,,
184342,1253,9.514,237,583.46,,,,
184552,1254,7.467,210,583.84,,,,
184779,1255,7.41,227,584.25,,,,
184985,1256,8.035,206,584.63,,,,
185203,1257,7.864,218,585.04,,,,
185424,1258,9.309,221,585.45,,,,
185584,1259,6.265,160,585.73,,,,
185777,1260,7.546,193,586.08,,,,
185952,1261,6.705,175,586.4,,,,
186129,1262,6.524,177,586.72,,,,
186322,1263,6.835,193,587.08,,,,
186547,1264,9.606,225,589.71,,,,
186757,1265,7.915,210,590.11,,,,
186975,1266,8.468,218,590.5,,,,
187158,1267,7.154,183,590.84,,,,
187352,1268,8.085,194,591.18,,,,
187561,1269,7.647,209,591.58,,,,
187788,1270,7.991,227,591.99,,,,
188026,1271,8.675,238,592.43,,,,
188250,1272,8.801,224,592.83,,,,
188445,1273,6.651,195,595.12,,,,
188637,1274,6.391,192,595.48,,,,
188878,1275,9.718,241,595.9,,,,
189080,1276,7.443,202,596.28,,,,
189298,1277,9.245,218,596.71,,,,
189502,1278,8.373,204,597.08,,,,
189695,1279,6.872,193,597.45,,,,
189930,1280,9.889,235,597.87,,,,
190122,1281,7.83,192,600.06,,,,
190328,1282,7.138,206,600.45,,,,
190519,1283,7.266,191,602.7,,,,
190715,1284,6.33,196,603.05,,,,
190948,1285,9.101,233,603.53,,,,
191177,1286,8.932,229,603.94,,,,
191370,1287,8.259,193,604.3,,,,
191555,1288,7.967,185,604.64,,,,
191762,1289,8.26,207,605.04,,,,
191959,1290,7.132,197,605.39,,,,
192187,1291,9.143,228,605.86,,,,
192388,1292,7.768,201,606.22,,,,
192616,1293,9.203,228,608.53,,,,
192808,1294,7.776,192,608.87,,,,
192999,1295,8.244,191,609.21,,,,
193205,1296,7.184,206,609.59,,,,
193414,1297,7.71,209,609.97,,,,
193653,1298,9.756,239,610.42,,,,
193870,1299,7.745,217,610.82,,,,
194083,1300,8.051,213,611.21,,,,
194305,1301,8.354,222,611.63,,,,
194521,1302,8.366,216,612.04,,,,
194736,1303,8.117,215,614.95,,,,
194932,1304,7.919,196,615.3,,,,
195142,1305,8.219,210,615.66,,,,
195347,1306,7.395,205,616.01,,,,
195549,1307,7.175,202,616.36,,,,
195833,1308,10.151,284,616.85,,,,
195990,1309,6.104,157,617.13,,,,
196198,1310,7.643,208,617.5,,,,
196433,1311,8.274,235,617.93,,,,
196638,1312,7.204,205,620.79,,,,
196870,1313,7.564,232,621.23,,,,
197090,1314,8.53,220,621.66,,,,
197284,1315,7.214,194,622.01,,,,
197456,1316,5.381,172,622.32,,,,
197655,1317,7.815,199,622.72,,,,
197885,1318,9.457,230,623.13,,,,
198112,1319,9.164,227,623.54,,,,
198314,1320,7.922,202,623.9,,,,
198498,1321,6.954,184,624.24,,,,
198707,1322,8.0,209,627.02,,,,
198925,1323,9.506,218,627.46,,,,
199153,1324,8.364,228,627.89,,,,
199347,1325,7.873,194,628.27,,,,
199541,1326,7.749,194,628.63,,,,
199715,1327,7.479,174,628.95,,,,
199920,1328,7.727,205,629.36,,,,
200126,1329,9.581,206,631.78,,,,
200346,1330,8.16,220,632.19,,,,
200553,1331,7.68,207,632.56,,,,
200776,1332,7.483,223,635.59,,,,
201001,1333,8.051,225,636.0,,,,
201249,1334,8.661,248,636.45,,,,
201468,1335,8.184,219,636.87,,,,
201688,1336,7.837,220,637.27,,,,
201999,1337,10.685,311,637.9,,,,
202199,1338,8.05,200,638.27,,,,
202409,1339,8.03,210,638.67,,,,
202614,1340,7.607,205,639.06,,,,
202827,1341,8.345,213,641.48,,,,
203023,1342,6.897,196,641.82,,,,
203229,1343,8.706,206,642.18,,,,
203428,1344,8.144,199,642.57,,,,
203681,1345,9.217,253,643.04,,,,
203856,1346,6.391,175,643.38,,,,
204074,1347,7.777,218,643.8,,,,
204287,1348,8.967,213,644.19,,,,
204515,1349,9.907,228,644.62,,,,
204746,1350,8.464,231,645.05,,,,
204984,1351,9.731,238,647.46,,,,
205181,1352,7.269,197,647.82,,,,
205519,1353,13.689,338,648.43,,,,
205729,1354,8.254,210,648.81,,,,
205916,1355,6.743,187,649.14,,,,
206147,1356,10.053,231,649.57,,,,
206420,1357,10.091,273,650.09,,,,
206609,1358,7.202,189,650.43,,,,
206859,1359,8.934,250,653.4,,,,
207051,1360,8.284,192,653.8,,,,
207275,1361,7.842,224,654.24,,,,
207526,1362,9.918,251,654.71,,,,
207718,1363,7.849,192,655.06,,,,
207908,1364,6.676,190,655.42,,,,
208118,1365,8.536,210,655.8,,,,
208356,1366,9.311,238,656.23,,,,
208632,1367,12.031,276,656.73,,,,
208823,1368,8.139,191,657.08,,,,
209031,1369,8.154,208,659.62,,,,
209383,1370,10.317,352,660.27,,,,
209584,1371,6.914,201,660.66,,,,
209781,1372,7.466,197,661.02,,,,
209982,1373,7.72,201,661.41,,,,
210204,1374,8.864,222,663.85,,,,
210396,1375,7.438,192,664.2,,,,
210639,1376,8.331,243,664.64,,,,
210845,1377,7.307,206,665.06,,,,
211018,1378,5.692,173,667.59,,,,
211212,1379,8.345,194,667.93,,,,
211388,1380,6.76,176,668.25,,,,
211589,1381,7.468,201,668.62,,,,
211815,1382,9.237,226,669.03,,,,
212021,1383,9.488,206,669.39,,,,
212260,1384,9.398,239,669.82,,,,
212482,1385,8.886,222,670.23,,,,
212683,1386,8.605,201,670.59,,,,
212902,1387,9.298,219,670.98,,,,
213082,1388,7.594,180,673.32,,,,
213302,1389,9.403,220,673.71,,,,
213506,1390,8.178,204,674.08,,,,
213771,1391,10.715,265,674.54,,,,
213978,1392,7.003,207,674.91,,,,
214165,1393,7.185,187,675.23,,,,
214403,1394,9.369,238,675.67,,,,
214620,1395,9.906,217,676.06,,,,
214826,1396,7.658,206,676.43,,,,
215039,1397,8.769,213,676.79,,,,
215273,1398,10.25,234,679.24,,,,
215509,1399,10.353,236,679.65,,,,
215745,1400,9.112,236,680.06,,,,
215947,1401,7.801,202,680.42,,,,
216227,1402,12.363,280,680.92,,,,
216496,1403,9.589,269,681.41,,,,
216715,1404,8.971,219,681.79,,,,
216904,1405,6.458,189,682.13,,,,
217118,1406,7.903,214,684.68,,,,
217370,1407,9.473,252,685.17,,,,
217600,1408,10.859,230,685.55,,,,
217783,1409,5.831,183,685.86,,,,
218040,1410,9.446,257,686.3,,,,
218260,1411,9.013,220,686.68,,,,
218566,1412,13.426,306,687.26,,,,
218758,1413,7.774,192,687.68,,,,
218994,1414,9.878,236,688.09,,,,
219167,1415,6.838,173,690.8,,,,
219384,1416,9.085,217,691.18,,,,
219583,1417,6.751,199,691.54,,,,
219802,1418,9.202,219,691.94,,,,
220043,1419,9.449,241,695.06,,,,
220238,1420,7.808,195,695.46,,,,
220422,1421,6.056,184,695.85,,,,
220647,1422,8.444,225,696.29,,,,
220870,1423,8.362,223,696.71,,,,
221115,1424,9.63,245,697.2,,,,
221304,1425,7.071,189,700.09,,,,
221497,1426,6.55,193,700.52,,,,
221714,1427,8.935,217,700.96,,,,
221922,1428,7.772,208,701.42,,,,
222092,1429,6.771,170,701.75,,,,
222267,1430,6.265,175,702.12,,,,
222493,1431,9.869,226,702.59,,,,
222670,1432,6.465,177,702.97,,,,
222897,1433,8.424,227,703.41,,,,
223105,1434,7.871,208,703.89,,,,
223320,1435,8.24,215,706.84,,,,
223494,1436,5.527,174,707.17,,,,
223704,1437,8.035,210,707.57,,,,
223927,1438,9.243,223,708.05,,,,
224273,1439,13.862,346,708.7,,,,
224486,1440,8.142,213,709.13,,,,
224715,1441,9.049,229,709.6,,,,
224914,1442,7.752,199,709.99,,,,
225076,1443,5.67,162,710.29,,,,
225293,1444,8.889,217,713.24,,,,
225536,1445,12.064,243,713.73,,,,
225779,1446,9.691,243,714.22,,,,
225954,1447,5.311,175,714.52,,,,
226173,1448,8.871,219,715.0,,,,
226368,1449,8.223,195,715.46,,,,
226602,1450,8.94,234,715.94,,,,
226864,1451,10.785,262,716.48,,,,
227086,1452,9.825,222,716.91,,,,
227301,1453,7.964,215,717.34,,,,
227509,1454,8.042,208,720.2,,,,
227724,1455,7.821,215,720.64,,,,
227924,1456,8.632,200,720.99,,,,
228127,1457,8.399,203,721.37,,,,
228351,1458,8.978,224,721.83,,,,
228584,1459,9.682,233,722.37,,,,
228806,1460,8.442,222,722.91,,,,
228952,1461,4.912,146,723.31,,,,
229198,1462,10.757,246,723.96,,,,
229470,1463,9.444,272,727.16,,,,
229668,1464,7.511,198,727.62,,,,
229897,1465,9.639,229,728.04,,,,
230081,1466,7.931,184,730.8,,,,
230334,1467,12.139,253,731.26,,,,
230631,1468,12.874,297,731.83,,,,
230884,1469,9.257,253,732.31,,,,
231244,1470,12.904,360,733.04,,,,
231460,1471,9.614,216,736.13,,,,
231630,1472,7.567,170,736.47,,,,
231881,1473,12.137,251,736.93,,,,
232101,1474,9.041,220,737.35,,,,
232316,1475,6.864,215,737.75,,,,
232637,1476,14.261,321,738.39,,,,
232939,1477,14.15,302,739.1,,,,
233161,1478,7.618,222,739.5,,,,
233354,1479,7.691,193,739.86,,,,
233580,1480,8.946,226,742.87,,,,
233802,1481,9.076,222,743.28,,,,
234073,1482,13.036,271,743.8,,,,
234292,1483,8.989,219,744.23,,,,
234495,1484,7.949,203,744.59,,,,
234701,1485,8.586,206,745.0,,,,
234987,1486,12.318,286,745.55,,,,
235225,1487,8.304,238,746.02,,,,
235442,1488,7.929,217,746.61,,,,
235730,1489,13.273,288,749.91,,,,
236066,1490,15.639,336,750.59,,,,
236294,1491,8.589,228,751.07,,,,
236519,1492,8.652,225,751.54,,,,
236709,1493,7.74,190,751.91,,,,
236873,1494,6.138,164,752.21,,,,
237069,1495,7.405,196,752.58,,,,
237298,1496,9.82,229,753.02,,,,
237535,1497,8.594,237,753.43,,,,
237744,1498,6.68,209,755.66,,,,
238068,1499,13.176,324,756.21,,,,
238331,1500,9.844,263,756.67,,,,
238539,1501,8.396,208,757.02,,,,
238829,1502,13.04,290,757.55,,,,
239045,1503,8.698,216,757.92,,,,
239367,1504,12.116,322,758.48,,,,
239586,1505,8.274,219,758.88,,,,
239789,1506,6.708,203,761.51,,,,
240000,1507,6.46,211,761.87,,,,
240302,1508,12.035,302,765.79,,,,
240537,1509,11.059,235,766.21,,,,
240762,1510,9.373,225,766.6,,,,
240966,1511,8.214,204,766.96,,,,
241162,1512,6.535,196,767.31,,,,
241532,1513,18.265,370,767.96,,,,
241712,1514,7.673,180,770.09,,,,
241947,1515,8.804,235,770.51,,,,
242263,1516,13.513,316,771.03,,,,
242649,1517,17.992,386,771.72,,,,
242879,1518,8.591,230,772.14,,,,
243049,1519,6.376,170,772.44,,,,
243336,1520,11.924,287,772.95,,,,
243596,1521,9.244,260,773.4,,,,
243865,1522,10.625,269,776.15,,,,
244121,1523,10.504,256,776.6,,,,
244353,1524,8.592,232,777.02,,,,
244621,1525,12.181,268,777.48,,,,
245019,1526,17.679,398,778.19,,,,
245238,1527,7.956,219,778.58,,,,
245720,1528,20.749,482,779.43,,,,
246145,1529,20.571,425,782.44,,,,
246388,1530,9.402,243,782.87,,,,
246543,1531,4.677,155,783.15,,,,
246745,1532,6.4,202,783.51,,,,
247251,1533,20.104,506,784.4,,,,
247474,1534,8.5,223,784.78,,,,
247748,1535,11.56,274,785.26,,,,
248051,1536,12.268,303,788.25,,,,
248313,1537,11.571,262,788.77,,,,
248504,1538,6.94,191,789.12,,,,
248826,1539,14.368,322,789.76,,,,
249103,1540,11.671,277,790.24,,,,
249338,1541,10.222,235,790.66,,,,
249546,1542,9.006,208,791.03,,,,
249757,1543,7.464,211,791.4,,,,
249945,1544,5.657,188,794.16,,,,
250289,1545,15.369,344,800.98,,,,
250664,1546,16.32,375,801.64,,,,
250875,1547,6.548,211,802.02,,,,
251071,1548,7.319,196,802.37,,,,
251479,1549,17.006,408,803.1,,,,
251702,1550,7.847,223,803.5,,,,
252246,1551,23.387,544,807.06,,,,
252838,1552,23.832,592,808.07,,,,
253086,1553,8.414,248,808.5,,,,
253326,1554,11.443,240,808.93,,,,
253781,1555,18.502,455,809.73,,,,
254375,1556,28.408,594,813.28,,,,
254746,1557,15.862,371,814.1,,,,
255030,1558,11.807,284,814.69,,,,
255321,1559,12.704,291,815.19,,,,
255715,1560,17.507,394,815.94,,,,
256081,1561,13.482,366,819.04,,,,
256245,1562,4.667,164,819.39,,,,
256714,1563,20.559,469,820.32,,,,
256969,1564,9.308,255,820.78,,,,
257398,1565,16.249,429,821.6,,,,
258061,1566,24.524,663,825.25,,,,
258784,1567,25.465,723,826.65,,,,
259322,1568,20.329,538,827.68,,,,
259658,1569,13.591,336,828.31,,,,
260658,1570,36.597,1000,839.14,,,,
261133,1571,18.322,475,839.99,,,,
261830,1572,24.797,697,841.35,,,,
261976,1573,4.209,146,841.61,,,,
262513,1574,21.218,537,844.84,,,,
263222,1575,25.672,709,846.22,,,,
263530,1576,12.712,308,846.84,,,,
263808,1577,8.378,278,847.41,,,,
264276,1578,19.615,468,850.45,,,,
264625,1579,15.186,349,851.11,,,,
264840,1580,5.022,215,851.54,,,,
265340,1581,19.213,500,852.54,,,,
265529,1582,6.039,189,852.89,,,,
266100,1583,24.636,571,854.01,,,,
266536,1584,13.0,436,856.94,,,,
267238,1585,18.494,702,858.39,,,,
268238,1586,37.004,1000,860.42,,,,
268513,1587,11.497,275,863.42,,,,
268780,1588,5.354,267,863.99,,,,
269780,1589,39.079,1000,866.06,,,,
270004,1590,8.115,224,869.1,,,,
270268,1591,9.321,264,869.64,,,,
270576,1592,12.542,308,872.62,,,,
270989,1593,16.333,413,873.38,,,,
271649,1594,27.517,660,874.57,,,,
272127,1595,18.285,478,875.43,,,,
272353,1596,6.8,226,875.88,,,,
272628,1597,10.743,275,878.75,,,,
272865,1598,7.365,237,879.21,,,,
273117,1599,9.651,252,879.66,,,,
273325,1600,6.904,208,880.03,,,,
274252,1601,36.884,927,881.77,,,,
274469,1602,7.253,217,884.0,,,,
274711,1603,6.92,242,884.44,,,,
274910,1604,6.806,199,884.8,,,,
275910,1605,33.916,1000,886.62,,,,
276201,1606,11.55,291,887.16,,,,
276396,1607,6.554,195,887.53,,,,
276602,1608,7.457,206,889.83,,,,
276829,1609,7.378,227,890.24,,,,
277092,1610,9.079,263,890.69,,,,
277594,1611,19.885,502,891.64,,,,
278365,1612,31.581,771,893.06,,,,
278680,1613,11.762,315,895.97,,,,
278891,1614,7.296,211,896.38,,,,
279378,1615,15.534,487,897.25,,,,
280378,1616,30.616,1000,904.1,,,,
280768,1617,15.242,390,906.68,,,,
281090,1618,11.944,322,907.24,,,,
282063,1619,31.633,973,909.04,,,,
282563,1620,19.812,500,909.99,,,,
282835,1621,9.112,272,912.84,,,,
283106,1622,10.689,271,913.34,,,,
283315,1623,7.072,209,913.74,,,,
283586,1624,8.612,271,914.25,,,,
283787,1625,7.341,201,914.64,,,,
284196,1626,13.503,409,915.37,,,,
284515,1627,11.713,319,915.96,,,,
284966,1628,12.731,451,919.19,,,,
285208,1629,8.115,242,919.66,,,,
285639,1630,16.864,431,920.43,,,,
286257,1631,20.155,618,921.57,,,,
287172,1632,31.207,915,925.69,,,,
287416,1633,9.109,244,926.16,,,,
287786,1634,11.304,370,926.83,,,,
288431,1635,18.194,645,928.02,,,,
288899,1636,14.224,468,931.25,,,,
289438,1637,20.74,539,932.27,,,,
289709,1638,9.258,271,932.75,,,,
290281,1639,16.808,572,936.36,,,,
290621,1640,12.313,340,936.98,,,,
290787,1641,3.825,166,937.29,,,,
291088,1642,10.731,301,939.79,,,,
291761,1643,23.987,673,941.01,,,,
292165,1644,13.359,404,941.79,,,,
292466,1645,9.632,301,942.37,,,,
293466,1646,31.174,1000,946.05,,,,
293670,1647,6.27,204,946.41,,,,
294031,1648,14.198,361,947.07,,,,
294282,1649,8.39,251,947.57,,,,
294578,1650,10.019,296,948.11,,,,
294954,1651,14.537,376,951.06,,,,
295253,1652,11.546,299,951.64,,,,
295460,1653,1.208,207,952.03,,,,
295954,1654,16.603,494,952.93,,,,
296771,1655,23.734,817,954.4,,,,
297634,1656,28.421,863,958.13,,,,
298044,1657,14.746,410,958.86,,,,
298333,1658,11.351,289,959.44,,,,
298885,1659,19.696,552,960.44,,,,
299800,1660,24.793,915,964.02,,,,
300286,1661,14.584,486,967.58,,,,
300819,1662,19.299,533,968.57,,,,
301212,1663,11.947,393,971.74,,,,
301562,1664,12.418,350,972.37,,,,
301938,1665,13.297,376,973.06,,,,
302177,1666,7.228,239,973.49,,,,
302580,1667,14.402,403,974.23,,,,
302799,1668,6.065,219,974.65,,,,
303302,1669,15.664,503,978.12,,,,
303800,1670,16.718,498,979.03,,,,
304189,1671,15.06,389,979.73,,,,
304642,1672,14.898,453,980.6,,,,
305045,1673,11.35,403,981.34,,,,
305286,1674,6.542,241,984.43,,,,
305814,1675,18.038,528,985.36,,,,
306137,1676,10.328,323,985.94,,,,
306537,1677,15.254,400,986.7,,,,
307130,1678,20.354,593,987.82,,,,
307490,1679,12.965,360,991.18,,,,
307659,1680,5.462,169,991.51,,,,
307970,1681,11.257,311,992.1,,,,
308526,1682,22.396,556,993.11,,,,
308825,1683,9.647,299,993.67,,,,
309234,1684,15.41,409,994.45,,,,
309458,1685,5.668,224,997.13,,,,
309918,1686,16.341,460,998.02,,,,
310332,1687,13.709,414,1001.32,,,,
311332,1688,30.018,1000,1005.7,,,,
311889,1689,19.554,557,1006.75,,,,
312696,1690,23.891,807,1008.23,,,,
313011,1691,11.497,315,1008.8,,,,
313534,1692,16.006,523,1011.68,,,,
314141,1693,21.116,607,1012.79,,,,
314506,1694,12.237,365,1013.44,,,,
315506,1695,30.904,1000,1017.16,,,,
315823,1696,11.339,317,1017.72,,,,
316135,1697,9.928,312,1018.33,,,,
316504,1698,13.951,369,1019.03,,,,
316820,1699,10.219,316,1019.65,,,,
317171,1700,12.821,351,1020.28,,,,
317599,1701,14.688,428,1023.44,,,,
318599,1702,34.353,1000,1025.23,,,,
319060,1703,15.621,461,1026.05,,,,
319581,1704,19.395,521,1029.27,,,,
319995,1705,15.024,414,1030.0,,,,
320214,1706,6.197,219,1038.53,,,,
320429,1707,6.367,215,1038.92,,,,
320803,1708,13.078,374,1039.61,,,,
321371,1709,21.597,568,1040.65,,,,
321688,1710,10.452,317,1043.55,,,,
322095,1711,15.056,407,1044.3,,,,
322500,1712,13.497,405,1045.03,,,,
322755,1713,6.974,255,1045.5,,,,
323191,1714,13.894,436,1046.29,,,,
323361,1715,4.518,170,1046.58,,,,
323602,1716,6.767,241,1049.03,,,,
324108,1717,18.505,506,1049.9,,,,
325108,1718,29.502,1000,1051.69,,,,
325977,1719,29.473,869,1055.9,,,,
326345,1720,8.555,368,1056.62,,,,
326718,1721,11.988,373,1057.38,,,,
327718,1722,31.009,1000,1061.83,,,,
328127,1723,6.815,409,1062.75,,,,
328561,1724,11.28,434,1063.64,,,,
329233,1725,22.337,672,1064.92,,,,
329495,1726,7.229,262,1065.49,,,,
330460,1727,23.639,965,1076.2,,,,
331081,1728,15.113,621,1077.44,,,,
331333,1729,7.405,252,1077.94,,,,
332333,1730,32.466,1000,1082.42,,,,
332898,1731,19.31,565,1083.52,,,,
333898,1732,29.221,1000,1088.33,,,,
334112,1733,5.393,214,1088.84,,,,
334471,1734,12.792,359,1089.55,,,,
334783,1735,4.754,312,1090.32,,,,
335333,1736,15.157,550,1091.33,,,,
336333,1737,28.139,1000,1095.84,,,,
336629,1738,9.965,296,1096.48,,,,
336925,1739,9.208,296,1097.01,,,,
337515,1740,20.942,590,1098.08,,,,
337739,1741,5.273,224,1098.54,,,,
338091,1742,12.822,352,1102.1,,,,
338339,1743,7.138,248,1102.61,,,,
338751,1744,13.583,412,1103.76,,,,
339165,1745,5.991,414,1104.68,,,,
339803,1746,21.032,638,1106.06,,,,
340629,1747,28.69,826,1113.02,,,,
340919,1748,4.204,290,1113.54,,,,
341724,1749,24.889,805,1114.97,,,,
342174,1750,6.219,450,1117.79,,,,
342573,1751,12.701,399,1118.51,,,,
343469,1752,29.48,896,1120.1,,,,
343763,1753,2.03,294,1120.61,,,,
343956,1754,4.926,193,1120.95,,,,
344188,1755,6.244,232,1123.27,,,,
344710,1756,17.681,522,1124.18,,,,
345282,1757,19.844,572,1125.19,,,,
346164,1758,25.545,882,1128.98,,,,
346428,1759,4.153,264,1129.44,,,,
347169,1760,25.287,741,1130.75,,,,
347479,1761,10.168,310,1131.31,,,,
347824,1762,11.285,345,1131.94,,,,
348040,1763,1.15,216,1132.33,,,,
348583,1764,15.98,543,1135.58,,,,
349581,1765,32.213,998,1137.33,,,,
349861,1766,3.921,280,1137.83,,,,
350270,1767,14.068,409,1143.59,,,,
350666,1768,13.217,396,1144.3,,,,
351252,1769,17.692,586,1145.31,,,,
351649,1770,11.823,397,1146.02,,,,
352076,1771,14.484,427,1146.78,,,,
352723,1772,17.805,647,1150.48,,,,
353120,1773,12.704,397,1151.2,,,,
353759,1774,19.388,639,1152.36,,,,
354450,1775,17.757,691,1156.13,,,,
354870,1776,13.766,420,1156.86,,,,
355657,1777,22.42,787,1158.22,,,,
356503,1778,24.029,846,1162.3,,,,
356907,1779,14.119,404,1163.02,,,,
357271,1780,12.041,364,1163.66,,,,
358271,1781,28.526,1000,1165.43,,,,
358510,1782,7.816,239,1168.43,,,,
358970,1783,15.12,460,1169.25,,,,
359297,1784,11.533,327,1169.82,,,,
359841,1785,15.348,544,1170.79,,,,
360579,1786,22.284,738,1181.14,,,,
360905,1787,9.035,326,1181.75,,,,
361710,1788,23.428,805,1183.23,,,,
362710,1789,27.069,1000,1187.48,,,,
363442,1790,23.317,732,1188.85,,,,
363840,1791,12.279,398,1189.61,,,,
364260,1792,14.024,420,1190.4,,,,
364753,1793,17.012,493,1193.7,,,,
365450,1794,18.299,697,1195.03,,,,
366374,1795,28.882,924,1196.87,,,,
366574,1796,6.263,200,1197.22,,,,
367062,1797,15.926,488,1200.38,,,,
367563,1798,17.017,501,1201.31,,,,
367808,1799,5.758,245,1201.76,,,,
368430,1800,20.231,622,1202.92,,,,
368946,1801,14.101,516,1206.25,,,,
369203,1802,8.286,257,1206.7,,,,
369439,1803,4.193,236,1207.14,,,,
370218,1804,24.514,779,1214.35,,,,
370390,1805,4.906,172,1214.66,,,,
370637,1806,6.683,247,1215.18,,,,
370857,1807,6.724,220,1217.94,,,,
371204,1808,10.392,347,1218.67,,,,
371757,1809,15.348,553,1219.81,,,,
371939,1810,5.669,182,1220.17,,,,
372207,1811,7.901,268,1220.72,,,,
372389,1812,5.292,182,1221.07,,,,
372745,1813,11.463,356,1224.26,,,,
372962,1814,5.952,217,1224.73,,,,
373430,1815,12.898,468,1225.63,,,,
374085,1816,15.663,655,1226.95,,,,
374658,1817,16.594,573,1228.11,,,,
375001,1818,8.93,343,1231.14,,,,
375489,1819,18.246,488,1232.12,,,,
375702,1820,4.292,213,1232.53,,,,
375886,1821,5.279,184,1232.89,,,,
376800,1822,28.427,914,1234.58,,,,
377012,1823,5.46,212,1237.38,,,,
377731,1824,23.288,719,1238.7,,,,
378110,1825,12.881,379,1239.42,,,,
378304,1826,5.484,194,1239.79,,,,
378607,1827,9.723,303,1240.39,,,,
378987,1828,11.324,380,1243.31,,,,
379443,1829,14.409,456,1244.12,,,,
379643,1830,5.854,200,1244.47,,,,
379870,1831,6.113,227,1244.87,,,,
380419,1832,18.749,549,1251.28,,,,
380771,1833,10.294,352,1251.94,,,,
381674,1834,27.639,903,1255.82,,,,
382245,1835,17.405,571,1256.94,,,,
382809,1836,17.693,564,1257.99,,,,
383292,1837,13.457,483,1260.75,,,,
383619,1838,10.419,327,1261.32,,,,
384064,1839,11.454,445,1262.21,,,,
384546,1840,15.141,482,1263.11,,,,
384778,1841,6.256,232,1263.53,,,,
384994,1842,6.131,216,1263.96,,,,
385395,1843,13.164,401,1266.7,,,,
386197,1844,24.978,802,1268.11,,,,
386415,1845,7.748,218,1268.52,,,,
386933,1846,16.424,518,1269.56,,,,
387418,1847,15.975,485,1272.77,,,,
387874,1848,15.221,456,1273.6,,,,
388203,1849,9.695,329,1274.24,,,,
388571,1850,11.193,368,1274.91,,,,
388828,1851,6.46,257,1275.36,,,,
389134,1852,9.082,306,1278.32,,,,
389524,1853,12.77,390,1279.09,,,,
389994,1854,15.002,470,1279.94,,,,
390349,1855,13.156,355,1284.48,,,,
390659,1856,9.95,310,1285.06,,,,
391109,1857,14.607,450,1285.89,,,,
391710,1858,17.552,601,1289.44,,,,
391943,1859,5.822,233,1289.9,,,,
392221,1860,8.476,278,1290.4,,,,
392692,1861,14.734,471,1291.26,,,,
393130,1862,12.698,438,1292.08,,,,
393772,1863,19.553,642,1295.63,,,,
394228,1864,15.957,456,1296.48,,,,
394563,1865,11.412,335,1297.1,,,,
394833,1866,8.633,270,1297.6,,,,
395233,1867,11.42,400,1298.32,,,,
395746,1868,16.219,513,1301.41,,,,
395941,1869,5.205,195,1301.77,,,,
396286,1870,11.779,345,1302.43,,,,
396711,1871,13.619,425,1303.2,,,,
397271,1872,18.307,560,1304.24,,,,
397728,1873,14.364,457,1306.98,,,,
398049,1874,9.616,321,1307.54,,,,
398309,1875,8.221,260,1308.0,,,,
398722,1876,12.827,413,1308.78,,,,
399240,1877,16.383,518,1309.7,,,,
399825,1878,19.572,585,1313.04,,,,
400577,1879,22.167,752,1319.97,,,,
400834,1880,6.296,257,1320.44,,,,
401189,1881,10.761,355,1321.12,,,,
401380,1882,4.307,191,1321.46,,,,
401634,1883,7.847,254,1323.73,,,,
401935,1884,8.106,301,1324.29,,,,
402392,1885,14.591,457,1325.08,,,,
402952,1886,15.998,560,1326.14,,,,
403444,1887,14.888,492,1327.06,,,,
403871,1888,12.178,427,1329.72,,,,
404152,1889,7.984,281,1330.23,,,,
404444,1890,9.177,292,1330.77,,,,
404917,1891,14.935,473,1331.62,,,,
405273,1892,9.642,356,1332.25,,,,
405461,1893,5.323,188,1332.58,,,,
405804,1894,11.505,343,1335.78,,,,
406192,1895,12.495,388,1336.46,,,,
406434,1896,8.01,242,1336.89,,,,
406853,1897,14.038,419,1337.66,,,,
407084,1898,5.39,231,1338.08,,,,
407378,1899,8.527,294,1338.6,,,,
407766,1900,11.052,388,1341.91,,,,
408167,1901,10.579,401,1342.62,,,,
408556,1902,11.593,389,1343.31,,,,
408803,1903,8.096,247,1343.81,,,,
409176,1904,10.749,373,1344.54,,,,
409638,1905,14.283,462,1347.82,,,,
409944,1906,10.176,306,1348.39,,,,
410320,1907,8.758,376,1353.25,,,,
410653,1908,8.513,333,1353.88,,,,
410981,1909,10.647,328,1354.48,,,,
411229,1910,6.467,248,1354.94,,,,
411654,1911,12.675,425,1358.42,,,,
411952,1912,8.247,298,1358.98,,,,
412405,1913,15.199,453,1359.83,,,,
412900,1914,14.122,495,1360.76,,,,
413239,1915,11.355,339,1361.37,,,,
413493,1916,8.112,254,1361.84,,,,
413899,1917,13.212,406,1364.82,,,,
414392,1918,15.693,493,1365.74,,,,
414763,1919,11.38,371,1366.44,,,,
415135,1920,10.072,372,1367.11,,,,
415351,1921,5.438,216,1367.49,,,,
415827,1922,15.911,476,1370.26,,,,
416371,1923,15.946,544,1371.25,,,,
416681,1924,8.709,310,1371.83,,,,
417154,1925,14.518,473,1372.75,,,,
417681,1926,16.826,527,1373.72,,,,
418060,1927,11.58,379,1376.88,,,,
418419,1928,11.726,359,1377.53,,,,
418745,1929,10.645,326,1378.1,,,,
419029,1930,8.347,284,1378.67,,,,
419500,1931,14.988,471,1379.52,,,,
420240,1932,22.2,740,1390.18,,,,
420575,1933,10.612,335,1390.78,,,,
421002,1934,12.706,427,1391.56,,,,
421615,1935,19.469,613,1392.65,,,,
421962,1936,10.8,347,1395.31,,,,
422334,1937,12.149,372,1395.97,,,,
422716,1938,11.182,382,1396.67,,,,
422943,1939,7.062,227,1397.08,,,,
423310,1940,11.928,367,1397.73,,,,
423821,1941,15.338,511,1398.63,,,,
424274,1942,13.838,453,1401.43,,,,
424732,1943,14.192,458,1402.28,,,,
425124,1944,13.472,392,1402.99,,,,
425495,1945,10.313,371,1403.64,,,,
425850,1946,11.417,355,1404.28,,,,
426170,1947,9.552,320,1407.09,,,,
426664,1948,15.397,494,1407.97,,,,
426885,1949,5.674,221,1408.36,,,,
427236,1950,10.092,351,1409.0,,,,
427534,1951,7.603,298,1409.52,,,,
427858,1952,10.448,324,1410.1,,,,
428026,1953,4.847,168,1410.39,,,,
428454,1954,13.801,428,1413.55,,,,
428680,1955,7.455,226,1413.98,,,,
429114,1956,14.015,434,1414.79,,,,
429454,1957,10.013,340,1415.53,,,,
429816,1958,11.321,362,1416.23,,,,
430160,1959,10.203,344,1426.69,,,,
430418,1960,8.584,258,1427.19,,,,
430668,1961,7.694,250,1427.72,,,,
431011,1962,11.605,343,1428.51,,,,
431223,1963,5.443,212,1428.93,,,,
431643,1964,11.878,420,1429.73,,,,
431978,1965,11.024,335,1430.38,,,,
432212,1966,7.079,234,1433.38,,,,
432639,1967,12.315,427,1434.18,,,,
433108,1968,14.571,469,1435.14,,,,
433657,1969,16.63,549,1436.19,,,,
433955,1970,9.241,298,1436.75,,,,
434284,1971,9.308,329,1439.85,,,,
434669,1972,13.731,385,1440.76,,,,
435065,1973,13.842,396,1441.5,,,,
435282,1974,6.769,217,1441.95,,,,
435587,1975,9.238,305,1442.52,,,,
435984,1976,12.718,397,1443.22,,,,
436436,1977,14.354,452,1446.7,,,,
436943,1978,16.476,507,1447.77,,,,
437764,1979,22.203,821,1449.4,,,,
438082,1980,9.671,318,1450.16,,,,
438541,1981,14.889,459,1453.83,,,,
438842,1982,10.329,301,1454.53,,,,
439333,1983,15.172,491,1455.55,,,,
439727,1984,12.473,394,1456.27,,,,
440107,1985,10.689,380,1465.87,,,,
440558,1986,14.822,451,1469.24,,,,
441012,1987,14.374,454,1470.12,,,,
441355,1988,10.31,343,1470.83,,,,
441652,1989,7.709,297,1471.47,,,,
441851,1990,5.107,199,1471.9,,,,
442106,1991,7.925,255,1472.36,,,,
442320,1992,5.56,214,1472.75,,,,
442707,1993,12.034,387,1475.45,,,,
443197,1994,15.681,490,1476.32,,,,
443473,1995,8.137,276,1476.84,,,,
443834,1996,9.849,361,1477.52,,,,
444101,1997,8.442,267,1478.0,,,,
444429,1998,11.147,328,1480.87,,,,
444779,1999,10.58,350,1481.47,,,,
445238,2000,14.338,459,1482.29,,,,
445584,2001,10.453,346,1482.94,,,,
445975,2002,11.87,391,1483.66,,,,
446567,2003,18.847,592,1487.01,,,,
447041,2004,12.959,474,1487.88,,,,
447591,2005,15.031,550,1488.89,,,,
447876,2006,8.64,285,1489.41,,,,
448173,2007,9.719,297,1489.95,,,,
448453,2008,9.498,280,1490.46,,,,
448789,2009,12.17,336,1493.04,,,,
449150,2010,10.994,361,1493.69,,,,
449513,2011,11.54,363,1494.34,,,,
449970,2012,14.248,457,1495.18,,,,
450267,2013,8.417,297,1499.63,,,,
450640,2014,10.704,373,1502.58,,,,
450909,2015,8.23,269,1503.06,,,,
451253,2016,11.396,344,1503.67,,,,
451576,2017,10.717,323,1504.25,,,,
451907,2018,10.191,331,1504.85,,,,
452352,2019,12.646,445,1505.65,,,,
453211,2020,24.845,859,1509.71,,,,
453734,2021,16.155,523,1510.65,,,,
454036,2022,10.023,302,1511.2,,,,
454367,2023,10.705,331,1511.79,,,,
454753,2024,13.397,386,1514.89,,,,
455061,2025,8.603,308,1515.45,,,,
455415,2026,11.89,354,1516.1,,,,
455802,2027,10.597,387,1516.79,,,,
456075,2028,8.706,273,1517.33,,,,
456435,2029,11.177,360,1517.98,,,,
457082,2030,20.031,647,1521.65,,,,
457459,2031,11.651,377,1522.34,,,,
457798,2032,11.045,339,1522.95,,,,
458066,2033,8.709,268,1523.45,,,,
458354,2034,8.788,288,1523.96,,,,
458691,2035,9.7,337,1524.56,,,,
459125,2036,14.329,434,1527.91,,,,
459382,2037,7.233,257,1528.37,,,,
459791,2038,12.183,409,1529.12,,,,
460104,2039,9.701,313,1533.4,,,,
460734,2040,20.117,630,1534.51,,,,
461181,2041,14.836,447,1537.75,,,,
461486,2042,9.973,305,1538.42,,,,
461780,2043,9.914,294,1538.92,,,,
462140,2044,10.552,360,1539.65,,,,
462480,2045,11.036,340,1540.23,,,,
463073,2046,16.669,593,1543.33,,,,
463538,2047,15.291,465,1544.16,,,,
463916,2048,10.667,378,1544.92,,,,
464212,2049,9.602,296,1545.52,,,,
464570,2050,11.225,358,1546.27,,,,
464880,2051,9.597,310,1546.82,,,,
465352,2052,13.342,472,1549.73,,,,
465588,2053,8.043,236,1550.14,,,,
465998,2054,10.599,410,1550.89,,,,
466187,2055,6.106,189,1551.23,,,,
466531,2056,8.331,344,1551.81,,,,
466857,2057,9.913,326,1552.47,,,,
467092,2058,7.542,235,1555.34,,,,
467656,2059,16.791,564,1556.36,,,,
467826,2060,4.902,170,1556.65,,,,
467991,2061,4.866,165,1557.01,,,,
468498,2062,15.635,507,1557.94,,,,
468801,2063,9.142,303,1558.58,,,,
469210,2064,13.803,409,1561.26,,,,
469530,2065,10.079,320,1561.84,,,,
469966,2066,13.721,436,1562.71,,,,
470208,2067,8.026,242,1566.61,,,,
470535,2068,9.926,327,1567.27,,,,
471022,2069,14.936,487,1568.23,,,,
471376,2070,10.059,354,1571.41,,,,
471760,2071,12.39,384,1572.15,,,,
472061,2072,9.009,301,1572.8,,,,
472338,2073,6.509,277,1573.33,,,,
472656,2074,9.86,318,1573.97,,,,
472993,2075,9.855,337,1574.65,,,,
473509,2076,14.41,516,1578.26,,,,
473766,2077,8.453,257,1578.78,,,,
474089,2078,10.595,323,1579.45,,,,
474433,2079,11.348,344,1580.11,,,,
474931,2080,16.383,498,1581.11,,,,
475256,2081,9.897,325,1584.11,,,,
475912,2082,18.599,656,1585.45,,,,
476230,2083,8.26,318,1586.08,,,,
476689,2084,13.675,459,1586.95,,,,
477194,2085,15.631,505,1590.26,,,,
477652,2086,14.729,458,1591.16,,,,
478153,2087,14.787,501,1592.15,,,,
478426,2088,8.59,273,1592.68,,,,
478639,2089,4.96,213,1593.07,,,,
478973,2090,9.513,334,1593.68,,,,
479235,2091,7.897,262,1596.56,,,,
479916,2092,19.988,681,1597.88,,,,
480509,2093,18.054,593,1601.92,,,,
480715,2094,6.083,206,1602.34,,,,
480913,2095,5.184,198,1602.71,,,,
481254,2096,11.688,341,1603.36,,,,
481757,2097,15.128,503,1606.72,,,,
482241,2098,13.813,484,1607.62,,,,
482777,2099,15.839,536,1608.6,,,,
483319,2100,15.693,542,1609.57,,,,
483661,2101,9.57,342,1612.14,,,,
483989,2102,10.857,328,1612.71,,,,
484332,2103,11.986,343,1613.34,,,,
484859,2104,14.933,527,1614.34,,,,
485243,2105,11.39,384,1615.07,,,,
485479,2106,7.315,236,1617.75,,,,
485872,2107,12.484,393,1618.48,,,,
486374,2108,13.511,502,1619.45,,,,
486592,2109,6.583,218,1619.84,,,,
486892,2110,9.574,300,1620.35,,,,
487041,2111,4.031,149,1620.62,,,,
487477,2112,13.33,436,1623.3,,,,
487817,2113,8.495,340,1623.88,,,,
488531,2114,21.332,714,1625.21,,,,
488866,2115,10.39,335,1625.81,,,,
489587,2116,19.779,721,1629.0,,,,
489924,2117,11.609,337,1629.59,,,,
490219,2118,8.769,295,1632.51,,,,
490472,2119,7.828,253,1632.95,,,,
490728,2120,7.991,256,1633.41,,,,
491188,2121,13.786,460,1634.24,,,,
491452,2122,7.879,264,1634.73,,,,
491941,2123,14.487,489,1637.64,,,,
492458,2124,15.069,517,1638.62,,,,
492800,2125,10.536,342,1639.28,,,,
493007,2126,4.453,207,1639.66,,,,
493326,2127,10.656,319,1640.27,,,,
493696,2128,11.502,370,1643.21,,,,
494221,2129,15.494,525,1644.16,,,,
494833,2130,18.581,612,1645.35,,,,
495074,2131,7.809,241,1645.8,,,,
495443,2132,10.821,369,1646.45,,,,
495837,2133,11.724,394,1649.56,,,,
496107,2134,6.203,270,1650.09,,,,
496381,2135,7.623,274,1650.59,,,,
497018,2136,18.61,637,1651.79,,,,
497334,2137,9.498,316,1652.39,,,,
497691,2138,9.714,357,1655.32,,,,
498021,2139,10.169,330,1655.92,,,,
498299,2140,8.763,278,1656.45,,,,
498543,2141,7.837,244,1656.89,,,,
498878,2142,10.387,335,1657.52,,,,
499571,2143,20.166,693,1658.76,,,,
499918,2144,10.909,347,1661.73,,,,
500337,2145,12.333,419,1665.37,,,,
500724,2146,11.262,387,1666.1,,,,
501110,2147,9.885,386,1666.85,,,,
501457,2148,11.028,347,1667.49,,,,
501771,2149,10.335,314,1670.27,,,,
502260,2150,15.8,489,1671.16,,,,
502584,2151,8.22,324,1671.75,,,,
502773,2152,5.085,189,1672.1,,,,
503012,2153,7.125,239,1672.55,,,,
503371,2154,11.012,359,1673.21,,,,
503797,2155,10.994,426,1673.95,,,,
504032,2156,7.11,235,1676.45,,,,
504289,2157,7.497,257,1676.92,,,,
504638,2158,10.777,349,1677.56,,,,
504956,2159,10.455,318,1678.18,,,,
505159,2160,6.581,203,1678.56,,,,
505462,2161,8.503,303,1679.12,,,,
505667,2162,5.586,205,1679.5,,,,
506002,2163,11.124,335,1681.94,,,,
506378,2164,11.922,376,1682.62,,,,
506548,2165,4.702,170,1682.95,,,,
506883,2166,10.601,335,1683.56,,,,
507155,2167,8.173,272,1684.08,,,,
507520,2168,11.526,365,1684.77,,,,
508520,2169,28.338,1000,1689.28,,,,
508932,2170,11.801,412,1690.01,,,,
509195,2171,7.514,263,1690.49,,,,
509642,2172,14.882,447,1691.29,,,,
509945,2173,9.228,303,1691.87,,,,
510183,2174,7.699,238,1697.18,,,,
510565,2175,10.801,382,1697.87,,,,
510852,2176,8.0,287,1698.43,,,,
511274,2177,13.149,422,1699.22,,,,
511516,2178,7.839,242,1699.66,,,,
511923,2179,13.081,407,1700.39,,,,
512296,2180,10.122,373,1703.09,,,,
512585,2181,8.191,289,1703.57,,,,
512823,2182,7.379,238,1703.98,,,,
513084,2183,8.025,261,1704.47,,,,
513343,2184,7.648,259,1704.98,,,,
513660,2185,9.559,317,1705.54,,,,
513910,2186,7.806,250,1705.98,,,,
514287,2187,11.911,377,1709.17,,,,
514522,2188,6.957,235,1709.6,,,,
514714,2189,5.817,192,1709.94,,,,
515250,2190,15.457,536,1710.96,,,,
515557,2191,6.639,307,1711.52,,,,
515953,2192,11.848,396,1712.23,,,,
516264,2193,8.772,311,1715.21,,,,
516442,2194,5.35,178,1715.53,,,,
517156,2195,20.82,714,1716.83,,,,
517511,2196,10.705,355,1717.5,,,,
517821,2197,9.605,310,1718.07,,,,
518235,2198,11.923,414,1721.17,,,,
518514,2199,9.531,279,1721.68,,,,
518945,2200,13.694,431,1722.46,,,,
519724,2201,21.718,779,1723.96,,,,
520015,2202,9.739,291,1727.03,,,,
520378,2203,11.708,363,1729.64,,,,
520720,2204,8.431,342,1730.27,,,,
521071,2205,10.196,351,1730.93,,,,
521463,2206,12.412,392,1731.64,,,,
521792,2207,9.597,329,1732.23,,,,
521968,2208,4.992,176,1732.55,,,,
522344,2209,12.225,376,1735.8,,,,
522837,2210,13.884,493,1736.71,,,,
522987,2211,3.566,150,1736.98,,,,
523346,2212,10.025,359,1737.62,,,,
523729,2213,11.085,383,1738.34,,,,
523952,2214,6.955,223,1738.74,,,,
524126,2215,4.795,174,1739.06,,,,
524243,2216,1.513,117,1739.3,,,,
524547,2217,8.215,304,1742.35,,,,
524692,2218,3.7,145,1742.62,,,,
525153,2219,14.639,461,1743.42,,,,
525435,2220,7.605,282,1743.93,,,,
525738,2221,9.234,303,1744.47,,,,
525962,2222,5.505,224,1744.88,,,,
526268,2223,10.42,306,1745.41,,,,
526823,2224,17.013,555,1748.24,,,,
527347,2225,15.851,524,1749.18,,,,
527688,2226,10.424,341,1749.78,,,,
528199,2227,14.738,511,1750.71,,,,
528695,2228,14.583,496,1753.55,,,,
529140,2229,12.85,445,1754.35,,,,
529565,2230,13.242,425,1755.11,,,,
530303,2231,20.805,738,1758.87,,,,
530811,2232,14.721,508,1761.84,,,,
531210,2233,12.738,399,1762.54,,,,
531679,2234,13.284,469,1763.39,,,,
531910,2235,7.269,231,1763.81,,,,
532203,2236,8.943,293,1764.33,,,,
532527,2237,10.108,324,1767.13,,,,
532846,2238,8.816,319,1767.71,,,,
533241,2239,12.224,395,1768.43,,,,
533465,2240,5.393,224,1768.82,,,,
533641,2241,4.964,176,1769.14,,,,
533928,2242,8.61,287,1769.66,,,,
534124,2243,4.919,196,1770.0,,,,
534614,2244,14.359,490,1773.25,,,,
534919,2245,8.574,305,1773.96,,,,
535262,2246,10.212,343,1774.68,,,,
535604,2247,9.601,342,1775.33,,,,
535854,2248,7.418,250,1775.79,,,,
536247,2249,12.151,393,1776.52,,,,
536749,2250,13.973,502,1780.04,,,,
537107,2251,10.806,358,1780.78,,,,
537450,2252,11.488,343,1781.49,,,,
537766,2253,8.866,316,1782.08,,,,
538020,2254,8.084,254,1782.52,,,,
538348,2255,9.727,328,1783.22,,,,
538719,2256,10.566,371,1786.51,,,,
539027,2257,8.798,308,1787.19,,,,
539210,2258,4.787,183,1787.54,,,,
539700,2259,14.503,490,1788.46,,,,
539997,2260,8.726,297,1789.05,,,,
540285,2261,8.698,288,1792.21,,,,
540605,2262,8.876,320,1792.81,,,,
541002,2263,11.263,397,1796.14,,,,
541506,2264,14.35,504,1797.24,,,,
541831,2265,9.522,325,1797.91,,,,
542332,2266,15.772,501,1798.95,,,,
542733,2267,12.0,401,1802.32,,,,
543062,2268,8.758,329,1802.93,,,,
543303,2269,7.656,241,1803.36,,,,
543706,2270,11.437,403,1804.29,,,,
544216,2271,13.861,510,1805.26,,,,
544543,2272,9.425,327,1805.89,,,,
544894,2273,11.93,351,1809.24,,,,
545067,2274,4.477,173,1809.55,,,,
545391,2275,10.009,324,1810.15,,,,
545798,2276,13.671,407,1810.85,,,,
546150,2277,10.674,352,1811.62,,,,
546517,2278,10.766,367,1812.26,,,,
546861,2279,10.807,344,1815.56,,,,
547152,2280,8.57,291,1816.14,,,,
547485,2281,9.919,333,1816.75,,,,
547790,2282,8.132,305,1817.38,,,,
548235,2283,12.246,445,1818.18,,,,
548544,2284,9.595,309,1818.87,,,,
548906,2285,10.406,362,1822.36,,,,
549201,2286,7.904,295,1823.16,,,,
549722,2287,14.619,521,1824.43,,,,
550054,2288,11.696,332,1827.97,,,,
550351,2289,8.712,297,1828.52,,,,
550719,2290,10.656,368,1829.15,,,,
551080,2291,10.41,361,1832.42,,,,
551393,2292,9.28,313,1832.99,,,,
551669,2293,7.772,276,1833.48,,,,
551963,2294,9.488,294,1834.0,,,,
552327,2295,11.404,364,1834.67,,,,
552649,2296,9.399,322,1835.24,,,,
552965,2297,10.738,316,1837.64,,,,
553259,2298,8.743,294,1838.18,,,,
553583,2299,10.193,324,1838.73,,,,
554029,2300,13.967,446,1839.53,,,,
554397,2301,11.317,368,1840.2,,,,
554729,2302,10.494,332,1840.79,,,,
555201,2303,13.844,472,1843.73,,,,
555542,2304,9.772,341,1844.31,,,,
555869,2305,9.647,327,1844.89,,,,
556208,2306,9.576,339,1845.5,,,,
556538,2307,8.734,330,1846.1,,,,
556832,2308,8.731,294,1846.62,,,,
557198,2309,11.319,366,1849.29,,,,
557342,2310,3.898,144,1849.54,,,,
557699,2311,10.547,357,1850.18,,,,
558009,2312,8.652,310,1850.74,,,,
558259,2313,7.157,250,1851.19,,,,
558523,2314,7.124,264,1851.66,,,,
559014,2315,13.731,491,1852.56,,,,
559256,2316,7.58,242,1854.78,,,,
559522,2317,7.502,266,1855.24,,,,
559854,2318,10.036,332,1855.82,,,,
560200,2319,10.423,346,1858.6,,,,
560571,2320,10.403,371,1859.28,,,,
560836,2321,8.02,265,1859.77,,,,
561214,2322,11.059,378,1862.47,,,,
561559,2323,10.961,345,1863.06,,,,
561841,2324,7.523,282,1863.56,,,,
562084,2325,7.428,243,1864.0,,,,
562503,2326,11.842,419,1864.75,,,,
562861,2327,10.629,358,1865.4,,,,
563223,2328,11.484,362,1868.55,,,,
563549,2329,9.798,326,1869.13,,,,
563981,2330,13.949,432,1869.9,,,,
564207,2331,5.553,226,1870.3,,,,
564550,2332,10.499,343,1870.91,,,,
564868,2333,10.259,318,1871.47,,,,
565168,2334,8.053,300,1872.01,,,,
565493,2335,9.807,325,1875.15,,,,
565833,2336,10.458,340,1875.74,,,,
566064,2337,7.001,231,1876.14,,,,
566326,2338,8.031,262,1876.61,,,,
566632,2339,9.63,306,1877.16,,,,
566956,2340,8.896,324,1877.74,,,,
567521,2341,16.479,565,1881.29,,,,
567765,2342,7.465,244,1881.73,,,,
568087,2343,9.147,322,1882.3,,,,
568657,2344,15.715,570,1883.32,,,,
569007,2345,10.418,350,1883.95,,,,
569331,2346,9.765,324,1884.52,,,,
569662,2347,10.634,331,1887.62,,,,
569925,2348,7.147,263,1888.11,,,,
570197,2349,7.223,272,1890.95,,,,
570593,2350,11.844,396,1891.68,,,,
570954,2351,10.582,361,1892.35,,,,
571416,2352,13.864,462,1895.36,,,,
571682,2353,8.43,266,1895.87,,,,
571945,2354,8.501,263,1896.48,,,,
572366,2355,12.508,421,1897.22,,,,
572653,2356,9.028,287,1897.72,,,,
573033,2357,11.824,380,1898.39,,,,
573515,2358,15.064,482,1901.6,,,,
573862,2359,10.13,347,1902.24,,,,
574195,2360,9.331,333,1902.83,,,,
574535,2361,9.46,340,1903.49,,,,
574787,2362,7.398,252,1904.01,,,,
575160,2363,11.64,373,1904.7,,,,
575623,2364,13.657,463,1907.93,,,,
575905,2365,8.449,282,1908.44,,,,
576238,2366,10.898,333,1909.11,,,,
576854,2367,18.231,616,1910.38,,,,
577460,2368,16.297,606,1911.5,,,,
577801,2369,11.886,341,1914.22,,,,
578133,2370,9.829,332,1914.87,,,,
578372,2371,6.946,239,1915.31,,,,
578742,2372,9.819,370,1916.06,,,,
578937,2373,5.478,195,1916.4,,,,
579164,2374,6.969,227,1916.82,,,,
579712,2375,15.27,548,1919.95,,,,
579924,2376,5.162,212,1920.34,,,,
580163,2377,7.325,239,1924.01,,,,
580453,2378,8.427,290,1924.54,,,,
580969,2379,15.076,516,1925.58,,,,
581244,2380,8.799,275,1926.18,,,,
581548,2381,8.821,304,1926.77,,,,
581931,2382,11.443,383,1929.86,,,,
582229,2383,9.124,298,1930.43,,,,
582589,2384,10.59,360,1931.15,,,,
582855,2385,7.752,266,1931.71,,,,
583211,2386,11.55,356,1932.41,,,,
583531,2387,10.52,320,1933.08,,,,
583957,2388,13.109,426,1936.33,,,,
584178,2389,5.102,221,1936.73,,,,
584299,2390,2.13,121,1936.97,,,,
584598,2391,8.079,299,1937.53,,,,
584896,2392,8.545,298,1938.1,,,,
585236,2393,10.857,340,1938.76,,,,
585468,2394,6.947,232,1939.23,,,,
585725,2395,8.231,257,1939.77,,,,
585972,2396,6.658,247,1942.44,,,,
586295,2397,10.407,323,1943.03,,,,
586746,2398,13.003,451,1943.96,,,,
587039,2399,9.255,293,1944.6,,,,
587292,2400,6.895,253,1945.14,,,,
587606,2401,8.226,314,1945.8,,,,
587877,2402,7.18,271,1948.13,,,,
588228,2403,9.883,351,1948.71,,,,
588422,2404,6.233,194,1949.03,,,,
588713,2405,9.205,291,1949.52,,,,
589260,2406,15.364,547,1950.55,,,,
589566,2407,9.51,306,1951.15,,,,
589891,2408,10.939,325,1953.98,,,,
590214,2409,9.766,323,1957.04,,,,
590520,2410,9.535,306,1957.61,,,,
590742,2411,6.757,222,1958.03,,,,
590981,2412,7.547,239,1958.49,,,,
591289,2413,9.763,308,1959.07,,,,
591656,2414,10.841,367,1959.76,,,,
591968,2415,8.087,312,1962.73,,,,
592264,2416,8.932,296,1963.26,,,,
592560,2417,9.085,296,1963.8,,,,
592858,2418,9.073,298,1964.35,,,,
593063,2419,6.278,205,1964.72,,,,
593295,2420,6.787,232,1965.16,,,,
593573,2421,8.209,278,1965.68,,,,
593776,2422,5.879,203,1966.05,,,,
594147,2423,11.392,371,1969.06,,,,
594651,2424,14.913,504,1969.98,,,,
595037,2425,10.146,386,1970.68,,,,
595258,2426,5.86,221,1971.09,,,,
595744,2427,13.488,486,1971.97,,,,
596037,2428,9.651,293,1974.47,,,,
596377,2429,9.838,340,1975.08,,,,
596587,2430,6.497,210,1975.48,,,,
597230,2431,17.584,643,1976.72,,,,
597398,2432,4.546,168,1977.03,,,,
597737,2433,9.423,339,1977.73,,,,
598025,2434,9.268,288,1980.52,,,,
598533,2435,15.5,508,1981.5,,,,
599037,2436,14.155,504,1982.48,,,,
599309,2437,8.397,272,1983.01,,,,
599669,2438,11.473,360,1983.66,,,,
600036,2439,10.271,367,1986.9,,,,
600385,2440,10.361,349,1989.89,,,,
600688,2441,9.543,303,1990.47,,,,
600928,2442,6.927,240,1990.9,,,,
601087,2443,4.493,159,1991.2,,,,
601254,2444,4.065,167,1991.51,,,,
601458,2445,6.156,204,1991.89,,,,
601614,2446,3.983,156,1992.17,,,,
601927,2447,10.82,313,1992.74,,,,
602151,2448,7.097,224,1995.6,,,,
602472,2449,10.471,321,1996.2,,,,
602899,2450,12.884,427,1996.98,,,,
603229,2451,9.227,330,1997.56,,,,
603536,2452,9.406,307,1998.13,,,,
603839,2453,9.775,303,1998.67,,,,
604007,2454,4.486,168,1998.99,,,,
604396,2455,11.96,389,2002.11,,,,
604658,2456,8.303,262,2002.63,,,,
604901,2457,7.266,243,2003.08,,,,
605244,2458,11.396,343,2003.69,,,,
605563,2459,9.572,319,2004.33,,,,
605722,2460,4.321,159,2004.67,,,,
606017,2461,8.837,295,2005.2,,,,
606229,2462,6.37,212,2007.77,,,,
606564,2463,9.141,335,2008.37,,,,
606799,2464,7.173,235,2008.82,,,,
607163,2465,12.192,364,2009.49,,,,
607420,2466,7.815,257,2010.03,,,,
607606,2467,5.165,186,2010.36,,,,
607928,2468,10.666,322,2011.02,,,,
608059,2469,2.56,131,2011.3,,,,
608366,2470,9.442,307,2013.81,,,,
608707,2471,11.205,341,2014.43,,,,
608997,2472,8.384,290,2014.95,,,,
609352,2473,10.0,355,2015.58,,,,
609664,2474,9.238,312,2016.18,,,,
609887,2475,7.116,223,2016.6,,,,
610122,2476,7.409,235,2020.03,,,,
610563,2477,13.676,441,2022.69,,,,
610828,2478,7.862,265,2023.15,,,,
611120,2479,8.275,292,2023.67,,,,
611435,2480,9.708,315,2024.25,,,,
611763,2481,9.464,328,2024.86,,,,
612309,2482,15.534,546,2025.86,,,,
612513,2483,5.802,204,2028.12,,,,
613124,2484,16.46,611,2029.2,,,,
613534,2485,12.303,410,2029.93,,,,
613852,2486,10.354,318,2030.54,,,,
614171,2487,10.29,319,2031.13,,,,
614435,2488,8.711,264,2033.7,,,,
614849,2489,13.142,414,2034.42,,,,
615238,2490,13.193,389,2035.17,,,,
615605,2491,11.991,367,2035.86,,,,
615944,2492,9.748,339,2036.45,,,,
616314,2493,10.307,370,2037.1,,,,
616633,2494,9.424,319,2039.97,,,,
616964,2495,10.331,331,2040.61,,,,
617170,2496,5.474,206,2041.0,,,,
617528,2497,11.793,358,2041.64,,,,
617788,2498,7.782,260,2042.12,,,,
618074,2499,8.922,286,2042.63,,,,
618265,2500,5.227,191,2042.98,,,,
618621,2501,12.218,356,2045.93,,,,
618770,2502,3.891,149,2046.2,,,,
619093,2503,7.664,323,2046.79,,,,
619310,2504,6.419,217,2047.17,,,,
619525,2505,5.385,215,2047.55,,,,
619763,2506,7.306,238,2047.98,,,,
620039,2507,8.073,276,2051.38,,,,
620400,2508,11.701,361,2052.05,,,,
620755,2509,11.206,355,2055.25,,,,
621147,2510,11.487,392,2056.0,,,,
621360,2511,6.29,213,2056.41,,,,
621681,2512,9.044,321,2057.0,,,,
622048,2513,10.707,367,2057.67,,,,
622348,2514,8.54,300,2058.27,,,,
622515,2515,4.517,167,2058.57,,,,
622670,2516,3.686,155,2061.33,,,,
622949,2517,8.193,279,2061.84,,,,
623150,2518,6.001,201,2062.19,,,,
623593,2519,12.267,443,2062.99,,,,
623815,2520,6.562,222,2063.41,,,,
624261,2521,15.172,446,2064.24,,,,
624513,2522,7.31,252,2064.75,,,,
624970,2523,14.261,457,2067.8,,,,
625139,2524,4.513,169,2068.11,,,,
625310,2525,4.43,171,2068.4,,,,
625642,2526,9.915,332,2069.01,,,,
626128,2527,13.821,486,2069.93,,,,
626322,2528,5.251,194,2070.28,,,,
626638,2529,9.528,316,2070.86,,,,
626856,2530,1.262,218,2073.73,,,,
627162,2531,9.536,306,2074.29,,,,
627329,2532,4.096,167,2074.6,,,,
627652,2533,10.085,323,2075.2,,,,
627927,2534,8.72,275,2075.7,,,,
628213,2535,8.357,286,2076.23,,,,
628504,2536,8.86,291,2076.79,,,,
628786,2537,8.505,282,2079.51,,,,
629195,2538,13.022,409,2080.26,,,,
629493,2539,8.345,298,2080.78,,,,
629823,2540,10.131,330,2081.45,,,,
630056,2541,7.038,233,2085.56,,,,
630393,2542,9.209,337,2086.18,,,,
630637,2543,6.783,244,2086.63,,,,
630930,2544,8.386,293,2089.67,,,,
631190,2545,7.782,260,2090.14,,,,
631444,2546,8.139,254,2090.62,,,,
631767,2547,9.806,323,2091.19,,,,
631976,2548,5.56,209,2091.58,,,,
632291,2549,9.457,315,2092.18,,,,
632651,2550,11.634,360,2092.86,,,,
632832,2551,4.856,181,2093.24,,,,
633112,2552,8.344,280,2096.23,,,,
633320,2553,6.021,208,2096.64,,,,
633716,2554,11.284,396,2097.39,,,,
633970,2555,7.633,254,2097.84,,,,
634198,2556,6.753,228,2098.28,,,,
634454,2557,7.817,256,2098.75,,,,
634850,2558,10.797,396,2099.49,,,,
635128,2559,8.772,278,2102.42,,,,
635418,2560,9.699,290,2102.94,,,,
635673,2561,7.725,255,2103.41,,,,
635776,2562,1.747,103,2103.59,,,,
636001,2563,6.993,225,2103.98,,,,
636301,2564,10.188,300,2104.52,,,,
636609,2565,8.995,308,2105.08,,,,
637023,2566,13.122,414,2107.93,,,,
637594,2567,18.698,571,2108.95,,,,
637875,2568,7.457,281,2109.46,,,,
638200,2569,10.272,325,2110.03,,,,
638462,2570,8.296,262,2110.49,,,,
638767,2571,9.408,305,2111.04,,,,
639087,2572,8.916,320,2113.9,,,,
639287,2573,5.833,200,2114.27,,,,
639818,2574,14.967,531,2115.22,,,,
640180,2575,9.11,362,2118.72,,,,
640491,2576,8.92,311,2119.29,,,,
640775,2577,8.869,284,2119.81,,,,
641043,2578,7.165,268,2122.49,,,,
641166,2579,2.366,123,2122.71,,,,
641554,2580,11.692,388,2123.38,,,,
641826,2581,8.288,272,2123.85,,,,
642100,2582,7.987,274,2124.34,,,,
642262,2583,4.515,162,2124.64,,,,
642720,2584,15.211,458,2125.47,,,,
643124,2585,12.373,404,2128.34,,,,
643513,2586,11.916,389,2129.03,,,,
643656,2587,3.668,143,2129.29,,,,
643986,2588,10.937,330,2129.88,,,,
644175,2589,5.74,189,2130.22,,,,
644470,2590,9.865,295,2130.75,,,,
644783,2591,9.846,313,2131.33,,,,
645046,2592,8.157,263,2131.85,,,,
645299,2593,7.874,253,2134.8,,,,
645403,2594,2.057,104,2135.07,,,,
645666,2595,7.478,263,2135.58,,,,
645887,2596,6.818,221,2136.05,,,,
646062,2597,4.779,175,2136.44,,,,
646470,2598,12.171,408,2137.24,,,,
647002,2599,16.797,532,2138.19,,,,
647313,2600,9.285,311,2141.3,,,,
647650,2601,10.925,337,2141.96,,,,
647975,2602,10.693,325,2142.56,,,,
648259,2603,8.852,284,2143.16,,,,
648554,2604,8.812,295,2143.72,,,,
648787,2605,6.922,233,2144.14,,,,
649094,2606,8.926,307,2144.81,,,,
649395,2607,9.526,301,2147.89,,,,
649584,2608,5.426,189,2148.27,,,,
649988,2609,13.077,404,2148.99,,,,
650232,2610,7.894,244,2152.73,,,,
650552,2611,9.654,320,2153.42,,,,
651038,2612,15.59,486,2154.41,,,,
651219,2613,4.717,181,2154.79,,,,
651617,2614,13.128,398,2158.18,,,,
651906,2615,8.194,289,2158.73,,,,
652181,2616,7.845,275,2159.28,,,,
652458,2617,8.625,277,2159.87,,,,
652653,2618,5.636,195,2160.24,,,,
652960,2619,9.42,307,2160.85,,,,
653129,2620,4.885,169,2161.19,,,,
653547,2621,11.752,418,2164.58,,,,
653829,2622,8.89,282,2165.1,,,,
654245,2623,13.502,416,2165.93,,,,
654548,2624,9.295,303,2166.6,,,,
654742,2625,5.6,194,2166.96,,,,
655007,2626,8.164,265,2167.54,,,,
655296,2627,8.771,289,2168.19,,,,
655686,2628,12.645,390,2171.62,,,,
656031,2629,10.5,345,2172.26,,,,
656500,2630,13.913,469,2173.13,,,,
656877,2631,11.494,377,2173.82,,,,
657291,2632,11.833,414,2174.7,,,,
657587,2633,8.471,296,2177.99,,,,
657945,2634,10.908,358,2178.73,,,,
658277,2635,10.057,332,2179.38,,,,
658498,2636,6.51,221,2179.8,,,,
658820,2637,10.325,322,2180.38,,,,
659009,2638,4.91,189,2180.72,,,,
659471,2639,12.924,462,2184.52,,,,
659873,2640,13.258,402,2185.27,,,,
660068,2641,5.299,195,2190.38,,,,
660360,2642,8.962,292,2190.96,,,,
660744,2643,12.71,384,2191.73,,,,
661034,2644,8.765,290,2192.24,,,,
661235,2645,6.18,201,2192.61,,,,
661500,2646,8.0,265,2193.07,,,,
661824,2647,9.963,324,2195.97,,,,
661919,2648,1.88,95,2196.14,,,,
662144,2649,6.362,225,2196.54,,,,
662501,2650,11.121,357,2197.16,,,,
662822,2651,9.835,321,2197.75,,,,
663131,2652,9.117,309,2198.33,,,,
663563,2653,13.898,432,2200.91,,,,
663848,2654,8.105,285,2201.41,,,,
664061,2655,5.918,213,2201.77,,,,
664148,2656,1.539,87,2201.91,,,,
664479,2657,10.034,331,2202.49,,,,
664738,2658,7.49,259,2202.95,,,,
665078,2659,9.813,340,2203.56,,,,
665377,2660,8.95,299,2204.06,,,,
665676,2661,8.86,299,2206.53,,,,
665939,2662,7.354,263,2206.98,,,,
666356,2663,12.822,417,2207.72,,,,
666713,2664,10.264,357,2208.33,,,,
667110,2665,11.273,397,2209.02,,,,
667380,2666,7.501,270,2209.52,,,,
667593,2667,6.344,213,2209.88,,,,
667775,2668,5.052,182,2212.51,,,,
667922,2669,4.04,147,2212.77,,,,
668542,2670,20.815,620,2213.83,,,,
668905,2671,11.116,363,2214.46,,,,
669327,2672,12.676,422,2215.17,,,,
669725,2673,11.691,398,2218.03,,,,
670017,2674,9.584,292,2224.26,,,,
670198,2675,5.003,181,2224.58,,,,
670523,2676,9.454,325,2225.19,,,,
670973,2677,14.672,450,2225.97,,,,
671158,2678,5.428,185,2226.29,,,,
671482,2679,9.649,324,2226.87,,,,
671940,2680,15.47,458,2230.15,,,,
672219,2681,8.477,279,2230.64,,,,
672498,2682,8.377,279,2231.12,,,,
672820,2683,8.917,322,2231.67,,,,
673044,2684,6.349,224,2232.06,,,,
673222,2685,4.674,178,2232.35,,,,
673565,2686,11.062,343,2232.95,,,,
673867,2687,9.574,302,2236.09,,,,
674058,2688,5.56,191,2236.41,,,,
674222,2689,3.562,164,2236.69,,,,
674472,2690,8.073,250,2237.12,,,,
674742,2691,8.706,270,2237.58,,,,
675068,2692,9.873,326,2238.14,,,,
675269,2693,5.385,201,2238.48,,,,
675535,2694,8.107,266,2238.93,,,,
675918,2695,10.778,383,2242.19,,,,
676515,2696,17.809,597,2243.22,,,,
676952,2697,13.098,437,2244.0,,,,
677329,2698,10.625,377,2244.67,,,,
677649,2699,8.627,320,2245.23,,,,
678042,2700,11.811,393,2248.4,,,,
678590,2701,17.214,548,2249.34,,,,
679003,2702,12.472,413,2250.06,,,,
679469,2703,15.032,466,2250.91,,,,
679929,2704,15.404,460,2251.71,,,,
680673,2705,21.287,744,2259.42,,,,
680881,2706,6.075,208,2259.78,,,,
681399,2707,16.785,518,2260.78,,,,
681713,2708,9.241,314,2261.43,,,,
682016,2709,8.698,303,2264.35,,,,
682238,2710,5.43,222,2264.76,,,,
682898,2711,21.394,660,2265.96,,,,
683297,2712,11.592,399,2266.69,,,,
683630,2713,9.55,333,2267.28,,,,
684105,2714,15.314,475,2270.6,,,,
684780,2715,20.118,675,2271.85,,,,
685007,2716,6.373,227,2272.25,,,,
685989,2717,31.49,982,2274.03,,,,
686102,2718,2.096,113,2276.13,,,,
686794,2719,21.289,692,2277.49,,,,
687054,2720,8.733,260,2278.03,,,,
687236,2721,5.203,182,2278.35,,,,
687467,2722,6.897,231,2278.8,,,,
687554,2723,1.576,87,2278.97,,,,
688146,2724,19.543,592,2281.98,,,,
688390,2725,7.251,244,2282.48,,,,
688725,2726,9.048,335,2283.1,,,,
688933,2727,5.697,208,2283.52,,,,
689288,2728,9.621,355,2284.24,,,,
689613,2729,9.757,325,2284.84,,,,
690218,2730,17.84,605,2295.56,,,,
690531,2731,9.311,313,2296.16,,,,
690614,2732,1.588,83,2296.32,,,,
691211,2733,16.483,597,2297.57,,,,
691386,2734,5.081,175,2297.98,,,,
691526,2735,2.682,140,2298.23,,,,
691859,2736,9.81,333,2298.91,,,,
691936,2737,1.371,77,2299.06,,,,
692245,2738,9.011,309,2301.91,,,,
692679,2739,12.342,434,2302.73,,,,
692815,2740,3.438,136,2303.01,,,,
693056,2741,7.094,241,2303.48,,,,
693437,2742,11.514,381,2304.29,,,,
693536,2743,1.685,99,2304.5,,,,
693861,2744,8.452,325,2305.11,,,,
694011,2745,2.873,150,2305.41,,,,
694206,2746,5.709,195,2305.83,,,,
695047,2747,26.961,841,2309.79,,,,
695243,2748,5.578,196,2310.18,,,,
696243,2749,28.395,1000,2312.2,,,,
696584,2750,10.542,341,2315.11,,,,
697416,2751,25.243,832,2316.63,,,,
697668,2752,7.441,252,2317.11,,,,
698278,2753,18.475,610,2318.21,,,,
698826,2754,17.501,548,2321.11,,,,
699381,2755,17.885,555,2322.14,,,,
699807,2756,12.512,426,2322.93,,,,
700570,2757,22.815,763,2334.59,,,,
700823,2758,7.747,253,2335.09,,,,
701007,2759,4.808,184,2335.49,,,,
701599,2760,17.978,592,2336.58,,,,
701803,2761,5.463,204,2336.95,,,,
701984,2762,4.747,181,2337.27,,,,
702309,2763,9.995,325,2337.85,,,,
702543,2764,7.029,234,2340.47,,,,
703484,2765,27.636,941,2342.17,,,,
703758,2766,8.28,274,2342.75,,,,
703962,2767,5.287,204,2343.15,,,,
704150,2768,5.036,188,2343.52,,,,
704522,2769,11.97,372,2346.68,,,,
705180,2770,19.993,658,2347.94,,,,
705657,2771,14.022,477,2348.81,,,,
706030,2772,11.484,373,2349.49,,,,
706209,2773,4.669,179,2349.82,,,,
706506,2774,8.465,297,2350.36,,,,
706634,2775,3.008,128,2353.03,,,,
706813,2776,5.008,179,2353.39,,,,
706975,2777,4.432,162,2353.73,,,,
707546,2778,17.59,571,2354.82,,,,
707807,2779,7.031,261,2355.32,,,,
708371,2780,18.782,564,2356.36,,,,
708791,2781,12.641,420,2359.5,,,,
709233,2782,14.451,442,2360.32,,,,
709557,2783,9.629,324,2360.95,,,,
709905,2784,9.857,348,2361.63,,,,
710753,2785,25.593,848,2374.41,,,,
710970,2786,6.356,217,2374.82,,,,
711169,2787,5.437,199,2375.18,,,,
711504,2788,9.152,335,2375.8,,,,
711918,2789,11.606,414,2376.54,,,,
712356,2790,13.066,438,2377.34,,,,
712569,2791,6.042,213,2377.72,,,,
712919,2792,10.311,350,2380.39,,,,
713299,2793,10.883,380,2381.05,,,,
713617,2794,8.001,318,2381.59,,,,
713934,2795,9.654,317,2382.16,,,,
714504,2796,16.333,570,2383.22,,,,
715315,2797,24.217,811,2387.01,,,,
715776,2798,14.623,461,2387.86,,,,
716123,2799,9.967,347,2388.48,,,,
716415,2800,8.288,292,2389.04,,,,
717152,2801,21.85,737,2392.28,,,,
717593,2802,13.413,441,2393.08,,,,
717920,2803,10.127,327,2393.73,,,,
718112,2804,5.22,192,2394.1,,,,
718283,2805,4.422,171,2394.4,,,,
718601,2806,9.943,318,2394.97,,,,
718896,2807,8.997,295,2397.39,,,,
719402,2808,13.874,506,2398.29,,,,
719787,2809,11.24,385,2398.98,,,,
720706,2810,27.063,919,2409.39,,,,
721673,2811,27.227,967,2413.15,,,,
722673,2812,28.782,1000,2414.98,,,,
723052,2813,12.156,379,2418.37,,,,
724052,2814,28.509,1000,2420.29,,,,
724146,2815,1.614,94,2420.46,,,,
725146,2816,26.828,1000,2424.91,,,,
725347,2817,5.581,201,2425.28,,,,
725677,2818,10.137,330,2425.9,,,,
726677,2819,28.13,1000,2427.73,,,,
727230,2820,14.692,553,2431.3,,,,
727505,2821,7.963,275,2431.78,,,,
728447,2822,26.868,942,2433.58,,,,
728821,2823,10.668,374,2434.25,,,,
729108,2824,7.465,287,2437.04,,,,
729470,2825,11.616,362,2437.69,,,,
729650,2826,4.915,180,2438.0,,,,
730650,2827,27.349,1000,2448.21,,,,
730810,2828,4.086,160,2448.51,,,,
731111,2829,7.822,301,2449.07,,,,
731325,2830,5.915,214,2451.37,,,,
731576,2831,6.777,251,2451.81,,,,
731766,2832,5.173,190,2452.15,,,,
732173,2833,11.942,407,2452.91,,,,
732460,2834,8.537,287,2453.48,,,,
732537,2835,1.279,77,2453.62,,,,
732707,2836,4.187,170,2453.93,,,,
733218,2837,13.632,511,2457.41,,,,
733788,2838,15.869,570,2458.46,,,,
734030,2839,6.761,242,2458.89,,,,
734294,2840,7.835,264,2459.38,,,,
734438,2841,3.598,144,2459.65,,,,
735075,2842,17.606,637,2460.81,,,,
736075,2843,28.466,1000,2464.9,,,,
737018,2844,27.154,943,2466.6,,,,
737246,2845,5.942,228,2467.0,,,,
737544,2846,8.526,298,2469.43,,,,
738047,2847,14.842,503,2470.35,,,,
738689,2848,20.173,642,2471.5,,,,
739141,2849,12.831,452,2472.31,,,,
739600,2850,12.238,459,2475.15,,,,
740331,2851,21.211,731,2480.4,,,,
740556,2852,6.481,225,2480.82,,,,
740788,2853,7.153,232,2481.22,,,,
741149,2854,9.759,361,2481.88,,,,
742149,2855,29.766,1000,2485.85,,,,
742769,2856,18.507,620,2486.93,,,,
743175,2857,11.119,406,2487.65,,,,
743485,2858,8.161,310,2490.25,,,,
743959,2859,14.768,474,2491.07,,,,
744260,2860,9.626,301,2491.59,,,,
744767,2861,13.748,507,2492.56,,,,
745311,2862,17.179,544,2493.64,,,,
745634,2863,9.424,323,2496.71,,,,
745791,2864,4.298,157,2497.03,,,,
746725,2865,27.094,934,2498.87,,,,
746928,2866,5.447,203,2499.24,,,,
747581,2867,19.63,653,2502.91,,,,
747783,2868,5.375,202,2503.29,,,,
748066,2869,8.49,283,2503.87,,,,
748251,2870,5.104,185,2504.2,,,,
748525,2871,7.923,274,2504.81,,,,
748917,2872,11.216,392,2505.58,,,,
749309,2873,11.275,392,2506.33,,,,
749538,2874,6.613,229,2506.76,,,,
749929,2875,11.622,391,2510.04,,,,
750918,2876,27.699,989,2520.73,,,,
751260,2877,9.272,342,2521.43,,,,
751624,2878,10.831,364,2524.8,,,,
751735,2879,1.845,111,2525.05,,,,
751988,2880,7.385,253,2525.58,,,,
752070,2881,1.508,82,2525.76,,,,
752315,2882,6.919,245,2526.19,,,,
752506,2883,5.084,191,2526.55,,,,
752751,2884,7.377,245,2527.17,,,,
752963,2885,5.905,212,2527.57,,,,
753421,2886,13.562,458,2528.42,,,,
753701,2887,8.009,280,2531.56,,,,
754332,2888,18.616,631,2532.72,,,,
754519,2889,4.831,187,2533.04,,,,
755371,2890,25.025,852,2534.71,,,,
755741,2891,10.073,370,2538.13,,,,
756059,2892,9.425,318,2538.98,,,,
756263,2893,5.373,204,2539.41,,,,
756462,2894,5.004,199,2539.82,,,,
757462,2895,22.638,1000,2542.08,,,,
758462,2896,27.957,1000,2546.74,,,,
758650,2897,5.279,188,2547.14,,,,
758890,2898,5.913,240,2547.56,,,,
759373,2899,13.93,483,2548.49,,,,
759900,2900,15.705,527,2551.99,,,,
760297,2901,11.969,397,2560.3,,,,
760940,2902,18.206,643,2561.46,,,,
761125,2903,5.091,185,2561.79,,,,
761369,2904,7.052,244,2562.23,,,,
762369,2905,27.592,1000,2565.9,,,,
762748,2906,10.048,379,2566.54,,,,
763370,2907,17.676,622,2567.65,,,,
763615,2908,6.983,245,2568.09,,,,
763788,2909,4.552,173,2568.4,,,,
764788,2910,26.886,1000,2572.06,,,,
764927,2911,3.379,139,2572.3,,,,
765268,2912,10.866,341,2572.91,,,,
765452,2913,4.84,184,2573.25,,,,
765672,2914,6.256,220,2573.64,,,,
765873,2915,5.198,201,2573.99,,,,
766250,2916,11.557,377,2576.96,,,,
766888,2917,18.94,638,2578.14,,,,
767081,2918,5.053,193,2578.48,,,,
767264,2919,4.48,183,2578.8,,,,
767395,2920,2.744,131,2579.03,,,,
768395,2921,30.214,1000,2582.85,,,,
768614,2922,6.278,219,2583.24,,,,
768854,2923,6.85,240,2583.66,,,,
769721,2924,24.37,867,2585.21,,,,
769799,2925,1.439,78,2585.34,,,,
769996,2926,5.066,197,2585.7,,,,
770228,2927,6.11,232,2596.81,,,,
770622,2928,12.276,394,2597.5,,,,
771093,2929,15.206,471,2598.33,,,,
771533,2930,13.471,440,2599.14,,,,
771951,2931,12.256,418,2599.88,,,,
772143,2932,5.077,192,2602.66,,,,
773018,2933,25.689,875,2604.2,,,,
774018,2934,27.314,1000,2606.01,,,,
774429,2935,11.284,411,2609.27,,,,
774708,2936,8.457,279,2609.83,,,,
774995,2937,8.268,287,2610.35,,,,
775136,2938,3.564,141,2610.62,,,,
775552,2939,11.132,416,2611.35,,,,
776247,2940,20.628,695,2614.81,,,,
777247,2941,28.795,1000,2616.63,,,,
777440,2942,5.126,193,2617.0,,,,
778328,2943,24.931,888,2620.77,,,,
779328,2944,28.792,1000,2622.65,,,,
779594,2945,7.424,266,2623.21,,,,
779791,2946,5.193,197,2623.56,,,,
780065,2947,7.97,274,2632.7,,,,
781065,2948,30.531,1000,2636.68,,,,
781304,2949,6.258,239,2637.15,,,,
781952,2950,19.383,648,2638.42,,,,
782952,2951,28.652,1000,2642.77,,,,
783149,2952,5.129,197,2643.14,,,,
783358,2953,5.703,209,2643.55,,,,
783896,2954,15.465,538,2644.77,,,,
784119,2955,6.315,223,2645.17,,,,
784455,2956,9.321,336,2648.21,,,,
784689,2957,6.418,234,2648.68,,,,
785255,2958,15.436,566,2649.88,,,,
785623,2959,11.291,368,2650.54,,,,
785830,2960,5.862,207,2650.94,,,,
786057,2961,6.653,227,2651.35,,,,
787057,2962,29.163,1000,2655.57,,,,
788057,2963,28.871,1000,2657.56,,,,
788277,2964,6.167,220,2658.02,,,,
788508,2965,6.759,231,2660.9,,,,
789028,2966,15.733,520,2661.93,,,,
789653,2967,19.696,625,2663.14,,,,
790184,2968,16.819,531,2672.57,,,,
790963,2969,23.181,779,2675.99,,,,
791563,2970,17.68,600,2677.15,,,,
791841,2971,7.772,278,2677.68,,,,
792340,2972,15.374,499,2678.6,,,,
792557,2973,6.053,217,2678.99,,,,
792732,2974,4.721,175,2681.74,,,,
792990,2975,7.909,258,2682.21,,,,
793177,2976,4.966,187,2682.56,,,,
793564,2977,11.046,387,2683.27,,,,
793771,2978,5.526,207,2683.69,,,,
794285,2979,14.817,514,2684.66,,,,
794732,2980,12.426,447,2687.99,,,,
795619,2981,27.153,887,2689.64,,,,
795879,2982,7.519,260,2690.11,,,,
796611,2983,23.68,732,2691.47,,,,
797361,2984,22.475,750,2695.32,,,,
798361,2985,28.247,1000,2697.17,,,,
798882,2986,16.102,521,2700.57,,,,
799406,2987,15.317,524,2701.56,,,,
799549,2988,3.798,143,2701.82,,,,
799926,2989,11.198,377,2702.56,,,,
800226,2990,8.587,300,2709.27,,,,
800679,2991,13.695,453,2710.1,,,,
801300,2992,19.872,621,2713.29,,,,
801618,2993,9.485,318,2713.86,,,,
802030,2994,11.722,412,2714.61,,,,
802533,2995,14.724,503,2715.58,,,,
802933,2996,11.903,400,2718.58,,,,
803441,2997,14.926,508,2719.56,,,,
803932,2998,14.437,491,2720.46,,,,
804074,2999,3.436,142,2720.71,,,,
804670,3000,17.051,596,2721.89,,,,
805064,3001,11.019,394,2724.54,,,,
805413,3002,10.596,349,2725.15,,,,
805911,3003,16.606,498,2726.07,,,,
806186,3004,7.874,275,2726.62,,,,
806801,3005,19.127,615,2727.72,,,,
807070,3006,7.823,269,2730.28,,,,
807337,3007,7.32,267,2730.78,,,,
807782,3008,12.665,445,2731.59,,,,
808025,3009,7.195,243,2732.03,,,,
808258,3010,6.691,233,2732.46,,,,
808549,3011,8.53,291,2732.99,,,,
809098,3012,16.624,549,2736.36,,,,
809757,3013,20.582,659,2737.58,,,,
810117,3014,10.395,360,2744.56,,,,
810635,3015,13.612,518,2745.5,,,,
811192,3016,16.312,557,2748.9,,,,
811639,3017,13.551,447,2749.72,,,,
812618,3018,28.789,979,2751.52,,,,
813099,3019,13.994,481,2754.67,,,,
813496,3020,10.603,397,2755.41,,,,
814496,3021,23.732,1000,2757.22,,,,
815137,3022,19.328,641,2760.78,,,,
815571,3023,12.614,434,2761.56,,,,
815808,3024,6.796,237,2761.99,,,,
816024,3025,5.693,216,2762.39,,,,
816517,3026,14.829,493,2763.27,,,,
816856,3027,9.235,339,2763.9,,,,
817217,3028,9.998,361,2767.14,,,,
817470,3029,7.1,253,2767.63,,,,
817688,3030,5.55,218,2768.04,,,,
817923,3031,6.817,235,2768.47,,,,
818282,3032,10.42,359,2769.16,,,,
818642,3033,10.921,360,2769.87,,,,
819099,3034,14.204,457,2770.7,,,,
819565,3035,14.237,466,2774.12,,,,
819832,3036,7.62,267,2774.61,,,,
820832,3037,29.549,1000,2785.38,,,,
821832,3038,30.48,1000,2789.82,,,,
822194,3039,10.891,362,2790.47,,,,
822467,3040,7.728,273,2790.98,,,,
822778,3041,7.847,311,2791.53,,,,
823012,3042,6.358,234,2791.96,,,,
823401,3043,11.924,389,2794.69,,,,
823606,3044,5.59,205,2795.04,,,,
824155,3045,16.333,549,2796.14,,,,
824604,3046,12.777,449,2796.96,,,,
825057,3047,12.967,453,2797.78,,,,
825775,3048,22.904,718,2801.16,,,,
826775,3049,29.134,1000,2803.03,,,,
827280,3050,14.868,505,2803.96,,,,
827667,3051,10.402,387,2806.82,,,,
828471,3052,24.912,804,2808.24,,,,
828959,3053,13.625,488,2809.1,,,,
829344,3054,10.51,385,2809.81,,,,
829584,3055,7.002,240,2812.76,,,,
829929,3056,9.094,345,2813.39,,,,
830295,3057,10.47,366,2822.55,,,,
830902,3058,19.204,607,2823.68,,,,
831504,3059,18.45,602,2827.07,,,,
832109,3060,18.604,605,2828.12,,,,
832518,3061,11.502,409,2828.89,,,,
832771,3062,7.082,253,2829.33,,,,
832983,3063,5.598,212,2829.7,,,,
833575,3064,18.804,592,2832.77,,,,
833801,3065,6.26,226,2833.18,,,,
834188,3066,10.574,387,2833.85,,,,
834622,3067,13.39,434,2834.62,,,,
835324,3068,20.274,702,2835.88,,,,
835713,3069,10.533,389,2838.47,,,,
835873,3070,4.37,160,2838.73,,,,
836104,3071,6.501,231,2839.12,,,,
836556,3072,13.048,452,2839.89,,,,
837328,3073,23.586,772,2841.26,,,,
837634,3074,8.192,306,2843.99,,,,
838384,3075,21.785,750,2845.34,,,,
838673,3076,8.355,289,2845.87,,,,
838996,3077,9.84,323,2846.46,,,,
839426,3078,11.361,430,2847.21,,,,
839944,3079,14.273,518,2850.3,,,,
840308,3080,10.357,364,2858.18,,,,
840809,3081,16.075,501,2859.23,,,,
841128,3082,8.011,319,2859.92,,,,
841319,3083,5.059,191,2860.26,,,,
841659,3084,8.483,340,2860.97,,,,
842251,3085,17.742,592,2864.69,,,,
842649,3086,11.186,398,2865.53,,,,
843649,3087,29.368,1000,2867.6,,,,
844368,3088,21.181,719,2871.53,,,,
844905,3089,15.495,537,2872.68,,,,
845742,3090,25.111,837,2874.28,,,,
846073,3091,9.892,331,2877.47,,,,
846334,3092,7.57,261,2878.05,,,,
846838,3093,15.849,504,2879.06,,,,
847265,3094,13.25,427,2879.89,,,,
847888,3095,18.478,623,2883.7,,,,
848126,3096,7.183,238,2884.29,,,,
848643,3097,15.635,517,2885.25,,,,
848918,3098,7.679,275,2885.76,,,,
849094,3099,4.659,176,2886.07,,,,
849719,3100,17.326,625,2887.21,,,,
850719,3101,30.197,1000,2897.53,,,,
851403,3102,21.234,684,2898.83,,,,
851482,3103,1.314,79,2898.97,,,,
851962,3104,13.417,480,2899.9,,,,
852962,3105,31.588,1000,2903.82,,,,
853421,3106,14.061,459,2904.78,,,,
853748,3107,8.973,327,2905.49,,,,
854748,3108,30.965,1000,2909.81,,,,
854937,3109,4.842,189,2910.14,,,,
855937,3110,30.536,1000,2912.09,,,,
856607,3111,19.625,670,2915.72,,,,
856789,3112,5.083,182,2916.03,,,,
857217,3113,11.85,428,2916.8,,,,
857574,3114,11.314,357,2917.43,,,,
857792,3115,5.685,218,2917.81,,,,
858287,3116,14.454,495,2920.69,,,,
858836,3117,15.45,549,2921.63,,,,
859309,3118,14.473,473,2922.48,,,,
859395,3119,1.513,86,2922.67,,,,
859664,3120,7.537,269,2923.12,,,,
859739,3121,1.12,75,2923.25,,,,
859956,3122,5.885,217,2923.65,,,,
860179,3123,6.345,223,2933.17,,,,
860386,3124,5.257,207,2933.54,,,,
860698,3125,9.34,312,2934.09,,,,
861004,3126,9.356,306,2934.65,,,,
861154,3127,3.93,150,2934.93,,,,
862005,3128,25.86,851,2936.48,,,,
862257,3129,7.309,252,2939.3,,,,
862505,3130,7.384,248,2939.75,,,,
862929,3131,12.451,424,2940.52,,,,
863544,3132,18.588,615,2941.62,,,,
864132,3133,17.935,588,2942.69,,,,
864896,3134,23.676,764,2946.61,,,,
865816,3135,26.977,920,2948.28,,,,
866321,3136,14.751,505,2951.7,,,,
866569,3137,6.475,248,2952.16,,,,
866975,3138,11.132,406,2952.92,,,,
867215,3139,7.122,240,2953.36,,,,
867450,3140,6.786,235,2953.81,,,,
867692,3141,6.9,242,2954.28,,,,
868065,3142,11.307,373,2954.94,,,,
868542,3143,15.523,477,2958.28,,,,
868962,3144,12.0,420,2959.01,,,,
869344,3145,10.519,382,2959.7,,,,
869518,3146,4.574,174,2960.01,,,,
870060,3147,15.168,542,2969.04,,,,
870576,3148,15.772,516,2972.48,,,,
871159,3149,17.637,583,2973.55,,,,
871618,3150,13.061,459,2974.34,,,,
871888,3151,6.891,270,2974.83,,,,
872142,3152,7.175,254,2975.36,,,,
873142,3153,28.695,1000,2979.31,,,,
873337,3154,5.274,195,2979.66,,,,
873512,3155,4.707,175,2979.96,,,,
873925,3156,11.709,413,2980.71,,,,
874349,3157,13.868,424,2981.53,,,,
874783,3158,12.636,434,2984.54,,,,
875463,3159,20.544,680,2985.84,,,,
876020,3160,15.988,557,2986.82,,,,
876417,3161,11.312,397,2987.5,,,,
877417,3162,30.293,1000,2991.77,,,,
877852,3163,13.198,435,2992.58,,,,
878540,3164,19.457,688,2993.84,,,,
878951,3165,11.66,411,2997.01,,,,
879269,3166,8.757,318,2997.64,,,,
879850,3167,17.992,581,2998.73,,,,
880576,3168,21.545,726,3008.83,,,,
880780,3169,5.292,204,3011.39,,,,
881010,3170,6.276,230,3011.83,,,,
881515,3171,14.985,505,3012.78,,,,
881765,3172,7.058,250,3013.3,,,,
882304,3173,16.884,539,3014.37,,,,
883304,3174,30.673,1000,3018.83,,,,
883628,3175,10.211,324,3019.51,,,,
884009,3176,11.154,381,3020.21,,,,
884348,3177,9.629,339,3020.89,,,,
884818,3178,13.997,470,3024.18,,,,
885321,3179,14.058,503,3025.14,,,,
885518,3180,5.075,197,3025.53,,,,
886025,3181,14.792,507,3026.55,,,,
886798,3182,22.954,773,3030.58,,,,
887243,3183,13.443,445,3031.49,,,,
888243,3184,31.264,1000,3033.47,,,,
889052,3185,24.27,809,3037.04,,,,
889540,3186,13.606,488,3037.96,,,,
889908,3187,11.107,368,3038.63,,,,
890577,3188,21.152,669,3047.17,,,,
891095,3189,14.285,518,3050.52,,,,
891675,3190,18.015,580,3051.6,,,,
892675,3191,29.603,1000,3053.43,,,,
893675,3192,30.729,1000,3057.63,,,,
893922,3193,7.007,247,3058.09,,,,
894369,3194,13.562,447,3058.98,,,,
894574,3195,5.582,205,3059.35,,,,
894962,3196,10.735,388,3060.04,,,,
895211,3197,7.022,249,3062.66,,,,
895329,3198,2.655,118,3062.86,,,,
895926,3199,17.834,597,3063.98,,,,
896926,3200,29.412,1000,3065.94,,,,
897782,3201,25.146,856,3069.78,,,,
898131,3202,10.035,349,3070.41,,,,
898458,3203,8.843,327,3071.05,,,,
898777,3204,8.226,319,3071.63,,,,
899777,3205,30.048,1000,3075.88,,,,
900777,3206,29.968,1000,3086.15,,,,
901219,3207,12.885,442,3089.41,,,,
901400,3208,4.685,181,3089.74,,,,
902400,3209,31.326,1000,3091.61,,,,
902804,3210,12.916,404,3092.34,,,,
903443,3211,19.52,639,3095.9,,,,
904443,3212,30.242,1000,3097.77,,,,
904728,3213,8.349,285,3098.28,,,,
905131,3214,11.925,403,3099.01,,,,
906131,3215,29.177,1000,3102.66,,,,
907023,3216,25.228,892,3104.3,,,,
907353,3217,8.948,330,3106.83,,,,
908353,3218,30.403,1000,3108.68,,,,
909295,3219,28.597,942,3110.41,,,,
909614,3220,9.312,319,3113.2,,,,
909784,3221,4.507,170,3113.51,,,,
910784,3222,30.717,1000,3122.44,,,,
911192,3223,13.073,408,3123.2,,,,
911462,3224,7.785,270,3126.18,,,,
911714,3225,7.019,252,3126.66,,,,
912083,3226,10.482,369,3127.35,,,,
912413,3227,9.393,330,3127.95,,,,
912738,3228,9.167,325,3128.55,,,,
913738,3229,31.436,1000,3132.71,,,,
914149,3230,11.188,411,3133.45,,,,
914559,3231,11.267,410,3134.23,,,,
915501,3232,27.677,942,3138.59,,,,
915977,3233,13.604,476,3139.49,,,,
916737,3234,23.22,760,3140.91,,,,
917073,3235,9.471,336,3141.51,,,,
917579,3236,14.136,506,3145.13,,,,
917651,3237,1.059,72,3145.26,,,,
918251,3238,18.811,600,3146.37,,,,
918523,3239,7.545,272,3146.86,,,,
918798,3240,7.962,275,3147.35,,,,
918914,3241,2.606,116,3147.55,,,,
919544,3242,19.431,630,3148.75,,,,
919674,3243,3.017,130,3151.63,,,,
920197,3244,15.537,523,3160.69,,,,
921197,3245,30.363,1000,3162.5,,,,
922197,3246,28.986,1000,3166.87,,,,
922518,3247,8.453,321,3167.47,,,,
923120,3248,17.928,602,3168.57,,,,
924120,3249,29.457,1000,3172.29,,,,
924445,3250,9.547,325,3172.86,,,,
925126,3251,20.799,681,3174.16,,,,
925278,3252,3.447,152,3174.43,,,,
925757,3253,14.489,479,3177.26,,,,
925831,3254,1.12,74,3177.39,,,,
926428,3255,16.984,597,3178.46,,,,
926645,3256,6.103,217,3178.85,,,,
927037,3257,12.146,392,3179.6,,,,
927257,3258,5.863,220,3180.02,,,,
927806,3259,16.01,549,3183.34,,,,
928318,3260,15.066,512,3184.24,,,,
929318,3261,29.928,1000,3186.01,,,,
929970,3262,19.758,652,3189.31,,,,
930509,3263,15.61,539,3197.99,,,,
931084,3264,14.662,575,3199.03,,,,
931921,3265,25.334,837,3202.64,,,,
932921,3266,30.271,1000,3204.4,,,,
933338,3267,11.857,417,3205.15,,,,
934338,3268,30.827,1000,3208.97,,,,
934670,3269,9.443,332,3209.56,,,,
935295,3270,17.961,625,3210.66,,,,
936163,3271,25.152,868,3214.61,,,,
936889,3272,21.995,726,3216.03,,,,
937230,3273,9.649,341,3216.69,,,,
938230,3274,29.763,1000,3221.09,,,,
938572,3275,9.897,342,3221.88,,,,
938754,3276,3.771,182,3222.21,,,,
939087,3277,9.647,333,3222.89,,,,
939891,3278,24.077,804,3224.48,,,,
940863,3279,29.42,972,3234.47,,,,
940930,3280,0.983,67,3234.61,,,,
941437,3281,14.582,507,3235.71,,,,
941725,3282,7.907,288,3236.26,,,,
942440,3283,21.799,715,3240.15,,,,
942669,3284,6.738,229,3240.62,,,,
943332,3285,19.725,663,3241.91,,,,
943954,3286,19.812,622,3243.32,,,,
944854,3287,26.569,900,3248.1,,,,
945195,3288,9.458,341,3248.84,,,,
945579,3289,10.086,384,3249.54,,,,
946282,3290,22.033,703,3253.62,,,,
946562,3291,8.401,280,3254.18,,,,
947370,3292,24.487,808,3255.7,,,,
948200,3293,24.844,830,3257.45,,,,
948777,3294,16.728,577,3261.26,,,,
949777,3295,28.869,1000,3263.17,,,,
950240,3296,13.913,463,3271.81,,,,
950554,3297,8.661,314,3274.59,,,,
951294,3298,22.161,740,3275.88,,,,
951748,3299,13.18,454,3276.71,,,,
952131,3300,11.565,383,3277.38,,,,
952672,3301,15.548,541,3280.67,,,,
953152,3302,13.93,480,3281.53,,,,
953422,3303,7.542,270,3281.99,,,,
954417,3304,30.476,995,3285.88,,,,
955417,3305,30.523,1000,3287.67,,,,
955946,3306,15.264,529,3288.61,,,,
956946,3307,27.821,1000,3292.16,,,,
957273,3308,9.122,327,3292.74,,,,
958110,3309,26.101,837,3294.22,,,,
958898,3310,24.381,788,3297.86,,,,
959169,3311,7.445,271,3298.34,,,,
959355,3312,4.597,186,3298.67,,,,
960141,3313,22.548,786,3306.94,,,,
960342,3314,5.032,201,3307.29,,,,
960770,3315,13.386,428,3310.63,,,,
961027,3316,7.201,257,3311.09,,,,
961488,3317,13.663,461,3311.91,,,,
961725,3318,6.499,237,3312.35,,,,
961987,3319,7.112,262,3312.84,,,,
962284,3320,8.464,297,3313.36,,,,
962669,3321,11.154,385,3316.59,,,,
963669,3322,30.94,1000,3318.42,,,,
963923,3323,6.455,254,3318.89,,,,
964923,3324,30.003,1000,3323.15,,,,
965135,3325,5.431,212,3323.53,,,,
966135,3326,30.908,1000,3325.33,,,,
966648,3327,13.989,513,3326.28,,,,
967102,3328,12.255,454,3329.59,,,,
968003,3329,27.526,901,3331.23,,,,
969003,3330,29.839,1000,3334.94,,,,
969568,3331,15.861,565,3335.97,,,,
970568,3332,29.949,1000,3346.16,,,,
971448,3333,27.126,880,3349.61,,,,
972359,3334,27.697,911,3351.32,,,,
973359,3335,30.935,1000,3355.62,,,,
973726,3336,10.197,367,3356.39,,,,
974326,3337,17.373,600,3357.5,,,,
975149,3338,24.653,823,3361.43,,,,
975756,3339,18.304,607,3362.66,,,,
976349,3340,17.265,593,3363.89,,,,
976685,3341,10.489,336,3364.6,,,,
977685,3342,30.62,1000,3368.81,,,,
978022,3343,9.693,337,3369.48,,,,
978820,3344,23.98,798,3371.12,,,,
979214,3345,11.368,394,3374.15,,,,
979660,3346,13.252,446,3375.01,,,,
980069,3347,11.787,409,3384.4,,,,
981060,3348,28.425,991,3388.74,,,,
981296,3349,5.925,236,3389.27,,,,
981425,3350,2.956,129,3389.54,,,,
981659,3351,6.018,234,3390.02,,,,
981865,3352,5.625,206,3390.42,,,,
982343,3353,13.497,478,3391.41,,,,
982550,3354,5.605,207,3391.83,,,,
983410,3355,27.338,860,3395.78,,,,
983823,3356,11.931,413,3396.56,,,,
984082,3357,7.45,259,3397.04,,,,
984322,3358,5.981,240,3397.49,,,,
984512,3359,4.666,190,3397.83,,,,
984859,3360,9.414,347,3398.52,,,,
985048,3361,4.814,189,3398.89,,,,
985429,3362,10.831,381,3402.0,,,,
986029,3363,18.082,600,3403.09,,,,
986746,3364,21.265,717,3404.45,,,,
987117,3365,10.458,371,3405.19,,,,
987381,3366,7.028,264,3408.17,,,,
987609,3367,6.021,228,3408.62,,,,
987963,3368,8.993,354,3409.28,,,,
988161,3369,4.869,198,3409.66,,,,
988537,3370,10.71,376,3410.38,,,,
988607,3371,1.001,70,3410.52,,,,
988839,3372,6.422,232,3410.96,,,,
989375,3373,16.42,536,3414.4,,,,
989655,3374,8.015,280,3414.91,,,,
990655,3375,30.534,1000,3424.53,,,,
991234,3376,16.775,579,3427.82,,,,
991466,3377,6.37,232,3428.25,,,,
991537,3378,1.019,71,3428.37,,,,
991915,3379,10.384,378,3429.07,,,,
992189,3380,7.816,274,3429.59,,,,
993163,3381,31.064,974,3431.48,,,,
993529,3382,9.298,366,3434.0,,,,
994529,3383,29.823,1000,3435.77,,,,
994742,3384,5.521,213,3436.23,,,,
995043,3385,8.811,301,3436.79,,,,
995665,3386,17.831,622,3440.23,,,,
995942,3387,7.555,277,3440.73,,,,
996548,3388,17.846,606,3441.86,,,,
997548,3389,29.984,1000,3446.06,,,,
997744,3390,4.903,196,3446.42,,,,
998744,3391,29.675,1000,3448.35,,,,
999650,3392,26.681,906,3452.23,,,,
1000650,3393,30.321,1000,3461.91,,,,
1000956,3394,8.686,306,3462.48,,,,
1001094,3395,3.252,138,3462.74,,,,
