timestep,episode,episode_reward,episode_length,wall_time,critic_loss,actor_loss,alpha_loss,alpha
17,0,-6.161,17,0.01,,,,
32,1,1.776,15,0.01,,,,
58,2,5.852,26,0.01,,,,
68,3,-1.953,10,0.02,,,,
88,4,4.312,20,0.02,,,,
108,5,2.457,20,0.02,,,,
123,6,-2.279,15,0.02,,,,
145,7,1.817,22,0.03,,,,
168,8,-7.921,23,0.03,,,,
188,9,2.574,20,0.03,,,,
201,10,1.601,13,0.04,,,,
226,11,8.513,25,0.04,,,,
238,12,-0.496,12,0.04,,,,
279,13,18.701,41,0.05,,,,
302,14,-0.922,23,0.05,,,,
319,15,1.838,17,0.05,,,,
334,16,1.132,15,0.06,,,,
348,17,-5.227,14,0.06,,,,
377,18,7.094,29,0.06,,,,
398,19,-1.553,21,0.07,,,,
429,20,4.553,31,0.07,,,,
457,21,-0.476,28,0.08,,,,
479,22,7.029,22,0.08,,,,
506,23,-2.401,27,0.08,,,,
531,24,1.982,25,0.09,,,,
544,25,-0.039,13,0.09,,,,
560,26,0.701,16,0.09,,,,
590,27,12.605,30,0.1,,,,
623,28,6.598,33,0.11,,,,
654,29,1.722,31,0.11,,,,
687,30,3.879,33,0.12,,,,
715,31,6.716,28,0.12,,,,
735,32,-9.606,20,0.12,,,,
752,33,2.577,17,0.13,,,,
771,34,-8.078,19,0.13,,,,
787,35,0.959,16,0.13,,,,
803,36,2.971,16,0.13,,,,
815,37,2.289,12,0.14,,,,
847,38,7.232,32,0.14,,,,
872,39,5.392,25,0.15,,,,
890,40,0.387,18,0.15,,,,
919,41,16.014,29,0.15,,,,
935,42,2.085,16,0.16,,,,
952,43,0.654,17,0.16,,,,
966,44,-2.009,14,0.16,,,,
989,45,1.263,23,0.16,,,,
1013,46,-3.139,24,0.17,,,,
1025,47,-1.631,12,0.17,,,,
1046,48,2.596,21,0.17,,,,
1068,49,-6.567,22,0.18,,,,
1091,50,0.02,23,0.18,,,,
1115,51,4.091,24,0.18,,,,
1139,52,-12.184,24,0.19,,,,
1161,53,-1.242,22,0.19,,,,
1182,54,-1.382,21,0.2,,,,
1204,55,-0.846,22,0.2,,,,
1225,56,8.032,21,0.2,,,,
1236,57,-3.876,11,0.2,,,,
1246,58,-6.369,10,0.21,,,,
1276,59,11.497,30,0.21,,,,
1295,60,2.803,19,0.21,,,,
1312,61,1.314,17,0.22,,,,
1344,62,5.324,32,0.22,,,,
1361,63,-12.197,17,0.22,,,,
1383,64,-1.069,22,0.23,,,,
1398,65,-4.066,15,0.23,,,,
1413,66,2.338,15,0.23,,,,
1429,67,-4.536,16,0.23,,,,
1444,68,2.48,15,0.24,,,,
1467,69,-3.802,23,0.24,,,,
1484,70,-9.382,17,0.25,,,,
1496,71,0.577,12,0.25,,,,
1524,72,4.081,28,0.25,,,,
1554,73,3.214,30,0.26,,,,
1587,74,11.973,33,0.26,,,,
1611,75,2.953,24,0.27,,,,
1637,76,-5.706,26,0.27,,,,
1654,77,2.335,17,0.28,,,,
1673,78,-1.474,19,0.28,,,,
1697,79,4.156,24,0.28,,,,
1713,80,1.283,16,0.29,,,,
1731,81,-3.978,18,0.29,,,,
1750,82,-1.864,19,0.29,,,,
1761,83,0.612,11,0.29,,,,
1797,84,15.275,36,0.3,,,,
1826,85,4.336,29,0.3,,,,
1837,86,-3.128,11,0.3,,,,
1851,87,2.328,14,0.31,,,,
1868,88,1.796,17,0.31,,,,
1886,89,2.158,18,0.31,,,,
1928,90,18.759,42,0.32,,,,
1937,91,-1.431,9,0.32,,,,
1970,92,4.185,33,0.33,,,,
1990,93,-6.126,20,0.33,,,,
2009,94,-3.079,19,0.33,,,,
2031,95,-5.528,22,0.34,,,,
2051,96,4.838,20,0.34,,,,
2066,97,0.922,15,0.34,,,,
2078,98,-2.388,12,0.35,,,,
2117,99,15.33,39,0.35,,,,
2158,100,17.681,41,0.36,,,,
2174,101,4.644,16,0.36,,,,
2187,102,-5.875,13,0.37,,,,
2207,103,2.169,20,0.37,,,,
2227,104,7.119,20,0.38,,,,
2240,105,-0.487,13,0.38,,,,
2262,106,0.896,22,0.38,,,,
2298,107,11.947,36,0.39,,,,
2318,108,4.98,20,0.39,,,,
2343,109,-5.43,25,0.39,,,,
2365,110,-0.105,22,0.4,,,,
2379,111,-2.731,14,0.4,,,,
2399,112,0.268,20,0.4,,,,
2414,113,2.279,15,0.41,,,,
2429,114,-3.459,15,0.41,,,,
2442,115,1.017,13,0.41,,,,
2478,116,2.25,36,0.42,,,,
2491,117,-2.065,13,0.42,,,,
2503,118,0.764,12,0.42,,,,
2529,119,1.987,26,0.42,,,,
2545,120,-2.605,16,0.43,,,,
2564,121,-4.912,19,0.43,,,,
2589,122,5.004,25,0.43,,,,
2620,123,7.945,31,0.44,,,,
2640,124,5.043,20,0.44,,,,
2666,125,3.467,26,0.44,,,,
2691,126,2.693,25,0.45,,,,
2703,127,-0.842,12,0.45,,,,
2730,128,1.342,27,0.45,,,,
2772,129,0.516,42,0.46,,,,
2789,130,-2.489,17,0.46,,,,
2806,131,5.162,17,0.47,,,,
2822,132,3.328,16,0.47,,,,
2833,133,-0.627,11,0.47,,,,
2848,134,0.67,15,0.47,,,,
2865,135,4.678,17,0.48,,,,
2873,136,-3.836,8,0.48,,,,
2906,137,4.371,33,0.48,,,,
2940,138,14.775,34,0.49,,,,
2954,139,-0.348,14,0.49,,,,
2977,140,12.046,23,0.49,,,,
2990,141,-1.824,13,0.5,,,,
3010,142,-0.494,20,0.5,,,,
3029,143,6.281,19,0.5,,,,
3054,144,12.86,25,0.51,,,,
3072,145,4.324,18,0.51,,,,
3090,146,0.443,18,0.51,,,,
3116,147,4.159,26,0.52,,,,
3131,148,1.031,15,0.52,,,,
3149,149,2.775,18,0.52,,,,
3164,150,-0.766,15,0.53,,,,
3182,151,2.552,18,0.53,,,,
3198,152,0.821,16,0.53,,,,
3224,153,0.748,26,0.53,,,,
3237,154,0.776,13,0.54,,,,
3267,155,6.757,30,0.54,,,,
3298,156,8.319,31,0.55,,,,
3313,157,1.274,15,0.55,,,,
3351,158,23.97,38,0.56,,,,
3364,159,2.708,13,0.56,,,,
3401,160,17.652,37,0.56,,,,
3419,161,-9.506,18,0.57,,,,
3442,162,3.579,23,0.57,,,,
3452,163,-5.57,10,0.57,,,,
3474,164,-2.932,22,0.57,,,,
3484,165,-2.521,10,0.58,,,,
3502,166,3.522,18,0.58,,,,
3526,167,-3.38,24,0.58,,,,
3544,168,0.79,18,0.59,,,,
3568,169,-1.27,24,0.59,,,,
3578,170,-2.455,10,0.59,,,,
3600,171,5.426,22,0.6,,,,
3619,172,-2.518,19,0.6,,,,
3633,173,3.598,14,0.6,,,,
3662,174,16.224,29,0.61,,,,
3681,175,9.455,19,0.61,,,,
3698,176,-0.161,17,0.61,,,,
3739,177,-0.176,41,0.62,,,,
3759,178,-2.319,20,0.62,,,,
3776,179,2.09,17,0.63,,,,
3786,180,-3.828,10,0.63,,,,
3795,181,-5.081,9,0.63,,,,
3817,182,7.526,22,0.63,,,,
3826,183,-3.792,9,0.63,,,,
3840,184,-3.538,14,0.64,,,,
3850,185,-1.187,10,0.64,,,,
3859,186,-1.467,9,0.64,,,,
3878,187,-0.139,19,0.64,,,,
3902,188,5.944,24,0.65,,,,
3919,189,3.437,17,0.65,,,,
3947,190,1.032,28,0.65,,,,
3974,191,3.844,27,0.66,,,,
3988,192,-1.942,14,0.66,,,,
3999,193,0.133,11,0.66,,,,
4038,194,3.445,39,0.67,,,,
4054,195,-2.076,16,0.67,,,,
4078,196,6.305,24,0.68,,,,
4101,197,-6.601,23,0.68,,,,
4131,198,-2.154,30,0.68,,,,
4156,199,1.929,25,0.69,,,,
4169,200,1.89,13,0.69,,,,
4181,201,1.791,12,0.69,,,,
4201,202,-1.821,20,0.7,,,,
4213,203,-0.92,12,0.7,,,,
4221,204,-2.638,8,0.7,,,,
4234,205,-2.4,13,0.7,,,,
4259,206,-2.172,25,0.7,,,,
4270,207,0.361,11,0.71,,,,
4290,208,4.515,20,0.71,,,,
4318,209,-3.28,28,0.71,,,,
4331,210,-2.47,13,0.72,,,,
4353,211,2.517,22,0.72,,,,
4367,212,-0.793,14,0.72,,,,
4389,213,5.513,22,0.73,,,,
4409,214,-0.652,20,0.73,,,,
4433,215,0.62,24,0.73,,,,
4466,216,10.126,33,0.74,,,,
4503,217,26.668,37,0.74,,,,
4518,218,1.371,15,0.75,,,,
4546,219,3.693,28,0.75,,,,
4564,220,2.292,18,0.75,,,,
4578,221,3.69,14,0.76,,,,
4594,222,0.228,16,0.76,,,,
4608,223,-3.752,14,0.76,,,,
4644,224,-1.845,36,0.77,,,,
4662,225,-3.776,18,0.77,,,,
4671,226,-2.37,9,0.77,,,,
4698,227,0.757,27,0.78,,,,
4709,228,-3.53,11,0.78,,,,
4742,229,0.576,33,0.78,,,,
4757,230,-1.811,15,0.78,,,,
4778,231,-2.612,21,0.79,,,,
4815,232,1.645,37,0.79,,,,
4832,233,5.706,17,0.8,,,,
4850,234,1.46,18,0.8,,,,
4870,235,10.048,20,0.8,,,,
4882,236,-3.474,12,0.8,,,,
4897,237,-3.083,15,0.81,,,,
4908,238,-1.002,11,0.81,,,,
4933,239,0.763,25,0.81,,,,
4950,240,1.498,17,0.81,,,,
4968,241,2.016,18,0.82,,,,
4976,242,-4.94,8,0.82,,,,
4987,243,-3.159,11,0.82,,,,
5000,244,1.896,13,1.12,23.442469,-3.022256,8.835997,0.9997
5018,245,1.707,18,1.38,12.126057,-6.35017,9.80139,0.994281
5037,246,2.928,19,1.64,7.979354,-7.445603,9.931766,0.98858
5052,247,-8.218,15,1.85,7.478715,-7.827456,9.9043,0.984114
5069,248,3.23,17,2.09,7.209531,-8.082705,9.869103,0.979098
5077,249,-4.081,8,2.21,7.242324,-8.272077,9.8275,0.976753
5090,250,-2.438,13,2.4,7.104436,-8.399405,9.794382,0.972964
5108,251,3.28,18,2.65,6.958341,-8.610279,9.75976,0.967754
5126,252,-0.416,18,2.91,6.841676,-8.827043,9.703279,0.962592
5163,253,8.15,37,3.43,6.495276,-9.121807,9.623066,0.952121
5189,254,-1.566,26,3.78,5.982876,-9.408808,9.524535,0.944874
5231,255,13.764,42,4.37,5.126579,-9.751934,9.420766,0.933348
5265,256,10.032,34,4.81,4.650536,-10.129422,9.287016,0.924198
5361,257,54.78,96,6.01,4.216577,-10.769497,9.08905,0.899107
5418,258,13.361,57,6.7,4.097893,-11.487106,8.843829,0.884726
5451,259,1.576,33,7.11,4.337535,-11.853559,8.709699,0.876567
5506,260,7.912,55,7.78,4.052602,-12.376222,8.563322,0.863244
5550,261,5.852,44,8.3,4.302415,-12.851189,8.417527,0.852819
5583,262,2.171,33,8.7,4.306518,-13.246155,8.278109,0.845144
5664,263,-9.868,81,9.73,4.376325,-13.838512,8.121371,0.826758
5729,264,5.056,65,10.58,4.515324,-14.601236,7.911575,0.81245
5785,265,7.12,56,11.31,4.520792,-15.270586,7.712504,0.800471
5858,266,-5.699,73,12.34,4.653682,-15.94608,7.527288,0.785292
5971,267,35.198,113,13.95,4.870471,-16.992126,7.261227,0.762715
6013,268,2.143,42,14.54,5.051756,-17.866882,7.054427,0.754573
6055,269,16.426,42,15.12,4.977227,-18.269769,6.97915,0.746553
6089,270,3.634,34,15.58,5.155393,-18.688307,6.858269,0.740158
6191,271,-15.484,102,16.96,5.308301,-19.402573,6.680626,0.721545
6352,272,27.45,161,19.28,5.723436,-20.83567,6.386906,0.693503
6450,273,-53.707,98,20.55,6.043038,-22.159749,6.106032,0.677227
6561,274,-5.07,111,22.12,6.36102,-23.249334,5.886581,0.659453
6870,275,437.235,309,26.54,6.983857,-25.543153,5.485921,0.613354
7143,276,135.261,273,30.53,8.238113,-28.894726,4.940205,0.576523
7392,277,82.576,249,34.3,9.386117,-31.719171,4.476783,0.545835
7611,278,308.004,219,37.57,10.311366,-34.101755,4.123133,0.520707
7762,279,238.969,151,39.98,11.226889,-36.231926,3.856438,0.504332
8161,280,277.24,399,45.54,13.439722,-39.205163,3.586509,0.4635
8360,281,309.407,199,48.6,14.32796,-42.022989,3.351537,0.444192
8705,282,198.809,345,54.04,16.844686,-44.594476,3.147372,0.412393
8864,283,260.403,159,56.49,17.699168,-46.392547,3.001025,0.398319
9037,284,77.556,173,59.37,18.305013,-47.66081,2.884035,0.383544
9191,285,50.403,154,62.06,19.996529,-48.656974,2.776161,0.370847
9382,286,292.213,191,65.09,19.002982,-49.62965,2.665445,0.355686
9643,287,87.724,261,69.14,19.315788,-51.26197,2.511548,0.336031
10115,288,520.384,472,78.45,20.71671,-53.47004,2.293049,0.303325
10257,289,11.558,142,80.41,23.252176,-55.258288,2.097963,0.294231
10537,290,126.252,280,84.19,22.968981,-56.23335,1.990633,0.27712
10650,291,-3.319,113,85.77,22.07916,-56.820933,1.900063,0.270491
10855,292,31.543,205,88.55,22.55585,-57.395687,1.798435,0.259033
11010,293,6.761,155,90.48,24.99833,-57.994012,1.723044,0.250663
11389,294,427.355,379,95.49,23.938311,-58.792362,1.604068,0.231406
11582,295,307.137,193,98.34,24.182744,-60.209789,1.501749,0.222115
12045,296,214.452,463,105.02,24.959206,-61.429011,1.366379,0.20154
12225,297,21.547,180,107.7,25.663631,-62.495229,1.23883,0.194167
12344,298,13.293,119,109.27,25.344892,-62.644738,1.205671,0.189382
12446,299,18.444,102,110.5,29.652339,-62.84726,1.156345,0.185429
12530,300,1.155,84,111.6,29.015584,-62.834333,1.105957,0.182282
12635,301,-4.105,105,112.95,26.566219,-62.859916,1.095588,0.178396
12833,302,286.385,198,115.63,28.128693,-63.292268,1.055814,0.171248
13018,303,78.748,185,118.21,27.810811,-64.006548,1.006397,0.164801
13226,304,66.866,208,120.89,28.318781,-64.097424,0.94563,0.157924
13365,305,219.288,139,122.82,27.355298,-64.607114,0.907668,0.15346
13524,306,296.438,159,125.18,28.727536,-64.900981,0.866252,0.148537
13639,307,41.071,115,126.9,30.738236,-65.121943,0.826636,0.145128
13892,308,274.906,253,130.59,31.301991,-65.705231,0.758301,0.138093
14042,309,253.687,150,132.63,29.595818,-66.23553,0.716559,0.134101
14181,310,238.457,139,134.42,31.360439,-66.613022,0.69246,0.130452
14534,311,160.84,353,139.08,33.230036,-67.152468,0.633215,0.12183
14668,312,258.283,134,140.74,29.640463,-67.715839,0.586269,0.118713
14855,313,288.679,187,143.07,32.386928,-67.811116,0.549329,0.114581
15053,314,322.904,198,145.81,31.60154,-68.630274,0.493145,0.11056
15202,315,264.209,149,147.95,31.772598,-69.032628,0.464589,0.107616
15457,316,300.947,255,151.44,34.57074,-69.412142,0.426075,0.102901
15651,317,331.523,194,154.08,35.365051,-70.073709,0.374743,0.099607
16073,318,274.97,422,159.78,35.443308,-70.739432,0.331176,0.092935
16225,319,274.19,152,161.7,30.305502,-71.32429,0.290019,0.09072
16396,320,268.945,171,164.01,31.570509,-71.916345,0.27815,0.088249
16603,321,350.884,207,166.83,35.155849,-72.398929,0.247761,0.085473
16785,322,312.028,182,169.42,32.21047,-72.95725,0.23406,0.083053
16949,323,263.386,164,171.7,36.224407,-73.629927,0.219072,0.080958
17154,324,332.513,205,174.65,31.376122,-74.085135,0.188567,0.078602
17438,325,435.323,284,178.79,34.352825,-74.787246,0.162917,0.075616
17648,326,366.619,210,181.61,35.290828,-75.59306,0.152477,0.073413
17860,327,352.003,212,184.32,32.24232,-76.109363,0.1364,0.071296
18087,328,445.531,227,187.33,31.720085,-76.951009,0.126875,0.069086
18384,329,525.579,297,191.12,30.460664,-77.708936,0.112396,0.066363
18590,330,360.059,206,193.9,30.510079,-78.53634,0.090489,0.064714
18915,331,676.666,325,198.71,32.425934,-79.30034,0.075462,0.062393
19114,332,321.394,199,201.59,32.368936,-80.301235,0.06473,0.061065
19342,333,445.455,228,204.86,30.896867,-81.118618,0.068441,0.059383
19531,334,317.798,189,207.51,32.292896,-81.719256,0.054242,0.05816
19730,335,398.318,199,210.01,30.970126,-82.458298,0.055875,0.056787
19929,336,393.596,199,212.44,31.932118,-83.180516,0.04868,0.055515
20158,337,446.359,229,216.6,31.602923,-83.925891,0.045479,0.054021
20262,338,57.203,104,217.93,32.860216,-84.830252,0.039923,0.053435
20437,339,276.949,175,220.32,31.299776,-84.799371,0.034417,0.052499
20691,340,515.001,254,223.96,31.146016,-85.506163,0.031705,0.051191
21027,341,237.028,336,228.91,32.344609,-86.543738,0.02415,0.049711
21263,342,397.838,236,232.07,32.070445,-87.050518,0.01917,0.048804
21400,343,33.534,137,233.94,32.84307,-87.570258,0.016862,0.048327
21549,344,191.234,149,236.0,33.886889,-87.942154,0.014156,0.047838
21749,345,61.919,200,238.65,34.936964,-88.39216,0.017834,0.04699
21895,346,240.125,146,240.53,36.46067,-88.678672,0.018482,0.046286
22034,347,252.901,139,242.29,34.862286,-89.245264,0.012424,0.045817
22228,348,393.714,194,245.07,34.072795,-89.33588,0.009617,0.045266
22432,349,295.834,204,248.04,33.382004,-89.922242,0.006256,0.044939
22574,350,236.979,142,250.08,33.891823,-90.318102,0.007464,0.044612
22779,351,365.151,205,253.07,33.349626,-90.686806,0.006615,0.044139
23024,352,177.588,245,256.51,33.666999,-91.328609,0.001865,0.043952
23224,353,94.826,200,259.24,34.173111,-91.51497,0.000424,0.043945
23362,354,57.418,138,261.4,35.39261,-91.643012,0.002287,0.043802
23531,355,325.25,169,264.01,34.994302,-91.989063,-0.002797,0.04403
23653,356,201.939,122,265.83,36.32336,-92.41084,-0.00645,0.044359
23847,357,303.005,194,268.73,35.10362,-92.337661,0.000551,0.044272
23974,358,19.319,127,270.72,36.183282,-92.259806,0.002027,0.044169
24121,359,291.649,147,273.06,34.256,-92.726915,0.000188,0.044266
24299,360,110.637,178,275.56,34.192361,-93.092349,0.005817,0.043658
24418,361,180.034,119,277.16,36.026652,-93.282762,0.009837,0.043075
24591,362,50.548,173,279.73,35.513667,-93.271782,-0.001848,0.043173
24732,363,94.604,141,282.77,38.310868,-93.246619,-0.002914,0.043455
24840,364,145.09,108,284.43,35.933818,-93.466471,0.000741,0.043409
25035,365,110.557,195,287.42,38.979543,-93.392965,0.006934,0.042565
25217,366,346.263,182,290.16,37.613044,-93.87209,-0.001707,0.042748
25310,367,46.424,93,291.66,35.779374,-93.941114,-0.003977,0.043021
25507,368,395.219,197,295.02,34.257344,-93.943437,0.003358,0.04264
26507,369,775.233,1000,311.01,35.734388,-94.411304,0.001197,0.041824
26786,370,525.051,279,315.69,35.10842,-95.07823,0.001922,0.041512
26980,371,449.942,194,318.76,34.712345,-95.361748,0.001229,0.041374
27450,372,689.131,470,325.07,34.863266,-95.539605,1.9e-05,0.041272
27605,373,45.892,155,327.3,32.612782,-95.976868,0.000156,0.041222
27794,374,396.183,189,330.14,33.725139,-95.95204,0.001148,0.041119
27975,375,57.33,181,332.83,34.295493,-95.992596,0.000958,0.040996
28123,376,202.543,148,334.94,33.055574,-96.187551,0.002228,0.040815
28375,377,463.849,252,338.06,34.457936,-96.396959,0.000982,0.040589
28600,378,473.104,225,341.07,33.756536,-96.540047,-0.001959,0.040917
28744,379,28.532,144,342.96,33.102425,-96.806566,-0.002926,0.041332
29013,380,496.857,269,346.26,33.69877,-97.035049,-0.004287,0.042017
29149,381,-6.2,136,348.03,37.164176,-96.967368,-0.002221,0.042275
29389,382,109.019,240,351.49,35.168295,-97.04496,-0.002057,0.042668
29658,383,555.64,269,355.35,35.493402,-97.181592,0.002815,0.042175
30019,384,72.553,361,362.02,35.625518,-97.393379,-0.00087,0.042322
30334,385,672.902,315,365.94,36.806314,-97.314658,-0.0013,0.042555
30546,386,403.574,212,368.74,36.959945,-97.408255,0.000181,0.042601
30811,387,558.368,265,372.34,36.292805,-98.062007,0.00149,0.042375
31036,388,493.13,225,375.3,36.87499,-98.398233,0.000912,0.042299
31233,389,121.109,197,378.13,36.313029,-98.386644,0.002479,0.041833
31458,390,500.548,225,381.15,35.123046,-98.729023,0.005441,0.041031
31665,391,471.347,207,384.26,36.224118,-98.909,0.000833,0.040897
31899,392,511.438,234,387.85,35.402068,-99.200211,-0.00449,0.041652
32090,393,459.389,191,390.7,36.110833,-99.23039,-0.000513,0.041662
32307,394,476.397,217,393.94,35.986333,-99.763574,0.004889,0.041031
32457,395,381.069,150,396.19,36.691894,-99.912302,-0.001304,0.04115
32691,396,440.431,234,399.69,37.182257,-99.875948,-0.000181,0.041113
32858,397,445.413,167,402.02,36.000117,-100.441371,-0.001987,0.041361
33038,398,405.289,180,404.72,36.704784,-100.425108,-0.001472,0.041529
33336,399,817.835,298,409.34,35.620921,-100.953411,-0.002292,0.042101
33553,400,468.303,217,412.96,36.137877,-101.371885,-0.003657,0.042767
33753,401,440.19,200,416.15,36.897905,-101.709101,0.000647,0.042687
34001,402,484.15,248,420.05,35.636597,-101.986885,0.002263,0.042195
34294,403,700.462,293,424.44,36.516786,-102.513013,-0.001479,0.04254
34482,404,423.545,188,427.42,37.103901,-103.039828,-0.000792,0.042636
34755,405,623.571,273,431.63,35.517986,-103.379386,-0.001865,0.043136
35074,406,676.287,319,436.77,37.514653,-103.901924,-0.001474,0.043493
35239,407,39.318,165,439.16,37.491346,-104.28963,-0.008223,0.044638
35644,408,801.575,405,444.82,37.967448,-104.479213,-0.001325,0.045071
35923,409,651.132,279,448.35,37.238337,-105.410853,-0.003251,0.045889
36288,410,929.987,365,453.05,37.507647,-106.008081,-0.001283,0.046234
36612,411,828.708,324,457.66,37.606518,-106.635514,-0.000293,0.046357
36738,412,227.559,126,459.47,37.984945,-107.162063,-0.003828,0.046749
37083,413,831.709,345,464.54,38.06223,-107.523117,0.000844,0.046424
37328,414,583.124,245,468.0,39.846138,-108.132636,-0.001471,0.046803
37494,415,347.701,166,470.09,39.034749,-108.960389,-0.000428,0.046736
37706,416,450.956,212,472.88,40.005275,-109.270639,0.003558,0.046272
37989,417,603.855,283,476.78,38.494773,-109.831526,-0.00465,0.047317
38188,418,564.508,199,479.27,38.193926,-110.621315,-0.002462,0.047752
38417,419,519.687,229,482.47,40.922812,-110.811241,-0.000512,0.047801
38726,420,574.018,309,487.21,40.799615,-111.332478,0.000469,0.047747
38797,421,39.508,71,488.23,37.689868,-111.221653,0.001564,0.047656
38991,422,330.313,194,490.96,39.445321,-111.933579,-0.00306,0.048124
39157,423,87.027,166,493.22,41.572515,-111.776539,-0.006377,0.049098
39277,424,73.599,120,494.87,39.602017,-112.240883,0.001337,0.048945
39380,425,149.923,103,496.29,41.165762,-112.085663,-0.004492,0.049357
39527,426,319.703,147,498.18,42.377404,-112.424126,-0.005278,0.049954
39790,427,734.013,263,501.41,42.346094,-112.85349,-0.000819,0.050102
39992,428,439.506,202,504.16,42.745167,-113.191678,-0.000507,0.05042
40257,429,565.429,265,509.36,42.173696,-113.251991,-0.003773,0.051054
40387,430,192.915,130,511.12,42.28601,-113.345975,0.002563,0.050899
40668,431,600.199,281,515.14,43.309606,-113.784739,-0.003298,0.051639
40906,432,548.167,238,518.4,43.022866,-114.337174,-0.006584,0.053064
41086,433,350.798,180,520.6,41.515109,-114.355071,-0.003818,0.053634
41236,434,272.93,150,522.53,43.203196,-114.819703,-0.003723,0.05416
41404,435,316.451,168,524.73,42.336058,-114.542045,0.000672,0.054011
41512,436,49.614,108,526.12,41.305379,-114.668901,0.001029,0.054002
41710,437,371.282,198,528.54,42.574549,-114.972372,-0.003632,0.054542
41979,438,547.42,269,532.2,42.789059,-115.009335,0.000734,0.054368
42127,439,93.28,148,534.36,42.393608,-115.021951,-0.000203,0.054217
42415,440,655.142,288,538.41,43.385619,-115.519155,-0.007737,0.056235
42625,441,413.362,210,541.38,44.381301,-115.579908,-0.001015,0.056308
43073,442,690.25,448,547.34,44.649003,-115.878889,0.000904,0.056213
43213,443,29.995,140,549.06,44.637715,-115.91883,0.003391,0.055806
43483,444,471.621,270,552.58,44.965432,-115.967458,-0.002461,0.056238
43765,445,569.455,282,556.46,44.421747,-116.395667,0.000477,0.056115
44073,446,426.882,308,560.73,44.980739,-116.744866,0.000844,0.056042
44312,447,474.671,239,564.16,44.953301,-116.936418,-0.004279,0.056828
44563,448,456.207,251,567.65,46.659453,-117.266783,-0.001248,0.057137
44977,449,700.004,414,572.93,46.401852,-117.482899,-0.002338,0.057833
45186,450,384.472,209,575.73,46.599739,-118.278024,0.0012,0.057605
45520,451,521.139,334,579.95,48.174583,-118.370088,-0.002347,0.058365
45977,452,832.76,457,586.67,47.629397,-118.792535,-0.003574,0.059536
46226,453,485.146,249,590.3,47.981805,-118.966181,0.001339,0.059319
46462,454,445.789,236,593.53,49.93833,-119.217279,0.003056,0.058798
46744,455,532.977,282,597.23,49.156865,-119.51263,-0.001325,0.05895
47032,456,584.1,288,600.84,50.821546,-119.879269,0.003408,0.05823
47218,457,282.898,186,603.43,51.669643,-120.479361,-0.004542,0.059084
47475,458,515.146,257,607.07,50.402159,-120.600812,-0.002263,0.059403
48036,459,972.452,561,615.14,50.134661,-120.690368,-0.001724,0.06016
48465,460,830.706,429,621.17,50.656256,-121.401757,-0.004363,0.061809
48742,461,555.563,277,625.4,50.68364,-121.744457,-0.000161,0.06186
49068,462,593.268,326,630.34,50.277625,-121.930205,-0.002001,0.062326
49458,463,821.004,390,635.85,50.610678,-122.565032,-0.0033,0.063406
49744,464,559.371,286,640.26,52.527772,-122.735853,0.001503,0.063069
50183,465,381.193,439,649.08,51.370324,-123.107086,-0.000613,0.063275
50390,466,412.302,207,652.46,51.206075,-123.218494,-0.002569,0.063828
50627,467,508.492,237,656.21,51.671268,-123.226031,0.003445,0.063015
51270,468,939.465,643,666.4,51.5489,-123.68834,0.002751,0.061712
51586,469,627.72,316,671.42,50.635737,-123.904935,-0.004323,0.062808
51863,470,470.351,277,675.72,51.910657,-124.318976,0.001815,0.062414
52057,471,340.672,194,678.74,52.514132,-124.611827,-0.00425,0.06295
52260,472,406.357,203,681.58,50.977216,-124.955325,0.009271,0.061454
52423,473,242.41,163,683.72,53.504812,-124.773818,0.008438,0.060647
52699,474,515.006,276,687.62,52.284262,-124.768047,0.003357,0.059806
52902,475,368.909,203,690.53,50.758769,-125.031558,-0.004161,0.060541
53166,476,433.487,264,694.26,50.467706,-125.22836,0.004558,0.059349
53351,477,370.92,185,697.06,51.271773,-125.263925,0.002474,0.05921
53601,478,553.572,250,700.45,49.215761,-125.861484,-0.001041,0.059334
53963,479,421.311,362,705.06,50.163748,-125.702011,-0.00354,0.060344
54168,480,357.08,205,707.95,49.844459,-125.44343,0.001855,0.06009
54406,481,431.224,238,711.27,50.651136,-125.987223,0.001221,0.059869
54541,482,245.897,135,713.18,48.790083,-125.980612,0.004006,0.059379
55015,483,815.02,474,719.82,48.848818,-125.781824,-0.001801,0.060071
55435,484,783.229,420,725.36,49.07595,-126.302588,-0.006452,0.062302
55698,485,621.474,263,729.01,48.899457,-126.741965,0.002382,0.061875
55904,486,389.623,206,731.54,48.212193,-126.568485,-0.003025,0.062149
56132,487,558.782,228,734.36,50.123591,-126.544264,-0.002037,0.062768
56333,488,395.903,201,737.15,50.707485,-126.24295,-0.000959,0.062792
56500,489,331.63,167,739.53,50.764405,-126.728744,-0.004465,0.063465
56749,490,594.58,249,743.32,50.600445,-126.468423,-0.002637,0.063982
56970,491,474.048,221,746.6,50.376791,-126.812375,0.000375,0.064016
57241,492,544.049,271,750.5,49.289725,-126.886548,0.00362,0.063136
57342,493,62.282,101,752.01,50.132441,-126.694529,0.002559,0.062985
57463,494,220.274,121,753.8,49.073597,-127.056905,-0.00261,0.063095
57768,495,629.77,305,758.36,50.176046,-127.030458,-0.001297,0.063495
57915,496,278.579,147,760.61,51.65879,-126.818215,-0.003597,0.063909
58050,497,254.841,135,762.75,50.094384,-126.999061,-0.002516,0.064196
58180,498,247.917,130,764.86,49.242181,-126.661429,-0.000558,0.064262
58400,499,539.969,220,768.04,48.746022,-126.949756,0.005784,0.063211
58672,500,674.846,272,772.4,50.047372,-127.019035,0.005058,0.062144
58928,501,524.948,256,776.13,49.650457,-126.787675,-4.7e-05,0.062093
59182,502,446.738,254,780.3,48.944161,-127.182933,-0.0007,0.062323
59465,503,513.262,283,784.94,48.540191,-126.872013,-0.001298,0.062463
59902,504,801.413,437,792.12,49.304759,-127.044802,-0.00056,0.06264
60244,505,645.194,342,799.88,48.872925,-126.981836,0.003075,0.062042
60457,506,525.486,213,802.99,48.640088,-127.082386,-0.000492,0.06199
60629,507,368.422,172,805.47,48.709531,-126.9028,-0.008246,0.062995
60838,508,473.751,209,808.17,49.625234,-126.799899,-0.004217,0.063842
61021,509,338.314,183,810.5,49.085193,-126.877611,-0.001553,0.063955
61255,510,450.679,234,813.66,49.327883,-126.69073,-0.001362,0.064449
61450,511,390.547,195,816.13,48.093625,-127.132842,0.004035,0.063715
61633,512,382.445,183,818.36,47.642125,-126.766869,-0.006061,0.064564
62472,513,1025.325,839,830.43,47.592815,-127.023111,0.002018,0.063184
62648,514,367.168,176,832.97,47.559145,-127.284694,-0.004641,0.063819
62855,515,331.329,207,835.95,46.923957,-126.951202,0.00272,0.063457
63036,516,368.294,181,838.15,46.493176,-127.249383,0.005476,0.062684
63168,517,215.007,132,839.85,47.574414,-127.284339,-0.004037,0.063106
63351,518,371.778,183,842.42,46.390223,-127.143693,0.009208,0.061904
63597,519,565.189,246,845.92,46.770733,-127.185952,-0.003116,0.062323
63850,520,487.496,253,849.5,46.484749,-127.36674,-0.003326,0.062893
64143,521,702.869,293,853.96,47.31895,-127.201092,-0.000908,0.063229
64312,522,349.512,169,856.46,46.00916,-127.441601,0.002005,0.062964
64668,523,670.523,356,860.96,46.696474,-127.388278,-0.003651,0.063966
64944,524,576.621,276,864.65,45.33507,-127.882191,0.002475,0.063382
65105,525,295.838,161,866.66,46.165945,-127.575443,-0.002785,0.063649
65247,526,265.486,142,868.41,47.399667,-127.293928,0.000352,0.063716
65625,527,977.579,378,873.66,46.106666,-127.420079,0.001519,0.063273
66031,528,798.77,406,879.19,45.355962,-127.476491,0.002247,0.062635
66230,529,448.647,199,882.54,43.500519,-127.777284,0.00408,0.061951
66439,530,465.266,209,885.29,44.244963,-127.539228,-0.002475,0.062311
66552,531,193.011,113,886.66,43.253136,-127.712027,0.007219,0.061633
66835,532,604.53,283,890.34,43.110202,-127.62487,-0.001591,0.062179
67001,533,278.556,166,892.52,44.625884,-127.596705,0.007015,0.061137
67276,534,581.475,275,896.35,44.473086,-127.775118,0.002318,0.060691
67435,535,286.727,159,898.62,43.095956,-127.451536,0.002973,0.06026
67573,536,277.002,138,900.61,41.712002,-127.64985,-0.000773,0.060384
67743,537,301.247,170,903.17,42.479534,-127.695356,-0.001454,0.060611
67995,538,534.693,252,906.61,42.727038,-127.643872,0.000298,0.060577
68275,539,716.591,280,910.14,42.998829,-127.795218,0.001397,0.060208
68552,540,587.769,277,913.89,42.82229,-127.559656,0.001949,0.0597
68792,541,605.913,240,916.84,42.231976,-127.750083,0.001433,0.059507
68997,542,397.507,205,919.55,41.595908,-127.601397,-0.002931,0.059914
69247,543,513.473,250,923.15,41.159829,-127.823827,-0.001882,0.060312
69462,544,501.872,215,926.21,41.400384,-127.935748,0.001796,0.060121
69743,545,715.15,281,930.16,41.904355,-127.847994,-0.001978,0.060593
69989,546,510.741,246,933.46,41.723142,-127.338922,-0.0027,0.061089
70313,547,796.136,324,939.29,41.335369,-127.751277,-0.001702,0.061604
70443,548,220.844,130,941.16,41.727507,-127.217239,0.000631,0.061395
70681,549,620.113,238,944.29,41.631846,-127.865822,-0.00114,0.061607
70899,550,478.801,218,947.31,41.316695,-127.53525,0.000745,0.061359
71098,551,428.602,199,950.12,41.491396,-127.406917,0.000208,0.061526
71324,552,557.639,226,953.4,40.03336,-127.564456,-0.005261,0.062366
71531,553,356.915,207,956.3,41.25916,-127.208332,-0.003674,0.063085
71720,554,269.673,189,958.66,40.428809,-127.573699,-0.000509,0.063185
71832,555,30.808,112,960.19,41.36307,-127.356098,0.008577,0.062445
71969,556,51.88,137,962.02,40.245012,-127.048289,0.002539,0.062123
72225,557,721.703,256,965.25,39.712944,-127.297785,0.001153,0.06197
72601,558,717.622,376,970.2,39.289059,-127.315488,0.003926,0.060721
72886,559,662.29,285,974.31,38.996018,-127.031001,-0.00217,0.061199
72994,560,155.601,108,975.84,39.047162,-127.329444,0.003659,0.060885
73344,561,1011.625,350,980.7,38.507742,-127.197209,0.003027,0.05995
73598,562,593.542,254,984.61,38.478809,-127.206723,-0.000639,0.060219
73715,563,178.338,117,986.43,37.699896,-127.186787,-0.002907,0.060315
73896,564,288.376,181,989.28,37.536185,-127.328677,0.003841,0.059856
74324,565,1216.209,428,995.75,37.472066,-127.106955,0.003047,0.058768
74436,566,151.729,112,997.55,38.424783,-126.98945,-0.000601,0.058814
74810,567,1039.917,374,1002.82,37.098291,-127.068042,-0.003468,0.059807
74968,568,344.337,158,1005.06,35.856482,-126.86579,0.001295,0.059774
75324,569,1114.359,356,1010.73,35.883435,-126.874085,0.00029,0.059688
75667,570,701.585,343,1015.92,36.32026,-126.973713,-0.000844,0.059926
76010,571,929.258,343,1021.61,37.429551,-126.667818,-3.3e-05,0.059922
76139,572,19.991,129,1023.81,36.515496,-126.757067,-0.00287,0.060195
76428,573,741.224,289,1028.38,36.288081,-126.66749,0.003374,0.059245
76765,574,737.236,337,1033.62,36.235109,-126.693891,0.000382,0.059201
76939,575,246.973,174,1036.55,35.588212,-126.47576,-0.006701,0.060307
77048,576,184.051,109,1038.39,36.307872,-126.890961,-0.002155,0.060442
77426,577,1163.992,378,1043.1,36.263827,-126.468975,-0.001532,0.061067
77729,578,612.855,303,1047.12,35.927146,-126.687682,-0.002454,0.061652
78236,579,1300.986,507,1054.28,35.378319,-126.64103,-0.00173,0.062318
78396,580,266.442,160,1056.62,35.27979,-126.549528,0.004628,0.061747
78820,581,717.649,424,1062.52,34.976692,-127.086458,0.003548,0.060597
78949,582,205.572,129,1064.51,35.153397,-127.10159,0.001994,0.060292
79231,583,693.184,282,1068.65,34.325424,-126.743206,-0.002286,0.060776
79321,584,126.81,90,1069.78,35.06252,-126.883536,-0.001003,0.060964
79737,585,1268.512,416,1075.28,35.719044,-127.023268,0.000201,0.060863
80090,586,874.214,353,1081.69,34.385478,-126.961875,0.002774,0.059984
80478,587,1223.821,388,1087.16,34.920886,-127.214706,0.000806,0.059864
80737,588,540.791,259,1090.33,34.662434,-127.116664,-0.007826,0.061336
80998,589,636.943,261,1093.76,33.934137,-127.30356,0.00582,0.060338
81386,590,1007.333,388,1099.15,34.036911,-127.418536,-0.002663,0.061047
81678,591,754.885,292,1103.64,34.811294,-127.874878,0.000106,0.061115
82136,592,1270.885,458,1110.66,34.863246,-127.963054,0.001323,0.060673
82500,593,1081.772,364,1116.17,34.182345,-128.373727,0.001354,0.060121
82804,594,760.633,304,1120.74,35.076834,-128.217382,0.00337,0.059208
83283,595,1465.388,479,1127.9,34.267703,-128.727083,0.000139,0.059237
83474,596,24.114,191,1130.64,34.43607,-128.867899,0.000247,0.059081
83595,597,25.686,121,1132.38,35.024882,-129.013985,-0.001345,0.059368
83705,598,174.295,110,1134.0,35.366343,-129.125724,-0.000156,0.059245
83992,599,884.034,287,1138.75,34.987107,-128.971264,-0.001017,0.059668
84213,600,417.884,221,1142.42,35.50576,-129.22481,-0.004435,0.060446
84378,601,386.685,165,1145.17,34.352086,-129.330878,-0.000182,0.060474
84523,602,257.759,145,1147.51,34.788834,-128.545893,0.001508,0.060302
84613,603,141.008,90,1148.91,35.114903,-128.965289,0.001431,0.060006
84880,604,575.223,267,1153.27,35.11821,-128.897812,-0.002644,0.06068
84964,605,116.934,84,1154.49,36.774726,-129.055994,-0.003692,0.060999
85127,606,228.408,163,1156.71,35.955178,-129.551391,0.000405,0.060967
85477,607,980.49,350,1161.89,34.635494,-129.228213,0.002063,0.06032
85615,608,309.528,138,1163.75,35.014451,-129.320684,-0.000274,0.060437
86081,609,1447.371,466,1169.99,35.9914,-129.489953,0.000661,0.060005
86362,610,597.873,281,1174.05,35.61892,-129.646723,-0.002619,0.060703
86500,611,233.529,138,1176.14,35.177841,-129.860703,-0.000681,0.060751
87139,612,1204.417,639,1184.72,35.851768,-129.687968,0.001692,0.059825
87422,613,743.522,283,1189.16,35.335523,-129.99066,-0.000607,0.060026
87513,614,154.265,91,1190.65,36.032985,-130.033619,0.005633,0.059479
87650,615,255.21,137,1192.3,34.465125,-129.958154,0.002466,0.059315
87981,616,824.519,331,1196.58,35.063394,-129.892499,-0.002534,0.059924
88263,617,775.479,282,1200.37,35.431492,-130.322553,0.001772,0.059608
88353,618,143.759,90,1201.66,35.87169,-131.116566,0.006859,0.05906
88476,619,253.607,123,1203.52,35.613598,-129.971572,-0.003847,0.059492
88635,620,342.514,159,1206.05,35.519386,-130.64686,-0.00311,0.05993
88716,621,109.552,81,1207.31,34.124469,-130.699699,0.001075,0.059766
88888,622,358.495,172,1209.87,35.542473,-130.448575,0.001242,0.059616
89005,623,210.086,117,1211.57,36.671231,-130.501367,0.001595,0.059485
89144,624,285.67,139,1213.53,37.479873,-129.974124,-0.002349,0.0597
89485,625,932.777,341,1218.38,35.096928,-130.185287,-0.003601,0.060813
89584,626,174.2,99,1219.67,34.81687,-130.626955,-0.000779,0.060935
89925,627,1096.942,341,1223.88,35.233149,-130.46999,-0.000224,0.06096
90160,628,535.117,235,1228.09,36.583215,-130.346009,0.00444,0.059997
90269,629,183.379,109,1229.52,35.228847,-130.841313,-0.002579,0.060336
90382,630,178.727,113,1231.07,36.133806,-131.078929,0.000629,0.060103
90754,631,1047.653,372,1236.22,35.861315,-130.600999,0.001818,0.059621
91038,632,809.978,284,1240.18,36.190127,-130.896466,-0.001938,0.060072
91136,633,172.402,98,1241.47,35.771614,-131.102782,0.000829,0.059964
91595,634,1043.092,459,1247.59,36.169213,-130.850101,0.000613,0.059706
91700,635,221.86,105,1248.98,35.646385,-130.594595,-0.003382,0.060018
91835,636,227.346,135,1250.71,36.306531,-130.91662,0.003225,0.059727
91943,637,219.432,108,1252.07,37.555247,-130.909178,7.2e-05,0.059654
92061,638,254.741,118,1253.64,36.020943,-130.820668,0.000137,0.059778
92147,639,142.104,86,1254.9,37.794611,-131.283278,0.002952,0.059551
92646,640,892.606,499,1262.02,36.560679,-130.841855,0.000745,0.059078
92748,641,170.868,102,1263.46,37.525839,-130.667077,-0.001406,0.059262
92865,642,217.197,117,1265.21,36.67298,-130.689612,-0.003806,0.059649
92972,643,200.156,107,1266.76,37.145293,-130.58373,0.000462,0.059698
93114,644,89.081,142,1268.65,37.1028,-130.801239,0.004168,0.059055
93207,645,171.685,93,1269.8,39.198198,-131.038948,7.9e-05,0.059058
93481,646,778.651,274,1273.17,37.490601,-130.846093,-0.001937,0.059566
93878,647,1189.12,397,1278.48,36.862677,-130.852399,-0.003296,0.060714
94200,648,810.356,322,1283.06,37.57538,-130.956854,-0.001373,0.06111
94505,649,864.472,305,1287.59,37.217145,-131.381363,-6.7e-05,0.061149
94813,650,866.659,308,1291.8,37.867099,-130.974293,-0.002499,0.061868
95091,651,789.134,278,1295.45,36.943802,-131.44474,0.000342,0.06189
95218,652,63.906,127,1297.16,36.72924,-131.454126,-0.002301,0.062037
95579,653,1095.784,361,1301.74,37.681242,-131.398519,-0.003406,0.063057
95921,654,1093.846,342,1306.52,37.753477,-131.842578,0.003304,0.062189
96185,655,803.297,264,1310.36,37.314501,-132.062199,-0.001404,0.06244
96517,656,1125.45,332,1315.04,36.557977,-131.874892,-0.002242,0.063088
96890,657,1022.521,373,1319.93,37.735202,-132.152264,-0.001176,0.063579
97261,658,1205.588,371,1324.77,36.97742,-132.291368,0.001759,0.062962
97550,659,825.435,289,1328.76,37.072147,-132.243639,-0.001282,0.063314
97844,660,719.659,294,1332.94,36.334523,-132.398796,0.000701,0.063141
98205,661,1012.223,361,1338.15,36.851742,-132.295624,0.002408,0.062368
98506,662,728.678,301,1342.75,37.953569,-132.731221,-0.001872,0.062704
99029,663,1317.962,523,1350.67,36.91761,-132.975448,-0.002496,0.063932
99126,664,147.9,97,1352.17,37.297058,-133.177429,0.001222,0.063963
99466,665,892.765,340,1357.18,36.553002,-133.441474,-0.003484,0.064915
99663,666,542.202,197,1359.89,36.471509,-133.731456,-0.001288,0.064956
99963,667,838.766,300,1364.43,37.150308,-133.45796,0.003886,0.064159
100236,668,741.44,273,1370.37,37.515022,-133.573864,0.00173,0.063729
100572,669,747.699,336,1375.93,37.533898,-133.772934,-0.002613,0.064309
100804,670,652.448,232,1379.53,37.829141,-134.039295,0.001348,0.064192
101039,671,630.095,235,1383.21,36.503072,-134.073855,0.000263,0.064033
101315,672,808.257,276,1387.01,37.35251,-133.879966,0.000502,0.063905
101870,673,976.903,555,1395.34,36.981906,-134.226704,-0.002065,0.064931
102190,674,792.403,320,1400.03,37.558015,-134.446517,0.001019,0.064657
102544,675,1196.236,354,1404.62,36.58031,-134.848925,-0.001795,0.065289
102947,676,869.362,403,1410.11,36.689405,-134.842121,0.003019,0.064078
103334,677,1301.976,387,1415.81,37.019015,-135.6523,0.002517,0.063311
103534,678,469.74,200,1418.73,35.873018,-135.21692,-0.003739,0.063946
103631,679,171.113,97,1420.13,35.662321,-135.948389,-0.004349,0.064235
103948,680,1012.653,317,1424.22,36.477786,-135.768142,0.003027,0.063476
104239,681,805.22,291,1427.89,36.753048,-136.251036,0.001903,0.062921
104326,682,122.146,87,1429.06,36.730722,-136.396297,0.004384,0.062692
104453,683,195.629,127,1430.78,35.719246,-135.846783,0.001822,0.062398
104856,684,1350.197,403,1436.21,37.274573,-136.514525,-0.004864,0.064317
105237,685,1241.964,381,1441.78,37.901228,-136.722295,-0.000791,0.064485
105594,686,1143.697,357,1446.64,36.50733,-136.878932,-0.001165,0.064589
105737,687,299.837,143,1448.53,36.304856,-137.0259,0.005349,0.064209
106123,688,1176.22,386,1453.5,36.224429,-137.535593,-0.000477,0.064276
106222,689,185.205,99,1454.71,35.170007,-137.85305,-0.001266,0.064348
106360,690,300.668,138,1456.35,35.8388,-138.055113,-0.00298,0.06474
106726,691,1109.95,366,1461.47,36.070045,-138.238679,0.000629,0.064629
107014,692,1003.336,288,1466.13,36.224686,-138.455638,0.004449,0.063402
107405,693,1165.913,391,1471.78,35.827882,-138.469604,-0.006058,0.065387
107659,694,675.919,254,1475.75,35.992764,-139.218449,0.001022,0.065355
107738,695,116.525,79,1477.03,34.612808,-138.511972,-0.007156,0.065777
108060,696,1047.723,322,1482.39,36.584599,-139.092243,0.004189,0.064695
108426,697,1089.846,366,1488.11,36.101372,-139.400005,0.003592,0.063536
108514,698,137.635,88,1489.47,36.511002,-139.937834,0.003497,0.063167
108698,699,449.462,184,1492.47,35.952461,-139.843744,0.000263,0.063081
108797,700,194.507,99,1494.02,36.231442,-140.129581,-0.005494,0.063551
109260,701,1342.095,463,1500.84,36.033928,-139.798953,-0.002077,0.064494
109529,702,746.078,269,1505.04,36.752899,-140.446753,0.001366,0.064203
109773,703,684.3,244,1509.13,35.852667,-140.742359,-0.002588,0.064712
110077,704,878.308,304,1517.52,36.872504,-140.475634,0.001942,0.064143
110481,705,1186.549,404,1523.54,36.571495,-141.118993,0.000383,0.064003
110817,706,872.32,336,1528.37,35.963686,-141.206824,0.000211,0.06392
110934,707,240.48,117,1529.86,34.786712,-141.572295,0.000228,0.064002
111333,708,1267.497,399,1535.24,37.027428,-141.501047,-0.003051,0.064904
111575,709,737.445,242,1538.27,36.52604,-141.458882,0.001763,0.064689
111820,710,658.301,245,1541.44,36.581352,-142.090794,0.005561,0.063406
112091,711,765.254,271,1545.4,36.733251,-142.161339,-0.000154,0.063427
112474,712,1287.58,383,1550.72,36.85563,-142.413484,0.00176,0.062836
112649,713,341.592,175,1553.32,36.247375,-143.155736,-0.007728,0.063986
112773,714,250.196,124,1555.14,37.288716,-142.923393,-0.005112,0.064571
113098,715,1089.303,325,1559.53,36.923103,-142.804253,-0.000607,0.064823
113210,716,205.245,112,1560.92,36.067038,-143.468408,0.002693,0.064579
113347,717,289.556,137,1562.8,36.930688,-142.938142,-8.1e-05,0.064475
113706,718,1169.578,359,1567.66,36.111951,-143.309837,-0.001237,0.064856
114003,719,867.329,297,1571.82,37.078658,-143.457171,-0.000851,0.065236
114592,720,1900.844,589,1580.2,37.123092,-143.803846,0.000963,0.064742
114943,721,984.475,351,1584.76,36.479289,-144.491531,0.00473,0.063445
115106,722,339.957,163,1586.89,38.545638,-144.508264,0.003934,0.062761
115421,723,1016.7,315,1590.82,37.268409,-144.332626,-0.002316,0.063316
115742,724,1008.105,321,1595.56,38.007865,-144.709135,-0.002074,0.063869
116054,725,934.705,312,1600.06,36.769423,-144.944313,-0.003003,0.064794
116200,726,270.478,146,1602.19,38.393923,-145.045466,0.003917,0.06438
116502,727,1013.651,302,1606.28,36.536919,-145.228477,0.002494,0.063644
116710,728,550.75,208,1608.85,36.680421,-145.303183,0.002162,0.063219
116858,729,273.531,148,1610.73,35.961831,-145.12072,-0.00078,0.063374
116980,730,198.495,122,1612.43,37.038095,-145.60338,0.005708,0.06265
117324,731,834.939,344,1617.14,36.158125,-145.609689,-0.004312,0.064015
117713,732,1224.74,389,1622.72,37.052841,-145.98139,-4.4e-05,0.063946
117844,733,298.161,131,1624.63,39.323091,-146.046458,0.001223,0.063787
117962,734,221.089,118,1626.45,37.222487,-146.241239,-0.009343,0.064701
118067,735,210.698,105,1628.01,38.287939,-146.408786,-0.001445,0.064932
118412,736,1145.259,345,1632.67,36.901579,-146.36648,0.001146,0.064571
118501,737,138.153,89,1633.91,35.874952,-146.852316,0.005938,0.064087
118866,738,1226.598,365,1638.51,37.677746,-146.620836,0.002807,0.063339
118953,739,137.865,87,1639.62,36.653137,-146.375349,0.00301,0.063161
119235,740,602.05,282,1643.7,36.530537,-146.981186,0.004109,0.062011
119380,741,349.216,145,1645.79,36.932228,-147.455223,0.008514,0.06106
119464,742,122.431,84,1646.98,36.751369,-146.972448,0.005067,0.060862
119580,743,197.603,116,1648.6,37.048208,-146.899728,-0.010074,0.061644
119685,744,216.425,105,1649.99,37.586565,-147.020479,-0.006302,0.062178
119828,745,231.695,143,1652.08,36.392841,-147.224025,-0.004882,0.062787
119922,746,109.88,94,1653.42,37.4883,-147.437504,-0.000883,0.062867
120190,747,680.746,268,1657.78,37.412146,-146.862664,0.000539,0.062871
120279,748,129.594,89,1658.89,37.870043,-146.760666,0.000811,0.062621
120373,749,163.517,94,1660.12,36.636141,-147.225615,-0.005195,0.06319
120670,750,1006.682,297,1664.07,38.85389,-147.277542,-0.00111,0.063363
120830,751,380.084,160,1666.04,39.908923,-146.815047,0.000637,0.063264
121186,752,1166.837,356,1671.18,39.127292,-147.315104,-0.004445,0.064628
121457,753,705.964,271,1675.25,37.497774,-147.684616,-0.000491,0.064691
121591,754,301.702,134,1677.19,37.443898,-147.767269,-0.001584,0.064951
121769,755,442.18,178,1679.51,38.703598,-147.758959,0.003822,0.064327
121864,756,183.158,95,1680.74,40.32251,-147.625437,0.002538,0.064142
121959,757,165.722,95,1682.0,37.300014,-148.428454,-0.006197,0.064683
122199,758,626.882,240,1685.18,37.827811,-147.676137,-0.003661,0.06534
122297,759,170.562,98,1686.39,37.316847,-147.151912,-0.0024,0.065633
122671,760,857.138,374,1691.27,38.850391,-147.824742,0.000445,0.065512
122760,761,153.486,89,1692.54,37.81296,-148.152222,-0.000564,0.065553
122861,762,205.486,101,1694.0,38.133752,-148.445781,-0.003041,0.065753
122944,763,130.928,83,1695.19,37.967417,-148.036158,-0.000983,0.065834
123244,764,846.482,300,1699.52,38.355042,-148.286085,0.002591,0.065214
123661,765,1243.475,417,1705.53,38.938631,-148.516069,0.000862,0.064902
123917,766,667.726,256,1709.55,39.48357,-148.724059,-0.00159,0.06514
124321,767,863.293,404,1715.62,38.947982,-148.278735,-0.001718,0.065828
124672,768,1046.797,351,1721.13,39.934204,-148.845764,-0.002305,0.066394
125009,769,1026.912,337,1725.94,38.732484,-148.980965,-0.001574,0.06708
125319,770,227.3,310,1730.69,38.866736,-149.177397,-0.002392,0.067704
125783,771,1431.315,464,1737.99,40.294614,-149.536711,5.3e-05,0.067778
125986,772,608.302,203,1741.32,39.078848,-149.643059,0.000119,0.067663
126459,773,1291.81,473,1748.62,38.812978,-149.532902,-0.002649,0.068741
126750,774,909.085,291,1752.4,38.385613,-149.823605,-0.004158,0.069879
127194,775,1263.154,444,1759.24,39.72896,-150.29924,0.003904,0.068398
127302,776,207.241,108,1760.57,39.05662,-150.6553,0.003072,0.068111
127631,777,793.31,329,1764.82,40.25209,-150.621075,-0.000724,0.068122
127941,778,814.85,310,1769.09,39.912553,-150.33769,0.000482,0.068052
128023,779,119.141,82,1770.21,38.691774,-151.093314,0.000341,0.067977
128146,780,252.671,123,1771.87,39.818268,-151.009325,0.006108,0.067496
128286,781,310.325,140,1773.89,39.635059,-151.49682,0.007102,0.066656
128690,782,1102.928,404,1779.65,40.198489,-150.948192,-0.00479,0.068081
129106,783,1081.527,416,1785.23,39.494641,-150.968197,-0.000137,0.068232
129489,784,891.316,383,1790.14,39.38336,-151.20596,0.004486,0.066769
129883,785,1185.291,394,1795.27,40.347638,-151.526599,-0.003106,0.067883
129979,786,154.652,96,1796.64,39.493557,-151.426295,0.002507,0.067762
130396,787,1187.338,417,1805.03,40.599603,-151.913405,0.002115,0.066846
130836,788,1219.077,440,1810.86,39.645782,-152.275763,-0.003026,0.068054
131131,789,884.509,295,1814.69,40.27254,-152.656369,0.001249,0.067671
131498,790,868.744,367,1819.53,40.281011,-153.246479,0.000934,0.067424
131980,791,1340.173,482,1826.43,40.444852,-152.832269,-0.000824,0.067879
132420,792,1319.778,440,1833.41,39.824635,-153.628585,-0.001017,0.068107
132776,793,854.965,356,1838.67,39.199437,-154.012727,-0.000728,0.068295
133257,794,1376.653,481,1845.99,39.800724,-153.976001,0.001126,0.067821
133722,795,1132.439,465,1852.73,38.983552,-154.477591,7.8e-05,0.06795
134139,796,1310.483,417,1859.33,40.617295,-154.914222,0.001793,0.06724
134560,797,1198.045,421,1865.7,39.252743,-155.142294,0.002868,0.066235
135039,798,1400.644,479,1873.29,40.706976,-155.296403,-0.002065,0.066961
135173,799,299.962,134,1875.46,39.604989,-156.637979,0.00336,0.066646
135289,800,245.56,116,1877.38,39.857619,-155.088566,0.00193,0.066557
135671,801,1252.349,382,1883.03,39.14994,-156.197514,-0.002169,0.06712
135757,802,150.283,86,1884.23,43.783075,-155.876676,-0.019335,0.068488
136192,803,1412.446,435,1890.39,40.571548,-156.002645,0.000149,0.06868
136301,804,199.241,109,1891.76,40.785847,-155.5097,0.00497,0.068187
136591,805,851.233,290,1895.45,40.590203,-156.329858,-0.002233,0.068651
136916,806,1055.779,325,1899.86,40.259209,-156.575303,-0.002154,0.069318
137270,807,1077.333,354,1904.77,40.332695,-157.421234,-0.000486,0.06942
137535,808,644.635,265,1908.6,40.923299,-156.950588,0.002941,0.068679
137607,809,107.988,72,1909.67,39.864517,-156.943531,0.001686,0.068693
138217,810,1987.799,610,1917.89,40.286754,-157.682119,0.000438,0.068373
138352,811,148.192,135,1919.73,40.450099,-158.302198,-0.001685,0.068654
138519,812,292.814,167,1921.93,42.289961,-157.92958,-0.002004,0.068858
138907,813,1301.322,388,1926.9,41.123143,-158.21189,0.002893,0.067794
139236,814,1006.341,329,1931.72,40.935467,-158.839155,0.003444,0.066897
139635,815,1252.084,399,1937.33,41.227095,-158.93311,-0.003266,0.068063
139813,816,401.779,178,1939.79,41.865354,-159.315765,-0.001526,0.068278
140203,817,1109.711,390,1945.51,41.665747,-159.135887,2.8e-05,0.068343
140590,818,1195.11,387,1950.62,40.652707,-159.843696,0.000948,0.068088
140846,819,701.896,256,1953.96,42.855113,-159.684165,0.001595,0.067593
140940,820,165.809,94,1955.25,41.736162,-159.845264,0.0015,0.067527
141083,821,333.442,143,1957.25,41.730523,-159.956328,0.001637,0.067244
141451,822,1060.281,368,1962.36,42.148698,-160.130372,-0.002509,0.068264
141527,823,116.376,76,1963.39,41.824238,-159.363739,0.001337,0.068068
141623,824,171.691,96,1964.62,42.849302,-160.161634,-0.010338,0.068862
142012,825,1307.504,389,1969.78,42.288395,-160.231289,0.001916,0.06826
142133,826,199.262,121,1971.25,41.013932,-160.290853,-0.00318,0.068436
142622,827,1548.932,489,1977.63,41.028073,-160.605209,-0.002101,0.06948
143000,828,1156.547,378,1983.04,42.562658,-161.280667,0.000906,0.069201
143308,829,710.964,308,1987.46,41.449003,-161.271354,-0.001315,0.069495
143471,830,312.187,163,1989.75,42.823781,-161.729004,0.007505,0.068359
143553,831,119.668,82,1990.75,43.591626,-160.677754,-0.002254,0.068576
144113,832,1689.11,560,1997.92,42.37486,-161.18145,0.001624,0.067879
144196,833,148.57,83,1999.01,41.372668,-162.268221,-0.008355,0.068266
144698,834,1423.277,502,2005.88,42.932191,-162.101187,-0.002155,0.069257
144774,835,95.332,76,2007.03,40.911035,-162.773135,0.004198,0.069145
145035,836,676.297,261,2010.8,42.779607,-162.723982,-0.003635,0.069916
145585,837,1666.441,550,2018.13,42.769799,-162.678574,0.001316,0.069202
145737,838,393.674,152,2020.18,43.095475,-162.167374,-0.004505,0.070015
146021,839,824.533,284,2023.8,42.836131,-163.324406,0.003066,0.069192
146111,840,176.242,90,2024.99,42.708432,-162.766781,0.002676,0.068973
146188,841,93.634,77,2026.11,41.725373,-162.721107,-0.002835,0.069188
146527,842,925.96,339,2030.9,44.304185,-162.874652,0.001756,0.068534
147055,843,1270.923,528,2038.3,43.408575,-163.338908,8.9e-05,0.068456
147523,844,1420.545,468,2044.17,42.727525,-163.585794,-0.003387,0.069869
147813,845,817.091,290,2048.04,43.152286,-163.403958,0.007451,0.06802
148208,846,1188.814,395,2053.45,43.467153,-163.936285,0.00183,0.067407
148625,847,1243.837,417,2059.72,42.926051,-163.98952,-0.003854,0.068858
149200,848,1636.988,575,2068.47,43.811749,-164.375736,0.00239,0.067622
149489,849,783.641,289,2073.12,43.31499,-164.377977,0.001476,0.06732
149845,850,943.291,356,2078.27,42.988032,-164.31224,0.001536,0.06663
149935,851,123.024,90,2079.55,42.664065,-165.004314,-0.002305,0.066921
150257,852,991.779,322,2086.91,44.128061,-164.849603,0.002623,0.06601
150740,853,1074.89,483,2094.3,43.15862,-164.890386,-0.005991,0.068755
151300,854,1547.671,560,2103.1,43.213363,-165.422621,-0.00031,0.068886
151598,855,815.941,298,2107.53,43.016299,-165.38729,0.000885,0.068661
151684,856,163.23,86,2108.91,45.782133,-165.304578,-0.012043,0.069534
152073,857,1118.336,389,2114.51,43.610833,-165.836998,-0.000874,0.069868
152434,858,1029.115,361,2119.63,41.783067,-166.035827,-0.002333,0.070457
152539,859,196.182,105,2121.04,43.14695,-166.309396,0.004358,0.070215
153539,860,1970.499,1000,2134.33,43.111916,-165.965893,0.001222,0.069159
153961,861,1215.207,422,2140.53,42.886346,-166.44356,-0.002522,0.070115
154166,862,139.039,205,2143.26,43.752993,-166.914967,0.003258,0.069318
154684,863,1654.415,518,2149.89,42.763033,-166.557521,-0.003757,0.071316
154928,864,695.175,244,2152.92,43.169767,-166.873872,0.001841,0.070847
155303,865,1117.735,375,2158.05,42.6863,-167.100104,0.000582,0.07065
155388,866,132.229,85,2159.28,44.155276,-166.703447,0.009893,0.06999
155460,867,125.448,72,2160.32,44.658256,-167.590301,0.004248,0.069597
155732,868,721.215,272,2164.12,44.493762,-166.98135,-0.002264,0.070195
156059,869,848.742,327,2168.52,43.82366,-167.274416,-0.00096,0.070373
156623,870,1723.321,564,2175.85,43.324045,-167.509438,-0.001218,0.071086
156942,871,809.43,319,2180.2,42.987793,-167.928543,0.002081,0.070393
157354,872,1345.201,412,2186.43,45.03929,-167.838543,-0.002016,0.071139
157447,873,149.904,93,2187.74,43.648053,-167.629452,0.003403,0.070774
157555,874,238.248,108,2189.24,44.009588,-167.54727,-0.010019,0.071863
157798,875,609.161,243,2192.69,43.086321,-168.126512,0.006323,0.070393
158366,876,1433.076,568,2201.47,43.801675,-168.188445,-0.001969,0.071561
158472,877,192.635,106,2203.06,43.158876,-168.497604,-0.003512,0.071751
158694,878,506.994,222,2206.56,42.14372,-168.27147,0.000775,0.071717
158954,879,720.919,260,2210.73,43.968639,-167.745023,0.001646,0.071186
159245,880,753.436,291,2215.26,43.486172,-167.841112,0.0026,0.070559
159680,881,1384.782,435,2221.93,43.088744,-168.230831,-0.00399,0.072056
160261,882,1500.237,581,2234.37,43.987026,-168.713166,0.001577,0.071325
160503,883,677.783,242,2238.44,44.279183,-169.001067,0.000833,0.071104
160955,884,1324.543,452,2244.99,43.475107,-168.658015,-0.001434,0.07173
161083,885,299.305,128,2246.84,43.09366,-169.264374,0.001179,0.071442
161162,886,104.332,79,2247.93,43.159445,-168.50791,0.010048,0.070923
161380,887,451.724,218,2250.78,44.237653,-168.842322,0.001385,0.070489
161737,888,1259.947,357,2255.52,44.765259,-169.171512,-0.000606,0.070722
162049,889,926.744,312,2259.41,44.909069,-169.175652,-0.006122,0.072406
162262,890,656.385,213,2262.15,44.293611,-169.439246,0.00043,0.07232
162468,891,687.204,206,2265.21,45.060818,-169.201563,0.003333,0.07161
162584,892,192.938,116,2266.93,46.375007,-168.947565,-0.009003,0.0728
162885,893,874.457,301,2271.15,44.283687,-168.879315,-4.3e-05,0.072519
163578,894,2250.704,693,2280.77,44.057398,-169.270484,0.001163,0.072133
163913,895,893.789,335,2285.37,44.322638,-168.933605,-0.00339,0.072993
164328,896,882.969,415,2291.07,43.38067,-169.119803,-0.000335,0.073222
164892,897,982.794,564,2299.46,43.481696,-169.101992,0.000494,0.072956
165165,898,742.999,273,2303.05,43.253372,-170.093916,-0.00766,0.074931
165274,899,199.95,109,2304.54,43.759183,-170.024284,-0.011881,0.076019
165581,900,856.147,307,2308.5,43.558867,-169.233223,0.003186,0.075246
165936,901,951.756,355,2313.08,43.882086,-169.479652,0.001403,0.074815
166201,902,707.395,265,2316.88,44.106362,-169.85285,-0.001448,0.075186
166520,903,882.991,319,2321.16,43.429995,-169.704457,-0.000566,0.075293
166790,904,665.964,270,2324.94,44.215297,-170.255955,0.000889,0.075162
167130,905,796.069,340,2329.33,44.466682,-169.736017,0.001694,0.074515
167374,906,652.615,244,2332.54,44.255713,-170.339452,0.002701,0.073973
167673,907,772.793,299,2336.55,44.604166,-169.665963,0.003756,0.073143
167967,908,787.762,294,2340.62,44.330753,-170.415322,0.003079,0.072258
168389,909,1373.147,422,2346.93,43.126874,-169.913984,0.000571,0.072004
168855,910,1387.877,466,2353.09,43.965517,-170.253035,-0.001412,0.072631
169507,911,1468.261,652,2361.56,42.847115,-170.322067,0.000761,0.072162
169682,912,394.333,175,2364.12,42.723391,-171.010789,-0.004908,0.07287
169970,913,731.08,288,2368.25,42.580849,-170.594741,-0.007121,0.074756
170244,914,742.248,274,2374.28,43.460817,-169.747474,-0.005876,0.075939
170553,915,785.04,309,2378.28,42.755867,-170.385073,-0.003503,0.077184
170844,916,730.341,291,2382.05,42.526082,-170.351106,0.007002,0.075676
171210,917,1007.505,366,2386.83,42.26582,-170.528167,0.005129,0.074033
171515,918,847.941,305,2391.04,41.954695,-170.731678,0.001054,0.073552
171772,919,698.699,257,2394.62,42.234829,-170.356502,0.005244,0.072409
172066,920,837.938,294,2398.81,44.13969,-170.83003,-0.005329,0.073671
172206,921,255.227,140,2400.75,43.204191,-170.700588,-0.006501,0.074569
172487,922,720.037,281,2404.58,42.816113,-170.581585,-0.004372,0.07591
172894,923,1154.584,407,2409.65,45.28303,-170.72439,0.001072,0.075229
173209,924,846.153,315,2413.91,45.731063,-171.220728,-0.000838,0.075349
173460,925,620.32,251,2417.45,42.439259,-171.45518,0.005194,0.074611
173904,926,1446.383,444,2423.85,43.142796,-170.95345,0.00103,0.074071
174451,927,1764.744,547,2432.17,42.709471,-171.028134,-0.00142,0.074616
174748,928,812.382,297,2436.57,42.800084,-171.121182,-0.001891,0.075108
175321,929,1807.17,573,2445.04,42.720154,-171.368721,0.002245,0.074037
175881,930,1698.032,560,2453.36,43.744466,-171.54227,0.002133,0.072855
176416,931,1706.192,535,2462.0,42.209321,-172.036538,0.001712,0.072218
176888,932,1328.794,472,2469.25,42.524116,-171.983237,-0.002899,0.07338
177429,933,1736.771,541,2477.35,42.675396,-172.163305,0.004145,0.071455
177830,934,1009.091,401,2482.58,42.954573,-172.276297,-0.002433,0.072256
178134,935,812.617,304,2486.77,43.176293,-172.372725,-0.002381,0.072893
178489,936,978.537,355,2491.33,42.739853,-172.662358,-0.001695,0.073292
178843,937,1007.187,354,2496.51,41.737527,-172.600044,0.005434,0.071759
179581,938,1832.907,738,2506.8,41.715979,-172.523374,-0.000459,0.072156
180065,939,1310.573,484,2516.02,41.824097,-172.561424,-0.001449,0.072602
180549,940,1535.983,484,2522.45,41.691895,-172.810707,-0.001332,0.073142
181205,941,2020.684,656,2532.17,40.806913,-173.216744,0.003527,0.071329
181667,942,1370.781,462,2538.23,40.552481,-173.675113,-0.000322,0.071332
182132,943,1281.371,465,2545.11,41.117873,-173.239966,0.000736,0.071004
182284,944,362.32,152,2547.09,40.447611,-173.532253,0.003639,0.070445
182665,945,1022.41,381,2552.76,40.392322,-173.444233,-0.000158,0.070599
183163,946,1494.353,498,2559.58,40.188914,-173.831295,-0.001652,0.071199
183619,947,1342.337,456,2566.33,41.374675,-173.842851,-0.004828,0.073207
184013,948,1109.435,394,2572.32,40.170382,-174.043383,0.001637,0.072657
184345,949,1006.854,332,2577.78,40.519226,-173.841807,-0.001476,0.07293
184784,950,1210.194,439,2584.41,40.727286,-174.245625,0.00274,0.072206
185426,951,1878.758,642,2594.04,39.810331,-174.613245,0.001197,0.071365
185890,952,1198.553,464,2600.89,39.405085,-174.864354,0.001085,0.07081
186512,953,2089.803,622,2609.84,39.65598,-174.740912,0.001128,0.070092
187160,954,2135.466,648,2618.12,39.39308,-175.14504,-0.001478,0.071047
187468,955,426.624,308,2622.18,40.297204,-175.096491,-0.003024,0.072005
187854,956,1057.46,386,2627.66,40.413357,-174.804073,0.001506,0.071437
188185,957,1091.66,331,2632.53,39.387968,-175.413539,0.000163,0.071242
188599,958,1128.042,414,2638.12,39.755486,-175.413037,-0.002248,0.072372
189031,959,1340.815,432,2643.7,38.838038,-175.834935,0.004239,0.070518
189480,960,1365.685,449,2649.9,38.278941,-176.152553,0.001605,0.069976
189887,961,1058.25,407,2655.66,38.783279,-175.89812,-0.004319,0.071663
190375,962,1390.524,488,2665.94,39.013536,-176.263186,0.001689,0.070796
190837,963,1359.014,462,2671.82,38.407614,-176.124267,0.006496,0.068097
191200,964,1074.268,363,2676.57,38.314826,-176.510585,-0.000737,0.068392
191652,965,1365.44,452,2683.42,38.648221,-176.180681,-0.002338,0.069259
192274,966,2059.987,622,2692.0,38.208756,-176.377986,-0.003373,0.07127
192741,967,1297.492,467,2698.52,38.578208,-176.510663,0.000135,0.071205
193226,968,1543.724,485,2705.0,38.12472,-176.880991,0.004675,0.06923
193643,969,1311.551,417,2711.07,39.389419,-176.874005,-0.00128,0.069528
194069,970,1250.396,426,2716.77,38.341574,-177.159285,0.006929,0.066948
194894,971,2462.717,825,2727.88,39.121259,-177.144921,-0.004466,0.070173
195393,972,1468.286,499,2734.99,39.007971,-177.216425,0.00069,0.06974
195762,973,1068.078,369,2739.94,38.585814,-177.067608,-0.003182,0.070887
196136,974,1079.504,374,2744.77,38.297136,-177.339244,0.001598,0.070344
196543,975,1054.517,407,2750.15,37.960094,-177.584538,-0.000564,0.070609
197101,976,1756.26,558,2758.31,38.094368,-177.836415,0.001627,0.069876
197547,977,1355.337,446,2764.37,38.374263,-177.507673,-0.003136,0.070773
198101,978,1652.301,554,2771.6,37.459316,-177.989026,0.002641,0.069857
198678,979,1734.331,577,2779.73,36.988923,-178.053621,-0.000502,0.070042
199124,980,1395.27,446,2786.25,37.185199,-178.359668,-0.001857,0.070741
199665,981,1794.912,541,2794.56,37.146251,-178.19394,0.004857,0.068335
200168,982,1592.536,503,2804.54,37.603348,-178.470736,-0.001247,0.068861
200796,983,1546.613,628,2813.87,37.061142,-178.638985,2.5e-05,0.068923
201796,984,3055.831,1000,2829.37,36.886572,-179.004022,0.000865,0.068172
202270,985,1207.478,474,2836.59,37.506448,-179.1604,0.001947,0.067392
202714,986,1250.276,444,2843.18,37.437016,-179.370112,0.001196,0.066719
203189,987,1529.835,475,2849.33,36.22147,-179.438463,0.003139,0.065555
203293,988,175.496,104,2850.61,35.588233,-179.913215,0.009174,0.064734
204293,989,2821.812,1000,2864.18,35.894835,-179.811369,-0.003391,0.067752
204645,990,1132.164,352,2869.26,37.144344,-180.066492,-0.000505,0.067911
205142,991,1578.101,497,2875.9,36.699367,-180.079176,0.00079,0.067394
205587,992,1338.712,445,2881.96,37.094638,-180.366397,0.000926,0.067054
206033,993,1237.112,446,2888.22,36.232773,-180.613879,-0.000739,0.067545
206118,994,167.127,85,2889.45,36.405202,-180.468774,-0.014781,0.068439
206202,995,158.873,84,2890.65,39.101988,-180.642878,-0.005244,0.068803
206685,996,1635.9,483,2896.73,36.454999,-180.686214,0.001064,0.068427
206999,997,744.612,314,2901.17,37.089875,-180.916673,0.000612,0.068212
207342,998,878.716,343,2906.3,36.947481,-181.066074,-0.000354,0.068226
207767,999,1343.862,425,2912.44,36.403424,-180.657229,-0.001066,0.068757
208409,1000,1381.857,642,2921.93,37.383867,-180.942529,0.001004,0.068237
208887,1001,1324.217,478,2929.18,36.867195,-180.86094,0.002814,0.066827
209887,1002,2252.032,1000,2944.44,36.709959,-181.499652,0.000989,0.066104
210721,1003,2477.692,834,2963.73,37.13938,-181.606533,-0.001859,0.067518
211219,1004,1541.291,498,2970.72,35.895653,-181.482705,-0.000594,0.067682
211775,1005,1526.843,556,2978.56,37.353472,-181.850426,-0.000799,0.067899
212187,1006,1322.654,412,2983.98,37.053839,-181.880548,0.000839,0.067805
212781,1007,1935.265,594,2992.32,36.820134,-182.087582,-0.00217,0.068906
213277,1008,1616.806,496,2999.45,36.764788,-182.54238,0.002152,0.067975
213388,1009,227.591,111,3001.03,35.168937,-181.982669,0.001867,0.067697
213700,1010,1082.219,312,3005.18,36.446005,-182.488387,-0.002998,0.068671
214127,1011,1226.045,427,3010.89,37.863358,-182.62369,-0.000158,0.06878
214256,1012,265.438,129,3012.69,37.887235,-182.474302,0.000551,0.068609
214988,1013,2377.791,732,3022.67,37.207638,-182.481229,0.004671,0.06567
215849,1014,2419.615,861,3034.13,37.798536,-182.887597,-0.002097,0.067144
216239,1015,1340.102,390,3039.15,37.279323,-183.097199,-0.000274,0.067355
216537,1016,991.409,298,3043.35,37.994928,-183.504051,0.004053,0.066192
217071,1017,1785.997,534,3050.86,37.281373,-183.530058,0.00263,0.065026
217404,1018,1180.449,333,3055.21,37.29582,-183.728745,-0.006191,0.066757
217501,1019,195.602,97,3056.55,38.136769,-183.779838,0.002936,0.066472
217661,1020,386.697,160,3058.67,36.288482,-183.216975,0.001074,0.066316
218661,1021,3067.138,1000,3072.66,37.35793,-183.656284,-0.000304,0.066605
219661,1022,2859.211,1000,3086.06,37.615149,-183.822368,-0.00118,0.067725
219772,1023,233.377,111,3087.65,37.795161,-184.366453,-0.004396,0.068116
219970,1024,227.708,198,3090.47,37.303683,-183.679691,0.001197,0.068141
220360,1025,1297.703,390,3098.2,38.44894,-184.082069,0.003636,0.066698
220501,1026,358.393,141,3100.38,39.37117,-183.992529,0.007521,0.065829
220599,1027,183.059,98,3101.73,37.034249,-183.880032,-0.017309,0.067087
220723,1028,233.218,124,3103.39,37.254171,-184.473325,-0.004531,0.0678
220873,1029,408.627,150,3105.37,39.244308,-183.893673,0.002976,0.067275
221177,1030,1042.995,304,3109.79,37.075148,-184.088006,-0.002618,0.06801
221404,1031,616.488,227,3112.93,38.619973,-183.838005,0.001743,0.06765
221564,1032,437.382,160,3115.19,37.245983,-183.876437,-0.00647,0.06853
221781,1033,654.267,217,3118.31,38.87179,-183.862173,0.004419,0.067781
222024,1034,811.081,243,3121.74,38.018318,-184.159773,0.005446,0.066582
222162,1035,337.17,138,3123.67,38.535993,-183.848682,-0.005809,0.067309
222868,1036,2167.031,706,3133.21,37.584019,-183.925291,-0.000216,0.067497
223211,1037,1072.955,343,3137.69,37.498454,-183.596676,-0.001851,0.068094
223443,1038,717.704,232,3141.17,40.355799,-184.773751,0.003396,0.067281
223845,1039,1327.665,402,3147.01,39.298177,-184.259959,-0.000493,0.067382
224384,1040,1628.13,539,3155.01,39.373096,-184.310822,0.000552,0.067108
224567,1041,560.179,183,3157.76,37.452775,-183.988705,-0.000625,0.067368
224665,1042,183.673,98,3159.28,38.402048,-184.73959,0.001991,0.067188
225442,1043,2396.235,777,3171.01,38.970201,-184.254492,-0.001914,0.068554
225517,1044,140.463,75,3172.12,37.65469,-184.930469,0.010498,0.067907
225614,1045,202.458,97,3173.52,38.794898,-183.903608,-0.008827,0.068514
225909,1046,925.047,295,3178.07,39.207897,-183.883776,-0.002245,0.068972
226712,1047,2533.629,803,3190.32,38.601491,-184.400676,2.3e-05,0.069072
227152,1048,1570.222,440,3197.25,38.229402,-184.631526,-0.005158,0.071187
227539,1049,1020.7,387,3202.76,38.715374,-184.396748,0.001467,0.070578
227707,1050,492.733,168,3205.17,40.170917,-184.856298,-0.000482,0.070686
227878,1051,220.428,171,3207.37,39.704071,-184.342478,0.011118,0.069087
228369,1052,1474.473,491,3213.74,40.132708,-184.697034,-0.000557,0.069357
228588,1053,695.686,219,3216.4,39.606806,-185.49615,0.00322,0.068729
229479,1054,2586.709,891,3229.34,38.461869,-184.929732,0.000256,0.068592
230066,1055,2041.93,587,3240.27,39.080373,-185.464822,0.000959,0.06795
230223,1056,397.33,157,3242.16,39.337005,-185.71612,-0.006812,0.068905
230323,1057,204.814,100,3243.37,39.358484,-184.793227,-0.005729,0.069382
231142,1058,2553.272,819,3254.85,38.888743,-185.491359,0.003687,0.066752
231599,1059,1500.019,457,3261.49,39.192604,-185.232675,-0.004475,0.068576
232332,1060,2293.243,733,3272.93,38.462896,-185.357073,0.000335,0.068331
232493,1061,445.075,161,3275.54,40.434526,-185.280513,0.003757,0.067688
233493,1062,2974.571,1000,3291.33,39.63889,-185.821759,-0.003041,0.070591
234158,1063,2241.079,665,3302.29,40.424817,-185.715251,-0.000179,0.070757
234851,1064,2103.28,693,3312.72,40.338771,-185.938325,0.002125,0.069401
235341,1065,1562.682,490,3320.37,40.312921,-186.533394,0.000913,0.06911
235947,1066,1774.52,606,3329.0,39.596395,-186.224807,-0.003775,0.071158
236546,1067,1930.309,599,3337.79,40.402224,-186.698673,0.002484,0.069533
237134,1068,1767.753,588,3345.83,39.953696,-186.759102,0.00027,0.06963
237656,1069,1681.889,522,3352.59,39.377392,-186.817073,0.000806,0.069229
238283,1070,1966.295,627,3361.69,39.43575,-186.966305,0.001147,0.068524
238821,1071,1689.418,538,3369.0,39.67595,-187.656068,-0.001272,0.069087
239418,1072,1699.44,597,3376.98,39.462036,-187.779285,-0.000556,0.069507
240207,1073,2592.559,789,3392.38,39.035999,-188.037414,0.000163,0.069397
240655,1074,1464.733,448,3398.31,39.915597,-188.236538,0.00328,0.068102
241334,1075,2078.85,679,3407.25,39.141494,-188.254592,-0.000791,0.068505
241784,1076,1415.692,450,3413.82,38.503934,-188.390681,-0.001882,0.069273
242455,1077,2185.765,671,3423.07,39.192951,-188.956839,-0.002641,0.071008
242894,1078,1349.956,439,3429.18,39.133342,-189.252672,0.006067,0.068669
243535,1079,1921.958,641,3438.44,39.377962,-189.318038,0.002729,0.067
244038,1080,1580.031,503,3445.5,39.088319,-189.702592,-0.003246,0.068503
244845,1081,2430.63,807,3455.99,38.905646,-189.745016,-0.002133,0.070083
245845,1082,2993.948,1000,3470.11,39.56204,-190.130945,0.00082,0.069539
246544,1083,2466.722,699,3479.23,38.868085,-190.600956,-0.001466,0.070298
247476,1084,3495.505,932,3492.68,38.877368,-190.856693,-0.002312,0.072687
248112,1085,2204.416,636,3501.28,39.370185,-191.232257,0.003613,0.070342
248750,1086,2253.229,638,3510.76,39.439899,-191.500331,0.001725,0.069508
249536,1087,2613.841,786,3521.96,39.216559,-191.83531,-0.0,0.069478
249732,1088,600.689,196,3524.64,39.552994,-191.671736,-0.003446,0.070049
250688,1089,3372.005,956,3541.91,39.51305,-192.443945,-0.000653,0.070495
250973,1090,1053.51,285,3545.81,39.21546,-192.134947,0.004072,0.069493
251473,1091,1725.323,500,3553.76,38.6211,-192.575894,-0.002333,0.070582
252454,1092,3189.03,981,3568.05,37.994014,-192.974836,0.000384,0.070203
252813,1093,1073.721,359,3573.08,39.192687,-193.4515,0.002905,0.069437
252877,1094,81.644,64,3573.93,38.488922,-194.215492,-0.00779,0.069594
253721,1095,3050.261,844,3584.99,38.85561,-193.442318,0.001528,0.068688
254430,1096,2508.155,709,3595.02,37.89454,-193.734587,-0.002458,0.069939
254604,1097,487.822,174,3597.47,38.230383,-194.40041,0.007264,0.068992
255147,1098,1606.714,543,3604.5,39.221253,-193.994062,-0.004787,0.071175
255726,1099,1847.202,579,3612.03,38.427531,-194.202454,0.000444,0.070945
256233,1100,1661.123,507,3619.19,39.180631,-194.322578,0.001776,0.070372
256355,1101,284.758,122,3620.81,37.017209,-194.110281,0.008456,0.069453
256560,1102,696.321,205,3623.87,38.389053,-194.804444,0.00487,0.068496
257560,1103,3377.079,1000,3639.3,38.472993,-194.785394,0.001601,0.067084
258560,1104,3165.181,1000,3654.81,39.295779,-195.374847,-0.000604,0.067438
258651,1105,170.243,91,3656.23,39.643232,-195.830666,-0.008345,0.0681
258997,1106,1350.635,346,3661.91,38.948091,-195.036039,-0.002151,0.068866
259208,1107,734.765,211,3665.42,38.31641,-195.463871,0.000243,0.069039
259309,1108,187.506,101,3666.93,37.648675,-195.771616,0.002656,0.068486
260200,1109,3260.89,891,3685.19,39.465002,-195.848295,-9e-05,0.068688
260284,1110,153.652,84,3686.2,38.779317,-196.166468,-0.004061,0.068853
260363,1111,120.123,79,3687.2,40.713436,-196.062869,0.001619,0.068791
260515,1112,362.371,152,3689.13,37.616279,-196.203393,-0.007544,0.069867
261434,1113,3496.836,919,3701.61,38.961487,-196.370467,-0.001272,0.070924
261513,1114,136.654,79,3702.77,40.40574,-196.402422,-0.003159,0.071068
261585,1115,114.46,72,3703.85,38.414346,-196.050061,-0.009791,0.07168
262585,1116,3274.993,1000,3717.49,39.633435,-196.758367,0.003037,0.06913
263113,1117,1733.775,528,3725.02,39.069171,-196.988862,-0.002877,0.070346
263199,1118,162.316,86,3726.21,38.463874,-198.105821,-0.003709,0.070676
263616,1119,1214.518,417,3732.12,39.239514,-197.353897,0.00077,0.070329
264616,1120,3376.228,1000,3745.7,39.996603,-197.617163,0.002119,0.06842
265147,1121,1781.251,531,3753.08,38.683398,-197.912408,-0.000797,0.069024
265230,1122,163.418,83,3754.24,38.545,-198.212994,-0.004088,0.069081
265408,1123,504.587,178,3756.74,38.37591,-197.953625,0.000428,0.069148
265483,1124,127.206,75,3757.76,38.412801,-197.632296,0.002436,0.068937
266055,1125,1937.229,572,3765.45,39.228497,-198.022201,-0.001089,0.069471
266160,1126,218.568,105,3766.78,40.082148,-197.524316,0.005469,0.06893
267015,1127,2778.32,855,3778.63,39.513905,-198.174407,-0.0006,0.06934
267162,1128,398.361,147,3780.77,37.97241,-198.483841,0.00046,0.069162
267382,1129,723.257,220,3783.92,38.406373,-198.08833,-0.010922,0.071417
268382,1130,3111.305,1000,3796.87,40.043975,-198.191079,0.000171,0.071235
268465,1131,143.737,83,3798.03,40.895505,-198.0734,-0.0025,0.071389
268972,1132,1765.952,507,3805.32,39.738016,-198.560542,0.000933,0.071102
269063,1133,139.494,91,3806.6,38.49164,-197.902217,0.012098,0.070189
269364,1134,820.858,301,3810.48,39.965468,-198.500445,0.001681,0.069802
269504,1135,260.441,140,3812.36,37.958489,-198.665594,-0.000374,0.069681
270504,1136,2744.24,1000,3828.02,40.019071,-198.687412,0.000988,0.068761
270994,1137,1143.731,490,3834.99,40.767079,-198.888018,0.001005,0.068364
271534,1138,1770.721,540,3841.92,41.032513,-199.047927,-0.002949,0.069797
271983,1139,1655.382,449,3847.8,39.872622,-199.228397,0.000443,0.069603
272701,1140,2194.392,718,3858.43,40.434725,-199.317151,0.000222,0.069692
272779,1141,135.268,78,3859.62,44.404976,-199.411312,-0.001538,0.069693
272948,1142,426.746,169,3862.22,42.766752,-199.90328,-0.00864,0.070879
273344,1143,1283.975,396,3868.37,41.097578,-199.533133,-0.001781,0.071412
273717,1144,1000.463,373,3873.82,40.066978,-199.583677,0.003092,0.070427
274717,1145,3458.079,1000,3889.39,41.556126,-200.0145,-0.000991,0.07128
275290,1146,1742.752,573,3898.42,43.233187,-200.190281,-0.001848,0.072196
275419,1147,313.377,129,3900.28,42.866849,-200.370545,0.000212,0.072367
275980,1148,1934.545,561,3908.89,41.993634,-199.930906,0.002043,0.071352
276352,1149,1021.393,372,3914.04,41.670255,-200.690023,-0.007005,0.073513
277352,1150,3658.331,1000,3927.93,41.608645,-200.6151,0.000171,0.073572
278352,1151,3141.594,1000,3941.92,41.99324,-200.549934,0.00225,0.071601
278770,1152,1122.115,418,3947.53,41.861002,-201.034519,-0.00028,0.071761
279245,1153,1177.467,475,3953.93,41.791416,-201.07548,-0.000204,0.072154
280100,1154,2987.168,855,3971.72,41.956171,-200.810901,-0.00069,0.072388
280476,1155,1004.77,376,3976.78,41.944703,-201.162485,0.003064,0.071545
280888,1156,1156.438,412,3982.62,40.93126,-201.368904,-0.002366,0.072217
281272,1157,1067.556,384,3988.61,42.835603,-201.45812,0.004945,0.070583
282272,1158,3202.019,1000,4003.59,42.688179,-201.617479,-0.001688,0.07189
283272,1159,3467.462,1000,4018.84,42.628575,-201.889137,0.002442,0.069858
284272,1160,2995.845,1000,4034.54,43.731233,-202.30654,-0.001524,0.071149
285272,1161,3241.334,1000,4049.48,42.084732,-202.773147,0.00021,0.070971
286161,1162,3255.696,889,4060.9,42.854987,-203.42659,0.000858,0.070298
286587,1163,1135.869,426,4067.06,41.697254,-202.963994,-0.001769,0.07091
287285,1164,2368.674,698,4076.66,41.981632,-203.238995,-0.000454,0.071327
288285,1165,3491.916,1000,4090.2,41.474915,-203.806257,0.000541,0.070776
288789,1166,1717.716,504,4097.5,42.389145,-204.325159,-0.003947,0.072531
289530,1167,2754.091,741,4107.27,42.013658,-204.325268,-0.001303,0.073356
290355,1168,2721.303,825,4124.09,41.603432,-204.688223,0.002591,0.071504
291310,1169,3404.25,955,4136.88,42.218535,-205.194213,0.00145,0.070199
292310,1170,2982.88,1000,4150.55,41.985506,-205.408659,-0.001208,0.071429
293157,1171,2951.743,847,4161.92,42.399604,-205.843106,0.004793,0.067858
293882,1172,2467.577,725,4172.0,41.504126,-206.216519,0.00053,0.067545
294589,1173,2488.246,707,4181.74,41.633576,-206.40839,-0.000667,0.067796
294969,1174,1371.328,380,4186.61,40.612006,-206.74861,-0.006792,0.070325
295969,1175,3426.957,1000,4200.32,41.395521,-206.706889,-0.00101,0.071202
296969,1176,3550.129,1000,4213.44,41.995682,-207.40675,-0.001238,0.072073
297969,1177,3282.514,1000,4227.83,40.929027,-207.874128,0.001971,0.070457
298959,1178,3477.154,990,4242.78,40.87694,-207.840602,-0.00085,0.071235
299959,1179,2995.425,1000,4257.25,40.331496,-208.153142,0.003321,0.068393
300959,1180,3190.365,1000,4278.27,40.059851,-208.830542,4.1e-05,0.068186
301623,1181,2413.683,664,4287.59,40.673265,-208.892752,-0.002196,0.069412
302245,1182,1972.256,622,4295.61,40.503832,-209.67247,-0.00019,0.069439
303181,1183,3199.292,936,4308.56,41.389503,-209.685442,0.001882,0.067971
304181,1184,3595.111,1000,4321.63,40.655085,-209.84595,-0.000763,0.068583
304958,1185,2873.477,777,4332.62,39.875933,-210.40303,0.001196,0.067854
305571,1186,2175.572,613,4341.18,38.657973,-210.846565,-0.00095,0.068364
305712,1187,350.654,141,4343.33,38.880481,-210.210429,-4.2e-05,0.068167
306474,1188,2789.378,762,4354.72,39.690863,-210.753833,-0.002009,0.069907
307474,1189,3552.041,1000,4369.99,39.311651,-210.893705,0.000691,0.068961
307772,1190,1108.9,298,4374.63,39.285026,-211.126773,0.000416,0.069045
308452,1191,2422.581,680,4385.22,40.062342,-211.22593,0.002466,0.067322
309452,1192,3687.205,1000,4400.47,39.042628,-211.775745,0.000221,0.067337
310433,1193,3633.198,981,4419.01,38.726391,-212.146578,-0.00053,0.067729
311382,1194,2937.8,949,4431.45,38.632499,-212.762446,-0.000476,0.068075
311489,1195,231.689,107,4433.01,39.133863,-213.083391,-0.017064,0.069536
311564,1196,99.68,75,4434.11,38.789664,-212.889308,0.001935,0.069539
312104,1197,1981.598,540,4441.77,39.262565,-212.586891,0.003956,0.067857
312860,1198,2810.984,756,4451.77,38.200282,-213.40396,-7e-06,0.06778
312959,1199,126.837,99,4453.24,35.977268,-213.059955,0.007337,0.067133
313106,1200,362.228,147,4455.31,39.746022,-213.643159,-0.000251,0.067117
313609,1201,1704.418,503,4462.22,40.323392,-213.580475,-0.006798,0.07009
314609,1202,3675.975,1000,4475.75,38.342404,-213.787326,0.002444,0.068193
315609,1203,3733.985,1000,4489.79,38.442123,-214.307689,-0.001373,0.069188
316462,1204,3061.169,853,4501.42,38.585949,-214.480614,0.001794,0.067848
317462,1205,3403.781,1000,4515.45,39.116943,-214.80457,-0.003137,0.070702
318401,1206,3307.001,939,4528.03,38.755555,-215.255505,0.001292,0.069683
319401,1207,3436.477,1000,4541.85,38.213572,-215.76068,-0.000589,0.069965
320401,1208,3658.526,1000,4560.17,38.835738,-215.579431,0.000258,0.069978
321401,1209,3638.12,1000,4574.52,38.695422,-216.287033,0.000443,0.069551
322401,1210,3386.938,1000,4588.82,38.564617,-216.334683,-0.000145,0.069894
323401,1211,3503.111,1000,4603.49,38.695779,-216.825916,-0.000499,0.070342
324401,1212,3484.71,1000,4618.56,39.433067,-217.342139,-0.003028,0.073043
324942,1213,1474.141,541,4626.57,37.679843,-217.395244,0.003268,0.071482
325328,1214,1238.869,386,4632.83,37.735319,-217.577391,-0.002824,0.072249
326328,1215,3385.789,1000,4647.77,38.327334,-217.785167,0.001981,0.070582
327328,1216,3596.235,1000,4660.85,37.98508,-218.072971,0.000624,0.070214
328328,1217,3545.637,1000,4674.99,38.371964,-218.69139,-0.001631,0.071386
329328,1218,3372.705,1000,4688.48,38.088839,-219.049237,0.001186,0.070372
329377,1219,32.687,49,4689.13,39.706035,-220.518461,-0.001067,0.070432
330002,1220,2008.483,625,4704.2,39.040951,-219.487991,-0.001038,0.070943
330472,1221,1496.646,470,4711.42,38.138908,-219.480073,-0.003605,0.072367
331472,1222,3585.374,1000,4725.96,38.052534,-219.9801,0.001136,0.071544
332472,1223,3532.148,1000,4742.11,38.134563,-220.253515,-2.4e-05,0.071486
333472,1224,3693.146,1000,4757.24,37.389434,-220.766536,-0.001296,0.072471
334472,1225,3513.885,1000,4770.82,37.691208,-221.378662,0.001298,0.071412
335197,1226,2613.139,725,4780.88,37.961278,-221.490673,0.002237,0.070372
336197,1227,3663.295,1000,4794.55,37.870032,-221.95006,0.001525,0.06886
336575,1228,1323.759,378,4799.74,38.191577,-222.1525,-0.001408,0.069567
337043,1229,1550.685,468,4806.54,38.448678,-222.244014,0.004065,0.067782
337816,1230,2714.761,773,4817.57,37.789066,-222.528964,-0.00232,0.069325
338816,1231,3665.201,1000,4830.76,38.341139,-222.961298,0.000657,0.068833
339816,1232,3646.743,1000,4844.43,37.329308,-223.539323,-0.002204,0.070776
340816,1233,3734.303,1000,4863.08,38.613654,-223.93191,-0.001948,0.072572
341816,1234,3512.49,1000,4876.44,37.009894,-224.080019,0.002185,0.070702
342816,1235,3697.14,1000,4890.53,38.420417,-224.544784,-0.002411,0.072824
343816,1236,3759.14,1000,4903.63,37.625587,-224.715417,0.001924,0.071042
344816,1237,3824.765,1000,4918.16,37.320282,-225.255274,-0.000753,0.071802
345816,1238,3391.232,1000,4931.67,37.838592,-225.729467,0.000109,0.071588
346816,1239,3725.59,1000,4946.74,38.190332,-226.080397,0.000417,0.070996
347816,1240,3542.215,1000,4961.87,37.5814,-225.932801,0.000294,0.070731
348816,1241,3645.886,1000,4977.1,37.778576,-226.759998,-0.000534,0.071489
349273,1242,1665.07,457,4984.0,36.890417,-226.857182,-0.001282,0.071798
349390,1243,153.92,117,4985.71,37.702867,-227.126613,0.004185,0.071536
350390,1244,3519.393,1000,5005.52,38.019635,-227.151771,0.002916,0.068975
351390,1245,3773.368,1000,5019.27,36.620181,-227.532278,-0.001791,0.070524
352390,1246,3589.111,1000,5032.5,38.153298,-227.743456,0.000592,0.069805
353390,1247,3682.569,1000,5046.54,36.633649,-228.573701,-0.002021,0.071739
353506,1248,194.192,116,5048.2,37.551894,-229.065276,-0.002884,0.072119
353684,1249,518.794,178,5050.41,37.53684,-229.227143,0.000799,0.071951
353758,1250,111.377,74,5051.34,37.332131,-229.201643,0.000622,0.072051
354379,1251,2012.924,621,5059.73,37.961649,-229.110602,0.000555,0.07155
355013,1252,2363.83,634,5068.96,38.29426,-229.209218,0.001933,0.070451
356013,1253,3607.517,1000,5084.22,38.748415,-229.282757,-0.00155,0.071591
357004,1254,3840.552,991,5099.05,37.881162,-229.382646,0.000555,0.071258
357976,1255,3601.627,972,5113.99,37.415504,-229.979774,0.000473,0.071031
358797,1256,3177.317,821,5126.2,37.361884,-230.173154,-0.00088,0.071572
359797,1257,3775.543,1000,5139.28,37.955735,-230.320667,0.000525,0.071145
360403,1258,2310.046,606,5150.61,37.397556,-230.620282,-0.003229,0.07285
361403,1259,3479.73,1000,5164.1,38.832943,-230.575255,0.00022,0.072777
361478,1260,103.968,75,5165.09,39.005852,-230.998969,0.003967,0.072607
361922,1261,1498.274,444,5171.27,38.72229,-231.329677,0.006028,0.070113
362094,1262,244.227,172,5173.68,37.505486,-231.053197,-0.001864,0.070408
363094,1263,3735.349,1000,5187.15,37.679124,-231.520874,0.000109,0.070302
364094,1264,3630.916,1000,5200.48,37.693495,-231.500901,-0.000544,0.070855
364853,1265,2806.9,759,5211.43,37.841073,-231.942185,-0.000769,0.071293
364923,1266,90.426,70,5212.37,37.329518,-232.227205,-0.000728,0.071434
365923,1267,3357.636,1000,5226.97,38.188413,-232.161198,-0.00036,0.071695
366923,1268,3233.893,1000,5242.21,38.704158,-232.367167,0.001216,0.070651
366998,1269,105.396,75,5243.32,37.970137,-233.250189,-0.005811,0.071031
367697,1270,2584.409,699,5253.93,37.468136,-232.540278,-0.002097,0.07242
368697,1271,3807.568,1000,5269.6,38.698793,-233.058367,-0.000729,0.07304
368899,1272,608.041,202,5272.76,38.164542,-232.873761,-0.00606,0.074035
368976,1273,130.16,77,5273.93,36.938859,-233.972321,-0.006233,0.074756
369049,1274,123.451,73,5275.03,37.033014,-233.391597,0.005117,0.074255
370049,1275,3567.33,1000,5289.46,39.835445,-233.24647,0.002589,0.072058
371049,1276,3665.372,1000,5303.59,39.279641,-233.477293,-0.003223,0.074723
372049,1277,3760.255,1000,5318.88,38.742141,-233.636728,0.002345,0.072853
373049,1278,3741.778,1000,5333.41,39.416067,-233.887979,0.001939,0.07094
374049,1279,3637.575,1000,5349.53,39.587758,-234.24936,-0.000146,0.07117
375049,1280,3581.162,1000,5364.21,38.906739,-234.547783,-0.000483,0.071504
376049,1281,3713.524,1000,5377.53,38.786085,-234.874102,0.000645,0.071019
377049,1282,3875.14,1000,5391.44,39.433538,-235.134516,-0.000815,0.071674
377533,1283,1560.051,484,5397.77,38.720955,-235.367761,8.2e-05,0.071727
378533,1284,3833.242,1000,5411.86,38.318584,-235.776328,0.001749,0.070214
379533,1285,3675.256,1000,5425.79,38.124067,-236.140188,-0.000878,0.070651
380533,1286,3443.469,1000,5446.64,39.188088,-236.031552,0.000794,0.070327
381533,1287,3604.027,1000,5462.12,38.526611,-236.454675,-0.0015,0.071567
382222,1288,2397.541,689,5473.16,37.672729,-236.970318,0.002262,0.070014
383222,1289,4005.271,1000,5487.45,38.858067,-236.904795,-0.000678,0.070671
383716,1290,1758.502,494,5494.69,38.037606,-237.147841,0.001875,0.069975
384290,1291,2107.967,574,5502.54,37.504665,-237.216607,-0.00109,0.070496
384693,1292,1286.078,403,5507.63,39.180189,-237.282449,0.004597,0.06884
385562,1293,3029.366,869,5520.14,37.805197,-237.834325,-0.001219,0.069738
386562,1294,3752.683,1000,5533.45,37.029256,-238.145585,-0.000598,0.070285
386635,1295,106.957,73,5534.37,38.254911,-237.822569,-0.003796,0.07062
387635,1296,3742.769,1000,5548.24,37.188397,-238.386715,0.002451,0.068349
388635,1297,3736.249,1000,5561.68,38.18625,-238.929935,-0.002199,0.070385
389635,1298,3449.419,1000,5575.32,38.034391,-238.849303,-0.00213,0.072343
390635,1299,3503.474,1000,5594.03,38.025283,-239.106308,0.001256,0.071238
391635,1300,3616.181,1000,5607.85,38.862216,-239.448686,0.00334,0.068226
392411,1301,2792.591,776,5618.47,37.782807,-239.681969,-0.000985,0.068931
393411,1302,3350.276,1000,5632.29,37.688406,-240.38655,-0.002198,0.071033
394411,1303,3617.709,1000,5646.5,37.813902,-240.784128,0.002852,0.068603
394887,1304,1410.761,476,5652.92,37.604145,-241.356999,-0.002724,0.069476
395887,1305,3616.577,1000,5667.23,36.874258,-241.242131,-0.001057,0.070378
396887,1306,3688.133,1000,5682.55,36.779317,-241.56061,0.001419,0.069216
397887,1307,3652.664,1000,5697.53,36.667576,-241.739551,-0.001591,0.070726
398887,1308,3535.123,1000,5713.31,37.264814,-242.605967,0.003276,0.067824
399887,1309,3650.164,1000,5728.66,37.552916,-242.722303,-0.002478,0.069987
400887,1310,3542.493,1000,5746.76,36.533154,-243.253971,0.002041,0.068117
401887,1311,3609.646,1000,5761.09,37.081795,-243.85403,-0.001669,0.069738
402887,1312,3737.081,1000,5774.07,36.641703,-243.762623,0.001604,0.068165
403887,1313,3717.08,1000,5788.94,37.557314,-243.889698,-0.000254,0.068324
404887,1314,3600.854,1000,5803.53,36.397854,-244.252728,-0.003099,0.071304
405887,1315,3542.064,1000,5819.2,36.629709,-244.738488,-0.001114,0.072287
406887,1316,3775.058,1000,5834.84,36.857397,-244.535701,0.003372,0.06941
407740,1317,3230.197,853,5846.26,36.161662,-245.020119,-0.000824,0.070083
408740,1318,3705.944,1000,5860.06,37.856125,-245.207762,-0.000788,0.070735
409740,1319,3859.062,1000,5874.05,37.673861,-245.536637,0.000183,0.07052
410740,1320,3826.693,1000,5894.19,37.532013,-246.122759,-0.001975,0.072403
411740,1321,3667.317,1000,5907.1,36.812937,-246.300824,0.000945,0.071619
411902,1322,248.283,162,5909.34,36.253604,-245.927019,-0.000887,0.071577
411997,1323,184.023,95,5910.66,36.583351,-246.635046,-0.008936,0.072207
412074,1324,126.186,77,5911.73,36.074757,-247.241234,0.006933,0.072064
413074,1325,3471.805,1000,5925.1,37.143304,-246.705284,0.002476,0.069698
414074,1326,3696.726,1000,5938.62,37.352348,-246.999723,0.002713,0.067524
415074,1327,3633.254,1000,5952.34,37.331025,-247.01411,-0.004,0.071034
415708,1328,2315.745,634,5961.01,37.165381,-247.423445,-0.000935,0.071554
415807,1329,180.353,99,5962.49,38.269743,-247.283444,0.002118,0.071443
416194,1330,1302.56,387,5967.91,36.968386,-247.197424,0.003698,0.070048
417194,1331,3527.541,1000,5981.15,36.930521,-247.733701,0.001775,0.068221
418194,1332,3660.139,1000,5995.19,37.221538,-247.764015,-0.000509,0.06884
419194,1333,3821.336,1000,6008.37,37.812222,-248.054728,-0.002601,0.071169
420194,1334,3632.689,1000,6029.17,37.515526,-248.292201,0.004034,0.067807
421194,1335,3823.528,1000,6044.33,36.923921,-248.660631,-0.000503,0.068099
422127,1336,3562.777,933,6058.39,37.111613,-248.869933,-0.000923,0.069046
422805,1337,2482.368,678,6068.93,35.985942,-249.372064,0.000196,0.068746
423363,1338,2030.835,558,6077.46,36.837349,-249.057992,-0.00037,0.069111
424363,1339,3845.019,1000,6090.57,36.439283,-249.570015,0.002647,0.066758
424752,1340,1311.466,389,6096.11,37.13874,-249.818213,-0.003195,0.067678
425752,1341,3603.087,1000,6109.75,37.394396,-249.720929,-0.002392,0.070067
426752,1342,3595.311,1000,6123.29,37.75077,-250.318942,0.001855,0.068325
427752,1343,3687.819,1000,6136.71,36.339755,-250.336151,0.000483,0.067782
428752,1344,3782.354,1000,6151.43,36.512881,-250.85849,-0.003639,0.071105
429752,1345,3689.714,1000,6166.45,35.630996,-250.868335,0.002618,0.068626
430752,1346,3528.351,1000,6188.55,37.121422,-251.013444,-0.000822,0.069508
431752,1347,3401.625,1000,6204.19,37.36051,-251.322952,0.000624,0.068938
432752,1348,3789.199,1000,6218.18,35.92064,-251.594076,-0.000575,0.06925
433752,1349,3710.216,1000,6231.6,36.542235,-251.930341,-0.001208,0.070474
434752,1350,3802.786,1000,6245.55,36.246426,-252.15849,0.003454,0.067355
435752,1351,3711.79,1000,6258.96,36.478007,-252.508235,-0.000236,0.067535
436752,1352,3487.142,1000,6272.32,35.733739,-252.935138,-0.001035,0.068591
437752,1353,3746.472,1000,6286.49,35.938459,-252.986089,0.001641,0.067023
438242,1354,1757.107,490,6293.13,35.194584,-252.982418,0.000293,0.067074
439242,1355,3816.047,1000,6306.42,36.012373,-253.286348,-0.001946,0.068823
440242,1356,3762.415,1000,6325.77,35.609174,-253.707299,-0.000128,0.068905
441242,1357,3921.033,1000,6340.75,35.797277,-253.750268,-0.001632,0.070337
442242,1358,3774.077,1000,6355.55,36.218891,-254.248943,0.001144,0.069182
443242,1359,3704.565,1000,6369.68,35.393495,-254.704843,0.000574,0.068761
444242,1360,3862.147,1000,6383.23,35.783226,-254.732066,0.000807,0.068068
445242,1361,3533.239,1000,6397.92,35.239044,-255.081819,-0.000678,0.068714
446242,1362,3685.936,1000,6413.07,35.170963,-255.342808,0.000643,0.068221
446334,1363,192.479,92,6414.33,33.643831,-255.287097,-0.006589,0.068723
446424,1364,163.984,90,6415.58,35.183457,-255.001253,0.008902,0.068065
446743,1365,1182.959,319,6420.26,34.570327,-255.88057,-0.001632,0.068508
447743,1366,3638.156,1000,6435.98,36.379151,-255.4003,-9e-06,0.068473
448743,1367,3719.463,1000,6451.13,35.01489,-255.779933,-0.001324,0.069523
449304,1368,1966.03,561,6458.58,34.743157,-255.985163,-0.00118,0.070289
450304,1369,3744.624,1000,6477.88,35.619373,-255.758478,0.002102,0.068204
451304,1370,3725.463,1000,6491.26,36.021202,-256.102053,3.7e-05,0.068176
452304,1371,3532.748,1000,6505.32,34.968513,-255.983481,0.000258,0.068113
453304,1372,3567.479,1000,6520.17,35.03181,-256.558755,8.9e-05,0.068189
454304,1373,3814.876,1000,6535.67,34.688914,-256.539955,0.000882,0.067037
454694,1374,1495.656,390,6541.93,36.009651,-256.826853,-2.6e-05,0.067239
455694,1375,3679.77,1000,6557.8,35.441165,-256.326226,-0.001145,0.068229
456694,1376,3777.475,1000,6571.03,35.055948,-256.881389,-0.000115,0.068503
457694,1377,3741.753,1000,6585.38,34.711235,-257.059237,4.5e-05,0.068337
457808,1378,193.035,114,6587.02,35.364129,-256.645755,-0.005348,0.068808
458772,1379,3686.231,964,6599.61,36.057019,-257.186005,0.002886,0.066242
459772,1380,3755.611,1000,6613.98,35.534932,-257.306765,-0.001595,0.067736
460772,1381,3624.325,1000,6633.02,35.616616,-257.371205,0.001129,0.066699
461772,1382,3658.604,1000,6646.53,35.635969,-257.280125,-0.00053,0.06734
462772,1383,3777.141,1000,6659.98,35.63473,-257.673123,-0.001353,0.068335
463772,1384,3747.982,1000,6674.0,35.537771,-257.711259,-0.001781,0.070238
464772,1385,3687.301,1000,6687.71,35.107329,-258.124206,0.00295,0.067326
465606,1386,3159.501,834,6698.78,35.037318,-258.330552,0.000992,0.066601
466606,1387,3761.552,1000,6712.92,34.490608,-258.850319,0.002327,0.064806
467606,1388,3753.713,1000,6726.26,34.30347,-258.752711,-0.001766,0.066252
468606,1389,3666.487,1000,6740.35,34.061423,-258.970036,-0.000946,0.067192
469606,1390,3735.373,1000,6755.57,34.488541,-259.330714,-2e-05,0.066976
470606,1391,3796.984,1000,6778.13,34.119018,-259.465343,0.000587,0.06661
471120,1392,1931.612,514,6786.12,35.137184,-260.290836,-0.003831,0.06851
472120,1393,3849.557,1000,6801.02,34.137716,-260.106185,0.000684,0.067803
473120,1394,3911.467,1000,6814.15,33.819304,-260.186562,0.00086,0.066918
474120,1395,3750.928,1000,6828.31,33.114227,-260.141329,0.001399,0.065826
475120,1396,3836.184,1000,6841.37,34.281476,-260.521455,-0.002219,0.067631
476120,1397,3909.394,1000,6855.21,33.518354,-260.67239,0.001785,0.066105
477120,1398,3800.241,1000,6869.29,34.6797,-261.099012,0.000147,0.066077
478120,1399,3661.835,1000,6884.76,33.713238,-261.268971,-0.00113,0.06717
479120,1400,3649.505,1000,6900.42,34.489432,-261.516296,0.001712,0.065774
480120,1401,3710.044,1000,6921.99,33.001798,-261.702994,-0.000393,0.066107
481120,1402,3740.854,1000,6936.55,33.467332,-262.067244,0.00038,0.065879
481281,1403,448.52,161,6938.66,32.326419,-261.950336,0.001169,0.065718
482281,1404,3715.384,1000,6952.04,33.991292,-262.146863,-0.000497,0.066064
483281,1405,3866.097,1000,6966.44,33.839754,-262.310284,0.000138,0.065907
483910,1406,2247.511,629,6974.54,33.40393,-262.59462,-0.001804,0.066936
484910,1407,3774.479,1000,6988.85,32.746362,-262.68584,0.002113,0.065051
485910,1408,3534.916,1000,7001.83,34.405458,-263.000679,-0.002132,0.067088
486337,1409,1422.129,427,7007.88,32.617796,-263.115899,0.001292,0.066708
487337,1410,3513.632,1000,7020.99,33.241257,-263.14096,-1.6e-05,0.066565
488337,1411,3653.677,1000,7035.08,32.93358,-263.480076,0.001053,0.065537
489337,1412,3764.026,1000,7048.3,32.813928,-263.784525,-0.001209,0.066633
490337,1413,3827.815,1000,7068.29,32.402042,-263.947964,0.002031,0.064866
491337,1414,3719.806,1000,7081.64,32.98468,-263.971453,-0.000546,0.065209
492337,1415,3627.006,1000,7095.63,32.788282,-264.456023,0.000777,0.064744
493337,1416,3610.322,1000,7110.18,32.403023,-264.384558,-0.001956,0.066349
493414,1417,131.703,77,7111.3,31.15156,-264.111904,0.007892,0.065982
493528,1418,218.352,114,7112.92,32.556888,-264.953736,0.004031,0.065584
494528,1419,3604.296,1000,7127.8,33.712804,-264.669315,0.001056,0.064579
495528,1420,3487.95,1000,7141.98,33.193291,-264.740749,-0.000213,0.064887
496528,1421,3656.271,1000,7157.2,33.738067,-265.030518,-0.000313,0.065096
497193,1422,2569.827,665,7166.94,33.299788,-265.074444,-0.001529,0.065967
498193,1423,3842.194,1000,7179.73,32.511177,-265.408829,0.001792,0.064464
498278,1424,160.746,85,7180.8,32.561234,-264.690777,0.016025,0.063144
499278,1425,3871.221,1000,7195.22,32.74341,-265.152494,-0.000762,0.063907
500278,1426,3836.965,1000,7214.98,33.312445,-265.443114,-0.002636,0.06617
501278,1427,3718.027,1000,7229.37,33.095427,-265.859396,0.002229,0.064227
502278,1428,3886.582,1000,7243.99,32.7007,-265.718046,0.000399,0.063879
503278,1429,3758.633,1000,7259.51,32.742566,-265.991454,0.000561,0.063531
504278,1430,3947.735,1000,7274.93,33.02221,-266.224622,-0.003795,0.066989
505278,1431,3797.948,1000,7288.62,32.790746,-266.20323,0.001317,0.06582
506278,1432,3545.014,1000,7302.63,33.04227,-266.289628,0.000564,0.065381
507278,1433,3609.54,1000,7316.18,33.274083,-266.460784,0.002704,0.062815
508278,1434,3754.488,1000,7330.63,32.700612,-266.766555,0.000185,0.062926
509278,1435,3617.238,1000,7343.68,32.39678,-266.834214,-0.003495,0.066026
510278,1436,3477.128,1000,7363.1,31.874585,-267.060327,0.002564,0.063547
511278,1437,3535.091,1000,7376.22,32.720979,-267.69033,-0.000201,0.063837
512278,1438,3837.811,1000,7389.85,32.331741,-267.368726,-0.002417,0.065905
513278,1439,3792.478,1000,7403.66,32.726551,-267.742088,0.000436,0.065673
514278,1440,3765.492,1000,7416.89,33.274454,-267.815809,0.002478,0.063559
515278,1441,3818.875,1000,7430.58,32.521741,-268.299499,-0.001373,0.064666
516278,1442,3869.411,1000,7443.74,32.863042,-268.286913,0.000923,0.063914
517278,1443,3847.388,1000,7457.79,32.059829,-268.799867,0.000476,0.063426
518278,1444,3809.008,1000,7473.06,32.758963,-269.170315,0.00031,0.063225
519278,1445,3812.412,1000,7488.61,32.797228,-269.494649,0.000672,0.062467
520278,1446,3677.35,1000,7511.35,31.983762,-269.541763,-0.00082,0.063187
521278,1447,3801.377,1000,7526.4,32.355276,-270.001464,0.001149,0.062455
522278,1448,3759.196,1000,7539.93,31.930263,-270.065689,-0.000628,0.062903
523278,1449,3757.963,1000,7553.38,31.844908,-270.122188,0.000204,0.062767
524278,1450,3911.388,1000,7567.54,32.232175,-270.948103,0.000143,0.062616
525278,1451,3760.034,1000,7580.81,32.412123,-270.940997,0.001116,0.061611
526278,1452,3737.114,1000,7595.02,32.630779,-270.888258,-0.000821,0.062396
526432,1453,371.202,154,7597.24,32.743817,-271.193473,-0.000986,0.062437
527432,1454,3966.136,1000,7612.09,32.241152,-270.901395,-0.000499,0.06294
528432,1455,3844.954,1000,7627.98,32.240733,-271.414325,0.002474,0.0606
529432,1456,3614.237,1000,7643.61,31.779909,-271.778203,0.000403,0.060219
530432,1457,3857.406,1000,7663.01,32.613876,-271.568522,-0.00306,0.063147
530513,1458,105.033,81,7664.08,32.827144,-271.289944,-0.001372,0.063231
531513,1459,3693.905,1000,7678.46,31.684041,-272.130866,0.001123,0.062272
532513,1460,3718.092,1000,7691.79,31.795584,-272.209563,0.000656,0.061681
533513,1461,3789.999,1000,7705.59,32.73248,-272.290356,-0.001713,0.06301
534513,1462,3850.599,1000,7718.7,31.878442,-272.343483,0.001868,0.061291
535513,1463,3772.513,1000,7732.32,31.528264,-272.800642,0.00063,0.06082
536513,1464,3858.914,1000,7745.63,31.246578,-272.785997,-0.001007,0.061811
537513,1465,3761.607,1000,7759.61,32.010852,-273.056606,-0.002672,0.064224
538513,1466,3704.058,1000,7773.08,31.919512,-273.168429,0.002385,0.062048
539513,1467,3881.721,1000,7786.65,30.980171,-273.157999,-0.003034,0.064842
540513,1468,3829.513,1000,7806.09,31.796254,-273.344186,0.00215,0.063255
540583,1469,84.626,70,7807.11,31.307462,-273.383626,-0.007337,0.063451
540650,1470,84.862,67,7808.1,32.018651,-273.977625,0.002852,0.063449
541650,1471,3757.279,1000,7821.53,31.738167,-273.698361,0.000178,0.063221
542650,1472,3929.928,1000,7836.14,32.152602,-273.709099,0.000378,0.062914
543650,1473,3695.979,1000,7851.39,31.622985,-273.687339,-0.000133,0.063051
544650,1474,3881.093,1000,7867.16,32.139786,-273.927929,-0.00071,0.063726
545650,1475,3799.64,1000,7883.02,32.29171,-274.225094,0.00158,0.062248
546650,1476,3739.74,1000,7896.46,31.395148,-274.47599,0.000147,0.062256
547650,1477,3732.603,1000,7910.5,31.396217,-274.702729,0.000828,0.061496
548650,1478,3711.032,1000,7923.75,31.52019,-274.726512,-0.00344,0.064564
549650,1479,3863.385,1000,7937.86,31.918807,-274.891948,0.00131,0.063462
550650,1480,3784.005,1000,7958.99,30.926837,-275.26739,0.000866,0.062797
551650,1481,3932.196,1000,7973.61,31.300853,-275.469408,-0.000976,0.063755
552111,1482,1714.284,461,7980.63,32.444905,-275.443688,-0.00329,0.065069
553111,1483,3762.22,1000,7996.9,31.508549,-275.520653,0.001927,0.063307
554111,1484,3945.581,1000,8010.68,30.534908,-275.914183,-0.000767,0.064087
555111,1485,3813.116,1000,8024.84,30.488712,-276.109282,0.001723,0.06254
556111,1486,3782.685,1000,8038.0,30.916636,-276.314732,0.000213,0.062303
557111,1487,3863.199,1000,8052.48,31.928835,-276.416844,0.000128,0.062285
558111,1488,3795.806,1000,8065.63,30.343516,-276.675011,0.000898,0.061241
559111,1489,3712.036,1000,8079.25,30.996148,-276.577124,0.000305,0.061203
559340,1490,775.032,229,8083.26,31.007296,-277.05897,-0.007311,0.062474
560340,1491,3749.327,1000,8103.04,30.506479,-277.174714,-0.001074,0.063719
561340,1492,3796.284,1000,8116.37,31.257876,-277.032596,0.00114,0.062574
562340,1493,3813.749,1000,8130.57,31.568377,-277.255373,0.003086,0.059957
563340,1494,3786.812,1000,8143.88,30.732795,-277.541206,-0.003099,0.062689
564340,1495,3910.959,1000,8158.1,30.488489,-277.901711,5.9e-05,0.062548
565340,1496,3847.63,1000,8171.54,30.895618,-278.112693,-0.000365,0.063032
566340,1497,3954.463,1000,8186.47,30.632821,-277.973939,-0.00084,0.063697
567340,1498,3730.8,1000,8201.5,30.225571,-278.389184,0.003265,0.061045
568340,1499,3638.349,1000,8217.23,30.896849,-278.725467,0.000177,0.060809
569340,1500,3633.309,1000,8232.76,30.259955,-278.671034,-0.001767,0.062349
570340,1501,3705.658,1000,8253.28,29.904706,-278.941542,0.000305,0.062073
571340,1502,3875.613,1000,8267.5,31.107282,-279.124651,0.002949,0.059384
572340,1503,3932.394,1000,8280.81,29.78584,-279.813649,-0.003644,0.062789
573340,1504,3826.818,1000,8294.18,30.046513,-279.90247,-0.000704,0.063281
574340,1505,3759.563,1000,8308.36,29.405618,-280.026045,0.000605,0.062693
575340,1506,3808.416,1000,8324.04,30.101416,-280.208281,-0.000213,0.063029
576340,1507,3892.305,1000,8339.65,30.033502,-280.450589,0.001131,0.062086
577340,1508,3586.54,1000,8355.97,29.768032,-280.848159,-0.000398,0.062503
578340,1509,3710.583,1000,8370.89,30.277936,-280.65764,0.000227,0.062257
579340,1510,3764.919,1000,8384.02,29.830824,-280.721947,0.003563,0.059113
580340,1511,3760.859,1000,8403.81,29.609622,-281.099257,-0.003169,0.061936
581340,1512,3824.203,1000,8417.07,30.165326,-281.592592,-0.000441,0.062234
582340,1513,3794.806,1000,8430.85,30.839609,-281.850371,0.001127,0.061373
583340,1514,3889.529,1000,8444.08,29.890808,-281.785389,-0.001837,0.06284
584340,1515,3814.3,1000,8457.29,28.934297,-282.037229,-0.001257,0.063819
585340,1516,3643.391,1000,8471.19,30.533279,-282.100669,0.002581,0.061678
586340,1517,3723.46,1000,8484.33,29.633393,-282.452177,0.000666,0.061076
587070,1518,2648.472,730,8494.46,29.466066,-281.971802,0.003307,0.059039
588070,1519,3924.034,1000,8508.04,29.812709,-282.609397,-0.002912,0.061514
589070,1520,3905.864,1000,8521.89,29.582929,-282.797087,0.00046,0.061203
590070,1521,3737.008,1000,8544.41,29.708727,-283.288179,-0.000563,0.061595
591070,1522,3940.428,1000,8559.01,29.593232,-283.409822,0.001701,0.060461
592070,1523,3832.672,1000,8574.24,29.953704,-283.341869,-0.001165,0.061252
593070,1524,3897.736,1000,8590.0,28.803256,-283.913257,0.000802,0.060471
594070,1525,3834.503,1000,8605.55,29.519301,-283.667397,-0.000536,0.060981
595070,1526,3782.758,1000,8618.83,28.989513,-283.934256,0.000465,0.060641
596070,1527,3861.731,1000,8633.01,28.467388,-283.920846,-0.00087,0.061471
597070,1528,3848.189,1000,8645.96,30.173644,-284.290436,0.001863,0.059733
598070,1529,3806.482,1000,8660.16,28.949777,-284.766098,-0.002028,0.061543
599070,1530,3590.843,1000,8675.02,29.173356,-284.980012,3.8e-05,0.061587
600070,1531,3810.421,1000,8698.35,28.902119,-284.937925,-0.000587,0.062237
601070,1532,3794.406,1000,8714.68,28.907022,-285.345534,0.001421,0.061019
602070,1533,3949.65,1000,8728.56,29.114838,-285.586623,-0.002003,0.062812
603070,1534,3875.902,1000,8742.19,29.040724,-285.847654,0.001776,0.061109
604070,1535,3908.542,1000,8756.2,29.27834,-285.658124,-0.001611,0.06268
605070,1536,3822.621,1000,8770.19,28.559675,-286.115097,0.000693,0.061903
606070,1537,3792.964,1000,8784.16,28.867479,-286.570217,0.000806,0.061107
607070,1538,3779.711,1000,8798.01,28.999032,-286.536498,0.003345,0.05839
608070,1539,3866.037,1000,8811.09,28.49393,-286.698303,-0.000381,0.058739
608189,1540,240.1,119,8812.82,27.23196,-287.028181,-0.010673,0.059882
609189,1541,3732.548,1000,8826.87,28.194172,-287.050247,-0.000567,0.060442
610189,1542,3966.264,1000,8846.46,28.379192,-287.208385,-0.00042,0.060654
611189,1543,3731.272,1000,8860.14,28.202473,-287.61824,-0.000434,0.061185
612189,1544,3831.748,1000,8874.27,28.601981,-287.570997,0.000597,0.060518
613189,1545,4005.75,1000,8887.43,28.527281,-287.911981,0.001901,0.05915
614189,1546,3823.224,1000,8901.56,28.591431,-288.261283,-0.001181,0.059929
615189,1547,3743.63,1000,8916.61,28.399609,-287.944609,0.000229,0.06008
616189,1548,3781.743,1000,8931.0,27.954079,-288.421233,-0.002421,0.062125
617189,1549,3791.901,1000,8944.63,28.590101,-288.68709,0.001659,0.060765
618189,1550,3922.143,1000,8958.26,28.083627,-288.810036,0.001116,0.059595
619189,1551,3703.136,1000,8971.78,28.19365,-288.795115,0.001159,0.058579
620189,1552,3964.014,1000,8991.17,28.089663,-289.036436,-0.001668,0.060068
621189,1553,3847.053,1000,9005.01,28.718075,-288.955333,-0.000316,0.060368
622189,1554,3823.568,1000,9019.11,27.685188,-289.373745,-0.000259,0.060795
623189,1555,3874.811,1000,9034.28,27.941797,-289.512676,-0.000493,0.061154
624189,1556,3806.216,1000,9049.08,27.48836,-289.44798,0.000916,0.060368
625189,1557,3978.441,1000,9063.08,28.461921,-289.865872,-0.001617,0.061816
626189,1558,3944.902,1000,9077.67,27.956703,-289.68976,-0.000217,0.061878
627189,1559,3927.306,1000,9091.22,28.637061,-289.982529,0.001571,0.06059
628189,1560,3901.305,1000,9104.71,28.127744,-290.412773,0.0014,0.059332
629189,1561,3932.039,1000,9119.45,27.535865,-290.638073,-0.001206,0.060392
630189,1562,3705.259,1000,9138.56,28.414087,-290.667758,-0.002006,0.062135
631189,1563,3623.814,1000,9152.8,27.410253,-290.595221,0.00221,0.06015
632189,1564,3803.863,1000,9167.28,28.161674,-290.832476,-0.000785,0.060877
633189,1565,3725.233,1000,9180.54,28.089819,-291.074989,0.001117,0.059986
634189,1566,3979.108,1000,9194.85,28.243359,-290.809611,0.000658,0.059156
635189,1567,3941.565,1000,9207.98,29.011655,-291.028371,-0.000338,0.059649
636189,1568,3834.578,1000,9222.03,29.07472,-291.484323,0.000761,0.059031
637189,1569,3971.11,1000,9235.21,28.053943,-291.635931,-0.000146,0.059045
638189,1570,3771.186,1000,9248.8,28.359109,-291.945725,-0.001108,0.060135
638950,1571,2917.412,761,9258.67,27.147216,-291.644955,0.001428,0.059208
639950,1572,3859.864,1000,9273.63,26.897105,-292.222975,-0.000839,0.059854
640950,1573,3715.207,1000,9295.76,27.909738,-292.292283,-0.000171,0.059998
641950,1574,3930.487,1000,9311.34,27.766609,-292.476184,0.000161,0.060017
642950,1575,3804.912,1000,9326.45,27.219786,-292.720609,-0.001631,0.061303
643950,1576,3877.42,1000,9339.68,28.152555,-292.606954,0.000263,0.061196
644950,1577,3957.572,1000,9353.56,27.635953,-292.827762,0.000954,0.060134
645950,1578,3827.3,1000,9366.44,27.305699,-292.938236,-0.000694,0.060962
646950,1579,3723.896,1000,9380.67,27.432303,-293.154203,0.001807,0.05922
647657,1580,2977.899,707,9391.67,27.566906,-293.18546,-0.002583,0.061027
648657,1581,3820.723,1000,9406.18,26.930164,-293.344937,-0.00078,0.061591
649657,1582,3818.544,1000,9421.97,27.071695,-293.323163,0.002942,0.059037
650657,1583,3858.113,1000,9443.62,27.651039,-293.301118,0.003236,0.056313
651657,1584,3882.867,1000,9456.79,27.00774,-293.543425,-0.001413,0.057703
651749,1585,157.886,92,9458.1,25.608566,-293.82175,0.002157,0.057264
652749,1586,3934.74,1000,9471.86,27.26671,-293.779235,-0.001244,0.058337
653749,1587,3842.598,1000,9485.7,26.880928,-294.502355,0.000964,0.057538
654749,1588,3897.773,1000,9499.52,27.079073,-294.628495,-0.000408,0.057855
655749,1589,3842.442,1000,9513.19,27.223632,-294.621092,5.6e-05,0.058048
656749,1590,3916.993,1000,9527.21,27.464419,-294.939643,-0.000539,0.058443
657749,1591,3920.633,1000,9541.07,27.071027,-295.170102,0.003062,0.05568
658749,1592,3883.933,1000,9554.41,27.214856,-295.00014,-0.001927,0.057375
659749,1593,3820.725,1000,9568.17,26.60967,-295.071337,-0.001827,0.059051
660749,1594,3869.986,1000,9587.38,27.347677,-295.415444,0.000378,0.058719
661749,1595,3789.287,1000,9601.02,27.846051,-295.157713,-0.003572,0.061995
662427,1596,2637.834,678,9609.88,26.674275,-295.060011,0.003299,0.059846
663427,1597,3956.531,1000,9624.23,26.700496,-295.662062,0.000781,0.059149
664427,1598,3970.862,1000,9639.47,26.878947,-295.492641,0.0007,0.058686
665427,1599,3913.475,1000,9654.52,27.576192,-295.235395,5e-05,0.058571
666427,1600,3922.886,1000,9670.15,26.836445,-295.478789,0.000214,0.058401
667427,1601,3871.519,1000,9684.53,26.905874,-295.756283,-0.0013,0.05948
668427,1602,3829.494,1000,9698.87,26.615974,-295.787926,0.000768,0.058775
669427,1603,3853.223,1000,9711.71,27.045226,-295.612356,0.000292,0.058791
670427,1604,3871.662,1000,9731.71,26.731864,-295.919213,-0.000824,0.059112
671427,1605,3862.939,1000,9745.1,26.453724,-296.116447,-0.001418,0.060568
672427,1606,3825.856,1000,9759.86,27.469862,-296.225005,0.002026,0.058586
673427,1607,3785.197,1000,9775.24,26.767682,-296.057104,0.000609,0.058419
674427,1608,3723.737,1000,9790.7,26.433213,-296.52594,-0.000677,0.058985
675427,1609,3827.266,1000,9805.84,26.457847,-296.458633,0.001347,0.057647
676427,1610,3849.057,1000,9819.32,26.443769,-296.924568,-0.000749,0.058372
677427,1611,3916.899,1000,9833.27,26.616255,-296.969146,-0.001042,0.059236
678427,1612,3956.803,1000,9846.45,26.000563,-297.326238,0.001106,0.058243
679427,1613,4037.365,1000,9860.66,25.841451,-297.255513,0.002152,0.056544
680427,1614,3987.034,1000,9879.4,26.126014,-297.621175,-0.00087,0.05724
681427,1615,4000.482,1000,9893.3,26.151954,-297.345545,-7.4e-05,0.057202
682427,1616,4004.048,1000,9906.7,25.923064,-297.911102,-0.000513,0.057716
683427,1617,3851.364,1000,9920.55,26.221649,-297.958189,-0.000942,0.058457
684427,1618,4108.76,1000,9934.38,26.185841,-298.061319,-0.000513,0.058837
685427,1619,3897.539,1000,9947.82,26.109412,-298.209091,0.00194,0.057324
686427,1620,3881.3,1000,9961.79,26.072,-298.295678,-0.000331,0.057334
687427,1621,3889.895,1000,9974.88,26.709035,-298.37389,-0.001205,0.058307
688427,1622,3863.666,1000,9989.22,25.676592,-298.709257,0.000974,0.057619
688901,1623,1810.365,474,9996.44,25.787412,-298.738667,0.005106,0.055526
689901,1624,3922.786,1000,10011.06,25.524181,-298.915839,-0.003391,0.058437
690901,1625,3974.143,1000,10034.05,25.602015,-299.191441,-0.000772,0.059253
691337,1626,1616.16,436,10040.33,26.329832,-298.919898,-0.000704,0.059498
692337,1627,3704.778,1000,10054.37,25.987309,-299.238216,0.002428,0.057462
693337,1628,3907.836,1000,10068.13,25.62493,-299.190282,-0.000539,0.057754
694337,1629,3813.335,1000,10081.65,25.769742,-299.060371,-0.00136,0.059104
695337,1630,3875.648,1000,10095.36,26.573824,-299.67172,0.002277,0.057006
696337,1631,4034.85,1000,10110.31,25.889287,-299.639614,0.000314,0.056569
697337,1632,3919.178,1000,10124.65,25.28103,-299.728806,-0.000122,0.056861
698337,1633,3873.196,1000,10139.86,25.992559,-300.162705,-0.000182,0.057098
699337,1634,3932.124,1000,10155.77,25.360765,-300.317855,-0.001022,0.057986
700337,1635,3856.718,1000,10175.22,26.000974,-300.493954,0.001723,0.056564
701337,1636,3916.437,1000,10189.12,24.739155,-300.654143,-0.001981,0.058067
702337,1637,3865.715,1000,10202.58,24.843685,-300.963549,0.003098,0.055448
703337,1638,3902.712,1000,10216.42,25.677156,-300.85522,-0.00049,0.055983
704337,1639,4057.251,1000,10229.82,25.595486,-301.044629,-0.000771,0.056579
705337,1640,3861.972,1000,10243.12,25.423036,-301.103166,0.001608,0.055032
706337,1641,3991.888,1000,10257.06,26.096706,-301.290245,-0.002764,0.057492
707337,1642,3868.819,1000,10270.11,24.861658,-301.629557,-0.000764,0.058274
708337,1643,4054.571,1000,10284.14,25.104387,-301.647023,0.002843,0.055723
709337,1644,3936.896,1000,10297.33,25.959601,-302.194795,-0.000559,0.055978
710337,1645,3915.017,1000,10317.05,25.410455,-301.992551,-0.000276,0.056428
711337,1646,3920.833,1000,10330.33,25.846641,-302.345467,0.000355,0.056105
712337,1647,3997.627,1000,10345.06,25.129774,-302.199762,0.001415,0.054815
713337,1648,3955.943,1000,10360.31,25.470911,-302.202432,-0.000656,0.055526
714337,1649,3901.547,1000,10375.61,24.842724,-302.427951,-0.000804,0.056155
715337,1650,3952.229,1000,10390.99,24.465115,-302.644421,-0.000571,0.056635
716337,1651,3994.245,1000,10405.42,25.784358,-302.862066,0.002484,0.054429
717337,1652,3988.187,1000,10419.4,24.996043,-302.724234,-0.002549,0.056619
718337,1653,3962.887,1000,10432.59,25.246097,-303.105689,-0.000324,0.056936
719337,1654,3977.705,1000,10446.42,24.968132,-303.261684,-0.001348,0.058225
720337,1655,3907.718,1000,10466.02,24.614216,-303.369453,0.002507,0.056087
721337,1656,3917.027,1000,10480.91,24.708775,-303.750332,0.002565,0.053879
722337,1657,3882.51,1000,10496.21,25.131004,-303.900092,1e-06,0.053825
723337,1658,4044.53,1000,10511.24,24.30002,-303.929914,-0.002814,0.05627
724337,1659,3932.769,1000,10526.31,24.655665,-304.339891,0.00079,0.055584
725337,1660,3862.285,1000,10539.18,24.417638,-304.301124,0.001506,0.054254
726337,1661,3923.912,1000,10553.24,24.950855,-304.239109,0.000189,0.054031
727337,1662,3900.706,1000,10566.51,24.779226,-304.244929,-0.000686,0.054627
728075,1663,2890.928,738,10577.29,24.804436,-304.786105,-3.5e-05,0.054543
729075,1664,3838.379,1000,10590.14,24.913721,-304.56032,-0.001439,0.055817
730075,1665,4004.584,1000,10609.66,24.978442,-304.74174,0.001454,0.054653
731075,1666,3861.363,1000,10623.12,24.670802,-305.077244,0.001942,0.053083
732075,1667,3996.715,1000,10636.95,24.283619,-305.383613,-0.00184,0.054813
733075,1668,3948.536,1000,10650.56,25.326163,-305.418228,0.001228,0.053624
734075,1669,3920.632,1000,10664.39,23.92245,-305.738598,0.000557,0.053073
735075,1670,3952.01,1000,10678.13,24.227543,-305.587385,-9e-06,0.053209
736075,1671,3938.512,1000,10691.35,24.830455,-306.172214,0.00116,0.052394
737075,1672,4015.47,1000,10705.41,24.533465,-306.331528,-0.000964,0.053097
738075,1673,3819.861,1000,10720.27,24.204604,-306.299799,-0.001442,0.054407
739075,1674,3844.004,1000,10734.39,24.314008,-306.643827,0.001663,0.053179
740075,1675,3909.367,1000,10754.31,24.917909,-306.672946,-0.001984,0.054612
741075,1676,3775.96,1000,10768.26,23.526769,-307.08185,0.00236,0.052767
742075,1677,3984.651,1000,10782.15,24.173907,-307.290769,-0.001745,0.054256
743075,1678,3876.826,1000,10795.83,23.489412,-307.261797,0.002397,0.052233
744075,1679,3936.141,1000,10809.42,23.558843,-307.353321,-0.002163,0.054124
745075,1680,3955.581,1000,10823.97,24.507199,-307.341168,-0.00012,0.054088
746075,1681,3996.817,1000,10838.36,24.233437,-307.651616,0.001939,0.05249
747075,1682,3906.045,1000,10852.91,23.985286,-307.677828,-0.000934,0.053362
747162,1683,174.16,87,10853.99,28.517604,-307.772232,-0.002687,0.053393
748162,1684,3848.852,1000,10868.44,24.99103,-307.820791,-0.000213,0.053572
749162,1685,3918.751,1000,10882.34,23.955187,-308.05774,-0.004164,0.057557
750162,1686,3841.051,1000,10901.47,25.037405,-307.905625,0.005255,0.052879
751162,1687,3929.144,1000,10915.85,24.177263,-308.226464,-0.000949,0.05364
752162,1688,3948.706,1000,10929.62,24.706224,-308.120856,0.00143,0.052477
753162,1689,4008.338,1000,10944.26,23.810372,-308.422984,-0.000329,0.052657
754162,1690,3980.454,1000,10958.42,24.365476,-308.483967,-0.00226,0.054742
755162,1691,3899.045,1000,10972.16,24.192669,-308.723748,0.001558,0.053367
756162,1692,3921.988,1000,10986.1,24.031226,-308.930192,-0.002043,0.055205
757162,1693,3930.404,1000,11000.22,24.328086,-308.822847,0.001774,0.053664
758162,1694,3886.515,1000,11013.81,24.652639,-308.990544,0.001181,0.05243
759162,1695,3973.491,1000,11028.24,24.369687,-309.342869,-0.001517,0.053773
760162,1696,3965.5,1000,11047.96,24.379179,-309.318813,-0.000965,0.054734
761162,1697,4042.8,1000,11061.96,23.9209,-309.360966,0.000898,0.053875
762162,1698,3976.795,1000,11076.77,23.493923,-309.874643,-0.000483,0.054359
763162,1699,3915.823,1000,11092.92,23.64736,-309.731101,0.001041,0.053421
764162,1700,3995.831,1000,11107.66,23.695462,-309.80746,-0.001855,0.055068
765162,1701,4023.244,1000,11122.69,23.900744,-309.900797,0.00066,0.054503
766162,1702,3979.204,1000,11136.96,23.872942,-310.019305,0.001468,0.053119
767162,1703,3973.559,1000,11150.49,23.731267,-310.12076,-0.000284,0.053462
768162,1704,3948.278,1000,11163.98,23.595031,-310.196416,-0.002264,0.055235
769162,1705,3924.777,1000,11177.73,23.942984,-310.256068,0.002361,0.053355
770162,1706,3884.197,1000,11199.74,24.137413,-310.299201,-0.000605,0.053957
771162,1707,4039.833,1000,11214.56,23.843159,-310.493847,0.001968,0.052391
772162,1708,4040.688,1000,11230.97,23.010742,-310.743487,0.001494,0.05099
773162,1709,4098.366,1000,11245.95,22.617219,-310.903006,-0.001218,0.051864
774162,1710,3948.576,1000,11259.15,23.647856,-311.067276,0.000771,0.051436
775162,1711,4069.389,1000,11273.06,24.452115,-311.214639,-0.000877,0.052082
776162,1712,3970.593,1000,11286.94,23.10386,-311.48563,0.001314,0.051192
777162,1713,3956.87,1000,11300.65,22.894323,-311.724248,-0.001627,0.052451
778162,1714,3937.284,1000,11314.27,23.204923,-311.575856,0.001465,0.051334
779162,1715,3940.665,1000,11327.69,23.621268,-311.843428,0.000578,0.050714
780162,1716,3992.096,1000,11347.54,23.938266,-311.716634,-0.001532,0.052112
780406,1717,870.486,244,11350.64,23.83955,-312.360438,0.002991,0.051418
781406,1718,4071.991,1000,11364.03,23.414375,-311.538346,-0.002953,0.054055
782406,1719,3994.068,1000,11378.2,23.270609,-311.995,0.000779,0.05368
783406,1720,3965.671,1000,11391.9,23.229322,-312.059563,0.003075,0.050844
784406,1721,3937.805,1000,11405.54,23.250751,-312.446328,-0.003338,0.053561
785406,1722,3843.807,1000,11419.61,23.165712,-312.391518,0.000455,0.05338
786406,1723,3828.127,1000,11434.61,22.901829,-312.592315,0.001561,0.051977
787406,1724,3884.263,1000,11449.57,22.910086,-312.65686,-0.000209,0.052214
788406,1725,4090.214,1000,11465.55,23.659837,-312.693122,0.001453,0.050851
789406,1726,4008.368,1000,11479.97,23.345906,-312.88102,-0.000873,0.051692
790406,1727,3915.211,1000,11499.38,23.846494,-313.074165,-0.001252,0.052878
791406,1728,3914.33,1000,11512.89,23.722362,-312.705412,0.001139,0.052002
792406,1729,3900.609,1000,11526.34,23.214858,-313.044925,-0.000636,0.052389
792504,1730,98.527,98,11527.72,24.104319,-313.32127,-0.005245,0.05281
793504,1731,3961.407,1000,11541.15,22.760605,-313.224105,0.003071,0.050166
793767,1732,859.514,263,11544.9,23.990605,-312.714738,-0.00579,0.051422
794767,1733,3957.781,1000,11560.09,24.100557,-313.151998,-0.001971,0.053152
795767,1734,3959.316,1000,11576.02,23.314742,-313.182015,-0.00045,0.053639
796767,1735,3933.159,1000,11591.2,23.917761,-313.214434,-0.000661,0.054384
797767,1736,3995.346,1000,11606.38,23.332869,-313.216783,-0.00045,0.054882
797912,1737,419.823,145,11608.51,22.64957,-313.744764,-0.005315,0.055297
798912,1738,4031.6,1000,11621.8,23.351394,-313.480715,0.000596,0.054789
799912,1739,3844.266,1000,11635.91,25.216012,-313.546812,0.002302,0.052794
800912,1740,3875.573,1000,11655.23,22.6368,-313.631023,0.000129,0.052666
801912,1741,3872.584,1000,11669.08,23.77394,-313.356931,-0.001128,0.053785
802912,1742,3928.319,1000,11682.44,23.135481,-313.722517,0.000695,0.053375
803912,1743,3799.18,1000,11696.43,23.611635,-313.373551,0.002002,0.05146
804912,1744,3939.398,1000,11709.9,23.087933,-313.682506,-0.000628,0.052141
805912,1745,3942.928,1000,11723.45,23.401447,-313.920265,-0.002606,0.054454
806912,1746,3965.198,1000,11737.33,22.806168,-314.087438,0.002674,0.051987
807912,1747,3923.969,1000,11750.63,22.948968,-314.145768,-0.00288,0.054483
808912,1748,3926.577,1000,11765.02,23.101984,-313.837016,0.00183,0.053066
809912,1749,3920.548,1000,11778.09,23.07432,-314.265283,0.000971,0.052119
810912,1750,3896.017,1000,11799.81,24.031069,-314.245972,-0.001761,0.053818
811912,1751,3981.337,1000,11815.4,22.80884,-314.089061,0.001844,0.052305
812912,1752,3960.402,1000,11830.35,23.641149,-314.270846,0.001071,0.051277
813912,1753,3950.758,1000,11845.09,23.544849,-314.30438,-0.001559,0.05271
814912,1754,3898.124,1000,11858.76,23.415638,-314.452772,0.002007,0.050913
815912,1755,3881.838,1000,11872.69,22.656021,-314.325835,-0.002611,0.053169
816912,1756,2977.86,1000,11885.67,22.758423,-314.280931,0.001887,0.051532
817912,1757,3932.694,1000,11899.99,23.377485,-314.360168,-0.001344,0.052834
818912,1758,3797.108,1000,11914.91,23.195483,-314.525587,-8.3e-05,0.052911
819912,1759,3864.467,1000,11929.75,22.749481,-314.652631,-0.000479,0.053281
820912,1760,3999.685,1000,11954.46,23.031303,-314.61955,0.000685,0.052523
821912,1761,3998.818,1000,11968.86,23.234429,-314.609328,-0.000431,0.053063
822912,1762,3964.982,1000,11982.4,22.417398,-315.003669,0.001517,0.051709
823912,1763,3863.031,1000,11995.9,23.911525,-314.913301,-0.000584,0.052196
824912,1764,3938.434,1000,12009.93,22.688823,-315.37695,-0.000506,0.052747
825912,1765,3877.139,1000,12023.41,22.50054,-315.296971,0.00288,0.0501
826912,1766,3905.067,1000,12037.23,22.556118,-315.70216,-0.001147,0.051023
827912,1767,3933.587,1000,12050.29,22.011906,-315.786167,-0.000496,0.051617
827989,1768,158.831,77,12051.35,20.6144,-316.145132,-0.00706,0.051903
828989,1769,3938.709,1000,12065.41,22.398545,-315.641232,0.000576,0.051625
829989,1770,3977.235,1000,12078.83,22.557878,-315.743289,-0.000875,0.052282
830989,1771,4002.593,1000,12098.13,22.287421,-316.039706,-0.001905,0.053847
831989,1772,4032.395,1000,12111.48,22.222498,-315.891441,0.001862,0.052291
832989,1773,4151.75,1000,12124.84,22.515888,-315.821879,-0.002637,0.054726
833989,1774,3763.062,1000,12138.71,23.531496,-315.920566,0.003236,0.05179
834989,1775,4009.482,1000,12154.15,22.170782,-316.187082,0.000805,0.050987
835989,1776,3921.942,1000,12168.63,23.542959,-316.315268,-0.001251,0.052243
836989,1777,3964.611,1000,12184.91,23.538765,-316.175378,0.001804,0.050603
837989,1778,3925.672,1000,12199.6,22.591136,-316.420498,0.000953,0.049919
838989,1779,3991.905,1000,12212.66,23.132248,-316.55653,-0.002175,0.051627
839066,1780,111.302,77,12213.73,22.701904,-316.62336,0.0024,0.051488
840066,1781,3766.259,1000,12233.08,22.856699,-316.382726,-0.001512,0.052861
841066,1782,3948.995,1000,12246.53,22.742696,-316.775452,0.000186,0.052696
842066,1783,3999.549,1000,12260.04,23.050169,-316.66232,0.001457,0.051458
843066,1784,3932.934,1000,12274.89,22.544169,-317.100679,0.000455,0.051265
844066,1785,3960.716,1000,12289.8,22.564643,-316.703729,-0.000449,0.051598
845066,1786,3843.935,1000,12305.28,22.483836,-317.314795,0.000965,0.050681
846066,1787,3963.74,1000,12320.27,22.119188,-317.341141,-0.002202,0.0526
847066,1788,4009.988,1000,12334.33,22.587911,-317.403278,0.000849,0.051962
848066,1789,3993.328,1000,12347.84,23.017801,-317.405287,-0.000643,0.052331
849066,1790,3995.329,1000,12361.78,22.413665,-317.477868,0.000483,0.052142
850066,1791,4028.632,1000,12381.41,22.130883,-317.420467,-0.000395,0.052426
851066,1792,3938.248,1000,12395.17,22.218407,-317.377034,0.000679,0.051912
852066,1793,3986.857,1000,12409.47,22.09929,-317.926901,0.000987,0.050995
853066,1794,3869.428,1000,12424.45,22.639508,-317.688393,-0.000697,0.051615
854066,1795,3891.972,1000,12440.87,22.626569,-317.784216,-0.001971,0.053197
855066,1796,3928.566,1000,12458.4,22.547569,-317.872771,0.000752,0.052616
856066,1797,3961.826,1000,12475.45,22.655105,-317.774738,0.000485,0.052242
857066,1798,3999.217,1000,12489.93,22.025713,-317.937412,0.001127,0.05127
858066,1799,3827.603,1000,12503.88,21.861127,-318.259665,-0.001883,0.052874
859066,1800,4009.603,1000,12518.41,21.706935,-318.364451,0.002481,0.050801
860066,1801,3990.537,1000,12539.55,22.613341,-318.263808,-0.000834,0.051405
861066,1802,3951.063,1000,12552.67,22.586766,-318.146851,0.000606,0.050939
862066,1803,3928.816,1000,12567.16,22.605786,-318.566445,-0.000833,0.051623
863066,1804,3888.691,1000,12581.45,21.71618,-318.366878,-0.002395,0.0537
864066,1805,4027.568,1000,12595.2,22.140189,-318.45649,0.001672,0.052352
865066,1806,4019.758,1000,12608.36,21.773094,-318.294697,-0.000204,0.052454
866066,1807,3940.1,1000,12622.72,22.205644,-318.549057,0.001365,0.051345
867066,1808,3958.678,1000,12640.32,21.56625,-318.732503,-0.001276,0.052413
868066,1809,3917.863,1000,12654.35,21.638591,-318.669513,0.001062,0.051646
869066,1810,3976.955,1000,12668.12,21.790369,-318.779644,0.001261,0.050413
870066,1811,3997.382,1000,12688.0,21.87478,-318.773502,-0.000248,0.0507
871066,1812,4028.48,1000,12701.75,22.002515,-318.847054,-0.001606,0.052062
872066,1813,4045.8,1000,12715.53,22.146886,-318.872544,-0.000308,0.052428
873066,1814,3992.196,1000,12729.85,21.843766,-319.176392,0.002768,0.050015
874066,1815,3955.407,1000,12742.9,21.826173,-319.171595,-0.000383,0.050312
875066,1816,4007.159,1000,12756.74,21.54816,-319.514312,0.001032,0.049581
876066,1817,3971.194,1000,12769.93,22.109094,-319.553868,-0.000277,0.049818
877066,1818,3989.471,1000,12783.67,21.823948,-319.479412,-0.002303,0.052006
878066,1819,3958.563,1000,12797.3,21.365756,-319.348629,0.000461,0.051532
879066,1820,3909.999,1000,12810.96,21.667768,-319.641179,0.001102,0.050564
880066,1821,4089.553,1000,12830.85,21.932852,-320.208562,0.000383,0.05016
881066,1822,3719.263,1000,12844.18,21.603467,-319.994687,0.000237,0.050081
882066,1823,3910.842,1000,12858.64,21.327827,-320.234543,-0.000434,0.050541
883066,1824,3923.546,1000,12873.58,21.31919,-320.138631,-0.001007,0.051394
884066,1825,3906.019,1000,12888.71,21.862882,-320.369497,2.5e-05,0.051335
885066,1826,3911.541,1000,12904.34,21.128847,-320.539384,0.000246,0.051033
886066,1827,3929.991,1000,12919.91,21.315739,-320.859242,0.000336,0.050609
887066,1828,3799.284,1000,12933.73,21.871696,-320.734409,0.000824,0.04994
888066,1829,3990.77,1000,12947.27,21.579463,-320.954444,0.00018,0.049901
889066,1830,3924.881,1000,12961.36,22.233357,-320.891047,-0.000629,0.050334
890066,1831,3952.685,1000,12980.46,22.081819,-321.261989,0.001153,0.049391
891066,1832,3994.227,1000,12995.0,21.292496,-321.179923,-0.002416,0.05148
892066,1833,3882.842,1000,13009.85,21.743558,-321.098057,0.000314,0.051293
893066,1834,3970.029,1000,13025.49,22.150324,-321.197224,0.001502,0.049989
894066,1835,3940.658,1000,13041.02,22.064858,-321.236407,-0.000697,0.050553
895066,1836,3862.426,1000,13054.77,21.458183,-321.726686,0.003809,0.047192
896066,1837,4060.246,1000,13068.8,21.022711,-321.499721,-0.002649,0.049556
897066,1838,4004.223,1000,13082.49,21.601708,-321.646313,-0.003565,0.052693
898066,1839,3936.363,1000,13096.5,21.100737,-322.066701,-0.000482,0.053081
899066,1840,3923.196,1000,13109.98,22.158299,-322.121958,0.004382,0.04929
900066,1841,3969.37,1000,13129.64,21.274339,-322.054902,-0.000634,0.049964
901066,1842,3967.626,1000,13142.51,22.333483,-322.416155,9.6e-05,0.049811
902066,1843,4005.281,1000,13156.7,22.183971,-322.4078,0.002323,0.047833
903066,1844,3921.28,1000,13170.08,20.737631,-322.472416,-0.002302,0.049967
904066,1845,3917.347,1000,13183.86,20.9731,-322.54409,-0.000444,0.050154
905066,1846,3912.949,1000,13197.57,20.922351,-322.573205,0.001992,0.04848
906066,1847,4019.839,1000,13211.11,21.120505,-322.69214,-0.00234,0.050455
907066,1848,3978.674,1000,13225.52,21.732795,-322.977724,-0.000174,0.05092
908066,1849,3990.157,1000,13240.55,21.351854,-322.475533,0.000672,0.05021
909066,1850,3960.65,1000,13255.18,22.268628,-322.655803,-0.000273,0.050229
910066,1851,3968.209,1000,13278.49,21.167323,-322.795019,0.001038,0.049573
911066,1852,4049.523,1000,13292.4,21.333078,-322.933339,0.001101,0.048596
912066,1853,3972.36,1000,13306.13,21.353464,-323.34218,-0.000269,0.048571
913066,1854,3964.421,1000,13319.97,20.824934,-323.275436,-0.001039,0.049644
914066,1855,4003.964,1000,13333.65,21.353676,-323.310254,-0.001632,0.051108
915066,1856,3931.009,1000,13348.49,21.151947,-323.491997,0.000427,0.05066
916066,1857,4000.15,1000,13363.88,22.020262,-323.515189,0.000489,0.050408
917066,1858,3969.55,1000,13379.8,21.933735,-323.499104,0.001653,0.04903
918066,1859,4004.531,1000,13395.56,21.404974,-323.74766,-0.000141,0.049021
919066,1860,4000.897,1000,13409.42,21.511712,-324.168366,-0.001127,0.050144
920066,1861,4044.145,1000,13429.39,20.955205,-324.113519,-0.000171,0.05041
921066,1862,3977.165,1000,13442.84,20.865161,-324.412909,0.000658,0.049831
922066,1863,3956.507,1000,13456.52,21.158065,-324.551172,0.000285,0.049597
923066,1864,4102.795,1000,13470.36,21.738617,-324.544798,-0.001921,0.051204
924066,1865,4082.793,1000,13484.05,21.403135,-324.90281,0.004063,0.047705
925066,1866,3835.556,1000,13498.01,21.317714,-325.088858,-0.000361,0.048013
926066,1867,3820.677,1000,13511.07,20.617999,-325.205939,-0.000495,0.04854
927066,1868,4058.632,1000,13525.08,21.927475,-324.973841,-0.001537,0.049968
928066,1869,3762.54,1000,13538.54,21.15427,-325.192557,0.000834,0.049122
929066,1870,3951.924,1000,13552.45,21.182013,-325.129542,-1.8e-05,0.049213
930066,1871,4069.615,1000,13572.21,21.031716,-325.464957,-0.000781,0.04993
931066,1872,3833.448,1000,13587.35,20.459738,-325.581835,0.001708,0.048534
932066,1873,4009.373,1000,13602.94,21.640178,-325.603348,-0.001566,0.049712
933066,1874,3972.369,1000,13618.46,20.954006,-325.45136,0.001591,0.048497
934066,1875,3995.935,1000,13634.11,20.930957,-325.268637,-0.001776,0.050044
935066,1876,3909.039,1000,13648.25,22.205088,-325.355435,-0.001267,0.051358
936066,1877,3908.845,1000,13662.8,21.421542,-325.432736,0.002886,0.048404
937066,1878,3910.816,1000,13676.04,20.781453,-325.636401,-0.001517,0.049918
938066,1879,3904.214,1000,13689.49,20.510239,-325.950689,0.002257,0.048047
939066,1880,3924.804,1000,13703.36,20.672102,-325.841276,0.00024,0.047648
940066,1881,3979.853,1000,13724.92,20.629706,-325.669131,-0.001378,0.048964
941066,1882,3972.926,1000,13740.76,20.293681,-325.96851,0.000142,0.048913
942066,1883,3901.551,1000,13757.04,20.697999,-326.095962,-0.000313,0.04922
943066,1884,4059.701,1000,13771.3,20.701069,-326.280967,-0.002301,0.051073
944066,1885,3908.014,1000,13785.32,21.31779,-325.995334,0.002597,0.048975
945066,1886,3913.672,1000,13799.41,20.315512,-326.430819,0.000173,0.048903
946066,1887,4108.53,1000,13812.99,20.12264,-326.618605,0.001361,0.047644
947066,1888,4008.671,1000,13826.7,20.237438,-326.552366,-0.00219,0.049438
948066,1889,4072.397,1000,13839.95,20.659362,-326.715406,-0.00019,0.049738
949066,1890,3919.127,1000,13854.1,20.341203,-326.64211,0.000599,0.049373
950066,1891,4000.355,1000,13874.35,21.131968,-326.837524,-0.000317,0.049489
951066,1892,4041.134,1000,13887.39,19.942977,-326.579432,0.001246,0.04849
952066,1893,4029.941,1000,13902.05,20.024276,-327.082017,0.002537,0.04632
953066,1894,3923.728,1000,13915.51,20.881192,-327.368089,-0.002517,0.048403
954066,1895,3970.001,1000,13929.64,21.126595,-327.136087,-0.000539,0.049015
955066,1896,3998.86,1000,13943.17,20.411732,-327.335923,-0.000447,0.049336
956066,1897,3915.012,1000,13957.96,20.222807,-327.240466,0.000376,0.049039
957066,1898,3977.378,1000,13973.58,20.388822,-327.338435,-0.000557,0.049581
958066,1899,3772.644,1000,13989.9,20.349412,-327.222626,0.001205,0.048535
959066,1900,3993.761,1000,14005.01,20.496602,-327.5397,7.4e-05,0.0485
960066,1901,3942.545,1000,14024.06,20.60803,-327.414059,-0.000471,0.048833
961066,1902,3979.149,1000,14037.91,20.898099,-327.456252,0.001277,0.047658
962066,1903,3992.461,1000,14051.08,19.81812,-327.495684,0.00053,0.047254
963066,1904,3951.357,1000,14065.55,19.804799,-327.57994,-0.000634,0.04791
964066,1905,3964.003,1000,14081.18,21.25768,-327.625608,-0.002092,0.049923
965066,1906,3885.381,1000,14096.57,20.707204,-327.654003,0.002111,0.047977
966066,1907,3916.96,1000,14112.67,20.733471,-327.899736,-0.001279,0.049256
967066,1908,3929.806,1000,14126.93,20.800175,-327.827257,-0.001329,0.050435
968066,1909,3911.146,1000,14141.11,20.477928,-327.839671,0.001353,0.049162
969066,1910,4001.4,1000,14154.14,19.784694,-328.252857,0.001335,0.048192
970066,1911,3981.049,1000,14174.95,20.643961,-328.449449,-0.00141,0.049409
971066,1912,3976.928,1000,14188.14,20.912549,-328.228945,0.001712,0.047588
972066,1913,3987.655,1000,14201.53,20.65422,-328.2753,-0.000911,0.048557
973066,1914,3910.011,1000,14215.2,20.007592,-328.424077,-0.000853,0.04941
974066,1915,3982.461,1000,14228.57,20.526862,-328.18157,0.000455,0.048975
975066,1916,3969.465,1000,14242.63,20.64226,-328.341647,-0.000956,0.049929
976066,1917,4006.401,1000,14255.95,20.578998,-328.452009,0.000345,0.049595
977066,1918,3981.322,1000,14269.99,20.80105,-328.543116,-0.0014,0.050903
978066,1919,3975.697,1000,14282.87,20.696561,-328.37266,0.002504,0.048604
979066,1920,3968.641,1000,14297.01,20.540145,-328.705748,0.002184,0.046743
980066,1921,3958.891,1000,14317.8,21.310681,-328.803436,-0.001519,0.04816
981066,1922,3998.82,1000,14331.1,19.921894,-329.226655,0.000615,0.047668
982066,1923,3921.129,1000,14345.42,20.354518,-329.141996,-0.000325,0.047945
983066,1924,4067.192,1000,14359.94,19.795298,-329.468046,-0.000748,0.048628
984066,1925,3996.667,1000,14373.5,19.368961,-329.379786,0.000994,0.047692
985066,1926,4008.334,1000,14387.66,20.216626,-329.491163,0.000502,0.047227
986066,1927,4020.493,1000,14401.85,20.115612,-329.602177,-0.00126,0.048463
987066,1928,3959.998,1000,14415.93,21.221282,-329.621642,0.002038,0.046674
988066,1929,3937.116,1000,14430.3,19.702905,-329.819337,-0.001696,0.048102
989066,1930,3937.578,1000,14444.08,20.049631,-329.959917,0.001635,0.046628
990066,1931,3971.172,1000,14465.18,19.905052,-330.170432,-0.000629,0.047234
991066,1932,4014.443,1000,14478.7,20.027687,-330.380636,-0.002053,0.048976
992066,1933,4015.016,1000,14492.6,19.829207,-329.777034,-0.000305,0.049403
993066,1934,4096.998,1000,14506.97,20.089689,-330.035299,0.002363,0.04737
994066,1935,3960.711,1000,14520.54,19.609554,-330.267527,-4.9e-05,0.047454
995066,1936,3943.988,1000,14535.14,20.898213,-330.347614,-0.000932,0.048178
996066,1937,3944.644,1000,14549.36,19.785874,-330.453019,0.000787,0.04748
997066,1938,3965.009,1000,14563.13,20.631889,-330.409675,-0.001799,0.049145
997927,1939,3462.837,861,14574.31,20.580865,-330.802373,0.001731,0.047823
998927,1940,3873.437,1000,14588.55,20.591957,-331.140648,0.000847,0.047054
999927,1941,3584.126,1000,14601.27,20.02258,-331.219451,0.0007,0.046371
