timestep,episode,episode_reward,episode_length,wall_time,policy_loss,value_loss,entropy,approx_kl
23,0,20.439,23,0.27,,,,
48,1,4.137,25,0.32,,,,
81,2,6.04,33,0.38,,,,
93,3,0.769,12,0.4,,,,
110,4,0.998,17,0.42,,,,
121,5,0.795,11,0.44,,,,
135,6,1.047,14,0.47,,,,
155,7,2.1,20,0.5,,,,
175,8,1.446,20,0.55,,,,
194,9,1.095,19,0.59,,,,
217,10,2.496,23,0.64,,,,
234,11,1.619,17,0.67,,,,
245,12,0.244,11,0.69,,,,
258,13,0.977,13,0.71,,,,
279,14,2.733,21,0.75,,,,
318,15,1.357,39,0.82,,,,
340,16,1.367,22,0.85,,,,
354,17,1.39,14,0.87,,,,
374,18,2.749,20,0.91,,,,
387,19,1.36,13,0.93,,,,
434,20,9.226,47,1.02,,,,
441,21,0.323,7,1.03,,,,
457,22,0.818,16,1.06,,,,
480,23,2.227,23,1.1,,,,
494,24,1.021,14,1.12,,,,
511,25,1.675,17,1.15,,,,
526,26,0.566,15,1.17,,,,
540,27,1.189,14,1.2,,,,
567,28,1.964,27,1.25,,,,
581,29,0.813,14,1.27,,,,
601,30,2.028,20,1.31,,,,
616,31,1.225,15,1.33,,,,
665,32,4.642,49,1.42,,,,
688,33,2.345,23,1.46,,,,
705,34,0.997,17,1.48,,,,
725,35,0.722,20,1.52,,,,
744,36,1.723,19,1.55,,,,
776,37,2.607,32,1.6,,,,
821,38,4.243,45,1.68,,,,
848,39,1.329,27,1.72,,,,
868,40,0.922,20,1.75,,,,
889,41,2.336,21,1.79,,,,
904,42,1.31,15,1.81,,,,
920,43,1.124,16,1.84,,,,
936,44,1.437,16,1.86,,,,
956,45,2.053,20,1.91,,,,
984,46,2.572,28,1.95,,,,
994,47,0.645,10,1.97,,,,
1004,48,0.453,10,1.99,,,,
1020,49,0.793,16,2.01,,,,
1036,50,1.265,16,2.04,,,,
1061,51,1.662,25,2.08,,,,
1077,52,1.489,16,2.11,,,,
1096,53,1.727,19,2.14,,,,
1107,54,0.874,11,2.15,,,,
1114,55,0.391,7,2.17,,,,
1131,56,1.753,17,2.19,,,,
1145,57,1.021,14,2.21,,,,
1161,58,0.91,16,2.24,,,,
1193,59,1.471,32,2.3,,,,
1209,60,0.968,16,2.33,,,,
1221,61,0.882,12,2.35,,,,
1234,62,1.123,13,2.37,,,,
1248,63,0.744,14,2.4,,,,
1266,64,1.694,18,2.43,,,,
1276,65,0.742,10,2.44,,,,
1288,66,1.095,12,2.47,,,,
1309,67,1.044,21,2.5,,,,
1321,68,0.483,12,2.52,,,,
1341,69,2.131,20,2.56,,,,
1360,70,1.684,19,2.59,,,,
1371,71,1.056,11,2.61,,,,
1395,72,1.222,24,2.65,,,,
1405,73,0.853,10,2.67,,,,
1420,74,0.955,15,2.7,,,,
1438,75,1.768,18,2.73,,,,
1468,76,2.893,30,2.78,,,,
1479,77,0.867,11,2.8,,,,
1501,78,1.787,22,2.83,,,,
1523,79,1.873,22,2.88,,,,
1538,80,1.05,15,2.91,,,,
1546,81,0.453,8,2.92,,,,
1573,82,1.984,27,2.97,,,,
1588,83,1.083,15,3.0,,,,
1598,84,0.718,10,3.02,,,,
1617,85,2.16,19,3.05,,,,
1635,86,1.249,18,3.08,,,,
1650,87,0.829,15,3.1,,,,
1664,88,1.229,14,3.13,,,,
1697,89,3.555,33,3.2,,,,
1708,90,0.941,11,3.22,,,,
1733,91,1.895,25,3.26,,,,
1745,92,1.118,12,3.28,,,,
1775,93,1.894,30,3.33,,,,
1796,94,1.274,21,3.36,,,,
1812,95,1.794,16,3.39,,,,
1830,96,2.087,18,3.42,,,,
1845,97,1.654,15,3.45,,,,
1864,98,0.859,19,3.49,,,,
1879,99,1.02,15,3.52,,,,
1893,100,0.736,14,3.54,,,,
1912,101,1.694,19,3.57,,,,
1933,102,1.102,21,3.6,,,,
1960,103,3.462,27,3.65,,,,
2003,104,4.453,43,3.74,,,,
2016,105,0.967,13,3.76,,,,
2029,106,1.268,13,3.78,,,,
2042,107,0.836,13,3.8,,,,
2080,108,1.219,38,6.68,,,,
2190,109,14.952,110,6.88,,,,
2200,110,0.456,10,6.9,,,,
2215,111,0.836,15,6.92,,,,
2232,112,1.457,17,6.95,,,,
2252,113,0.815,20,6.99,,,,
2266,114,0.888,14,7.02,,,,
2278,115,0.718,12,7.04,,,,
2294,116,1.178,16,7.07,,,,
2322,117,1.94,28,7.11,,,,
2331,118,0.467,9,7.13,,,,
2346,119,0.702,15,7.16,,,,
2382,120,2.785,36,7.23,,,,
2403,121,1.808,21,7.28,,,,
2442,122,3.015,39,7.35,,,,
2458,123,1.224,16,7.38,,,,
2469,124,0.556,11,7.4,,,,
2478,125,0.468,9,7.42,,,,
2490,126,0.68,12,7.45,,,,
2506,127,1.184,16,7.48,,,,
2519,128,0.717,13,7.52,,,,
2532,129,0.872,13,7.55,,,,
2597,130,9.845,65,7.67,,,,
2611,131,0.694,14,7.69,,,,
2634,132,1.804,23,7.74,,,,
2654,133,1.345,20,7.78,,,,
2678,134,0.787,24,7.83,,,,
2695,135,0.635,17,7.86,,,,
2742,136,5.561,47,7.96,,,,
2769,137,2.251,27,8.02,,,,
2884,138,15.377,115,8.22,,,,
2903,139,0.405,19,8.25,,,,
2918,140,0.714,15,8.28,,,,
2937,141,0.578,19,8.31,,,,
2950,142,0.389,13,8.34,,,,
2970,143,0.741,20,8.37,,,,
3024,144,2.792,54,8.47,,,,
3033,145,0.297,9,8.48,,,,
3056,146,0.362,23,8.52,,,,
3100,147,0.831,44,8.6,,,,
3134,148,1.961,34,8.66,,,,
3152,149,0.74,18,8.71,,,,
3179,150,1.265,27,8.78,,,,
3251,151,6.645,72,8.91,,,,
3321,152,6.365,70,9.05,,,,
3339,153,0.843,18,9.08,,,,
3349,154,0.256,10,9.09,,,,
3360,155,0.36,11,9.11,,,,
3378,156,0.516,18,9.15,,,,
3398,157,0.901,20,9.19,,,,
3411,158,0.421,13,9.22,,,,
3479,159,5.142,68,9.34,,,,
3497,160,0.346,18,9.38,,,,
3509,161,0.198,12,9.4,,,,
3531,162,0.975,22,9.44,,,,
3552,163,0.841,21,9.47,,,,
3574,164,0.953,22,9.51,,,,
3615,165,3.145,41,9.59,,,,
3646,166,1.873,31,9.65,,,,
3700,167,4.234,54,9.76,,,,
3729,168,0.928,29,9.81,,,,
3742,169,0.283,13,9.83,,,,
3762,170,0.652,20,9.87,,,,
3778,171,0.473,16,9.89,,,,
3868,172,8.83,90,10.06,,,,
3962,173,8.998,94,10.23,,,,
3987,174,0.745,25,10.28,,,,
3998,175,0.337,11,10.3,,,,
4031,176,0.811,33,10.36,,,,
4044,177,0.363,13,10.38,,,,
4092,178,3.099,48,10.47,,,,
4145,179,3.789,53,13.16,,,,
4209,180,3.14,64,13.28,,,,
4236,181,1.333,27,13.33,,,,
4246,182,0.254,10,13.35,,,,
4316,183,2.435,70,13.47,,,,
4364,184,2.117,48,13.56,,,,
4380,185,0.621,16,13.6,,,,
4431,186,3.339,51,13.7,,,,
4468,187,1.324,37,13.77,,,,
4492,188,0.69,24,13.82,,,,
4572,189,5.308,80,14.0,,,,
4621,190,1.802,49,14.1,,,,
4631,191,0.282,10,14.12,,,,
4654,192,0.35,23,14.17,,,,
4740,193,6.341,86,14.34,,,,
4763,194,1.039,23,14.39,,,,
4811,195,3.283,48,14.48,,,,
4824,196,0.334,13,14.5,,,,
4865,197,1.712,41,14.57,,,,
4890,198,1.044,25,14.62,,,,
4908,199,0.494,18,14.65,,,,
4973,200,4.82,65,14.76,,,,
4987,201,0.53,14,14.79,,,,
5040,202,3.315,53,14.88,,,,
5144,203,8.089,104,15.06,,,,
5154,204,0.258,10,15.09,,,,
5215,205,3.849,61,15.19,,,,
5279,206,4.618,64,15.3,,,,
5294,207,0.579,15,15.33,,,,
5370,208,5.071,76,15.47,,,,
5418,209,1.841,48,15.55,,,,
5454,210,2.166,36,15.61,,,,
5485,211,0.928,31,15.67,,,,
5505,212,0.916,20,15.71,,,,
5543,213,2.488,38,15.78,,,,
5589,214,2.848,46,15.86,,,,
5668,215,5.21,79,16.0,,,,
5693,216,0.311,25,16.04,,,,
5706,217,0.388,13,16.07,,,,
5793,218,3.263,87,16.22,,,,
5834,219,1.99,41,16.29,,,,
5956,220,6.637,122,16.52,,,,
6005,221,2.991,49,16.6,,,,
6025,222,0.654,20,16.65,,,,
6037,223,0.323,12,16.68,,,,
6079,224,2.322,42,16.76,,,,
6142,225,4.59,63,16.87,,,,
6195,226,3.639,53,19.54,,,,
6307,227,6.433,112,19.75,,,,
6329,228,0.924,22,19.79,,,,
6400,229,1.784,71,19.91,,,,
6455,230,3.567,55,20.02,,,,
6503,231,3.053,48,20.12,,,,
6519,232,0.532,16,20.16,,,,
6559,233,2.489,40,20.24,,,,
6641,234,3.317,82,20.4,,,,
6672,235,1.957,31,20.46,,,,
6720,236,2.957,48,20.55,,,,
6793,237,3.887,73,20.69,,,,
6826,238,1.917,33,20.76,,,,
6895,239,4.884,69,20.88,,,,
6971,240,5.105,76,21.04,,,,
7033,241,3.131,62,21.14,,,,
7052,242,0.699,19,21.17,,,,
7128,243,5.337,76,21.31,,,,
7162,244,1.646,34,21.37,,,,
7186,245,1.067,24,21.41,,,,
7221,246,1.766,35,21.47,,,,
7291,247,5.387,70,21.6,,,,
7328,248,2.048,37,21.66,,,,
7423,249,6.533,95,21.82,,,,
7479,250,3.508,56,21.92,,,,
7555,251,4.578,76,22.05,,,,
7602,252,2.954,47,22.14,,,,
7649,253,2.955,47,22.22,,,,
7730,254,2.845,81,22.36,,,,
7763,255,1.46,33,22.43,,,,
7804,256,2.497,41,22.5,,,,
7852,257,2.959,48,22.58,,,,
7904,258,2.836,52,22.67,,,,
7970,259,3.511,66,22.78,,,,
8011,260,0.861,41,22.86,,,,
8064,261,3.442,53,22.95,,,,
8134,262,4.735,70,23.07,,,,
8148,263,0.123,14,23.1,,,,
8229,264,5.735,81,25.58,,,,
8273,265,2.611,44,25.66,,,,
8303,266,1.812,30,25.72,,,,
8370,267,4.64,67,25.84,,,,
8429,268,4.004,59,25.95,,,,
8511,269,5.752,82,26.1,,,,
8543,270,1.188,32,26.16,,,,
8581,271,2.312,38,26.24,,,,
8643,272,4.254,62,26.36,,,,
8691,273,3.062,48,26.45,,,,
8729,274,2.28,38,26.53,,,,
8818,275,6.531,89,26.7,,,,
8922,276,8.538,104,26.9,,,,
8962,277,2.028,40,26.97,,,,
9000,278,2.035,38,27.03,,,,
9081,279,5.716,81,27.17,,,,
9125,280,2.548,44,27.24,,,,
9182,281,3.663,57,27.36,,,,
9193,282,0.274,11,27.38,,,,
9246,283,3.343,53,27.47,,,,
9291,284,2.397,45,27.55,,,,
9429,285,9.474,138,27.83,,,,
9526,286,7.337,97,28.03,,,,
9645,287,8.014,119,28.25,,,,
9765,288,7.207,120,28.46,,,,
9805,289,2.112,40,28.54,,,,
9856,290,2.945,51,28.63,,,,
9917,291,3.521,61,28.74,,,,
9953,292,1.916,36,28.8,,,,
9988,293,1.801,35,28.87,,,,
10038,294,2.762,50,29.28,,,,
10089,295,2.965,51,29.38,,,,
10102,296,0.364,13,29.41,,,,
10134,297,1.718,32,29.46,,,,
10177,298,2.373,43,29.54,,,,
10274,299,6.328,97,31.78,,,,
10317,300,2.145,43,31.86,,,,
10418,301,7.086,101,32.03,,,,
10463,302,2.4,45,32.11,,,,
10572,303,5.283,109,32.31,,,,
10613,304,2.181,41,32.39,,,,
10647,305,1.759,34,32.46,,,,
10724,306,4.988,77,32.61,,,,
10789,307,3.601,65,32.74,,,,
10851,308,3.592,62,32.86,,,,
10961,309,7.539,110,33.07,,,,
11023,310,3.302,62,33.18,,,,
11120,311,6.494,97,33.35,,,,
11212,312,6.154,92,33.52,,,,
11277,313,3.599,65,33.63,,,,
11379,314,6.426,102,33.82,,,,
11426,315,2.185,47,33.9,,,,
11498,316,4.326,72,34.03,,,,
11593,317,6.528,95,34.2,,,,
11697,318,6.846,104,34.38,,,,
11742,319,2.334,45,34.46,,,,
11790,320,2.305,48,34.55,,,,
11837,321,2.415,47,34.64,,,,
11905,322,3.848,68,34.79,,,,
11942,323,1.847,37,34.85,,,,
11992,324,2.42,50,34.94,,,,
12083,325,5.615,91,35.11,,,,
12136,326,2.409,53,35.2,,,,
12206,327,4.257,70,35.32,,,,
12280,328,3.816,74,35.46,,,,
12343,329,3.425,63,37.83,,,,
12419,330,3.852,76,37.96,,,,
12516,331,6.183,97,38.13,,,,
12581,332,3.427,65,38.23,,,,
12694,333,7.034,113,38.46,,,,
12795,334,5.597,101,38.66,,,,
12893,335,6.047,98,38.86,,,,
12988,336,6.077,95,39.06,,,,
13091,337,6.64,103,39.24,,,,
13196,338,6.518,105,39.42,,,,
13277,339,4.881,81,39.55,,,,
13380,340,6.339,103,39.76,,,,
13476,341,5.667,96,39.93,,,,
13575,342,6.307,99,40.1,,,,
13660,343,4.527,85,40.25,,,,
13704,344,2.061,44,40.33,,,,
13819,345,7.089,115,40.52,,,,
13924,346,6.563,105,40.71,,,,
14026,347,5.757,102,40.88,,,,
14124,348,6.047,98,41.06,,,,
14214,349,5.533,90,41.25,,,,
14252,350,1.668,38,41.32,,,,
14342,351,5.412,90,43.94,,,,
14431,352,5.209,89,44.12,,,,
14530,353,5.891,99,44.29,,,,
14593,354,3.295,63,44.4,,,,
14703,355,6.548,110,44.62,,,,
14757,356,2.537,54,44.73,,,,
14854,357,5.844,97,44.93,,,,
14927,358,3.967,73,45.08,,,,
15027,359,6.068,100,45.28,,,,
15129,360,5.79,102,45.45,,,,
15228,361,5.896,99,45.62,,,,
15266,362,1.514,38,45.69,,,,
15357,363,5.356,91,45.87,,,,
15456,364,6.043,99,46.04,,,,
15534,365,4.369,78,46.17,,,,
15611,366,4.225,77,46.31,,,,
15706,367,5.459,95,46.48,,,,
15816,368,6.306,110,46.68,,,,
15877,369,2.888,61,46.78,,,,
15913,370,1.523,36,46.86,,,,
16012,371,5.691,99,47.03,,,,
16087,372,3.776,75,47.17,,,,
16194,373,6.172,107,47.36,,,,
16300,374,5.923,106,47.55,,,,
16390,375,4.991,90,49.75,,,,
16489,376,5.8,99,49.95,,,,
16597,377,6.195,108,50.14,,,,
16690,378,5.341,93,50.31,,,,
16804,379,7.262,114,50.53,,,,
16900,380,5.424,96,50.72,,,,
16952,381,2.266,52,50.82,,,,
17048,382,5.335,96,51.01,,,,
17167,383,7.658,119,51.23,,,,
17278,384,6.191,111,51.42,,,,
17394,385,6.598,116,51.65,,,,
17492,386,5.635,98,51.82,,,,
17588,387,5.489,96,52.01,,,,
17694,388,6.072,106,52.21,,,,
17796,389,5.353,102,52.4,,,,
17893,390,5.392,97,52.57,,,,
17990,391,5.079,97,52.76,,,,
18055,392,2.758,65,52.88,,,,
18156,393,5.482,101,53.05,,,,
18267,394,5.761,111,53.25,,,,
18364,395,5.389,97,53.42,,,,
18469,396,5.888,105,55.71,,,,
18574,397,6.013,105,55.9,,,,
18677,398,5.682,103,56.08,,,,
18771,399,4.85,94,56.26,,,,
18876,400,5.587,105,56.49,,,,
18958,401,4.122,82,56.66,,,,
19071,402,6.327,113,56.88,,,,
19173,403,5.547,102,57.07,,,,
19273,404,5.521,100,57.25,,,,
19381,405,6.032,108,57.46,,,,
19489,406,5.936,108,57.65,,,,
19587,407,5.265,98,57.84,,,,
19687,408,5.066,100,58.01,,,,
19786,409,5.425,99,58.2,,,,
19885,410,4.968,99,58.37,,,,
19992,411,5.845,107,58.56,,,,
20097,412,5.371,105,59.66,,,,
20201,413,5.706,104,59.84,,,,
20309,414,6.193,108,60.05,,,,
20408,415,5.142,99,60.26,,,,
20501,416,4.863,93,62.57,,,,
20612,417,6.259,111,62.78,,,,
20720,418,5.866,108,62.97,,,,
20826,419,5.395,106,63.18,,,,
20943,420,6.095,117,63.4,,,,
21051,421,5.861,108,63.6,,,,
21160,422,6.118,109,63.81,,,,
21261,423,5.478,101,63.99,,,,
21367,424,5.384,106,64.18,,,,
21464,425,4.966,97,64.36,,,,
21575,426,6.05,111,64.56,,,,
21699,427,5.621,124,64.8,,,,
21804,428,5.351,105,65.01,,,,
21906,429,5.092,102,65.18,,,,
22030,430,6.767,124,65.4,,,,
22150,431,6.495,120,65.61,,,,
22230,432,3.805,80,65.77,,,,
22331,433,5.393,101,65.95,,,,
22436,434,5.381,105,66.12,,,,
22541,435,5.397,105,68.59,,,,
22656,436,6.044,115,68.8,,,,
22766,437,5.799,110,68.99,,,,
22884,438,5.995,118,69.21,,,,
22994,439,5.334,110,69.42,,,,
23106,440,6.306,112,69.64,,,,
23222,441,6.399,116,69.86,,,,
23332,442,5.616,110,70.06,,,,
23453,443,6.276,121,70.26,,,,
23567,444,5.959,114,70.45,,,,
23683,445,6.198,116,70.64,,,,
23782,446,5.035,99,70.81,,,,
23903,447,6.417,121,71.03,,,,
24020,448,6.268,117,71.22,,,,
24127,449,5.708,107,71.4,,,,
24244,450,6.254,117,71.6,,,,
24353,451,5.819,109,71.79,,,,
24475,452,6.254,122,72.0,,,,
24576,453,5.35,101,72.17,,,,
24685,454,5.918,109,74.63,,,,
24806,455,6.242,121,74.85,,,,
24915,456,5.721,109,75.06,,,,
25016,457,5.334,101,75.26,,,,
25137,458,6.208,121,75.5,,,,
25271,459,7.033,134,75.77,,,,
25393,460,6.474,122,75.99,,,,
25516,461,5.739,123,76.21,,,,
25640,462,6.664,124,76.43,,,,
25755,463,5.909,115,76.62,,,,
25881,464,6.694,126,76.85,,,,
26001,465,6.257,120,77.07,,,,
26122,466,6.261,121,77.27,,,,
26240,467,6.224,118,77.48,,,,
26352,468,5.196,112,77.68,,,,
26398,469,1.672,46,77.76,,,,
26501,470,4.922,103,77.95,,,,
26623,471,6.391,122,78.16,,,,
26740,472,6.072,117,80.36,,,,
26862,473,6.134,122,80.57,,,,
26883,474,0.598,21,80.6,,,,
27008,475,6.226,125,80.83,,,,
27128,476,5.876,120,81.05,,,,
27246,477,6.179,118,81.27,,,,
27365,478,5.958,119,81.51,,,,
27479,479,5.358,114,81.7,,,,
27607,480,6.635,128,81.93,,,,
27728,481,6.008,121,82.13,,,,
27847,482,6.139,119,82.34,,,,
27976,483,6.532,129,82.56,,,,
28046,484,2.881,70,82.68,,,,
28173,485,6.333,127,82.93,,,,
28297,486,6.096,124,83.14,,,,
28424,487,6.347,127,83.36,,,,
28549,488,6.61,125,83.56,,,,
28678,489,6.334,129,85.62,,,,
28804,490,6.578,126,85.84,,,,
28934,491,6.601,130,86.06,,,,
29061,492,6.47,127,86.29,,,,
29183,493,6.493,122,86.54,,,,
29311,494,6.671,128,86.8,,,,
29445,495,7.107,134,87.06,,,,
29558,496,5.564,113,87.3,,,,
29645,497,3.69,87,87.48,,,,
29782,498,6.023,137,87.74,,,,
29907,499,6.286,125,87.98,,,,
30037,500,6.432,130,89.46,,,,
30153,501,5.671,116,89.67,,,,
30276,502,5.685,123,89.9,,,,
30390,503,5.492,114,90.15,,,,
30510,504,5.809,120,90.41,,,,
30634,505,5.817,124,90.67,,,,
30757,506,5.553,123,93.36,,,,
30877,507,5.976,120,93.57,,,,
31003,508,6.329,126,93.84,,,,
31130,509,5.946,127,94.12,,,,
31225,510,4.015,95,94.33,,,,
31352,511,6.225,127,94.62,,,,
31402,512,1.71,50,94.76,,,,
31525,513,5.831,123,95.01,,,,
31594,514,2.799,69,95.19,,,,
31724,515,6.516,130,95.44,,,,
31769,516,1.484,45,95.52,,,,
31893,517,6.244,124,95.76,,,,
31969,518,3.05,76,95.89,,,,
32095,519,6.203,126,96.11,,,,
32216,520,5.721,121,96.32,,,,
32341,521,6.129,125,96.55,,,,
32459,522,5.628,118,96.76,,,,
32587,523,6.046,128,97.02,,,,
32709,524,6.079,122,97.24,,,,
32842,525,6.206,133,99.93,,,,
32960,526,5.693,118,100.18,,,,
33077,527,5.544,117,100.43,,,,
33200,528,6.017,123,100.77,,,,
33331,529,6.093,131,101.1,,,,
33466,530,6.434,135,101.33,,,,
33590,531,5.946,124,101.56,,,,
33725,532,6.632,135,101.84,,,,
33853,533,6.125,128,102.08,,,,
33987,534,6.033,134,102.32,,,,
34108,535,5.983,121,102.56,,,,
34235,536,5.911,127,102.8,,,,
34364,537,5.994,129,103.08,,,,
34508,538,6.928,144,103.44,,,,
34625,539,5.565,117,103.7,,,,
34752,540,5.936,127,103.97,,,,
34879,541,6.026,127,106.64,,,,
35014,542,6.262,135,106.91,,,,
35108,543,3.967,94,107.12,,,,
35241,544,6.174,133,107.42,,,,
35350,545,4.895,109,107.68,,,,
35446,546,3.984,96,107.9,,,,
35573,547,5.843,127,108.14,,,,
35693,548,5.589,120,108.36,,,,
35827,549,6.26,134,108.61,,,,
35953,550,6.156,126,108.88,,,,
36085,551,6.257,132,109.17,,,,
36202,552,5.418,117,109.41,,,,
36341,553,6.396,139,109.7,,,,
36466,554,6.016,125,109.95,,,,
36611,555,6.287,145,110.2,,,,
36740,556,6.072,129,110.43,,,,
36881,557,6.458,141,113.15,,,,
37007,558,5.991,126,113.42,,,,
37135,559,6.221,128,113.72,,,,
37261,560,6.067,126,114.07,,,,
37394,561,6.386,133,114.37,,,,
37534,562,6.531,140,114.71,,,,
37670,563,6.584,136,114.99,,,,
37793,564,5.523,123,115.24,,,,
37928,565,6.605,135,115.5,,,,
38058,566,6.016,130,115.74,,,,
38184,567,5.913,126,116.01,,,,
38316,568,6.192,132,116.23,,,,
38444,569,5.877,128,116.45,,,,
38575,570,6.011,131,116.76,,,,
38706,571,5.944,131,117.13,,,,
38782,572,2.948,76,117.27,,,,
38913,573,6.172,131,120.12,,,,
39046,574,5.87,133,120.39,,,,
39176,575,5.894,130,120.71,,,,
39312,576,6.393,136,120.98,,,,
39441,577,6.134,129,121.24,,,,
39564,578,5.868,123,121.49,,,,
39686,579,5.571,122,121.72,,,,
39816,580,6.107,130,121.99,,,,
39940,581,5.859,124,122.2,,,,
40069,582,5.897,129,123.82,,,,
40194,583,5.399,125,124.04,,,,
40328,584,5.914,134,124.29,,,,
40460,585,6.148,132,124.6,,,,
40573,586,4.794,113,124.88,,,,
40703,587,6.028,130,125.13,,,,
40825,588,5.598,122,125.36,,,,
40952,589,5.782,127,125.57,,,,
41084,590,6.118,132,128.46,,,,
41212,591,6.086,128,128.67,,,,
41342,592,6.051,130,128.94,,,,
41473,593,6.128,131,129.2,,,,
41609,594,6.792,136,129.48,,,,
41732,595,5.599,123,129.71,,,,
41868,596,5.995,136,129.95,,,,
41993,597,6.066,125,130.19,,,,
42124,598,6.079,131,130.5,,,,
42258,599,6.125,134,130.73,,,,
42389,600,5.775,131,130.96,,,,
42523,601,6.109,134,131.27,,,,
42650,602,6.013,127,131.48,,,,
42782,603,6.164,132,131.78,,,,
42909,604,5.999,127,132.02,,,,
43036,605,5.84,127,134.91,,,,
43160,606,5.737,124,135.16,,,,
43292,607,5.96,132,135.38,,,,
43427,608,6.62,135,135.69,,,,
43556,609,6.051,129,135.99,,,,
43686,610,5.877,130,136.28,,,,
43820,611,6.084,134,136.5,,,,
43955,612,6.627,135,136.73,,,,
44088,613,6.189,133,136.97,,,,
44218,614,5.795,130,137.21,,,,
44353,615,6.271,135,137.43,,,,
44481,616,5.87,128,137.78,,,,
44615,617,6.167,134,138.02,,,,
44755,618,6.427,140,138.3,,,,
44890,619,6.732,135,138.52,,,,
45025,620,5.787,135,138.75,,,,
45155,621,5.857,130,141.62,,,,
45290,622,6.531,135,141.87,,,,
45426,623,6.27,136,142.16,,,,
45561,624,6.437,135,142.48,,,,
45700,625,6.316,139,142.8,,,,
45836,626,6.123,136,143.04,,,,
45966,627,5.985,130,143.41,,,,
46097,628,5.909,131,143.67,,,,
46230,629,6.168,133,143.92,,,,
46356,630,5.839,126,144.16,,,,
46487,631,6.424,131,144.37,,,,
46616,632,5.816,129,144.58,,,,
46749,633,6.71,133,144.83,,,,
46813,634,2.233,64,144.95,,,,
46946,635,5.749,133,145.17,,,,
47077,636,5.897,131,145.4,,,,
47212,637,6.313,135,147.64,,,,
47342,638,5.798,130,147.86,,,,
47473,639,5.621,131,148.11,,,,
47611,640,6.043,138,148.36,,,,
47751,641,6.311,140,148.63,,,,
47892,642,6.167,141,148.88,,,,
48027,643,6.316,135,149.13,,,,
48159,644,5.988,132,149.37,,,,
48308,645,7.24,149,149.62,,,,
48399,646,3.545,91,149.78,,,,
48531,647,5.624,132,150.0,,,,
48666,648,6.343,135,150.24,,,,
48800,649,5.98,134,150.48,,,,
48941,650,6.635,141,150.72,,,,
49082,651,6.492,141,150.97,,,,
49215,652,6.331,133,153.27,,,,
49343,653,5.984,128,153.5,,,,
49478,654,6.405,135,153.74,,,,
49618,655,6.506,140,154.01,,,,
49758,656,6.818,140,154.27,,,,
49893,657,6.139,135,154.53,,,,
49984,658,3.389,91,154.7,,,,
50080,659,3.745,96,156.03,,,,
50214,660,6.338,134,156.27,,,,
50349,661,5.873,135,156.53,,,,
50480,662,5.699,131,156.79,,,,
50614,663,6.017,134,157.05,,,,
50756,664,6.684,142,157.31,,,,
50897,665,6.775,141,157.57,,,,
51043,666,6.609,146,157.82,,,,
51174,667,6.214,131,158.05,,,,
51316,668,6.945,142,160.5,,,,
51448,669,6.248,132,160.72,,,,
51591,670,6.697,143,160.99,,,,
51725,671,6.099,134,161.25,,,,
51863,672,6.597,138,161.51,,,,
52006,673,6.877,143,161.77,,,,
52140,674,5.839,134,162.0,,,,
52272,675,6.159,132,162.22,,,,
52405,676,6.165,133,162.45,,,,
52532,677,5.916,127,162.66,,,,
52668,678,5.997,136,162.9,,,,
52801,679,5.767,133,163.13,,,,
52936,680,6.242,135,163.37,,,,
53075,681,6.266,139,163.61,,,,
53207,682,6.129,132,163.83,,,,
53306,683,4.01,99,166.33,,,,
53448,684,7.009,142,166.58,,,,
53579,685,5.651,131,166.82,,,,
53718,686,6.351,139,167.09,,,,
53855,687,6.476,137,167.36,,,,
53989,688,6.063,134,167.62,,,,
54133,689,6.493,144,167.87,,,,
54271,690,6.88,138,168.1,,,,
54349,691,2.837,78,168.24,,,,
54487,692,6.502,138,168.47,,,,
54618,693,6.189,131,168.72,,,,
54755,694,6.605,137,168.96,,,,
54890,695,5.87,135,169.22,,,,
55026,696,5.752,136,169.46,,,,
55160,697,5.905,134,169.69,,,,
55281,698,5.316,121,169.9,,,,
55411,699,5.865,130,172.15,,,,
55530,700,5.103,119,172.36,,,,
55664,701,6.282,134,172.6,,,,
55797,702,5.604,133,172.86,,,,
55859,703,2.055,62,172.98,,,,
55987,704,6.009,128,173.24,,,,
56124,705,5.813,137,173.5,,,,
56253,706,5.322,129,173.72,,,,
56390,707,6.367,137,173.96,,,,
56533,708,6.698,143,174.23,,,,
56680,709,6.74,147,174.48,,,,
56817,710,6.609,137,174.71,,,,
56955,711,6.522,138,174.98,,,,
57094,712,6.349,139,175.21,,,,
57224,713,5.547,130,175.43,,,,
57357,714,6.377,133,178.02,,,,
57497,715,6.633,140,178.26,,,,
57637,716,6.253,140,178.51,,,,
57790,717,7.13,153,178.8,,,,
57923,718,5.853,133,179.05,,,,
58053,719,6.197,130,179.32,,,,
58177,720,5.194,124,179.53,,,,
58309,721,5.914,132,179.75,,,,
58446,722,6.617,137,179.99,,,,
58583,723,6.269,137,180.23,,,,
58730,724,7.06,147,180.48,,,,
58873,725,6.524,143,180.72,,,,
59015,726,6.686,142,180.96,,,,
59149,727,6.015,134,181.19,,,,
59285,728,5.949,136,181.43,,,,
59425,729,6.381,140,184.21,,,,
59564,730,5.894,139,184.46,,,,
59696,731,6.235,132,184.69,,,,
59832,732,6.19,136,184.98,,,,
59970,733,6.434,138,185.27,,,,
60106,734,6.546,136,186.73,,,,
60249,735,6.632,143,186.96,,,,
60383,736,5.944,134,187.17,,,,
60516,737,5.815,133,187.41,,,,
60650,738,6.072,134,187.64,,,,
60788,739,6.511,138,187.88,,,,
60933,740,6.792,145,188.11,,,,
61031,741,3.826,98,188.27,,,,
61166,742,6.09,135,188.49,,,,
61311,743,6.957,145,188.71,,,,
61456,744,6.44,145,191.42,,,,
61586,745,5.408,130,191.65,,,,
61728,746,6.48,142,191.89,,,,
61875,747,6.755,147,192.17,,,,
62019,748,6.506,144,192.45,,,,
62176,749,7.607,157,192.74,,,,
62315,750,6.2,139,192.98,,,,
62458,751,6.235,143,193.22,,,,
62599,752,6.657,141,193.47,,,,
62746,753,6.426,147,193.73,,,,
62890,754,6.534,144,193.97,,,,
63035,755,6.122,145,194.22,,,,
63168,756,5.907,133,194.44,,,,
63305,757,5.733,137,194.68,,,,
63444,758,6.77,139,194.91,,,,
63597,759,6.817,153,197.7,,,,
63734,760,6.421,137,197.96,,,,
63898,761,7.667,164,198.28,,,,
64037,762,6.339,139,198.55,,,,
64182,763,6.503,145,198.84,,,,
64323,764,6.534,141,199.09,,,,
64495,765,8.35,172,199.39,,,,
64640,766,6.737,145,199.63,,,,
64781,767,5.824,141,199.88,,,,
64931,768,6.793,150,200.14,,,,
65081,769,6.667,150,200.4,,,,
65260,770,8.594,179,200.7,,,,
65409,771,6.851,149,200.95,,,,
65561,772,6.842,152,203.65,,,,
65737,773,8.461,176,203.96,,,,
65894,774,7.066,157,204.24,,,,
66028,775,5.728,134,204.5,,,,
66174,776,6.165,146,204.77,,,,
66321,777,6.418,147,205.04,,,,
66473,778,6.987,152,205.28,,,,
66604,779,5.653,131,205.5,,,,
66744,780,5.75,140,205.73,,,,
66881,781,5.689,137,205.97,,,,
67030,782,6.675,149,206.22,,,,
67185,783,7.133,155,206.49,,,,
67323,784,5.731,138,206.77,,,,
67464,785,6.552,141,207.04,,,,
67620,786,6.956,156,209.57,,,,
67795,787,8.436,175,209.93,,,,
67935,788,6.597,140,210.2,,,,
68085,789,6.378,150,210.51,,,,
68238,790,7.006,153,210.86,,,,
68379,791,6.504,141,211.1,,,,
68563,792,8.463,184,211.52,,,,
68707,793,6.451,144,211.78,,,,
68840,794,5.292,133,212.1,,,,
68987,795,6.502,147,212.42,,,,
69148,796,7.368,161,212.72,,,,
69248,797,3.844,100,212.89,,,,
69395,798,6.741,147,213.14,,,,
69548,799,6.635,153,213.47,,,,
69700,800,6.664,152,215.77,,,,
69874,801,7.738,174,216.08,,,,
70058,802,8.012,184,217.85,,,,
70203,803,6.372,145,218.09,,,,
70381,804,7.693,178,218.43,,,,
70530,805,6.99,149,218.75,,,,
70680,806,6.785,150,219.06,,,,
70851,807,7.976,171,219.38,,,,
71004,808,7.153,153,219.64,,,,
71160,809,6.561,156,219.91,,,,
71301,810,6.155,141,220.21,,,,
71464,811,7.211,163,220.5,,,,
71610,812,5.902,146,220.76,,,,
71760,813,7.113,150,223.01,,,,
71944,814,8.519,184,223.32,,,,
72087,815,5.909,143,223.61,,,,
72218,816,5.443,131,223.89,,,,
72390,817,8.274,172,224.26,,,,
72539,818,6.341,149,224.51,,,,
72693,819,6.735,154,224.78,,,,
72872,820,7.995,179,225.09,,,,
73051,821,8.111,179,225.43,,,,
73203,822,6.679,152,225.71,,,,
73346,823,6.041,143,225.97,,,,
73491,824,6.124,145,226.24,,,,
73703,825,10.235,212,226.61,,,,
73846,826,6.015,143,229.26,,,,
73988,827,5.986,142,229.52,,,,
74128,828,5.904,140,229.81,,,,
74297,829,7.205,169,230.17,,,,
74445,830,6.26,148,230.46,,,,
74604,831,6.978,159,230.75,,,,
74747,832,6.134,143,231.05,,,,
74880,833,5.007,133,231.28,,,,
74979,834,3.454,99,231.45,,,,
75126,835,6.656,147,231.7,,,,
75301,836,8.108,175,232.01,,,,
75440,837,5.353,139,232.27,,,,
75589,838,6.151,149,232.53,,,,
75768,839,7.862,179,232.86,,,,
75919,840,6.565,151,235.55,,,,
76068,841,6.456,149,235.85,,,,
76234,842,7.522,166,236.23,,,,
76404,843,7.357,170,236.61,,,,
76553,844,6.49,149,236.91,,,,
76702,845,5.795,149,237.19,,,,
76881,846,8.278,179,237.53,,,,
77056,847,7.862,175,237.86,,,,
77214,848,6.838,158,238.16,,,,
77366,849,6.699,152,238.46,,,,
77516,850,6.183,150,238.76,,,,
77683,851,7.456,167,239.1,,,,
77832,852,5.687,149,241.75,,,,
77975,853,6.171,143,242.04,,,,
78122,854,6.143,147,242.35,,,,
78279,855,7.206,157,242.71,,,,
78311,856,0.714,32,242.77,,,,
78465,857,6.148,154,243.09,,,,
78610,858,6.221,145,243.36,,,,
78751,859,5.292,141,243.62,,,,
78894,860,6.09,143,243.87,,,,
79049,861,6.687,155,244.2,,,,
79196,862,6.495,147,244.45,,,,
79374,863,7.868,178,244.78,,,,
79523,864,6.361,149,245.09,,,,
79675,865,6.565,152,245.37,,,,
79857,866,8.215,182,245.71,,,,
80067,867,9.472,210,250.29,,,,
80248,868,7.702,181,250.67,,,,
80431,869,8.278,183,251.09,,,,
80627,870,8.514,196,251.54,,,,
80812,871,8.683,185,251.9,,,,
80960,872,6.137,148,252.23,,,,
81130,873,7.314,170,252.56,,,,
81310,874,7.795,180,252.97,,,,
81470,875,6.321,160,253.3,,,,
81645,876,7.837,175,253.67,,,,
81795,877,6.294,150,253.98,,,,
81943,878,6.213,148,256.41,,,,
82146,879,9.42,203,256.81,,,,
82294,880,6.384,148,257.1,,,,
82505,881,9.316,211,257.55,,,,
82665,882,6.759,160,257.87,,,,
82810,883,5.539,145,258.15,,,,
82978,884,7.463,168,258.48,,,,
83138,885,6.897,160,258.84,,,,
83317,886,7.567,179,259.17,,,,
83492,887,7.432,175,259.51,,,,
83675,888,8.269,183,259.92,,,,
83858,889,8.451,183,260.28,,,,
84032,890,7.653,174,262.95,,,,
84205,891,7.583,173,263.25,,,,
84323,892,4.253,118,263.49,,,,
84529,893,9.675,206,263.95,,,,
84716,894,8.445,187,264.31,,,,
84897,895,8.038,181,264.72,,,,
85074,896,7.921,177,265.05,,,,
85259,897,8.281,185,265.41,,,,
85458,898,8.973,199,265.83,,,,
85662,899,8.979,204,266.22,,,,
85858,900,8.703,196,266.58,,,,
86027,901,7.358,169,268.83,,,,
86196,902,7.1,169,269.17,,,,
86350,903,6.078,154,269.46,,,,
86532,904,8.066,182,269.8,,,,
86689,905,6.476,157,270.1,,,,
86837,906,5.502,148,270.36,,,,
86982,907,5.617,145,270.61,,,,
87140,908,6.705,158,270.9,,,,
87338,909,8.754,198,271.25,,,,
87505,910,7.152,167,271.55,,,,
87707,911,8.769,202,271.92,,,,
87948,912,10.658,241,272.36,,,,
88155,913,9.519,207,275.05,,,,
88334,914,7.83,179,275.36,,,,
88525,915,8.342,191,275.75,,,,
88722,916,8.907,197,276.13,,,,
88921,917,8.904,199,276.5,,,,
89068,918,5.373,147,276.76,,,,
89186,919,4.164,118,276.96,,,,
89287,920,3.319,101,277.13,,,,
89477,921,8.33,190,277.48,,,,
89660,922,8.23,183,277.83,,,,
89862,923,9.29,202,278.2,,,,
90032,924,6.998,170,280.34,,,,
90221,925,8.128,189,283.08,,,,
90402,926,7.853,181,283.41,,,,
90519,927,3.999,117,283.65,,,,
90711,928,7.602,192,284.04,,,,
90853,929,5.204,142,284.31,,,,
91060,930,8.925,207,284.68,,,,
91227,931,6.674,167,284.99,,,,
91372,932,5.001,145,285.25,,,,
91582,933,9.134,210,285.65,,,,
91781,934,8.118,199,286.01,,,,
91958,935,7.563,177,286.32,,,,
92148,936,8.242,190,286.66,,,,
92309,937,6.872,161,289.39,,,,
92488,938,7.535,179,289.74,,,,
92679,939,8.453,191,290.13,,,,
92885,940,8.865,206,290.56,,,,
93068,941,7.827,183,290.9,,,,
93244,942,7.668,176,291.21,,,,
93477,943,9.745,233,291.65,,,,
93653,944,7.359,176,291.96,,,,
93841,945,7.6,188,292.3,,,,
94042,946,8.856,201,292.67,,,,
94257,947,9.354,215,295.46,,,,
94460,948,9.187,203,295.89,,,,
94639,949,7.228,179,296.25,,,,
94836,950,8.067,197,296.65,,,,
95015,951,7.528,179,296.96,,,,
95188,952,7.447,173,297.29,,,,
95405,953,9.739,217,297.67,,,,
95562,954,6.046,157,297.97,,,,
95765,955,8.91,203,298.34,,,,
95967,956,8.916,202,298.7,,,,
96169,957,8.56,202,299.04,,,,
96353,958,8.02,184,301.61,,,,
96564,959,8.97,211,301.98,,,,
96768,960,8.558,204,302.37,,,,
96948,961,7.456,180,302.72,,,,
97159,962,8.156,211,303.1,,,,
97355,963,8.237,196,303.47,,,,
97581,964,9.6,226,303.87,,,,
97767,965,8.064,186,304.22,,,,
97975,966,8.106,208,304.61,,,,
98118,967,4.721,143,304.85,,,,
98331,968,9.051,213,307.41,,,,
98531,969,8.519,200,307.77,,,,
98719,970,7.9,188,308.13,,,,
98932,971,9.272,213,308.55,,,,
99191,972,11.048,259,309.02,,,,
99393,973,8.151,202,309.37,,,,
99568,974,7.336,175,309.7,,,,
99754,975,7.782,186,310.03,,,,
99973,976,9.382,219,310.41,,,,
100190,977,9.447,217,312.91,,,,
100383,978,8.3,193,315.53,,,,
100614,979,9.382,231,315.93,,,,
100743,980,4.385,129,316.18,,,,
100919,981,7.029,176,316.52,,,,
101097,982,7.507,178,316.86,,,,
101301,983,8.564,204,317.22,,,,
101472,984,7.015,171,317.53,,,,
101672,985,8.275,200,317.89,,,,
101874,986,8.309,202,318.25,,,,
102077,987,8.378,203,318.63,,,,
102272,988,7.897,195,318.96,,,,
102482,989,8.565,210,321.58,,,,
102680,990,8.415,198,321.94,,,,
102829,991,5.65,149,322.26,,,,
103019,992,7.153,190,322.63,,,,
103205,993,7.989,186,322.98,,,,
103415,994,8.904,210,323.34,,,,
103512,995,2.942,97,323.51,,,,
103728,996,8.602,216,323.9,,,,
103935,997,8.141,207,324.28,,,,
104133,998,8.096,198,324.62,,,,
104327,999,7.491,194,324.99,,,,
104559,1000,9.827,232,327.55,,,,
104815,1001,10.942,256,328.01,,,,
105018,1002,8.396,203,328.4,,,,
105140,1003,3.855,122,328.63,,,,
105345,1004,7.737,205,329.0,,,,
105566,1005,9.162,221,329.39,,,,
105763,1006,8.082,197,329.73,,,,
105961,1007,8.055,198,330.07,,,,
106198,1008,9.912,237,330.48,,,,
106399,1009,8.425,201,330.83,,,,
106686,1010,12.427,287,333.43,,,,
106898,1011,9.067,212,333.83,,,,
107079,1012,7.425,181,334.18,,,,
107284,1013,8.479,205,334.56,,,,
107497,1014,8.15,213,334.96,,,,
107728,1015,9.321,231,335.37,,,,
107922,1016,7.022,194,335.72,,,,
108142,1017,9.165,220,336.12,,,,
108387,1018,9.96,245,336.56,,,,
108603,1019,8.949,216,339.28,,,,
108799,1020,8.128,196,339.63,,,,
108956,1021,5.721,157,339.95,,,,
109191,1022,9.428,235,340.41,,,,
109411,1023,9.122,220,340.8,,,,
109617,1024,8.418,206,341.14,,,,
109842,1025,7.209,225,341.56,,,,
110062,1026,9.173,220,347.74,,,,
110324,1027,10.503,262,348.24,,,,
110576,1028,10.194,252,348.74,,,,
110794,1029,8.978,218,351.44,,,,
111012,1030,8.839,218,351.86,,,,
111248,1031,9.441,236,352.33,,,,
111471,1032,8.733,223,352.72,,,,
111678,1033,7.861,207,353.11,,,,
111986,1034,12.733,308,353.64,,,,
112227,1035,9.761,241,354.07,,,,
112777,1036,20.978,550,357.27,,,,
112990,1037,8.098,213,357.67,,,,
113228,1038,9.504,238,358.13,,,,
113506,1039,11.041,278,358.65,,,,
113770,1040,10.751,264,359.1,,,,
114026,1041,10.154,256,359.58,,,,
114251,1042,8.929,225,359.98,,,,
114501,1043,9.483,250,360.41,,,,
114825,1044,12.625,324,363.09,,,,
115081,1045,9.865,256,363.57,,,,
115358,1046,11.027,277,364.09,,,,
115586,1047,8.658,228,364.49,,,,
115858,1048,10.736,272,364.97,,,,
116106,1049,9.066,248,365.41,,,,
116393,1050,8.743,287,365.92,,,,
116788,1051,14.703,395,368.96,,,,
117180,1052,14.924,392,369.69,,,,
117416,1053,9.335,236,370.18,,,,
117780,1054,14.033,364,370.83,,,,
118060,1055,8.701,280,371.32,,,,
118275,1056,8.165,215,371.7,,,,
118556,1057,9.721,281,372.22,,,,
118796,1058,8.707,240,374.8,,,,
119071,1059,10.748,275,375.28,,,,
119291,1060,8.254,220,375.74,,,,
119630,1061,11.329,339,376.36,,,,
120028,1062,15.408,398,382.1,,,,
120353,1063,12.858,325,382.72,,,,
120652,1064,10.365,299,383.33,,,,
120934,1065,10.845,282,386.12,,,,
121243,1066,9.627,309,386.71,,,,
121556,1067,9.264,313,387.31,,,,
122053,1068,17.311,497,388.2,,,,
122387,1069,9.427,334,388.78,,,,
122525,1070,3.497,138,389.02,,,,
123069,1071,19.546,544,392.4,,,,
123679,1072,19.247,610,393.56,,,,
124237,1073,19.227,558,394.61,,,,
124657,1074,12.827,420,395.36,,,,
125104,1075,13.806,447,398.69,,,,
125422,1076,12.169,318,399.3,,,,
125987,1077,16.156,565,400.36,,,,
126278,1078,11.214,291,400.91,,,,
126406,1079,3.525,128,401.16,,,,
126611,1080,6.698,205,401.52,,,,
126924,1081,12.068,313,402.07,,,,
127316,1082,13.498,392,405.24,,,,
127751,1083,13.413,435,406.15,,,,
128179,1084,12.664,428,406.91,,,,
129060,1085,30.276,881,411.05,,,,
129371,1086,11.748,311,411.63,,,,
129514,1087,4.075,143,411.94,,,,
129982,1088,17.111,468,412.82,,,,
130238,1089,9.578,256,419.73,,,,
130643,1090,15.012,405,420.56,,,,
130894,1091,8.802,251,421.02,,,,
131572,1092,21.867,678,424.54,,,,
131833,1093,9.771,261,425.05,,,,
132088,1094,9.081,255,425.49,,,,
132414,1095,11.715,326,426.05,,,,
132740,1096,12.113,326,426.61,,,,
132961,1097,7.369,221,426.99,,,,
133186,1098,7.95,225,429.3,,,,
133487,1099,10.573,301,429.82,,,,
133778,1100,10.868,291,430.39,,,,
134011,1101,8.185,233,430.8,,,,
134236,1102,7.854,225,431.2,,,,
134544,1103,11.258,308,431.73,,,,
135061,1104,18.787,517,432.61,,,,
135384,1105,11.762,323,435.0,,,,
135917,1106,19.042,533,436.02,,,,
136256,1107,12.509,339,436.6,,,,
136482,1108,6.072,226,436.99,,,,
136808,1109,11.611,326,437.54,,,,
137063,1110,9.185,255,437.99,,,,
137271,1111,7.457,208,440.53,,,,
137493,1112,7.348,222,440.92,,,,
137734,1113,8.347,241,441.4,,,,
138207,1114,17.375,473,442.26,,,,
138499,1115,10.62,292,442.77,,,,
138732,1116,8.238,233,443.17,,,,
139047,1117,11.312,315,443.73,,,,
139260,1118,7.287,213,444.09,,,,
139517,1119,9.091,257,446.81,,,,
139770,1120,8.731,253,447.35,,,,
140075,1121,10.759,305,452.2,,,,
140445,1122,13.426,370,453.01,,,,
140643,1123,5.343,198,453.47,,,,
140954,1124,11.247,311,454.02,,,,
141430,1125,14.823,476,457.43,,,,
141851,1126,12.909,421,458.35,,,,
142123,1127,9.844,272,458.86,,,,
142263,1128,3.74,140,459.1,,,,
142388,1129,3.333,125,459.33,,,,
142615,1130,7.293,227,459.76,,,,
143046,1131,14.508,431,460.61,,,,
143414,1132,13.357,368,463.82,,,,
144324,1133,29.083,910,465.71,,,,
144576,1134,8.905,252,466.19,,,,
144878,1135,10.768,302,466.88,,,,
145100,1136,7.088,222,467.33,,,,
145388,1137,10.182,288,467.9,,,,
145636,1138,6.843,248,470.88,,,,
146026,1139,13.885,390,471.78,,,,
146471,1140,14.228,445,472.6,,,,
146911,1141,13.958,440,473.44,,,,
147139,1142,7.325,228,473.89,,,,
147479,1143,10.819,340,477.05,,,,
147740,1144,7.314,261,477.5,,,,
147985,1145,8.072,245,478.02,,,,
148698,1146,22.07,713,479.47,,,,
148964,1147,7.453,266,479.94,,,,
149181,1148,5.475,217,480.45,,,,
149804,1149,21.55,623,484.32,,,,
150033,1150,7.351,229,489.07,,,,
150383,1151,11.566,350,489.73,,,,
150789,1152,14.448,406,490.53,,,,
151288,1153,14.854,499,491.56,,,,
151582,1154,10.09,294,494.67,,,,
151996,1155,12.688,414,495.57,,,,
152413,1156,13.095,417,496.48,,,,
152640,1157,7.394,227,497.06,,,,
153034,1158,13.494,394,497.76,,,,
153494,1159,15.281,460,498.59,,,,
153843,1160,11.093,349,501.91,,,,
154232,1161,11.624,389,502.68,,,,
154526,1162,8.949,294,503.19,,,,
154661,1163,3.119,135,503.43,,,,
155447,1164,25.593,786,504.85,,,,
156057,1165,18.853,610,508.41,,,,
156494,1166,13.497,437,509.22,,,,
157240,1167,20.014,746,510.47,,,,
157638,1168,13.619,398,511.14,,,,
157973,1169,10.125,335,513.91,,,,
158366,1170,13.87,393,514.67,,,,
158668,1171,10.556,302,515.21,,,,
158800,1172,2.887,132,515.45,,,,
159728,1173,28.055,928,517.04,,,,
160066,1174,10.34,338,524.66,,,,
160472,1175,11.924,406,525.43,,,,
161081,1176,19.638,609,526.57,,,,
161212,1177,2.636,131,526.81,,,,
161650,1178,15.302,438,527.58,,,,
161859,1179,7.125,209,530.3,,,,
162178,1180,10.283,319,530.87,,,,
162635,1181,14.808,457,531.73,,,,
163286,1182,19.589,651,532.86,,,,
163568,1183,10.053,282,533.33,,,,
163836,1184,9.358,268,533.79,,,,
164395,1185,18.074,559,537.13,,,,
164816,1186,13.441,421,537.88,,,,
165383,1187,17.405,567,538.85,,,,
165822,1188,14.708,439,539.58,,,,
166287,1189,12.671,465,542.98,,,,
166566,1190,7.843,279,543.55,,,,
167284,1191,20.416,718,544.79,,,,
167699,1192,14.342,415,545.49,,,,
167987,1193,9.654,288,548.47,,,,
168303,1194,10.932,316,549.07,,,,
168768,1195,14.461,465,550.0,,,,
169052,1196,9.737,284,550.49,,,,
169961,1197,25.039,909,552.06,,,,
170178,1198,6.712,217,558.33,,,,
170383,1199,6.305,205,558.76,,,,
170584,1200,6.084,201,559.16,,,,
171034,1201,13.976,450,559.98,,,,
171826,1202,23.579,792,561.44,,,,
172101,1203,9.262,275,564.4,,,,
172528,1204,11.985,427,565.16,,,,
172779,1205,8.367,251,565.64,,,,
173125,1206,8.909,346,566.31,,,,
173429,1207,10.32,304,566.83,,,,
173708,1208,8.181,279,567.34,,,,
173960,1209,8.518,252,567.86,,,,
174180,1210,5.494,220,570.43,,,,
174297,1211,2.858,117,570.63,,,,
174515,1212,7.177,218,571.06,,,,
174804,1213,9.467,289,571.65,,,,
175100,1214,9.957,296,572.21,,,,
175382,1215,9.562,282,572.7,,,,
176020,1216,20.408,638,573.86,,,,
176275,1217,8.214,255,576.39,,,,
176813,1218,16.65,538,577.5,,,,
177163,1219,12.042,350,578.17,,,,
177424,1220,8.779,261,578.67,,,,
177712,1221,9.476,288,579.23,,,,
177996,1222,9.309,284,579.73,,,,
178384,1223,12.266,388,582.75,,,,
178665,1224,9.51,281,583.33,,,,
179079,1225,13.42,414,584.11,,,,
179412,1226,10.926,333,584.73,,,,
179772,1227,11.663,360,585.4,,,,
180082,1228,10.127,310,591.47,,,,
180353,1229,9.187,271,594.12,,,,
180554,1230,6.556,201,594.49,,,,
180904,1231,11.585,350,595.23,,,,
181482,1232,16.25,578,596.25,,,,
181593,1233,2.597,111,596.45,,,,
181904,1234,9.392,311,597.12,,,,
182169,1235,8.824,265,597.67,,,,
182375,1236,6.494,206,600.45,,,,
182628,1237,8.459,253,600.99,,,,
182885,1238,8.326,257,601.57,,,,
183193,1239,10.385,308,602.18,,,,
183411,1240,7.062,218,602.6,,,,
183662,1241,8.278,251,603.1,,,,
183946,1242,9.552,284,603.64,,,,
184215,1243,8.819,269,604.19,,,,
184506,1244,9.816,291,607.25,,,,
184775,1245,8.776,269,607.85,,,,
185092,1246,10.278,317,608.53,,,,
185168,1247,1.582,76,608.66,,,,
185547,1248,12.93,379,609.39,,,,
185783,1249,7.617,236,609.91,,,,
186054,1250,8.945,271,610.51,,,,
186291,1251,7.702,237,610.96,,,,
186718,1252,14.43,427,614.21,,,,
186979,1253,8.68,261,614.81,,,,
187201,1254,7.022,222,615.22,,,,
187711,1255,17.009,510,616.18,,,,
188087,1256,12.361,376,616.88,,,,
188402,1257,9.939,315,617.55,,,,
188631,1258,7.065,229,620.17,,,,
189096,1259,13.311,465,621.17,,,,
189760,1260,20.928,664,622.49,,,,
190025,1261,8.66,265,625.08,,,,
190322,1262,7.837,297,625.69,,,,
190622,1263,10.384,300,628.49,,,,
191522,1264,25.409,900,630.22,,,,
191738,1265,5.467,216,630.6,,,,
192001,1266,8.652,263,631.09,,,,
192377,1267,12.456,376,631.8,,,,
192600,1268,5.461,223,634.59,,,,
192998,1269,12.271,398,635.41,,,,
193215,1270,6.546,217,635.89,,,,
193466,1271,8.149,251,636.32,,,,
193752,1272,9.224,286,636.86,,,,
194010,1273,8.286,258,637.32,,,,
194625,1274,16.672,615,640.87,,,,
194857,1275,7.19,232,641.35,,,,
195109,1276,8.373,252,641.93,,,,
195243,1277,3.058,134,642.2,,,,
195735,1278,14.466,492,643.05,,,,
196034,1279,9.739,299,643.62,,,,
196472,1280,11.68,438,644.42,,,,
197140,1281,20.209,668,648.21,,,,
197609,1282,14.8,469,649.08,,,,
197877,1283,8.801,268,649.58,,,,
198241,1284,10.511,364,650.24,,,,
198469,1285,5.398,228,650.68,,,,
198731,1286,6.502,262,653.59,,,,
199069,1287,10.273,338,654.26,,,,
199301,1288,7.239,232,654.77,,,,
199582,1289,9.062,281,655.25,,,,
200004,1290,10.603,422,663.78,,,,
200239,1291,7.501,235,664.25,,,,
200643,1292,11.933,404,665.15,,,,
201027,1293,12.683,384,668.23,,,,
201562,1294,15.004,535,669.23,,,,
201845,1295,9.504,283,669.73,,,,
202169,1296,10.281,324,670.29,,,,
202392,1297,7.15,223,670.68,,,,
203034,1298,18.021,642,674.13,,,,
203535,1299,17.416,501,675.12,,,,
204138,1300,15.467,603,676.22,,,,
204698,1301,17.154,560,677.19,,,,
205208,1302,14.904,510,680.05,,,,
205503,1303,9.785,295,680.62,,,,
205777,1304,8.919,274,681.12,,,,
206325,1305,17.885,548,682.11,,,,
206713,1306,11.302,388,682.79,,,,
206946,1307,7.485,233,685.24,,,,
207254,1308,10.229,308,685.81,,,,
207495,1309,7.712,241,686.28,,,,
207554,1310,1.097,59,686.4,,,,
207785,1311,7.388,231,686.8,,,,
208010,1312,7.427,225,687.21,,,,
208311,1313,10.224,301,687.73,,,,
208813,1314,16.998,502,688.63,,,,
209245,1315,14.357,432,691.67,,,,
210059,1316,24.515,814,701.07,,,,
210298,1317,7.578,239,701.52,,,,
210511,1318,7.003,213,702.01,,,,
210807,1319,9.611,296,702.6,,,,
211327,1320,16.671,520,705.78,,,,
211833,1321,15.786,506,706.73,,,,
212281,1322,15.078,448,707.52,,,,
212520,1323,7.587,239,707.94,,,,
212728,1324,6.677,208,708.29,,,,
213050,1325,10.966,322,711.15,,,,
213264,1326,7.015,214,711.53,,,,
213463,1327,6.435,199,711.92,,,,
213694,1328,7.242,231,712.36,,,,
213924,1329,7.071,230,712.77,,,,
214207,1330,9.178,283,713.27,,,,
214441,1331,7.558,234,713.67,,,,
214736,1332,9.743,295,714.2,,,,
214994,1333,8.447,258,714.66,,,,
215312,1334,10.528,318,717.56,,,,
216312,1335,28.567,1000,719.44,,,,
216789,1336,12.859,477,720.27,,,,
217171,1337,10.755,382,723.43,,,,
217916,1338,23.554,745,724.82,,,,
218167,1339,8.25,251,725.25,,,,
218396,1340,6.806,229,725.67,,,,
218774,1341,11.334,378,726.39,,,,
219036,1342,8.485,262,726.85,,,,
219638,1343,17.007,602,730.5,,,,
220547,1344,25.312,909,736.03,,,,
220947,1345,12.935,400,736.79,,,,
221902,1346,27.399,955,740.38,,,,
222283,1347,12.533,381,741.05,,,,
222762,1348,15.212,479,741.99,,,,
223068,1349,9.805,306,742.54,,,,
223390,1350,9.747,322,745.58,,,,
223668,1351,9.061,278,746.09,,,,
223895,1352,5.59,227,746.53,,,,
224208,1353,9.63,313,747.09,,,,
224445,1354,7.546,237,747.53,,,,
224835,1355,12.742,390,748.24,,,,
225130,1356,8.484,295,748.77,,,,
225670,1357,14.749,540,752.17,,,,
226045,1358,12.246,375,752.89,,,,
226400,1359,11.327,355,753.52,,,,
226609,1360,6.483,209,753.88,,,,
227182,1361,18.342,573,754.9,,,,
227494,1362,8.968,312,757.32,,,,
227711,1363,6.827,217,757.75,,,,
227974,1364,8.452,263,758.26,,,,
228277,1365,9.811,303,758.82,,,,
228884,1366,19.0,607,759.98,,,,
229080,1367,6.099,196,760.32,,,,
229474,1368,11.451,394,763.39,,,,
230213,1369,22.793,739,767.27,,,,
230521,1370,10.212,308,767.9,,,,
230878,1371,10.903,357,768.57,,,,
231405,1372,15.928,527,769.58,,,,
231828,1373,12.605,423,772.77,,,,
232124,1374,9.582,296,773.33,,,,
232426,1375,8.306,302,773.86,,,,
232911,1376,14.266,485,774.7,,,,
233110,1377,6.161,199,775.08,,,,
233435,1378,9.771,325,775.7,,,,
233772,1379,11.001,337,778.52,,,,
234322,1380,17.12,550,779.56,,,,
234937,1381,19.048,615,780.61,,,,
235204,1382,7.351,267,781.06,,,,
235582,1383,12.009,378,783.97,,,,
235964,1384,10.955,382,784.66,,,,
236803,1385,22.688,839,786.19,,,,
237126,1386,9.571,323,786.75,,,,
237504,1387,11.118,378,787.41,,,,
237570,1388,1.222,66,789.42,,,,
237816,1389,7.737,246,789.87,,,,
238146,1390,10.825,330,790.49,,,,
238471,1391,10.513,325,791.07,,,,
238782,1392,7.805,311,791.61,,,,
239070,1393,9.221,288,792.11,,,,
239437,1394,10.628,367,792.74,,,,
239861,1395,13.896,424,795.26,,,,
240169,1396,9.866,308,798.3,,,,
241169,1397,26.557,1000,800.19,,,,
241572,1398,13.184,403,800.93,,,,
241907,1399,10.809,335,803.38,,,,
242291,1400,11.515,384,804.12,,,,
242584,1401,7.831,293,804.64,,,,
243208,1402,20.14,624,805.72,,,,
243392,1403,5.014,184,806.05,,,,
243727,1404,9.899,335,809.09,,,,
244216,1405,14.024,489,810.05,,,,
244960,1406,21.327,744,811.51,,,,
245231,1407,7.117,271,811.99,,,,
246031,1408,23.76,800,815.92,,,,
246407,1409,11.257,376,816.76,,,,
246992,1410,18.086,585,817.94,,,,
247744,1411,22.712,752,819.41,,,,
248189,1412,13.625,445,822.77,,,,
248683,1413,15.195,494,823.73,,,,
248921,1414,7.43,238,824.14,,,,
249462,1415,17.49,541,825.12,,,,
249818,1416,11.388,356,825.82,,,,
250271,1417,13.538,453,834.25,,,,
250520,1418,7.798,249,834.8,,,,
250758,1419,7.748,238,835.27,,,,
250944,1420,5.771,186,835.66,,,,
251434,1421,15.735,490,836.74,,,,
251795,1422,9.486,361,837.38,,,,
252087,1423,8.346,292,840.5,,,,
252307,1424,6.918,220,840.94,,,,
252651,1425,11.101,344,841.64,,,,
252896,1426,8.003,245,842.19,,,,
253399,1427,15.692,503,843.21,,,,
253765,1428,11.332,366,843.88,,,,
254348,1429,16.512,583,847.8,,,,
254717,1430,11.573,369,848.56,,,,
255314,1431,19.756,597,849.69,,,,
255571,1432,8.062,257,850.16,,,,
256020,1433,13.77,449,853.57,,,,
256305,1434,7.443,285,854.09,,,,
256785,1435,15.615,480,855.06,,,,
257035,1436,7.983,250,855.58,,,,
257262,1437,7.383,227,856.08,,,,
257508,1438,8.321,246,856.54,,,,
257909,1439,12.748,401,857.42,,,,
258255,1440,11.171,346,860.71,,,,
258846,1441,17.407,591,861.88,,,,
259152,1442,10.015,306,862.41,,,,
259435,1443,7.94,283,863.02,,,,
259674,1444,7.781,239,863.57,,,,
259968,1445,9.44,294,864.06,,,,
260198,1446,7.212,230,874.86,,,,
260650,1447,13.747,452,875.68,,,,
260922,1448,8.568,272,876.17,,,,
261211,1449,7.6,289,876.68,,,,
261578,1450,11.45,367,877.31,,,,
262226,1451,20.933,648,880.58,,,,
262505,1452,8.342,279,881.09,,,,
262863,1453,11.375,358,881.76,,,,
263232,1454,10.938,369,882.39,,,,
263609,1455,11.887,377,883.03,,,,
263861,1456,8.084,252,883.47,,,,
264060,1457,6.115,199,883.81,,,,
264412,1458,11.063,352,886.55,,,,
264927,1459,14.497,515,887.51,,,,
265226,1460,9.548,299,888.01,,,,
265577,1461,11.377,351,888.65,,,,
266008,1462,13.567,431,889.38,,,,
266195,1463,5.742,187,889.71,,,,
266562,1464,11.353,367,892.37,,,,
266969,1465,12.872,407,893.13,,,,
267292,1466,10.021,323,893.72,,,,
267527,1467,7.61,235,894.15,,,,
267987,1468,14.887,460,894.95,,,,
268244,1469,8.558,257,895.4,,,,
268523,1470,8.958,279,898.38,,,,
268995,1471,15.266,472,899.3,,,,
269188,1472,4.564,193,899.64,,,,
269905,1473,21.595,717,900.87,,,,
270270,1474,10.899,365,909.22,,,,
270556,1475,9.046,286,912.23,,,,
270960,1476,13.246,404,912.99,,,,
271205,1477,7.776,245,913.43,,,,
271562,1478,11.329,357,914.05,,,,
271805,1479,7.646,243,914.48,,,,
272122,1480,10.247,317,915.02,,,,
272311,1481,5.722,189,915.35,,,,
272715,1482,12.93,404,918.59,,,,
273032,1483,9.644,317,919.2,,,,
273518,1484,14.274,486,920.07,,,,
274186,1485,20.29,668,921.24,,,,
274485,1486,9.755,299,924.25,,,,
274851,1487,11.141,366,924.92,,,,
275092,1488,7.831,241,925.38,,,,
275374,1489,9.001,282,925.89,,,,
275999,1490,18.687,625,927.06,,,,
276628,1491,17.762,629,930.53,,,,
276934,1492,9.08,306,931.13,,,,
277151,1493,6.763,217,931.58,,,,
277281,1494,2.539,130,931.81,,,,
277567,1495,9.183,286,932.43,,,,
278056,1496,15.967,489,933.3,,,,
278402,1497,10.871,346,933.98,,,,
278980,1498,17.56,578,937.23,,,,
279465,1499,15.369,485,938.17,,,,
279840,1500,11.035,375,938.83,,,,
280181,1501,10.99,341,945.8,,,,
280725,1502,16.231,544,949.14,,,,
281049,1503,10.64,324,949.78,,,,
281345,1504,9.463,296,950.36,,,,
281691,1505,10.829,346,951.03,,,,
282055,1506,11.056,364,951.7,,,,
282541,1507,15.088,486,952.59,,,,
282972,1508,13.197,431,955.88,,,,
283412,1509,12.666,440,956.8,,,,
283835,1510,12.261,423,957.64,,,,
284048,1511,6.596,213,958.07,,,,
284339,1512,9.38,291,958.65,,,,
284681,1513,10.75,342,961.33,,,,
284830,1514,3.796,149,961.65,,,,
285090,1515,8.15,260,962.19,,,,
285442,1516,11.237,352,962.9,,,,
285735,1517,9.326,293,963.5,,,,
286149,1518,12.771,414,964.34,,,,
286409,1519,8.592,260,964.84,,,,
286562,1520,4.062,153,965.12,,,,
286637,1521,1.4,75,965.26,,,,
287210,1522,16.869,573,968.81,,,,
287644,1523,13.028,434,969.74,,,,
287936,1524,8.248,292,970.37,,,,
288187,1525,8.39,251,970.83,,,,
288730,1526,17.36,543,971.94,,,,
288929,1527,6.161,199,974.58,,,,
289277,1528,10.222,348,975.42,,,,
289579,1529,9.511,302,976.03,,,,
289811,1530,7.436,232,976.51,,,,
290205,1531,11.38,394,986.19,,,,
290610,1532,12.559,405,987.12,,,,
291001,1533,12.177,391,990.15,,,,
291207,1534,6.228,206,990.56,,,,
291448,1535,7.923,241,991.05,,,,
291729,1536,9.075,281,991.57,,,,
292056,1537,10.48,327,992.16,,,,
292691,1538,18.288,635,993.26,,,,
293078,1539,11.719,387,995.87,,,,
293430,1540,11.278,352,996.57,,,,
293673,1541,7.846,243,997.04,,,,
293914,1542,7.706,241,997.48,,,,
293988,1543,1.421,74,997.64,,,,
294308,1544,9.866,320,998.2,,,,
294591,1545,9.08,283,998.71,,,,
294830,1546,7.689,239,999.14,,,,
295100,1547,8.375,270,1001.66,,,,
295408,1548,9.841,308,1002.22,,,,
295647,1549,7.719,239,1002.68,,,,
295897,1550,8.147,250,1003.12,,,,
296254,1551,10.83,357,1003.79,,,,
296515,1552,7.988,261,1004.27,,,,
296851,1553,10.599,336,1004.89,,,,
297080,1554,7.373,229,1007.59,,,,
297437,1555,10.842,357,1008.29,,,,
297706,1556,8.769,269,1008.8,,,,
297918,1557,6.618,212,1009.19,,,,
298147,1558,7.033,229,1009.61,,,,
298415,1559,8.432,268,1010.1,,,,
298741,1560,10.023,326,1010.7,,,,
299053,1561,9.676,312,1013.54,,,,
299462,1562,12.691,409,1014.34,,,,
299680,1563,6.497,218,1014.79,,,,
300274,1564,18.115,594,1023.46,,,,
300582,1565,9.831,308,1024.15,,,,
300833,1566,8.068,251,1024.62,,,,
301260,1567,13.392,427,1027.51,,,,
301567,1568,9.858,307,1028.06,,,,
301754,1569,5.548,187,1028.4,,,,
302151,1570,12.19,397,1029.11,,,,
302605,1571,13.922,454,1029.85,,,,
302867,1572,7.878,262,1030.28,,,,
303164,1573,9.761,297,1032.99,,,,
303570,1574,13.024,406,1033.74,,,,
304215,1575,20.419,645,1034.9,,,,
304445,1576,7.227,230,1035.31,,,,
304901,1577,15.012,456,1036.13,,,,
305118,1578,6.71,217,1036.52,,,,
305438,1579,10.098,320,1039.51,,,,
305756,1580,10.078,318,1040.19,,,,
306084,1581,10.687,328,1040.81,,,,
306362,1582,8.617,278,1041.29,,,,
306652,1583,9.304,290,1041.81,,,,
307260,1584,18.593,608,1045.2,,,,
307721,1585,15.077,461,1046.13,,,,
308031,1586,9.968,310,1046.75,,,,
308280,1587,8.11,249,1047.22,,,,
308673,1588,12.124,393,1047.92,,,,
308901,1589,7.309,228,1048.32,,,,
309347,1590,13.323,446,1050.99,,,,
309780,1591,13.974,433,1051.79,,,,
309989,1592,6.43,209,1052.19,,,,
310441,1593,14.815,452,1060.73,,,,
310575,1594,2.683,134,1061.0,,,,
311068,1595,14.568,493,1061.92,,,,
311402,1596,10.365,334,1064.45,,,,
311666,1597,8.277,264,1064.9,,,,
312176,1598,15.003,510,1065.83,,,,
312464,1599,9.017,288,1066.34,,,,
312700,1600,7.285,236,1066.76,,,,
312906,1601,6.317,206,1067.13,,,,
313204,1602,8.703,298,1067.66,,,,
313438,1603,7.497,234,1070.09,,,,
313570,1604,2.613,132,1070.3,,,,
314110,1605,16.451,540,1071.28,,,,
314754,1606,20.058,644,1072.4,,,,
315012,1607,8.094,258,1072.85,,,,
315291,1608,8.701,279,1073.34,,,,
315469,1609,5.316,178,1075.94,,,,
315821,1610,11.513,352,1076.61,,,,
316073,1611,8.078,252,1077.11,,,,
316349,1612,8.581,276,1077.6,,,,
316610,1613,7.729,261,1078.06,,,,
316979,1614,11.533,369,1078.69,,,,
317257,1615,8.955,278,1079.18,,,,
317539,1616,8.769,282,1082.06,,,,
318382,1617,25.534,843,1083.63,,,,
318661,1618,9.114,279,1084.14,,,,
319265,1619,18.733,604,1085.27,,,,
319538,1620,8.563,273,1088.19,,,,
320256,1621,22.162,718,1096.24,,,,
320625,1622,11.693,369,1097.04,,,,
320871,1623,7.831,246,1097.48,,,,
321197,1624,10.181,326,1098.07,,,,
321661,1625,15.174,464,1101.45,,,,
321968,1626,9.936,307,1102.03,,,,
322292,1627,9.748,324,1102.66,,,,
322548,1628,8.089,256,1103.13,,,,
322810,1629,7.144,262,1103.6,,,,
323209,1630,12.376,399,1104.34,,,,
323656,1631,14.597,447,1107.71,,,,
324012,1632,11.504,356,1108.38,,,,
324328,1633,10.112,316,1108.99,,,,
324598,1634,8.521,270,1109.47,,,,
324957,1635,11.302,359,1110.11,,,,
325337,1636,11.805,380,1110.79,,,,
325675,1637,10.854,338,1113.62,,,,
325962,1638,8.725,287,1114.12,,,,
326201,1639,7.59,239,1114.58,,,,
326610,1640,12.978,409,1115.32,,,,
326933,1641,10.555,323,1115.9,,,,
327295,1642,11.274,362,1116.51,,,,
327513,1643,6.683,218,1116.94,,,,
328113,1644,18.618,600,1119.88,,,,
328435,1645,10.222,322,1120.48,,,,
328944,1646,16.057,509,1121.4,,,,
329607,1647,20.454,663,1122.62,,,,
329813,1648,6.217,206,1125.32,,,,
330214,1649,12.347,401,1132.94,,,,
330563,1650,11.383,349,1133.64,,,,
330984,1651,13.129,421,1134.43,,,,
331403,1652,13.172,419,1135.2,,,,
331710,1653,9.697,307,1135.79,,,,
332581,1654,26.45,871,1139.68,,,,
333068,1655,15.618,487,1140.52,,,,
333345,1656,8.73,277,1141.05,,,,
333728,1657,12.204,383,1141.7,,,,
334041,1658,9.796,313,1144.24,,,,
334406,1659,11.452,365,1144.96,,,,
334681,1660,8.482,275,1145.47,,,,
335142,1661,14.69,461,1146.26,,,,
335548,1662,13.06,406,1146.96,,,,
336418,1663,26.74,870,1150.45,,,,
336922,1664,15.295,504,1151.36,,,,
337201,1665,8.981,279,1151.84,,,,
337635,1666,13.353,434,1152.59,,,,
337847,1667,6.349,212,1152.95,,,,
338313,1668,13.869,466,1156.05,,,,
338716,1669,12.307,403,1156.83,,,,
339386,1670,21.12,670,1157.95,,,,
339593,1671,5.889,207,1158.3,,,,
339981,1672,12.273,388,1161.2,,,,
340371,1673,11.912,390,1169.76,,,,
340604,1674,7.346,233,1170.29,,,,
340884,1675,9.175,280,1170.89,,,,
341180,1676,9.566,296,1171.48,,,,
341502,1677,9.932,322,1172.11,,,,
341790,1678,9.135,288,1172.67,,,,
341999,1679,6.296,209,1173.06,,,,
342418,1680,12.779,419,1176.36,,,,
342809,1681,12.466,391,1177.17,,,,
343195,1682,12.277,386,1177.88,,,,
343579,1683,12.581,384,1178.56,,,,
344079,1684,15.407,500,1182.01,,,,
344710,1685,19.278,631,1183.35,,,,
345553,1686,26.317,843,1184.99,,,,
345851,1687,9.267,298,1185.6,,,,
346172,1688,10.034,321,1188.77,,,,
346803,1689,19.747,631,1190.05,,,,
347028,1690,6.882,225,1190.47,,,,
347326,1691,9.431,298,1191.0,,,,
348005,1692,21.588,679,1192.33,,,,
348424,1693,12.95,419,1195.54,,,,
348699,1694,8.461,275,1196.16,,,,
348923,1695,5.205,224,1196.68,,,,
349307,1696,11.87,384,1197.49,,,,
349657,1697,10.615,350,1198.1,,,,
350386,1698,21.376,729,1209.05,,,,
350711,1699,9.189,325,1209.69,,,,
351035,1700,8.681,324,1210.37,,,,
351769,1701,21.743,734,1211.85,,,,
352769,1702,28.813,1000,1216.53,,,,
353163,1703,12.063,394,1217.3,,,,
353973,1704,25.09,810,1218.84,,,,
354817,1705,25.943,844,1223.02,,,,
355117,1706,9.423,300,1223.59,,,,
355742,1707,17.725,625,1224.74,,,,
356146,1708,13.145,404,1225.51,,,,
356279,1709,2.398,133,1225.76,,,,
356786,1710,15.262,507,1228.93,,,,
357224,1711,13.595,438,1229.75,,,,
357534,1712,9.385,310,1230.3,,,,
357848,1713,9.88,314,1230.85,,,,
358054,1714,6.206,206,1231.19,,,,
358351,1715,9.43,297,1231.7,,,,
358751,1716,12.638,400,1234.68,,,,
359154,1717,12.757,403,1235.45,,,,
359475,1718,9.94,321,1236.0,,,,
359807,1719,10.114,332,1236.59,,,,
360376,1720,17.755,569,1244.44,,,,
360976,1721,18.276,600,1247.53,,,,
361344,1722,11.571,368,1248.19,,,,
361760,1723,12.982,416,1248.94,,,,
362216,1724,15.027,456,1249.74,,,,
362661,1725,13.787,445,1252.42,,,,
363066,1726,12.648,405,1253.16,,,,
363466,1727,12.588,400,1253.88,,,,
363754,1728,8.936,288,1254.37,,,,
364035,1729,8.797,281,1254.86,,,,
364626,1730,18.203,591,1258.34,,,,
364890,1731,8.585,264,1258.81,,,,
365214,1732,10.02,324,1259.44,,,,
365427,1733,6.464,213,1259.8,,,,
365746,1734,9.968,319,1260.34,,,,
366074,1735,10.093,328,1260.9,,,,
366497,1736,11.919,423,1261.63,,,,
366912,1737,12.789,415,1264.97,,,,
367217,1738,8.995,305,1265.63,,,,
367502,1739,8.981,285,1266.13,,,,
367725,1740,6.362,223,1266.51,,,,
368512,1741,24.326,787,1267.84,,,,
368827,1742,9.073,315,1270.8,,,,
369564,1743,22.187,737,1272.22,,,,
369831,1744,8.727,267,1272.68,,,,
370253,1745,12.913,422,1279.11,,,,
370908,1746,19.852,655,1282.83,,,,
371250,1747,9.752,342,1283.47,,,,
372250,1748,28.042,1000,1285.2,,,,
372471,1749,6.58,221,1285.57,,,,
372859,1750,12.217,388,1288.22,,,,
373238,1751,11.755,379,1288.92,,,,
373936,1752,21.608,698,1290.29,,,,
374226,1753,8.922,290,1290.92,,,,
374527,1754,7.931,301,1291.42,,,,
374837,1755,9.601,310,1294.14,,,,
375258,1756,13.623,421,1295.04,,,,
375524,1757,8.495,266,1295.6,,,,
375904,1758,11.821,380,1296.3,,,,
376206,1759,8.624,302,1296.88,,,,
376486,1760,9.027,280,1297.41,,,,
376886,1761,11.896,400,1300.52,,,,
377317,1762,14.155,431,1301.38,,,,
377832,1763,15.426,515,1302.36,,,,
378446,1764,16.781,614,1303.41,,,,
379361,1765,29.197,915,1307.4,,,,
379582,1766,5.113,221,1307.87,,,,
379898,1767,9.532,316,1308.42,,,,
380388,1768,15.387,490,1313.45,,,,
380672,1769,9.163,284,1314.07,,,,
380984,1770,9.641,312,1317.07,,,,
381410,1771,13.354,426,1317.94,,,,
381638,1772,6.971,228,1318.43,,,,
381871,1773,7.259,233,1318.85,,,,
382466,1774,18.691,595,1320.0,,,,
382753,1775,8.844,287,1320.55,,,,
383588,1776,25.2,835,1324.74,,,,
384078,1777,15.067,490,1325.71,,,,
384485,1778,12.793,407,1326.53,,,,
384779,1779,9.262,294,1327.16,,,,
385779,1780,29.548,1000,1331.28,,,,
386101,1781,9.554,322,1331.87,,,,
386325,1782,6.541,224,1332.26,,,,
387100,1783,23.508,775,1336.17,,,,
387370,1784,8.782,270,1336.74,,,,
387770,1785,11.726,400,1337.61,,,,
388065,1786,9.206,295,1338.16,,,,
388318,1787,7.551,253,1338.65,,,,
388595,1788,8.812,277,1339.17,,,,
388796,1789,5.919,201,1339.57,,,,
389030,1790,7.26,234,1340.02,,,,
389299,1791,7.329,269,1342.64,,,,
389642,1792,11.186,343,1343.34,,,,
389981,1793,10.734,339,1343.97,,,,
390305,1794,9.965,324,1347.95,,,,
390605,1795,9.385,300,1348.58,,,,
390933,1796,9.868,328,1349.19,,,,
391229,1797,8.987,296,1352.15,,,,
391541,1798,9.25,312,1352.75,,,,
391857,1799,9.715,316,1353.39,,,,
392111,1800,8.045,254,1353.87,,,,
392668,1801,16.749,557,1354.84,,,,
393285,1802,18.339,617,1358.27,,,,
393702,1803,13.041,417,1359.06,,,,
394011,1804,9.436,309,1359.66,,,,
394532,1805,15.612,521,1360.66,,,,
394849,1806,9.668,317,1361.23,,,,
395477,1807,18.989,628,1364.53,,,,
395788,1808,9.553,311,1365.12,,,,
396109,1809,9.743,321,1365.72,,,,
396378,1810,8.605,269,1366.19,,,,
396852,1811,15.21,474,1367.04,,,,
397187,1812,11.092,335,1367.65,,,,
397478,1813,9.089,291,1370.46,,,,
397797,1814,9.852,319,1371.1,,,,
398127,1815,10.114,330,1371.74,,,,
398486,1816,11.097,359,1372.42,,,,
398766,1817,8.352,280,1372.95,,,,
399073,1818,9.446,307,1373.49,,,,
399383,1819,9.699,310,1376.12,,,,
399720,1820,10.658,337,1376.79,,,,
400720,1821,30.788,1000,1386.56,,,,
400760,1822,0.62,40,1386.63,,,,
401760,1823,28.699,1000,1390.3,,,,
402083,1824,10.113,323,1390.91,,,,
402396,1825,9.485,313,1391.48,,,,
402713,1826,9.627,317,1392.14,,,,
402928,1827,6.426,215,1392.55,,,,
403320,1828,12.707,392,1393.24,,,,
403629,1829,9.24,309,1395.65,,,,
403945,1830,9.539,316,1396.23,,,,
404173,1831,5.565,228,1396.66,,,,
404481,1832,9.276,308,1397.24,,,,
404801,1833,9.962,320,1397.85,,,,
405319,1834,15.747,518,1398.77,,,,
405634,1835,9.538,315,1401.73,,,,
405883,1836,7.799,249,1402.19,,,,
406792,1837,27.981,909,1403.85,,,,
407298,1838,15.728,506,1404.73,,,,
407812,1839,14.389,514,1408.03,,,,
408448,1840,19.3,636,1409.28,,,,
408805,1841,11.485,357,1409.89,,,,
409064,1842,8.053,259,1410.33,,,,
409416,1843,10.331,352,1410.96,,,,
409611,1844,5.453,195,1413.53,,,,
409998,1845,11.851,387,1414.22,,,,
410498,1846,15.806,500,1418.4,,,,
410758,1847,7.957,260,1418.91,,,,
411182,1848,13.577,424,1419.68,,,,
411471,1849,9.079,289,1420.18,,,,
411713,1850,7.473,242,1422.97,,,,
411943,1851,7.106,230,1423.39,,,,
412357,1852,11.107,414,1424.22,,,,
412709,1853,11.037,352,1424.84,,,,
412931,1854,6.63,222,1425.25,,,,
413623,1855,21.498,692,1426.46,,,,
413835,1856,6.238,212,1428.85,,,,
414120,1857,8.96,285,1429.39,,,,
414491,1858,11.568,371,1430.1,,,,
415014,1859,16.286,523,1431.05,,,,
415796,1860,23.652,782,1434.43,,,,
416235,1861,13.398,439,1435.23,,,,
416448,1862,6.259,213,1435.64,,,,
417084,1863,19.412,636,1436.76,,,,
417631,1864,17.222,547,1437.77,,,,
418036,1865,12.64,405,1440.85,,,,
418067,1866,0.463,31,1440.91,,,,
418367,1867,9.24,300,1441.5,,,,
418739,1868,11.039,372,1442.18,,,,
419158,1869,11.266,419,1442.93,,,,
419365,1870,5.991,207,1443.29,,,,
419584,1871,6.52,219,1443.67,,,,
419639,1872,0.844,55,1443.77,,,,
420119,1873,15.033,480,1451.18,,,,
420674,1874,17.789,555,1452.29,,,,
421067,1875,12.216,393,1453.06,,,,
421668,1876,19.002,601,1454.19,,,,
421902,1877,6.772,234,1456.98,,,,
422205,1878,9.26,303,1457.54,,,,
422495,1879,8.976,290,1458.1,,,,
422826,1880,10.823,331,1458.72,,,,
423223,1881,12.387,397,1459.42,,,,
423454,1882,7.123,231,1459.86,,,,
423826,1883,11.963,372,1460.51,,,,
424577,1884,23.256,751,1464.61,,,,
424937,1885,11.652,360,1465.26,,,,
425243,1886,7.783,306,1465.81,,,,
425634,1887,12.168,391,1466.55,,,,
426062,1888,12.948,428,1469.77,,,,
426094,1889,0.486,32,1469.82,,,,
426325,1890,6.847,231,1470.29,,,,
426714,1891,12.157,389,1471.06,,,,
426975,1892,8.181,261,1471.52,,,,
427323,1893,10.935,348,1472.16,,,,
427753,1894,13.814,430,1472.93,,,,
427993,1895,7.451,240,1473.35,,,,
428785,1896,24.293,792,1477.04,,,,
429238,1897,13.974,453,1477.93,,,,
429502,1898,8.333,264,1478.38,,,,
429855,1899,9.425,353,1479.08,,,,
430083,1900,6.84,228,1490.67,,,,
430784,1901,22.114,701,1492.0,,,,
431784,1902,27.306,1000,1493.82,,,,
432142,1903,11.221,358,1496.46,,,,
432492,1904,9.572,350,1497.08,,,,
432724,1905,7.165,232,1497.5,,,,
433000,1906,8.677,276,1498.0,,,,
433326,1907,10.247,326,1498.56,,,,
433743,1908,13.365,417,1499.28,,,,
434480,1909,22.714,737,1502.82,,,,
434839,1910,11.256,359,1503.6,,,,
435110,1911,8.793,271,1504.07,,,,
435366,1912,7.836,256,1504.52,,,,
435901,1913,17.156,535,1505.46,,,,
436170,1914,8.441,269,1505.94,,,,
436479,1915,9.674,309,1508.44,,,,
436759,1916,8.444,280,1508.97,,,,
437069,1917,9.521,310,1509.53,,,,
437362,1918,9.387,293,1510.03,,,,
437625,1919,8.271,263,1510.5,,,,
437911,1920,9.125,286,1510.99,,,,
438262,1921,10.682,351,1511.61,,,,
438466,1922,5.981,204,1513.81,,,,
438754,1923,9.163,288,1514.32,,,,
439030,1924,8.802,276,1514.82,,,,
439339,1925,8.139,309,1515.35,,,,
439580,1926,7.467,241,1515.77,,,,
439877,1927,9.413,297,1516.29,,,,
440154,1928,8.699,277,1519.7,,,,
440796,1929,19.909,642,1522.92,,,,
441083,1930,8.763,287,1523.47,,,,
441384,1931,9.441,301,1523.99,,,,
441825,1932,13.581,441,1524.76,,,,
442825,1933,31.678,1000,1529.11,,,,
443115,1934,9.093,290,1529.7,,,,
443345,1935,6.928,230,1530.14,,,,
443700,1936,11.025,355,1530.88,,,,
443928,1937,6.92,228,1531.38,,,,
444144,1938,6.446,216,1531.8,,,,
444589,1939,13.981,445,1535.06,,,,
444873,1940,9.072,284,1535.65,,,,
445206,1941,10.485,333,1536.33,,,,
445625,1942,10.995,419,1537.14,,,,
445851,1943,6.833,226,1537.58,,,,
446196,1944,10.692,345,1538.25,,,,
446657,1945,14.523,461,1541.59,,,,
446935,1946,8.438,278,1542.16,,,,
447271,1947,11.033,336,1542.89,,,,
447566,1948,9.238,295,1543.4,,,,
447836,1949,8.467,270,1543.9,,,,
447944,1950,2.209,108,1544.08,,,,
448149,1951,5.952,205,1544.48,,,,
448825,1952,21.686,676,1548.26,,,,
449059,1953,7.134,234,1548.8,,,,
449307,1954,7.663,248,1549.33,,,,
449552,1955,7.491,245,1549.83,,,,
449922,1956,11.511,370,1550.52,,,,
450171,1957,6.422,249,1554.75,,,,
450761,1958,19.017,590,1558.54,,,,
451056,1959,9.267,295,1559.09,,,,
451638,1960,17.061,582,1560.23,,,,
452182,1961,17.205,544,1561.25,,,,
452460,1962,8.641,278,1561.74,,,,
453175,1963,22.152,715,1565.94,,,,
453458,1964,8.649,283,1566.45,,,,
453895,1965,13.158,437,1567.4,,,,
454164,1966,8.455,269,1567.88,,,,
454756,1967,19.401,592,1571.54,,,,
455208,1968,14.095,452,1572.46,,,,
455589,1969,12.0,381,1573.36,,,,
455863,1970,8.647,274,1573.88,,,,
456164,1971,9.331,301,1574.39,,,,
456471,1972,9.105,307,1575.1,,,,
456810,1973,10.342,339,1578.41,,,,
457370,1974,17.313,560,1579.59,,,,
457704,1975,9.984,334,1580.2,,,,
457952,1976,7.644,248,1580.64,,,,
458207,1977,8.048,255,1581.15,,,,
458563,1978,10.896,356,1581.9,,,,
458896,1979,10.621,333,1585.22,,,,
458940,1980,0.669,44,1585.3,,,,
459212,1981,8.341,272,1585.88,,,,
459584,1982,11.525,372,1586.6,,,,
459884,1983,9.18,300,1587.12,,,,
460235,1984,10.662,351,1590.5,,,,
460524,1985,8.871,289,1591.0,,,,
460867,1986,10.61,343,1593.78,,,,
461135,1987,8.312,268,1594.23,,,,
461373,1988,6.626,238,1594.65,,,,
461704,1989,10.277,331,1595.25,,,,
462129,1990,13.629,425,1595.97,,,,
462464,1991,10.809,335,1596.55,,,,
462812,1992,10.681,348,1597.13,,,,
463812,1993,29.346,1000,1601.23,,,,
464045,1994,7.086,233,1601.62,,,,
464295,1995,7.726,250,1602.05,,,,
464707,1996,12.824,412,1602.76,,,,
465504,1997,22.678,797,1606.12,,,,
465834,1998,9.779,330,1606.72,,,,
466110,1999,8.701,276,1607.21,,,,
466465,2000,10.883,355,1607.84,,,,
466677,2001,6.122,212,1608.19,,,,
467037,2002,11.245,360,1610.66,,,,
467504,2003,14.691,467,1611.5,,,,
467859,2004,11.102,355,1612.16,,,,
468208,2005,11.076,349,1612.79,,,,
468577,2006,11.407,369,1613.45,,,,
469117,2007,16.502,540,1616.67,,,,
469478,2008,11.185,361,1617.33,,,,
469728,2009,7.455,250,1617.8,,,,
470112,2010,11.25,384,1621.39,,,,
470154,2011,0.633,42,1621.46,,,,
470436,2012,8.756,282,1622.0,,,,
470714,2013,8.461,278,1622.58,,,,
470994,2014,8.634,280,1623.08,,,,
471314,2015,10.367,320,1626.08,,,,
471675,2016,10.887,361,1626.77,,,,
472030,2017,11.221,355,1627.39,,,,
472650,2018,18.359,620,1628.44,,,,
472984,2019,10.247,334,1629.03,,,,
473594,2020,18.849,610,1632.67,,,,
474205,2021,18.577,611,1633.74,,,,
474451,2022,7.504,246,1634.15,,,,
474857,2023,12.971,406,1634.87,,,,
475342,2024,15.641,485,1638.19,,,,
476112,2025,24.216,770,1639.68,,,,
476368,2026,7.835,256,1640.13,,,,
476728,2027,11.197,360,1640.74,,,,
477573,2028,26.666,845,1644.66,,,,
478093,2029,16.191,520,1645.62,,,,
478879,2030,24.935,786,1647.1,,,,
479773,2031,27.443,894,1651.04,,,,
480188,2032,13.02,415,1654.71,,,,
480626,2033,12.967,438,1655.63,,,,
481005,2034,10.569,379,1656.37,,,,
481273,2035,8.357,268,1656.83,,,,
481690,2036,13.359,417,1659.95,,,,
481963,2037,8.443,273,1660.5,,,,
482748,2038,24.509,785,1661.91,,,,
483029,2039,8.431,281,1662.44,,,,
483360,2040,9.741,331,1665.32,,,,
484159,2041,24.941,799,1666.94,,,,
484428,2042,7.516,269,1667.46,,,,
484718,2043,8.619,290,1667.96,,,,
485052,2044,10.106,334,1668.62,,,,
485590,2045,15.841,538,1671.66,,,,
486018,2046,13.305,428,1672.49,,,,
486875,2047,24.952,857,1674.13,,,,
487186,2048,9.275,311,1674.7,,,,
487514,2049,9.849,328,1677.61,,,,
487840,2050,9.957,326,1678.28,,,,
488723,2051,26.836,883,1680.05,,,,
489084,2052,10.854,361,1680.75,,,,
489510,2053,13.268,426,1683.93,,,,
489761,2054,7.775,251,1684.42,,,,
490063,2055,9.65,302,1688.64,,,,
490493,2056,13.616,430,1689.51,,,,
491149,2057,20.408,656,1690.89,,,,
491609,2058,14.18,460,1694.2,,,,
491820,2059,6.176,211,1694.6,,,,
492465,2060,20.277,645,1696.0,,,,
492856,2061,12.026,391,1696.78,,,,
493266,2062,12.955,410,1697.55,,,,
493715,2063,14.058,449,1700.59,,,,
494205,2064,14.891,490,1701.67,,,,
494732,2065,15.827,527,1702.69,,,,
495070,2066,10.228,338,1703.34,,,,
495290,2067,6.563,220,1703.75,,,,
495790,2068,15.365,500,1707.11,,,,
496409,2069,19.137,619,1708.3,,,,
496797,2070,12.352,388,1709.02,,,,
497196,2071,12.154,399,1709.76,,,,
497658,2072,13.609,462,1710.59,,,,
497997,2073,10.798,339,1713.68,,,,
498224,2074,6.719,227,1714.12,,,,
498529,2075,8.808,305,1714.68,,,,
499301,2076,23.527,772,1716.06,,,,
499611,2077,9.613,310,1716.62,,,,
499942,2078,9.253,331,1719.6,,,,
500290,2079,10.884,348,1723.01,,,,
500603,2080,9.607,313,1723.66,,,,
500976,2081,11.626,373,1724.37,,,,
501244,2082,8.051,268,1724.83,,,,
501572,2083,9.81,328,1725.45,,,,
502126,2084,16.872,554,1728.8,,,,
502372,2085,7.542,246,1729.31,,,,
502703,2086,9.996,331,1729.93,,,,
503064,2087,10.77,361,1730.58,,,,
503396,2088,10.396,332,1731.19,,,,
503650,2089,7.746,254,1731.63,,,,
504045,2090,12.403,395,1734.31,,,,
504535,2091,14.966,490,1735.27,,,,
504867,2092,10.244,332,1735.87,,,,
505143,2093,8.634,276,1736.38,,,,
505453,2094,9.436,310,1736.92,,,,
505742,2095,8.962,289,1737.49,,,,
506269,2096,16.087,527,1740.39,,,,
506630,2097,10.523,361,1741.06,,,,
506940,2098,9.92,310,1741.6,,,,
507200,2099,8.165,260,1742.08,,,,
507440,2100,7.345,240,1742.5,,,,
507967,2101,16.196,527,1745.64,,,,
508359,2102,12.362,392,1746.35,,,,
508688,2103,10.093,329,1746.97,,,,
509119,2104,13.347,431,1747.77,,,,
509555,2105,13.564,436,1748.54,,,,
510041,2106,15.584,486,1758.87,,,,
510381,2107,10.131,340,1759.53,,,,
510699,2108,9.305,318,1760.19,,,,
511016,2109,10.115,317,1760.79,,,,
511345,2110,10.038,329,1761.4,,,,
511632,2111,8.74,287,1761.89,,,,
512134,2112,15.544,502,1765.02,,,,
512448,2113,9.911,314,1765.6,,,,
512794,2114,9.532,346,1766.27,,,,
513135,2115,10.609,341,1766.9,,,,
513546,2116,13.246,411,1767.6,,,,
514546,2117,29.521,1000,1771.67,,,,
514894,2118,10.74,348,1772.31,,,,
515253,2119,11.128,359,1772.98,,,,
515678,2120,11.341,425,1773.73,,,,
516070,2121,11.457,392,1774.41,,,,
516332,2122,8.139,262,1777.19,,,,
516985,2123,19.486,653,1778.34,,,,
517703,2124,21.965,718,1779.61,,,,
517928,2125,6.673,225,1780.01,,,,
518327,2126,10.015,399,1783.07,,,,
518790,2127,14.47,463,1783.89,,,,
519315,2128,16.444,525,1784.83,,,,
520315,2129,29.765,1000,1797.13,,,,
520562,2130,7.605,247,1797.57,,,,
520901,2131,10.146,339,1798.15,,,,
521191,2132,8.763,290,1798.66,,,,
522191,2133,28.414,1000,1800.43,,,,
522594,2134,12.69,403,1803.15,,,,
522817,2135,6.518,223,1803.54,,,,
523076,2136,7.996,259,1804.0,,,,
523398,2137,9.86,322,1804.61,,,,
523699,2138,9.07,301,1805.15,,,,
523939,2139,7.041,240,1805.59,,,,
524456,2140,16.183,517,1808.65,,,,
524626,2141,3.79,170,1808.94,,,,
524905,2142,8.638,279,1809.45,,,,
525457,2143,17.242,552,1810.42,,,,
525809,2144,10.882,352,1811.06,,,,
526120,2145,9.411,311,1811.64,,,,
526548,2146,13.204,428,1814.88,,,,
526866,2147,10.227,318,1815.44,,,,
527188,2148,10.341,322,1816.04,,,,
527418,2149,6.78,230,1816.43,,,,
527683,2150,8.226,265,1816.91,,,,
528095,2151,12.907,412,1817.62,,,,
528299,2152,5.835,204,1818.01,,,,
528518,2153,6.381,219,1820.81,,,,
528874,2154,10.954,356,1821.46,,,,
528987,2155,2.341,113,1821.65,,,,
529319,2156,10.406,332,1822.3,,,,
529645,2157,9.917,326,1822.89,,,,
530204,2158,16.899,559,1827.69,,,,
530441,2159,7.085,237,1830.7,,,,
530668,2160,6.709,227,1831.1,,,,
530993,2161,10.109,325,1831.67,,,,
531425,2162,13.425,432,1832.46,,,,
531595,2163,3.787,170,1832.78,,,,
532133,2164,16.896,538,1833.8,,,,
532417,2165,8.883,284,1834.33,,,,
532957,2166,17.085,540,1837.94,,,,
533483,2167,16.134,526,1838.86,,,,
533719,2168,7.062,236,1839.29,,,,
534632,2169,28.557,913,1843.39,,,,
534932,2170,9.17,300,1843.94,,,,
535369,2171,13.285,437,1844.75,,,,
535696,2172,9.77,327,1845.41,,,,
536140,2173,13.916,444,1846.21,,,,
536395,2174,7.958,255,1846.67,,,,
536820,2175,13.671,425,1849.54,,,,
537097,2176,8.446,277,1850.05,,,,
537385,2177,8.92,288,1850.54,,,,
537709,2178,10.103,324,1851.12,,,,
538266,2179,16.621,557,1852.14,,,,
538690,2180,13.04,424,1855.45,,,,
539230,2181,16.537,540,1856.45,,,,
539504,2182,8.582,274,1856.93,,,,
539821,2183,9.496,317,1857.48,,,,
540101,2184,8.6,280,1860.48,,,,
540336,2185,7.039,235,1860.9,,,,
540687,2186,10.944,351,1863.78,,,,
540923,2187,6.995,236,1864.2,,,,
541201,2188,8.487,278,1864.69,,,,
541438,2189,7.028,237,1865.12,,,,
541683,2190,7.211,245,1865.54,,,,
541879,2191,5.558,196,1865.89,,,,
542153,2192,8.397,274,1866.38,,,,
542229,2193,1.345,76,1866.51,,,,
542476,2194,7.485,247,1866.94,,,,
543136,2195,20.345,660,1870.3,,,,
543455,2196,10.161,319,1870.85,,,,
543793,2197,10.633,338,1871.46,,,,
544254,2198,14.487,461,1872.29,,,,
544775,2199,16.129,521,1875.08,,,,
545038,2200,8.146,263,1875.53,,,,
545325,2201,8.873,287,1876.03,,,,
545605,2202,8.691,280,1876.5,,,,
545878,2203,8.442,273,1876.97,,,,
546271,2204,12.412,393,1877.67,,,,
546966,2205,20.634,695,1881.02,,,,
547231,2206,8.066,265,1881.47,,,,
547826,2207,18.66,595,1882.52,,,,
548157,2208,10.549,331,1883.11,,,,
548409,2209,7.613,252,1883.55,,,,
548689,2210,8.707,280,1884.04,,,,
548980,2211,8.968,291,1886.88,,,,
549277,2212,9.143,297,1887.43,,,,
549579,2213,9.374,302,1887.97,,,,
549926,2214,10.956,347,1888.64,,,,
550196,2215,8.341,270,1892.13,,,,
550419,2216,6.465,223,1892.54,,,,
550811,2217,12.244,392,1893.31,,,,
551481,2218,20.664,670,1897.05,,,,
551975,2219,15.263,494,1898.01,,,,
552399,2220,13.087,424,1898.77,,,,
552728,2221,9.93,329,1899.45,,,,
553167,2222,13.15,439,1902.85,,,,
553530,2223,10.8,363,1903.52,,,,
553813,2224,8.745,283,1904.16,,,,
554099,2225,8.855,286,1904.68,,,,
554312,2226,6.082,213,1905.07,,,,
554651,2227,10.534,339,1905.77,,,,
554988,2228,10.159,337,1906.4,,,,
555396,2229,11.303,408,1909.7,,,,
555872,2230,14.12,476,1910.66,,,,
556102,2231,6.424,230,1911.1,,,,
556456,2232,10.976,354,1911.77,,,,
556697,2233,7.044,241,1912.26,,,,
557134,2234,13.673,437,1915.59,,,,
557510,2235,11.459,376,1916.29,,,,
557726,2236,6.101,216,1916.88,,,,
557956,2237,6.304,230,1917.29,,,,
558207,2238,7.603,251,1917.84,,,,
559207,2239,27.722,1000,1922.32,,,,
559945,2240,22.343,738,1923.96,,,,
560237,2241,9.022,292,1934.92,,,,
560480,2242,7.269,243,1935.44,,,,
561404,2243,27.918,924,1939.81,,,,
561827,2244,12.835,423,1940.67,,,,
562190,2245,11.287,363,1941.29,,,,
563190,2246,29.567,1000,1943.23,,,,
563794,2247,16.096,604,1946.99,,,,
564071,2248,7.923,277,1947.49,,,,
564508,2249,11.794,437,1948.28,,,,
565023,2250,15.883,515,1949.2,,,,
565270,2251,7.464,247,1951.68,,,,
566074,2252,23.783,804,1953.04,,,,
566730,2253,18.717,656,1954.18,,,,
567122,2254,11.892,392,1954.86,,,,
567425,2255,8.816,303,1957.36,,,,
567681,2256,7.911,256,1957.79,,,,
567987,2257,8.845,306,1958.31,,,,
568343,2258,9.633,356,1958.91,,,,
568745,2259,12.314,402,1959.62,,,,
568971,2260,6.663,226,1960.02,,,,
569514,2261,16.702,543,1963.33,,,,
570514,2262,28.479,1000,1972.58,,,,
570838,2263,10.03,324,1973.14,,,,
571349,2264,13.858,511,1974.08,,,,
571692,2265,10.595,343,1977.03,,,,
572105,2266,13.568,413,1977.75,,,,
572440,2267,10.039,335,1978.33,,,,
572726,2268,8.791,286,1978.82,,,,
573259,2269,16.999,533,1979.72,,,,
573503,2270,6.893,244,1982.71,,,,
574339,2271,25.235,836,1984.17,,,,
574691,2272,9.559,352,1984.81,,,,
574973,2273,8.484,282,1985.32,,,,
575302,2274,10.155,329,1985.88,,,,
575588,2275,9.025,286,1988.83,,,,
575828,2276,7.192,240,1989.24,,,,
576115,2277,8.974,287,1989.73,,,,
576684,2278,14.78,569,1990.72,,,,
577220,2279,16.61,536,1991.67,,,,
577682,2280,14.357,462,1994.99,,,,
577951,2281,8.218,269,1995.46,,,,
578348,2282,11.859,397,1996.17,,,,
578694,2283,10.681,346,1996.76,,,,
579599,2284,28.052,905,2000.97,,,,
579932,2285,9.92,333,2001.55,,,,
580347,2286,12.523,415,2005.19,,,,
580749,2287,12.602,402,2005.89,,,,
581000,2288,7.116,251,2006.35,,,,
581727,2289,21.337,727,2009.72,,,,
582589,2290,26.365,862,2011.28,,,,
582845,2291,7.941,256,2011.74,,,,
582902,2292,0.88,57,2011.84,,,,
582976,2293,1.3,74,2011.98,,,,
583250,2294,8.434,274,2012.48,,,,
583518,2295,8.318,268,2013.0,,,,
583772,2296,7.635,254,2015.36,,,,
584089,2297,9.732,317,2015.93,,,,
584308,2298,6.232,219,2016.36,,,,
584647,2299,10.003,339,2016.95,,,,
584947,2300,9.25,300,2017.52,,,,
585291,2301,10.529,344,2018.13,,,,
585673,2302,11.685,382,2018.82,,,,
585883,2303,5.958,210,2021.56,,,,
586134,2304,7.15,251,2022.02,,,,
586374,2305,7.081,240,2022.49,,,,
586915,2306,15.023,541,2023.5,,,,
587271,2307,11.131,356,2024.14,,,,
587550,2308,8.55,279,2024.63,,,,
588480,2309,27.949,930,2028.84,,,,
588728,2310,7.328,248,2029.33,,,,
589052,2311,9.167,324,2029.97,,,,
590052,2312,28.695,1000,2037.83,,,,
590699,2313,20.378,647,2039.13,,,,
591168,2314,14.334,469,2040.05,,,,
591466,2315,9.014,298,2040.65,,,,
591998,2316,16.488,532,2044.17,,,,
592998,2317,29.215,1000,2046.13,,,,
593616,2318,17.318,618,2047.34,,,,
593732,2319,2.22,116,2047.56,,,,
594024,2320,8.539,292,2050.25,,,,
594525,2321,15.309,501,2051.19,,,,
594857,2322,10.218,332,2051.82,,,,
595648,2323,21.268,791,2053.29,,,,
595894,2324,7.491,246,2053.77,,,,
596210,2325,9.902,316,2056.65,,,,
597081,2326,24.146,871,2058.42,,,,
597361,2327,8.606,280,2058.91,,,,
598361,2328,28.104,1000,2063.18,,,,
599301,2329,27.335,940,2065.05,,,,
599547,2330,7.245,246,2065.56,,,,
599641,2331,1.752,94,2065.75,,,,
599844,2332,5.766,203,2066.15,,,,
600844,2333,29.852,1000,2078.53,,,,
601219,2334,11.563,375,2079.22,,,,
601498,2335,8.397,279,2079.72,,,,
602040,2336,15.59,542,2080.71,,,,
602282,2337,6.931,242,2083.57,,,,
602832,2338,16.677,550,2084.59,,,,
603301,2339,14.383,469,2085.45,,,,
603592,2340,8.185,291,2085.98,,,,
603980,2341,12.031,388,2086.71,,,,
604980,2342,28.258,1000,2091.03,,,,
605330,2343,9.327,350,2091.69,,,,
605712,2344,11.304,382,2092.39,,,,
605783,2345,1.22,71,2092.52,,,,
606318,2346,16.456,535,2095.84,,,,
606711,2347,10.232,393,2096.64,,,,
606999,2348,8.826,288,2097.22,,,,
607597,2349,18.06,598,2098.29,,,,
607818,2350,6.369,221,2098.69,,,,
608123,2351,9.339,305,2099.22,,,,
608667,2352,16.614,544,2102.62,,,,
608972,2353,9.249,305,2103.2,,,,
609179,2354,5.762,207,2103.58,,,,
609660,2355,14.23,481,2104.45,,,,
610043,2356,10.623,383,2109.6,,,,
610265,2357,6.335,222,2110.01,,,,
610885,2358,19.253,620,2113.54,,,,
611150,2359,7.742,265,2114.01,,,,
611376,2360,6.538,226,2114.43,,,,
611554,2361,4.71,178,2114.78,,,,
611791,2362,6.74,237,2115.21,,,,
612173,2363,11.465,382,2115.95,,,,
612239,2364,1.072,66,2116.07,,,,
612595,2365,10.72,356,2118.62,,,,
612921,2366,10.009,326,2119.21,,,,
613274,2367,9.284,353,2119.84,,,,
613583,2368,9.642,309,2120.44,,,,
614219,2369,19.386,636,2121.59,,,,
614516,2370,8.805,297,2124.03,,,,
614839,2371,9.786,323,2124.59,,,,
615133,2372,8.913,294,2125.1,,,,
615507,2373,11.409,374,2125.85,,,,
615923,2374,12.336,416,2126.62,,,,
616231,2375,9.176,308,2127.21,,,,
616763,2376,16.024,532,2130.56,,,,
617045,2377,8.396,282,2131.08,,,,
617340,2378,8.684,295,2131.6,,,,
618150,2379,24.23,810,2133.09,,,,
618427,2380,8.303,277,2133.59,,,,
618820,2381,11.664,393,2136.67,,,,
619053,2382,6.776,233,2137.11,,,,
619290,2383,6.762,237,2137.55,,,,
619991,2384,21.533,701,2138.84,,,,
620261,2385,8.242,270,2142.06,,,,
620471,2386,5.881,210,2142.45,,,,
621074,2387,18.367,603,2145.93,,,,
621385,2388,9.041,311,2146.46,,,,
621734,2389,10.393,349,2147.09,,,,
622101,2390,11.138,367,2147.74,,,,
622306,2391,5.684,205,2148.12,,,,
622591,2392,8.769,285,2148.64,,,,
622921,2393,10.022,330,2151.52,,,,
623134,2394,5.909,213,2151.92,,,,
623595,2395,13.609,461,2152.75,,,,
623832,2396,6.65,237,2153.18,,,,
624258,2397,12.528,426,2153.92,,,,
624740,2398,14.447,482,2156.71,,,,
625215,2399,14.373,475,2157.55,,,,
625580,2400,10.961,365,2158.27,,,,
625864,2401,8.576,284,2158.78,,,,
626864,2402,28.523,1000,2162.96,,,,
627148,2403,8.305,284,2163.46,,,,
627415,2404,8.056,267,2163.94,,,,
627595,2405,4.78,180,2164.27,,,,
627899,2406,9.181,304,2164.81,,,,
628346,2407,13.424,447,2165.63,,,,
628812,2408,13.962,466,2169.1,,,,
629064,2409,7.051,252,2169.56,,,,
629936,2410,25.399,872,2171.17,,,,
630184,2411,7.227,248,2174.93,,,,
630957,2412,23.903,773,2178.93,,,,
631297,2413,10.36,340,2179.56,,,,
631721,2414,12.391,424,2180.38,,,,
632072,2415,10.627,351,2181.04,,,,
632496,2416,12.848,424,2181.87,,,,
633303,2417,24.106,807,2186.11,,,,
633604,2418,8.881,301,2186.65,,,,
633894,2419,8.818,290,2187.16,,,,
634350,2420,13.601,456,2188.0,,,,
634750,2421,11.616,400,2188.74,,,,
635073,2422,9.373,323,2191.95,,,,
635162,2423,1.638,89,2192.11,,,,
635522,2424,10.51,360,2192.8,,,,
635857,2425,9.72,335,2193.49,,,,
636250,2426,11.562,393,2194.21,,,,
636696,2427,13.895,446,2195.04,,,,
637066,2428,10.844,370,2198.18,,,,
637490,2429,12.72,424,2198.98,,,,
638237,2430,22.453,747,2200.45,,,,
638524,2431,8.718,287,2201.05,,,,
639031,2432,15.784,507,2204.68,,,,
639311,2433,8.446,280,2205.17,,,,
639599,2434,7.987,288,2205.71,,,,
640122,2435,16.063,523,2214.55,,,,
640750,2436,19.329,628,2215.76,,,,
641127,2437,10.953,377,2218.7,,,,
642112,2438,29.427,985,2220.46,,,,
642722,2439,18.176,610,2221.55,,,,
643537,2440,24.281,815,2225.15,,,,
643866,2441,9.611,329,2225.72,,,,
644463,2442,17.375,597,2226.77,,,,
645463,2443,28.885,1000,2230.27,,,,
645879,2444,12.416,416,2230.98,,,,
646849,2445,28.99,970,2232.71,,,,
647569,2446,22.18,720,2236.01,,,,
647928,2447,10.934,359,2236.63,,,,
648222,2448,8.775,294,2237.16,,,,
648786,2449,16.309,564,2238.17,,,,
649617,2450,23.186,831,2241.9,,,,
649930,2451,9.18,313,2242.46,,,,
650143,2452,5.914,213,2247.42,,,,
650480,2453,10.412,337,2248.14,,,,
651115,2454,18.94,635,2249.48,,,,
651524,2455,12.776,409,2252.74,,,,
651856,2456,9.615,332,2253.38,,,,
652152,2457,8.851,296,2253.95,,,,
652571,2458,12.874,419,2254.94,,,,
652854,2459,8.448,283,2255.57,,,,
653386,2460,16.211,532,2259.11,,,,
653663,2461,8.558,277,2259.66,,,,
653961,2462,8.559,298,2260.27,,,,
653994,2463,0.488,33,2260.32,,,,
654281,2464,8.973,287,2260.9,,,,
655281,2465,28.399,1000,2263.04,,,,
655658,2466,11.057,377,2266.23,,,,
655874,2467,6.018,216,2266.73,,,,
656874,2468,30.039,1000,2268.95,,,,
657161,2469,8.344,287,2269.58,,,,
657634,2470,14.762,473,2273.0,,,,
658295,2471,20.173,661,2274.31,,,,
658549,2472,6.341,254,2274.83,,,,
658835,2473,8.457,286,2275.39,,,,
659573,2474,22.151,738,2279.48,,,,
659967,2475,11.921,394,2280.16,,,,
660709,2476,22.645,742,2290.5,,,,
661143,2477,13.173,434,2291.31,,,,
661432,2478,8.624,289,2291.8,,,,
661799,2479,11.108,367,2295.3,,,,
662133,2480,10.085,334,2295.89,,,,
662579,2481,12.663,446,2296.67,,,,
662902,2482,9.728,323,2297.29,,,,
663308,2483,12.355,406,2298.27,,,,
663671,2484,10.916,363,2301.58,,,,
664041,2485,11.482,370,2302.34,,,,
664342,2486,8.999,301,2303.09,,,,
664845,2487,15.11,503,2304.11,,,,
665218,2488,11.082,373,2304.75,,,,
666218,2489,28.842,1000,2309.0,,,,
666690,2490,14.174,472,2309.84,,,,
667322,2491,19.395,632,2310.99,,,,
667650,2492,10.306,328,2313.57,,,,
668150,2493,15.198,500,2314.45,,,,
668553,2494,12.094,403,2315.19,,,,
669005,2495,14.009,452,2316.02,,,,
669428,2496,13.335,423,2316.77,,,,
670153,2497,21.484,725,2326.59,,,,
670664,2498,13.837,511,2327.53,,,,
671001,2499,10.225,337,2328.13,,,,
671869,2500,24.673,868,2332.01,,,,
672165,2501,8.946,296,2332.54,,,,
672947,2502,23.527,782,2333.94,,,,
673600,2503,19.443,653,2335.1,,,,
673900,2504,8.933,300,2338.12,,,,
674285,2505,11.481,385,2338.81,,,,
675144,2506,25.8,859,2340.31,,,,
675470,2507,10.061,326,2340.89,,,,
676297,2508,25.325,827,2344.79,,,,
676515,2509,6.119,218,2345.17,,,,
676871,2510,10.937,356,2345.83,,,,
677163,2511,8.499,292,2346.36,,,,
677206,2512,0.618,43,2346.45,,,,
677769,2513,17.167,563,2347.45,,,,
678047,2514,8.451,278,2350.12,,,,
678339,2515,8.745,292,2350.58,,,,
678601,2516,7.979,262,2351.0,,,,
678860,2517,7.622,259,2351.44,,,,
679860,2518,29.312,1000,2353.34,,,,
679997,2519,2.879,137,2356.11,,,,
680293,2520,7.834,296,2364.05,,,,
680617,2521,10.073,324,2364.62,,,,
680963,2522,10.94,346,2365.25,,,,
681663,2523,21.501,700,2366.51,,,,
682138,2524,13.957,475,2369.62,,,,
682982,2525,25.244,844,2371.16,,,,
683222,2526,6.897,240,2371.68,,,,
683472,2527,7.299,250,2372.16,,,,
683849,2528,11.29,377,2372.93,,,,
684140,2529,8.361,291,2375.7,,,,
684479,2530,9.789,339,2376.31,,,,
684772,2531,8.763,293,2376.81,,,,
685069,2532,7.768,297,2377.33,,,,
685999,2533,27.991,930,2379.02,,,,
686825,2534,23.676,826,2382.91,,,,
687137,2535,9.423,312,2383.61,,,,
687567,2536,13.194,430,2384.44,,,,
687868,2537,7.996,301,2385.03,,,,
688105,2538,6.495,237,2385.53,,,,
688399,2539,9.031,294,2388.35,,,,
688984,2540,16.555,585,2389.51,,,,
689311,2541,10.114,327,2390.09,,,,
689789,2542,14.777,478,2391.03,,,,
690297,2543,15.439,508,2397.35,,,,
691073,2544,23.115,776,2398.83,,,,
691336,2545,7.711,263,2399.37,,,,
691663,2546,9.716,327,2400.0,,,,
692310,2547,18.136,647,2403.75,,,,
692543,2548,6.568,233,2404.19,,,,
692885,2549,10.286,342,2404.96,,,,
692953,2550,1.129,68,2405.08,,,,
693256,2551,9.243,303,2405.69,,,,
693546,2552,8.808,290,2406.24,,,,
693836,2553,8.68,290,2406.86,,,,
694133,2554,8.927,297,2407.48,,,,
694493,2555,10.973,360,2410.29,,,,
694840,2556,10.063,347,2410.91,,,,
695704,2557,25.485,864,2412.58,,,,
696236,2558,16.429,532,2413.63,,,,
696608,2559,11.061,372,2416.87,,,,
696956,2560,11.043,348,2417.56,,,,
697368,2561,12.928,412,2418.37,,,,
697837,2562,14.319,469,2419.3,,,,
698130,2563,8.584,293,2419.86,,,,
698452,2564,9.426,322,2422.98,,,,
699105,2565,19.71,653,2424.24,,,,
699458,2566,10.516,353,2424.99,,,,
700458,2567,29.223,1000,2436.98,,,,
701195,2568,22.468,737,2438.25,,,,
702195,2569,29.133,1000,2440.16,,,,
702941,2570,22.688,746,2444.02,,,,
703533,2571,18.083,592,2445.06,,,,
703875,2572,10.35,342,2445.71,,,,
704246,2573,11.236,371,2446.36,,,,
704603,2574,10.723,357,2449.46,,,,
704812,2575,5.752,209,2449.87,,,,
705113,2576,8.787,301,2450.44,,,,
705315,2577,5.556,202,2450.82,,,,
705609,2578,8.714,294,2451.34,,,,
705847,2579,6.955,238,2451.8,,,,
706265,2580,12.996,418,2452.56,,,,
706571,2581,9.364,306,2455.52,,,,
706860,2582,8.784,289,2456.08,,,,
707496,2583,18.761,636,2457.22,,,,
707842,2584,10.224,346,2457.86,,,,
708102,2585,7.704,260,2458.32,,,,
708513,2586,12.608,411,2459.16,,,,
708780,2587,6.892,267,2461.95,,,,
709767,2588,29.881,987,2463.71,,,,
710032,2589,7.908,265,2470.92,,,,
710402,2590,11.183,370,2471.64,,,,
710686,2591,8.244,284,2474.53,,,,
710952,2592,7.788,266,2475.01,,,,
711308,2593,10.698,356,2475.67,,,,
711735,2594,12.922,427,2476.5,,,,
712362,2595,18.542,627,2477.68,,,,
712880,2596,15.616,518,2480.65,,,,
713362,2597,14.42,482,2481.52,,,,
713698,2598,10.192,336,2482.18,,,,
714152,2599,13.629,454,2483.09,,,,
714436,2600,8.526,284,2483.62,,,,
715073,2601,19.381,637,2486.59,,,,
715313,2602,6.68,240,2487.0,,,,
715940,2603,18.747,627,2488.13,,,,
716668,2604,21.859,728,2489.45,,,,
716930,2605,7.71,262,2492.03,,,,
717542,2606,18.614,612,2493.1,,,,
717893,2607,10.579,351,2493.72,,,,
718370,2608,13.995,477,2494.57,,,,
718677,2609,9.162,307,2495.1,,,,
718973,2610,8.618,296,2497.86,,,,
719973,2611,29.23,1000,2499.72,,,,
720455,2612,14.512,482,2508.95,,,,
721165,2613,21.878,710,2512.6,,,,
721698,2614,16.556,533,2513.57,,,,
722611,2615,26.627,913,2515.22,,,,
723560,2616,28.236,949,2519.49,,,,
724273,2617,22.002,713,2520.83,,,,
725273,2618,28.119,1000,2525.12,,,,
726139,2619,26.031,866,2526.77,,,,
726433,2620,8.608,294,2527.3,,,,
726806,2621,11.085,373,2527.97,,,,
727159,2622,10.521,353,2531.22,,,,
727603,2623,13.721,444,2532.01,,,,
728163,2624,16.984,560,2532.99,,,,
728466,2625,8.797,303,2533.53,,,,
728762,2626,8.551,296,2534.08,,,,
729150,2627,11.615,388,2537.32,,,,
729499,2628,10.732,349,2538.01,,,,
729939,2629,12.605,440,2538.8,,,,
730278,2630,10.127,339,2543.77,,,,
730553,2631,8.031,275,2544.3,,,,
730804,2632,7.434,251,2544.73,,,,
731069,2633,7.533,265,2545.2,,,,
731596,2634,15.663,527,2548.26,,,,
731899,2635,8.892,303,2548.8,,,,
732474,2636,16.967,575,2549.9,,,,
732747,2637,8.039,273,2550.41,,,,
733031,2638,8.588,284,2550.95,,,,
733356,2639,9.487,325,2553.98,,,,
734045,2640,20.158,689,2555.24,,,,
735045,2641,27.782,1000,2557.09,,,,
735500,2642,13.853,455,2560.37,,,,
735728,2643,6.436,228,2560.8,,,,
736313,2644,16.513,585,2561.93,,,,
736826,2645,15.333,513,2562.86,,,,
737134,2646,8.639,308,2563.42,,,,
737750,2647,18.725,616,2566.86,,,,
738219,2648,14.007,469,2567.72,,,,
738561,2649,9.87,342,2568.37,,,,
738824,2650,7.866,263,2568.84,,,,
739169,2651,10.091,345,2569.52,,,,
739703,2652,15.91,534,2572.66,,,,
740055,2653,10.554,352,2576.65,,,,
741036,2654,29.328,981,2578.55,,,,
741259,2655,6.212,223,2578.99,,,,
741561,2656,8.752,302,2581.67,,,,
741958,2657,11.776,397,2582.37,,,,
742230,2658,7.755,272,2582.85,,,,
742591,2659,10.844,361,2583.49,,,,
743070,2660,14.488,479,2584.35,,,,
743423,2661,10.597,353,2584.97,,,,
743463,2662,0.553,40,2587.15,,,,
743743,2663,8.328,280,2587.64,,,,
744063,2664,9.384,320,2588.19,,,,
744731,2665,20.1,668,2589.36,,,,
745085,2666,10.477,354,2589.98,,,,
745123,2667,0.514,38,2590.04,,,,
745156,2668,0.452,33,2590.1,,,,
745469,2669,9.128,313,2590.65,,,,
746275,2670,23.747,806,2594.05,,,,
746370,2671,1.776,95,2594.21,,,,
746456,2672,1.497,86,2594.36,,,,
747034,2673,16.059,578,2595.4,,,,
747984,2674,28.455,950,2599.07,,,,
748564,2675,16.422,580,2600.13,,,,
749125,2676,16.695,561,2601.14,,,,
749941,2677,24.538,816,2604.63,,,,
750581,2678,18.993,640,2614.53,,,,
750923,2679,10.284,342,2615.26,,,,
751568,2680,19.122,645,2616.57,,,,
752568,2681,28.164,1000,2621.34,,,,
752984,2682,11.792,416,2622.29,,,,
753936,2683,27.565,952,2626.62,,,,
753992,2684,0.835,56,2626.72,,,,
754498,2685,15.488,506,2627.6,,,,
755286,2686,23.928,788,2629.38,,,,
756286,2687,27.395,1000,2633.61,,,,
756980,2688,20.685,694,2634.89,,,,
757696,2689,21.015,716,2636.22,,,,
758095,2690,12.147,399,2639.44,,,,
758324,2691,5.975,229,2639.87,,,,
758845,2692,16.163,521,2640.76,,,,
759482,2693,19.007,637,2642.02,,,,
759746,2694,7.488,264,2642.51,,,,
760024,2695,8.289,278,2654.95,,,,
760401,2696,11.493,377,2655.79,,,,
760682,2697,8.243,281,2656.42,,,,
761458,2698,22.159,776,2658.14,,,,
761770,2699,9.482,312,2658.82,,,,
762120,2700,10.719,350,2662.25,,,,
763120,2701,28.857,1000,2664.18,,,,
763476,2702,10.719,356,2664.96,,,,
764037,2703,16.547,561,2668.29,,,,
764378,2704,10.415,341,2668.91,,,,
764752,2705,11.108,374,2669.58,,,,
765105,2706,10.826,353,2670.18,,,,
765400,2707,7.76,295,2670.71,,,,
766400,2708,29.223,1000,2674.69,,,,
766781,2709,11.43,381,2675.43,,,,
767233,2710,13.432,452,2676.21,,,,
767602,2711,11.133,369,2676.87,,,,
768061,2712,13.782,459,2679.49,,,,
768316,2713,7.548,255,2679.95,,,,
769045,2714,21.815,729,2681.24,,,,
769583,2715,16.281,538,2682.21,,,,
770028,2716,13.578,445,2690.67,,,,
770471,2717,13.508,443,2693.27,,,,
771120,2718,19.374,649,2694.41,,,,
771355,2719,6.421,235,2694.83,,,,
771623,2720,7.772,268,2695.29,,,,
771904,2721,8.209,281,2695.78,,,,
772252,2722,10.644,348,2698.9,,,,
772675,2723,13.019,423,2699.63,,,,
773148,2724,13.88,473,2700.43,,,,
773676,2725,15.919,528,2701.35,,,,
774077,2726,12.166,401,2702.06,,,,
774419,2727,10.163,342,2705.29,,,,
774921,2728,14.933,502,2706.15,,,,
775652,2729,22.738,731,2707.45,,,,
776652,2730,29.614,1000,2711.75,,,,
776917,2731,7.897,265,2712.19,,,,
777499,2732,17.697,582,2713.2,,,,
778151,2733,20.061,652,2714.31,,,,
778734,2734,17.106,583,2717.78,,,,
779669,2735,28.394,935,2719.37,,,,
780414,2736,22.703,745,2731.15,,,,
780801,2737,11.618,387,2731.84,,,,
781301,2738,15.343,500,2732.8,,,,
782301,2739,28.925,1000,2734.71,,,,
782790,2740,15.074,489,2737.71,,,,
783081,2741,8.637,291,2738.23,,,,
784081,2742,28.481,1000,2740.24,,,,
784510,2743,12.896,429,2743.21,,,,
784888,2744,11.184,378,2744.0,,,,
785202,2745,9.628,314,2744.6,,,,
786192,2746,29.736,990,2746.51,,,,
786443,2747,7.107,251,2749.4,,,,
786736,2748,8.59,293,2750.03,,,,
787372,2749,19.234,636,2751.15,,,,
788012,2750,19.263,640,2752.27,,,,
788751,2751,22.292,739,2756.11,,,,
789267,2752,15.928,516,2757.23,,,,
789550,2753,8.591,283,2757.77,,,,
789857,2754,9.019,307,2758.38,,,,
790123,2755,7.691,266,2767.77,,,,
790825,2756,20.886,702,2771.39,,,,
791283,2757,13.629,458,2772.25,,,,
791770,2758,13.543,487,2773.28,,,,
792150,2759,11.041,380,2774.0,,,,
792587,2760,13.195,437,2777.3,,,,
793154,2761,17.102,567,2778.38,,,,
793845,2762,20.612,691,2779.74,,,,
794181,2763,10.073,336,2780.38,,,,
794507,2764,9.545,326,2781.03,,,,
794876,2765,10.846,369,2784.18,,,,
795255,2766,11.252,379,2784.91,,,,
795502,2767,7.046,247,2785.39,,,,
796010,2768,15.037,508,2786.36,,,,
796415,2769,12.408,405,2787.1,,,,
797114,2770,20.794,699,2790.85,,,,
797946,2771,24.682,832,2792.41,,,,
798259,2772,9.106,313,2792.98,,,,
798747,2773,14.674,488,2795.82,,,,
799101,2774,10.604,354,2796.46,,,,
799632,2775,16.024,531,2797.43,,,,
800045,2776,12.518,413,2806.49,,,,
801045,2777,29.397,1000,2810.41,,,,
801663,2778,18.702,618,2811.48,,,,
802153,2779,14.536,490,2812.39,,,,
802398,2780,6.939,245,2812.83,,,,
803063,2781,19.469,665,2816.34,,,,
803415,2782,10.507,352,2816.97,,,,
804101,2783,20.367,686,2818.23,,,,
804562,2784,14.022,461,2819.09,,,,
804856,2785,8.712,294,2819.63,,,,
805569,2786,21.412,713,2823.29,,,,
806064,2787,15.017,495,2824.29,,,,
806470,2788,12.308,406,2825.06,,,,
807029,2789,16.819,559,2828.48,,,,
808029,2790,29.001,1000,2830.27,,,,
808329,2791,8.471,300,2830.8,,,,
808754,2792,12.656,425,2831.65,,,,
809076,2793,9.612,322,2834.68,,,,
809898,2794,24.59,822,2836.16,,,,
810381,2795,14.4,483,2845.89,,,,
810838,2796,13.743,457,2846.72,,,,
811838,2797,29.083,1000,2850.89,,,,
812191,2798,10.774,353,2851.51,,,,
812432,2799,6.933,241,2851.94,,,,
812824,2800,11.776,392,2852.64,,,,
813410,2801,17.567,586,2856.09,,,,
813865,2802,13.327,455,2856.9,,,,
814145,2803,8.056,280,2857.39,,,,
814472,2804,9.673,327,2858.02,,,,
814765,2805,8.548,293,2858.55,,,,
815365,2806,18.491,600,2861.87,,,,
815742,2807,11.215,377,2862.55,,,,
816209,2808,13.606,467,2863.36,,,,
816520,2809,9.276,311,2863.96,,,,
817280,2810,22.808,760,2867.15,,,,
817770,2811,14.579,490,2867.99,,,,
818569,2812,24.256,799,2869.44,,,,
818925,2813,10.463,356,2870.1,,,,
819371,2814,12.857,446,2873.14,,,,
819884,2815,15.205,513,2874.1,,,,
820723,2816,25.175,839,2884.15,,,,
821095,2817,11.264,372,2884.82,,,,
821998,2818,26.869,903,2888.89,,,,
822394,2819,11.818,396,2889.7,,,,
822822,2820,13.093,428,2890.46,,,,
823188,2821,11.023,366,2891.11,,,,
823901,2822,21.291,713,2895.04,,,,
824268,2823,10.489,367,2895.7,,,,
824555,2824,7.32,287,2896.34,,,,
824937,2825,11.109,382,2897.01,,,,
825291,2826,10.306,354,2897.65,,,,
825653,2827,10.804,362,2900.33,,,,
826294,2828,18.649,641,2901.52,,,,
826972,2829,20.301,678,2902.76,,,,
827972,2830,28.042,1000,2906.86,,,,
828410,2831,13.173,438,2907.66,,,,
828760,2832,10.359,350,2908.29,,,,
829088,2833,9.915,328,2908.94,,,,
829815,2834,21.606,727,2912.94,,,,
830356,2835,15.894,541,2922.7,,,,
830784,2836,12.786,428,2923.52,,,,
831160,2837,10.93,376,2924.24,,,,
831699,2838,16.511,539,2927.73,,,,
831927,2839,6.367,228,2928.14,,,,
832259,2840,10.104,332,2928.76,,,,
832949,2841,20.068,690,2930.02,,,,
833598,2842,18.266,649,2933.68,,,,
833895,2843,8.748,297,2934.23,,,,
834264,2844,11.129,369,2934.92,,,,
835264,2845,28.938,1000,2936.73,,,,
835680,2846,12.659,416,2939.28,,,,
835944,2847,7.74,264,2939.75,,,,
836210,2848,7.808,266,2940.22,,,,
836495,2849,8.019,285,2940.72,,,,
836951,2850,13.629,456,2941.52,,,,
837263,2851,9.449,312,2942.09,,,,
837810,2852,16.372,547,2944.82,,,,
838224,2853,12.213,414,2945.52,,,,
838610,2854,11.782,386,2946.18,,,,
839123,2855,15.873,513,2947.12,,,,
839506,2856,10.035,383,2947.81,,,,
839861,2857,10.703,355,2950.61,,,,
840459,2858,18.264,598,2958.06,,,,
840998,2859,16.083,539,2959.0,,,,
841311,2860,9.472,313,2959.56,,,,
841756,2861,13.587,445,2962.58,,,,
842286,2862,16.11,530,2963.52,,,,
842608,2863,9.885,322,2964.08,,,,
843022,2864,12.595,414,2964.82,,,,
843323,2865,8.857,301,2965.34,,,,
843668,2866,10.013,345,2965.94,,,,
843924,2867,7.39,256,2968.93,,,,
844377,2868,13.846,453,2969.82,,,,
844840,2869,13.769,463,2970.81,,,,
845507,2870,20.591,667,2972.21,,,,
845954,2871,13.52,447,2975.61,,,,
846393,2872,13.021,439,2976.46,,,,
846659,2873,7.927,266,2977.03,,,,
846974,2874,9.558,315,2977.63,,,,
847344,2875,11.014,370,2978.3,,,,
847833,2876,14.93,489,2979.3,,,,
848333,2877,15.537,500,2982.63,,,,
848793,2878,13.542,460,2983.58,,,,
849507,2879,21.767,714,2985.13,,,,
850000,2880,14.989,493,2988.52,,,,
850388,2881,11.35,388,2998.07,,,,
851221,2882,24.768,833,2999.57,,,,
851581,2883,10.756,360,3000.47,,,,
851936,2884,10.787,355,3001.29,,,,
852701,2885,23.111,765,3005.23,,,,
853114,2886,12.066,413,3006.02,,,,
853577,2887,13.797,463,3006.87,,,,
853935,2888,10.431,358,3007.51,,,,
854242,2889,9.394,307,3010.85,,,,
854532,2890,8.58,290,3011.54,,,,
854887,2891,10.625,355,3012.27,,,,
855278,2892,12.024,391,3012.99,,,,
855782,2893,15.457,504,3013.88,,,,
856184,2894,11.948,402,3017.52,,,,
857184,2895,29.255,1000,3019.76,,,,
857535,2896,10.803,351,3020.63,,,,
857875,2897,10.284,340,3021.31,,,,
858875,2898,29.468,1000,3025.96,,,,
859216,2899,10.423,341,3026.6,,,,
859664,2900,13.205,448,3027.41,,,,
860269,2901,18.026,605,3038.84,,,,
860625,2902,10.631,356,3039.45,,,,
860987,2903,10.946,362,3040.06,,,,
861469,2904,14.191,482,3040.91,,,,
861735,2905,7.802,266,3041.36,,,,
862735,2906,29.221,1000,3045.48,,,,
863163,2907,13.227,428,3046.24,,,,
863509,2908,10.243,346,3046.86,,,,
864131,2909,18.417,622,3047.96,,,,
865131,2910,27.746,1000,3051.77,,,,
865518,2911,11.323,387,3052.45,,,,
866466,2912,28.997,948,3056.27,,,,
866725,2913,7.72,259,3056.7,,,,
867071,2914,10.652,346,3057.28,,,,
867448,2915,11.24,377,3057.92,,,,
868393,2916,28.2,945,3062.16,,,,
869069,2917,20.155,676,3063.34,,,,
869475,2918,12.386,406,3064.02,,,,
869833,2919,10.448,358,3064.63,,,,
870090,2920,7.554,257,3072.83,,,,
870550,2921,13.751,460,3076.3,,,,
871225,2922,20.467,675,3077.47,,,,
871541,2923,9.676,316,3078.0,,,,
871976,2924,12.823,435,3078.75,,,,
872291,2925,8.956,315,3079.29,,,,
872897,2926,17.991,606,3082.82,,,,
873263,2927,10.847,366,3083.46,,,,
873561,2928,8.797,298,3083.97,,,,
873872,2929,9.186,311,3084.52,,,,
874150,2930,8.312,278,3085.01,,,,
875150,2931,28.231,1000,3089.27,,,,
875468,2932,9.677,318,3089.82,,,,
875929,2933,12.707,461,3090.7,,,,
876336,2934,11.89,407,3091.44,,,,
877336,2935,29.763,1000,3095.21,,,,
877626,2936,8.586,290,3095.71,,,,
877999,2937,11.098,373,3096.41,,,,
878356,2938,10.577,357,3097.04,,,,
879356,2939,29.237,1000,3100.78,,,,
880356,2940,28.923,1000,3111.31,,,,
880705,2941,10.417,349,3113.98,,,,
881663,2942,28.005,958,3115.78,,,,
882563,2943,27.125,900,3117.67,,,,
883563,2944,28.795,1000,3121.8,,,,
884098,2945,16.056,535,3122.9,,,,
884452,2946,10.522,354,3123.56,,,,
884881,2947,12.794,429,3126.67,,,,
885273,2948,11.624,392,3127.41,,,,
886273,2949,30.296,1000,3129.44,,,,
887273,2950,29.931,1000,3133.64,,,,
887561,2951,8.592,288,3134.16,,,,
887845,2952,8.41,284,3134.7,,,,
888562,2953,19.813,717,3136.17,,,,
889296,2954,21.574,734,3140.05,,,,
889648,2955,10.534,352,3140.81,,,,
890648,2956,28.29,1000,3151.24,,,,
891071,2957,12.624,423,3154.04,,,,
891661,2958,16.996,590,3155.15,,,,
892661,2959,28.167,1000,3156.99,,,,
893408,2960,22.298,747,3160.3,,,,
894232,2961,24.742,824,3161.82,,,,
895232,2962,29.006,1000,3166.03,,,,
895559,2963,9.914,327,3166.63,,,,
895934,2964,11.063,375,3167.34,,,,
896251,2965,9.386,317,3167.95,,,,
896522,2966,7.876,271,3168.45,,,,
897074,2967,16.529,552,3171.96,,,,
897527,2968,13.36,453,3172.84,,,,
898354,2969,24.272,827,3174.36,,,,
899201,2970,25.079,847,3178.21,,,,
899993,2971,23.871,792,3179.69,,,,
900813,2972,24.056,820,3189.96,,,,
901650,2973,24.998,837,3193.7,,,,
902067,2974,12.66,417,3194.5,,,,
902454,2975,11.15,387,3195.22,,,,
902735,2976,8.219,281,3195.74,,,,
903735,2977,28.837,1000,3199.92,,,,
904493,2978,23.202,758,3201.29,,,,
904829,2979,10.232,336,3201.93,,,,
905143,2980,9.436,314,3202.54,,,,
905931,2981,22.788,788,3206.26,,,,
906193,2982,7.736,262,3206.75,,,,
906538,2983,10.173,345,3207.39,,,,
906946,2984,12.71,408,3208.12,,,,
907313,2985,11.059,367,3210.93,,,,
908313,2986,28.382,1000,3212.73,,,,
908843,2987,15.673,530,3213.7,,,,
909304,2988,13.851,461,3214.53,,,,
909669,2989,10.784,365,3217.02,,,,
910187,2990,15.883,518,3226.35,,,,
911187,2991,28.628,1000,3228.19,,,,
911537,2992,10.596,350,3230.68,,,,
912537,2993,28.481,1000,3232.42,,,,
912824,2994,8.0,287,3232.96,,,,
913116,2995,8.541,292,3233.53,,,,
913575,2996,13.442,459,3236.71,,,,
913866,2997,8.745,291,3237.24,,,,
914413,2998,16.312,547,3238.24,,,,
914772,2999,11.149,359,3238.88,,,,
915177,3000,12.273,405,3239.71,,,,
915545,3001,10.792,368,3243.01,,,,
916428,3002,26.577,883,3244.84,,,,
917358,3003,27.627,930,3246.55,,,,
917690,3004,9.676,332,3249.72,,,,
918690,3005,28.043,1000,3251.59,,,,
919690,3006,28.284,1000,3255.97,,,,
920645,3007,28.787,955,3266.6,,,,
921016,3008,11.179,371,3267.28,,,,
921353,3009,10.049,337,3267.89,,,,
921650,3010,8.575,297,3270.49,,,,
921999,3011,10.308,349,3271.1,,,,
922637,3012,19.444,638,3272.23,,,,
923637,3013,28.747,1000,3274.09,,,,
923944,3014,8.935,307,3276.8,,,,
924216,3015,7.806,272,3277.28,,,,
925216,3016,28.299,1000,3279.17,,,,
925484,3017,7.571,268,3279.66,,,,
926064,3018,17.833,580,3283.33,,,,
927064,3019,28.29,1000,3285.18,,,,
927571,3020,15.72,507,3286.16,,,,
927984,3021,12.662,413,3289.21,,,,
928408,3022,12.415,424,3289.99,,,,
928965,3023,16.537,557,3290.98,,,,
929721,3024,21.549,756,3292.44,,,,
930102,3025,11.362,381,3299.25,,,,
931027,3026,27.872,925,3300.89,,,,
931399,3027,11.04,372,3301.55,,,,
931691,3028,8.58,292,3302.08,,,,
932260,3029,17.224,569,3305.35,,,,
932562,3030,8.934,302,3305.87,,,,
932775,3031,5.718,213,3306.23,,,,
933041,3032,7.485,266,3306.7,,,,
933295,3033,7.306,254,3307.15,,,,
933652,3034,10.537,357,3307.77,,,,
933918,3035,7.604,266,3310.25,,,,
934209,3036,8.556,291,3310.76,,,,
934579,3037,11.177,370,3311.39,,,,
935198,3038,18.45,619,3312.52,,,,
935642,3039,13.821,444,3313.29,,,,
935717,3040,1.259,75,3313.43,,,,
935949,3041,6.445,232,3315.86,,,,
936240,3042,8.286,291,3316.37,,,,
936494,3043,7.181,254,3316.8,,,,
936832,3044,9.851,338,3317.41,,,,
937522,3045,21.031,690,3318.62,,,,
938198,3046,20.448,676,3322.14,,,,
938740,3047,15.62,542,3323.08,,,,
939274,3048,15.9,534,3324.01,,,,
939529,3049,7.094,255,3324.45,,,,
940092,3050,16.807,563,3336.89,,,,
940293,3051,5.322,201,3337.25,,,,
940760,3052,14.223,467,3338.3,,,,
941039,3053,7.948,279,3338.79,,,,
941364,3054,9.883,325,3339.38,,,,
941744,3055,11.255,380,3340.13,,,,
942096,3056,10.408,352,3343.34,,,,
943052,3057,28.59,956,3345.22,,,,
943496,3058,13.332,444,3346.21,,,,
943633,3059,2.979,137,3346.46,,,,
943942,3060,9.068,309,3347.05,,,,
944295,3061,10.408,353,3350.27,,,,
944901,3062,18.358,606,3351.5,,,,
945671,3063,22.275,770,3353.13,,,,
946076,3064,12.344,405,3353.94,,,,
947076,3065,28.532,1000,3358.65,,,,
947558,3066,14.057,482,3359.74,,,,
947851,3067,8.514,293,3360.4,,,,
948659,3068,23.791,808,3364.68,,,,
948921,3069,7.347,262,3365.22,,,,
949258,3070,9.818,337,3365.94,,,,
949597,3071,9.891,339,3366.55,,,,
949906,3072,8.816,309,3367.09,,,,
950363,3073,13.922,457,3381.45,,,,
950689,3074,9.575,326,3382.13,,,,
951487,3075,24.284,798,3383.83,,,,
952019,3076,15.745,532,3384.76,,,,
952325,3077,9.127,306,3387.7,,,,
952873,3078,16.334,548,3388.69,,,,
953485,3079,18.344,612,3389.76,,,,
954158,3080,20.09,673,3390.93,,,,
954542,3081,11.321,384,3393.57,,,,
954877,3082,9.685,335,3394.17,,,,
955329,3083,13.482,452,3394.95,,,,
955686,3084,10.836,357,3395.59,,,,
955993,3085,8.993,307,3396.14,,,,
956530,3086,16.236,537,3399.06,,,,
956905,3087,11.203,375,3399.71,,,,
957219,3088,9.12,314,3400.24,,,,
957616,3089,11.454,397,3400.91,,,,
957913,3090,8.915,297,3401.42,,,,
958573,3091,19.311,660,3404.81,,,,
959573,3092,28.557,1000,3406.53,,,,
959946,3093,11.388,373,3407.19,,,,
960677,3094,21.815,731,3418.92,,,,
960934,3095,7.414,257,3419.35,,,,
961412,3096,14.274,478,3420.15,,,,
962376,3097,28.613,964,3421.8,,,,
962639,3098,7.344,263,3424.72,,,,
963252,3099,18.472,613,3425.76,,,,
963645,3100,11.978,393,3426.45,,,,
964109,3101,13.775,464,3427.23,,,,
965053,3102,27.688,944,3431.29,,,,
966022,3103,28.964,969,3432.95,,,,
966686,3104,20.033,664,3436.71,,,,
967686,3105,27.775,1000,3438.45,,,,
968362,3106,20.418,676,3439.6,,,,
968749,3107,11.402,387,3442.81,,,,
969210,3108,13.205,461,3443.63,,,,
969673,3109,14.033,463,3444.44,,,,
970192,3110,15.672,519,3450.27,,,,
970502,3111,8.813,310,3450.85,,,,
970837,3112,9.911,335,3453.84,,,,
971185,3113,10.3,348,3454.52,,,,
971560,3114,11.198,375,3455.3,,,,
971838,3115,7.972,278,3455.81,,,,
972040,3116,5.388,202,3456.24,,,,
972498,3117,13.559,458,3457.13,,,,
972944,3118,13.857,446,3460.17,,,,
973499,3119,16.663,555,3461.21,,,,
973932,3120,12.788,433,3462.04,,,,
974289,3121,10.948,357,3462.71,,,,
975289,3122,28.565,1000,3466.81,,,,
976212,3123,26.817,923,3468.51,,,,
976567,3124,10.627,355,3469.16,,,,
976946,3125,11.119,379,3472.33,,,,
977373,3126,12.923,427,3473.11,,,,
978373,3127,29.406,1000,3475.02,,,,
978736,3128,10.552,363,3475.68,,,,
979120,3129,11.108,384,3478.93,,,,
979467,3130,10.329,347,3479.59,,,,
979525,3131,0.871,58,3479.7,,,,
980525,3132,28.515,1000,3485.23,,,,
981420,3133,26.779,895,3489.44,,,,
981905,3134,14.679,485,3490.39,,,,
982242,3135,9.803,337,3491.08,,,,
982533,3136,8.451,291,3491.63,,,,
983533,3137,29.26,1000,3495.82,,,,
983887,3138,10.827,354,3496.5,,,,
984206,3139,9.674,319,3497.13,,,,
984260,3140,0.773,54,3497.25,,,,
984673,3141,12.788,413,3498.1,,,,
985029,3142,10.433,356,3498.83,,,,
985327,3143,8.625,298,3501.83,,,,
985947,3144,18.494,620,3503.07,,,,
986248,3145,9.105,301,3503.62,,,,
986714,3146,13.807,466,3504.54,,,,
987082,3147,11.22,368,3505.3,,,,
987389,3148,9.394,307,3508.32,,,,
987773,3149,11.214,384,3509.05,,,,
988163,3150,11.172,390,3509.79,,,,
988449,3151,8.331,286,3510.31,,,,
988840,3152,12.113,391,3511.05,,,,
989495,3153,19.27,655,3514.67,,,,
990088,3154,17.732,593,3524.02,,,,
990163,3155,1.262,75,3524.16,,,,
990749,3156,17.557,586,3525.29,,,,
991130,3157,11.098,381,3525.99,,,,
991550,3158,12.691,420,3528.74,,,,
991830,3159,7.982,280,3529.24,,,,
992202,3160,11.288,372,3529.98,,,,
992644,3161,13.277,442,3530.79,,,,
993014,3162,11.134,370,3531.47,,,,
993836,3163,24.335,822,3535.27,,,,
994836,3164,28.494,1000,3537.14,,,,
995292,3165,13.497,456,3537.98,,,,
996292,3166,29.26,1000,3542.15,,,,
996985,3167,20.617,693,3543.46,,,,
997453,3168,13.754,468,3546.33,,,,
998453,3169,28.168,1000,3548.27,,,,
998820,3170,10.903,367,3548.98,,,,
999820,3171,28.837,1000,3552.96,,,,
1000121,3172,8.881,301,3562.18,,,,
1000431,3173,8.703,310,3562.77,,,,
1000921,3174,14.858,490,3563.68,,,,
