timestep,episode,episode_reward,episode_length,wall_time,policy_loss,value_loss,entropy,approx_kl
37,0,17.427,37,0.3,,,,
52,1,-0.685,15,0.35,,,,
85,2,1.964,33,0.4,,,,
98,3,-2.081,13,0.42,,,,
114,4,-0.102,16,0.45,,,,
124,5,-0.188,10,0.46,,,,
142,6,-0.424,18,0.49,,,,
158,7,-1.89,16,0.52,,,,
179,8,3.093,21,0.55,,,,
204,9,0.353,25,0.59,,,,
212,10,-0.82,8,0.61,,,,
226,11,0.076,14,0.63,,,,
241,12,-1.778,15,0.65,,,,
264,13,3.116,23,0.69,,,,
285,14,-0.01,21,0.72,,,,
301,15,-1.326,16,0.75,,,,
312,16,-1.97,11,0.76,,,,
327,17,-2.423,15,0.79,,,,
345,18,1.29,18,0.82,,,,
363,19,0.981,18,0.84,,,,
377,20,0.429,14,0.87,,,,
400,21,-1.536,23,0.92,,,,
422,22,-0.212,22,0.96,,,,
446,23,1.011,24,1.0,,,,
463,24,1.715,17,1.02,,,,
487,25,-0.502,24,1.06,,,,
508,26,-1.563,21,1.1,,,,
524,27,0.118,16,1.12,,,,
554,28,3.48,30,1.17,,,,
567,29,-1.394,13,1.19,,,,
581,30,-2.205,14,1.21,,,,
599,31,0.502,18,1.24,,,,
612,32,-1.212,13,1.26,,,,
629,33,0.111,17,1.29,,,,
659,34,0.896,30,1.34,,,,
674,35,0.04,15,1.36,,,,
685,36,-0.412,11,1.38,,,,
696,37,-0.463,11,1.4,,,,
714,38,-0.253,18,1.43,,,,
766,39,-0.097,52,1.51,,,,
781,40,0.045,15,1.53,,,,
802,41,-2.228,21,1.57,,,,
819,42,-2.777,17,1.6,,,,
846,43,-0.252,27,1.64,,,,
866,44,0.417,20,1.67,,,,
888,45,1.217,22,1.71,,,,
913,46,-2.296,25,1.75,,,,
940,47,-0.096,27,1.79,,,,
965,48,2.026,25,1.84,,,,
978,49,-0.155,13,1.86,,,,
990,50,0.005,12,1.88,,,,
1003,51,-0.75,13,1.9,,,,
1035,52,0.371,32,1.95,,,,
1060,53,-2.75,25,2.01,,,,
1067,54,-1.776,7,2.03,,,,
1082,55,0.378,15,2.06,,,,
1096,56,-1.601,14,2.08,,,,
1107,57,-0.326,11,2.1,,,,
1119,58,0.324,12,2.12,,,,
1136,59,-3.943,17,2.15,,,,
1146,60,-0.564,10,2.17,,,,
1169,61,-1.15,23,2.22,,,,
1179,62,-0.158,10,2.25,,,,
1198,63,-0.185,19,2.29,,,,
1217,64,-0.621,19,2.32,,,,
1232,65,0.913,15,2.34,,,,
1251,66,-1.572,19,2.38,,,,
1263,67,-1.289,12,2.4,,,,
1285,68,2.403,22,2.44,,,,
1312,69,-0.886,27,2.48,,,,
1321,70,-1.662,9,2.5,,,,
1339,71,0.948,18,2.53,,,,
1387,72,3.283,48,2.6,,,,
1399,73,-0.104,12,2.62,,,,
1425,74,2.619,26,2.66,,,,
1450,75,1.37,25,2.7,,,,
1465,76,0.357,15,2.73,,,,
1493,77,0.463,28,2.77,,,,
1504,78,0.051,11,2.79,,,,
1515,79,-1.325,11,2.81,,,,
1537,80,-0.954,22,2.84,,,,
1555,81,-0.548,18,2.87,,,,
1566,82,0.043,11,2.89,,,,
1588,83,-1.05,22,2.95,,,,
1602,84,0.626,14,2.97,,,,
1622,85,-2.348,20,3.0,,,,
1634,86,-0.481,12,3.02,,,,
1644,87,-0.654,10,3.04,,,,
1678,88,2.768,34,3.09,,,,
1692,89,-2.692,14,3.12,,,,
1718,90,-0.814,26,3.16,,,,
1738,91,-0.43,20,3.19,,,,
1754,92,-1.425,16,3.21,,,,
1774,93,-0.002,20,3.25,,,,
1800,94,3.054,26,3.29,,,,
1814,95,-1.844,14,3.31,,,,
1837,96,0.648,23,3.35,,,,
1852,97,-0.326,15,3.37,,,,
1873,98,0.32,21,3.4,,,,
1887,99,0.038,14,3.44,,,,
1897,100,-0.527,10,3.47,,,,
1919,101,1.643,22,3.52,,,,
1939,102,-1.219,20,3.57,,,,
1954,103,-0.79,15,3.59,,,,
1969,104,-0.672,15,3.61,,,,
1979,105,-0.924,10,3.63,,,,
1992,106,0.045,13,3.65,,,,
2004,107,-2.322,12,3.67,,,,
2017,108,-0.261,13,3.69,,,,
2032,109,-1.571,15,3.71,,,,
2040,110,-0.803,8,3.73,,,,
2056,111,-1.29,16,6.23,,,,
2073,112,0.721,17,6.26,,,,
2090,113,-0.238,17,6.29,,,,
2104,114,0.901,14,6.32,,,,
2129,115,1.852,25,6.36,,,,
2149,116,0.01,20,6.39,,,,
2159,117,-0.302,10,6.41,,,,
2201,118,0.413,42,6.52,,,,
2226,119,1.289,25,6.56,,,,
2236,120,-0.833,10,6.58,,,,
2246,121,-1.019,10,6.59,,,,
2260,122,-1.002,14,6.62,,,,
2279,123,0.24,19,6.65,,,,
2299,124,-0.435,20,6.68,,,,
2322,125,-0.593,23,6.73,,,,
2336,126,0.759,14,6.75,,,,
2375,127,1.066,39,6.82,,,,
2393,128,-0.393,18,6.85,,,,
2430,129,1.094,37,6.91,,,,
2445,130,-1.124,15,6.94,,,,
2474,131,2.044,29,7.03,,,,
2499,132,0.577,25,7.07,,,,
2521,133,-1.264,22,7.11,,,,
2547,134,0.679,26,7.15,,,,
2558,135,-1.301,11,7.17,,,,
2579,136,1.214,21,7.21,,,,
2606,137,0.87,27,7.25,,,,
2636,138,-0.121,30,7.3,,,,
2652,139,-0.186,16,7.33,,,,
2693,140,3.513,41,7.4,,,,
2710,141,0.54,17,7.43,,,,
2724,142,-1.133,14,7.45,,,,
2739,143,1.334,15,7.48,,,,
2753,144,-0.181,14,7.5,,,,
2770,145,0.044,17,7.53,,,,
2783,146,-0.244,13,7.55,,,,
2805,147,1.246,22,7.59,,,,
2823,148,-0.616,18,7.62,,,,
2836,149,0.182,13,7.64,,,,
2852,150,0.783,16,7.67,,,,
2882,151,-0.842,30,7.72,,,,
2897,152,-0.112,15,7.75,,,,
2911,153,-0.862,14,7.77,,,,
2937,154,1.389,26,7.82,,,,
2962,155,2.666,25,7.87,,,,
2976,156,-0.248,14,7.89,,,,
3000,157,0.902,24,7.93,,,,
3014,158,-0.244,14,7.97,,,,
3030,159,-0.753,16,8.0,,,,
3048,160,1.44,18,8.06,,,,
3078,161,-1.6,30,8.13,,,,
3109,162,0.115,31,8.18,,,,
3130,163,-1.256,21,8.22,,,,
3143,164,-0.098,13,8.24,,,,
3152,165,-0.455,9,8.26,,,,
3184,166,2.945,32,8.31,,,,
3203,167,-0.805,19,8.35,,,,
3218,168,-1.981,15,8.37,,,,
3244,169,-1.304,26,8.42,,,,
3265,170,-1.788,21,8.45,,,,
3280,171,0.256,15,8.48,,,,
3314,172,4.806,34,8.53,,,,
3330,173,-0.258,16,8.56,,,,
3356,174,-0.183,26,8.61,,,,
3371,175,-0.336,15,8.63,,,,
3383,176,-1.028,12,8.65,,,,
3409,177,0.857,26,8.69,,,,
3424,178,-0.148,15,8.72,,,,
3453,179,0.643,29,8.77,,,,
3473,180,-0.197,20,8.8,,,,
3511,181,5.614,38,8.86,,,,
3539,182,2.368,28,8.91,,,,
3562,183,1.46,23,8.95,,,,
3574,184,-0.389,12,8.97,,,,
3586,185,-0.694,12,8.99,,,,
3597,186,-0.643,11,9.01,,,,
3616,187,1.174,19,9.04,,,,
3634,188,-0.472,18,9.07,,,,
3649,189,-1.087,15,9.1,,,,
3663,190,-1.579,14,9.12,,,,
3700,191,2.213,37,9.19,,,,
3714,192,-1.114,14,9.22,,,,
3741,193,1.703,27,9.26,,,,
3750,194,-0.337,9,9.28,,,,
3789,195,0.208,39,9.35,,,,
3819,196,2.39,30,9.4,,,,
3835,197,0.067,16,9.43,,,,
3856,198,1.347,21,9.46,,,,
3868,199,-0.566,12,9.48,,,,
3885,200,-0.556,17,9.51,,,,
3900,201,0.068,15,9.53,,,,
3934,202,-0.432,34,9.59,,,,
3961,203,0.899,27,9.64,,,,
3970,204,-0.386,9,9.65,,,,
4007,205,0.644,37,9.71,,,,
4028,206,-0.893,21,9.75,,,,
4044,207,-0.808,16,9.77,,,,
4085,208,0.616,41,9.84,,,,
4107,209,2.031,22,11.7,,,,
4134,210,1.0,27,11.75,,,,
4148,211,0.426,14,11.77,,,,
4165,212,-0.646,17,11.8,,,,
4190,213,1.547,25,11.85,,,,
4209,214,0.854,19,11.88,,,,
4222,215,-0.563,13,11.9,,,,
4232,216,-0.662,10,11.92,,,,
4242,217,-0.651,10,11.94,,,,
4257,218,0.326,15,11.96,,,,
4281,219,2.425,24,12.0,,,,
4300,220,1.191,19,12.04,,,,
4325,221,1.953,25,12.08,,,,
4353,222,1.926,28,12.13,,,,
4361,223,-1.279,8,12.14,,,,
4382,224,0.325,21,12.18,,,,
4429,225,2.164,47,12.26,,,,
4470,226,0.877,41,12.33,,,,
4485,227,0.802,15,12.35,,,,
4495,228,-0.685,10,12.37,,,,
4515,229,1.977,20,12.4,,,,
4572,230,11.641,57,12.5,,,,
4601,231,0.989,29,12.55,,,,
4609,232,-0.693,8,12.56,,,,
4633,233,3.061,24,12.61,,,,
4645,234,-0.428,12,12.63,,,,
4661,235,-0.407,16,12.65,,,,
4687,236,-0.057,26,12.7,,,,
4718,237,0.749,31,12.75,,,,
4744,238,-0.047,26,12.8,,,,
4759,239,-0.308,15,12.83,,,,
4776,240,-1.137,17,12.86,,,,
4806,241,1.267,30,12.91,,,,
4840,242,4.952,34,12.97,,,,
4892,243,2.713,52,13.06,,,,
4901,244,-0.523,9,13.08,,,,
4919,245,0.858,18,13.11,,,,
4935,246,-0.873,16,13.13,,,,
4950,247,0.617,15,13.16,,,,
4968,248,1.406,18,13.19,,,,
4988,249,1.207,20,13.23,,,,
5005,250,1.444,17,13.26,,,,
5024,251,0.428,19,13.29,,,,
5065,252,3.75,41,13.37,,,,
5093,253,-0.175,28,13.42,,,,
5137,254,2.098,44,13.5,,,,
5148,255,-0.65,11,13.52,,,,
5179,256,-1.046,31,13.57,,,,
5220,257,0.552,41,13.64,,,,
5237,258,0.122,17,13.67,,,,
5286,259,-0.345,49,13.76,,,,
5299,260,-0.705,13,13.79,,,,
5324,261,1.3,25,13.83,,,,
5358,262,1.027,34,13.89,,,,
5374,263,-0.256,16,13.92,,,,
5399,264,0.304,25,13.97,,,,
5434,265,3.209,35,14.03,,,,
5468,266,2.041,34,14.09,,,,
5516,267,2.043,48,14.19,,,,
5527,268,-1.055,11,14.21,,,,
5543,269,0.505,16,14.24,,,,
5564,270,-0.361,21,14.28,,,,
5592,271,-1.117,28,14.33,,,,
5607,272,0.312,15,14.36,,,,
5616,273,-1.277,9,14.37,,,,
5627,274,-0.099,11,14.39,,,,
5642,275,0.892,15,14.42,,,,
5661,276,1.55,19,14.45,,,,
5686,277,0.702,25,14.5,,,,
5710,278,-0.31,24,14.55,,,,
5731,279,-0.883,21,14.58,,,,
5764,280,0.27,33,14.64,,,,
5838,281,1.192,74,14.77,,,,
5850,282,-0.361,12,14.79,,,,
5871,283,-0.292,21,14.85,,,,
5886,284,0.282,15,14.87,,,,
5898,285,0.344,12,14.89,,,,
5920,286,0.189,22,14.93,,,,
5953,287,0.274,33,15.0,,,,
5977,288,0.373,24,15.04,,,,
5995,289,-0.225,18,15.07,,,,
6051,290,-0.099,56,15.17,,,,
6093,291,0.421,42,15.24,,,,
6114,292,-0.719,21,15.28,,,,
6125,293,-0.468,11,15.3,,,,
6135,294,-0.62,10,15.32,,,,
6153,295,1.07,18,17.72,,,,
6190,296,1.031,37,17.79,,,,
6216,297,2.105,26,17.85,,,,
6233,298,0.193,17,17.88,,,,
6243,299,0.172,10,17.89,,,,
6272,300,2.545,29,17.95,,,,
6320,301,3.626,48,18.03,,,,
6384,302,-0.742,64,18.15,,,,
6440,303,3.505,56,18.24,,,,
6470,304,2.631,30,18.3,,,,
6488,305,0.043,18,18.33,,,,
6497,306,-0.246,9,18.35,,,,
6550,307,2.786,53,18.45,,,,
6574,308,1.817,24,18.49,,,,
6631,309,9.744,57,18.6,,,,
6697,310,4.872,66,18.72,,,,
6717,311,1.195,20,18.77,,,,
6726,312,-0.524,9,18.78,,,,
6765,313,3.052,39,18.86,,,,
6800,314,4.14,35,18.92,,,,
6836,315,1.891,36,18.98,,,,
6854,316,0.335,18,19.01,,,,
6898,317,4.585,44,19.08,,,,
6940,318,4.235,42,19.16,,,,
6955,319,0.874,15,19.19,,,,
6999,320,4.01,44,19.26,,,,
7034,321,-0.331,35,19.32,,,,
7050,322,-0.384,16,19.35,,,,
7087,323,3.287,37,19.41,,,,
7110,324,0.434,23,19.46,,,,
7162,325,7.338,52,19.55,,,,
7189,326,1.278,27,19.6,,,,
7222,327,2.325,33,19.66,,,,
7267,328,3.669,45,19.74,,,,
7304,329,3.536,37,19.81,,,,
7349,330,4.185,45,19.89,,,,
7435,331,-0.912,86,20.04,,,,
7465,332,0.743,30,20.09,,,,
7502,333,2.535,37,20.16,,,,
7518,334,1.105,16,20.19,,,,
7549,335,2.038,31,20.24,,,,
7575,336,2.299,26,20.28,,,,
7593,337,0.246,18,20.31,,,,
7618,338,2.015,25,20.36,,,,
7674,339,5.688,56,20.46,,,,
7688,340,0.932,14,20.49,,,,
7739,341,6.967,51,20.59,,,,
7774,342,1.043,35,20.65,,,,
7812,343,5.268,38,20.71,,,,
7838,344,0.56,26,20.76,,,,
7847,345,-0.896,9,20.78,,,,
7865,346,-0.068,18,20.81,,,,
7910,347,4.611,45,20.89,,,,
7924,348,0.273,14,20.91,,,,
7942,349,0.68,18,20.95,,,,
7963,350,0.854,21,20.98,,,,
7984,351,0.869,21,21.02,,,,
8008,352,1.534,24,21.06,,,,
8028,353,0.534,20,21.1,,,,
8047,354,1.434,19,21.13,,,,
8082,355,4.243,35,21.19,,,,
8125,356,1.188,43,21.27,,,,
8159,357,1.708,34,21.33,,,,
8182,358,0.297,23,21.38,,,,
8274,359,4.432,92,23.8,,,,
8305,360,2.667,31,23.85,,,,
8381,361,4.589,76,23.98,,,,
8452,362,8.623,71,24.11,,,,
8538,363,10.597,86,24.28,,,,
8584,364,3.683,46,24.37,,,,
8602,365,0.449,18,24.4,,,,
8645,366,3.073,43,24.48,,,,
8699,367,1.67,54,24.58,,,,
8768,368,-0.007,69,24.7,,,,
8841,369,4.551,73,24.83,,,,
8910,370,4.056,69,24.95,,,,
8921,371,-0.384,11,24.97,,,,
9002,372,4.123,81,25.11,,,,
9039,373,0.634,37,25.18,,,,
9053,374,0.7,14,25.2,,,,
9082,375,1.148,29,25.25,,,,
9095,376,0.08,13,25.28,,,,
9120,377,0.987,25,25.32,,,,
9153,378,1.489,33,25.38,,,,
9225,379,5.695,72,25.52,,,,
9325,380,8.279,100,25.69,,,,
9346,381,0.321,21,25.73,,,,
9383,382,3.188,37,25.81,,,,
9497,383,7.999,114,26.0,,,,
9546,384,0.532,49,26.09,,,,
9613,385,4.354,67,26.21,,,,
9682,386,2.974,69,26.34,,,,
9719,387,2.039,37,26.42,,,,
9758,388,2.195,39,26.49,,,,
9780,389,1.059,22,26.53,,,,
9815,390,0.457,35,26.59,,,,
9891,391,5.963,76,26.73,,,,
9950,392,2.821,59,26.83,,,,
9980,393,1.251,30,26.88,,,,
10106,394,5.617,126,28.29,,,,
10157,395,2.106,51,28.38,,,,
10190,396,2.086,33,28.44,,,,
10232,397,0.231,42,28.52,,,,
10280,398,1.827,48,30.54,,,,
10384,399,7.014,104,30.72,,,,
10426,400,0.928,42,30.8,,,,
10573,401,4.58,147,31.04,,,,
10642,402,4.435,69,31.16,,,,
10722,403,1.243,80,31.29,,,,
10790,404,1.069,68,31.41,,,,
10876,405,4.494,86,31.55,,,,
10981,406,7.133,105,31.73,,,,
11108,407,18.41,127,31.95,,,,
11166,408,1.53,58,32.06,,,,
11203,409,1.001,37,32.13,,,,
11221,410,0.595,18,32.16,,,,
11388,411,10.323,167,32.47,,,,
11512,412,0.904,124,32.7,,,,
11569,413,3.194,57,32.8,,,,
11624,414,2.13,55,32.9,,,,
11666,415,2.726,42,32.98,,,,
11744,416,-0.538,78,33.13,,,,
11810,417,3.591,66,33.25,,,,
11863,418,2.243,53,33.34,,,,
11931,419,1.574,68,33.46,,,,
12010,420,3.056,79,33.6,,,,
12096,421,2.402,86,33.76,,,,
12194,422,2.033,98,33.93,,,,
12275,423,5.799,81,34.1,,,,
12434,424,17.361,159,36.35,,,,
12490,425,2.379,56,36.44,,,,
12626,426,12.29,136,36.67,,,,
12788,427,6.199,162,36.95,,,,
12969,428,18.287,181,37.28,,,,
13122,429,-0.015,153,37.55,,,,
13187,430,0.603,65,37.68,,,,
13301,431,-0.504,114,37.89,,,,
13386,432,3.053,85,38.04,,,,
13396,433,-0.01,10,38.06,,,,
13437,434,0.667,41,38.14,,,,
13466,435,0.814,29,38.19,,,,
13538,436,1.267,72,38.32,,,,
13633,437,-1.104,95,38.5,,,,
13664,438,0.661,31,38.55,,,,
13755,439,2.084,91,38.71,,,,
13815,440,1.466,60,38.82,,,,
13853,441,1.06,38,38.89,,,,
13918,442,2.251,65,39.0,,,,
14100,443,3.562,182,39.34,,,,
14185,444,0.064,85,39.52,,,,
14268,445,0.731,83,39.68,,,,
14395,446,2.639,127,42.33,,,,
14504,447,0.464,109,42.52,,,,
14911,448,11.405,407,43.29,,,,
15016,449,2.802,105,43.48,,,,
15103,450,2.044,87,43.63,,,,
15166,451,2.08,63,43.75,,,,
15321,452,1.28,155,44.04,,,,
15464,453,10.073,143,44.3,,,,
15662,454,13.955,198,44.68,,,,
15725,455,2.247,63,44.79,,,,
15813,456,2.069,88,44.94,,,,
15846,457,1.154,33,44.99,,,,
15895,458,1.536,49,45.07,,,,
15972,459,1.807,77,45.23,,,,
16012,460,0.815,40,45.3,,,,
16085,461,0.828,73,45.43,,,,
16311,462,4.941,226,45.82,,,,
16497,463,1.406,186,48.08,,,,
16623,464,0.458,126,48.29,,,,
16689,465,1.394,66,48.4,,,,
16750,466,2.505,61,48.5,,,,
16891,467,1.149,141,48.75,,,,
16928,468,0.431,37,48.82,,,,
17132,469,13.516,204,49.19,,,,
17296,470,11.027,164,49.56,,,,
17388,471,1.051,92,49.84,,,,
17501,472,2.012,113,50.05,,,,
17583,473,1.339,82,50.23,,,,
17718,474,-0.836,135,50.48,,,,
17915,475,13.921,197,50.85,,,,
18040,476,2.178,125,51.09,,,,
18127,477,5.099,87,51.24,,,,
18283,478,10.573,156,51.53,,,,
18334,479,0.621,51,51.63,,,,
18432,480,0.02,98,51.81,,,,
18575,481,1.126,143,54.11,,,,
18676,482,7.255,101,54.3,,,,
18775,483,1.071,99,54.48,,,,
18807,484,0.773,32,54.54,,,,
18974,485,12.025,167,54.84,,,,
19163,486,4.451,189,55.18,,,,
19276,487,1.544,113,55.39,,,,
19450,488,12.086,174,55.71,,,,
19614,489,1.236,164,55.99,,,,
19722,490,2.933,108,56.19,,,,
19892,491,4.647,170,56.51,,,,
19945,492,1.113,53,56.61,,,,
20072,493,-0.717,127,58.24,,,,
20369,494,16.039,297,58.79,,,,
20511,495,1.948,142,61.61,,,,
20633,496,7.076,122,61.84,,,,
20829,497,0.344,196,62.22,,,,
21107,498,8.56,278,62.73,,,,
21248,499,0.43,141,63.0,,,,
21558,500,14.892,310,63.57,,,,
21825,501,4.738,267,64.07,,,,
21924,502,0.945,99,64.25,,,,
22182,503,4.563,258,64.73,,,,
22294,504,4.183,112,64.94,,,,
22365,505,1.927,71,65.07,,,,
22480,506,0.785,115,65.3,,,,
22561,507,0.883,81,67.99,,,,
22728,508,1.029,167,68.3,,,,
22827,509,2.954,99,68.47,,,,
23068,510,13.613,241,68.93,,,,
23146,511,0.597,78,69.09,,,,
23325,512,10.233,179,69.43,,,,
23474,513,8.072,149,69.7,,,,
23676,514,2.402,202,70.07,,,,
23874,515,10.287,198,70.46,,,,
24014,516,8.606,140,70.7,,,,
24159,517,1.605,145,70.96,,,,
24318,518,8.833,159,71.26,,,,
24461,519,8.087,143,71.53,,,,
24474,520,-0.044,13,71.55,,,,
24664,521,10.354,190,74.48,,,,
24910,522,12.356,246,75.01,,,,
25065,523,8.701,155,75.35,,,,
25617,524,20.656,552,76.36,,,,
25905,525,13.077,288,76.89,,,,
26045,526,7.485,140,77.15,,,,
26185,527,7.914,140,77.41,,,,
26316,528,-0.205,131,77.65,,,,
26508,529,3.116,192,78.02,,,,
26655,530,7.166,147,80.53,,,,
26903,531,4.25,248,80.99,,,,
27114,532,9.523,211,81.37,,,,
27284,533,9.379,170,81.68,,,,
27531,534,10.784,247,82.12,,,,
27685,535,1.367,154,82.4,,,,
27881,536,1.625,196,82.77,,,,
28161,537,9.831,280,83.31,,,,
28178,538,0.219,17,83.34,,,,
28509,539,5.519,331,83.93,,,,
28631,540,6.882,122,84.16,,,,
29370,541,22.184,739,87.35,,,,
29523,542,6.992,153,87.63,,,,
29940,543,16.128,417,88.42,,,,
30118,544,8.56,178,90.21,,,,
30482,545,12.992,364,90.91,,,,
30640,546,0.486,158,91.2,,,,
30841,547,7.684,201,93.46,,,,
31273,548,7.687,432,94.26,,,,
31742,549,8.673,469,95.11,,,,
31872,550,3.81,130,95.35,,,,
32092,551,9.321,220,95.8,,,,
32234,552,5.362,142,96.06,,,,
32431,553,8.194,197,96.45,,,,
32503,554,1.703,72,96.58,,,,
32839,555,11.946,336,99.5,,,,
33003,556,7.392,164,99.78,,,,
33208,557,8.979,205,100.16,,,,
33406,558,1.476,198,100.53,,,,
33561,559,7.03,155,100.8,,,,
33715,560,7.148,154,101.08,,,,
33903,561,7.43,188,101.42,,,,
34084,562,7.528,181,101.75,,,,
34295,563,8.478,211,102.14,,,,
34470,564,7.746,175,102.45,,,,
34583,565,4.988,113,102.66,,,,
34804,566,8.655,221,103.05,,,,
34949,567,6.475,145,105.46,,,,
35236,568,11.112,287,105.97,,,,
35426,569,7.551,190,106.32,,,,
35673,570,4.272,247,106.77,,,,
35839,571,7.318,166,107.07,,,,
36036,572,8.178,197,107.41,,,,
36178,573,6.31,142,107.67,,,,
36344,574,1.414,166,107.96,,,,
36545,575,8.826,201,108.32,,,,
36764,576,8.891,219,108.69,,,,
37039,577,9.451,275,111.1,,,,
37179,578,6.199,140,111.35,,,,
37379,579,7.586,200,111.69,,,,
37570,580,7.921,191,112.03,,,,
37682,581,5.377,112,112.26,,,,
37887,582,8.022,205,112.62,,,,
38442,583,15.984,555,113.67,,,,
38747,584,11.008,305,114.22,,,,
38996,585,3.577,249,116.71,,,,
39121,586,5.696,125,116.94,,,,
39302,587,6.969,181,117.26,,,,
39479,588,7.414,177,117.57,,,,
39906,589,14.524,427,118.34,,,,
40137,590,8.726,231,120.61,,,,
40340,591,7.771,203,120.97,,,,
40666,592,10.371,326,121.56,,,,
40859,593,7.188,193,121.91,,,,
41048,594,7.522,189,124.3,,,,
41216,595,6.784,168,124.58,,,,
41397,596,7.127,181,124.89,,,,
41825,597,13.247,428,125.63,,,,
41972,598,6.487,147,125.89,,,,
42207,599,8.723,235,126.31,,,,
42422,600,8.043,215,126.69,,,,
42617,601,6.883,195,127.04,,,,
42764,602,6.119,147,127.29,,,,
42937,603,6.783,173,127.6,,,,
43062,604,0.361,125,130.12,,,,
43347,605,3.718,285,130.7,,,,
43566,606,8.299,219,131.16,,,,
43730,607,6.598,164,131.49,,,,
43896,608,6.906,166,131.8,,,,
44063,609,6.228,167,132.12,,,,
44203,610,5.774,140,132.44,,,,
44414,611,2.689,211,132.87,,,,
44650,612,8.728,236,133.33,,,,
44841,613,7.594,191,133.73,,,,
44984,614,5.716,143,134.01,,,,
45194,615,8.006,210,136.8,,,,
45559,616,6.125,365,137.59,,,,
45735,617,7.041,176,137.94,,,,
46014,618,4.013,279,138.46,,,,
46198,619,1.227,184,138.88,,,,
46397,620,7.393,199,139.26,,,,
46721,621,10.967,324,139.95,,,,
47488,622,21.16,767,144.08,,,,
47684,623,7.244,196,144.46,,,,
47876,624,7.626,192,144.82,,,,
48157,625,3.878,281,145.35,,,,
48338,626,6.95,181,145.71,,,,
48476,627,5.623,138,146.03,,,,
48723,628,8.591,247,146.49,,,,
48983,629,3.615,260,147.03,,,,
49120,630,5.657,137,147.3,,,,
49472,631,11.27,352,150.46,,,,
49690,632,7.6,218,150.86,,,,
49894,633,7.162,204,151.26,,,,
50091,634,7.87,197,153.58,,,,
50265,635,6.605,174,153.95,,,,
50632,636,11.458,367,154.79,,,,
50761,637,5.807,129,155.06,,,,
50930,638,6.352,169,155.43,,,,
51092,639,6.472,162,155.77,,,,
51324,640,7.796,232,158.71,,,,
51492,641,6.565,168,159.04,,,,
51832,642,10.811,340,159.68,,,,
52046,643,7.6,214,160.07,,,,
52177,644,5.618,131,160.44,,,,
52425,645,9.128,248,160.95,,,,
52647,646,7.664,222,161.37,,,,
52881,647,8.381,234,161.85,,,,
53089,648,7.722,208,162.31,,,,
53306,649,7.893,217,165.65,,,,
53422,650,0.099,116,165.86,,,,
53597,651,6.83,175,166.17,,,,
53786,652,7.198,189,166.54,,,,
54064,653,9.545,278,167.21,,,,
54313,654,9.045,249,167.69,,,,
54506,655,7.348,193,168.04,,,,
54646,656,6.079,140,168.45,,,,
55370,657,20.114,724,172.83,,,,
55519,658,5.396,149,173.23,,,,
55705,659,6.695,186,173.66,,,,
55869,660,6.155,164,173.97,,,,
56051,661,6.96,182,174.29,,,,
56209,662,6.279,158,174.58,,,,
56465,663,2.841,256,175.17,,,,
56674,664,8.027,209,175.7,,,,
56942,665,9.047,268,176.18,,,,
57119,666,7.005,177,176.52,,,,
57301,667,7.003,182,176.93,,,,
57621,668,10.465,320,180.38,,,,
57838,669,7.99,217,180.8,,,,
58081,670,8.144,243,181.26,,,,
58238,671,6.194,157,181.72,,,,
58409,672,6.907,171,182.04,,,,
58571,673,6.35,162,182.33,,,,
58696,674,5.113,125,182.57,,,,
58943,675,8.697,247,183.06,,,,
59098,676,6.072,155,183.34,,,,
59306,677,7.882,208,183.72,,,,
59490,678,4.441,184,186.83,,,,
59634,679,5.96,144,187.09,,,,
59818,680,6.957,184,187.42,,,,
59958,681,5.52,140,187.66,,,,
60103,682,5.59,145,189.74,,,,
60392,683,9.253,289,190.25,,,,
60628,684,8.423,236,190.69,,,,
60850,685,7.687,222,191.08,,,,
61064,686,7.657,214,191.48,,,,
61218,687,1.186,154,191.77,,,,
61432,688,7.659,214,192.16,,,,
61672,689,8.143,240,194.6,,,,
61831,690,6.342,159,194.9,,,,
61998,691,6.443,167,195.2,,,,
62222,692,8.453,224,195.59,,,,
62381,693,6.133,159,195.87,,,,
62542,694,6.419,161,196.16,,,,
62691,695,5.56,149,196.44,,,,
62891,696,6.888,200,196.79,,,,
63078,697,6.859,187,197.11,,,,
63243,698,6.354,165,197.4,,,,
63372,699,5.434,129,197.64,,,,
63511,700,5.829,139,199.79,,,,
63768,701,9.106,257,200.26,,,,
63922,702,5.935,154,200.53,,,,
64083,703,6.0,161,200.83,,,,
64290,704,7.529,207,201.2,,,,
64446,705,5.846,156,201.5,,,,
64560,706,4.3,114,201.71,,,,
64726,707,6.376,166,202.01,,,,
64901,708,6.663,175,202.31,,,,
65032,709,4.622,131,202.54,,,,
65272,710,8.348,240,202.97,,,,
65410,711,5.92,138,203.38,,,,
65642,712,7.902,232,206.06,,,,
65866,713,7.437,224,206.47,,,,
66084,714,7.923,218,206.87,,,,
66350,715,9.306,266,207.34,,,,
66516,716,6.571,166,207.63,,,,
66735,717,7.707,219,208.03,,,,
66918,718,7.099,183,208.36,,,,
67092,719,6.817,174,208.67,,,,
67328,720,8.136,236,209.1,,,,
67547,721,7.726,219,209.49,,,,
67784,722,8.331,237,212.24,,,,
67965,723,6.632,181,212.55,,,,
68162,724,7.583,197,212.91,,,,
68379,725,7.587,217,213.37,,,,
68561,726,6.704,182,213.73,,,,
68691,727,4.896,130,213.95,,,,
68844,728,5.972,153,214.23,,,,
69060,729,7.266,216,214.6,,,,
69232,730,6.559,172,215.01,,,,
69424,731,6.919,192,215.37,,,,
69605,732,6.919,181,215.69,,,,
69819,733,8.033,214,217.96,,,,
70040,734,7.747,221,219.82,,,,
70274,735,8.105,234,220.32,,,,
70426,736,5.958,152,220.58,,,,
70570,737,5.704,144,220.83,,,,
70729,738,6.378,159,221.1,,,,
70901,739,7.073,172,221.4,,,,
71863,740,23.862,962,225.56,,,,
72045,741,6.403,182,225.88,,,,
72376,742,10.183,331,226.48,,,,
72555,743,6.511,179,226.79,,,,
72727,744,6.541,172,227.09,,,,
72926,745,7.46,199,227.43,,,,
73067,746,5.514,141,227.67,,,,
73632,747,14.927,565,228.68,,,,
73816,748,6.852,184,231.52,,,,
74037,749,7.787,221,231.9,,,,
74315,750,9.248,278,232.4,,,,
74474,751,5.843,159,232.68,,,,
74725,752,8.295,251,233.12,,,,
74941,753,2.085,216,233.51,,,,
75109,754,6.335,168,233.82,,,,
75267,755,5.955,158,234.08,,,,
75471,756,7.175,204,234.44,,,,
75828,757,10.728,357,237.53,,,,
76013,758,7.1,185,237.86,,,,
76435,759,12.066,422,238.63,,,,
76602,760,6.366,167,238.92,,,,
76770,761,6.3,168,239.21,,,,
76935,762,1.188,165,239.52,,,,
77106,763,6.582,171,239.82,,,,
77227,764,5.139,121,240.04,,,,
77461,765,7.878,234,240.44,,,,
77660,766,7.286,199,240.82,,,,
77868,767,7.436,208,243.67,,,,
78063,768,6.779,195,244.02,,,,
78253,769,7.185,190,244.37,,,,
78467,770,7.737,214,244.74,,,,
78684,771,7.645,217,245.11,,,,
78918,772,8.139,234,245.52,,,,
79074,773,6.347,156,245.8,,,,
79275,774,7.356,201,246.16,,,,
79492,775,7.395,217,246.53,,,,
80068,776,16.195,576,251.58,,,,
80274,777,7.405,206,251.95,,,,
80512,778,8.45,238,252.42,,,,
80644,779,5.261,132,252.71,,,,
80790,780,5.649,146,252.98,,,,
80954,781,6.378,164,253.28,,,,
81097,782,5.999,143,253.56,,,,
81264,783,6.156,167,253.91,,,,
81477,784,2.343,213,254.32,,,,
81608,785,5.439,131,254.59,,,,
81839,786,7.426,231,255.01,,,,
82034,787,7.242,195,257.72,,,,
82494,788,12.44,460,258.65,,,,
82734,789,8.414,240,259.14,,,,
82896,790,6.504,162,259.48,,,,
83065,791,6.204,169,259.78,,,,
83319,792,9.042,254,260.3,,,,
83528,793,7.338,209,260.69,,,,
83722,794,7.111,194,261.04,,,,
83920,795,7.914,198,261.42,,,,
84102,796,6.935,182,264.16,,,,
84268,797,6.102,166,264.51,,,,
84431,798,6.283,163,264.84,,,,
84613,799,6.977,182,265.17,,,,
84822,800,7.467,209,265.55,,,,
85016,801,1.706,194,265.89,,,,
85224,802,7.331,208,266.3,,,,
85393,803,6.52,169,266.64,,,,
85618,804,7.847,225,267.04,,,,
85753,805,5.367,135,267.32,,,,
85896,806,5.458,143,267.64,,,,
86194,807,9.898,298,270.29,,,,
86411,808,7.791,217,270.68,,,,
86571,809,6.258,160,270.98,,,,
86776,810,7.636,205,271.4,,,,
87059,811,9.195,283,271.99,,,,
87312,812,8.475,253,272.54,,,,
87482,813,6.636,170,272.89,,,,
87691,814,6.91,209,273.31,,,,
87985,815,3.977,294,273.88,,,,
88137,816,5.743,152,276.34,,,,
88312,817,6.521,175,276.68,,,,
88470,818,6.3,158,277.02,,,,
88708,819,8.28,238,277.48,,,,
88870,820,6.469,162,277.77,,,,
89033,821,6.244,163,278.09,,,,
89171,822,0.693,138,278.38,,,,
89355,823,7.137,184,278.76,,,,
89618,824,8.623,263,279.26,,,,
89770,825,6.33,152,279.61,,,,
89957,826,7.107,187,279.98,,,,
90148,827,7.159,191,284.28,,,,
90335,828,7.413,187,284.7,,,,
90538,829,7.656,203,285.12,,,,
90695,830,6.053,157,285.5,,,,
90851,831,5.889,156,285.83,,,,
91056,832,7.143,205,286.25,,,,
91238,833,6.745,182,286.64,,,,
91423,834,6.802,185,287.05,,,,
91621,835,7.402,198,287.45,,,,
91770,836,5.65,149,287.74,,,,
91931,837,6.409,161,288.08,,,,
92130,838,7.71,199,288.46,,,,
92278,839,5.984,148,291.04,,,,
92478,840,7.043,200,291.49,,,,
92669,841,7.893,191,291.9,,,,
92873,842,7.468,204,292.29,,,,
93085,843,7.089,212,292.68,,,,
93287,844,7.015,202,293.11,,,,
93472,845,7.214,185,293.52,,,,
93606,846,5.275,134,293.77,,,,
93786,847,6.531,180,294.12,,,,
93967,848,6.709,181,294.51,,,,
94170,849,7.25,203,294.93,,,,
94371,850,7.695,201,297.65,,,,
94554,851,6.759,183,298.04,,,,
94739,852,7.247,185,298.41,,,,
94961,853,7.953,222,298.83,,,,
95175,854,8.33,214,299.27,,,,
95359,855,6.843,184,299.64,,,,
95591,856,7.59,232,300.18,,,,
95764,857,6.398,173,300.56,,,,
95939,858,6.595,175,300.97,,,,
96123,859,6.745,184,301.36,,,,
96394,860,9.338,271,304.32,,,,
96662,861,9.111,268,304.91,,,,
96889,862,7.64,227,305.34,,,,
97066,863,6.959,177,305.7,,,,
97261,864,7.03,195,306.12,,,,
97428,865,6.548,167,306.44,,,,
97599,866,5.964,171,306.81,,,,
97705,867,4.119,106,307.06,,,,
97884,868,6.42,179,307.41,,,,
98047,869,6.324,163,307.7,,,,
98397,870,10.936,350,310.69,,,,
98673,871,9.974,276,311.22,,,,
98830,872,5.926,157,311.53,,,,
98990,873,6.654,160,311.82,,,,
99144,874,6.071,154,312.11,,,,
99299,875,6.287,155,312.42,,,,
99568,876,8.852,269,312.94,,,,
99941,877,11.074,373,313.61,,,,
100154,878,7.856,213,315.56,,,,
100520,879,10.871,366,318.48,,,,
100690,880,6.988,170,318.8,,,,
100869,881,6.831,179,319.14,,,,
101078,882,7.251,209,319.54,,,,
101263,883,7.712,185,319.9,,,,
101544,884,9.246,281,320.42,,,,
101741,885,7.382,197,320.8,,,,
102379,886,17.679,638,321.96,,,,
102645,887,3.28,266,324.39,,,,
102833,888,6.994,188,324.72,,,,
103067,889,7.617,234,325.16,,,,
103295,890,8.176,228,325.6,,,,
103543,891,2.861,248,326.06,,,,
103700,892,6.303,157,326.37,,,,
103862,893,6.508,162,326.66,,,,
103992,894,5.386,130,326.92,,,,
104217,895,8.951,225,327.34,,,,
104452,896,8.392,235,329.82,,,,
104751,897,9.912,299,330.35,,,,
104922,898,6.21,171,330.69,,,,
105217,899,3.887,295,331.2,,,,
105442,900,8.228,225,331.64,,,,
105606,901,6.191,164,331.97,,,,
105842,902,8.275,236,332.41,,,,
106032,903,7.456,190,332.77,,,,
106222,904,7.402,190,333.13,,,,
106389,905,6.929,167,333.45,,,,
106675,906,9.426,286,336.38,,,,
106869,907,7.514,194,336.77,,,,
107091,908,8.159,222,337.22,,,,
107255,909,6.538,164,337.55,,,,
107447,910,7.375,192,337.91,,,,
107607,911,6.409,160,338.22,,,,
107778,912,6.793,171,338.53,,,,
107955,913,6.714,177,338.85,,,,
108163,914,8.269,208,339.25,,,,
108364,915,7.904,201,339.65,,,,
108599,916,8.797,235,342.44,,,,
108741,917,5.582,142,342.69,,,,
108924,918,7.531,183,343.02,,,,
109148,919,2.346,224,343.43,,,,
109320,920,6.629,172,343.73,,,,
109489,921,7.195,169,344.05,,,,
109670,922,7.102,181,344.39,,,,
109892,923,2.317,222,344.83,,,,
110067,924,7.395,175,346.9,,,,
110227,925,6.042,160,347.2,,,,
110412,926,7.746,185,347.55,,,,
110604,927,7.155,192,350.33,,,,
110813,928,7.537,209,350.73,,,,
110987,929,6.592,174,351.07,,,,
111143,930,5.97,156,351.37,,,,
111363,931,7.497,220,351.79,,,,
111630,932,9.091,267,352.27,,,,
111822,933,7.811,192,352.64,,,,
111989,934,6.891,167,352.94,,,,
112141,935,6.024,152,353.23,,,,
112324,936,7.984,183,353.56,,,,
112502,937,6.38,178,353.89,,,,
112739,938,8.107,237,356.64,,,,
112942,939,8.292,203,357.01,,,,
113103,940,5.815,161,357.3,,,,
113304,941,8.529,201,357.7,,,,
113474,942,6.937,170,358.02,,,,
113703,943,2.478,229,358.43,,,,
113835,944,5.45,132,358.67,,,,
113987,945,6.463,152,358.97,,,,
114150,946,6.646,163,359.27,,,,
114379,947,8.464,229,359.68,,,,
114553,948,6.764,174,360.0,,,,
114747,949,7.947,194,362.64,,,,
115053,950,10.262,306,363.23,,,,
115263,951,8.801,210,363.61,,,,
115404,952,5.568,141,363.86,,,,
115580,953,7.538,176,364.17,,,,
115783,954,8.322,203,364.53,,,,
115982,955,7.653,199,364.9,,,,
116165,956,6.488,183,365.23,,,,
116392,957,8.458,227,365.65,,,,
116578,958,7.287,186,366.01,,,,
116770,959,7.821,192,368.63,,,,
116939,960,6.619,169,368.94,,,,
117140,961,8.062,201,369.33,,,,
117317,962,6.884,177,369.66,,,,
117527,963,7.034,210,370.05,,,,
117713,964,7.571,186,370.38,,,,
117888,965,7.251,175,370.72,,,,
118062,966,6.619,174,371.04,,,,
118254,967,6.7,192,371.39,,,,
118471,968,8.197,217,371.78,,,,
118683,969,7.688,212,372.16,,,,
118877,970,7.602,194,374.58,,,,
119060,971,6.885,183,374.93,,,,
119276,972,7.84,216,375.35,,,,
119516,973,9.338,240,375.79,,,,
119707,974,6.993,191,376.15,,,,
119902,975,7.983,195,376.51,,,,
120086,976,7.267,184,378.66,,,,
120294,977,7.877,208,379.05,,,,
120480,978,8.173,186,379.4,,,,
120671,979,6.623,191,379.74,,,,
120866,980,7.229,195,382.32,,,,
121063,981,7.565,197,382.69,,,,
121242,982,6.743,179,383.04,,,,
121456,983,7.799,214,383.43,,,,
121664,984,7.816,208,383.81,,,,
121858,985,7.756,194,384.19,,,,
121991,986,4.952,133,384.44,,,,
122148,987,6.926,157,384.73,,,,
122295,988,6.15,147,385.0,,,,
122484,989,7.912,189,385.36,,,,
122688,990,8.019,204,385.73,,,,
122862,991,7.066,174,386.04,,,,
123063,992,7.795,201,388.3,,,,
123295,993,8.43,232,388.72,,,,
123501,994,7.785,206,389.09,,,,
123707,995,8.13,206,389.48,,,,
123923,996,8.216,216,389.91,,,,
124095,997,5.871,172,390.25,,,,
124285,998,7.557,190,390.59,,,,
124500,999,7.566,215,390.98,,,,
124692,1000,7.013,192,391.33,,,,
124875,1001,7.189,183,391.66,,,,
125071,1002,7.46,196,394.21,,,,
125247,1003,6.891,176,394.53,,,,
125459,1004,7.803,212,394.92,,,,
125682,1005,7.848,223,395.33,,,,
125879,1006,8.112,197,395.7,,,,
126045,1007,7.111,166,396.01,,,,
126258,1008,8.188,213,396.41,,,,
126483,1009,7.738,225,396.83,,,,
126700,1010,7.699,217,397.22,,,,
126905,1011,7.8,205,397.61,,,,
127108,1012,7.963,203,400.5,,,,
127316,1013,8.456,208,400.87,,,,
127516,1014,8.11,200,401.25,,,,
127702,1015,6.682,186,401.59,,,,
127923,1016,8.618,221,401.98,,,,
128195,1017,9.668,272,402.48,,,,
128393,1018,7.401,198,402.84,,,,
128639,1019,8.645,246,403.29,,,,
128849,1020,7.761,210,403.68,,,,
129022,1021,6.425,173,403.99,,,,
129265,1022,8.834,243,407.07,,,,
129468,1023,7.674,203,407.46,,,,
129649,1024,7.109,181,407.8,,,,
129847,1025,7.909,198,408.18,,,,
130056,1026,7.975,209,410.4,,,,
130335,1027,9.59,279,410.91,,,,
130499,1028,6.995,164,411.21,,,,
130732,1029,8.647,233,411.64,,,,
130914,1030,7.271,182,411.99,,,,
131128,1031,8.116,214,414.98,,,,
131359,1032,8.429,231,415.48,,,,
131604,1033,9.093,245,415.93,,,,
131824,1034,8.296,220,416.34,,,,
132036,1035,8.648,212,416.76,,,,
132242,1036,7.686,206,417.16,,,,
132421,1037,7.701,179,417.48,,,,
132633,1038,2.054,212,417.9,,,,
132792,1039,6.402,159,418.2,,,,
133045,1040,9.589,253,418.66,,,,
133256,1041,8.114,211,421.19,,,,
133474,1042,8.327,218,421.57,,,,
133668,1043,7.495,194,421.91,,,,
133859,1044,7.616,191,422.26,,,,
134039,1045,7.617,180,422.59,,,,
134231,1046,7.549,192,422.94,,,,
134440,1047,8.298,209,423.34,,,,
134622,1048,6.949,182,423.76,,,,
134832,1049,7.929,210,424.13,,,,
135027,1050,7.386,195,424.48,,,,
135240,1051,8.267,213,426.72,,,,
135427,1052,6.585,187,427.07,,,,
135628,1053,7.752,201,427.46,,,,
135817,1054,7.385,189,427.79,,,,
136026,1055,8.397,209,428.16,,,,
136228,1056,7.6,202,428.53,,,,
136454,1057,8.25,226,428.96,,,,
136699,1058,9.658,245,429.41,,,,
136898,1059,7.959,199,429.77,,,,
137107,1060,8.055,209,430.16,,,,
137302,1061,8.515,195,433.11,,,,
137492,1062,7.528,190,433.46,,,,
137747,1063,8.725,255,433.92,,,,
137947,1064,8.14,200,434.3,,,,
138167,1065,8.522,220,434.71,,,,
138376,1066,8.097,209,435.11,,,,
138549,1067,7.299,173,435.42,,,,
138786,1068,9.067,237,435.84,,,,
138983,1069,7.513,197,436.22,,,,
139179,1070,7.541,196,436.58,,,,
139351,1071,6.987,172,438.92,,,,
139539,1072,7.497,188,439.32,,,,
139767,1073,8.448,228,439.82,,,,
139944,1074,7.047,177,440.15,,,,
140144,1075,8.29,200,442.38,,,,
140367,1076,8.837,223,442.8,,,,
140569,1077,7.869,202,443.18,,,,
140762,1078,7.75,193,443.58,,,,
140960,1079,7.425,198,443.95,,,,
141156,1080,8.063,196,444.32,,,,
141359,1081,7.898,203,447.14,,,,
141577,1082,8.179,218,447.55,,,,
141742,1083,6.208,165,447.85,,,,
142043,1084,10.27,301,448.39,,,,
142250,1085,7.877,207,448.74,,,,
142523,1086,10.111,273,449.24,,,,
142747,1087,8.875,224,449.65,,,,
143006,1088,9.373,259,450.1,,,,
143217,1089,8.148,211,450.49,,,,
143438,1090,8.121,221,453.2,,,,
143633,1091,7.86,195,453.56,,,,
143865,1092,8.97,232,454.04,,,,
144119,1093,8.784,254,454.48,,,,
144344,1094,7.838,225,454.89,,,,
144562,1095,7.627,218,455.3,,,,
144767,1096,8.152,205,455.66,,,,
144966,1097,8.046,199,456.06,,,,
145155,1098,7.876,189,456.42,,,,
145326,1099,7.059,171,456.73,,,,
145534,1100,8.015,208,459.5,,,,
145738,1101,7.889,204,459.86,,,,
145922,1102,7.294,184,460.19,,,,
146139,1103,8.149,217,460.59,,,,
146335,1104,7.654,196,460.94,,,,
146559,1105,8.403,224,461.36,,,,
146747,1106,7.731,188,461.69,,,,
146932,1107,7.305,185,462.02,,,,
147142,1108,8.28,210,462.39,,,,
147331,1109,8.16,189,462.73,,,,
147546,1110,8.405,215,465.41,,,,
147751,1111,7.894,205,465.81,,,,
147947,1112,7.79,196,466.18,,,,
148164,1113,8.573,217,466.58,,,,
148385,1114,8.274,221,466.98,,,,
148568,1115,7.685,183,467.31,,,,
148855,1116,9.432,287,467.83,,,,
149062,1117,8.463,207,468.2,,,,
149328,1118,8.952,266,468.7,,,,
149551,1119,8.221,223,471.35,,,,
149788,1120,8.989,237,471.77,,,,
150001,1121,7.864,213,473.88,,,,
150437,1122,6.425,436,474.7,,,,
150637,1123,7.818,200,475.07,,,,
150835,1124,7.808,198,475.48,,,,
151130,1125,10.142,295,476.01,,,,
151349,1126,8.721,219,476.41,,,,
151563,1127,7.974,214,479.07,,,,
151760,1128,7.366,197,479.42,,,,
151948,1129,7.734,188,479.75,,,,
152131,1130,7.285,183,480.08,,,,
152346,1131,8.852,215,480.48,,,,
152528,1132,6.357,182,480.81,,,,
152741,1133,8.103,213,481.2,,,,
152941,1134,7.554,200,481.56,,,,
153163,1135,8.537,222,481.96,,,,
153379,1136,8.298,216,482.35,,,,
153587,1137,7.886,208,482.71,,,,
153823,1138,8.412,236,484.9,,,,
154021,1139,7.845,198,485.26,,,,
154226,1140,7.922,205,485.61,,,,
154431,1141,7.588,205,485.97,,,,
154636,1142,8.034,205,486.33,,,,
154842,1143,8.385,206,486.71,,,,
155070,1144,8.747,228,487.13,,,,
155292,1145,8.403,222,487.53,,,,
155532,1146,9.133,240,487.96,,,,
155739,1147,7.837,207,490.4,,,,
155937,1148,7.352,198,490.83,,,,
156132,1149,7.246,195,491.27,,,,
156327,1150,7.096,195,491.64,,,,
156525,1151,7.777,198,492.06,,,,
156733,1152,7.925,208,492.48,,,,
156917,1153,7.673,184,492.81,,,,
157127,1154,8.021,210,493.23,,,,
157323,1155,7.64,196,493.63,,,,
157552,1156,9.834,229,494.15,,,,
157753,1157,7.55,201,497.09,,,,
157977,1158,8.886,224,497.62,,,,
158266,1159,9.537,289,498.23,,,,
158477,1160,8.122,211,498.7,,,,
158693,1161,8.632,216,499.11,,,,
158908,1162,8.653,215,499.55,,,,
159141,1163,8.333,233,500.03,,,,
159349,1164,8.338,208,500.46,,,,
159586,1165,8.516,237,500.98,,,,
159804,1166,8.33,218,503.84,,,,
160019,1167,8.477,215,506.37,,,,
160253,1168,8.117,234,506.81,,,,
160473,1169,8.385,220,507.25,,,,
160666,1170,7.767,193,507.71,,,,
160872,1171,8.011,206,508.12,,,,
161091,1172,8.426,219,508.62,,,,
161308,1173,8.668,217,509.04,,,,
161490,1174,6.306,182,509.41,,,,
161701,1175,8.17,211,509.82,,,,
161919,1176,7.936,218,512.65,,,,
162145,1177,8.671,226,513.09,,,,
162356,1178,7.976,211,513.48,,,,
162575,1179,8.584,219,513.94,,,,
162772,1180,7.707,197,514.29,,,,
163026,1181,9.303,254,514.83,,,,
163244,1182,7.987,218,515.28,,,,
163488,1183,8.966,244,515.74,,,,
163693,1184,8.005,205,516.15,,,,
163905,1185,8.615,212,519.06,,,,
164115,1186,8.108,210,519.58,,,,
164378,1187,2.889,263,520.25,,,,
164602,1188,8.298,224,520.68,,,,
164823,1189,7.956,221,521.12,,,,
165052,1190,8.474,229,521.55,,,,
165298,1191,9.323,246,522.09,,,,
165500,1192,7.548,202,522.44,,,,
165725,1193,8.395,225,522.99,,,,
165959,1194,8.965,234,526.21,,,,
166165,1195,7.56,206,526.62,,,,
166379,1196,9.224,214,527.0,,,,
166591,1197,8.018,212,527.38,,,,
166804,1198,8.537,213,527.88,,,,
167009,1199,7.343,205,528.42,,,,
167283,1200,9.623,274,528.96,,,,
167492,1201,8.264,209,529.43,,,,
167705,1202,8.245,213,529.94,,,,
167907,1203,7.77,202,530.3,,,,
168137,1204,9.209,230,533.5,,,,
168384,1205,7.946,247,533.94,,,,
168582,1206,7.412,198,534.31,,,,
168894,1207,9.829,312,534.85,,,,
169106,1208,7.355,212,535.29,,,,
169305,1209,7.885,199,535.71,,,,
169498,1210,7.655,193,536.13,,,,
169708,1211,7.189,210,536.57,,,,
169929,1212,8.601,221,537.08,,,,
170147,1213,8.675,218,542.29,,,,
170379,1214,8.586,232,542.71,,,,
170592,1215,8.269,213,543.21,,,,
170826,1216,8.177,234,543.67,,,,
171056,1217,8.463,230,544.09,,,,
171264,1218,7.577,208,544.47,,,,
171474,1219,8.47,210,545.01,,,,
171707,1220,8.44,233,545.51,,,,
171902,1221,7.034,195,545.96,,,,
172111,1222,7.872,209,548.98,,,,
172363,1223,10.012,252,549.52,,,,
172568,1224,8.315,205,549.89,,,,
172839,1225,9.594,271,550.37,,,,
173062,1226,7.975,223,550.77,,,,
173281,1227,9.447,219,551.17,,,,
173473,1228,7.694,192,551.53,,,,
173705,1229,8.381,232,551.96,,,,
173917,1230,7.893,212,552.35,,,,
174144,1231,8.464,227,555.09,,,,
174360,1232,7.936,216,555.5,,,,
174576,1233,8.573,216,555.9,,,,
174803,1234,8.564,227,556.31,,,,
175015,1235,8.181,212,556.69,,,,
175249,1236,8.949,234,557.11,,,,
175465,1237,8.238,216,557.51,,,,
175686,1238,7.938,221,557.91,,,,
175874,1239,7.064,188,558.25,,,,
176091,1240,8.754,217,558.63,,,,
176307,1241,8.386,216,560.9,,,,
176504,1242,8.222,197,561.26,,,,
176708,1243,7.666,204,561.62,,,,
176965,1244,9.636,257,562.09,,,,
177165,1245,7.104,200,562.46,,,,
177364,1246,7.465,199,562.83,,,,
177551,1247,6.689,187,563.16,,,,
177752,1248,7.56,201,563.54,,,,
177964,1249,8.271,212,563.92,,,,
178173,1250,7.571,209,564.29,,,,
178383,1251,7.782,210,566.7,,,,
178622,1252,9.243,239,567.14,,,,
178853,1253,8.212,231,567.56,,,,
179051,1254,7.684,198,567.92,,,,
179255,1255,7.83,204,568.28,,,,
179482,1256,8.154,227,568.71,,,,
179682,1257,7.752,200,569.07,,,,
179898,1258,8.052,216,569.46,,,,
180110,1259,8.051,212,571.76,,,,
180327,1260,8.254,217,574.15,,,,
180675,1261,10.972,348,574.77,,,,
180985,1262,9.426,310,575.32,,,,
181244,1263,8.882,259,575.79,,,,
181482,1264,8.657,238,576.21,,,,
181679,1265,7.725,197,576.56,,,,
181960,1266,9.562,281,577.08,,,,
182183,1267,8.109,223,577.47,,,,
182463,1268,9.379,280,580.4,,,,
182679,1269,8.68,216,580.79,,,,
182932,1270,9.656,253,581.24,,,,
183140,1271,7.603,208,581.61,,,,
183356,1272,8.485,216,581.99,,,,
183574,1273,8.914,218,582.39,,,,
183786,1274,7.594,212,582.78,,,,
184015,1275,8.544,229,583.2,,,,
184239,1276,2.081,224,583.63,,,,
184463,1277,8.808,224,586.63,,,,
184675,1278,8.244,212,587.01,,,,
184921,1279,9.941,246,587.46,,,,
185148,1280,8.459,227,587.88,,,,
185354,1281,7.902,206,588.25,,,,
185573,1282,8.625,219,588.66,,,,
185775,1283,8.364,202,589.03,,,,
185989,1284,8.117,214,589.41,,,,
186250,1285,9.354,261,589.89,,,,
186434,1286,6.542,184,592.77,,,,
186631,1287,7.341,197,593.13,,,,
186837,1288,7.637,206,593.49,,,,
187064,1289,7.702,227,593.9,,,,
187272,1290,8.319,208,594.28,,,,
187494,1291,8.166,222,594.68,,,,
187694,1292,7.428,200,595.05,,,,
187913,1293,8.507,219,595.45,,,,
188120,1294,1.757,207,595.82,,,,
188331,1295,7.73,211,596.21,,,,
188644,1296,11.396,313,599.25,,,,
188846,1297,7.859,202,599.61,,,,
189070,1298,8.385,224,600.02,,,,
189286,1299,8.308,216,600.41,,,,
189480,1300,7.522,194,600.76,,,,
189693,1301,7.929,213,601.16,,,,
189931,1302,9.413,238,601.6,,,,
190127,1303,7.333,196,603.85,,,,
190372,1304,8.95,245,604.3,,,,
190588,1305,8.204,216,607.18,,,,
190815,1306,9.279,227,607.58,,,,
191032,1307,8.659,217,607.99,,,,
191241,1308,7.021,209,608.37,,,,
191444,1309,7.857,203,608.74,,,,
191641,1310,7.507,197,609.1,,,,
191868,1311,7.889,227,609.54,,,,
192085,1312,7.571,217,610.01,,,,
192303,1313,8.201,218,610.43,,,,
192513,1314,7.673,210,612.99,,,,
192693,1315,6.901,180,613.31,,,,
192908,1316,8.256,215,613.69,,,,
193135,1317,8.686,227,614.12,,,,
193410,1318,9.685,275,614.61,,,,
193626,1319,9.049,216,615.01,,,,
193853,1320,8.254,227,615.44,,,,
194082,1321,8.652,229,615.87,,,,
194288,1322,8.039,206,616.27,,,,
194502,1323,8.047,214,616.63,,,,
194695,1324,7.11,193,619.14,,,,
194914,1325,8.408,219,619.59,,,,
195162,1326,10.026,248,620.06,,,,
195370,1327,7.409,208,620.5,,,,
195551,1328,6.924,181,620.85,,,,
195758,1329,8.355,207,621.25,,,,
195961,1330,7.783,203,621.64,,,,
196180,1331,8.599,219,622.06,,,,
196396,1332,8.3,216,622.46,,,,
196582,1333,7.306,186,622.79,,,,
196807,1334,8.238,225,625.45,,,,
197027,1335,8.213,220,625.83,,,,
197253,1336,8.224,226,626.26,,,,
197468,1337,7.849,215,626.67,,,,
197689,1338,8.154,221,627.15,,,,
197900,1339,7.589,211,627.52,,,,
198114,1340,7.845,214,627.93,,,,
198351,1341,9.226,237,628.36,,,,
198552,1342,8.312,201,628.72,,,,
198761,1343,7.457,209,631.53,,,,
198994,1344,9.108,233,631.99,,,,
199226,1345,9.063,232,632.4,,,,
199445,1346,8.197,219,632.77,,,,
199657,1347,8.252,212,633.17,,,,
199870,1348,8.042,213,633.59,,,,
200077,1349,8.013,207,635.9,,,,
200295,1350,8.312,218,636.33,,,,
200512,1351,8.518,217,636.76,,,,
200718,1352,7.207,206,639.5,,,,
200933,1353,8.25,215,639.94,,,,
201130,1354,7.185,197,640.31,,,,
201323,1355,7.326,193,640.74,,,,
201524,1356,7.524,201,641.12,,,,
201729,1357,8.782,205,641.53,,,,
201976,1358,8.907,247,642.04,,,,
202189,1359,7.943,213,642.5,,,,
202410,1360,7.791,221,642.94,,,,
202614,1361,7.864,204,643.36,,,,
202841,1362,8.96,227,646.18,,,,
203072,1363,9.223,231,646.64,,,,
203322,1364,10.006,250,647.09,,,,
203551,1365,8.727,229,647.58,,,,
203786,1366,8.276,235,648.09,,,,
204014,1367,8.869,228,648.56,,,,
204233,1368,7.923,219,649.01,,,,
204430,1369,7.143,197,649.41,,,,
204641,1370,8.738,211,649.82,,,,
204848,1371,7.887,207,652.43,,,,
205089,1372,8.489,241,652.95,,,,
205310,1373,8.37,221,653.37,,,,
205533,1374,8.667,223,653.78,,,,
205742,1375,7.734,209,654.18,,,,
205979,1376,9.972,237,654.66,,,,
206190,1377,7.164,211,655.06,,,,
206405,1378,8.924,215,655.5,,,,
206632,1379,8.135,227,655.97,,,,
206846,1380,8.637,214,656.38,,,,
207090,1381,8.949,244,659.23,,,,
207301,1382,7.369,211,659.64,,,,
207529,1383,8.783,228,660.09,,,,
207796,1384,9.524,267,660.65,,,,
208018,1385,8.563,222,661.1,,,,
208247,1386,7.927,229,661.6,,,,
208458,1387,7.946,211,662.04,,,,
208673,1388,8.836,215,662.47,,,,
208934,1389,10.33,261,665.56,,,,
209154,1390,8.26,220,666.0,,,,
209371,1391,7.61,217,666.46,,,,
209606,1392,8.242,235,666.94,,,,
209840,1393,9.198,234,667.43,,,,
210061,1394,8.336,221,670.01,,,,
210276,1395,8.335,215,670.45,,,,
210487,1396,7.79,211,670.86,,,,
210700,1397,8.246,213,671.28,,,,
210957,1398,9.838,257,673.71,,,,
211204,1399,9.046,247,674.17,,,,
211421,1400,8.92,217,674.55,,,,
211692,1401,10.975,271,675.06,,,,
211926,1402,9.408,234,675.53,,,,
212123,1403,7.601,197,675.9,,,,
212338,1404,8.83,215,676.3,,,,
212607,1405,9.756,269,676.81,,,,
212819,1406,8.142,212,677.22,,,,
213041,1407,8.469,222,680.03,,,,
213246,1408,7.756,205,680.44,,,,
213458,1409,7.659,212,680.84,,,,
213711,1410,8.964,253,681.34,,,,
213938,1411,9.308,227,681.74,,,,
214155,1412,8.268,217,682.14,,,,
214358,1413,7.242,203,682.5,,,,
214569,1414,7.997,211,682.9,,,,
214791,1415,8.632,222,683.33,,,,
215029,1416,9.164,238,683.8,,,,
215242,1417,8.71,213,686.66,,,,
215445,1418,8.027,203,687.04,,,,
215689,1419,10.085,244,687.53,,,,
215894,1420,8.082,205,687.92,,,,
216098,1421,8.082,204,688.3,,,,
216303,1422,7.755,205,688.68,,,,
216529,1423,8.19,226,689.08,,,,
216796,1424,9.607,267,689.56,,,,
217027,1425,8.565,231,690.01,,,,
217270,1426,10.032,243,692.9,,,,
217490,1427,8.123,220,693.3,,,,
217709,1428,7.845,219,693.72,,,,
217964,1429,11.046,255,694.21,,,,
218197,1430,9.077,233,694.66,,,,
218397,1431,7.713,200,695.05,,,,
218607,1432,7.857,210,695.45,,,,
218828,1433,8.305,221,695.84,,,,
219048,1434,9.085,220,696.26,,,,
219274,1435,8.264,226,699.13,,,,
219478,1436,7.723,204,699.54,,,,
219679,1437,7.697,201,699.92,,,,
219934,1438,9.446,255,700.39,,,,
220151,1439,8.594,217,702.92,,,,
220374,1440,8.807,223,703.36,,,,
220593,1441,7.876,219,703.79,,,,
220817,1442,9.154,224,704.22,,,,
221025,1443,7.158,208,704.61,,,,
221306,1444,11.082,281,707.02,,,,
221533,1445,9.251,227,707.45,,,,
221747,1446,7.23,214,707.84,,,,
221977,1447,8.432,230,708.25,,,,
222199,1448,8.715,222,708.73,,,,
222546,1449,10.16,347,709.45,,,,
222777,1450,8.288,231,709.92,,,,
222987,1451,8.666,210,710.29,,,,
223181,1452,7.629,194,710.62,,,,
223409,1453,8.954,228,713.02,,,,
223653,1454,9.892,244,713.46,,,,
223883,1455,9.134,230,713.88,,,,
224123,1456,8.449,240,714.33,,,,
224364,1457,9.709,241,714.78,,,,
224570,1458,7.543,206,715.17,,,,
224826,1459,9.509,256,715.64,,,,
225077,1460,9.919,251,716.13,,,,
225282,1461,7.105,205,718.77,,,,
225520,1462,8.454,238,719.25,,,,
225749,1463,9.162,229,719.66,,,,
226035,1464,9.647,286,720.18,,,,
226265,1465,8.114,230,720.6,,,,
226482,1466,8.227,217,721.03,,,,
226698,1467,8.305,216,721.46,,,,
226924,1468,8.64,226,721.87,,,,
227154,1469,8.567,230,722.29,,,,
227381,1470,9.112,227,724.91,,,,
227587,1471,7.914,206,725.31,,,,
227782,1472,8.02,195,725.69,,,,
228010,1473,8.839,228,726.13,,,,
228227,1474,8.611,217,726.57,,,,
228435,1475,7.415,208,726.95,,,,
228642,1476,7.57,207,727.34,,,,
228859,1477,8.19,217,727.77,,,,
229092,1478,9.496,233,728.22,,,,
229308,1479,8.531,216,728.71,,,,
229552,1480,9.212,244,731.28,,,,
229773,1481,7.856,221,731.68,,,,
230003,1482,8.854,230,734.27,,,,
230212,1483,8.11,209,734.69,,,,
230463,1484,8.875,251,735.16,,,,
230665,1485,7.667,202,735.54,,,,
230877,1486,7.953,212,735.94,,,,
231109,1487,8.424,232,736.39,,,,
231316,1488,7.41,207,736.77,,,,
231548,1489,9.291,232,739.5,,,,
231754,1490,7.979,206,739.89,,,,
231966,1491,7.488,212,740.27,,,,
232250,1492,13.248,284,740.77,,,,
232481,1493,8.374,231,741.18,,,,
232711,1494,9.092,230,741.62,,,,
232936,1495,8.464,225,742.04,,,,
233138,1496,7.917,202,742.4,,,,
233376,1497,9.275,238,742.83,,,,
233579,1498,7.516,203,745.47,,,,
233827,1499,10.362,248,745.97,,,,
234056,1500,8.565,229,746.39,,,,
234273,1501,7.52,217,746.79,,,,
234516,1502,10.396,243,747.22,,,,
234714,1503,7.515,198,747.57,,,,
234921,1504,7.715,207,747.96,,,,
235200,1505,12.199,279,748.48,,,,
235478,1506,11.542,278,749.01,,,,
235679,1507,7.552,201,751.79,,,,
235936,1508,10.886,257,752.28,,,,
236237,1509,12.302,301,752.81,,,,
236448,1510,8.332,211,753.19,,,,
236657,1511,7.354,209,753.58,,,,
236911,1512,10.408,254,754.06,,,,
237109,1513,7.013,198,754.44,,,,
237337,1514,9.059,228,754.86,,,,
237560,1515,7.993,223,755.3,,,,
237764,1516,7.528,204,757.97,,,,
237987,1517,8.586,223,758.38,,,,
238243,1518,9.882,256,758.87,,,,
238473,1519,8.862,230,759.3,,,,
238691,1520,8.855,218,759.7,,,,
238907,1521,7.666,216,760.09,,,,
239148,1522,9.796,241,760.53,,,,
239364,1523,9.298,216,760.92,,,,
239594,1524,8.948,230,761.36,,,,
239819,1525,9.292,225,763.83,,,,
240038,1526,7.703,219,766.6,,,,
240257,1527,7.946,219,767.03,,,,
240567,1528,13.002,310,767.64,,,,
240789,1529,7.539,222,768.06,,,,
240992,1530,6.873,203,768.43,,,,
241357,1531,15.792,365,769.14,,,,
241583,1532,8.254,226,769.55,,,,
241802,1533,8.522,219,772.16,,,,
242031,1534,8.672,229,772.57,,,,
242255,1535,8.382,224,772.99,,,,
242447,1536,6.434,192,773.36,,,,
242714,1537,10.756,267,773.84,,,,
242956,1538,9.758,242,774.31,,,,
243200,1539,9.616,244,774.76,,,,
243491,1540,11.013,291,775.27,,,,
243716,1541,8.785,225,777.61,,,,
243959,1542,8.319,243,778.05,,,,
244210,1543,9.867,251,778.5,,,,
244498,1544,12.471,288,779.02,,,,
244775,1545,11.309,277,779.54,,,,
245022,1546,9.584,247,780.0,,,,
245318,1547,12.137,296,780.58,,,,
245538,1548,8.394,220,781.02,,,,
245788,1549,9.893,250,783.81,,,,
246020,1550,8.634,232,784.29,,,,
246240,1551,9.034,220,784.69,,,,
246451,1552,7.918,211,785.08,,,,
246675,1553,7.468,224,785.49,,,,
246885,1554,7.568,210,785.88,,,,
247105,1555,8.355,220,786.27,,,,
247358,1556,9.579,253,786.75,,,,
247589,1557,9.071,231,787.17,,,,
247835,1558,9.446,246,790.23,,,,
248054,1559,8.234,219,790.64,,,,
248281,1560,8.368,227,791.05,,,,
248554,1561,11.548,273,791.56,,,,
248794,1562,9.713,240,792.01,,,,
249053,1563,10.404,259,792.5,,,,
249275,1564,8.533,222,792.94,,,,
249500,1565,9.087,225,793.36,,,,
249736,1566,9.096,236,793.8,,,,
250013,1567,11.495,277,799.23,,,,
250207,1568,7.098,194,799.6,,,,
250458,1569,10.393,251,800.06,,,,
250703,1570,8.344,245,800.51,,,,
250976,1571,10.429,273,801.01,,,,
251209,1572,8.702,233,801.44,,,,
251537,1573,14.521,328,802.04,,,,
251767,1574,8.634,230,802.46,,,,
251995,1575,6.998,228,805.46,,,,
252323,1576,14.748,328,806.1,,,,
252547,1577,8.248,224,806.51,,,,
252759,1578,6.649,212,806.92,,,,
252974,1579,7.585,215,807.32,,,,
253209,1580,8.591,235,807.75,,,,
253443,1581,9.292,234,808.18,,,,
253682,1582,8.97,239,808.61,,,,
253890,1583,7.344,208,809.0,,,,
254132,1584,9.152,242,811.9,,,,
254379,1585,10.488,247,812.36,,,,
254595,1586,7.37,216,812.75,,,,
254819,1587,8.127,224,813.18,,,,
255078,1588,9.077,259,813.69,,,,
255313,1589,8.626,235,814.13,,,,
255515,1590,7.528,202,814.52,,,,
255780,1591,8.704,265,815.05,,,,
256023,1592,9.516,243,817.49,,,,
256209,1593,6.575,186,817.81,,,,
256485,1594,11.299,276,818.3,,,,
256697,1595,7.881,212,818.72,,,,
256907,1596,7.449,210,819.1,,,,
257139,1597,8.694,232,819.52,,,,
257376,1598,8.26,237,819.97,,,,
257590,1599,6.066,214,820.37,,,,
257869,1600,11.872,279,820.85,,,,
258132,1601,10.066,263,823.55,,,,
258352,1602,7.749,220,823.94,,,,
258598,1603,9.134,246,824.38,,,,
258835,1604,9.604,237,824.81,,,,
259100,1605,8.211,265,825.29,,,,
259370,1606,10.805,270,825.78,,,,
259585,1607,7.607,215,826.18,,,,
259812,1608,8.223,227,826.6,,,,
260026,1609,7.961,214,829.17,,,,
260278,1610,10.586,252,831.69,,,,
260496,1611,8.284,218,832.07,,,,
260753,1612,10.053,257,832.52,,,,
260991,1613,9.38,238,832.92,,,,
261239,1614,11.54,248,833.36,,,,
261445,1615,7.258,206,833.74,,,,
261669,1616,8.668,224,834.15,,,,
261920,1617,10.137,251,834.59,,,,
262147,1618,8.318,227,837.15,,,,
262363,1619,8.34,216,837.56,,,,
262695,1620,15.216,332,838.15,,,,
262915,1621,7.775,220,838.55,,,,
263114,1622,6.591,199,838.91,,,,
263347,1623,8.997,233,839.33,,,,
263644,1624,12.021,297,839.85,,,,
263900,1625,10.244,256,840.3,,,,
264173,1626,12.073,273,840.79,,,,
264531,1627,15.093,358,843.26,,,,
264767,1628,7.941,236,843.67,,,,
264975,1629,6.977,208,844.02,,,,
265248,1630,10.741,273,844.54,,,,
265506,1631,10.297,258,845.01,,,,
265762,1632,10.745,256,845.46,,,,
266011,1633,10.036,249,845.9,,,,
266232,1634,8.185,221,846.3,,,,
266494,1635,10.253,262,848.8,,,,
266799,1636,11.974,305,849.35,,,,
266992,1637,6.243,193,849.72,,,,
267259,1638,9.858,267,850.2,,,,
267516,1639,10.437,257,850.7,,,,
267799,1640,11.24,283,851.24,,,,
268123,1641,13.947,324,851.94,,,,
268373,1642,10.003,250,854.89,,,,
268632,1643,10.256,259,855.41,,,,
268910,1644,11.174,278,855.93,,,,
269154,1645,8.685,244,856.39,,,,
269368,1646,7.362,214,856.82,,,,
269613,1647,8.117,245,857.34,,,,
269806,1648,6.338,193,857.7,,,,
269991,1649,5.304,185,858.05,,,,
270357,1650,16.26,366,863.67,,,,
270571,1651,7.41,214,864.09,,,,
270824,1652,10.623,253,864.64,,,,
271089,1653,11.161,265,865.12,,,,
271300,1654,7.542,211,865.55,,,,
271533,1655,8.595,233,866.03,,,,
271798,1656,10.277,265,866.56,,,,
272066,1657,11.153,268,867.09,,,,
272311,1658,9.501,245,867.66,,,,
272552,1659,9.74,241,870.55,,,,
272832,1660,11.956,280,871.12,,,,
273047,1661,7.258,215,871.49,,,,
273323,1662,11.822,276,871.98,,,,
273537,1663,7.375,214,872.46,,,,
273917,1664,13.42,380,873.18,,,,
274197,1665,12.307,280,873.71,,,,
274484,1666,11.529,287,876.75,,,,
274829,1667,15.781,345,877.4,,,,
275141,1668,12.903,312,878.03,,,,
275443,1669,12.127,302,878.65,,,,
275678,1670,7.566,235,879.18,,,,
275893,1671,7.792,215,879.62,,,,
276138,1672,9.185,245,880.06,,,,
276420,1673,11.759,282,880.58,,,,
276759,1674,14.712,339,883.88,,,,
277044,1675,11.874,285,884.39,,,,
277289,1676,9.606,245,884.9,,,,
277564,1677,10.466,275,885.49,,,,
277852,1678,12.486,288,886.02,,,,
278133,1679,11.463,281,886.56,,,,
278445,1680,12.75,312,887.29,,,,
278694,1681,9.346,249,890.48,,,,
278911,1682,7.796,217,890.87,,,,
279174,1683,10.04,263,891.38,,,,
279452,1684,11.673,278,891.95,,,,
279774,1685,12.978,322,892.54,,,,
280028,1686,9.538,254,896.2,,,,
280425,1687,17.002,397,896.95,,,,
280665,1688,9.173,240,900.07,,,,
280942,1689,11.094,277,900.57,,,,
281199,1690,9.672,257,901.15,,,,
281548,1691,15.201,349,901.99,,,,
281944,1692,16.46,396,902.94,,,,
282318,1693,13.688,374,903.82,,,,
282553,1694,8.316,235,904.26,,,,
282867,1695,12.47,314,907.62,,,,
283123,1696,8.709,256,908.08,,,,
283392,1697,10.178,269,908.62,,,,
283656,1698,10.55,264,909.11,,,,
284043,1699,17.867,387,909.82,,,,
284260,1700,7.355,217,910.2,,,,
284639,1701,16.349,379,910.87,,,,
285000,1702,15.54,361,913.87,,,,
285302,1703,11.343,302,914.41,,,,
285614,1704,12.755,312,914.96,,,,
285914,1705,12.199,300,915.51,,,,
286219,1706,11.535,305,916.05,,,,
286597,1707,15.231,378,916.7,,,,
286857,1708,10.056,260,919.42,,,,
287198,1709,11.026,341,920.03,,,,
287392,1710,5.521,194,920.4,,,,
287741,1711,14.344,349,921.01,,,,
288042,1712,11.948,301,921.55,,,,
288419,1713,15.06,377,922.2,,,,
288787,1714,15.1,368,924.8,,,,
289160,1715,15.59,373,925.46,,,,
289529,1716,15.271,369,926.14,,,,
290047,1717,22.543,518,930.66,,,,
290545,1718,18.345,498,931.57,,,,
291249,1719,27.77,704,935.12,,,,
291563,1720,12.116,314,935.68,,,,
291967,1721,17.257,404,936.4,,,,
292275,1722,11.488,308,936.94,,,,
292557,1723,10.272,282,937.43,,,,
293085,1724,24.772,528,940.49,,,,
293285,1725,5.653,200,940.83,,,,
294285,1726,38.732,1000,942.85,,,,
295033,1727,28.828,748,946.66,,,,
295522,1728,21.008,489,947.52,,,,
296401,1729,33.138,879,949.06,,,,
297290,1730,34.1,889,953.25,,,,
297533,1731,8.068,243,953.67,,,,
297801,1732,8.086,268,954.14,,,,
298072,1733,9.568,271,954.61,,,,
298300,1734,6.78,228,955.02,,,,
298805,1735,19.719,505,955.91,,,,
299127,1736,11.362,322,959.04,,,,
299969,1737,31.331,842,960.54,,,,
300267,1738,9.468,298,964.58,,,,
300738,1739,20.122,471,965.44,,,,
301313,1740,20.292,575,969.03,,,,
302053,1741,26.826,740,970.41,,,,
303053,1742,35.16,1000,972.29,,,,
303566,1743,20.34,513,975.27,,,,
303883,1744,11.028,317,975.89,,,,
304263,1745,14.887,380,976.59,,,,
304732,1746,20.836,469,977.45,,,,
305042,1747,10.899,310,978.02,,,,
305525,1748,20.554,483,981.2,,,,
305804,1749,9.112,279,981.79,,,,
306183,1750,15.011,379,982.49,,,,
306735,1751,18.668,552,983.63,,,,
307004,1752,9.512,269,984.17,,,,
307261,1753,9.024,257,986.89,,,,
307575,1754,11.757,314,987.5,,,,
308031,1755,16.235,456,988.43,,,,
308408,1756,14.256,377,989.08,,,,
308588,1757,4.312,180,989.41,,,,
309415,1758,25.723,827,993.12,,,,
309654,1759,7.4,239,993.57,,,,
310654,1760,32.531,1000,1004.28,,,,
310858,1761,1.234,204,1004.67,,,,
311120,1762,9.584,262,1005.22,,,,
312120,1763,32.591,1000,1009.53,,,,
312963,1764,31.973,843,1011.23,,,,
313522,1765,20.806,559,1014.47,,,,
313931,1766,15.925,409,1015.37,,,,
314416,1767,18.68,485,1016.3,,,,
315123,1768,20.45,707,1017.75,,,,
315518,1769,14.477,395,1020.97,,,,
315847,1770,13.062,329,1021.66,,,,
316428,1771,24.349,581,1022.82,,,,
316967,1772,21.118,539,1023.87,,,,
317487,1773,17.743,520,1027.2,,,,
317737,1774,8.035,250,1027.71,,,,
318128,1775,13.547,391,1028.48,,,,
318772,1776,22.748,644,1029.74,,,,
319168,1777,15.358,396,1030.49,,,,
319685,1778,17.949,517,1033.95,,,,
319964,1779,8.845,279,1034.46,,,,
320716,1780,24.119,752,1039.57,,,,
321108,1781,14.043,392,1040.31,,,,
321396,1782,9.914,288,1040.89,,,,
321976,1783,20.74,580,1044.37,,,,
322254,1784,9.134,278,1044.87,,,,
322653,1785,13.332,399,1045.63,,,,
323014,1786,12.741,361,1046.33,,,,
323649,1787,26.523,635,1050.05,,,,
324044,1788,14.877,395,1050.78,,,,
324305,1789,9.389,261,1051.26,,,,
324759,1790,16.69,454,1052.06,,,,
325146,1791,12.872,387,1052.78,,,,
325442,1792,10.961,296,1053.33,,,,
325917,1793,14.005,475,1056.58,,,,
326421,1794,19.377,504,1057.54,,,,
327066,1795,23.543,645,1058.69,,,,
327778,1796,26.091,712,1062.32,,,,
328115,1797,10.144,337,1062.98,,,,
328519,1798,15.263,404,1063.72,,,,
328952,1799,15.405,433,1064.53,,,,
329526,1800,18.474,574,1065.63,,,,
329811,1801,10.052,285,1068.04,,,,
330414,1802,23.785,603,1073.56,,,,
331414,1803,29.415,1000,1075.55,,,,
331686,1804,8.637,272,1076.11,,,,
332091,1805,16.799,405,1079.21,,,,
332774,1806,23.844,683,1080.45,,,,
333023,1807,8.411,249,1080.9,,,,
333478,1808,17.692,455,1081.75,,,,
333863,1809,15.031,385,1084.44,,,,
334340,1810,17.565,477,1085.28,,,,
334636,1811,10.31,296,1085.83,,,,
335221,1812,19.256,585,1086.96,,,,
335553,1813,11.725,332,1087.63,,,,
336203,1814,25.461,650,1091.22,,,,
336769,1815,15.84,566,1092.27,,,,
337013,1816,7.758,244,1092.72,,,,
338013,1817,36.183,1000,1096.89,,,,
338314,1818,9.917,301,1097.47,,,,
338589,1819,8.465,275,1097.98,,,,
339311,1820,21.894,722,1099.34,,,,
339857,1821,19.143,546,1100.34,,,,
340099,1822,6.4,242,1107.12,,,,
340297,1823,1.046,198,1107.49,,,,
340704,1824,15.264,407,1108.23,,,,
341098,1825,7.286,394,1108.96,,,,
341535,1826,16.942,437,1109.79,,,,
341784,1827,7.396,249,1110.25,,,,
341994,1828,5.626,210,1110.67,,,,
342234,1829,7.034,240,1113.5,,,,
342734,1830,17.513,500,1114.4,,,,
343136,1831,13.922,402,1115.16,,,,
343982,1832,31.002,846,1116.68,,,,
344349,1833,12.924,367,1119.54,,,,
344596,1834,7.302,247,1119.99,,,,
344996,1835,14.44,400,1120.72,,,,
345342,1836,10.8,346,1121.4,,,,
345829,1837,17.245,487,1122.29,,,,
346114,1838,9.665,285,1124.74,,,,
346688,1839,17.022,574,1125.76,,,,
347086,1840,14.038,398,1126.52,,,,
347752,1841,23.149,666,1127.75,,,,
348109,1842,13.493,357,1128.46,,,,
348501,1843,14.752,392,1131.17,,,,
348874,1844,12.551,373,1131.84,,,,
349138,1845,8.123,264,1132.35,,,,
349572,1846,14.744,434,1133.18,,,,
349907,1847,2.637,335,1133.83,,,,
350210,1848,9.797,303,1140.92,,,,
350457,1849,7.376,247,1141.39,,,,
350834,1850,12.856,377,1142.06,,,,
351114,1851,8.973,280,1142.6,,,,
351548,1852,15.218,434,1143.45,,,,
351838,1853,10.225,290,1143.99,,,,
352486,1854,22.16,648,1147.23,,,,
352745,1855,8.106,259,1147.7,,,,
353010,1856,8.635,265,1148.19,,,,
354010,1857,30.839,1000,1150.04,,,,
354513,1858,14.89,503,1153.44,,,,
354983,1859,9.885,470,1154.26,,,,
355685,1860,20.788,702,1155.47,,,,
356324,1861,23.637,639,1156.68,,,,
356816,1862,19.724,492,1160.17,,,,
357816,1863,30.905,1000,1162.05,,,,
358228,1864,14.21,412,1162.82,,,,
358588,1865,11.482,360,1165.97,,,,
358888,1866,9.312,300,1166.5,,,,
359121,1867,6.234,233,1166.92,,,,
359401,1868,8.708,280,1167.41,,,,
359615,1869,5.08,214,1167.81,,,,
360206,1870,20.524,591,1174.41,,,,
360829,1871,12.73,623,1178.06,,,,
361524,1872,22.281,695,1179.33,,,,
361753,1873,6.283,229,1179.73,,,,
362448,1874,24.745,695,1180.96,,,,
362946,1875,17.72,498,1184.08,,,,
363493,1876,17.521,547,1185.09,,,,
363942,1877,14.82,449,1185.88,,,,
364369,1878,13.773,427,1186.64,,,,
364829,1879,14.321,460,1189.53,,,,
365091,1880,7.4,262,1190.01,,,,
365578,1881,15.853,487,1190.88,,,,
366244,1882,23.113,666,1192.06,,,,
366792,1883,18.575,548,1194.83,,,,
367242,1884,13.334,450,1195.62,,,,
367650,1885,14.197,408,1196.37,,,,
368596,1886,30.555,946,1198.06,,,,
369293,1887,21.901,697,1201.41,,,,
369634,1888,10.656,341,1202.02,,,,
369876,1889,7.162,242,1202.49,,,,
370239,1890,12.171,363,1208.15,,,,
370497,1891,7.555,258,1208.62,,,,
370974,1892,16.075,477,1211.87,,,,
371691,1893,23.251,717,1213.27,,,,
372018,1894,10.563,327,1213.96,,,,
372248,1895,5.771,230,1214.45,,,,
372534,1896,8.567,286,1215.06,,,,
372787,1897,7.735,253,1217.99,,,,
373145,1898,11.363,358,1218.77,,,,
373434,1899,9.266,289,1219.37,,,,
373676,1900,6.648,242,1219.89,,,,
374071,1901,13.982,395,1220.65,,,,
374672,1902,23.004,601,1221.81,,,,
375672,1903,26.756,1000,1226.14,,,,
376301,1904,17.383,629,1227.36,,,,
376595,1905,9.418,294,1228.02,,,,
377595,1906,25.714,1000,1232.38,,,,
378410,1907,26.219,815,1234.0,,,,
379292,1908,26.079,882,1238.1,,,,
379523,1909,5.859,231,1238.55,,,,
380124,1910,19.655,601,1246.46,,,,
380420,1911,9.126,296,1247.07,,,,
380682,1912,7.397,262,1247.58,,,,
381682,1913,31.529,1000,1252.12,,,,
382314,1914,22.378,632,1253.44,,,,
382661,1915,10.207,347,1254.07,,,,
383154,1916,16.209,493,1257.61,,,,
384039,1917,24.58,885,1259.59,,,,
384326,1918,7.586,287,1260.17,,,,
385326,1919,29.859,1000,1265.27,,,,
385658,1920,10.617,332,1265.93,,,,
386227,1921,19.335,569,1267.01,,,,
386536,1922,9.585,309,1267.62,,,,
386848,1923,10.263,312,1268.22,,,,
387107,1924,7.757,259,1270.71,,,,
387367,1925,8.063,260,1271.19,,,,
387697,1926,9.628,330,1271.76,,,,
388053,1927,10.05,356,1272.52,,,,
388310,1928,7.61,257,1272.97,,,,
388544,1929,6.71,234,1273.38,,,,
388781,1930,6.521,237,1273.8,,,,
389251,1931,14.321,470,1276.43,,,,
389630,1932,12.735,379,1277.06,,,,
389910,1933,8.935,280,1277.57,,,,
390324,1934,14.233,414,1284.14,,,,
390932,1935,19.364,608,1285.25,,,,
391208,1936,1.781,276,1287.68,,,,
391658,1937,12.171,450,1288.45,,,,
392039,1938,11.852,381,1289.08,,,,
392371,1939,10.8,332,1289.65,,,,
392861,1940,16.581,490,1290.53,,,,
393424,1941,16.24,563,1293.84,,,,
394424,1942,26.13,1000,1296.04,,,,
394854,1943,11.341,430,1298.52,,,,
395277,1944,14.443,423,1307.48,,,,
395724,1945,14.657,447,1309.87,,,,
396724,1946,26.329,1000,1314.78,,,,
396951,1947,5.161,227,1315.97,,,,
397307,1948,12.047,356,1317.74,,,,
397763,1949,15.651,456,1326.55,,,,
398099,1950,10.854,336,1328.25,,,,
398425,1951,10.919,326,1329.78,,,,
398840,1952,14.433,415,1331.82,,,,
399130,1953,8.374,290,1333.23,,,,
399936,1954,23.994,806,1343.29,,,,
400230,1955,9.387,294,1366.29,,,,
400730,1956,15.494,500,1368.78,,,,
401697,1957,28.183,967,1379.37,,,,
402119,1958,13.668,422,1381.48,,,,
403119,1959,26.88,1000,1386.62,,,,
403718,1960,14.825,599,1395.59,,,,
403951,1961,5.783,233,1396.84,,,,
404402,1962,13.34,451,1399.27,,,,
404832,1963,13.885,430,1401.45,,,,
405124,1964,9.124,292,1402.93,,,,
405889,1965,26.364,765,1412.93,,,,
406688,1966,25.761,799,1416.75,,,,
407204,1967,17.306,516,1419.3,,,,
408204,1968,26.516,1000,1430.31,,,,
408538,1969,10.944,334,1432.05,,,,
408789,1970,6.882,251,1433.47,,,,
409228,1971,15.985,439,1435.68,,,,
409926,1972,18.102,698,1445.23,,,,
410406,1973,16.46,480,1468.02,,,,
411259,1974,25.733,853,1472.11,,,,
411859,1975,16.764,600,1480.98,,,,
412297,1976,13.311,438,1483.02,,,,
412867,1977,17.932,570,1485.75,,,,
413423,1978,19.345,556,1488.43,,,,
413922,1979,15.338,499,1496.75,,,,
414896,1980,29.426,974,1501.47,,,,
415779,1981,19.787,883,1511.78,,,,
416025,1982,6.813,246,1512.97,,,,
416280,1983,7.568,255,1514.2,,,,
416687,1984,12.759,407,1516.19,,,,
417071,1985,12.722,384,1518.08,,,,
417580,1986,15.071,509,1520.53,,,,
417995,1987,13.675,415,1528.27,,,,
418585,1988,18.62,590,1531.1,,,,
418787,1989,4.29,202,1532.06,,,,
419052,1990,6.979,265,1533.29,,,,
419405,1991,10.903,353,1534.98,,,,
419891,1992,15.171,486,1543.04,,,,
420891,1993,25.694,1000,1566.27,,,,
421261,1994,10.948,370,1566.84,,,,
421696,1995,14.479,435,1567.53,,,,
421976,1996,8.769,280,1570.29,,,,
422281,1997,8.925,305,1570.91,,,,
422695,1998,13.42,414,1571.75,,,,
423639,1999,29.823,944,1573.7,,,,
423864,2000,5.824,225,1574.16,,,,
424570,2001,20.971,706,1578.1,,,,
424816,2002,7.128,246,1578.57,,,,
425213,2003,13.334,397,1579.39,,,,
425493,2004,8.762,280,1580.06,,,,
425723,2005,6.439,230,1580.58,,,,
426139,2006,12.434,416,1583.89,,,,
426881,2007,21.943,742,1585.4,,,,
427223,2008,8.878,342,1586.08,,,,
427646,2009,11.521,423,1586.98,,,,
428005,2010,11.923,359,1587.71,,,,
428285,2011,8.859,280,1590.7,,,,
428761,2012,15.308,476,1591.66,,,,
429336,2013,17.882,575,1592.85,,,,
429615,2014,8.146,279,1593.42,,,,
429954,2015,10.951,339,1594.15,,,,
430492,2016,16.924,538,1603.5,,,,
430851,2017,11.18,359,1604.44,,,,
431170,2018,10.106,319,1605.15,,,,
431441,2019,8.003,271,1605.72,,,,
431835,2020,12.996,394,1606.51,,,,
432211,2021,12.024,376,1610.05,,,,
432540,2022,9.284,329,1610.62,,,,
432997,2023,14.078,457,1611.45,,,,
433421,2024,13.8,424,1612.22,,,,
433731,2025,8.882,310,1612.84,,,,
434217,2026,9.44,486,1616.36,,,,
435064,2027,23.545,847,1618.01,,,,
435733,2028,18.397,669,1619.27,,,,
435952,2029,5.955,219,1619.67,,,,
436368,2030,10.967,416,1623.13,,,,
436749,2031,2.783,381,1623.87,,,,
437130,2032,10.27,381,1624.65,,,,
437398,2033,7.837,268,1625.26,,,,
437792,2034,11.812,394,1625.96,,,,
438146,2035,10.397,354,1626.6,,,,
438474,2036,10.874,328,1629.79,,,,
438778,2037,9.146,304,1630.33,,,,
439038,2038,6.888,260,1630.79,,,,
439561,2039,17.775,523,1631.77,,,,
439814,2040,7.118,253,1632.22,,,,
440201,2041,13.041,387,1639.35,,,,
440506,2042,8.978,305,1641.93,,,,
440892,2043,12.641,386,1642.59,,,,
441389,2044,14.764,497,1643.51,,,,
441830,2045,14.704,441,1644.29,,,,
442281,2046,12.566,451,1645.07,,,,
442775,2047,15.277,494,1647.88,,,,
443220,2048,14.662,445,1648.67,,,,
444220,2049,27.812,1000,1650.42,,,,
444694,2050,15.648,474,1653.47,,,,
445191,2051,15.628,497,1654.35,,,,
445428,2052,6.569,237,1654.76,,,,
445727,2053,9.029,299,1655.3,,,,
446055,2054,10.981,328,1655.86,,,,
446291,2055,6.571,236,1656.29,,,,
446674,2056,13.005,383,1658.89,,,,
447134,2057,13.123,460,1659.74,,,,
447508,2058,10.605,374,1660.39,,,,
447831,2059,9.883,323,1660.97,,,,
448137,2060,9.44,306,1661.51,,,,
448378,2061,6.179,241,1661.93,,,,
448654,2062,8.366,276,1664.89,,,,
449369,2063,21.902,715,1666.18,,,,
449704,2064,10.838,335,1666.79,,,,
450059,2065,11.533,355,1674.71,,,,
450527,2066,15.155,468,1675.57,,,,
450980,2067,14.773,453,1678.87,,,,
451313,2068,11.265,333,1679.46,,,,
451712,2069,12.329,399,1680.18,,,,
452201,2070,14.531,489,1681.05,,,,
452646,2071,14.41,445,1684.4,,,,
452939,2072,8.558,293,1684.93,,,,
453366,2073,13.233,427,1685.69,,,,
454062,2074,20.002,696,1686.95,,,,
455062,2075,25.71,1000,1691.0,,,,
455320,2076,7.14,258,1691.45,,,,
455789,2077,14.708,469,1692.37,,,,
456596,2078,24.106,807,1693.93,,,,
457100,2079,15.956,504,1697.3,,,,
457393,2080,8.411,293,1697.82,,,,
457851,2081,13.798,458,1698.69,,,,
458380,2082,13.545,529,1699.69,,,,
459162,2083,26.789,782,1703.62,,,,
459436,2084,7.574,274,1704.14,,,,
460082,2085,21.645,646,1712.87,,,,
460480,2086,13.395,398,1713.58,,,,
460895,2087,12.612,415,1716.56,,,,
461418,2088,17.817,523,1717.54,,,,
461813,2089,11.035,395,1718.3,,,,
462075,2090,6.553,262,1718.81,,,,
462379,2091,9.137,304,1719.4,,,,
462801,2092,14.034,422,1720.23,,,,
463787,2093,31.968,986,1724.45,,,,
464308,2094,15.859,521,1725.47,,,,
464526,2095,5.142,218,1725.93,,,,
464892,2096,11.293,366,1726.67,,,,
465414,2097,15.57,522,1730.14,,,,
465603,2098,4.571,189,1730.51,,,,
466169,2099,17.745,566,1731.69,,,,
466455,2100,9.023,286,1732.27,,,,
466795,2101,10.336,340,1733.01,,,,
467591,2102,22.836,796,1736.99,,,,
467875,2103,8.342,284,1737.58,,,,
468217,2104,10.178,342,1738.36,,,,
468647,2105,12.965,430,1739.27,,,,
469080,2106,13.199,433,1742.53,,,,
470080,2107,28.444,1000,1752.17,,,,
471080,2108,24.891,1000,1756.58,,,,
471612,2109,17.339,532,1757.57,,,,
471977,2110,11.05,365,1758.28,,,,
472401,2111,13.43,424,1759.07,,,,
472695,2112,8.442,294,1759.61,,,,
473298,2113,18.295,603,1763.16,,,,
473709,2114,10.614,411,1763.94,,,,
474283,2115,15.641,574,1765.02,,,,
474641,2116,11.626,358,1765.67,,,,
475044,2117,13.134,403,1766.42,,,,
475344,2118,8.924,300,1769.32,,,,
475768,2119,8.306,424,1770.13,,,,
476316,2120,17.483,548,1771.19,,,,
476754,2121,12.455,438,1772.01,,,,
477134,2122,11.632,380,1772.7,,,,
477854,2123,21.073,720,1776.02,,,,
478330,2124,16.057,476,1776.89,,,,
478721,2125,12.858,391,1777.66,,,,
479069,2126,11.2,348,1778.34,,,,
479327,2127,6.349,258,1781.07,,,,
480327,2128,26.523,1000,1790.67,,,,
480734,2129,13.383,407,1791.47,,,,
481152,2130,12.092,418,1792.26,,,,
481369,2131,5.32,217,1794.91,,,,
481850,2132,15.45,481,1795.85,,,,
482064,2133,5.451,214,1796.27,,,,
482549,2134,15.871,485,1797.16,,,,
482883,2135,10.164,334,1797.75,,,,
483393,2136,15.447,510,1801.01,,,,
483788,2137,11.304,395,1801.75,,,,
484004,2138,5.558,216,1802.16,,,,
484448,2139,14.156,444,1802.99,,,,
485104,2140,20.66,656,1804.26,,,,
485299,2141,4.359,195,1804.65,,,,
485789,2142,7.56,490,1807.72,,,,
486287,2143,15.111,498,1808.62,,,,
486738,2144,13.404,451,1809.47,,,,
487450,2145,18.601,712,1813.18,,,,
487821,2146,10.0,371,1813.86,,,,
488355,2147,17.417,534,1814.81,,,,
488568,2148,5.634,213,1815.22,,,,
489026,2149,12.494,458,1816.03,,,,
489281,2150,6.678,255,1816.52,,,,
489762,2151,12.587,481,1819.76,,,,
490166,2152,12.38,404,1828.7,,,,
490597,2153,13.858,431,1829.49,,,,
491073,2154,15.386,476,1830.37,,,,
491577,2155,15.086,504,1833.69,,,,
491880,2156,8.365,303,1834.22,,,,
492141,2157,6.957,261,1834.7,,,,
492378,2158,6.296,237,1835.14,,,,
493022,2159,18.996,644,1836.35,,,,
493373,2160,11.225,351,1836.96,,,,
493852,2161,13.425,479,1839.95,,,,
494158,2162,9.573,306,1840.5,,,,
494429,2163,7.633,271,1840.99,,,,
494729,2164,8.829,300,1841.56,,,,
495532,2165,21.286,803,1843.06,,,,
496016,2166,15.681,484,1845.81,,,,
496603,2167,15.864,587,1846.88,,,,
497002,2168,12.425,399,1847.63,,,,
498002,2169,25.692,1000,1851.98,,,,
498439,2170,12.221,437,1852.82,,,,
498689,2171,6.682,250,1853.27,,,,
499286,2172,17.266,597,1854.39,,,,
499611,2173,10.239,325,1855.0,,,,
500130,2174,13.276,519,1866.11,,,,
500526,2175,12.449,396,1866.86,,,,
501032,2176,13.905,506,1867.78,,,,
501488,2177,13.922,456,1868.61,,,,
501813,2178,10.228,325,1871.67,,,,
502077,2179,6.436,264,1872.17,,,,
502360,2180,7.989,283,1872.69,,,,
503350,2181,26.369,990,1874.49,,,,
503772,2182,13.15,422,1875.27,,,,
504076,2183,6.57,304,1878.22,,,,
504265,2184,3.731,189,1878.57,,,,
504533,2185,7.401,268,1879.07,,,,
505316,2186,23.9,783,1880.51,,,,
505629,2187,8.894,313,1881.14,,,,
506111,2188,13.392,482,1884.43,,,,
506553,2189,14.277,442,1885.24,,,,
506826,2190,7.827,273,1885.73,,,,
507414,2191,16.027,588,1886.83,,,,
508414,2192,30.484,1000,1891.32,,,,
508646,2193,6.158,232,1891.75,,,,
508986,2194,10.435,340,1892.36,,,,
509270,2195,7.766,284,1892.88,,,,
509771,2196,14.978,501,1893.81,,,,
510201,2197,11.967,430,1905.02,,,,
510432,2198,5.291,231,1905.46,,,,
510706,2199,7.255,274,1905.96,,,,
511706,2200,24.045,1000,1907.79,,,,
512094,2201,11.757,388,1910.59,,,,
512546,2202,12.575,452,1911.39,,,,
513369,2203,23.902,823,1912.89,,,,
513690,2204,10.036,321,1913.45,,,,
514155,2205,13.149,465,1916.1,,,,
514551,2206,12.611,396,1916.79,,,,
514972,2207,12.287,421,1917.54,,,,
515470,2208,14.748,498,1918.42,,,,
515968,2209,15.042,498,1919.28,,,,
516328,2210,10.098,360,1921.91,,,,
516810,2211,15.325,482,1922.76,,,,
517184,2212,10.384,374,1923.43,,,,
517479,2213,8.052,295,1923.98,,,,
517831,2214,10.472,352,1924.6,,,,
518831,2215,27.852,1000,1928.52,,,,
519132,2216,8.568,301,1929.05,,,,
519504,2217,11.744,372,1929.83,,,,
519763,2218,6.814,259,1930.3,,,,
520381,2219,18.579,618,1941.83,,,,
520640,2220,6.839,259,1942.36,,,,
520933,2221,7.968,293,1942.94,,,,
521424,2222,13.778,491,1943.99,,,,
521787,2223,10.017,363,1944.73,,,,
522217,2224,13.724,430,1945.63,,,,
522605,2225,10.256,388,1948.88,,,,
522999,2226,12.295,394,1949.66,,,,
523308,2227,7.978,309,1950.29,,,,
523590,2228,7.767,282,1950.84,,,,
523858,2229,7.201,268,1951.41,,,,
524264,2230,12.507,406,1952.25,,,,
524491,2231,4.998,227,1955.23,,,,
524794,2232,9.173,303,1955.86,,,,
525083,2233,7.789,289,1956.52,,,,
525420,2234,9.743,337,1957.24,,,,
525719,2235,8.579,299,1957.84,,,,
526240,2236,16.052,521,1958.89,,,,
526552,2237,8.526,312,1962.18,,,,
526773,2238,5.145,221,1962.56,,,,
527161,2239,11.114,388,1963.34,,,,
527607,2240,13.045,446,1964.13,,,,
527985,2241,12.266,378,1964.92,,,,
528417,2242,13.778,432,1968.41,,,,
528658,2243,5.804,241,1968.83,,,,
529065,2244,12.911,407,1969.58,,,,
529587,2245,15.511,522,1970.83,,,,
529892,2246,8.834,305,1971.43,,,,
530256,2247,10.692,364,1980.68,,,,
530664,2248,12.885,408,1984.33,,,,
530921,2249,7.167,257,1985.05,,,,
531921,2250,28.292,1000,1987.41,,,,
532423,2251,14.981,502,1988.31,,,,
532784,2252,11.041,361,1991.1,,,,
533107,2253,9.391,323,1991.66,,,,
533419,2254,8.828,312,1992.22,,,,
534024,2255,19.065,605,1993.28,,,,
534438,2256,11.073,414,1994.01,,,,
534857,2257,12.556,419,1997.0,,,,
535229,2258,11.39,372,1997.66,,,,
535651,2259,12.389,422,1998.41,,,,
536104,2260,11.804,453,1999.22,,,,
536601,2261,15.528,497,2002.35,,,,
536891,2262,7.613,290,2002.86,,,,
537253,2263,11.512,362,2003.5,,,,
537558,2264,8.083,305,2004.03,,,,
537851,2265,7.54,293,2004.56,,,,
538245,2266,10.946,394,2005.25,,,,
538525,2267,7.654,280,2005.76,,,,
538797,2268,7.851,272,2008.17,,,,
539182,2269,10.647,385,2008.84,,,,
539687,2270,15.284,505,2009.74,,,,
540073,2271,10.133,386,2016.24,,,,
540532,2272,12.991,459,2017.08,,,,
541014,2273,13.942,482,2020.15,,,,
541330,2274,8.673,316,2020.7,,,,
541829,2275,16.225,499,2021.56,,,,
542501,2276,18.302,672,2022.72,,,,
542919,2277,13.231,418,2026.03,,,,
543240,2278,9.238,321,2026.6,,,,
543500,2279,6.759,260,2027.06,,,,
543883,2280,10.866,383,2027.72,,,,
544412,2281,17.17,529,2028.65,,,,
545010,2282,19.05,598,2032.17,,,,
545654,2283,17.91,644,2033.29,,,,
545867,2284,4.968,213,2033.67,,,,
546312,2285,12.235,445,2034.47,,,,
546565,2286,6.29,253,2034.92,,,,
546913,2287,9.099,348,2038.03,,,,
547436,2288,16.581,523,2038.92,,,,
547968,2289,15.88,532,2039.86,,,,
548318,2290,10.317,350,2040.52,,,,
548700,2291,11.659,382,2041.19,,,,
549040,2292,9.356,340,2044.39,,,,
549311,2293,7.142,271,2044.87,,,,
549593,2294,7.616,282,2045.39,,,,
550010,2295,10.337,417,2054.05,,,,
550642,2296,17.636,632,2055.24,,,,
550922,2297,7.281,280,2057.89,,,,
551341,2298,11.331,419,2058.65,,,,
551885,2299,16.446,544,2059.66,,,,
552302,2300,12.035,417,2060.49,,,,
552973,2301,20.861,671,2063.9,,,,
553714,2302,21.43,741,2065.4,,,,
554225,2303,15.427,511,2066.39,,,,
554534,2304,8.335,309,2066.94,,,,
554999,2305,11.225,465,2067.78,,,,
555294,2306,7.957,295,2070.64,,,,
556218,2307,27.525,924,2072.34,,,,
556555,2308,10.041,337,2072.95,,,,
557153,2309,15.503,598,2076.34,,,,
557863,2310,19.398,710,2077.62,,,,
558122,2311,6.693,259,2078.11,,,,
558815,2312,21.634,693,2079.45,,,,
559303,2313,15.536,488,2082.78,,,,
559652,2314,9.962,349,2083.47,,,,
559993,2315,9.882,341,2084.16,,,,
560566,2316,14.122,573,2093.71,,,,
560852,2317,7.666,286,2094.26,,,,
561167,2318,9.044,315,2097.24,,,,
561571,2319,11.182,404,2098.07,,,,
561866,2320,8.117,295,2098.66,,,,
562339,2321,13.117,473,2099.64,,,,
562639,2322,8.899,300,2100.24,,,,
563028,2323,12.27,389,2101.02,,,,
563287,2324,6.205,259,2103.81,,,,
563555,2325,7.035,268,2104.3,,,,
563882,2326,10.001,327,2104.99,,,,
564649,2327,23.293,767,2106.52,,,,
564922,2328,7.38,273,2107.09,,,,
565247,2329,9.18,325,2107.78,,,,
565901,2330,18.448,654,2111.24,,,,
566229,2331,9.291,328,2111.87,,,,
566557,2332,9.471,328,2112.53,,,,
566816,2333,6.252,259,2113.0,,,,
567086,2334,6.836,270,2113.49,,,,
567481,2335,11.594,395,2116.36,,,,
567970,2336,12.186,489,2117.26,,,,
568379,2337,12.529,409,2117.99,,,,
569379,2338,24.808,1000,2122.15,,,,
570170,2339,21.168,791,2129.9,,,,
570594,2340,12.628,424,2130.82,,,,
571351,2341,23.244,757,2132.18,,,,
571595,2342,5.886,244,2134.57,,,,
571911,2343,6.696,316,2135.14,,,,
572911,2344,24.836,1000,2137.03,,,,
573911,2345,25.005,1000,2141.06,,,,
574419,2346,13.516,508,2142.01,,,,
574938,2347,14.178,519,2142.97,,,,
575336,2348,12.322,398,2143.7,,,,
575630,2349,8.145,294,2146.66,,,,
576074,2350,12.719,444,2147.5,,,,
576467,2351,11.967,393,2148.2,,,,
577032,2352,16.407,565,2149.32,,,,
577588,2353,16.199,556,2152.91,,,,
578069,2354,15.164,481,2153.82,,,,
578309,2355,6.057,240,2154.28,,,,
578603,2356,9.137,294,2154.85,,,,
578992,2357,9.813,389,2155.61,,,,
579595,2358,17.28,603,2158.86,,,,
580095,2359,14.113,500,2165.88,,,,
580394,2360,8.436,299,2166.43,,,,
580820,2361,12.306,426,2167.21,,,,
581095,2362,7.521,275,2167.76,,,,
581603,2363,14.76,508,2168.73,,,,
582140,2364,17.244,537,2171.81,,,,
582641,2365,13.334,501,2172.71,,,,
582888,2366,5.722,247,2173.17,,,,
583261,2367,11.858,373,2173.84,,,,
583752,2368,15.088,491,2177.05,,,,
584233,2369,13.727,481,2177.97,,,,
584580,2370,9.766,347,2178.6,,,,
585133,2371,14.525,553,2179.6,,,,
585520,2372,11.442,387,2180.29,,,,
585753,2373,5.886,233,2182.76,,,,
586449,2374,18.806,696,2184.05,,,,
586857,2375,11.852,408,2184.79,,,,
587269,2376,11.954,412,2185.57,,,,
587759,2377,14.558,490,2186.47,,,,
588248,2378,14.285,489,2189.24,,,,
588565,2379,9.319,317,2189.81,,,,
589047,2380,13.852,482,2190.69,,,,
589466,2381,11.974,419,2191.41,,,,
590014,2382,14.52,548,2202.31,,,,
590627,2383,17.802,613,2203.44,,,,
591289,2384,19.296,662,2204.75,,,,
591940,2385,18.621,651,2208.12,,,,
592331,2386,11.515,391,2208.83,,,,
592642,2387,9.007,311,2209.39,,,,
593138,2388,11.588,496,2210.29,,,,
593605,2389,15.002,467,2211.18,,,,
594065,2390,14.381,460,2214.34,,,,
594689,2391,17.866,624,2215.45,,,,
595689,2392,26.278,1000,2217.27,,,,
596088,2393,11.928,399,2220.38,,,,
596460,2394,10.638,372,2221.09,,,,
597039,2395,16.85,579,2222.14,,,,
597442,2396,11.632,403,2222.89,,,,
597839,2397,11.729,397,2223.68,,,,
598529,2398,19.681,690,2227.37,,,,
599038,2399,13.656,509,2228.32,,,,
599325,2400,7.185,287,2228.89,,,,
599669,2401,8.97,344,2229.55,,,,
600126,2402,14.292,457,2237.43,,,,
600398,2403,7.35,272,2237.94,,,,
600771,2404,10.275,373,2238.62,,,,
601096,2405,8.917,325,2239.23,,,,
601307,2406,3.951,211,2239.63,,,,
601716,2407,12.674,409,2240.37,,,,
602036,2408,8.976,320,2240.93,,,,
602661,2409,17.77,625,2243.93,,,,
603075,2410,12.55,414,2244.74,,,,
603451,2411,10.906,376,2245.46,,,,
603767,2412,8.776,316,2246.05,,,,
604269,2413,14.756,502,2248.88,,,,
604528,2414,6.127,259,2249.34,,,,
605089,2415,18.241,561,2250.33,,,,
605437,2416,9.713,348,2250.95,,,,
605860,2417,11.005,423,2251.71,,,,
606265,2418,11.712,405,2254.93,,,,
606564,2419,8.132,299,2255.48,,,,
607517,2420,29.025,953,2257.19,,,,
608327,2421,24.027,810,2260.63,,,,
608839,2422,15.831,512,2261.51,,,,
609403,2423,16.697,564,2262.52,,,,
609871,2424,13.467,468,2263.35,,,,
610185,2425,8.761,314,2269.08,,,,
610549,2426,10.318,364,2271.79,,,,
611154,2427,17.206,605,2272.86,,,,
611580,2428,12.047,426,2273.62,,,,
612095,2429,14.195,515,2274.52,,,,
612518,2430,11.769,423,2277.61,,,,
612908,2431,11.76,390,2278.29,,,,
613402,2432,14.651,494,2279.16,,,,
613929,2433,16.81,527,2280.1,,,,
614279,2434,9.445,350,2280.71,,,,
614625,2435,10.161,346,2283.61,,,,
615295,2436,19.045,670,2284.8,,,,
615894,2437,16.701,599,2285.88,,,,
616689,2438,19.987,795,2289.28,,,,
617208,2439,14.392,519,2290.38,,,,
617722,2440,13.8,514,2291.47,,,,
618101,2441,9.835,379,2292.27,,,,
618638,2442,15.608,537,2295.81,,,,
619247,2443,15.256,609,2297.03,,,,
619574,2444,9.27,327,2297.69,,,,
620118,2445,15.835,544,2304.85,,,,
620449,2446,9.745,331,2305.54,,,,
621300,2447,23.814,851,2309.64,,,,
621603,2448,8.182,303,2310.3,,,,
621892,2449,8.165,289,2310.89,,,,
622218,2450,8.648,326,2311.49,,,,
622697,2451,12.199,479,2314.93,,,,
623091,2452,10.168,394,2315.72,,,,
623424,2453,9.492,333,2316.33,,,,
623852,2454,11.138,428,2317.27,,,,
624226,2455,11.129,374,2318.04,,,,
624942,2456,18.742,716,2322.08,,,,
625362,2457,12.705,420,2322.86,,,,
625754,2458,12.21,392,2323.56,,,,
626096,2459,9.097,342,2324.3,,,,
626432,2460,9.507,336,2324.93,,,,
626950,2461,14.982,518,2328.73,,,,
627370,2462,12.068,420,2329.57,,,,
627739,2463,10.626,369,2330.38,,,,
628128,2464,11.785,389,2331.13,,,,
628535,2465,12.0,407,2331.85,,,,
628956,2466,12.642,421,2335.06,,,,
629316,2467,8.991,360,2335.78,,,,
629731,2468,10.6,415,2336.58,,,,
630114,2469,11.088,383,2343.51,,,,
630677,2470,18.108,563,2344.51,,,,
630964,2471,6.865,287,2347.84,,,,
631288,2472,8.244,324,2348.45,,,,
631573,2473,7.762,285,2349.06,,,,
631949,2474,9.773,376,2349.8,,,,
632407,2475,12.849,458,2350.62,,,,
632761,2476,10.382,354,2351.26,,,,
633254,2477,15.166,493,2354.19,,,,
633555,2478,8.585,301,2354.72,,,,
633923,2479,9.645,368,2355.39,,,,
634264,2480,9.619,341,2356.0,,,,
634684,2481,11.113,420,2356.76,,,,
635218,2482,15.632,534,2360.05,,,,
635549,2483,9.632,331,2360.65,,,,
635853,2484,7.623,304,2361.25,,,,
636276,2485,11.991,423,2362.02,,,,
636574,2486,7.707,298,2362.55,,,,
636881,2487,8.582,307,2363.11,,,,
637171,2488,7.505,290,2365.84,,,,
637469,2489,8.181,298,2366.41,,,,
637782,2490,8.668,313,2366.97,,,,
638096,2491,9.052,314,2367.55,,,,
638572,2492,14.16,476,2368.42,,,,
638916,2493,9.595,344,2369.04,,,,
639416,2494,13.848,500,2371.87,,,,
639873,2495,13.247,457,2372.69,,,,
640171,2496,8.544,298,2378.22,,,,
640661,2497,14.594,490,2379.13,,,,
641043,2498,10.305,382,2382.41,,,,
641294,2499,5.426,251,2382.89,,,,
641601,2500,8.794,307,2383.45,,,,
642115,2501,13.014,514,2384.38,,,,
642708,2502,16.317,593,2385.49,,,,
643152,2503,13.566,444,2388.86,,,,
643813,2504,19.114,661,2390.05,,,,
644352,2505,14.331,539,2391.04,,,,
644714,2506,11.174,362,2391.7,,,,
645148,2507,11.248,434,2394.95,,,,
645492,2508,10.263,344,2395.58,,,,
645945,2509,13.747,453,2396.43,,,,
646395,2510,12.324,450,2397.28,,,,
646814,2511,11.082,419,2398.08,,,,
647298,2512,13.428,484,2401.38,,,,
647845,2513,13.102,547,2402.36,,,,
648130,2514,7.298,285,2402.87,,,,
648677,2515,15.622,547,2403.88,,,,
649119,2516,11.573,442,2404.7,,,,
649459,2517,9.629,340,2407.91,,,,
649883,2518,10.97,424,2408.66,,,,
650347,2519,14.235,464,2415.11,,,,
650694,2520,9.373,347,2415.81,,,,
651050,2521,9.127,356,2416.48,,,,
651342,2522,7.579,292,2419.28,,,,
651666,2523,9.692,324,2419.87,,,,
652121,2524,12.451,455,2420.69,,,,
652481,2525,10.579,360,2421.36,,,,
653091,2526,16.333,610,2422.43,,,,
653479,2527,9.075,388,2425.51,,,,
653732,2528,6.701,253,2426.05,,,,
654185,2529,13.533,453,2426.89,,,,
654638,2530,13.065,453,2427.76,,,,
655183,2531,15.665,545,2428.84,,,,
655506,2532,8.553,323,2431.66,,,,
656506,2533,25.404,1000,2433.47,,,,
656900,2534,10.946,394,2434.18,,,,
657234,2535,9.614,334,2434.83,,,,
657613,2536,10.576,379,2437.71,,,,
657923,2537,8.791,310,2438.29,,,,
658222,2538,7.872,299,2438.82,,,,
658480,2539,6.353,258,2439.3,,,,
658782,2540,7.097,302,2439.9,,,,
659039,2541,6.163,257,2440.39,,,,
659501,2542,13.419,462,2443.62,,,,
659786,2543,7.381,285,2444.17,,,,
660055,2544,6.392,269,2451.2,,,,
660392,2545,10.135,337,2451.98,,,,
660781,2546,10.269,389,2452.79,,,,
661110,2547,9.296,329,2453.5,,,,
661508,2548,11.201,398,2456.46,,,,
661759,2549,6.35,251,2456.92,,,,
662145,2550,11.825,386,2457.65,,,,
662664,2551,15.22,519,2458.62,,,,
662949,2552,7.372,285,2459.21,,,,
663261,2553,8.29,312,2459.84,,,,
663671,2554,10.795,410,2463.04,,,,
664096,2555,11.912,425,2463.89,,,,
664419,2556,9.313,323,2464.52,,,,
664669,2557,6.296,250,2465.04,,,,
665243,2558,17.056,574,2466.2,,,,
665465,2559,5.828,222,2466.66,,,,
665874,2560,11.321,409,2469.87,,,,
666327,2561,12.523,453,2470.73,,,,
666627,2562,7.876,300,2471.28,,,,
667010,2563,11.047,383,2471.99,,,,
667239,2564,5.235,229,2472.42,,,,
667742,2565,14.771,503,2475.63,,,,
668330,2566,17.778,588,2476.74,,,,
668591,2567,6.81,261,2477.23,,,,
669041,2568,12.074,450,2478.09,,,,
669711,2569,20.254,670,2481.33,,,,
670214,2570,14.347,503,2490.12,,,,
670666,2571,13.738,452,2491.0,,,,
671006,2572,9.732,340,2491.64,,,,
671401,2573,11.479,395,2492.42,,,,
671743,2574,9.349,342,2493.08,,,,
672113,2575,11.044,370,2495.95,,,,
672441,2576,8.815,328,2496.62,,,,
673060,2577,17.283,619,2497.78,,,,
673644,2578,18.771,584,2498.88,,,,
673965,2579,9.101,321,2501.81,,,,
674283,2580,7.64,318,2502.44,,,,
674658,2581,10.219,375,2503.11,,,,
675316,2582,18.964,658,2504.31,,,,
675685,2583,11.193,369,2504.98,,,,
676186,2584,15.494,501,2508.01,,,,
676815,2585,17.441,629,2509.39,,,,
677215,2586,12.185,400,2510.14,,,,
677513,2587,7.987,298,2510.69,,,,
677748,2588,6.16,235,2511.12,,,,
677992,2589,5.56,244,2513.63,,,,
678433,2590,12.203,441,2514.42,,,,
678785,2591,10.705,352,2515.06,,,,
679090,2592,8.112,305,2515.63,,,,
679381,2593,7.63,291,2516.19,,,,
679873,2594,14.446,492,2517.09,,,,
680060,2595,3.341,187,2524.87,,,,
680470,2596,12.114,410,2525.63,,,,
680849,2597,10.657,379,2526.35,,,,
681307,2598,13.69,458,2527.19,,,,
681531,2599,5.577,224,2527.63,,,,
682063,2600,13.627,532,2530.97,,,,
682527,2601,13.138,464,2531.82,,,,
683013,2602,12.929,486,2532.73,,,,
683418,2603,10.979,405,2533.49,,,,
683877,2604,13.54,459,2534.37,,,,
684506,2605,19.704,629,2537.76,,,,
684986,2606,11.863,480,2538.63,,,,
685302,2607,8.277,316,2539.22,,,,
685727,2608,11.367,425,2539.99,,,,
686123,2609,10.558,396,2543.0,,,,
686844,2610,21.809,721,2544.28,,,,
687270,2611,13.145,426,2545.07,,,,
688006,2612,18.824,736,2546.42,,,,
688527,2613,13.379,521,2549.34,,,,
688746,2614,5.042,219,2549.74,,,,
689134,2615,9.743,388,2550.42,,,,
689620,2616,12.491,486,2551.29,,,,
690045,2617,11.792,425,2557.08,,,,
690377,2618,9.337,332,2559.55,,,,
690833,2619,14.369,456,2560.33,,,,
691193,2620,8.366,360,2561.04,,,,
691670,2621,14.318,477,2561.95,,,,
691928,2622,6.53,258,2562.42,,,,
692385,2623,15.027,457,2565.49,,,,
692746,2624,8.375,361,2566.11,,,,
693387,2625,18.942,641,2567.26,,,,
693765,2626,10.699,378,2568.05,,,,
694217,2627,11.992,452,2568.88,,,,
694868,2628,19.661,651,2572.54,,,,
695469,2629,16.168,601,2573.66,,,,
695915,2630,12.601,446,2574.45,,,,
696462,2631,16.278,547,2577.8,,,,
696932,2632,13.901,470,2578.71,,,,
697267,2633,9.34,335,2579.32,,,,
697633,2634,9.051,366,2579.99,,,,
697927,2635,7.138,294,2580.52,,,,
698444,2636,16.511,517,2583.9,,,,
698858,2637,11.685,414,2584.63,,,,
699279,2638,10.813,421,2585.39,,,,
699538,2639,6.265,259,2585.89,,,,
700151,2640,17.472,613,2590.98,,,,
700468,2641,8.824,317,2594.16,,,,
700937,2642,14.643,469,2595.05,,,,
701299,2643,9.303,362,2595.69,,,,
701621,2644,8.994,322,2596.27,,,,
701878,2645,6.349,257,2596.75,,,,
702204,2646,8.72,326,2597.38,,,,
702605,2647,10.511,401,2600.59,,,,
703297,2648,20.078,692,2601.88,,,,
703704,2649,11.356,407,2602.62,,,,
704243,2650,16.25,539,2603.63,,,,
704544,2651,8.538,301,2606.47,,,,
705052,2652,14.919,508,2607.38,,,,
706052,2653,23.746,1000,2609.16,,,,
706489,2654,12.663,437,2609.97,,,,
707214,2655,19.753,725,2613.48,,,,
708104,2656,26.953,890,2615.19,,,,
708683,2657,14.505,579,2618.51,,,,
709128,2658,12.397,445,2619.33,,,,
709506,2659,11.106,378,2619.99,,,,
710012,2660,15.548,506,2627.1,,,,
710661,2661,17.51,649,2630.12,,,,
710933,2662,7.407,272,2630.62,,,,
711291,2663,8.788,358,2631.24,,,,
711495,2664,4.363,204,2631.64,,,,
711899,2665,12.625,404,2632.45,,,,
712144,2666,6.263,245,2632.89,,,,
712566,2667,10.226,422,2633.62,,,,
712841,2668,7.233,275,2636.18,,,,
713285,2669,11.341,444,2636.96,,,,
713603,2670,8.892,318,2637.53,,,,
714220,2671,17.116,617,2638.62,,,,
714718,2672,14.106,498,2639.51,,,,
715018,2673,8.062,300,2642.29,,,,
715333,2674,8.382,315,2642.84,,,,
715652,2675,8.174,319,2643.45,,,,
716055,2676,11.838,403,2644.18,,,,
716413,2677,10.293,358,2644.82,,,,
716953,2678,15.61,540,2647.81,,,,
717144,2679,4.104,191,2648.18,,,,
717631,2680,12.943,487,2649.05,,,,
717978,2681,10.364,347,2649.7,,,,
718473,2682,14.671,495,2650.69,,,,
718729,2683,6.268,256,2651.24,,,,
718944,2684,5.104,215,2654.22,,,,
719403,2685,13.832,459,2655.14,,,,
719821,2686,10.024,418,2656.0,,,,
720125,2687,7.632,304,2663.71,,,,
720359,2688,5.493,234,2664.2,,,,
720905,2689,15.466,546,2667.87,,,,
721506,2690,15.823,601,2669.14,,,,
721803,2691,8.05,297,2669.69,,,,
722144,2692,9.673,341,2670.43,,,,
722541,2693,10.991,397,2671.24,,,,
722759,2694,4.872,218,2671.62,,,,
723045,2695,8.215,286,2674.54,,,,
723517,2696,13.072,472,2675.47,,,,
724145,2697,17.782,628,2676.62,,,,
724660,2698,14.197,515,2677.59,,,,
725418,2699,20.274,758,2681.6,,,,
725896,2700,12.953,478,2682.51,,,,
726303,2701,12.273,407,2683.31,,,,
726905,2702,18.923,602,2684.57,,,,
727245,2703,9.583,340,2688.0,,,,
727901,2704,18.225,656,2689.21,,,,
728328,2705,13.273,427,2690.11,,,,
728639,2706,6.428,311,2690.8,,,,
729160,2707,14.634,521,2694.39,,,,
729631,2708,14.525,471,2695.35,,,,
730091,2709,12.226,460,2701.43,,,,
730350,2710,6.531,259,2701.91,,,,
730821,2711,12.718,471,2702.81,,,,
731078,2712,6.923,257,2703.29,,,,
731585,2713,16.033,507,2706.93,,,,
731846,2714,6.625,261,2707.48,,,,
732150,2715,7.903,304,2708.13,,,,
732493,2716,9.544,343,2708.8,,,,
732961,2717,12.669,468,2709.8,,,,
733254,2718,7.626,293,2712.29,,,,
733618,2719,10.367,364,2712.92,,,,
733856,2720,5.409,238,2713.34,,,,
734353,2721,13.917,497,2714.22,,,,
734797,2722,12.86,444,2715.15,,,,
735189,2723,11.065,392,2715.85,,,,
735796,2724,15.708,607,2719.18,,,,
736196,2725,11.014,400,2719.88,,,,
736665,2726,12.756,469,2720.8,,,,
737176,2727,14.909,511,2721.73,,,,
737684,2728,13.075,508,2724.99,,,,
738039,2729,7.51,355,2725.64,,,,
738731,2730,19.512,692,2726.97,,,,
738999,2731,6.686,268,2727.44,,,,
739564,2732,15.551,565,2730.42,,,,
740010,2733,12.958,446,2736.86,,,,
740374,2734,9.788,364,2737.52,,,,
741024,2735,18.557,650,2738.79,,,,
741268,2736,5.885,244,2739.23,,,,
741904,2737,17.709,636,2742.72,,,,
742224,2738,8.388,320,2743.3,,,,
742615,2739,9.657,391,2743.99,,,,
743009,2740,9.873,394,2744.69,,,,
743454,2741,11.82,445,2747.91,,,,
743784,2742,7.513,330,2748.53,,,,
744182,2743,9.932,398,2749.29,,,,
744867,2744,19.573,685,2750.49,,,,
745517,2745,18.791,650,2754.2,,,,
745856,2746,9.202,339,2754.8,,,,
746279,2747,12.902,423,2755.55,,,,
746810,2748,15.235,531,2756.51,,,,
747166,2749,9.603,356,2757.13,,,,
747413,2750,5.633,247,2757.57,,,,
747700,2751,7.08,287,2760.49,,,,
748686,2752,29.289,986,2762.2,,,,
749094,2753,11.941,408,2762.91,,,,
749504,2754,9.221,410,2763.64,,,,
749782,2755,6.825,278,2766.54,,,,
750164,2756,9.96,382,2774.04,,,,
750681,2757,13.208,517,2775.08,,,,
751205,2758,11.528,524,2776.09,,,,
751643,2759,12.378,438,2778.94,,,,
752132,2760,13.042,489,2779.86,,,,
752472,2761,7.819,340,2780.49,,,,
752831,2762,8.854,359,2781.14,,,,
753268,2763,12.5,437,2781.92,,,,
753774,2764,14.335,506,2784.97,,,,
754276,2765,13.079,502,2785.85,,,,
754883,2766,17.423,607,2787.0,,,,
755855,2767,26.149,972,2791.02,,,,
756353,2768,14.151,498,2791.91,,,,
757038,2769,21.652,685,2793.27,,,,
757251,2770,4.818,213,2793.65,,,,
757717,2771,14.33,466,2794.53,,,,
758139,2772,10.011,422,2797.63,,,,
758644,2773,13.455,505,2798.53,,,,
759028,2774,10.153,384,2799.25,,,,
759576,2775,15.893,548,2800.31,,,,
759922,2776,9.617,346,2803.36,,,,
760350,2777,11.339,428,2811.03,,,,
760984,2778,19.567,634,2812.34,,,,
761322,2779,8.569,338,2812.93,,,,
761553,2780,5.336,231,2813.45,,,,
761792,2781,5.914,239,2813.97,,,,
762366,2782,14.523,574,2817.6,,,,
762799,2783,10.916,433,2818.53,,,,
763150,2784,8.858,351,2819.24,,,,
763735,2785,16.765,585,2820.39,,,,
764170,2786,12.392,435,2823.56,,,,
764714,2787,16.313,544,2824.59,,,,
765204,2788,14.247,490,2825.56,,,,
765514,2789,6.642,310,2826.17,,,,
765858,2790,7.841,344,2826.83,,,,
766858,2791,24.225,1000,2831.1,,,,
767258,2792,11.739,400,2831.86,,,,
767623,2793,9.037,365,2832.54,,,,
768059,2794,8.878,436,2835.83,,,,
768585,2795,13.919,526,2836.83,,,,
768843,2796,6.439,258,2837.3,,,,
769163,2797,9.389,320,2837.88,,,,
769664,2798,11.725,501,2838.8,,,,
770161,2799,12.042,497,2848.45,,,,
770987,2800,20.421,826,2849.98,,,,
771393,2801,10.275,406,2850.75,,,,
771706,2802,8.325,313,2851.35,,,,
772392,2803,17.294,686,2855.05,,,,
773018,2804,18.834,626,2856.21,,,,
773734,2805,21.004,716,2857.56,,,,
774305,2806,16.27,571,2860.97,,,,
775019,2807,18.824,714,2862.26,,,,
775578,2808,15.649,559,2863.27,,,,
776310,2809,23.245,732,2866.94,,,,
777202,2810,26.116,892,2868.79,,,,
777724,2811,14.903,522,2869.8,,,,
778258,2812,13.805,534,2872.94,,,,
778744,2813,13.493,486,2873.88,,,,
779440,2814,19.418,696,2875.26,,,,
780141,2815,19.682,701,2881.51,,,,
780667,2816,15.238,526,2884.8,,,,
780997,2817,9.304,330,2885.4,,,,
781559,2818,15.324,562,2886.48,,,,
781992,2819,12.933,433,2887.27,,,,
782817,2820,24.459,825,2891.24,,,,
783078,2821,5.925,261,2891.76,,,,
783365,2822,7.033,287,2892.27,,,,
783688,2823,8.62,323,2892.88,,,,
784008,2824,8.239,320,2893.45,,,,
784626,2825,20.438,618,2896.76,,,,
785367,2826,23.019,741,2898.13,,,,
785804,2827,13.156,437,2898.95,,,,
786068,2828,6.604,264,2899.44,,,,
786353,2829,7.543,285,2899.97,,,,
786944,2830,17.172,591,2903.34,,,,
787562,2831,19.3,618,2904.46,,,,
788292,2832,20.097,730,2905.79,,,,
788669,2833,10.692,377,2908.8,,,,
788983,2834,8.48,314,2909.38,,,,
789603,2835,17.732,620,2910.5,,,,
789820,2836,4.579,217,2910.9,,,,
790177,2837,8.46,357,2916.3,,,,
790912,2838,20.247,735,2919.85,,,,
791911,2839,30.605,999,2921.65,,,,
792158,2840,5.717,247,2922.09,,,,
792417,2841,6.567,259,2922.56,,,,
793207,2842,24.491,790,2925.99,,,,
793835,2843,14.385,628,2927.14,,,,
794651,2844,20.232,816,2930.99,,,,
795154,2845,13.399,503,2931.95,,,,
795562,2846,12.124,408,2932.69,,,,
796032,2847,13.907,470,2933.55,,,,
796242,2848,4.365,210,2933.93,,,,
797038,2849,20.625,796,2937.79,,,,
797781,2850,19.186,743,2939.18,,,,
798411,2851,19.718,630,2940.32,,,,
798838,2852,11.258,427,2942.92,,,,
799254,2853,9.955,416,2943.68,,,,
800254,2854,24.845,1000,2950.89,,,,
800664,2855,10.302,410,2951.69,,,,
800977,2856,8.358,313,2954.83,,,,
801774,2857,24.143,797,2956.23,,,,
802029,2858,6.487,255,2956.69,,,,
802594,2859,15.036,565,2957.74,,,,
803002,2860,12.385,408,2961.12,,,,
803249,2861,6.071,247,2961.56,,,,
803842,2862,18.193,593,2962.72,,,,
804317,2863,12.213,475,2963.61,,,,
805317,2864,26.888,1000,2967.41,,,,
805756,2865,12.203,439,2968.23,,,,
806013,2866,6.011,257,2968.71,,,,
806288,2867,6.594,275,2969.22,,,,
806585,2868,6.386,297,2969.77,,,,
807320,2869,21.362,735,2973.58,,,,
807801,2870,11.663,481,2974.48,,,,
808070,2871,6.944,269,2974.96,,,,
808610,2872,14.76,540,2976.0,,,,
809141,2873,13.609,531,2979.51,,,,
809737,2874,18.738,596,2980.56,,,,
810340,2875,18.252,603,2986.94,,,,
810769,2876,11.033,429,2987.71,,,,
811265,2877,14.124,496,2990.44,,,,
811532,2878,6.738,267,2990.91,,,,
811767,2879,5.328,235,2991.33,,,,
812235,2880,12.307,468,2992.16,,,,
812478,2881,5.635,243,2992.59,,,,
812850,2882,9.05,372,2993.24,,,,
813256,2883,11.778,406,2995.79,,,,
813744,2884,14.571,488,2996.65,,,,
814126,2885,8.013,382,2997.35,,,,
814423,2886,7.156,297,2997.88,,,,
814753,2887,8.733,330,2998.45,,,,
815169,2888,12.429,416,3001.33,,,,
815606,2889,11.242,437,3002.09,,,,
816000,2890,10.156,394,3002.77,,,,
816241,2891,5.178,241,3003.19,,,,
816840,2892,16.871,599,3004.24,,,,
817297,2893,14.082,457,3007.32,,,,
817935,2894,19.269,638,3008.43,,,,
818343,2895,10.434,408,3009.14,,,,
819210,2896,22.865,867,3013.32,,,,
819730,2897,14.929,520,3014.38,,,,
820048,2898,7.253,318,3020.14,,,,
820348,2899,7.868,300,3020.8,,,,
820805,2900,9.8,457,3021.78,,,,
821229,2901,10.686,424,3022.62,,,,
821784,2902,16.972,555,3026.14,,,,
822347,2903,16.217,563,3027.3,,,,
823069,2904,20.227,722,3028.86,,,,
823790,2905,23.024,721,3032.68,,,,
824124,2906,9.035,334,3033.37,,,,
824632,2907,12.795,508,3034.48,,,,
825511,2908,24.952,879,3038.81,,,,
825754,2909,5.596,243,3039.29,,,,
826160,2910,11.74,406,3040.05,,,,
826480,2911,8.233,320,3040.65,,,,
827480,2912,26.574,1000,3045.67,,,,
827732,2913,6.047,252,3046.16,,,,
828079,2914,8.119,347,3046.97,,,,
828636,2915,14.75,557,3048.14,,,,
828963,2916,9.153,327,3048.81,,,,
829351,2917,9.447,388,3049.63,,,,
829846,2918,14.225,495,3053.24,,,,
830377,2919,14.959,531,3060.34,,,,
830874,2920,12.362,497,3061.25,,,,
831307,2921,11.131,433,3062.07,,,,
831590,2922,7.059,283,3065.33,,,,
832370,2923,24.028,780,3066.76,,,,
832676,2924,7.956,306,3067.43,,,,
832890,2925,4.73,214,3067.82,,,,
833416,2926,14.916,526,3068.84,,,,
833899,2927,13.804,483,3071.68,,,,
834513,2928,16.772,614,3072.75,,,,
834994,2929,12.762,481,3073.63,,,,
835521,2930,14.269,527,3074.54,,,,
836143,2931,16.386,622,3077.72,,,,
836440,2932,8.188,297,3078.24,,,,
836850,2933,9.082,410,3078.99,,,,
837216,2934,9.267,366,3079.64,,,,
837727,2935,15.781,511,3082.87,,,,
837990,2936,6.439,263,3083.34,,,,
838345,2937,8.557,355,3083.97,,,,
838761,2938,12.179,416,3084.7,,,,
839205,2939,11.263,444,3085.49,,,,
839614,2940,10.33,409,3086.21,,,,
840014,2941,9.63,400,3092.91,,,,
840432,2942,9.757,418,3093.67,,,,
841425,2943,29.386,993,3095.46,,,,
841782,2944,9.0,357,3098.43,,,,
842090,2945,8.362,308,3098.97,,,,
842331,2946,5.398,241,3099.4,,,,
842763,2947,10.66,432,3100.16,,,,
843164,2948,10.868,401,3100.9,,,,
843853,2949,17.644,689,3104.73,,,,
844236,2950,11.139,383,3105.39,,,,
844734,2951,13.628,498,3106.31,,,,
845481,2952,21.325,747,3107.64,,,,
845923,2953,11.151,442,3110.93,,,,
846161,2954,6.009,238,3111.34,,,,
846611,2955,12.938,450,3112.15,,,,
846909,2956,7.474,298,3112.68,,,,
847178,2957,6.224,269,3113.16,,,,
847512,2958,9.476,334,3113.78,,,,
848205,2959,19.111,693,3117.53,,,,
848812,2960,18.557,607,3118.62,,,,
849176,2961,8.876,364,3119.27,,,,
849600,2962,10.966,424,3120.03,,,,
849868,2963,6.815,268,3120.5,,,,
850173,2964,8.022,305,3127.45,,,,
850698,2965,15.382,525,3128.39,,,,
850935,2966,5.252,237,3128.82,,,,
851458,2967,12.177,523,3129.85,,,,
851695,2968,5.279,237,3130.28,,,,
852146,2969,12.633,451,3133.46,,,,
852672,2970,14.947,526,3134.48,,,,
853509,2971,24.954,837,3136.12,,,,
853797,2972,7.693,288,3136.66,,,,
854057,2973,5.928,260,3139.09,,,,
854408,2974,9.409,351,3139.74,,,,
855125,2975,17.308,717,3141.18,,,,
855803,2976,18.502,678,3142.44,,,,
856093,2977,7.273,290,3144.93,,,,
856895,2978,21.695,802,3146.41,,,,
857178,2979,7.275,283,3146.93,,,,
857513,2980,9.027,335,3147.6,,,,
858039,2981,14.422,526,3148.69,,,,
858463,2982,10.929,424,3151.74,,,,
859084,2983,15.822,621,3152.93,,,,
859590,2984,13.589,506,3153.95,,,,
859964,2985,9.416,374,3154.69,,,,
860447,2986,11.177,483,3162.96,,,,
860822,2987,9.614,375,3163.72,,,,
861308,2988,13.799,486,3164.66,,,,
861751,2989,11.478,443,3165.53,,,,
861983,2990,5.175,232,3165.99,,,,
862246,2991,5.828,263,3168.77,,,,
862534,2992,7.044,288,3169.33,,,,
862979,2993,11.614,445,3170.19,,,,
863287,2994,7.992,308,3170.8,,,,
863744,2995,11.736,457,3171.68,,,,
864097,2996,9.811,353,3172.34,,,,
864723,2997,12.094,626,3176.08,,,,
864964,2998,5.731,241,3176.56,,,,
865647,2999,18.904,683,3177.98,,,,
865863,3000,4.171,216,3178.45,,,,
866503,3001,17.349,640,3182.1,,,,
867320,3002,20.799,817,3183.73,,,,
867872,3003,14.465,552,3184.84,,,,
868640,3004,18.913,768,3188.65,,,,
869135,3005,12.656,495,3189.6,,,,
870135,3006,25.539,1000,3196.1,,,,
870790,3007,16.994,655,3199.55,,,,
871166,3008,9.923,376,3200.29,,,,
871866,3009,19.472,700,3201.61,,,,
872248,3010,10.642,382,3202.39,,,,
872840,3011,15.293,592,3205.95,,,,
873202,3012,8.466,362,3206.62,,,,
873984,3013,18.965,782,3208.08,,,,
874503,3014,13.07,519,3211.52,,,,
875316,3015,24.02,813,3213.06,,,,
875749,3016,10.983,433,3213.89,,,,
876070,3017,8.298,321,3214.46,,,,
876573,3018,13.432,503,3217.9,,,,
876982,3019,11.424,409,3218.68,,,,
877449,3020,9.766,467,3219.58,,,,
877842,3021,10.244,393,3220.36,,,,
878779,3022,24.612,937,3224.27,,,,
879223,3023,10.033,444,3225.05,,,,
879567,3024,9.41,344,3225.66,,,,
880209,3025,17.165,642,3232.41,,,,
880682,3026,12.749,473,3235.58,,,,
881059,3027,9.434,377,3236.31,,,,
881404,3028,9.003,345,3237.0,,,,
882303,3029,21.996,899,3238.73,,,,
883220,3030,19.978,917,3242.75,,,,
883602,3031,9.52,382,3243.52,,,,
884602,3032,26.413,1000,3245.4,,,,
885025,3033,10.703,423,3248.09,,,,
885436,3034,10.2,411,3248.86,,,,
885778,3035,9.042,342,3249.49,,,,
886535,3036,19.659,757,3250.88,,,,
887057,3037,13.34,522,3253.88,,,,
887355,3038,7.976,298,3254.41,,,,
887628,3039,6.537,273,3254.9,,,,
888566,3040,25.169,938,3256.62,,,,
888879,3041,8.1,313,3259.55,,,,
889188,3042,8.318,309,3260.11,,,,
889486,3043,7.551,298,3260.66,,,,
890136,3044,16.563,650,3269.34,,,,
890594,3045,10.777,458,3270.19,,,,
891087,3046,13.086,493,3273.43,,,,
891771,3047,19.679,684,3274.67,,,,
892677,3048,24.082,906,3276.33,,,,
892955,3049,6.997,278,3279.06,,,,
893403,3050,13.421,448,3279.88,,,,
894340,3051,27.233,937,3281.55,,,,
894820,3052,12.671,480,3282.41,,,,
895298,3053,14.241,478,3285.71,,,,
895619,3054,8.573,321,3286.31,,,,
896005,3055,9.52,386,3287.0,,,,
896835,3056,24.523,830,3288.58,,,,
897328,3057,13.204,493,3291.94,,,,
897559,3058,4.606,231,3292.35,,,,
898004,3059,10.998,445,3293.16,,,,
898325,3060,8.538,321,3293.74,,,,
898917,3061,16.221,592,3294.79,,,,
899230,3062,7.519,313,3297.83,,,,
900230,3063,27.967,1000,3306.59,,,,
900710,3064,13.638,480,3307.46,,,,
901021,3065,8.255,311,3308.06,,,,
901326,3066,6.457,305,3310.63,,,,
901709,3067,10.718,383,3311.33,,,,
902039,3068,8.593,330,3311.96,,,,
902274,3069,5.475,235,3312.38,,,,
903274,3070,26.859,1000,3316.09,,,,
903738,3071,12.961,464,3316.91,,,,
904062,3072,8.208,324,3317.49,,,,
904620,3073,14.737,558,3318.58,,,,
905523,3074,26.067,903,3322.66,,,,
905789,3075,6.245,266,3323.13,,,,
906110,3076,8.57,321,3323.7,,,,
906448,3077,8.946,338,3324.31,,,,
906944,3078,15.046,496,3325.25,,,,
907368,3079,11.013,424,3328.61,,,,
907712,3080,9.536,344,3329.23,,,,
908022,3081,7.921,310,3329.79,,,,
908331,3082,7.755,309,3330.37,,,,
909328,3083,28.228,997,3334.73,,,,
909734,3084,10.311,406,3335.51,,,,
910104,3085,8.721,370,3341.73,,,,
910414,3086,8.166,310,3342.28,,,,
910736,3087,8.092,322,3342.86,,,,
911039,3088,7.838,303,3343.41,,,,
911384,3089,9.926,345,3346.11,,,,
912173,3090,23.48,789,3347.48,,,,
912576,3091,11.344,403,3348.21,,,,
912983,3092,10.811,407,3348.92,,,,
913622,3093,16.632,639,3352.31,,,,
913957,3094,8.858,335,3352.89,,,,
914455,3095,12.948,498,3353.77,,,,
914757,3096,7.488,302,3354.31,,,,
915250,3097,12.285,493,3355.16,,,,
915693,3098,11.778,443,3357.84,,,,
916159,3099,12.334,466,3358.71,,,,
916411,3100,6.04,252,3359.15,,,,
916727,3101,8.208,316,3359.72,,,,
917063,3102,8.378,336,3360.31,,,,
917434,3103,10.36,371,3360.97,,,,
917697,3104,6.223,263,3363.19,,,,
918289,3105,17.363,592,3364.21,,,,
918800,3106,14.744,511,3365.14,,,,
919099,3107,8.015,299,3365.67,,,,
919415,3108,8.011,316,3366.22,,,,
919962,3109,15.876,547,3369.38,,,,
920278,3110,7.91,316,3375.86,,,,
920985,3111,19.628,707,3377.35,,,,
921382,3112,10.966,397,3378.14,,,,
921766,3113,9.299,384,3381.27,,,,
922100,3114,8.782,334,3381.87,,,,
922333,3115,5.248,233,3382.32,,,,
922786,3116,13.509,453,3383.26,,,,
923129,3117,8.795,343,3383.96,,,,
923597,3118,13.868,468,3384.98,,,,
923906,3119,7.992,309,3388.02,,,,
924276,3120,9.178,370,3388.73,,,,
924867,3121,16.72,591,3389.94,,,,
925131,3122,6.589,264,3390.51,,,,
925659,3123,15.076,528,3391.48,,,,
926314,3124,18.024,655,3395.22,,,,
926764,3125,10.927,450,3396.02,,,,
927410,3126,19.072,646,3397.31,,,,
927894,3127,13.823,484,3400.69,,,,
928214,3128,8.069,320,3401.32,,,,
929214,3129,31.329,1000,3403.18,,,,
929810,3130,18.338,596,3406.91,,,,
930300,3131,14.297,490,3412.44,,,,
931005,3132,19.778,705,3413.82,,,,
931400,3133,9.764,395,3414.58,,,,
931845,3134,11.9,445,3418.24,,,,
932478,3135,17.636,633,3419.5,,,,
932791,3136,7.674,313,3420.12,,,,
933234,3137,12.423,443,3421.0,,,,
933765,3138,15.737,531,3422.17,,,,
934246,3139,12.493,481,3425.76,,,,
934706,3140,12.898,460,3426.74,,,,
935186,3141,13.117,480,3427.73,,,,
935732,3142,14.469,546,3428.84,,,,
936277,3143,16.075,545,3432.07,,,,
936715,3144,11.023,438,3432.85,,,,
936957,3145,5.439,242,3433.28,,,,
937215,3146,5.827,258,3433.74,,,,
938170,3147,26.419,955,3437.32,,,,
938492,3148,8.521,322,3437.87,,,,
938958,3149,13.004,466,3438.71,,,,
939541,3150,16.256,583,3439.8,,,,
939850,3151,8.196,309,3440.35,,,,
940545,3152,21.039,695,3449.04,,,,
940848,3153,7.719,303,3449.58,,,,
941273,3154,10.689,425,3450.36,,,,
942027,3155,23.126,754,3451.71,,,,
943011,3156,25.728,984,3455.79,,,,
943523,3157,13.13,512,3456.72,,,,
943968,3158,11.549,445,3457.48,,,,
944277,3159,8.259,309,3460.14,,,,
944535,3160,6.026,258,3460.6,,,,
944869,3161,9.05,334,3461.23,,,,
945385,3162,13.946,516,3462.19,,,,
945734,3163,9.364,349,3462.81,,,,
946343,3164,16.109,609,3466.46,,,,
947082,3165,19.1,739,3467.79,,,,
947814,3166,18.262,732,3469.13,,,,
948264,3167,11.648,450,3472.55,,,,
948598,3168,8.874,334,3473.14,,,,
948802,3169,3.179,204,3473.5,,,,
949254,3170,11.778,452,3474.32,,,,
949591,3171,8.94,337,3474.93,,,,
950205,3172,17.481,614,3481.22,,,,
950815,3173,16.728,610,3484.73,,,,
951267,3174,10.403,452,3485.52,,,,
951688,3175,10.645,421,3486.33,,,,
952152,3176,11.239,464,3487.16,,,,
952890,3177,19.727,738,3490.98,,,,
953376,3178,12.463,486,3491.85,,,,
954067,3179,17.615,691,3493.19,,,,
954490,3180,10.72,423,3496.03,,,,
955168,3181,17.579,678,3497.31,,,,
955654,3182,13.912,486,3498.31,,,,
956404,3183,20.831,750,3499.69,,,,
956969,3184,14.951,565,3502.89,,,,
957359,3185,10.774,390,3503.66,,,,
958083,3186,18.842,724,3505.0,,,,
958510,3187,10.867,427,3508.17,,,,
958768,3188,6.166,258,3508.68,,,,
959097,3189,8.246,329,3509.33,,,,
959378,3190,7.015,281,3509.88,,,,
959626,3191,6.039,248,3510.38,,,,
959912,3192,7.244,286,3510.98,,,,
960206,3193,7.346,294,3516.98,,,,
960517,3194,8.125,311,3519.55,,,,
960928,3195,9.734,411,3520.37,,,,
961431,3196,15.481,503,3521.38,,,,
961847,3197,12.56,416,3522.21,,,,
962467,3198,16.21,620,3523.49,,,,
962959,3199,13.896,492,3526.89,,,,
963407,3200,10.216,448,3527.77,,,,
964407,3201,30.395,1000,3529.78,,,,
964749,3202,8.712,342,3532.56,,,,
964999,3203,5.836,250,3533.07,,,,
965489,3204,14.398,490,3534.02,,,,
965854,3205,8.731,365,3534.82,,,,
966164,3206,7.602,310,3535.48,,,,
966722,3207,15.877,558,3538.86,,,,
967179,3208,11.109,457,3539.77,,,,
967694,3209,13.554,515,3540.76,,,,
967985,3210,7.363,291,3541.32,,,,
968613,3211,17.158,628,3542.58,,,,
968875,3212,6.307,262,3545.36,,,,
969177,3213,8.061,302,3546.02,,,,
969496,3214,7.99,319,3546.64,,,,
969972,3215,13.204,476,3547.56,,,,
970229,3216,6.174,257,3554.65,,,,
970762,3217,14.105,533,3557.98,,,,
971363,3218,15.949,601,3559.17,,,,
971690,3219,8.173,327,3559.8,,,,
972190,3220,12.488,500,3560.7,,,,
972472,3221,6.993,282,3561.2,,,,
972698,3222,3.977,226,3561.61,,,,
973176,3223,11.146,478,3564.48,,,,
973513,3224,7.694,337,3565.12,,,,
973850,3225,9.512,337,3565.73,,,,
974248,3226,11.287,398,3566.47,,,,
974504,3227,6.01,256,3566.92,,,,
974928,3228,11.513,424,3569.85,,,,
975205,3229,6.582,277,3570.37,,,,
975710,3230,12.169,505,3571.27,,,,
976467,3231,21.819,757,3572.68,,,,
977283,3232,21.927,816,3576.66,,,,
977868,3233,15.951,585,3577.73,,,,
978436,3234,14.85,568,3578.81,,,,
978677,3235,5.428,241,3579.27,,,,
979453,3236,22.264,776,3583.07,,,,
979773,3237,8.599,320,3583.68,,,,
980099,3238,8.629,326,3589.83,,,,
980516,3239,12.335,417,3590.66,,,,
980962,3240,12.987,446,3591.48,,,,
981771,3241,23.871,809,3595.28,,,,
982286,3242,15.571,515,3596.26,,,,
982600,3243,8.355,314,3596.98,,,,
983142,3244,14.837,542,3600.41,,,,
983458,3245,8.357,316,3601.03,,,,
983773,3246,8.245,315,3601.63,,,,
984610,3247,24.723,837,3603.17,,,,
985610,3248,28.658,1000,3607.42,,,,
985950,3249,9.721,340,3608.11,,,,
986597,3250,20.362,647,3609.29,,,,
987183,3251,17.522,586,3612.31,,,,
988183,3252,25.187,1000,3614.16,,,,
988952,3253,20.601,769,3615.65,,,,
989552,3254,14.981,600,3618.68,,,,
989864,3255,7.809,312,3619.25,,,,
990436,3256,15.666,572,3626.89,,,,
990895,3257,11.508,459,3627.73,,,,
991165,3258,6.312,270,3628.23,,,,
991595,3259,10.178,430,3631.32,,,,
991855,3260,5.948,260,3631.78,,,,
992357,3261,12.824,502,3632.71,,,,
993357,3262,25.394,1000,3636.79,,,,
993933,3263,13.673,576,3637.86,,,,
994465,3264,16.998,532,3638.86,,,,
995202,3265,22.519,737,3640.2,,,,
996202,3266,25.192,1000,3644.42,,,,
996889,3267,20.172,687,3645.73,,,,
997371,3268,12.14,482,3646.61,,,,
997866,3269,12.449,495,3649.98,,,,
998299,3270,11.131,433,3650.75,,,,
998579,3271,6.912,280,3651.26,,,,
999051,3272,11.68,472,3652.17,,,,
999264,3273,4.674,213,3652.56,,,,
999720,3274,12.405,456,3656.03,,,,
1000720,3275,27.315,1000,3663.91,,,,
