timestep,episode,episode_reward,episode_length,wall_time,critic_loss,actor_loss
21,0,19.902,21,0.0,,
38,1,13.181,17,0.01,,
61,2,21.942,23,0.01,,
80,3,11.036,19,0.01,,
92,4,9.22,12,0.02,,
174,5,127.045,82,0.04,,
187,6,6.473,13,0.04,,
202,7,14.398,15,0.04,,
214,8,9.341,12,0.04,,
227,9,8.537,13,0.05,,
244,10,9.963,17,0.05,,
272,11,27.058,28,0.05,,
302,12,30.592,30,0.06,,
339,13,25.571,37,0.06,,
387,14,54.272,48,0.07,,
408,15,8.784,21,0.07,,
425,16,12.987,17,0.08,,
458,17,35.509,33,0.08,,
486,18,27.122,28,0.09,,
525,19,28.307,39,0.1,,
575,20,25.47,50,0.1,,
595,21,11.087,20,0.11,,
607,22,8.411,12,0.12,,
643,23,35.774,36,0.12,,
666,24,10.701,23,0.13,,
687,25,12.987,21,0.13,,
706,26,14.306,19,0.13,,
731,27,23.341,25,0.14,,
765,28,29.004,34,0.14,,
782,29,16.002,17,0.15,,
814,30,27.75,32,0.15,,
828,31,8.228,14,0.15,,
863,32,7.592,35,0.16,,
883,33,5.707,20,0.16,,
893,34,6.144,10,0.16,,
917,35,17.218,24,0.17,,
948,36,12.603,31,0.17,,
964,37,13.598,16,0.17,,
993,38,22.365,29,0.18,,
1013,39,10.3,20,0.18,,
1023,40,6.731,10,0.18,,
1043,41,15.093,20,0.19,,
1157,42,203.895,114,0.21,,
1187,43,23.978,30,0.21,,
1205,44,13.49,18,0.21,,
1225,45,14.179,20,0.22,,
1237,46,9.16,12,0.22,,
1266,47,22.735,29,0.22,,
1305,48,33.247,39,0.23,,
1341,49,27.504,36,0.24,,
1355,50,7.805,14,0.24,,
1368,51,9.735,13,0.24,,
1390,52,16.301,22,0.24,,
1423,53,22.198,33,0.25,,
1436,54,9.239,13,0.25,,
1468,55,21.307,32,0.26,,
1483,56,12.226,15,0.26,,
1500,57,11.767,17,0.26,,
1512,58,7.256,12,0.26,,
1530,59,16.063,18,0.27,,
1557,60,13.669,27,0.27,,
1571,61,7.865,14,0.27,,
1584,62,8.117,13,0.27,,
1625,63,14.739,41,0.28,,
1636,64,6.597,11,0.28,,
1653,65,7.634,17,0.29,,
1675,66,14.268,22,0.29,,
1695,67,9.995,20,0.29,,
1715,68,16.957,20,0.29,,
1739,69,20.324,24,0.3,,
1764,70,29.32,25,0.3,,
1783,71,18.035,19,0.31,,
1804,72,15.313,21,0.31,,
1819,73,9.737,15,0.31,,
1834,74,9.795,15,0.31,,
1862,75,10.167,28,0.32,,
1900,76,49.875,38,0.32,,
1914,77,9.488,14,0.32,,
1941,78,13.868,27,0.33,,
1957,79,6.736,16,0.33,,
1976,80,8.099,19,0.33,,
1988,81,6.902,12,0.34,,
2017,82,9.424,29,0.34,,
2030,83,8.125,13,0.34,,
2044,84,10.291,14,0.34,,
2070,85,24.617,26,0.35,,
2086,86,8.284,16,0.35,,
2099,87,5.678,13,0.35,,
2117,88,10.947,18,0.36,,
2131,89,9.754,14,0.36,,
2140,90,4.52,9,0.36,,
2158,91,12.504,18,0.36,,
2174,92,5.277,16,0.36,,
2193,93,12.43,19,0.37,,
2219,94,7.553,26,0.37,,
2246,95,19.479,27,0.38,,
2270,96,12.705,24,0.38,,
2293,97,14.181,23,0.38,,
2309,98,10.829,16,0.39,,
2324,99,11.374,15,0.39,,
2337,100,8.252,13,0.39,,
2349,101,9.084,12,0.39,,
2363,102,7.492,14,0.39,,
2381,103,12.139,18,0.4,,
2394,104,7.428,13,0.4,,
2413,105,12.081,19,0.4,,
2440,106,19.104,27,0.41,,
2468,107,15.528,28,0.41,,
2479,108,6.04,11,0.42,,
2512,109,19.811,33,0.42,,
2528,110,10.041,16,0.42,,
2572,111,64.481,44,0.43,,
2582,112,6.643,10,0.43,,
2602,113,9.719,20,0.44,,
2636,114,31.433,34,0.44,,
2666,115,17.789,30,0.45,,
2680,116,12.106,14,0.45,,
2707,117,30.665,27,0.45,,
2717,118,5.833,10,0.45,,
2751,119,23.087,34,0.46,,
2761,120,5.742,10,0.47,,
2778,121,7.321,17,0.47,,
2787,122,5.314,9,0.47,,
2802,123,9.632,15,0.47,,
2815,124,5.853,13,0.48,,
2836,125,21.607,21,0.48,,
2884,126,68.15,48,0.49,,
2906,127,18.274,22,0.49,,
2933,128,33.415,27,0.5,,
2954,129,20.494,21,0.5,,
2972,130,16.252,18,0.5,,
2984,131,8.028,12,0.5,,
2998,132,11.069,14,0.51,,
3014,133,8.216,16,0.51,,
3030,134,12.146,16,0.51,,
3061,135,36.623,31,0.52,,
3074,136,6.853,13,0.52,,
3099,137,16.634,25,0.52,,
3122,138,23.128,23,0.52,,
3143,139,20.163,21,0.53,,
3171,140,34.055,28,0.53,,
3193,141,15.93,22,0.53,,
3210,142,9.124,17,0.54,,
3245,143,44.242,35,0.54,,
3282,144,34.935,37,0.55,,
3296,145,8.415,14,0.55,,
3322,146,33.125,26,0.55,,
3363,147,20.256,41,0.56,,
3376,148,8.292,13,0.56,,
3399,149,10.241,23,0.57,,
3410,150,6.643,11,0.57,,
3420,151,7.186,10,0.57,,
3432,152,8.409,12,0.57,,
3452,153,3.097,20,0.57,,
3467,154,12.419,15,0.58,,
3480,155,7.799,13,0.58,,
3496,156,7.95,16,0.58,,
3515,157,8.234,19,0.58,,
3540,158,14.341,25,0.59,,
3553,159,8.251,13,0.59,,
3573,160,8.788,20,0.59,,
3600,161,23.174,27,0.6,,
3616,162,11.466,16,0.6,,
3626,163,6.045,10,0.6,,
3638,164,7.372,12,0.61,,
3657,165,5.871,19,0.61,,
3714,166,61.656,57,0.63,,
3729,167,13.739,15,0.63,,
3759,168,17.472,30,0.64,,
3786,169,10.023,27,0.65,,
3812,170,16.434,26,0.66,,
3828,171,9.403,16,0.67,,
3851,172,13.767,23,0.67,,
3864,173,10.967,13,0.68,,
3909,174,25.882,45,0.68,,
3948,175,13.133,39,0.69,,
3977,176,17.507,29,0.7,,
4015,177,13.727,38,0.7,,
4067,178,58.652,52,0.71,,
4090,179,6.446,23,0.72,,
4103,180,9.125,13,0.72,,
4120,181,7.362,17,0.72,,
4137,182,16.665,17,0.72,,
4168,183,23.017,31,0.73,,
4183,184,8.313,15,0.73,,
4203,185,9.251,20,0.73,,
4215,186,8.792,12,0.73,,
4244,187,22.699,29,0.74,,
4268,188,23.131,24,0.74,,
4286,189,12.273,18,0.75,,
4311,190,19.117,25,0.75,,
4327,191,13.406,16,0.75,,
4360,192,13.457,33,0.76,,
4374,193,4.308,14,0.76,,
4389,194,11.708,15,0.76,,
4400,195,6.848,11,0.76,,
4409,196,4.697,9,0.77,,
4442,197,23.885,33,0.77,,
4478,198,36.111,36,0.78,,
4504,199,14.562,26,0.78,,
4525,200,19.229,21,0.79,,
4540,201,6.799,15,0.79,,
4565,202,25.098,25,0.79,,
4577,203,6.481,12,0.79,,
4604,204,8.335,27,0.8,,
4682,205,67.271,78,0.81,,
4709,206,30.086,27,0.81,,
4729,207,8.666,20,0.82,,
4750,208,16.733,21,0.82,,
4783,209,19.044,33,0.83,,
4816,210,12.611,33,0.83,,
4835,211,16.889,19,0.83,,
4856,212,9.787,21,0.84,,
4878,213,13.622,22,0.84,,
4905,214,27.655,27,0.84,,
4951,215,72.633,46,0.85,,
4964,216,7.605,13,0.85,,
5002,217,27.76,38,0.86,,
5066,218,98.333,64,0.87,,
5083,219,7.482,17,0.87,,
5128,220,48.188,45,0.88,,
5146,221,4.862,18,0.88,,
5166,222,20.426,20,0.88,,
5186,223,13.791,20,0.89,,
5213,224,7.193,27,0.89,,
5238,225,13.188,25,0.9,,
5253,226,10.619,15,0.9,,
5275,227,21.064,22,0.9,,
5293,228,16.916,18,0.91,,
5318,229,13.044,25,0.92,,
5331,230,7.148,13,0.92,,
5349,231,6.479,18,0.92,,
5363,232,9.674,14,0.93,,
5387,233,18.851,24,0.93,,
5486,234,92.79,99,0.95,,
5513,235,24.633,27,0.96,,
5532,236,14.61,19,0.96,,
5545,237,8.28,13,0.96,,
5592,238,33.865,47,0.97,,
5618,239,23.287,26,0.98,,
5640,240,13.396,22,0.98,,
5664,241,15.043,24,0.99,,
5697,242,13.333,33,0.99,,
5716,243,11.555,19,1.0,,
5726,244,7.038,10,1.0,,
5742,245,8.291,16,1.0,,
5809,246,90.545,67,1.01,,
5834,247,17.11,25,1.02,,
5855,248,20.309,21,1.02,,
5872,249,10.409,17,1.02,,
5884,250,7.816,12,1.02,,
5894,251,3.292,10,1.03,,
5912,252,10.533,18,1.03,,
5924,253,9.048,12,1.03,,
5939,254,7.147,15,1.03,,
5960,255,10.876,21,1.04,,
5971,256,6.067,11,1.04,,
5988,257,11.533,17,1.04,,
6008,258,11.592,20,1.04,,
6024,259,12.501,16,1.05,,
6038,260,10.577,14,1.05,,
6058,261,9.297,20,1.05,,
6071,262,11.143,13,1.05,,
6086,263,8.574,15,1.06,,
6108,264,12.546,22,1.06,,
6125,265,6.83,17,1.06,,
6162,266,7.813,37,1.07,,
6183,267,19.23,21,1.07,,
6192,268,5.277,9,1.07,,
6209,269,13.304,17,1.07,,
6224,270,12.236,15,1.07,,
6248,271,27.738,24,1.08,,
6262,272,9.245,14,1.08,,
6298,273,22.735,36,1.09,,
6322,274,14.736,24,1.09,,
6334,275,8.177,12,1.09,,
6357,276,18.473,23,1.1,,
6379,277,22.834,22,1.1,,
6401,278,14.166,22,1.1,,
6416,279,7.727,15,1.1,,
6428,280,8.367,12,1.11,,
6443,281,14.334,15,1.11,,
6457,282,10.013,14,1.11,,
6469,283,5.69,12,1.11,,
6496,284,29.63,27,1.12,,
6518,285,14.238,22,1.12,,
6539,286,16.422,21,1.12,,
6562,287,13.75,23,1.13,,
6572,288,7.28,10,1.13,,
6593,289,19.062,21,1.13,,
6609,290,9.896,16,1.13,,
6638,291,29.081,29,1.14,,
6654,292,13.788,16,1.14,,
6666,293,9.313,12,1.14,,
6674,294,4.886,8,1.14,,
6695,295,9.254,21,1.15,,
6717,296,14.828,22,1.15,,
6739,297,6.88,22,1.15,,
6769,298,8.442,30,1.16,,
6787,299,14.835,18,1.16,,
6825,300,50.822,38,1.17,,
6838,301,6.755,13,1.17,,
6862,302,15.018,24,1.17,,
6875,303,7.293,13,1.18,,
6897,304,14.996,22,1.18,,
6917,305,15.352,20,1.18,,
6935,306,17.102,18,1.18,,
6945,307,6.388,10,1.19,,
6954,308,5.932,9,1.19,,
6974,309,21.807,20,1.19,,
7010,310,14.074,36,1.2,,
7034,311,21.238,24,1.2,,
7051,312,14.125,17,1.2,,
7077,313,24.668,26,1.21,,
7088,314,6.306,11,1.21,,
7099,315,8.4,11,1.21,,
7113,316,7.437,14,1.21,,
7128,317,12.077,15,1.21,,
7145,318,10.009,17,1.22,,
7167,319,10.436,22,1.22,,
7194,320,30.35,27,1.22,,
7220,321,14.959,26,1.23,,
7244,322,22.803,24,1.23,,
7276,323,21.182,32,1.24,,
7301,324,13.016,25,1.24,,
7317,325,10.87,16,1.24,,
7342,326,8.601,25,1.25,,
7356,327,7.716,14,1.25,,
7405,328,52.757,49,1.26,,
7431,329,7.455,26,1.26,,
7448,330,14.048,17,1.26,,
7469,331,12.604,21,1.27,,
7487,332,15.642,18,1.27,,
7500,333,7.217,13,1.27,,
7512,334,8.312,12,1.27,,
7544,335,14.375,32,1.28,,
7556,336,6.285,12,1.28,,
7569,337,11.91,13,1.28,,
7586,338,10.797,17,1.28,,
7601,339,10.057,15,1.29,,
7615,340,9.254,14,1.29,,
7637,341,14.509,22,1.29,,
7682,342,33.808,45,1.3,,
7726,343,33.584,44,1.31,,
7760,344,46.098,34,1.31,,
7777,345,15.165,17,1.31,,
7802,346,9.997,25,1.32,,
7840,347,19.495,38,1.32,,
7870,348,18.083,30,1.33,,
7891,349,12.053,21,1.33,,
7910,350,15.497,19,1.33,,
7922,351,8.851,12,1.34,,
7938,352,9.869,16,1.34,,
7978,353,31.282,40,1.34,,
7994,354,9.393,16,1.35,,
8017,355,6.962,23,1.35,,
8035,356,17.526,18,1.35,,
8066,357,39.289,31,1.36,,
8080,358,14.246,14,1.36,,
8101,359,15.576,21,1.36,,
8133,360,15.352,32,1.37,,
8150,361,6.499,17,1.37,,
8169,362,15.118,19,1.37,,
8181,363,5.958,12,1.38,,
8191,364,8.104,10,1.38,,
8209,365,13.876,18,1.38,,
8223,366,8.34,14,1.38,,
8235,367,5.388,12,1.38,,
8249,368,10.839,14,1.39,,
8276,369,23.483,27,1.39,,
8294,370,6.493,18,1.39,,
8308,371,8.634,14,1.4,,
8345,372,41.29,37,1.4,,
8359,373,11.378,14,1.4,,
8385,374,15.405,26,1.41,,
8406,375,20.667,21,1.41,,
8451,376,31.997,45,1.42,,
8463,377,9.808,12,1.42,,
8496,378,37.678,33,1.43,,
8526,379,26.289,30,1.43,,
8539,380,8.335,13,1.43,,
8555,381,10.627,16,1.44,,
8571,382,10.436,16,1.44,,
8595,383,8.443,24,1.44,,
8613,384,13.92,18,1.45,,
8661,385,24.387,48,1.45,,
8688,386,23.183,27,1.46,,
8708,387,10.03,20,1.46,,
8729,388,20.988,21,1.46,,
8743,389,10.117,14,1.47,,
8768,390,13.972,25,1.47,,
8789,391,10.821,21,1.47,,
8809,392,12.944,20,1.48,,
8828,393,16.495,19,1.48,,
8836,394,4.464,8,1.48,,
8849,395,10.564,13,1.48,,
8867,396,13.107,18,1.48,,
8893,397,17.966,26,1.49,,
8913,398,13.173,20,1.49,,
8960,399,67.875,47,1.5,,
8975,400,10.675,15,1.5,,
8990,401,7.463,15,1.5,,
9003,402,6.672,13,1.51,,
9013,403,6.37,10,1.51,,
9024,404,7.283,11,1.51,,
9044,405,10.471,20,1.51,,
9070,406,20.335,26,1.52,,
9114,407,74.126,44,1.52,,
9127,408,8.526,13,1.52,,
9139,409,8.914,12,1.53,,
9176,410,21.929,37,1.53,,
9197,411,17.48,21,1.54,,
9212,412,8.727,15,1.54,,
9224,413,8.126,12,1.54,,
9254,414,13.111,30,1.54,,
9303,415,76.39,49,1.55,,
9320,416,12.168,17,1.55,,
9339,417,8.895,19,1.56,,
9387,418,81.993,48,1.57,,
9402,419,12.012,15,1.57,,
9417,420,11.205,15,1.57,,
9436,421,19.971,19,1.57,,
9455,422,12.171,19,1.58,,
9469,423,9.803,14,1.58,,
9500,424,21.394,31,1.58,,
9513,425,10.722,13,1.59,,
9548,426,35.302,35,1.59,,
9565,427,12.977,17,1.6,,
9586,428,10.128,21,1.6,,
9598,429,8.36,12,1.6,,
9609,430,7.93,11,1.6,,
9626,431,10.367,17,1.6,,
9649,432,15.403,23,1.61,,
9674,433,22.55,25,1.61,,
9698,434,9.742,24,1.62,,
9728,435,26.095,30,1.62,,
9766,436,19.311,38,1.63,,
9797,437,24.891,31,1.63,,
9818,438,18.507,21,1.64,,
9838,439,15.563,20,1.64,,
9872,440,24.863,34,1.64,,
9888,441,15.69,16,1.65,,
9899,442,8.733,11,1.65,,
9926,443,11.891,27,1.65,,
9937,444,9.173,11,1.65,,
9959,445,16.186,22,1.66,,
9994,446,15.814,35,1.66,,
10012,447,8.116,18,2.12,,
10033,448,18.187,21,2.13,,
10042,449,4.58,9,2.13,,
10061,450,11.655,19,2.13,,
10108,451,40.733,47,2.14,,
10141,452,38.984,33,2.15,,
10183,453,29.668,42,2.16,,
10216,454,40.484,33,2.16,,
10229,455,11.55,13,2.16,,
10239,456,7.884,10,2.17,,
10331,457,140.492,92,2.18,,
10348,458,9.118,17,2.18,,
10365,459,9.14,17,2.19,,
10386,460,16.345,21,2.19,,
10400,461,12.221,14,2.19,,
10412,462,2.621,12,2.19,,
10431,463,17.692,19,2.2,,
10449,464,7.638,18,2.2,,
10474,465,24.544,25,2.2,,
10488,466,8.502,14,2.2,,
10505,467,16.356,17,2.21,,
10542,468,17.526,37,2.21,,
10564,469,20.153,22,2.22,,
10594,470,15.865,30,2.22,,
10618,471,16.916,24,2.22,,
10636,472,7.505,18,2.23,,
10645,473,5.208,9,2.23,,
10661,474,13.938,16,2.23,,
10689,475,20.318,28,2.23,,
10715,476,14.276,26,2.24,,
10727,477,6.84,12,2.24,,
10766,478,32.253,39,2.25,,
10786,479,15.939,20,2.25,,
10811,480,28.413,25,2.25,,
10828,481,9.772,17,2.26,,
10842,482,8.952,14,2.26,,
10911,483,81.742,69,2.27,,
10923,484,8.926,12,2.27,,
10948,485,20.671,25,2.28,,
10966,486,8.743,18,2.28,,
10988,487,9.4,22,2.28,,
11008,488,15.148,20,2.29,,
11046,489,44.772,38,2.3,,
11082,490,15.435,36,2.3,,
11107,491,19.236,25,2.31,,
11123,492,9.709,16,2.31,,
11143,493,14.587,20,2.31,,
11165,494,19.27,22,2.32,,
11227,495,47.021,62,2.33,,
11241,496,9.915,14,2.33,,
11256,497,10.947,15,2.33,,
11326,498,107.71,70,2.34,,
11341,499,9.656,15,2.35,,
11366,500,23.47,25,2.35,,
11381,501,4.531,15,2.35,,
11398,502,10.744,17,2.36,,
11416,503,6.994,18,2.36,,
11431,504,11.503,15,2.36,,
11443,505,7.64,12,2.36,,
11459,506,11.206,16,2.36,,
11536,507,114.063,77,2.38,,
11557,508,15.205,21,2.38,,
11572,509,9.661,15,2.38,,
11597,510,18.336,25,2.39,,
11607,511,6.851,10,2.39,,
11674,512,87.201,67,2.4,,
11695,513,7.745,21,2.4,,
11717,514,10.983,22,2.41,,
11738,515,18.083,21,2.41,,
11750,516,9.973,12,2.41,,
11761,517,5.712,11,2.41,,
11793,518,20.486,32,2.42,,
11816,519,11.467,23,2.42,,
11840,520,12.26,24,2.43,,
11859,521,17.629,19,2.43,,
11871,522,8.027,12,2.43,,
11890,523,17.776,19,2.43,,
11903,524,8.025,13,2.43,,
11921,525,15.038,18,2.44,,
11932,526,8.043,11,2.44,,
11957,527,14.483,25,2.44,,
11982,528,17.258,25,2.45,,
12000,529,8.886,18,2.45,,
12057,530,97.957,57,2.46,,
12067,531,6.511,10,2.46,,
12091,532,7.843,24,2.46,,
12108,533,10.526,17,2.47,,
12124,534,11.281,16,2.47,,
12148,535,13.596,24,2.47,,
12165,536,9.076,17,2.48,,
12189,537,16.349,24,2.48,,
12250,538,41.83,61,2.49,,
12275,539,11.189,25,2.49,,
12306,540,25.947,31,2.5,,
12325,541,10.292,19,2.5,,
12342,542,11.391,17,2.5,,
12360,543,17.193,18,2.51,,
12380,544,8.36,20,2.51,,
12423,545,24.206,43,2.52,,
12458,546,25.169,35,2.52,,
12479,547,14.121,21,2.53,,
12494,548,11.662,15,2.53,,
12518,549,25.389,24,2.53,,
12538,550,13.862,20,2.53,,
12552,551,8.112,14,2.54,,
12575,552,8.531,23,2.54,,
12608,553,22.955,33,2.54,,
12625,554,14.608,17,2.55,,
12639,555,8.888,14,2.55,,
12655,556,16.625,16,2.55,,
12668,557,8.052,13,2.55,,
12702,558,44.29,34,2.56,,
12736,559,39.255,34,2.56,,
12749,560,7.868,13,2.57,,
12759,561,5.633,10,2.57,,
12774,562,12.641,15,2.57,,
12786,563,5.937,12,2.57,,
12838,564,83.06,52,2.58,,
12866,565,29.444,28,2.58,,
12879,566,10.648,13,2.59,,
12890,567,6.76,11,2.59,,
12906,568,12.575,16,2.59,,
12921,569,8.589,15,2.59,,
12939,570,18.565,18,2.59,,
12950,571,5.752,11,2.6,,
12981,572,23.731,31,2.6,,
13004,573,26.616,23,2.6,,
13031,574,11.648,27,2.61,,
13046,575,12.633,15,2.61,,
13058,576,8.642,12,2.61,,
13098,577,10.699,40,2.62,,
13128,578,25.376,30,2.62,,
13145,579,15.217,17,2.63,,
13160,580,12.748,15,2.63,,
13212,581,76.138,52,2.64,,
13229,582,12.234,17,2.64,,
13241,583,7.907,12,2.64,,
13256,584,11.094,15,2.64,,
13285,585,28.576,29,2.65,,
13303,586,12.549,18,2.65,,
13322,587,12.35,19,2.65,,
13336,588,8.795,14,2.65,,
13355,589,7.458,19,2.66,,
13386,590,32.665,31,2.66,,
13411,591,11.186,25,2.67,,
13434,592,9.681,23,2.67,,
13478,593,24.865,44,2.68,,
13487,594,5.483,9,2.68,,
13529,595,11.486,42,2.69,,
13546,596,15.216,17,2.69,,
13557,597,4.647,11,2.69,,
13570,598,8.119,13,2.69,,
13619,599,24.986,49,2.7,,
13656,600,42.771,37,2.71,,
13676,601,10.906,20,2.71,,
13692,602,8.302,16,2.71,,
13708,603,7.411,16,2.71,,
13731,604,10.103,23,2.72,,
13750,605,15.552,19,2.72,,
13771,606,16.757,21,2.72,,
13794,607,5.693,23,2.73,,
13815,608,8.052,21,2.73,,
13825,609,7.082,10,2.73,,
13857,610,11.312,32,2.74,,
13872,611,11.966,15,2.74,,
13897,612,14.383,25,2.74,,
13909,613,7.78,12,2.74,,
13939,614,28.44,30,2.75,,
13954,615,11.147,15,2.75,,
13971,616,10.599,17,2.75,,
13980,617,5.229,9,2.76,,
14012,618,17.849,32,2.76,,
14032,619,9.529,20,2.76,,
14049,620,14.912,17,2.77,,
14076,621,18.198,27,2.77,,
14089,622,5.794,13,2.77,,
14102,623,7.997,13,2.77,,
14117,624,12.362,15,2.78,,
14165,625,29.015,48,2.78,,
14183,626,16.784,18,2.79,,
14196,627,7.963,13,2.79,,
14209,628,8.16,13,2.79,,
14224,629,9.735,15,2.79,,
14247,630,11.042,23,2.8,,
14281,631,7.876,34,2.8,,
14292,632,7.98,11,2.8,,
14327,633,29.728,35,2.81,,
14351,634,19.586,24,2.81,,
14386,635,18.864,35,2.82,,
14415,636,27.924,29,2.82,,
14439,637,10.113,24,2.83,,
14453,638,4.871,14,2.83,,
14466,639,10.567,13,2.83,,
14491,640,6.378,25,2.83,,
14499,641,4.183,8,2.84,,
14517,642,14.638,18,2.84,,
14542,643,14.407,25,2.84,,
14558,644,8.976,16,2.84,,
14574,645,13.133,16,2.85,,
14583,646,5.378,9,2.85,,
14594,647,7.609,11,2.85,,
14606,648,9.086,12,2.85,,
14633,649,21.805,27,2.86,,
14646,650,8.318,13,2.86,,
14662,651,11.333,16,2.86,,
14694,652,35.762,32,2.86,,
14710,653,13.636,16,2.87,,
14724,654,5.903,14,2.87,,
14740,655,8.201,16,2.87,,
14758,656,17.783,18,2.88,,
14772,657,7.925,14,2.88,,
14803,658,37.382,31,2.88,,
14817,659,12.031,14,2.88,,
14864,660,63.997,47,2.89,,
14908,661,54.119,44,2.9,,
14923,662,10.991,15,2.9,,
14933,663,5.907,10,2.9,,
14948,664,13.244,15,2.9,,
14964,665,9.874,16,2.91,,
14982,666,14.43,18,2.91,,
15014,667,13.673,32,2.91,,
15032,668,11.225,18,2.92,,
15066,669,18.496,34,2.92,,
15074,670,5.168,8,2.92,,
15118,671,51.617,44,2.93,,
15135,672,12.311,17,2.93,,
15174,673,36.567,39,2.94,,
15210,674,28.501,36,2.95,,
15223,675,10.854,13,2.95,,
15238,676,10.937,15,2.95,,
15253,677,12.642,15,2.95,,
15273,678,8.314,20,2.95,,
15287,679,7.53,14,2.96,,
15306,680,8.019,19,2.96,,
15340,681,25.411,34,2.97,,
15358,682,17.687,18,2.97,,
15380,683,7.825,22,2.97,,
15395,684,6.591,15,2.97,,
15405,685,6.572,10,2.98,,
15427,686,4.575,22,2.98,,
15439,687,7.474,12,2.98,,
15453,688,11.789,14,2.98,,
15473,689,18.899,20,2.99,,
15499,690,26.268,26,2.99,,
15520,691,10.103,21,2.99,,
15533,692,8.637,13,2.99,,
15548,693,6.423,15,3.0,,
15573,694,10.805,25,3.0,,
15590,695,12.219,17,3.0,,
15605,696,8.621,15,3.01,,
15622,697,18.44,17,3.01,,
15651,698,36.641,29,3.01,,
15674,699,14.619,23,3.02,,
15691,700,8.463,17,3.02,,
15701,701,7.109,10,3.02,,
15721,702,10.368,20,3.02,,
15766,703,65.36,45,3.03,,
15776,704,5.39,10,3.03,,
15790,705,11.89,14,3.03,,
15800,706,5.244,10,3.03,,
15814,707,11.057,14,3.04,,
15848,708,27.396,34,3.04,,
15913,709,77.797,65,3.05,,
15934,710,8.394,21,3.06,,
15957,711,15.574,23,3.06,,
16000,712,42.435,43,3.07,,
16021,713,14.974,21,3.07,,
16034,714,8.403,13,3.07,,
16071,715,18.005,37,3.08,,
16119,716,40.257,48,3.09,,
16132,717,7.987,13,3.09,,
16158,718,15.854,26,3.09,,
16180,719,22.396,22,3.09,,
16198,720,13.423,18,3.1,,
16217,721,17.519,19,3.1,,
16237,722,9.541,20,3.1,,
16253,723,8.313,16,3.11,,
16273,724,16.266,20,3.11,,
16286,725,9.243,13,3.11,,
16296,726,6.336,10,3.11,,
16315,727,10.329,19,3.12,,
16325,728,6.764,10,3.13,,
16349,729,11.58,24,3.13,,
16365,730,12.869,16,3.13,,
16390,731,5.323,25,3.14,,
16406,732,14.929,16,3.14,,
16445,733,38.348,39,3.15,,
16464,734,12.497,19,3.15,,
16486,735,20.329,22,3.16,,
16504,736,12.965,18,3.16,,
16576,737,127.586,72,3.17,,
16593,738,10.891,17,3.17,,
16640,739,36.394,47,3.18,,
16653,740,10.312,13,3.18,,
16685,741,9.311,32,3.19,,
16702,742,15.285,17,3.19,,
16712,743,4.55,10,3.19,,
16753,744,55.375,41,3.2,,
16771,745,14.381,18,3.2,,
16800,746,18.157,29,3.21,,
16820,747,12.303,20,3.21,,
16829,748,4.002,9,3.21,,
16849,749,11.497,20,3.21,,
16918,750,96.468,69,3.22,,
16939,751,15.449,21,3.23,,
16953,752,5.81,14,3.23,,
16980,753,26.232,27,3.23,,
17003,754,16.388,23,3.24,,
17018,755,14.898,15,3.24,,
17049,756,29.498,31,3.25,,
17079,757,21.79,30,3.25,,
17104,758,15.586,25,3.25,,
17119,759,6.308,15,3.26,,
17144,760,11.14,25,3.26,,
17158,761,9.783,14,3.26,,
17174,762,13.247,16,3.27,,
17197,763,16.582,23,3.27,,
17211,764,9.638,14,3.27,,
17236,765,23.116,25,3.28,,
17255,766,16.353,19,3.28,,
17269,767,10.387,14,3.28,,
17290,768,12.519,21,3.28,,
17307,769,13.327,17,3.29,,
17328,770,15.286,21,3.29,,
17342,771,10.27,14,3.29,,
17364,772,22.664,22,3.3,,
17375,773,7.317,11,3.3,,
17400,774,28.032,25,3.3,,
17413,775,9.92,13,3.3,,
17431,776,12.854,18,3.31,,
17468,777,41.205,37,3.31,,
17481,778,10.112,13,3.31,,
17511,779,16.62,30,3.32,,
17524,780,6.111,13,3.32,,
17534,781,6.505,10,3.32,,
17556,782,13.743,22,3.33,,
17595,783,19.251,39,3.33,,
17608,784,7.724,13,3.33,,
17621,785,7.726,13,3.34,,
17652,786,23.292,31,3.34,,
17680,787,20.547,28,3.34,,
17698,788,12.802,18,3.35,,
17715,789,15.663,17,3.35,,
17725,790,7.116,10,3.35,,
17767,791,61.497,42,3.36,,
17792,792,17.954,25,3.36,,
17808,793,10.896,16,3.36,,
17838,794,33.381,30,3.37,,
17862,795,21.756,24,3.37,,
17894,796,19.261,32,3.38,,
17915,797,20.583,21,3.38,,
17922,798,2.938,7,3.38,,
17978,799,94.221,56,3.39,,
17990,800,5.713,12,3.39,,
18009,801,15.476,19,3.39,,
18028,802,7.364,19,3.4,,
18056,803,24.702,28,3.4,,
18071,804,9.433,15,3.4,,
18081,805,6.266,10,3.41,,
18095,806,8.742,14,3.41,,
18116,807,16.667,21,3.41,,
18127,808,7.694,11,3.41,,
18162,809,46.11,35,3.42,,
18174,810,8.368,12,3.42,,
18187,811,10.071,13,3.43,,
18213,812,10.329,26,3.43,,
18225,813,9.145,12,3.43,,
18249,814,10.551,24,3.44,,
18278,815,9.052,29,3.45,,
18293,816,7.446,15,3.45,,
18308,817,13.6,15,3.46,,
18328,818,21.46,20,3.46,,
18362,819,25.092,34,3.47,,
18384,820,16.044,22,3.47,,
18430,821,53.11,46,3.48,,
18441,822,7.326,11,3.48,,
18487,823,23.134,46,3.49,,
18503,824,11.774,16,3.49,,
18521,825,16.327,18,3.49,,
18528,826,2.822,7,3.49,,
18542,827,9.379,14,3.49,,
18558,828,4.467,16,3.5,,
18572,829,10.153,14,3.5,,
18596,830,27.214,24,3.5,,
18610,831,9.264,14,3.51,,
18637,832,27.957,27,3.51,,
18652,833,13.764,15,3.51,,
18664,834,8.905,12,3.51,,
18694,835,19.443,30,3.52,,
18717,836,10.313,23,3.52,,
18759,837,16.599,42,3.53,,
18773,838,4.77,14,3.53,,
18793,839,14.389,20,3.53,,
18838,840,41.451,45,3.54,,
18863,841,26.452,25,3.54,,
18874,842,7.401,11,3.55,,
18896,843,11.807,22,3.55,,
18913,844,11.394,17,3.55,,
18928,845,11.459,15,3.55,,
18940,846,8.14,12,3.56,,
18955,847,12.114,15,3.56,,
18969,848,11.885,14,3.56,,
19001,849,26.633,32,3.57,,
19025,850,13.663,24,3.57,,
19047,851,21.039,22,3.57,,
19063,852,12.691,16,3.58,,
19083,853,22.696,20,3.58,,
19102,854,13.193,19,3.58,,
19119,855,12.53,17,3.58,,
19134,856,7.488,15,3.59,,
19149,857,10.448,15,3.59,,
19160,858,5.825,11,3.59,,
19178,859,9.822,18,3.59,,
19189,860,6.096,11,3.6,,
19207,861,10.68,18,3.6,,
19226,862,10.205,19,3.6,,
19246,863,13.457,20,3.6,,
19271,864,16.308,25,3.61,,
19282,865,5.826,11,3.61,,
19295,866,8.543,13,3.61,,
19324,867,24.526,29,3.62,,
19337,868,8.677,13,3.62,,
19349,869,7.395,12,3.62,,
19364,870,11.892,15,3.62,,
19385,871,12.996,21,3.62,,
19395,872,5.915,10,3.63,,
19423,873,12.427,28,3.63,,
19451,874,28.761,28,3.63,,
19477,875,11.159,26,3.64,,
19492,876,7.197,15,3.64,,
19508,877,8.878,16,3.64,,
19542,878,10.027,34,3.65,,
19553,879,5.344,11,3.65,,
19582,880,27.437,29,3.65,,
19612,881,7.492,30,3.66,,
19622,882,7.499,10,3.66,,
19639,883,12.364,17,3.66,,
19656,884,8.854,17,3.67,,
19675,885,16.058,19,3.67,,
19689,886,10.749,14,3.67,,
19703,887,9.726,14,3.67,,
19725,888,10.504,22,3.68,,
19746,889,6.676,21,3.68,,
19756,890,6.428,10,3.68,,
19769,891,11.586,13,3.68,,
19806,892,11.529,37,3.69,,
19820,893,12.012,14,3.69,,
19832,894,8.109,12,3.69,,
19844,895,6.431,12,3.69,,
19868,896,20.501,24,3.7,,
19884,897,8.549,16,3.7,,
19912,898,8.691,28,3.7,,
19923,899,6.48,11,3.71,,
19954,900,8.707,31,3.71,,
19994,901,28.161,40,3.72,,
20022,902,15.039,28,4.08,,
20037,903,11.768,15,4.08,,
20055,904,10.454,18,4.08,,
20077,905,21.222,22,4.09,,
20098,906,19.615,21,4.09,,
20127,907,14.071,29,4.1,,
20136,908,6.896,9,4.1,,
20154,909,9.676,18,4.1,,
20175,910,14.91,21,4.1,,
20185,911,6.703,10,4.11,,
20197,912,8.787,12,4.11,,
20211,913,9.419,14,4.11,,
20225,914,9.039,14,4.11,,
20237,915,5.74,12,4.11,,
20258,916,14.734,21,4.12,,
20275,917,14.282,17,4.12,,
20289,918,12.505,14,4.12,,
20302,919,8.606,13,4.12,,
20319,920,14.642,17,4.13,,
20367,921,61.856,48,4.13,,
20383,922,8.977,16,4.14,,
20399,923,8.944,16,4.14,,
20419,924,13.294,20,4.14,,
20439,925,5.335,20,4.15,,
20452,926,8.211,13,4.15,,
20468,927,5.233,16,4.15,,
20489,928,19.227,21,4.15,,
20504,929,8.189,15,4.15,,
20517,930,7.376,13,4.16,,
20530,931,6.369,13,4.16,,
20546,932,14.408,16,4.16,,
20596,933,22.531,50,4.17,,
20621,934,20.486,25,4.17,,
20640,935,17.26,19,4.18,,
20662,936,17.862,22,4.18,,
20677,937,13.116,15,4.18,,
20695,938,15.569,18,4.18,,
20716,939,10.971,21,4.19,,
20764,940,81.872,48,4.19,,
20780,941,7.165,16,4.2,,
20813,942,39.65,33,4.2,,
20840,943,17.505,27,4.21,,
20850,944,5.418,10,4.21,,
20868,945,8.969,18,4.21,,
20882,946,9.697,14,4.21,,
20895,947,9.021,13,4.22,,
20911,948,15.46,16,4.22,,
20949,949,34.577,38,4.22,,
20960,950,4.679,11,4.23,,
20981,951,14.422,21,4.23,,
21021,952,14.256,40,4.24,,
21046,953,11.719,25,4.24,,
21063,954,12.457,17,4.24,,
21079,955,12.905,16,4.24,,
21111,956,42.522,32,4.25,,
21129,957,12.256,18,4.25,,
21145,958,11.386,16,4.25,,
21158,959,6.648,13,4.26,,
21196,960,22.74,38,4.26,,
21214,961,11.932,18,4.26,,
21233,962,20.025,19,4.27,,
21248,963,9.376,15,4.27,,
21257,964,4.71,9,4.27,,
21274,965,8.829,17,4.27,,
21291,966,7.512,17,4.28,,
21319,967,10.822,28,4.28,,
21329,968,7.005,10,4.28,,
21352,969,26.413,23,4.29,,
21365,970,8.946,13,4.29,,
21376,971,6.761,11,4.29,,
21389,972,9.462,13,4.29,,
21410,973,21.03,21,4.3,,
21431,974,22.287,21,4.3,,
21456,975,29.139,25,4.3,,
21470,976,8.588,14,4.3,,
21491,977,14.842,21,4.31,,
21503,978,8.508,12,4.31,,
21521,979,9.127,18,4.31,,
21542,980,5.75,21,4.32,,
21573,981,8.311,31,4.32,,
21599,982,22.07,26,4.33,,
21614,983,11.924,15,4.33,,
21636,984,22.233,22,4.33,,
21660,985,23.715,24,4.34,,
21673,986,11.232,13,4.34,,
21709,987,30.276,36,4.34,,
21728,988,13.566,19,4.35,,
21746,989,13.827,18,4.35,,
21769,990,20.35,23,4.35,,
21790,991,13.341,21,4.36,,
21805,992,12.897,15,4.36,,
21813,993,4.801,8,4.36,,
21848,994,41.317,35,4.37,,
21866,995,14.118,18,4.37,,
21919,996,32.485,53,4.38,,
21949,997,18.702,30,4.38,,
21975,998,11.777,26,4.39,,
21999,999,18.133,24,4.39,,
22010,1000,6.659,11,4.39,,
22033,1001,26.518,23,4.39,,
22052,1002,14.366,19,4.4,,
22068,1003,14.725,16,4.4,,
22083,1004,14.39,15,4.4,,
22101,1005,11.321,18,4.41,,
22117,1006,15.057,16,4.41,,
22134,1007,12.466,17,4.41,,
22167,1008,28.588,33,4.42,,
22178,1009,8.327,11,4.42,,
22231,1010,56.507,53,4.43,,
22263,1011,28.416,32,4.43,,
22280,1012,13.518,17,4.43,,
22303,1013,19.359,23,4.44,,
22319,1014,8.479,16,4.44,,
22347,1015,9.229,28,4.44,,
22373,1016,29.984,26,4.45,,
22403,1017,10.884,30,4.45,,
22433,1018,26.063,30,4.46,,
22452,1019,16.298,19,4.46,,
22466,1020,11.724,14,4.46,,
22477,1021,7.654,11,4.46,,
22510,1022,13.754,33,4.47,,
22530,1023,20.125,20,4.47,,
22545,1024,10.542,15,4.48,,
22560,1025,8.129,15,4.49,,
22573,1026,7.696,13,4.49,,
22583,1027,6.809,10,4.49,,
22603,1028,14.568,20,4.49,,
22637,1029,32.491,34,4.5,,
22661,1030,18.841,24,4.51,,
22674,1031,11.567,13,4.51,,
22757,1032,107.245,83,4.52,,
22768,1033,8.868,11,4.52,,
22779,1034,8.057,11,4.53,,
22807,1035,17.377,28,4.54,,
22826,1036,18.686,19,4.54,,
22835,1037,4.814,9,4.54,,
22846,1038,7.369,11,4.54,,
22896,1039,44.878,50,4.55,,
22919,1040,11.082,23,4.56,,
22941,1041,23.819,22,4.56,,
22957,1042,14.331,16,4.56,,
22969,1043,7.838,12,4.57,,
22999,1044,34.549,30,4.57,,
23025,1045,12.83,26,4.57,,
23042,1046,7.397,17,4.58,,
23055,1047,7.674,13,4.58,,
23070,1048,12.16,15,4.58,,
23080,1049,5.369,10,4.58,,
23095,1050,12.025,15,4.58,,
23111,1051,13.626,16,4.59,,
23127,1052,15.52,16,4.59,,
23146,1053,18.093,19,4.59,,
23158,1054,7.972,12,4.59,,
23205,1055,46.356,47,4.6,,
23220,1056,12.381,15,4.6,,
23254,1057,32.4,34,4.61,,
23275,1058,19.101,21,4.61,,
23345,1059,70.556,70,4.62,,
23379,1060,40.51,34,4.63,,
23393,1061,9.398,14,4.63,,
23421,1062,22.612,28,4.63,,
23438,1063,13.637,17,4.64,,
23449,1064,8.96,11,4.64,,
23461,1065,8.889,12,4.64,,
23491,1066,31.686,30,4.64,,
23509,1067,9.278,18,4.65,,
23526,1068,13.864,17,4.65,,
23550,1069,24.864,24,4.65,,
23578,1070,8.737,28,4.66,,
23595,1071,11.481,17,4.66,,
23625,1072,26.01,30,4.66,,
23638,1073,9.672,13,4.67,,
23681,1074,47.536,43,4.67,,
23707,1075,10.442,26,4.68,,
23734,1076,12.464,27,4.68,,
23746,1077,10.237,12,4.68,,
23757,1078,7.934,11,4.69,,
23769,1079,7.048,12,4.69,,
23800,1080,19.814,31,4.69,,
23830,1081,21.481,30,4.7,,
23852,1082,10.344,22,4.7,,
23864,1083,8.162,12,4.7,,
23888,1084,27.251,24,4.71,,
23905,1085,10.557,17,4.71,,
23933,1086,9.623,28,4.71,,
23965,1087,6.754,32,4.72,,
23984,1088,10.718,19,4.72,,
24050,1089,69.821,66,4.73,,
24089,1090,29.563,39,4.74,,
24116,1091,10.043,27,4.74,,
24127,1092,8.506,11,4.74,,
24168,1093,22.724,41,4.75,,
24179,1094,6.553,11,4.75,,
24189,1095,6.612,10,4.75,,
24200,1096,6.846,11,4.75,,
24210,1097,7.136,10,4.75,,
24243,1098,53.492,33,4.76,,
24264,1099,20.437,21,4.76,,
24274,1100,5.505,10,4.76,,
24299,1101,11.954,25,4.77,,
24315,1102,11.7,16,4.77,,
24325,1103,6.671,10,4.77,,
24339,1104,9.112,14,4.77,,
24354,1105,9.964,15,4.78,,
24369,1106,9.157,15,4.78,,
24381,1107,6.618,12,4.78,,
24390,1108,5.694,9,4.78,,
24409,1109,16.88,19,4.78,,
24429,1110,13.977,20,4.79,,
24457,1111,20.649,28,4.79,,
24480,1112,18.362,23,4.8,,
24503,1113,21.953,23,4.8,,
24529,1114,20.149,26,4.8,,
24543,1115,11.652,14,4.8,,
24562,1116,6.895,19,4.81,,
24583,1117,9.609,21,4.81,,
24599,1118,5.37,16,4.81,,
24626,1119,25.969,27,4.82,,
24664,1120,30.505,38,4.82,,
24678,1121,10.082,14,4.82,,
24692,1122,10.361,14,4.83,,
24707,1123,7.201,15,4.83,,
24729,1124,14.968,22,4.83,,
24747,1125,9.51,18,4.84,,
24762,1126,14.523,15,4.84,,
24775,1127,8.773,13,4.84,,
24787,1128,8.949,12,4.84,,
24811,1129,27.542,24,4.84,,
24822,1130,7.21,11,4.85,,
24838,1131,10.106,16,4.85,,
24919,1132,115.063,81,4.86,,
24940,1133,8.632,21,4.87,,
24955,1134,11.065,15,4.87,,
24988,1135,25.249,33,4.87,,
25017,1136,11.436,29,5.16,0.709595,-0.419319
25030,1137,4.782,13,5.24,0.360331,-0.532022
25041,1138,2.103,11,5.33,0.243123,-0.619449
25051,1139,1.319,10,5.4,0.158384,-0.680075
25061,1140,0.768,10,5.48,0.108835,-0.656913
25071,1141,-0.371,10,5.56,0.069521,-0.710471
25080,1142,0.557,9,5.61,0.073487,-0.669857
25090,1143,0.154,10,5.67,0.062414,-0.732405
25099,1144,0.519,9,5.73,0.059567,-0.743973
25109,1145,-0.616,10,5.81,0.062022,-0.771051
25119,1146,-0.343,10,5.88,0.068074,-0.756904
25130,1147,-0.504,11,5.95,0.065849,-0.782254
25148,1148,-1.633,18,6.09,0.061703,-0.882462
25166,1149,-1.753,18,6.21,0.056551,-1.004404
25184,1150,-2.126,18,6.32,0.058916,-1.029242
25202,1151,-1.873,18,6.45,0.058566,-1.07016
25220,1152,-1.673,18,6.57,0.073076,-1.057392
25238,1153,-1.747,18,6.69,0.066359,-1.135717
25256,1154,-2.034,18,6.8,0.06076,-1.122703
25274,1155,-2.161,18,6.92,0.06066,-1.193455
25292,1156,-2.246,18,7.04,0.068505,-1.196416
25310,1157,-2.121,18,7.15,0.074957,-1.227895
25328,1158,-1.895,18,7.26,0.059112,-1.241925
25346,1159,-2.308,18,7.38,0.077012,-1.288251
25364,1160,-1.905,18,7.49,0.094417,-1.268334
25382,1161,-2.068,18,7.6,0.080422,-1.30584
25400,1162,-2.156,18,7.72,0.080685,-1.366469
25418,1163,-2.001,18,7.84,0.086258,-1.406632
25435,1164,-1.784,17,7.94,0.089314,-1.420603
25453,1165,-2.29,18,8.05,0.09782,-1.477617
25471,1166,-2.093,18,8.16,0.093421,-1.489715
25489,1167,-1.985,18,8.28,0.106305,-1.545268
25507,1168,-2.051,18,8.39,0.098962,-1.568498
25525,1169,-1.847,18,8.51,0.106298,-1.56946
25544,1170,-2.602,19,8.64,0.123454,-1.611778
25562,1171,-2.343,18,8.75,0.122571,-1.634484
25580,1172,-2.013,18,8.86,0.125309,-1.660385
25599,1173,-2.111,19,8.98,0.118767,-1.736295
25629,1174,49.719,30,9.16,0.109724,-1.985269
25651,1175,37.848,22,9.32,0.13432,-2.055483
25674,1176,39.144,23,9.46,0.131108,-2.110084
25697,1177,39.071,23,9.62,0.131787,-2.1736
25719,1178,38.06,22,9.77,0.171143,-2.176785
25741,1179,37.341,22,9.91,0.177521,-2.219465
25763,1180,37.875,22,10.05,0.17465,-2.271482
25785,1181,38.024,22,10.21,0.17311,-2.262615
25807,1182,37.616,22,10.36,0.198119,-2.372084
25829,1183,37.909,22,10.51,0.212566,-2.373863
25852,1184,39.186,23,10.67,0.213616,-2.494036
25874,1185,37.484,22,10.81,0.232294,-2.549985
25896,1186,37.632,22,10.95,0.203811,-2.650499
25918,1187,37.967,22,11.08,0.252848,-2.719478
25940,1188,37.95,22,11.22,0.215327,-2.826059
25962,1189,37.45,22,11.35,0.290782,-2.76244
25985,1190,39.737,23,11.49,0.275672,-2.857881
26007,1191,37.633,22,11.63,0.303727,-2.977262
26029,1192,37.527,22,11.76,0.351447,-3.060898
26052,1193,38.931,23,11.9,0.293092,-3.08082
26075,1194,38.967,23,12.04,0.336377,-3.128215
26097,1195,38.069,22,12.17,0.351604,-3.234403
26119,1196,37.802,22,12.3,0.345337,-3.198157
26141,1197,37.854,22,12.43,0.36425,-3.34584
26163,1198,37.792,22,12.57,0.396462,-3.41208
26185,1199,37.617,22,12.71,0.384897,-3.495739
26208,1200,39.132,23,12.85,0.413132,-3.464165
26231,1201,39.096,23,13.0,0.429035,-3.556058
26253,1202,37.381,22,13.13,0.473477,-3.639544
26275,1203,37.543,22,13.27,0.511135,-3.692756
26297,1204,37.924,22,13.4,0.42593,-3.740129
26320,1205,39.003,23,13.54,0.453447,-3.841362
26342,1206,37.787,22,13.67,0.512782,-3.894798
26364,1207,37.233,22,13.8,0.483788,-3.933352
26386,1208,37.785,22,13.93,0.521628,-4.048695
26408,1209,37.883,22,14.07,0.542959,-4.022511
26430,1210,37.595,22,14.2,0.582587,-4.116719
26452,1211,37.587,22,14.34,0.583976,-4.131704
26474,1212,37.275,22,14.48,0.623893,-4.282996
26497,1213,39.344,23,14.62,0.571981,-4.310737
26520,1214,39.746,23,14.76,0.530901,-4.382316
26571,1215,88.221,51,15.08,0.616655,-4.552858
26587,1216,22.063,16,15.19,0.641709,-4.714188
26609,1217,33.979,22,15.35,0.701762,-4.741425
26694,1218,167.025,85,16.01,0.684606,-4.886277
26781,1219,169.153,87,16.76,0.775067,-5.162307
26867,1220,175.402,86,17.44,0.787985,-5.504014
26947,1221,157.92,80,18.07,0.894382,-5.697585
27009,1222,112.548,62,18.6,1.006256,-6.050255
27082,1223,141.711,73,19.26,1.018549,-6.270837
27147,1224,118.431,65,19.83,1.170557,-6.539416
27211,1225,116.4,64,20.32,1.127732,-6.728203
27272,1226,110.668,61,20.71,1.318695,-6.983387
27339,1227,122.738,67,21.11,1.328536,-7.197385
27408,1228,127.599,69,21.55,1.353168,-7.452814
27483,1229,143.957,75,22.02,1.511623,-7.773479
27565,1230,165.716,82,22.54,1.522146,-8.040662
27652,1231,173.999,87,23.09,1.542952,-8.389462
27738,1232,174.825,86,23.66,1.774561,-8.735954
27824,1233,172.726,86,24.21,1.631521,-9.087278
27911,1234,173.307,87,24.85,1.737753,-9.381285
27999,1235,171.485,88,25.42,1.851293,-9.747444
28086,1236,170.063,87,26.0,2.120835,-10.085768
28173,1237,174.398,87,26.57,2.238478,-10.375114
28259,1238,167.323,86,27.14,2.28405,-10.850432
28346,1239,171.882,87,27.71,2.440382,-11.187105
28433,1240,174.029,87,28.29,2.751499,-11.503239
28519,1241,170.507,86,28.86,2.585294,-11.978138
28605,1242,172.681,86,29.49,2.529193,-12.253608
28692,1243,173.698,87,30.12,2.745937,-12.615103
28779,1244,170.685,87,30.72,3.189854,-13.049385
28866,1245,173.053,87,31.39,3.109672,-13.451586
28953,1246,170.086,87,32.01,3.406842,-13.694909
29040,1247,169.989,87,32.61,3.34077,-14.1725
29132,1248,185.797,92,33.28,3.362814,-14.616237
29225,1249,180.371,93,33.94,4.187498,-15.057477
29317,1250,174.631,92,34.62,3.917263,-15.48947
29398,1251,147.687,81,35.23,4.108319,-15.967605
29491,1252,189.425,93,35.92,4.012662,-16.247119
29586,1253,184.695,95,36.62,4.760352,-16.772605
29669,1254,163.024,83,37.25,4.916366,-17.080968
29762,1255,188.574,93,37.93,4.746999,-17.618398
29852,1256,183.679,90,38.49,4.864818,-18.062607
29932,1257,152.415,80,38.98,5.638588,-18.445449
30004,1258,130.844,72,39.82,5.566926,-18.847618
30073,1259,122.765,69,40.26,5.380449,-19.22205
30168,1260,197.144,95,40.85,5.657056,-19.620808
30265,1261,203.496,97,41.46,6.442295,-20.108272
30365,1262,219.777,100,42.18,6.126924,-20.554183
30464,1263,214.27,99,42.97,6.801718,-20.947516
30575,1264,236.963,111,43.88,7.236888,-21.546747
30683,1265,234.76,108,44.76,7.377357,-22.093218
30794,1266,241.51,111,45.63,7.190813,-22.542781
30896,1267,223.787,102,46.47,8.114792,-23.006644
30997,1268,214.745,101,47.13,8.36189,-23.65104
31095,1269,217.208,98,47.73,8.278479,-24.059525
31199,1270,245.281,104,48.37,8.690992,-24.577263
31303,1271,246.835,104,49.02,9.715363,-25.135388
31408,1272,242.411,105,49.64,9.205122,-25.479311
31497,1273,193.746,89,50.19,8.857156,-26.194335
31597,1274,229.498,100,50.83,10.209551,-26.607793
31683,1275,182.566,86,51.47,9.62158,-27.130652
31765,1276,165.168,82,52.07,11.910851,-27.369746
31848,1277,164.458,83,52.66,9.963383,-28.005949
31929,1278,161.58,81,53.21,11.876109,-28.259342
32011,1279,160.28,82,53.81,11.452408,-28.728395
32093,1280,160.712,82,54.42,12.575883,-29.031134
32174,1281,166.201,81,55.02,13.293274,-29.605527
32257,1282,177.753,83,55.66,12.731802,-29.885502
32339,1283,169.015,82,56.22,12.874328,-30.218099
32420,1284,165.206,81,56.81,12.799521,-30.706032
32519,1285,222.559,99,57.52,13.222266,-31.324815
32602,1286,166.074,83,58.1,12.236852,-31.478571
32686,1287,177.242,84,58.75,13.598622,-31.932488
32768,1288,165.463,82,59.35,15.264366,-32.289007
32849,1289,170.429,81,59.96,13.571506,-32.906841
32972,1290,273.308,123,60.81,14.940504,-33.221354
33078,1291,215.238,106,61.52,15.501746,-33.838683
33196,1292,246.004,118,62.33,15.085127,-34.309438
33322,1293,274.114,126,63.16,14.584305,-34.907447
33445,1294,280.352,123,63.98,14.899376,-35.393385
33562,1295,275.56,117,64.74,15.534088,-36.039326
33689,1296,284.992,127,65.58,16.989109,-36.424408
33806,1297,278.113,117,66.29,16.141286,-36.936028
33928,1298,284.559,122,67.02,16.336734,-37.468747
34052,1299,281.723,124,67.78,16.369596,-38.115117
34183,1300,313.96,131,68.61,17.34502,-38.558117
34295,1301,269.166,112,69.49,18.065664,-39.051837
34422,1302,292.175,127,70.55,18.535866,-39.655561
34537,1303,277.376,115,71.57,16.871753,-40.263339
34645,1304,264.013,108,72.49,18.738241,-40.734737
34765,1305,289.092,120,73.51,19.430115,-41.347078
34870,1306,266.882,105,74.14,19.479163,-41.545303
34971,1307,230.2,101,74.76,19.489165,-42.136471
35081,1308,261.269,110,75.44,20.211912,-42.442907
35209,1309,301.216,128,76.23,19.206028,-43.099248
35315,1310,268.047,106,76.88,19.723033,-43.70903
35425,1311,248.726,110,77.55,20.733397,-44.118914
35523,1312,215.071,98,78.25,20.165451,-44.382991
35623,1313,218.419,100,78.93,19.751613,-44.908367
35725,1314,234.02,102,79.61,22.382609,-45.375938
35832,1315,240.082,107,80.3,20.724913,-45.818511
35934,1316,225.753,102,80.96,22.383338,-46.281076
36039,1317,231.795,105,81.64,21.676284,-46.568346
36140,1318,246.058,101,82.3,23.502843,-47.242962
36241,1319,244.863,101,83.04,22.119507,-47.54577
36347,1320,274.344,106,83.83,23.223763,-47.937882
36473,1321,295.648,126,84.72,23.519877,-48.469582
36568,1322,223.522,95,85.43,22.143461,-48.999379
36697,1323,303.358,129,86.41,21.682651,-49.472045
36806,1324,273.497,109,87.2,24.093738,-49.977935
36913,1325,249.054,107,88.02,22.817494,-50.239034
37015,1326,226.544,102,88.87,24.092371,-50.870082
37134,1327,291.082,119,89.76,25.197433,-51.453261
37246,1328,278.538,112,90.61,26.354287,-51.86131
37343,1329,232.624,97,91.32,23.601212,-52.131994
37436,1330,225.166,93,91.88,23.874868,-52.675091
37529,1331,223.62,93,92.44,26.509422,-52.971347
37651,1332,293.409,122,93.17,25.920841,-53.720713
37777,1333,299.145,126,93.96,26.048031,-54.026518
37877,1334,248.089,100,94.57,27.64679,-54.684014
38000,1335,295.248,123,95.34,26.722538,-54.994341
38128,1336,303.099,128,96.3,27.24112,-55.476692
38258,1337,304.96,130,97.31,27.858804,-56.102113
38382,1338,295.256,124,98.17,27.260544,-56.687881
38481,1339,226.887,99,98.92,27.786062,-56.967501
38580,1340,226.81,99,99.75,27.768732,-57.568319
38684,1341,244.64,104,100.76,28.308734,-57.813202
38782,1342,238.089,98,102.38,28.439504,-58.369309
38890,1343,257.16,108,103.22,26.802759,-58.699013
39012,1344,290.127,122,103.98,28.114349,-59.024139
39113,1345,247.563,101,104.7,28.910189,-59.611619
39218,1346,264.881,105,105.46,28.944716,-60.032988
39321,1347,226.661,103,106.21,29.137946,-60.797809
39413,1348,214.756,92,106.9,29.022961,-60.981772
39509,1349,233.591,96,107.65,29.257259,-61.621346
39611,1350,238.663,102,108.39,28.869545,-61.957901
39722,1351,233.752,111,109.24,30.875466,-62.090394
39826,1352,232.091,104,110.07,29.680928,-62.654946
39914,1353,200.044,88,110.77,31.906995,-63.022111
40021,1354,237.949,107,112.18,29.942047,-63.234873
40137,1355,243.103,116,113.07,32.114874,-63.721274
40252,1356,245.459,115,113.82,31.581316,-64.049326
40364,1357,260.717,112,114.52,28.912528,-64.609164
40467,1358,229.181,103,115.19,32.37126,-64.896752
40571,1359,243.242,104,115.89,35.276813,-65.135691
40670,1360,233.34,99,116.53,31.119025,-65.699612
40765,1361,233.517,95,117.15,31.890341,-65.917551
40861,1362,236.802,96,117.76,30.080007,-66.316024
40963,1363,250.071,102,118.36,31.84379,-66.502953
41059,1364,241.384,96,118.93,32.93056,-67.001687
41162,1365,246.752,103,119.56,32.276112,-67.420271
41279,1366,256.703,117,120.24,32.777949,-67.657189
41391,1367,267.306,112,120.9,33.111058,-68.302964
41502,1368,249.577,111,121.55,35.163279,-68.536019
41614,1369,256.969,112,122.44,35.232055,-68.646561
41729,1370,256.308,115,123.41,33.221805,-69.274226
41832,1371,246.967,103,124.29,34.516038,-69.787612
41949,1372,263.024,117,125.3,33.877447,-70.213502
42050,1373,227.986,101,126.17,35.863475,-70.378114
42156,1374,256.218,106,126.95,33.898422,-70.477695
42266,1375,238.988,110,127.59,35.688848,-71.069596
42380,1376,257.239,114,128.29,35.269249,-71.463733
42474,1377,199.414,94,128.85,36.030808,-72.018428
42562,1378,181.65,88,129.4,35.471763,-72.275209
42661,1379,219.418,99,130.0,34.222376,-72.432418
42741,1380,156.464,80,130.5,32.279241,-72.795336
42843,1381,230.864,102,131.19,35.682891,-73.046422
42946,1382,232.142,103,131.87,35.460934,-73.376638
43060,1383,258.019,114,132.66,35.433768,-73.524629
43168,1384,243.5,108,133.37,35.720385,-73.839426
43268,1385,222.036,100,134.01,33.643782,-74.494096
43361,1386,193.935,93,134.57,35.741803,-74.911025
43465,1387,227.054,104,135.2,34.738736,-74.963338
43549,1388,166.668,84,135.75,34.020662,-75.049313
43660,1389,258.05,111,136.47,35.665843,-75.380086
43754,1390,209.294,94,137.11,34.631955,-75.878605
43864,1391,254.535,110,137.82,38.789537,-76.217802
43967,1392,233.312,103,138.51,36.919219,-76.293757
44082,1393,252.859,115,139.3,33.759479,-76.523284
44109,1394,46.289,27,139.48,33.385116,-76.789325
44206,1395,216.512,97,140.17,36.175211,-77.208049
44310,1396,242.983,104,140.95,35.728839,-77.614232
44413,1397,236.019,103,141.71,35.05747,-77.796837
44527,1398,271.301,114,142.57,36.35768,-78.407572
44639,1399,258.963,112,143.42,36.5749,-78.526651
44717,1400,152.285,78,143.99,33.735189,-78.623701
44794,1401,147.065,77,144.52,38.655047,-78.974188
44820,1402,43.17,26,144.71,39.426806,-79.407969
44898,1403,152.064,78,145.19,39.423563,-79.288819
45008,1404,259.211,110,145.92,41.137969,-79.696843
45091,1405,168.153,83,146.5,36.481397,-79.872952
45171,1406,159.189,80,147.0,37.061796,-80.278542
45268,1407,214.773,97,147.59,38.735573,-80.325069
45345,1408,150.994,77,148.09,38.580415,-81.005238
45426,1409,160.098,81,148.63,37.791906,-81.078865
45532,1410,248.137,106,149.3,39.405514,-81.049232
45609,1411,151.054,77,149.79,40.338301,-81.414644
45688,1412,154.839,79,150.3,36.567116,-81.882712
45795,1413,252.244,107,150.97,37.268158,-81.975863
45879,1414,169.967,84,151.49,38.814246,-81.963147
45961,1415,164.043,82,152.03,41.076273,-82.081489
46038,1416,150.187,77,152.5,38.257225,-82.645309
46124,1417,178.072,86,153.09,42.192606,-82.64574
46220,1418,216.85,96,153.74,37.181076,-83.390481
46325,1419,268.218,105,154.48,40.002758,-83.437273
46405,1420,158.382,80,155.03,36.836642,-83.376357
46502,1421,221.648,97,155.81,35.603071,-83.954296
46609,1422,256.219,107,156.57,40.704946,-83.903338
46718,1423,258.407,109,157.38,41.49804,-84.409007
46829,1424,264.161,111,158.13,39.100659,-84.907832
46939,1425,281.863,110,158.85,38.11972,-85.27859
47015,1426,149.007,76,159.34,42.153861,-84.91986
47124,1427,253.284,109,160.05,39.133257,-85.82684
47201,1428,149.697,77,160.53,37.925607,-86.31261
47296,1429,212.024,95,161.16,40.149585,-85.989161
47383,1430,178.091,87,161.82,40.854204,-86.393757
47463,1431,161.025,80,162.39,39.157116,-86.91846
47579,1432,296.786,116,163.22,40.398642,-87.236763
47656,1433,151.568,77,163.82,42.263222,-87.313168
47737,1434,162.474,81,164.43,40.554382,-87.44344
47829,1435,191.795,92,165.11,41.038634,-87.740212
47945,1436,277.877,116,166.0,41.516408,-88.155058
48021,1437,150.252,76,166.55,40.111089,-88.684886
48124,1438,236.568,103,167.25,40.335184,-88.657334
48228,1439,238.987,104,167.96,39.703988,-88.777031
48304,1440,150.544,76,168.49,38.896364,-89.103332
48418,1441,264.812,114,169.29,41.394547,-89.605022
48495,1442,153.402,77,169.8,43.287129,-89.587475
48574,1443,157.188,79,170.3,39.072358,-89.595603
48651,1444,153.517,77,170.8,36.004289,-90.603959
48759,1445,251.34,108,171.45,42.90039,-90.224266
48859,1446,225.919,100,172.06,43.933773,-90.504847
48935,1447,149.206,76,172.53,43.851228,-90.953521
49012,1448,152.208,77,172.99,38.248607,-91.308992
49093,1449,163.975,81,173.47,46.41408,-91.349237
49192,1450,221.867,99,174.07,40.438503,-91.816048
49267,1451,147.227,75,174.52,37.907527,-91.921943
49376,1452,245.492,109,175.19,40.175362,-92.361625
49485,1453,240.765,109,176.03,42.579129,-92.245714
49594,1454,250.305,109,176.82,42.894521,-92.982059
49685,1455,181.58,91,177.52,44.891147,-93.25909
49783,1456,229.307,98,178.25,43.540328,-93.476283
49889,1457,249.468,106,179.09,43.073361,-93.530189
49999,1458,230.406,110,179.94,44.581249,-93.960719
50085,1459,179.573,86,181.09,41.598901,-94.228839
50195,1460,283.015,110,181.79,45.295968,-94.376432
50301,1461,254.903,106,182.44,44.878076,-94.872008
50389,1462,193.656,88,183.04,42.029299,-95.436599
50474,1463,174.392,85,183.56,41.889168,-95.337689
50587,1464,247.072,113,184.34,43.707763,-95.856279
50705,1465,248.171,118,185.12,44.318612,-95.851182
50788,1466,174.206,83,185.71,43.419761,-96.258094
50870,1467,178.055,82,186.24,45.758089,-96.073528
50954,1468,181.986,84,186.81,46.666088,-96.456127
51045,1469,195.611,91,187.39,41.936994,-96.568564
51152,1470,236.38,107,188.12,48.433021,-97.053789
51262,1471,230.845,110,188.9,47.582248,-97.376175
51360,1472,222.515,98,189.63,41.713983,-97.669097
51463,1473,259.586,103,190.39,45.631772,-97.739249
51552,1474,207.123,89,191.07,46.152778,-98.219977
51643,1475,208.039,91,191.72,45.000859,-98.543203
51741,1476,231.65,98,192.37,41.604018,-98.797084
51896,1477,306.824,155,193.42,46.340723,-98.834285
52001,1478,252.771,105,194.14,43.292428,-98.706073
52088,1479,194.274,87,194.75,47.0984,-99.581828
52186,1480,232.503,98,195.43,45.312668,-99.938103
52289,1481,251.405,103,196.16,43.126403,-100.022142
52398,1482,274.062,109,196.92,43.820042,-100.175095
52508,1483,270.521,110,197.69,47.338687,-100.374086
52592,1484,185.997,84,198.27,43.610308,-100.175897
52675,1485,181.306,83,198.84,42.921324,-100.516792
52779,1486,254.079,104,199.56,43.201483,-100.870239
52886,1487,259.933,107,200.3,40.238609,-101.41589
52973,1488,193.338,87,200.9,43.087713,-101.250233
53062,1489,204.2,89,201.49,47.305823,-101.534833
53169,1490,265.739,107,202.23,45.117767,-101.91037
53275,1491,253.406,106,202.99,45.264456,-101.953414
53381,1492,264.594,106,203.79,45.028394,-102.684487
53485,1493,255.947,104,204.57,47.087767,-102.704367
53593,1494,265.224,108,205.34,41.730505,-103.34628
53694,1495,245.547,101,206.05,41.786296,-103.497508
53802,1496,267.331,108,206.81,43.057955,-103.499773
53912,1497,271.727,110,207.56,42.765508,-103.924832
54028,1498,288.066,116,208.33,46.255698,-104.49604
54138,1499,273.377,110,209.05,42.264932,-104.380811
54230,1500,209.356,92,209.69,47.288538,-105.310072
54344,1501,288.135,114,210.48,45.187324,-105.009963
54454,1502,282.676,110,211.22,44.838827,-104.728666
54568,1503,287.952,114,212.01,42.394883,-105.290289
54686,1504,298.929,118,212.82,44.758438,-105.65083
54797,1505,289.274,111,213.62,44.909478,-106.459993
54914,1506,292.998,117,214.44,49.425003,-106.332502
55013,1507,242.018,99,215.14,45.545342,-106.372281
55122,1508,272.327,109,215.93,46.769936,-106.735151
55233,1509,291.064,111,216.72,41.038423,-106.998503
55324,1510,210.044,91,217.38,49.805403,-106.869037
55433,1511,282.717,109,218.14,43.962658,-107.171883
55544,1512,283.831,111,218.95,47.241258,-107.565421
55656,1513,294.457,112,219.73,42.560127,-107.812437
55773,1514,302.52,117,220.56,42.97766,-107.944394
55885,1515,292.452,112,221.35,46.244883,-108.177891
55997,1516,291.887,112,222.12,46.019721,-108.842698
56102,1517,265.159,105,222.88,42.705205,-109.333326
56210,1518,279.112,108,223.64,44.089545,-109.389068
56322,1519,294.763,112,224.42,45.763905,-109.345431
56432,1520,284.182,110,225.14,45.816736,-109.955387
56544,1521,283.175,112,225.91,44.46724,-110.164685
56649,1522,266.403,105,226.57,44.107236,-110.15332
56762,1523,292.247,113,227.23,45.559106,-110.914172
56864,1524,254.057,102,227.84,50.270995,-110.729561
56966,1525,253.585,102,228.48,44.596709,-110.82966
57086,1526,317.592,120,229.2,47.983988,-111.640555
57203,1527,306.626,117,229.96,47.999738,-111.568524
57308,1528,263.117,105,230.69,48.253424,-112.392109
57413,1529,267.668,105,231.45,43.626019,-112.494945
57525,1530,293.476,112,232.26,47.861255,-112.792424
57648,1531,331.508,123,233.13,46.900154,-112.457845
57761,1532,295.582,113,233.96,44.576069,-113.110191
57875,1533,301.747,114,234.8,49.558587,-112.768062
57988,1534,299.139,113,235.61,49.295075,-113.41388
58104,1535,313.039,116,236.42,44.912348,-113.803032
58217,1536,298.357,113,237.21,46.318911,-114.531906
58339,1537,333.926,122,238.05,47.1499,-114.311545
58458,1538,319.264,119,238.84,45.371803,-114.772169
58572,1539,300.465,114,239.55,45.211777,-114.920818
58700,1540,340.055,128,240.38,43.522852,-115.387941
58821,1541,329.827,121,241.22,46.192277,-115.663608
58929,1542,272.602,108,242.0,45.894714,-115.282045
59050,1543,321.571,121,242.87,43.964573,-115.897385
59170,1544,322.454,120,243.73,47.771803,-116.299423
59276,1545,260.639,106,244.49,45.57449,-116.270799
59393,1546,310.189,117,245.27,50.428693,-116.209899
59508,1547,297.027,115,246.02,44.924007,-116.72075
59626,1548,305.282,118,246.8,46.413757,-116.460674
59743,1549,312.589,117,247.57,46.971117,-117.321335
59862,1550,314.702,119,248.33,42.359253,-117.227929
59975,1551,295.997,113,249.06,43.525027,-117.561354
60093,1552,313.654,118,250.57,48.051161,-117.682215
60208,1553,301.622,115,251.41,49.615859,-118.34706
60325,1554,308.77,117,252.29,45.104187,-118.526339
60447,1555,319.364,122,253.19,46.626199,-118.232444
60570,1556,324.469,123,254.11,40.32584,-118.463698
60692,1557,313.337,122,255.02,42.692604,-119.036046
60814,1558,320.627,122,255.97,44.831962,-118.956485
60934,1559,312.692,120,256.87,42.642712,-119.344265
61059,1560,325.705,125,257.86,48.678803,-119.235705
61183,1561,321.927,124,258.78,46.273329,-119.214769
61305,1562,309.443,122,259.57,48.711425,-119.939946
61426,1563,313.079,121,260.32,43.306739,-120.406097
61549,1564,298.05,123,261.08,49.19903,-120.099014
61671,1565,291.405,122,261.85,45.71745,-120.336285
61795,1566,314.91,124,262.65,45.117928,-120.238064
61916,1567,293.737,121,263.53,46.641074,-120.841484
62039,1568,290.706,123,264.55,45.606231,-120.896832
62164,1569,308.149,125,265.54,46.567,-121.185715
62287,1570,301.772,123,266.52,44.639289,-121.204507
62414,1571,304.589,127,267.55,45.154444,-121.289339
62539,1572,302.023,125,268.39,44.131709,-121.713755
62664,1573,302.017,125,269.2,49.020874,-122.177817
62787,1574,298.525,123,270.04,45.823624,-122.078841
62908,1575,299.299,121,270.84,45.849647,-122.147486
63029,1576,286.824,121,271.65,44.811094,-121.837415
63152,1577,293.389,123,272.53,44.260013,-122.644518
63272,1578,290.606,120,273.48,46.948529,-122.86541
63395,1579,299.804,123,274.48,44.215314,-122.733765
63518,1580,299.45,123,275.47,43.930656,-122.57334
63639,1581,291.844,121,276.37,49.666263,-122.60395
63760,1582,295.589,121,277.22,44.545978,-123.428724
63886,1583,290.47,126,278.15,42.64115,-123.678578
64010,1584,308.21,124,279.06,46.108193,-123.484434
64131,1585,299.974,121,279.99,44.61552,-123.63216
64258,1586,301.165,127,280.96,46.493047,-124.19221
64376,1587,285.435,118,281.83,46.864143,-124.356789
64500,1588,299.349,124,282.76,46.495531,-124.424194
64633,1589,296.074,133,283.77,49.748653,-124.490502
64755,1590,299.154,122,284.74,46.390826,-124.88068
64878,1591,300.198,123,285.7,45.798735,-124.641354
65013,1592,304.053,135,286.84,46.356262,-124.617584
65137,1593,303.205,124,287.74,47.616481,-125.409411
65258,1594,304.807,121,288.6,42.683621,-125.17496
65386,1595,300.419,128,289.58,41.47068,-124.713933
65540,1596,312.004,154,290.77,42.819667,-125.526345
65682,1597,273.104,142,291.83,40.685669,-125.447638
65813,1598,303.615,131,292.86,44.496539,-126.38689
65952,1599,266.38,139,293.91,42.586163,-126.295066
66088,1600,302.628,136,294.99,41.796142,-126.340331
66226,1601,280.232,138,296.05,45.828443,-126.286415
66379,1602,315.903,153,297.26,45.129941,-126.52122
66523,1603,306.22,144,298.47,40.445604,-126.969
66672,1604,306.953,149,299.74,43.329068,-126.691564
66805,1605,258.316,133,300.82,44.467379,-127.163314
66938,1606,297.653,133,301.91,44.616471,-127.121881
67075,1607,270.369,137,302.91,43.643059,-127.402559
67210,1608,298.797,135,303.84,48.075245,-128.121356
67349,1609,298.804,139,304.86,47.721375,-127.626537
67489,1610,306.671,140,305.95,50.037383,-128.096083
67608,1611,289.717,119,306.87,40.717719,-127.916071
67732,1612,288.32,124,307.87,46.529708,-128.143185
67871,1613,300.266,139,309.04,43.135535,-129.078568
67997,1614,292.872,126,310.1,46.700906,-127.687679
68128,1615,294.084,131,311.12,45.69642,-128.395886
68245,1616,285.327,117,312.04,39.76436,-128.898439
68363,1617,287.625,118,312.99,44.253589,-128.871889
68486,1618,288.129,123,313.89,44.473155,-129.427092
68603,1619,284.445,117,314.64,44.493072,-129.675284
68720,1620,280.101,117,315.37,47.323939,-128.310287
68840,1621,283.094,120,316.17,41.71493,-129.449721
68965,1622,285.051,125,317.07,45.345509,-129.624151
69084,1623,283.289,119,317.91,45.512627,-129.515112
69208,1624,283.7,124,318.84,43.199698,-129.724927
69330,1625,285.862,122,319.76,45.832197,-129.798176
69445,1626,281.167,115,320.62,40.892551,-129.858734
69558,1627,276.136,113,321.39,40.356014,-129.692737
69673,1628,280.341,115,322.09,42.814859,-129.810904
69785,1629,272.879,112,322.86,39.474392,-129.687215
69900,1630,283.272,115,323.6,46.754165,-129.735936
70014,1631,278.313,114,324.96,41.25055,-129.78506
70128,1632,287.501,114,325.77,43.629393,-129.605445
70243,1633,281.328,115,326.64,45.904651,-130.521712
70359,1634,284.345,116,327.5,46.064955,-130.375036
70477,1635,292.595,118,328.35,41.238459,-130.632172
70596,1636,288.724,119,329.22,42.904691,-130.660842
70712,1637,283.632,116,330.06,43.7252,-130.621389
70828,1638,292.145,116,330.92,41.019718,-129.879596
70941,1639,274.245,113,331.72,45.767257,-130.469029
71057,1640,282.924,116,332.53,40.648716,-130.20573
71173,1641,287.843,116,333.38,38.97551,-130.692054
71291,1642,289.593,118,334.22,40.38645,-130.450177
71412,1643,295.66,121,335.08,39.899811,-130.281783
71534,1644,293.798,122,335.97,37.098024,-129.959462
71655,1645,297.174,121,336.87,38.401085,-130.341813
71776,1646,295.55,121,337.93,40.246762,-130.899832
71898,1647,295.218,122,338.83,39.04282,-130.40498
72018,1648,292.69,120,339.7,40.799843,-130.398211
72144,1649,302.466,126,340.57,39.240554,-130.622108
72263,1650,294.458,119,341.39,37.506554,-131.869782
72384,1651,295.311,121,342.22,38.373824,-130.442555
72504,1652,291.86,120,343.07,45.822973,-130.894887
72625,1653,295.192,121,343.91,37.899636,-131.133299
72751,1654,301.445,126,344.82,41.841523,-130.57056
72872,1655,298.595,121,345.7,45.843323,-131.046044
72997,1656,304.318,125,346.59,44.30317,-130.95492
73117,1657,282.932,120,347.48,42.598843,-131.144253
73246,1658,306.515,129,348.43,41.162607,-130.931919
73365,1659,283.234,119,349.32,45.498425,-131.201697
73490,1660,304.881,125,350.26,40.51992,-131.148173
73617,1661,306.699,127,351.18,42.862596,-131.18137
73743,1662,305.103,126,352.1,37.056219,-130.890526
73866,1663,297.234,123,352.94,37.434086,-130.356505
73989,1664,300.527,123,353.77,39.711684,-131.284622
74110,1665,291.798,121,354.63,43.542641,-131.054125
74235,1666,291.911,125,355.54,42.100355,-130.655591
74359,1667,292.096,124,356.46,39.659332,-131.202509
74485,1668,298.101,126,357.35,41.374727,-130.782273
74608,1669,285.236,123,358.24,37.234085,-131.100001
74730,1670,280.874,122,359.12,41.032118,-130.642337
74856,1671,304.024,126,360.03,44.360494,-131.1361
74982,1672,298.077,126,360.92,37.554862,-131.087154
75109,1673,298.87,127,361.82,41.9939,-131.253495
75239,1674,309.088,130,362.7,40.681082,-131.357196
75361,1675,267.313,122,363.55,44.144785,-131.401835
75479,1676,272.716,118,364.43,41.356077,-131.395987
75603,1677,291.522,124,365.36,41.191697,-130.846933
75723,1678,270.875,120,366.23,38.605821,-131.037407
75854,1679,304.638,131,367.23,40.539735,-131.351219
75978,1680,277.037,124,368.14,42.27635,-131.275543
76101,1681,285.55,123,369.0,41.766381,-130.801805
76235,1682,306.858,134,369.93,40.910493,-131.223339
76355,1683,276.441,120,370.72,39.960511,-131.284986
76478,1684,286.38,123,371.56,45.230066,-131.273239
76602,1685,270.528,124,372.39,38.705395,-131.621125
76727,1686,292.28,125,373.36,41.705424,-131.517489
76852,1687,292.85,125,374.25,38.604702,-131.728261
76975,1688,272.792,123,375.14,38.743721,-131.687992
77100,1689,273.973,125,376.04,40.505081,-131.415898
77223,1690,276.737,123,376.94,41.954729,-131.343141
77346,1691,269.335,123,377.77,39.86153,-132.009937
77474,1692,306.821,128,378.57,38.914612,-131.412314
77591,1693,256.447,117,379.32,38.362695,-131.169238
77716,1694,293.243,125,380.12,38.627827,-131.068548
77847,1695,314.244,131,380.98,40.480629,-131.471584
77976,1696,310.891,129,381.8,37.607014,-131.086341
78108,1697,310.512,132,382.76,40.36807,-131.468838
78237,1698,307.724,129,383.69,36.242235,-131.42552
78368,1699,307.527,131,384.66,39.507841,-131.08699
78496,1700,298.65,128,385.58,38.780017,-131.429188
78625,1701,311.467,129,386.5,36.605749,-131.849853
78754,1702,306.778,129,387.31,42.435676,-131.602351
78882,1703,296.463,128,388.13,41.951015,-132.477575
79010,1704,291.993,128,388.94,38.789074,-132.073101
79142,1705,308.625,132,389.75,40.841118,-131.622224
79274,1706,308.465,132,390.61,41.138737,-131.794494
79404,1707,304.134,130,391.5,39.047372,-132.206039
79529,1708,288.221,125,392.35,37.289551,-131.849111
79659,1709,306.328,130,393.26,39.97692,-131.418451
79785,1710,295.387,126,394.18,40.714093,-132.039167
79917,1711,314.392,132,395.16,37.527717,-131.938316
80040,1712,295.488,123,396.72,39.207422,-132.06992
80173,1713,312.598,133,397.59,41.934315,-131.82853
80298,1714,296.446,125,398.4,40.511259,-131.806035
80417,1715,279.95,119,399.21,39.472996,-132.731817
80543,1716,297.985,126,400.11,40.864556,-132.444749
80673,1717,306.05,130,401.04,36.933872,-131.916195
80801,1718,305.375,128,401.95,40.301668,-131.694552
80923,1719,290.667,122,402.86,40.005505,-132.750162
81055,1720,310.641,132,403.8,42.667285,-132.658681
81184,1721,308.378,129,404.76,39.333767,-132.287346
81311,1722,302.272,127,405.56,37.822129,-133.289391
81435,1723,291.712,124,406.33,38.688626,-133.040571
81561,1724,293.464,126,407.13,44.141022,-132.847005
81683,1725,286.566,122,407.92,39.719944,-132.366717
81803,1726,278.325,120,408.72,40.70182,-132.766174
81918,1727,260.204,115,409.54,39.844705,-132.919442
82043,1728,299.945,125,410.4,42.608388,-132.420935
82158,1729,261.28,115,411.24,41.384135,-133.201125
82286,1730,305.564,128,412.19,42.469926,-132.99347
82401,1731,262.806,115,413.01,42.673307,-133.019333
82523,1732,281.034,122,413.88,39.346611,-133.275191
82651,1733,306.739,128,414.79,40.105508,-133.186932
82772,1734,288.494,121,415.59,37.313673,-133.443395
82890,1735,271.061,118,416.46,39.519084,-133.084256
83009,1736,280.451,119,417.29,41.169456,-133.323192
83129,1737,275.949,120,418.17,40.552489,-133.20489
83254,1738,295.033,125,419.12,39.321172,-133.149411
83372,1739,266.072,118,419.99,35.065688,-133.52823
83488,1740,263.044,116,420.86,41.886463,-133.28866
83604,1741,258.447,116,421.68,39.952586,-133.360976
83718,1742,255.831,114,422.47,41.56551,-133.645321
83833,1743,259.184,115,423.16,41.355505,-133.284459
83954,1744,286.366,121,423.9,36.598041,-134.024773
84073,1745,269.25,119,424.61,41.071044,-134.145761
84190,1746,264.139,117,425.36,39.38632,-133.632302
84299,1747,248.822,109,426.01,41.534822,-133.919606
84401,1748,217.519,102,426.68,40.475943,-133.920168
84485,1749,173.374,84,427.31,39.712751,-134.484709
84608,1750,289.876,123,428.21,44.685266,-134.037603
84728,1751,283.068,120,429.06,40.710277,-134.913168
84812,1752,175.749,84,429.73,47.49224,-133.708063
84928,1753,263.316,116,430.58,38.68086,-134.309727
85042,1754,254.529,114,431.47,43.542963,-133.947158
85140,1755,211.444,98,432.07,38.309278,-134.487758
85250,1756,252.529,110,432.73,41.74912,-134.09201
85363,1757,254.922,113,433.46,41.127394,-134.368294
85487,1758,294.546,124,434.22,39.291883,-134.29234
85607,1759,268.796,120,434.99,40.957733,-134.206857
85727,1760,263.472,120,435.91,42.078245,-134.35841
85846,1761,278.926,119,436.84,37.139811,-134.352135
85955,1762,243.62,109,437.65,42.089799,-134.63034
86067,1763,254.981,112,438.48,41.501533,-134.120646
86188,1764,281.758,121,439.37,37.497658,-134.667848
86304,1765,262.753,116,440.21,39.19068,-134.26267
86419,1766,267.162,115,440.95,38.761308,-134.740389
86543,1767,285.991,124,441.74,38.31803,-134.581341
86662,1768,250.935,119,442.55,40.446457,-134.210765
86797,1769,290.051,135,443.46,40.67563,-134.703909
86915,1770,252.606,118,444.21,36.645916,-134.665054
87047,1771,302.936,132,445.15,42.428129,-134.299442
87175,1772,305.27,128,446.04,37.083645,-134.460223
87293,1773,289.645,118,446.88,35.821148,-134.792657
87419,1774,299.202,126,447.77,41.952761,-134.3005
87537,1775,282.871,118,448.62,40.585317,-134.480068
87668,1776,308.297,131,449.45,38.043714,-134.123754
87796,1777,303.029,128,450.26,37.366681,-134.416291
87923,1778,300.749,127,451.08,36.247631,-134.922546
88053,1779,306.247,130,451.91,38.740133,-134.660605
88180,1780,300.599,127,452.72,43.277214,-134.105152
88308,1781,302.055,128,453.57,36.065361,-133.933336
88436,1782,305.807,128,454.57,36.886697,-134.635623
88559,1783,294.236,123,455.62,38.715855,-134.066943
88687,1784,307.446,128,456.66,40.158372,-133.719031
88815,1785,308.114,128,457.65,37.917998,-134.321665
88936,1786,289.986,121,458.44,36.623524,-133.628001
89064,1787,304.745,128,459.25,36.373828,-133.94432
89189,1788,299.116,125,460.05,36.022776,-134.440326
89318,1789,305.584,129,460.9,33.936752,-133.544823
89441,1790,295.952,123,461.66,34.745053,-133.636285
89568,1791,299.893,127,462.49,36.163082,-134.478182
89695,1792,300.92,127,463.43,35.837143,-133.42563
89812,1793,278.186,117,464.25,34.077338,-134.024298
89939,1794,305.696,127,465.15,35.209361,-134.402606
90065,1795,296.26,126,466.82,35.517106,-133.585303
90191,1796,301.765,126,467.64,38.058027,-133.938046
90314,1797,286.67,123,468.46,37.377349,-133.401781
90440,1798,299.277,126,469.26,36.149105,-134.000445
90564,1799,294.705,124,470.05,36.443889,-133.496344
90689,1800,299.482,125,470.89,33.526118,-134.223733
90817,1801,304.863,128,471.76,34.328105,-132.715811
90947,1802,310.253,130,472.68,36.83875,-133.813425
91074,1803,301.377,127,473.59,34.103391,-133.432131
91207,1804,316.636,133,474.55,33.506901,-133.962346
91335,1805,311.138,128,475.44,32.856041,-132.994257
91459,1806,297.778,124,476.25,33.546534,-133.760177
91585,1807,304.504,126,477.01,34.410326,-133.901699
91708,1808,294.876,123,477.78,32.533455,-133.194102
91837,1809,308.715,129,478.58,34.042527,-133.380608
91962,1810,303.717,125,479.36,35.308093,-133.202246
92086,1811,298.445,124,480.15,36.517022,-133.790207
92207,1812,296.575,121,480.99,35.10552,-134.178341
92328,1813,296.277,121,481.89,31.888202,-133.833187
92452,1814,301.069,124,482.74,31.325162,-133.644841
92577,1815,305.592,125,483.68,30.222954,-134.514057
92701,1816,302.201,124,484.61,35.590848,-134.090085
92824,1817,300.946,123,485.4,33.41385,-133.52206
92947,1818,297.666,123,486.14,36.610009,-133.34238
93073,1819,308.085,126,486.92,32.087345,-133.762132
93192,1820,291.739,119,487.64,32.909586,-133.266706
93314,1821,300.33,122,488.39,30.370065,-133.335487
93438,1822,315.505,124,489.19,37.76141,-132.855041
93563,1823,300.451,125,490.07,33.257774,-133.263271
93686,1824,308.581,123,490.9,36.136029,-132.821901
93808,1825,302.981,122,491.71,33.009372,-133.938113
93930,1826,302.38,122,492.61,32.252767,-133.962085
94056,1827,307.73,126,493.45,33.994776,-133.720085
94176,1828,300.881,120,494.4,34.271537,-133.057066
94299,1829,308.999,123,495.35,32.035818,-133.236595
94422,1830,306.997,123,496.33,32.416345,-133.75268
94542,1831,294.437,120,497.32,32.405259,-133.363109
94664,1832,312.404,122,498.25,32.317646,-133.078682
94782,1833,297.606,118,499.1,31.500378,-133.673062
94900,1834,288.394,118,499.95,34.234515,-133.428624
95022,1835,303.492,122,500.83,34.379309,-133.898044
95142,1836,294.81,120,501.71,35.081581,-133.194031
95262,1837,290.958,120,502.61,28.264607,-133.428098
95385,1838,320.318,123,503.58,29.586725,-133.51619
95508,1839,306.785,123,504.57,32.853952,-133.762124
95628,1840,303.092,120,505.54,31.654888,-133.358527
95751,1841,326.076,123,506.53,31.368672,-133.293283
95870,1842,326.093,119,507.48,29.761881,-134.064623
95994,1843,328.824,124,508.39,31.143427,-132.995292
96113,1844,290.467,119,509.32,27.711985,-133.94272
96235,1845,326.689,122,510.15,28.801151,-134.109486
96356,1846,323.938,121,510.97,30.544156,-133.125132
96477,1847,332.928,121,511.85,28.940524,-133.806767
96601,1848,332.302,124,512.84,28.19695,-132.859406
96722,1849,321.133,121,513.82,30.757643,-133.489837
96842,1850,323.358,120,514.78,29.625737,-133.613421
96961,1851,319.083,119,515.78,33.545789,-132.646425
97084,1852,327.814,123,516.77,32.261523,-133.131388
97200,1853,302.882,116,517.62,34.669225,-133.307112
97321,1854,328.706,121,518.54,27.037845,-133.532196
97445,1855,342.436,124,519.42,28.687537,-133.704256
97570,1856,349.193,125,520.35,31.187486,-133.575899
97692,1857,335.163,122,521.25,28.784277,-133.950065
97808,1858,306.706,116,522.12,31.360853,-133.534133
97932,1859,335.771,124,523.05,28.405897,-133.388533
98047,1860,302.281,115,523.93,28.840885,-133.560412
98170,1861,339.899,123,524.85,29.236183,-133.194695
98292,1862,337.082,122,525.68,28.45875,-133.460306
98417,1863,344.82,125,526.61,26.309731,-133.521416
98540,1864,327.624,123,527.58,29.889421,-134.22575
98656,1865,306.242,116,528.51,27.74658,-134.44119
98779,1866,337.715,123,529.49,27.43078,-133.473571
98902,1867,316.198,123,530.48,29.47033,-133.438203
99021,1868,318.239,119,531.41,27.62032,-133.490971
99167,1869,332.784,146,532.4,30.6019,-133.680329
99296,1870,322.463,129,533.28,28.331963,-133.628656
99438,1871,332.567,142,534.23,31.358772,-133.386758
99568,1872,323.693,130,535.05,29.646365,-133.624072
99682,1873,298.821,114,535.78,29.81935,-133.898308
99800,1874,309.882,118,536.71,28.545851,-133.658317
99964,1875,356.648,164,538.1,29.277322,-133.708336
100084,1876,310.728,120,540.09,28.853856,-134.022691
100224,1877,329.757,140,541.11,27.788998,-133.598779
100339,1878,303.953,115,541.84,28.376404,-133.451925
100455,1879,312.477,116,542.58,29.368139,-133.980658
100587,1880,318.757,132,543.5,25.842449,-133.839925
100737,1881,338.069,150,544.55,27.562989,-133.775084
100905,1882,363.035,168,545.77,28.84451,-134.061809
101031,1883,349.383,126,546.79,29.971866,-134.232184
101184,1884,342.972,153,548.13,33.303267,-134.055672
101350,1885,355.111,166,549.56,29.551859,-134.102709
101551,1886,388.028,201,551.13,27.659174,-133.15688
101738,1887,380.45,187,552.55,27.735043,-133.672029
101869,1888,322.032,131,553.48,25.306195,-134.171198
102035,1889,357.622,166,554.64,27.482799,-133.63209
102247,1890,402.287,212,556.16,29.602012,-133.69862
102410,1891,352.775,163,557.34,27.914872,-134.05695
102580,1892,362.725,170,558.58,27.137743,-134.155208
102786,1893,394.517,206,560.07,29.917511,-133.674205
102992,1894,407.195,206,561.51,28.286842,-133.645425
103155,1895,353.047,163,562.63,26.155225,-133.645032
103317,1896,351.964,162,563.77,29.001911,-134.004305
103507,1897,376.377,190,565.1,28.003352,-133.685783
103719,1898,398.301,212,566.66,28.673955,-134.043733
103916,1899,388.878,197,568.13,25.288798,-134.451867
104085,1900,354.322,169,569.42,28.313373,-134.700712
104250,1901,357.638,165,570.58,27.69201,-133.997705
104405,1902,347.694,155,571.69,27.916604,-134.337499
104593,1903,374.666,188,573.02,27.433711,-133.74149
104757,1904,353.48,164,574.15,30.227437,-134.176903
104905,1905,349.301,148,575.23,30.216265,-134.196847
105041,1906,322.001,136,576.22,25.115645,-133.960687
105204,1907,347.874,163,577.42,25.184527,-134.043356
105347,1908,327.17,143,578.46,26.326123,-133.864748
105521,1909,360.055,174,579.74,27.338294,-134.371114
105699,1910,362.143,178,581.02,27.412138,-133.133729
105886,1911,371.921,187,582.35,29.932118,-133.860332
106060,1912,356.605,174,583.58,27.919152,-134.034057
106235,1913,362.304,175,584.78,27.443106,-133.766406
106408,1914,355.904,173,585.99,27.053763,-133.677593
106553,1915,332.227,145,587.05,27.529824,-133.867145
106681,1916,317.236,128,587.97,26.960007,-133.719257
106806,1917,308.16,125,588.91,29.250793,-134.066133
106944,1918,321.44,138,589.85,27.334564,-134.621048
107076,1919,317.883,132,590.66,27.527774,-133.738563
107204,1920,324.627,128,591.47,22.916954,-132.958313
107353,1921,336.731,149,592.42,22.975755,-133.979704
107478,1922,288.618,125,593.22,24.926009,-133.3745
107607,1923,327.21,129,594.12,28.689551,-133.608799
107735,1924,357.658,128,595.04,26.899744,-133.089471
107856,1925,333.056,121,595.93,26.190374,-133.267917
107981,1926,337.144,125,596.86,24.914537,-133.239474
108111,1927,322.527,130,597.83,25.172938,-133.596895
108232,1928,326.484,121,598.61,26.116422,-133.606181
108353,1929,329.754,121,599.37,26.601997,-133.49077
108491,1930,322.364,138,600.27,28.35383,-133.471718
108615,1931,330.199,124,601.11,25.946316,-133.011504
108745,1932,338.511,130,601.99,25.508352,-134.295885
108870,1933,339.029,125,602.86,28.033808,-134.025028
108995,1934,332.095,125,603.75,29.000759,-133.978519
109120,1935,336.414,125,604.63,23.971233,-133.102668
109248,1936,340.741,128,605.54,25.283021,-134.080429
109372,1937,332.362,124,606.43,30.079845,-133.134434
109501,1938,351.692,129,607.36,27.877567,-133.244286
109623,1939,318.39,122,608.22,26.466738,-133.440695
109748,1940,337.122,125,609.11,30.230812,-133.68914
109872,1941,335.395,124,609.98,24.022806,-133.710621
109996,1942,336.803,124,610.86,27.332369,-132.91301
110122,1943,334.251,126,612.49,27.644289,-133.221138
110245,1944,322.494,123,613.39,27.557913,-133.063402
110372,1945,332.331,127,614.22,27.642477,-133.070997
110496,1946,322.058,124,615.05,28.270216,-133.359025
110615,1947,317.288,119,615.8,27.459135,-133.114603
110747,1948,359.527,132,616.68,27.390456,-132.373228
110874,1949,329.513,127,617.61,23.946139,-133.178674
111001,1950,321.165,127,618.6,26.393654,-133.30663
111125,1951,325.797,124,619.56,28.804397,-133.136454
111251,1952,336.75,126,620.49,26.628891,-134.313475
111378,1953,335.878,127,621.45,24.846639,-133.088942
111505,1954,341.675,127,622.4,27.932723,-133.48744
111631,1955,323.64,126,623.33,27.277664,-132.856055
111757,1956,321.565,126,624.24,25.142106,-133.691208
111882,1957,329.213,125,625.14,29.763776,-133.048083
112007,1958,335.361,125,626.06,27.771275,-132.489811
112130,1959,326.184,123,627.01,24.878602,-132.725795
112261,1960,335.837,131,627.99,26.67838,-133.025724
112386,1961,304.754,125,628.92,26.159599,-132.164905
112511,1962,311.621,125,629.86,26.960498,-132.649245
112636,1963,318.675,125,630.8,20.99433,-133.282356
112767,1964,338.526,131,631.79,26.851979,-132.560458
112895,1965,335.99,128,632.73,26.853669,-133.158493
113022,1966,332.843,127,633.61,24.719262,-133.390676
113150,1967,340.096,128,634.45,23.837204,-133.190662
113276,1968,324.445,126,635.28,22.661445,-133.030676
113407,1969,348.765,131,636.25,23.812549,-133.128369
113536,1970,341.152,129,637.28,23.262659,-133.087123
113663,1971,325.999,127,638.28,26.140193,-132.934534
113794,1972,336.045,131,639.38,25.180489,-133.08157
113924,1973,334.743,130,640.42,28.172607,-133.121318
114052,1974,337.913,128,641.24,23.815295,-133.330489
114184,1975,347.36,132,642.08,25.307597,-132.259785
114312,1976,327.78,128,642.91,25.968153,-133.172098
114438,1977,312.72,126,643.78,27.329211,-132.978203
114568,1978,335.967,130,644.87,26.774219,-132.896802
114700,1979,328.598,132,645.85,26.705408,-132.463049
114827,1980,323.784,127,646.8,25.010568,-132.747672
114954,1981,326.824,127,647.77,23.052002,-133.726071
115078,1982,312.666,124,648.75,26.164054,-133.059099
115200,1983,293.721,122,649.74,24.8081,-133.092516
115326,1984,325.66,126,650.84,22.989621,-133.031367
115449,1985,304.376,123,651.85,21.911909,-133.191074
115573,1986,326.508,124,652.87,25.286892,-133.47794
115697,1987,310.668,124,653.84,26.323553,-133.607766
115819,1988,303.443,122,654.79,23.200756,-132.750154
115946,1989,328.671,127,655.78,23.750366,-133.080358
116068,1990,296.753,122,656.84,23.527036,-133.74591
116194,1991,325.65,126,657.87,23.924132,-133.275011
116320,1992,320.137,126,658.92,24.53494,-133.123989
116442,1993,296.389,122,659.98,25.198654,-132.637549
116567,1994,310.83,125,661.0,26.107631,-133.278404
116689,1995,295.783,122,661.99,27.883675,-132.927165
116812,1996,303.022,123,662.95,26.516534,-133.012276
116939,1997,310.433,127,663.9,22.743946,-133.093086
117061,1998,306.301,122,664.82,22.291696,-133.761182
117187,1999,310.463,126,665.85,28.597695,-133.508979
117311,2000,305.339,124,666.88,24.455226,-133.5714
117434,2001,302.956,123,667.9,27.412165,-133.064409
117560,2002,317.789,126,669.01,26.779994,-133.230535
117689,2003,325.194,129,670.19,25.034886,-133.871512
117818,2004,320.21,129,671.2,23.596853,-133.020573
117941,2005,300.291,123,672.27,23.517894,-133.138041
118071,2006,332.617,130,673.4,23.759893,-133.227483
118196,2007,324.961,125,674.31,24.319035,-133.198669
118329,2008,331.032,133,675.28,24.301412,-133.579864
118453,2009,305.325,124,676.15,19.612724,-133.381647
118578,2010,330.09,125,677.04,25.304243,-132.645526
118706,2011,312.971,128,677.92,22.158498,-133.357996
118823,2012,278.782,117,678.72,25.195766,-132.876345
118948,2013,318.104,125,679.56,22.509427,-132.796314
119076,2014,330.649,128,680.45,26.682467,-133.106099
119207,2015,338.116,131,681.42,24.189136,-132.690783
119334,2016,327.94,127,682.33,20.498679,-133.369956
119460,2017,313.765,126,683.24,26.481043,-133.258687
119581,2018,291.917,121,684.11,22.167856,-132.784436
119710,2019,335.963,129,685.05,22.54605,-133.74718
119836,2020,306.728,126,685.94,23.416109,-133.282643
119962,2021,316.985,126,686.86,24.309648,-133.417341
120095,2022,339.278,133,688.46,22.864803,-133.044344
120217,2023,294.425,122,689.28,24.198378,-133.06293
120349,2024,323.917,132,690.15,25.332335,-132.808279
120477,2025,328.574,128,691.06,24.491106,-132.948407
120605,2026,318.151,128,692.01,25.078573,-132.759501
120731,2027,311.748,126,692.9,24.771396,-133.320445
120867,2028,346.215,136,693.87,24.142522,-133.718522
121005,2029,340.891,138,694.83,23.553265,-132.809892
121135,2030,333.643,130,695.67,23.067135,-133.280893
121270,2031,341.233,135,696.54,26.07228,-133.150476
121400,2032,320.738,130,697.37,20.066957,-132.735949
121535,2033,340.454,135,698.21,25.700361,-133.353973
121662,2034,308.874,127,699.03,24.720813,-132.214988
121790,2035,305.369,128,699.94,23.720233,-133.24557
121922,2036,322.325,132,701.41,26.672271,-133.62667
122049,2037,305.973,127,702.72,23.322637,-132.342626
122187,2038,355.326,138,703.69,21.429895,-132.790745
122316,2039,325.31,129,704.53,22.18899,-132.526402
122446,2040,322.463,130,705.43,25.047397,-132.922941
122573,2041,308.954,127,706.26,24.493359,-133.127264
122700,2042,312.836,127,707.03,27.752253,-133.023851
122833,2043,331.795,133,707.92,24.997514,-132.802946
122970,2044,345.517,137,708.93,24.683111,-132.924148
123102,2045,317.221,132,709.96,25.622909,-132.76218
123237,2046,315.016,135,711.01,21.694495,-132.6485
123373,2047,358.212,136,712.03,21.750341,-133.073123
123513,2048,325.612,140,713.06,22.671442,-133.124272
123641,2049,299.838,128,713.94,24.448909,-132.225057
123815,2050,376.11,174,715.11,23.798208,-133.267178
123946,2051,317.157,131,715.98,23.931083,-132.668705
124082,2052,332.315,136,716.93,24.600644,-133.181218
124217,2053,330.078,135,717.9,23.928484,-132.128789
124352,2054,312.505,135,718.88,24.777354,-132.882265
124486,2055,315.178,134,719.9,20.195297,-132.193197
124628,2056,336.593,142,720.96,21.593036,-133.085977
124760,2057,332.917,132,721.94,22.016278,-133.451998
124890,2058,326.61,130,722.91,21.950936,-132.664993
125017,2059,302.999,127,723.82,23.49238,-132.606255
125151,2060,325.932,134,724.69,22.506535,-132.757229
125280,2061,309.991,129,725.57,20.485493,-132.531849
125409,2062,304.677,129,726.39,23.261298,-132.129393
125537,2063,318.913,128,727.29,21.519274,-132.923661
125665,2064,312.33,128,728.19,21.611838,-133.151903
125802,2065,331.389,137,729.17,20.930943,-132.565212
125937,2066,342.638,135,730.12,19.582928,-132.739778
126072,2067,356.151,135,731.11,21.935488,-132.406504
126208,2068,327.217,136,731.98,25.966448,-132.154581
126342,2069,327.053,134,732.79,23.9848,-132.465187
126476,2070,322.569,134,733.67,23.555824,-132.456382
126609,2071,316.834,133,734.49,24.384223,-131.320134
126748,2072,329.515,139,735.37,23.663436,-132.169355
126884,2073,321.524,136,736.36,19.655479,-132.474731
127009,2074,312.695,125,737.31,21.612152,-132.418221
127139,2075,313.162,130,738.27,21.430436,-132.961016
127306,2076,340.357,167,739.47,21.72071,-132.23503
127441,2077,329.885,135,740.42,19.09092,-131.331738
127566,2078,307.201,125,741.24,23.379023,-132.226289
127697,2079,315.746,131,742.11,25.599871,-132.074317
127836,2080,321.235,139,743.02,21.968966,-132.30206
127977,2081,334.928,141,743.96,19.935226,-132.772813
128115,2082,335.301,138,744.91,22.306126,-131.827521
128254,2083,369.304,139,745.89,22.756521,-132.717414
128393,2084,373.975,139,746.86,25.275485,-131.447962
128520,2085,316.065,127,747.76,22.630206,-132.805997
128655,2086,325.264,135,748.71,22.733912,-132.446862
128786,2087,320.404,131,749.61,21.477326,-132.133539
128932,2088,380.761,146,750.61,21.879377,-131.885086
129076,2089,328.819,144,751.57,22.247208,-131.931122
129216,2090,336.018,140,752.52,20.183424,-131.779129
129357,2091,356.89,141,753.47,20.578807,-131.72974
129475,2092,280.4,118,754.29,25.30902,-132.314337
129592,2093,277.497,117,755.11,21.943921,-131.62725
129732,2094,373.869,140,756.11,20.5612,-131.380271
129872,2095,368.516,140,757.1,22.463884,-131.917153
130007,2096,342.049,135,758.9,20.353658,-131.799359
130143,2097,326.403,136,759.73,23.781469,-131.121293
130282,2098,335.484,139,760.59,22.913419,-131.36962
130415,2099,336.767,133,761.44,20.082478,-131.123067
130554,2100,367.703,139,762.36,20.931879,-131.040972
130691,2101,353.024,137,763.3,19.981561,-131.642668
130825,2102,352.208,134,764.25,21.059984,-131.215044
130963,2103,346.948,138,765.25,20.036858,-132.262253
131096,2104,324.926,133,766.24,20.435631,-131.095763
131224,2105,313.98,128,767.16,18.473399,-130.874227
131369,2106,336.151,145,768.06,21.52357,-131.490384
131508,2107,377.974,139,768.96,22.367548,-130.759442
131644,2108,333.149,136,769.81,22.176627,-130.984198
131781,2109,344.94,137,770.67,21.458811,-131.665245
131906,2110,300.078,125,771.55,21.433379,-130.85262
132042,2111,342.33,136,772.52,20.094228,-131.54853
132177,2112,339.539,135,773.51,21.030408,-131.394715
132306,2113,307.581,129,774.45,19.205403,-130.991766
132444,2114,318.79,138,775.47,20.58626,-131.414634
132576,2115,313.419,132,776.43,20.369114,-131.507759
132713,2116,327.002,137,777.34,20.502208,-131.04669
132849,2117,358.79,136,778.25,20.645238,-130.606139
132982,2118,309.971,133,779.14,21.403949,-131.290617
133118,2119,348.513,136,780.04,20.848928,-130.946222
133256,2120,345.525,138,780.97,21.778863,-131.187953
133391,2121,326.883,135,781.93,21.523085,-131.206088
133529,2122,355.705,138,782.93,22.683124,-130.828251
133668,2123,345.008,139,783.94,22.028166,-131.088373
133808,2124,352.766,140,784.98,21.468468,-131.090923
133950,2125,344.767,142,785.96,22.043937,-130.493604
134089,2126,338.876,139,786.87,22.691515,-130.509802
134230,2127,347.126,141,787.75,18.567416,-130.373945
134369,2128,357.516,139,788.62,20.14492,-130.917843
134510,2129,357.722,141,789.5,20.223214,-130.71412
134650,2130,365.961,140,790.45,20.063411,-130.868744
134794,2131,361.518,144,791.45,19.473211,-130.567257
134933,2132,368.171,139,792.46,21.228749,-130.858898
135076,2133,367.139,143,793.49,18.420111,-130.613189
135217,2134,361.045,141,794.5,20.473739,-130.712045
135361,2135,392.051,144,795.43,19.790074,-130.550881
135501,2136,389.768,140,796.3,22.23613,-131.009954
135643,2137,384.045,142,797.2,18.298868,-131.069169
135786,2138,357.463,143,798.1,18.865506,-131.09803
135927,2139,391.771,141,799.06,20.589642,-130.41317
136069,2140,371.367,142,800.09,19.872756,-130.327629
136213,2141,381.716,144,801.14,18.391781,-130.401109
136356,2142,376.088,143,802.17,17.351131,-130.462522
136500,2143,392.974,144,803.26,20.465136,-129.85263
136642,2144,390.234,142,804.24,18.848461,-129.86437
136786,2145,359.763,144,805.2,18.851731,-130.677695
136933,2146,385.914,147,806.15,21.659169,-130.340908
137066,2147,301.695,133,807.01,17.874966,-129.92336
137212,2148,371.98,146,808.0,19.492547,-130.374692
137353,2149,367.978,141,809.03,18.080667,-130.394515
137496,2150,385.203,143,810.08,19.908584,-130.161891
137639,2151,402.471,143,811.12,18.518845,-130.580065
137784,2152,402.877,145,812.2,17.401975,-130.352039
137931,2153,399.89,147,813.23,19.34726,-129.800735
138077,2154,381.963,146,814.16,20.233613,-130.044364
138231,2155,397.518,154,815.2,18.67226,-130.02822
138383,2156,397.767,152,816.17,18.467041,-130.269619
138494,2157,268.365,111,816.91,22.105942,-129.168828
138644,2158,404.921,150,817.99,20.34618,-129.625312
138752,2159,269.657,108,818.77,17.763439,-129.988704
138866,2160,283.783,114,819.65,19.617399,-129.964799
139020,2161,402.098,154,820.82,17.85541,-129.860427
139169,2162,397.689,149,821.95,17.99416,-129.374194
139268,2163,224.416,99,822.62,20.5494,-130.360202
139412,2164,348.075,144,823.51,20.846765,-129.780888
139512,2165,235.143,100,824.11,18.390238,-129.399258
139613,2166,240.473,101,824.76,19.632766,-130.541044
139722,2167,261.757,109,825.43,19.057739,-129.689286
139856,2168,331.144,134,826.27,23.063209,-129.470801
139960,2169,255.301,104,827.01,20.918381,-129.409987
140062,2170,239.831,102,828.38,20.709545,-130.078385
140157,2171,212.42,95,829.1,22.359003,-130.0587
140294,2172,337.85,137,830.08,21.495658,-130.652101
140433,2173,358.485,139,831.06,18.186792,-129.934313
140576,2174,368.411,143,831.95,21.887446,-129.623195
140714,2175,355.591,138,832.85,20.682081,-129.671382
140848,2176,336.436,134,833.68,21.623997,-129.932095
140976,2177,310.769,128,834.49,20.448331,-130.022618
141106,2178,310.775,130,835.36,19.759713,-129.986125
141247,2179,373.038,141,836.36,19.072416,-129.344539
141377,2180,310.494,130,837.31,22.783474,-130.277692
141508,2181,314.072,131,838.19,22.830026,-129.946546
141648,2182,325.78,140,839.17,18.425558,-129.390156
141785,2183,369.034,137,840.1,20.16678,-129.919169
141923,2184,346.689,138,840.98,20.737477,-130.512645
142056,2185,316.143,133,841.81,22.117047,-129.906586
142187,2186,311.97,131,842.64,20.386988,-129.431452
142329,2187,364.483,142,843.55,18.1381,-129.524106
142465,2188,328.768,136,844.51,22.092961,-130.112266
142607,2189,377.771,142,845.52,20.82524,-129.432363
142743,2190,327.504,136,846.51,18.085542,-129.893459
142884,2191,358.577,141,847.55,18.626585,-129.747312
143026,2192,386.54,142,848.64,18.233996,-129.476459
143168,2193,369.869,142,849.59,21.029327,-129.921286
143310,2194,356.96,142,850.47,20.28763,-130.311117
143453,2195,386.681,143,851.38,20.158862,-129.82716
143597,2196,363.234,144,852.29,19.837312,-128.780997
143739,2197,373.127,142,853.2,19.710844,-128.881701
143883,2198,374.816,144,854.19,19.055355,-129.316484
144028,2199,386.632,145,855.23,19.621169,-130.191795
144171,2200,380.25,143,856.26,16.646,-129.730306
144317,2201,381.189,146,857.32,20.327278,-129.643108
144463,2202,386.765,146,858.48,20.679795,-129.470977
144606,2203,380.115,143,859.62,21.399437,-129.494864
144751,2204,376.354,145,860.73,19.278878,-129.856561
144898,2205,401.879,147,861.91,23.130431,-129.76209
145042,2206,367.237,144,863.04,18.736856,-129.139981
145193,2207,383.207,151,864.15,19.590719,-130.489771
145340,2208,383.8,147,865.22,21.720149,-129.473518
145483,2209,382.44,143,866.28,19.630256,-129.816593
145625,2210,385.501,142,867.35,21.28954,-129.014726
145771,2211,389.097,146,868.51,20.663114,-130.209387
145915,2212,386.566,144,869.66,21.641401,-129.076112
146074,2213,427.349,159,870.93,18.937521,-130.27993
146225,2214,407.034,151,872.11,20.346983,-130.731345
146375,2215,407.686,150,873.14,20.416805,-130.453317
146531,2216,442.682,156,874.23,20.376606,-129.91345
146689,2217,439.732,158,875.28,18.8028,-129.365103
146845,2218,444.332,156,876.35,16.871314,-129.619585
147002,2219,443.365,157,877.64,20.743009,-130.19609
147157,2220,434.948,155,878.93,19.590823,-129.704167
147321,2221,465.323,164,880.25,18.184201,-130.205426
147489,2222,486.565,168,881.59,19.315552,-130.125065
147649,2223,454.018,160,882.74,19.970445,-130.913296
147817,2224,478.361,168,884.03,21.832817,-130.240874
147981,2225,453.466,164,885.42,19.676741,-130.099978
148140,2226,451.888,159,886.62,21.433393,-130.615446
148304,2227,459.23,164,887.74,17.564968,-130.205117
148466,2228,452.865,162,888.82,18.500752,-130.342578
148640,2229,496.244,174,889.94,20.449679,-130.270525
148814,2230,503.979,174,891.25,17.481913,-130.642414
148971,2231,476.652,157,892.52,18.063879,-130.258466
149152,2232,516.542,181,893.99,19.789916,-130.481087
149312,2233,443.577,160,895.36,18.783402,-130.948838
149483,2234,483.572,171,896.74,17.866268,-130.784067
149636,2235,422.003,153,897.85,18.922111,-131.183862
149797,2236,465.638,161,899.01,19.61465,-130.745714
149968,2237,488.565,171,900.25,19.667891,-130.732903
150134,2238,479.41,166,902.8,18.094085,-131.356328
150279,2239,438.463,145,904.01,17.985596,-131.483235
150443,2240,434.149,164,905.46,20.637527,-131.339191
150605,2241,449.902,162,906.72,21.91883,-131.248104
150769,2242,442.864,164,908.05,18.431428,-131.618827
150926,2243,403.73,157,909.25,19.844346,-130.924994
151086,2244,440.686,160,910.49,18.500458,-131.093665
151256,2245,495.3,170,911.93,18.475581,-130.779166
151445,2246,543.893,189,913.54,19.582658,-131.272322
151595,2247,385.467,150,914.64,19.882661,-131.757408
151773,2248,513.892,178,915.96,19.963841,-131.315361
151933,2249,443.454,160,917.1,19.681047,-131.317271
152067,2250,318.529,134,918.06,19.338376,-131.538969
152231,2251,451.012,164,919.23,18.879973,-131.720838
152396,2252,455.574,165,920.4,21.583529,-131.284792
152552,2253,461.415,156,921.55,20.681416,-132.416346
152718,2254,459.939,166,922.76,18.608791,-132.049316
152891,2255,491.884,173,924.04,19.827455,-131.798048
153060,2256,471.933,169,925.27,18.821691,-132.414299
153241,2257,524.396,181,926.55,19.266019,-131.976677
153439,2258,579.092,198,927.96,21.0599,-132.444777
153570,2259,313.553,131,928.89,18.689315,-131.638702
153733,2260,455.846,163,930.05,18.985976,-132.180668
153893,2261,441.211,160,931.22,16.012387,-132.217516
154046,2262,393.661,153,932.34,17.744851,-132.54165
154204,2263,414.606,158,933.5,20.481297,-132.164173
154371,2264,463.037,167,934.72,18.836134,-132.777898
154519,2265,372.208,148,935.8,18.485751,-132.556296
154689,2266,475.383,170,937.01,19.044381,-132.751251
154841,2267,403.925,152,938.09,17.525154,-133.159337
154997,2268,425.654,156,939.2,19.639077,-132.605478
155155,2269,437.381,158,940.34,17.987935,-132.626912
155309,2270,405.134,154,941.45,22.366185,-133.614024
155465,2271,417.576,156,942.6,20.096065,-132.590401
155618,2272,412.957,153,943.73,16.556748,-132.961273
155765,2273,395.427,147,944.79,19.517273,-133.752579
155921,2274,415.267,156,945.92,20.692119,-133.545717
156070,2275,390.402,149,946.97,21.649039,-133.948728
156227,2276,424.109,157,948.09,18.744645,-133.827671
156374,2277,384.853,147,949.1,18.84087,-134.090505
156524,2278,393.229,150,950.16,18.698566,-134.007296
156673,2279,387.786,149,951.24,19.885606,-133.677587
156832,2280,425.058,159,952.39,20.833352,-133.557236
156980,2281,388.211,148,953.48,21.50331,-133.317599
157131,2282,406.974,151,954.63,19.65945,-133.455517
157277,2283,365.129,146,955.63,17.102453,-134.256748
157430,2284,403.717,153,956.68,16.960827,-133.623525
157576,2285,369.997,146,957.59,20.00205,-133.821798
157730,2286,395.538,154,958.58,17.807468,-134.024322
157880,2287,384.398,150,959.62,19.844759,-134.009444
158067,2288,521.878,187,961.01,18.742486,-134.05136
158217,2289,399.458,150,962.14,19.10228,-134.677334
158396,2290,486.904,179,963.42,20.03242,-134.706082
158581,2291,497.227,185,964.61,19.705639,-135.225954
158731,2292,400.817,150,965.58,19.555203,-134.258185
158882,2293,387.828,151,966.56,20.328676,-134.303612
159026,2294,357.877,144,967.51,19.467876,-134.639949
159180,2295,405.041,154,968.52,20.404679,-135.351029
159340,2296,411.487,160,969.64,20.216133,-135.357608
159493,2297,385.159,153,970.76,18.303001,-134.643839
159682,2298,530.175,189,972.1,21.768442,-135.22691
159847,2299,454.722,165,973.25,17.879051,-135.44706
160035,2300,544.425,188,975.53,20.217109,-136.009708
160187,2301,396.894,152,976.74,19.789117,-135.778668
160381,2302,552.233,194,978.17,20.411118,-135.963392
160527,2303,429.95,146,979.15,20.609254,-135.193045
160677,2304,397.551,150,980.16,18.65032,-136.179272
160840,2305,441.616,163,981.29,20.738438,-135.705326
161014,2306,484.364,174,982.59,17.914586,-135.815262
161181,2307,424.802,167,983.9,20.649827,-135.492747
161330,2308,435.405,149,985.0,18.790971,-136.322865
161530,2309,558.709,200,986.45,20.457267,-136.595719
161724,2310,558.771,194,987.78,20.470142,-135.958791
161932,2311,607.63,208,989.15,21.293924,-136.531772
162134,2312,575.843,202,990.49,20.95145,-136.262059
162316,2313,513.55,182,991.86,19.971435,-136.428823
162515,2314,582.903,199,993.39,19.90166,-136.226752
162640,2315,274.089,125,994.36,23.136861,-136.019097
162791,2316,390.557,151,995.53,23.069673,-135.763735
162991,2317,596.389,200,997.01,17.142401,-136.805887
163170,2318,515.029,179,998.31,20.374124,-137.103666
163356,2319,529.923,186,999.7,20.944402,-137.0338
163530,2320,504.419,174,1001.06,21.468194,-137.090415
163736,2321,602.65,206,1002.7,20.745391,-137.558908
163915,2322,506.755,179,1004.07,19.851924,-137.115778
164106,2323,515.447,191,1005.57,19.734246,-137.070593
164343,2324,700.909,237,1007.17,21.412656,-137.328173
164544,2325,605.143,201,1008.64,22.854584,-138.115682
164742,2326,586.189,198,1010.22,20.663792,-137.408431
164920,2327,497.151,178,1011.6,22.542363,-138.556751
165094,2328,496.797,174,1012.91,22.810308,-138.367279
165322,2329,671.158,228,1014.63,20.199023,-138.561429
165540,2330,642.553,218,1016.38,20.731745,-138.823159
165781,2331,691.772,241,1018.39,21.485877,-138.593348
165980,2332,604.435,199,1020.08,23.775829,-138.893824
166257,2333,847.463,277,1022.15,20.305902,-139.196682
166617,2334,1071.162,360,1024.96,19.756799,-139.044609
166785,2335,476.177,168,1026.35,22.458665,-139.877784
167007,2336,666.771,222,1028.23,19.566524,-139.591953
167297,2337,909.301,290,1030.5,20.700189,-140.012518
167574,2338,865.506,277,1032.76,21.399498,-140.071505
167902,2339,1059.939,328,1035.01,19.059913,-140.191452
168128,2340,697.689,226,1036.63,24.235725,-140.438528
168729,2341,1911.729,601,1040.88,21.435312,-141.634668
169225,2342,1577.488,496,1044.0,23.868604,-141.6491
169680,2343,1421.209,455,1047.18,22.679616,-142.158132
169911,2344,712.349,231,1048.94,22.184496,-143.113197
170412,2345,1408.147,501,1056.18,20.938365,-143.289013
170704,2346,930.53,292,1058.29,21.992485,-143.649646
171461,2347,1988.957,757,1063.61,22.418377,-144.454145
171633,2348,423.721,172,1064.86,23.446588,-144.246978
171804,2349,396.779,171,1066.11,23.274014,-145.365911
171915,2350,220.536,111,1066.87,29.520083,-145.789769
172092,2351,478.921,177,1067.99,23.582162,-145.410455
172341,2352,723.681,249,1069.63,22.708594,-146.01136
172924,2353,1753.583,583,1073.72,25.400088,-146.227715
172959,2354,53.464,35,1073.97,22.154745,-147.245372
173153,2355,554.167,194,1075.42,25.837138,-147.265014
173484,2356,966.518,331,1077.64,25.243041,-147.56495
174428,2357,2860.477,944,1084.26,23.92487,-148.04482
174827,2358,1214.247,399,1087.25,23.732681,-149.638272
175087,2359,867.224,260,1089.16,24.183461,-149.504263
175431,2360,1075.238,344,1091.67,23.689491,-149.568946
175911,2361,1545.176,480,1095.25,25.3128,-150.546117
176667,2362,2240.64,756,1100.27,24.810273,-151.604715
177322,2363,1955.601,655,1104.9,25.55538,-151.912369
177740,2364,1296.381,418,1107.49,26.108155,-152.809903
178023,2365,885.216,283,1109.34,24.490395,-153.116135
178272,2366,798.226,249,1111.06,25.086334,-153.687375
178554,2367,900.688,282,1113.05,26.553601,-153.753619
178770,2368,673.85,216,1114.41,24.744783,-153.912709
178974,2369,642.328,204,1115.72,22.594063,-154.024645
179205,2370,737.732,231,1117.28,29.500941,-154.53941
179453,2371,798.032,248,1119.0,26.599188,-154.294468
179680,2372,721.047,227,1120.6,25.618414,-155.102736
179897,2373,688.671,217,1122.11,25.933857,-155.364394
180106,2374,659.587,209,1124.53,23.525142,-155.778553
180334,2375,711.35,228,1126.06,25.687105,-156.056072
180538,2376,649.029,204,1127.57,25.050648,-156.70479
180759,2377,702.443,221,1129.25,22.898791,-156.541558
180973,2378,684.355,214,1130.86,27.135505,-156.496582
181182,2379,663.79,209,1132.29,22.575042,-156.64754
181383,2380,632.779,201,1133.57,25.531343,-156.836808
181655,2381,870.941,272,1135.32,24.900997,-157.318636
181848,2382,613.734,193,1136.68,28.569314,-157.62934
182063,2383,686.103,215,1138.27,24.747087,-158.126923
182289,2384,724.311,226,1139.94,22.352183,-158.899638
182515,2385,711.647,226,1141.43,24.71338,-157.963197
182715,2386,614.918,200,1142.72,27.101784,-158.507475
182938,2387,721.702,223,1144.16,24.500485,-158.123519
183141,2388,644.862,203,1145.59,24.727784,-159.089541
183334,2389,614.417,193,1146.98,27.43165,-158.88643
183527,2390,610.836,193,1148.41,21.219282,-159.306486
183725,2391,626.939,198,1149.76,21.800719,-160.150634
183915,2392,596.213,190,1150.96,29.169653,-159.744243
184118,2393,636.83,203,1152.31,29.309247,-160.328331
184325,2394,645.283,207,1153.7,24.02747,-159.666946
184537,2395,664.072,212,1155.26,23.788043,-160.024583
184728,2396,602.448,191,1156.67,24.486462,-160.573889
184955,2397,740.081,227,1158.34,24.410276,-160.170928
185166,2398,676.629,211,1159.77,30.622294,-160.963774
185402,2399,763.597,236,1161.26,24.44875,-160.752464
185614,2400,668.64,212,1162.66,29.672102,-160.963776
185832,2401,704.393,218,1164.23,26.097242,-160.735375
186078,2402,820.864,246,1166.02,25.41281,-161.14285
186309,2403,755.558,231,1167.68,26.432729,-161.47833
186516,2404,664.621,207,1169.02,26.038195,-161.583686
186734,2405,704.431,218,1170.43,26.624039,-162.482332
186963,2406,757.507,229,1171.9,26.050871,-162.148555
187178,2407,692.483,215,1173.47,23.417431,-162.257424
187426,2408,824.389,248,1175.29,25.330211,-162.878298
187644,2409,705.593,218,1176.87,25.834244,-163.208391
187854,2410,676.98,210,1178.17,23.367218,-163.149913
188126,2411,900.517,272,1179.9,26.432527,-163.038995
188372,2412,802.592,246,1181.54,22.332044,-163.555115
188585,2413,666.56,213,1183.1,26.675478,-163.600933
188841,2414,836.775,256,1184.95,24.888903,-162.95358
189114,2415,916.828,273,1186.81,25.608842,-163.854662
189385,2416,882.832,271,1188.53,22.513653,-164.309032
189674,2417,951.305,289,1190.39,28.107914,-164.229363
189936,2418,869.449,262,1192.23,23.291674,-164.839911
190185,2419,826.464,249,1195.45,26.243353,-164.850542
190436,2420,824.104,251,1197.06,24.140417,-164.843755
190701,2421,860.655,265,1198.83,24.555343,-165.680935
190979,2422,903.701,278,1200.82,23.460123,-165.475126
191258,2423,918.937,279,1202.87,24.727327,-165.764168
191513,2424,820.026,255,1204.56,23.474732,-165.965946
191799,2425,942.021,286,1206.37,29.236284,-166.179539
192055,2426,865.723,256,1207.95,26.631807,-166.371568
192326,2427,891.065,271,1209.93,22.495065,-167.225318
192685,2428,1170.517,359,1212.56,24.808884,-166.397588
192958,2429,890.267,273,1214.46,26.617664,-167.501201
193187,2430,740.668,229,1216.3,28.082287,-167.523143
193640,2431,1459.968,453,1219.72,24.848204,-167.841727
193903,2432,840.924,263,1221.6,23.470131,-168.133598
194433,2433,1522.355,530,1225.82,26.823458,-168.653241
195197,2434,2416.175,764,1231.34,25.230128,-169.428669
195529,2435,982.27,332,1233.89,25.267008,-169.972331
195970,2436,1412.215,441,1237.12,26.407057,-170.249941
196230,2437,819.549,260,1238.95,29.068905,-170.020514
196924,2438,1894.805,694,1244.1,24.890936,-170.374459
197924,2439,2772.077,1000,1252.05,24.923515,-171.236307
198452,2440,1362.917,528,1256.34,27.814638,-172.030539
198790,2441,1097.032,338,1259.1,27.743586,-172.04001
199790,2442,2735.414,1000,1267.09,27.49269,-172.579746
200790,2443,2786.401,1000,1280.8,25.41036,-173.381947
201790,2444,2858.849,1000,1288.13,25.951479,-174.402233
202616,2445,2473.091,826,1293.96,24.096994,-174.776251
203044,2446,1388.434,428,1297.13,26.754132,-175.490888
203316,2447,893.888,272,1299.1,25.486034,-175.475331
203922,2448,1910.941,606,1304.58,26.866769,-176.237714
204827,2449,2894.124,905,1310.74,25.046306,-176.129158
205115,2450,939.503,288,1312.72,26.656692,-176.692884
205388,2451,904.295,273,1314.68,26.552472,-176.651377
205658,2452,903.662,270,1316.61,25.449227,-177.212028
206500,2453,2798.844,842,1322.23,25.126066,-177.103788
206795,2454,954.136,295,1324.45,28.807159,-178.192615
207511,2455,2320.244,716,1329.29,25.272085,-178.585181
207805,2456,945.944,294,1331.34,24.656547,-178.184913
208158,2457,1171.209,353,1333.87,24.912194,-178.159903
208622,2458,1550.098,464,1337.26,27.349128,-178.574724
208920,2459,959.341,298,1339.68,25.141445,-179.493779
209197,2460,921.588,277,1341.49,26.247697,-178.849274
209717,2461,1708.481,520,1345.24,23.935866,-180.029428
210073,2462,1183.724,356,1350.06,23.422904,-179.919242
210429,2463,1179.339,356,1352.66,25.478634,-180.683129
210698,2464,886.801,269,1354.73,23.728702,-180.71063
211271,2465,1888.324,573,1359.11,26.078611,-180.832086
211492,2466,711.122,221,1360.69,27.33183,-180.672983
211794,2467,976.752,302,1362.83,26.335505,-181.211223
212252,2468,1483.997,458,1366.42,22.640138,-180.845261
212630,2469,1217.209,378,1369.57,23.803483,-181.781359
212860,2470,741.533,230,1371.54,26.761755,-181.66723
213567,2471,2332.234,707,1377.31,25.821659,-182.367496
214214,2472,2041.979,647,1382.62,25.453249,-183.383219
214504,2473,949.186,290,1385.1,25.447314,-183.203064
214830,2474,1075.819,326,1387.7,22.783843,-183.154674
215382,2475,1683.468,552,1391.97,25.474315,-183.656622
216382,2476,3124.005,1000,1398.63,26.576608,-184.489811
217382,2477,3015.719,1000,1405.86,26.115923,-185.196142
218382,2478,3047.26,1000,1413.07,25.612883,-186.119452
219382,2479,3091.426,1000,1419.88,25.530246,-186.838632
220382,2480,3044.197,1000,1432.6,24.897769,-187.764866
220911,2481,1679.774,529,1436.33,26.911753,-188.927735
221287,2482,1160.385,376,1439.01,26.159446,-188.849406
221781,2483,1617.033,494,1442.37,25.719539,-189.037714
222341,2484,1803.312,560,1446.51,24.275338,-189.538684
222669,2485,1085.623,328,1448.94,27.055725,-190.319436
223115,2486,1456.759,446,1452.15,24.946014,-189.780963
223949,2487,2717.939,834,1457.96,25.547558,-190.308689
224887,2488,3016.811,938,1464.16,24.628054,-190.643931
225179,2489,947.832,292,1466.26,26.16486,-191.145908
225651,2490,1559.142,472,1469.25,25.197623,-191.37553
225944,2491,943.413,293,1471.15,21.05246,-191.5112
226475,2492,1724.006,531,1474.89,24.57118,-191.944328
227099,2493,2023.137,624,1479.14,27.146388,-192.33156
227389,2494,929.53,290,1481.15,29.914262,-192.141409
228377,2495,3263.631,988,1487.87,25.684963,-192.835583
229007,2496,2082.099,630,1492.44,25.870934,-193.661789
229316,2497,1020.086,309,1494.58,25.923052,-193.043837
229748,2498,1435.255,432,1497.34,25.462341,-193.958889
230748,2499,3161.972,1000,1510.33,23.915327,-193.938254
231742,2500,3247.853,994,1517.22,26.061769,-194.857016
232492,2501,2471.903,750,1522.44,23.485345,-195.689192
233472,2502,3188.336,980,1529.41,24.243014,-195.663804
234472,2503,3124.747,1000,1536.18,25.729395,-196.351714
234837,2504,1190.605,365,1538.69,24.696099,-196.700505
235837,2505,3088.996,1000,1545.49,23.87268,-197.287551
236837,2506,3127.524,1000,1552.12,23.923186,-197.950323
237727,2507,2878.659,890,1558.33,22.650971,-198.787283
238495,2508,2489.253,768,1563.58,24.12509,-199.057546
239495,2509,3173.134,1000,1570.34,23.494293,-199.689901
240246,2510,2448.405,751,1582.45,22.942339,-200.199187
240593,2511,1146.311,347,1585.21,22.152933,-200.478085
240989,2512,1291.814,396,1588.06,24.025882,-200.724308
241562,2513,1881.175,573,1592.18,23.298823,-200.880699
242007,2514,1449.458,445,1595.64,25.108759,-200.732518
243007,2515,3059.938,1000,1602.77,24.125771,-201.048093
243360,2516,1158.444,353,1605.41,22.777693,-201.978429
243885,2517,1738.715,525,1609.56,23.593327,-201.643007
244885,2518,3029.067,1000,1617.56,25.245934,-201.449224
245317,2519,1416.24,432,1620.95,26.568064,-202.319407
246317,2520,3078.131,1000,1628.77,22.520939,-202.562637
246776,2521,1520.72,459,1632.42,22.951961,-203.324086
247367,2522,1927.543,591,1636.87,22.90741,-203.73438
247718,2523,1168.05,351,1639.44,26.602239,-203.672616
248718,2524,3062.561,1000,1646.63,24.948356,-203.575939
249501,2525,2547.381,783,1652.2,24.402466,-204.382498
250501,2526,3126.705,1000,1664.58,22.432555,-204.981916
251501,2527,3117.357,1000,1671.71,22.563417,-205.466713
252501,2528,3100.328,1000,1678.58,25.579439,-206.070241
252947,2529,1457.275,446,1681.64,22.652874,-206.226276
253373,2530,1420.797,426,1684.83,24.130276,-207.089218
254373,2531,3125.695,1000,1691.51,21.955148,-206.762667
255108,2532,2340.875,735,1697.01,23.081602,-206.96127
256108,2533,3129.171,1000,1704.07,23.505475,-207.44886
256648,2534,1692.789,540,1708.37,26.730915,-207.592318
257648,2535,3164.992,1000,1715.87,23.63297,-208.124652
258648,2536,3150.258,1000,1723.52,21.119379,-208.470371
259648,2537,3156.967,1000,1731.57,22.756066,-209.1419
260104,2538,1448.84,456,1739.25,22.204043,-209.416027
260620,2539,1704.278,516,1743.5,25.099467,-208.916387
261133,2540,1680.695,513,1747.46,22.707219,-209.16878
261681,2541,1783.974,548,1751.64,21.201787,-209.905571
261906,2542,613.706,225,1753.46,21.471943,-209.883985
262362,2543,1480.378,456,1756.32,20.174882,-209.890364
262586,2544,632.18,224,1757.89,22.291805,-209.741705
262857,2545,803.831,271,1759.89,21.231018,-209.765899
262996,2546,355.27,139,1760.91,26.94758,-209.427821
263254,2547,707.192,258,1762.65,20.897456,-210.143188
263642,2548,1146.154,388,1765.09,22.782722,-209.932791
263904,2549,757.773,262,1766.93,18.560238,-209.912859
264275,2550,1171.909,371,1769.67,24.9472,-209.871968
264584,2551,933.427,309,1771.93,21.650641,-210.326706
264977,2552,1255.752,393,1774.69,20.072402,-210.282352
265350,2553,1193.234,373,1777.35,25.308382,-210.537676
265788,2554,1389.404,438,1780.6,21.093686,-210.967424
266040,2555,720.883,252,1782.28,27.419054,-209.984295
266400,2556,1075.723,360,1784.63,22.351254,-210.8684
266775,2557,1162.591,375,1787.3,23.038528,-210.225049
267200,2558,1377.842,425,1790.46,24.260571,-210.385109
267516,2559,981.108,316,1792.59,20.153692,-210.163308
267807,2560,866.454,291,1794.52,25.108451,-210.559111
268196,2561,1235.582,389,1797.41,20.328505,-211.25658
268541,2562,1110.534,345,1800.03,25.673562,-211.706556
269016,2563,1565.081,475,1803.2,22.633701,-210.563408
269396,2564,1190.139,380,1806.0,20.532839,-211.34962
269817,2565,1322.737,421,1809.21,24.845156,-211.351474
270526,2566,2302.764,709,1816.08,22.573022,-210.951692
270946,2567,1369.361,420,1818.89,22.097478,-211.463128
271242,2568,947.698,296,1820.75,24.049023,-210.839103
271553,2569,928.568,311,1822.78,23.634436,-211.37661
271861,2570,950.723,308,1825.0,23.841691,-210.933786
272082,2571,611.25,221,1826.6,26.65623,-211.365617
272453,2572,1205.503,371,1828.89,22.439334,-211.287915
272891,2573,1429.963,438,1831.74,24.606629,-211.152179
273244,2574,1131.186,353,1834.22,22.714198,-211.613224
273559,2575,956.901,315,1836.43,21.613724,-211.737191
273868,2576,956.329,309,1838.51,26.472835,-211.42216
274412,2577,1802.192,544,1842.35,21.30676,-211.626581
274832,2578,1392.645,420,1845.3,21.030323,-211.601518
275222,2579,1180.78,390,1847.84,22.967874,-211.624863
275760,2580,1776.623,538,1851.67,24.485804,-211.570962
276134,2581,1211.987,374,1854.35,21.042485,-211.788376
276510,2582,1214.698,376,1856.75,22.870503,-212.160142
276757,2583,698.488,247,1858.42,23.691684,-211.642644
277205,2584,1454.182,448,1861.61,20.265765,-211.837601
277447,2585,669.737,242,1863.31,23.777848,-211.837931
278447,2586,3152.042,1000,1870.1,23.123693,-211.554402
278813,2587,1205.128,366,1872.63,17.802208,-212.27287
279349,2588,1761.329,536,1876.18,23.620348,-212.251789
279888,2589,1761.424,539,1880.23,21.312881,-212.276064
280631,2590,2421.475,743,1888.32,21.911752,-212.276622
281245,2591,1987.005,614,1892.39,21.740815,-212.382424
281595,2592,1108.337,350,1894.78,23.24207,-212.380504
281825,2593,631.327,230,1896.42,21.230006,-213.239104
282073,2594,699.005,248,1898.16,21.026171,-213.261743
282673,2595,1993.612,600,1903.4,23.399393,-212.743423
282973,2596,917.879,300,1905.62,22.369186,-213.277892
283212,2597,669.225,239,1907.43,21.13267,-212.754581
283719,2598,1659.774,507,1910.74,19.599501,-213.062672
284134,2599,1320.153,415,1913.6,24.729187,-213.105904
284382,2600,728.221,248,1915.39,19.877376,-213.640821
285372,2601,3292.575,990,1922.36,24.207825,-213.131625
286294,2602,3013.781,922,1928.66,23.598388,-213.818306
287096,2603,2569.707,802,1934.22,20.43674,-213.750313
287616,2604,1706.986,520,1938.26,23.501484,-214.042791
288616,2605,3137.749,1000,1945.51,21.323649,-213.841892
288974,2606,1143.37,358,1948.41,23.773776,-214.201458
289348,2607,1210.085,374,1951.06,22.92578,-213.976218
289752,2608,1288.121,404,1953.85,20.757519,-214.694788
290667,2609,2948.737,915,1967.0,22.9427,-214.501909
291667,2610,3202.792,1000,1974.9,21.574639,-214.739049
292266,2611,1989.588,599,1979.89,22.480098,-215.118431
293266,2612,3173.233,1000,1987.22,22.598634,-214.857282
294266,2613,3130.852,1000,1994.56,23.481149,-215.839189
294794,2614,1702.378,528,1998.37,22.547872,-216.335643
295794,2615,3133.57,1000,2005.4,21.153181,-215.667832
296794,2616,3303.864,1000,2012.55,21.249459,-216.566071
297794,2617,3186.433,1000,2019.79,19.910372,-216.880207
298432,2618,2112.916,638,2024.36,21.167607,-216.718508
299207,2619,2574.104,775,2029.95,22.032189,-216.872608
299735,2620,1757.1,528,2033.42,19.459309,-217.134103
300735,2621,3197.532,1000,2046.14,22.257827,-217.18954
301130,2622,1253.052,395,2048.61,21.565522,-217.506184
301716,2623,1971.08,586,2052.82,25.324558,-217.891629
302716,2624,3181.699,1000,2060.31,21.051394,-218.267215
303116,2625,1274.417,400,2062.95,21.123408,-218.072448
304116,2626,3211.392,1000,2070.59,21.555243,-218.556852
305116,2627,3216.212,1000,2078.38,20.324214,-218.699142
306003,2628,2933.142,887,2085.17,21.508152,-218.869367
307003,2629,3210.279,1000,2093.12,23.101592,-219.42172
308003,2630,3198.395,1000,2100.47,20.728248,-219.473438
308677,2631,2114.496,674,2106.05,20.803869,-219.861613
308731,2632,93.861,54,2106.52,24.728329,-219.040336
309731,2633,3139.878,1000,2114.32,20.843376,-220.01116
310731,2634,3105.703,1000,2126.51,23.411123,-219.936109
311731,2635,3159.408,1000,2133.68,21.454573,-220.355853
312657,2636,3033.232,926,2140.36,21.982852,-220.791643
313523,2637,2709.35,866,2146.39,23.330558,-220.952629
314523,2638,3156.595,1000,2153.34,21.100661,-221.346028
315523,2639,3093.419,1000,2160.6,20.787354,-221.485646
315662,2640,285.136,139,2161.56,18.379051,-223.036221
315800,2641,289.204,138,2162.58,26.022004,-222.075361
316800,2642,3099.28,1000,2169.9,23.288722,-221.747453
317800,2643,3078.302,1000,2177.03,21.480962,-221.533949
318800,2644,3109.941,1000,2183.58,22.377152,-222.240508
319800,2645,3180.291,1000,2190.13,23.347809,-221.923701
320772,2646,3207.8,972,2202.71,21.689736,-222.28034
321772,2647,3180.808,1000,2209.74,19.4478,-222.433763
322646,2648,2845.547,874,2215.58,24.682002,-222.911453
323496,2649,2829.319,850,2221.49,20.547093,-223.263353
323974,2650,1559.307,478,2224.7,20.666552,-223.460518
324477,2651,1680.76,503,2228.33,18.301803,-223.752319
324850,2652,1234.19,373,2230.68,20.236401,-223.561769
325160,2653,986.726,310,2232.71,25.444982,-223.50982
325869,2654,2360.713,709,2237.95,20.642993,-223.373325
326695,2655,2763.107,826,2243.47,21.569121,-224.008334
327695,2656,3267.08,1000,2250.3,22.408447,-224.652021
328462,2657,2565.996,767,2255.75,21.402884,-225.207559
328709,2658,819.58,247,2257.31,28.312499,-224.588947
329550,2659,2825.757,841,2263.27,21.637519,-225.186107
329859,2660,1009.352,309,2265.44,21.297905,-224.995322
330143,2661,913.71,284,2269.16,28.957839,-225.492734
330998,2662,2809.481,855,2275.26,22.810443,-225.11341
331966,2663,3239.622,968,2282.06,19.757094,-225.739373
332275,2664,996.838,309,2284.14,23.544966,-225.611487
332728,2665,1483.937,453,2287.07,22.191177,-225.349569
333042,2666,1009.12,314,2289.37,20.168692,-226.874286
333478,2667,1422.707,436,2292.48,21.659584,-225.687596
334478,2668,3239.982,1000,2299.72,22.282549,-226.165527
335360,2669,2913.858,882,2306.47,21.157702,-226.6197
335675,2670,1009.982,315,2308.58,20.018616,-226.724617
336020,2671,1144.101,345,2311.15,19.494774,-227.074016
336930,2672,3074.033,910,2318.02,20.434993,-226.965054
337930,2673,3197.416,1000,2325.77,20.02942,-226.971953
338507,2674,1932.126,577,2330.39,18.020277,-227.125262
339507,2675,3197.562,1000,2338.48,20.896956,-227.420021
340094,2676,1928.432,587,2349.69,21.680657,-227.530701
341094,2677,3207.452,1000,2357.04,21.673003,-228.223658
342094,2678,3173.583,1000,2364.24,19.862784,-228.4511
342603,2679,1713.85,509,2367.99,21.44352,-228.056809
343141,2680,1770.613,538,2371.77,19.668064,-228.923583
343597,2681,1476.765,456,2375.15,21.385758,-228.802944
344470,2682,2810.53,873,2381.39,19.119805,-228.498762
344823,2683,1157.277,353,2383.98,19.561097,-228.307882
345653,2684,2752.137,830,2389.91,19.276845,-229.086178
346562,2685,2949.506,909,2396.17,20.210623,-229.015884
347523,2686,3066.54,961,2402.41,19.73628,-229.38434
348407,2687,2899.217,884,2408.49,18.370176,-229.60113
348947,2688,1787.492,540,2412.29,23.224571,-229.451409
349947,2689,3225.159,1000,2420.07,22.162672,-229.383482
350805,2690,2811.529,858,2432.6,23.347321,-230.20878
351805,2691,3184.047,1000,2440.12,20.642499,-230.173978
352273,2692,1479.554,468,2443.74,21.356187,-230.604715
353175,2693,2905.403,902,2451.34,21.430575,-230.563655
354080,2694,2905.749,905,2458.35,20.903935,-230.932158
354661,2695,1854.34,581,2463.27,21.681816,-230.434293
355335,2696,2199.261,674,2468.69,21.865046,-231.111576
355597,2697,814.04,262,2470.76,18.724047,-230.880955
355970,2698,1233.405,373,2473.75,21.307983,-231.472598
356235,2699,829.937,265,2475.41,21.367782,-231.110152
356685,2700,1430.081,450,2478.59,19.167856,-231.596709
357007,2701,1028.701,322,2480.93,18.939723,-231.332925
358007,2702,3172.275,1000,2487.58,21.627984,-231.260319
358446,2703,1399.766,439,2490.73,18.435295,-231.489908
359154,2704,2317.407,708,2495.68,20.990002,-231.644014
359515,2705,1160.263,361,2498.36,21.461513,-232.496096
359904,2706,1236.686,389,2501.96,18.259659,-231.832498
360224,2707,1011.505,320,2507.02,21.372278,-232.561445
360544,2708,1033.904,320,2509.1,20.288464,-231.609915
361278,2709,2352.824,734,2514.05,21.345973,-232.458863
361865,2710,1882.091,587,2518.24,22.118212,-232.34339
362558,2711,2219.543,693,2523.14,19.301867,-232.366007
362897,2712,1124.377,339,2525.8,21.219394,-232.652187
363212,2713,1012.954,315,2528.09,23.599766,-232.193844
363531,2714,1011.071,319,2530.36,21.476324,-233.089956
364091,2715,1810.739,560,2534.51,22.502051,-232.543062
364421,2716,1020.38,330,2536.8,21.191721,-232.918672
364741,2717,1024.246,320,2538.77,23.5539,-232.245543
365274,2718,1689.138,533,2542.41,21.982354,-233.198313
365622,2719,1145.922,348,2544.98,21.087218,-233.234122
365978,2720,1158.015,356,2547.24,21.127332,-233.041885
366566,2721,1910.334,588,2551.14,24.19868,-233.5793
367458,2722,2867.413,892,2557.37,18.816958,-233.811385
367779,2723,1016.856,321,2559.58,23.474349,-233.807891
368123,2724,1077.174,344,2562.04,18.470936,-233.933302
368428,2725,974.132,305,2564.12,22.65626,-233.924365
368788,2726,1114.363,360,2566.43,21.847874,-233.877426
369103,2727,988.469,315,2568.61,25.503188,-234.109659
370103,2728,3163.595,1000,2577.28,22.302788,-234.015661
370612,2729,1699.95,509,2581.02,22.127581,-234.175053
371599,2730,3167.835,987,2587.78,22.162897,-234.569118
371988,2731,1230.397,389,2590.62,19.301507,-234.872665
372988,2732,3183.645,1000,2597.49,21.483752,-235.093138
373293,2733,978.729,305,2599.63,19.352655,-234.850653
374293,2734,3221.644,1000,2606.49,22.226237,-235.134328
374939,2735,2072.719,646,2610.97,22.739004,-235.12898
375262,2736,1022.868,323,2613.08,21.369578,-235.585868
375590,2737,1035.678,328,2615.47,21.707678,-235.45038
375946,2738,1111.38,356,2617.97,19.441998,-235.74174
376271,2739,1017.71,325,2620.04,20.384457,-236.07003
376918,2740,2070.534,647,2624.5,22.165825,-235.642005
377237,2741,1016.454,319,2626.84,20.354384,-235.749208
377561,2742,1010.565,324,2628.93,21.115286,-235.698716
377886,2743,1014.829,325,2631.13,25.982073,-235.718902
378886,2744,3160.749,1000,2638.17,21.688498,-236.056279
379195,2745,998.822,309,2640.16,21.670767,-236.30507
379897,2746,2278.265,702,2645.19,21.628268,-236.197932
379925,2747,35.823,28,2645.38,16.895866,-235.740962
380232,2748,990.436,307,2647.83,24.082071,-236.606214
380541,2749,985.2,309,2649.83,23.198856,-236.254979
380859,2750,997.054,318,2652.21,25.036806,-237.023767
381330,2751,1536.869,471,2655.75,25.368091,-235.800258
381651,2752,1038.333,321,2658.27,20.935459,-236.440105
381984,2753,1031.145,333,2660.66,22.635036,-236.355245
382282,2754,981.849,298,2662.69,21.722921,-236.356562
382534,2755,790.926,252,2664.48,18.878365,-235.778734
382829,2756,961.195,295,2666.84,25.831957,-236.348899
383198,2757,1174.16,369,2669.58,24.599959,-236.557118
383496,2758,928.567,298,2671.56,21.816321,-236.47444
383749,2759,796.604,253,2673.33,21.886746,-236.186636
384051,2760,977.354,302,2675.65,20.063607,-236.20094
384303,2761,785.994,252,2677.6,21.076934,-236.932352
384554,2762,784.794,251,2679.35,21.367921,-236.69501
385023,2763,1509.055,469,2682.79,23.73523,-236.746673
385473,2764,1440.481,450,2686.38,22.41988,-236.318478
385772,2765,929.624,299,2688.74,22.357636,-237.347551
386017,2766,760.258,245,2690.79,26.147167,-236.655342
386301,2767,904.714,284,2693.15,23.862774,-236.633873
386883,2768,1856.961,582,2697.61,24.491076,-237.369331
387174,2769,922.593,291,2700.05,22.996141,-236.829532
388174,2770,3134.046,1000,2707.64,23.41336,-237.426368
388659,2771,1539.975,485,2711.64,23.189117,-237.959369
388952,2772,955.183,293,2713.81,27.577395,-237.763071
389275,2773,1022.63,323,2716.06,22.839406,-237.249141
389575,2774,923.041,300,2718.21,23.294839,-237.771823
389949,2775,1176.442,374,2720.95,22.310494,-237.6083
390229,2776,902.832,280,2724.7,23.572482,-238.221023
390557,2777,1046.452,328,2727.06,25.387757,-237.844078
391557,2778,3122.948,1000,2734.29,23.988906,-238.039546
392081,2779,1675.986,524,2738.07,23.89094,-237.948501
392635,2780,1789.23,554,2742.1,25.801011,-238.265141
393592,2781,3016.336,957,2748.79,24.40136,-238.386713
393921,2782,1053.159,329,2750.98,24.299386,-238.254713
394372,2783,1429.101,451,2753.84,25.54772,-238.54759
394686,2784,982.434,314,2756.05,23.06177,-238.633951
395033,2785,1077.065,347,2758.57,22.925096,-238.385192
395357,2786,1003.156,324,2760.68,22.928039,-238.864628
395662,2787,982.661,305,2762.79,25.719849,-237.670578
395993,2788,1061.143,331,2765.19,24.862311,-238.728739
396993,2789,3094.571,1000,2772.26,24.333493,-238.713783
397297,2790,964.921,304,2774.32,23.344912,-238.838529
397596,2791,970.142,299,2776.44,26.665678,-239.092314
398460,2792,2790.055,864,2783.11,23.444958,-238.871651
399460,2793,3149.647,1000,2790.64,24.425769,-239.050703
400460,2794,3160.823,1000,2802.21,25.252374,-239.581342
401460,2795,3122.641,1000,2809.27,23.665946,-239.541533
402460,2796,3120.141,1000,2817.46,22.892307,-240.016983
403460,2797,3140.832,1000,2825.47,24.000309,-239.99823
404460,2798,3152.586,1000,2833.64,25.295397,-240.296133
405460,2799,3192.337,1000,2840.84,23.661118,-240.524727
406015,2800,1795.411,555,2844.93,24.725319,-240.627951
407015,2801,3196.974,1000,2852.01,22.90886,-241.019973
408015,2802,3166.155,1000,2858.74,24.391762,-241.546838
409015,2803,3123.579,1000,2865.71,23.132227,-241.110798
410015,2804,3216.623,1000,2878.48,23.653359,-241.561332
411015,2805,3177.525,1000,2885.79,23.521423,-242.251083
412015,2806,3239.704,1000,2893.01,23.551054,-242.253205
412733,2807,2390.345,718,2897.99,22.794562,-242.38145
413733,2808,3218.083,1000,2904.82,22.378291,-242.477602
414733,2809,3184.146,1000,2911.63,22.868192,-242.692425
415078,2810,1149.503,345,2914.04,21.727484,-242.533566
416078,2811,3218.116,1000,2921.02,24.672295,-242.834898
417078,2812,3220.014,1000,2928.07,23.28456,-242.851966
418078,2813,3262.555,1000,2935.27,21.719833,-243.576914
419078,2814,3226.251,1000,2941.99,22.530552,-243.478011
419426,2815,1198.701,348,2944.55,22.116963,-243.797742
420426,2816,3237.478,1000,2957.29,23.531318,-243.588665
420856,2817,1468.007,430,2960.52,22.54935,-244.075728
421856,2818,3237.295,1000,2967.22,22.79675,-243.94908
422233,2819,1302.789,377,2970.0,23.090144,-244.21524
423233,2820,3291.042,1000,2976.82,22.430698,-244.563876
424233,2821,3270.865,1000,2983.69,22.722016,-245.487733
424522,2822,976.392,289,2985.77,25.252066,-245.017825
425522,2823,3228.275,1000,2992.66,21.149765,-245.510515
426522,2824,3273.921,1000,2999.71,22.668591,-245.25223
426996,2825,1514.254,474,3002.98,23.566585,-245.496553
427306,2826,1030.346,310,3005.13,25.578368,-246.322218
428306,2827,3271.025,1000,3011.85,21.896819,-245.537272
429306,2828,3286.889,1000,3019.63,21.646223,-245.846106
429738,2829,1446.824,432,3022.82,21.194622,-245.854081
430738,2830,3297.835,1000,3034.03,20.679172,-246.445306
431113,2831,1237.744,375,3036.89,22.610754,-246.474591
431458,2832,1193.301,345,3039.39,20.213903,-246.325695
431814,2833,1246.423,356,3041.95,22.98414,-246.421458
432183,2834,1226.887,369,3044.8,24.370222,-247.09494
432524,2835,1090.342,341,3047.43,21.262497,-246.496821
433524,2836,3255.266,1000,3055.78,23.979499,-246.608703
434524,2837,3227.697,1000,3063.92,24.905545,-246.980818
435524,2838,3275.349,1000,3071.69,22.52278,-247.045827
436524,2839,3278.558,1000,3078.97,21.216605,-247.343975
437524,2840,3318.287,1000,3086.15,23.501672,-247.552738
438524,2841,3279.034,1000,3093.39,21.326463,-247.552799
439524,2842,3339.449,1000,3100.78,21.492084,-248.082942
440524,2843,3294.332,1000,3113.99,23.137705,-248.054163
441524,2844,3295.824,1000,3120.62,23.015875,-248.52853
442524,2845,3306.246,1000,3128.08,21.901254,-248.62628
443524,2846,3281.689,1000,3135.19,23.023113,-248.295893
444524,2847,3305.14,1000,3143.11,21.292976,-249.089106
445167,2848,2142.246,643,3148.07,21.966689,-249.21959
446167,2849,3298.436,1000,3155.67,21.390799,-249.829261
447167,2850,3298.786,1000,3163.5,24.954843,-249.53952
448167,2851,3281.004,1000,3171.16,21.858076,-249.955265
449167,2852,3278.671,1000,3179.15,22.08319,-249.993938
450167,2853,3337.426,1000,3193.37,22.125804,-250.122131
451167,2854,3308.33,1000,3200.32,20.98637,-250.24735
452167,2855,3236.122,1000,3206.98,22.847433,-250.551782
453167,2856,3375.177,1000,3214.29,22.167143,-250.429095
454167,2857,3235.646,1000,3221.82,21.072867,-251.065646
455167,2858,3328.023,1000,3228.57,21.677621,-250.954655
456167,2859,3287.826,1000,3235.15,20.991198,-251.440158
457167,2860,3155.285,1000,3242.08,21.608817,-251.719457
458167,2861,3255.523,1000,3249.08,21.074104,-251.707075
459167,2862,3327.397,1000,3256.33,22.726817,-251.182554
460167,2863,3290.751,1000,3269.12,20.724084,-252.31132
461167,2864,3267.873,1000,3276.41,21.622327,-252.634714
462167,2865,3172.481,1000,3282.84,22.799105,-252.694183
463167,2866,3359.104,1000,3290.2,21.776073,-253.0881
464167,2867,3265.881,1000,3296.63,21.900934,-253.055788
465167,2868,3291.72,1000,3304.08,20.251942,-253.443069
466167,2869,3358.117,1000,3310.76,19.850811,-253.525042
467167,2870,3373.089,1000,3318.23,20.363098,-253.968028
467733,2871,1939.831,566,3322.02,20.159668,-254.229986
468733,2872,3289.044,1000,3329.33,19.766611,-254.346227
469733,2873,3289.74,1000,3335.87,21.864123,-254.813605
470733,2874,3245.881,1000,3348.24,22.899245,-254.723516
471733,2875,3293.855,1000,3355.8,20.446076,-255.297747
472733,2876,3344.884,1000,3362.4,22.476082,-255.219268
473733,2877,3234.045,1000,3369.67,21.32078,-255.65731
474733,2878,3299.745,1000,3376.27,22.016451,-255.882172
475733,2879,3287.47,1000,3383.17,21.039034,-256.180896
476733,2880,3230.688,1000,3389.65,21.686555,-256.143802
477733,2881,3227.222,1000,3396.96,20.962376,-256.22578
478733,2882,3277.977,1000,3404.0,20.554638,-256.285222
479733,2883,3274.689,1000,3410.75,20.531529,-256.646004
480034,2884,873.374,301,3417.03,20.117943,-256.322105
481034,2885,3361.128,1000,3423.74,20.074893,-256.809764
482034,2886,3186.186,1000,3430.53,20.608127,-257.027229
483034,2887,3252.297,1000,3437.92,19.899865,-257.473819
484034,2888,3241.639,1000,3445.03,22.459901,-257.304171
485034,2889,3312.314,1000,3452.26,20.811954,-257.264816
486034,2890,3326.192,1000,3459.46,21.327316,-258.009485
487034,2891,3325.515,1000,3466.76,22.29093,-257.762565
488034,2892,3318.284,1000,3473.64,21.377027,-258.717546
489034,2893,3328.82,1000,3480.45,22.10918,-258.184133
490034,2894,3309.908,1000,3493.06,21.897511,-258.756023
491034,2895,3305.689,1000,3500.73,20.299726,-258.748837
492034,2896,3338.262,1000,3508.45,19.392403,-259.11314
493034,2897,3269.487,1000,3515.62,18.996673,-259.032523
494034,2898,3393.993,1000,3523.34,20.221003,-259.443504
495034,2899,3292.297,1000,3531.48,20.476361,-259.230608
496034,2900,3369.678,1000,3539.55,21.80879,-259.489936
497034,2901,3317.27,1000,3547.48,19.924693,-259.812079
497980,2902,3185.408,946,3554.65,19.486774,-259.699615
498980,2903,3371.691,1000,3561.52,19.747417,-259.750205
499980,2904,3334.097,1000,3568.46,19.156873,-260.409428
500550,2905,1931.585,570,3578.31,22.454996,-260.327094
501550,2906,3304.879,1000,3585.47,22.252231,-260.687456
502550,2907,3372.496,1000,3592.71,20.454414,-260.312685
503550,2908,3305.172,1000,3600.01,21.408577,-260.396807
504550,2909,3301.355,1000,3607.38,19.223143,-261.272413
505041,2910,1594.504,491,3610.9,22.697931,-261.315276
506041,2911,3384.997,1000,3618.11,19.245986,-261.192328
507041,2912,3344.75,1000,3625.19,20.814849,-261.584153
508041,2913,3316.555,1000,3631.76,18.331652,-261.691163
509041,2914,3376.16,1000,3638.52,19.47367,-261.571604
510041,2915,3366.562,1000,3651.32,19.521593,-261.816842
511041,2916,3312.438,1000,3658.27,19.466172,-262.129606
512041,2917,3348.728,1000,3665.14,22.247298,-262.216688
512742,2918,2414.421,701,3670.18,19.957055,-262.212549
513742,2919,3375.973,1000,3677.03,19.611495,-262.541104
514223,2920,1622.325,481,3680.36,20.659972,-262.521077
515223,2921,3303.951,1000,3687.37,21.116631,-263.154581
516223,2922,3331.394,1000,3694.08,19.316381,-262.973964
517223,2923,3311.651,1000,3701.33,20.592719,-263.445677
517762,2924,1849.525,539,3705.85,19.539844,-262.738236
518715,2925,3172.891,953,3712.51,19.332628,-263.050145
519715,2926,3284.465,1000,3719.11,17.569963,-262.918214
520715,2927,3312.393,1000,3732.17,18.606592,-263.383588
521633,2928,3145.869,918,3738.81,19.709018,-263.50509
522317,2929,2297.745,684,3744.19,18.728329,-263.434492
523317,2930,3296.277,1000,3751.64,19.039233,-263.297763
524173,2931,2955.663,856,3758.06,18.497759,-263.630555
525173,2932,3210.816,1000,3765.99,18.701429,-263.774672
526173,2933,3271.782,1000,3773.1,17.954835,-263.730822
526690,2934,1835.062,517,3777.45,17.399903,-263.85113
527690,2935,3328.508,1000,3784.54,20.264618,-263.950279
528454,2936,2599.541,764,3790.5,19.834361,-264.146217
529454,2937,3295.313,1000,3797.78,20.298063,-264.063063
530454,2938,3350.574,1000,3810.84,17.516979,-263.886118
531454,2939,3336.799,1000,3818.12,17.26055,-264.473662
532454,2940,3364.568,1000,3825.33,17.858945,-264.341517
533454,2941,3433.132,1000,3832.36,18.668158,-264.688591
534454,2942,3366.414,1000,3839.41,17.684572,-264.650381
535454,2943,3347.269,1000,3846.25,16.938793,-265.049138
536454,2944,3332.436,1000,3853.08,20.334737,-264.851846
537454,2945,3312.547,1000,3860.61,18.423325,-264.73316
538454,2946,3359.108,1000,3868.3,17.959735,-265.269559
539454,2947,3381.61,1000,3876.04,18.72361,-265.345892
540454,2948,3381.851,1000,3890.86,18.196311,-265.002316
541454,2949,3358.837,1000,3898.82,20.282583,-265.647745
542454,2950,3432.545,1000,3907.19,18.674932,-265.67427
543454,2951,3416.83,1000,3914.88,19.343496,-265.776874
544454,2952,3355.889,1000,3921.84,19.203959,-265.730666
545454,2953,3459.383,1000,3928.89,17.62632,-265.836262
546454,2954,3474.383,1000,3935.77,18.797818,-265.858305
547454,2955,3404.352,1000,3942.91,17.224022,-265.771161
547737,2956,959.232,283,3945.07,14.220017,-266.286839
548008,2957,914.059,271,3947.1,21.702227,-266.086978
548281,2958,909.82,273,3948.98,17.322546,-266.301127
548648,2959,1223.076,367,3951.49,15.789512,-265.941028
549648,2960,3454.907,1000,3958.56,18.329105,-265.821666
550648,2961,3452.886,1000,3969.06,18.761637,-265.587445
551648,2962,3482.502,1000,3976.16,17.620965,-265.910249
552648,2963,3415.997,1000,3983.12,18.423788,-266.110585
553648,2964,3436.576,1000,3990.1,19.424243,-265.846935
553962,2965,1054.588,314,3992.27,18.481261,-266.036656
554962,2966,3448.886,1000,3999.02,17.607155,-266.218184
555962,2967,3424.805,1000,4005.68,16.486054,-266.233114
556072,2968,258.238,110,4006.47,24.135161,-265.701758
556382,2969,1059.63,310,4008.65,18.512704,-266.631172
556695,2970,1051.946,313,4010.94,18.367221,-266.538382
557695,2971,3424.729,1000,4018.4,17.956131,-266.192881
558695,2972,3376.623,1000,4025.49,17.779463,-266.450551
559265,2973,1879.101,570,4029.38,15.372957,-266.410964
559999,2974,2410.009,734,4034.47,16.932881,-266.530941
560999,2975,3468.648,1000,4043.06,21.473855,-266.818424
561673,2976,2286.03,674,4047.33,17.75393,-267.06957
562673,2977,3466.517,1000,4054.34,17.620072,-266.826022
563673,2978,3400.52,1000,4061.16,19.036187,-266.946459
564673,2979,3402.591,1000,4067.77,19.543963,-267.039742
565673,2980,3415.394,1000,4074.61,19.793573,-267.02526
566673,2981,3409.068,1000,4081.58,18.02194,-266.761289
567673,2982,3392.978,1000,4088.32,17.619022,-267.165299
568673,2983,3409.194,1000,4095.06,20.723503,-266.870932
569673,2984,3411.319,1000,4102.0,18.556431,-266.971336
570673,2985,3416.051,1000,4115.85,21.024791,-267.497643
571673,2986,3404.975,1000,4123.61,22.44306,-267.296597
572673,2987,3385.082,1000,4130.48,19.428135,-267.588832
573673,2988,3439.992,1000,4137.64,19.194526,-267.876861
573985,2989,1010.664,312,4140.14,18.333458,-267.542726
574985,2990,3343.176,1000,4147.48,18.078785,-267.81515
575985,2991,3366.201,1000,4155.11,19.288587,-268.209485
576985,2992,3386.023,1000,4162.4,16.806882,-268.540694
577379,2993,1306.599,394,4165.15,19.111189,-268.126186
578379,2994,3445.202,1000,4172.49,18.670073,-268.888552
579379,2995,3424.564,1000,4179.69,20.141101,-268.771637
580379,2996,3413.038,1000,4192.18,17.395974,-268.87187
581379,2997,3425.145,1000,4199.27,18.000826,-268.626281
582379,2998,3429.684,1000,4206.16,19.717103,-269.499433
583379,2999,3417.423,1000,4212.74,17.447258,-269.537354
584379,3000,3415.322,1000,4220.33,17.112566,-269.801643
585379,3001,3424.743,1000,4227.35,18.807758,-270.011154
586379,3002,3433.411,1000,4234.69,19.617758,-270.23364
586723,3003,1214.146,344,4237.17,17.932875,-270.479985
587723,3004,3416.817,1000,4244.67,18.5194,-270.292826
588723,3005,3425.917,1000,4252.91,18.328941,-270.187319
589723,3006,3410.08,1000,4260.79,18.411338,-270.452225
590723,3007,3413.257,1000,4276.14,17.254287,-270.228163
591723,3008,3431.599,1000,4283.38,18.066435,-270.73538
592723,3009,3400.667,1000,4290.13,17.874601,-270.397953
593723,3010,3422.595,1000,4296.99,21.424384,-270.89313
594723,3011,3360.52,1000,4305.01,16.872578,-270.468123
595723,3012,3436.812,1000,4312.22,18.340222,-270.916712
596723,3013,3411.298,1000,4319.24,18.542256,-271.144123
597723,3014,3439.525,1000,4326.02,17.860706,-271.116167
598723,3015,3399.7,1000,4333.27,16.810988,-271.010393
599723,3016,3426.264,1000,4340.21,18.801216,-271.36257
600723,3017,3427.791,1000,4352.98,18.45954,-271.587496
601723,3018,3431.582,1000,4359.77,21.15722,-271.232542
602723,3019,3438.324,1000,4366.74,17.136739,-271.633976
603723,3020,3423.132,1000,4373.92,15.725521,-271.738046
604723,3021,3438.998,1000,4380.97,17.363948,-271.677844
605723,3022,3413.95,1000,4387.75,18.839681,-271.944802
606723,3023,3422.748,1000,4394.6,18.343344,-271.889362
607723,3024,3434.566,1000,4401.65,16.471226,-272.163319
608723,3025,3450.209,1000,4408.65,16.526889,-272.386762
609723,3026,3412.477,1000,4415.46,16.766552,-272.363578
610723,3027,3407.125,1000,4428.25,20.885997,-272.692351
611723,3028,3405.18,1000,4435.08,18.520541,-272.960439
612723,3029,3421.686,1000,4441.61,17.4403,-272.851138
613723,3030,3436.285,1000,4448.35,17.470681,-272.683015
614723,3031,3427.749,1000,4455.71,17.227709,-273.044338
615723,3032,3441.146,1000,4463.34,18.476413,-273.230347
616723,3033,3418.237,1000,4471.0,18.846846,-273.353791
617723,3034,3390.799,1000,4478.74,18.103378,-273.716574
618723,3035,3446.279,1000,4485.82,18.599788,-273.172564
619723,3036,3381.388,1000,4493.47,17.360821,-273.689875
620723,3037,3422.438,1000,4507.79,16.722334,-273.835773
621723,3038,3417.763,1000,4514.79,16.129251,-273.764146
622723,3039,3445.214,1000,4522.2,16.433527,-274.226616
623723,3040,3393.595,1000,4529.61,16.978714,-274.025609
624723,3041,3432.603,1000,4536.91,18.446663,-274.360711
625723,3042,3442.077,1000,4544.07,15.489683,-274.299654
626723,3043,3434.588,1000,4550.86,15.549848,-274.882866
627723,3044,3436.062,1000,4558.11,18.706222,-275.134308
628723,3045,3424.145,1000,4565.32,16.561816,-275.064489
629723,3046,3456.46,1000,4572.28,17.223099,-275.203627
630723,3047,3375.861,1000,4586.2,17.826737,-275.331937
631723,3048,3366.402,1000,4593.38,15.986175,-275.442759
632723,3049,3434.273,1000,4600.66,17.953514,-275.186898
633723,3050,3443.821,1000,4608.31,16.577102,-275.697953
634723,3051,3433.429,1000,4616.23,15.298956,-275.810659
635723,3052,3402.89,1000,4624.09,15.734719,-275.755
636723,3053,3411.858,1000,4632.27,16.320046,-276.089713
637723,3054,3404.662,1000,4639.71,14.327705,-276.181999
638723,3055,3413.314,1000,4646.81,16.14353,-276.183633
639723,3056,3409.377,1000,4653.66,15.505376,-276.439987
640723,3057,3356.813,1000,4664.09,14.984207,-276.731302
641723,3058,3444.207,1000,4671.35,18.331579,-276.843348
642723,3059,3416.188,1000,4678.81,17.297065,-277.253149
643380,3060,2177.746,657,4683.56,17.313716,-277.208207
644052,3061,2242.338,672,4688.18,16.848103,-277.276464
645052,3062,3418.762,1000,4695.3,18.556779,-277.133991
646052,3063,3414.538,1000,4702.08,18.662876,-277.183458
647052,3064,3419.454,1000,4708.85,17.142376,-277.428615
648052,3065,3359.593,1000,4715.76,16.722876,-277.702826
649052,3066,3423.343,1000,4722.6,17.039026,-277.721274
650052,3067,3443.632,1000,4733.67,17.259465,-278.145477
651052,3068,3409.382,1000,4740.88,18.507995,-278.037013
652052,3069,3439.32,1000,4747.94,17.205133,-277.789972
653052,3070,3407.581,1000,4754.84,16.308587,-277.994523
654052,3071,3401.407,1000,4761.66,17.686638,-278.495878
655052,3072,3405.677,1000,4768.84,18.013849,-278.293048
656052,3073,3355.233,1000,4775.97,17.466741,-278.253616
657052,3074,3435.436,1000,4782.95,16.95563,-278.111811
658052,3075,3429.741,1000,4789.53,15.475393,-278.449362
659052,3076,3442.767,1000,4796.43,18.576076,-278.362115
660052,3077,3451.151,1000,4809.39,15.29081,-278.822923
661052,3078,3463.482,1000,4816.09,15.849616,-278.980517
662052,3079,3434.575,1000,4823.79,17.148793,-278.9847
663052,3080,3441.516,1000,4831.17,17.367537,-279.358416
664052,3081,3447.631,1000,4838.82,18.198833,-279.167524
665052,3082,3431.035,1000,4846.77,16.710371,-279.282653
666052,3083,3458.22,1000,4854.11,16.88275,-279.581738
667052,3084,3444.497,1000,4861.84,16.869391,-279.624234
668052,3085,3405.032,1000,4869.47,14.94644,-279.673382
669052,3086,3443.636,1000,4876.84,15.860808,-280.006402
670052,3087,3454.952,1000,4889.89,19.650449,-280.520826
671052,3088,3453.394,1000,4897.09,15.026468,-280.399662
672052,3089,3455.364,1000,4905.38,15.231515,-280.270541
673052,3090,3441.571,1000,4912.51,19.247141,-280.327208
674052,3091,3432.857,1000,4919.51,16.507944,-280.854719
675052,3092,3443.303,1000,4926.41,15.927698,-280.824907
676052,3093,3394.545,1000,4933.5,18.440126,-281.069917
677052,3094,3443.075,1000,4940.85,17.712619,-280.569466
678052,3095,3442.942,1000,4948.3,15.264428,-280.817464
679052,3096,3458.852,1000,4955.66,18.530451,-281.251925
680052,3097,3390.972,1000,4970.63,15.254778,-281.28034
681052,3098,3409.633,1000,4978.52,17.700149,-281.10435
682052,3099,3427.362,1000,4986.44,17.926066,-281.505952
683052,3100,3421.293,1000,4994.47,17.659725,-281.598727
684052,3101,3447.431,1000,5001.62,15.574915,-281.363167
685052,3102,3452.378,1000,5008.69,13.779575,-281.556519
686052,3103,3453.852,1000,5015.75,17.094518,-281.741058
687052,3104,3456.656,1000,5022.35,16.928138,-282.010093
688052,3105,3451.813,1000,5029.64,15.831221,-282.045171
689052,3106,3444.706,1000,5037.07,16.955358,-282.127488
690052,3107,3468.173,1000,5050.19,16.565398,-282.134048
691052,3108,3455.007,1000,5057.13,14.424457,-282.729049
692052,3109,3393.278,1000,5063.87,15.274721,-282.296439
693052,3110,3453.503,1000,5070.85,14.642503,-282.682592
694052,3111,3448.37,1000,5077.8,15.508104,-282.660315
695052,3112,3450.719,1000,5084.49,14.195865,-282.839636
696052,3113,3421.074,1000,5091.35,15.284999,-282.949034
697052,3114,3421.783,1000,5098.54,14.215035,-283.190288
698052,3115,3484.024,1000,5105.46,17.304048,-283.11067
699052,3116,3412.883,1000,5112.33,15.440742,-283.309329
700052,3117,3452.036,1000,5123.5,15.003802,-283.601289
701052,3118,3434.453,1000,5130.26,14.388301,-283.595178
702052,3119,3467.443,1000,5137.24,16.340056,-283.801194
703052,3120,3480.018,1000,5144.2,13.859346,-284.164354
704052,3121,3449.804,1000,5151.27,16.77023,-284.255065
705052,3122,3417.53,1000,5157.93,15.478386,-284.474469
706052,3123,3454.881,1000,5164.66,13.595267,-284.337671
707052,3124,3456.539,1000,5171.51,13.980785,-284.701871
708052,3125,3471.803,1000,5178.38,16.379181,-284.749479
709052,3126,3470.786,1000,5186.02,16.566251,-284.803114
710052,3127,3452.208,1000,5200.38,17.574775,-285.144166
710799,3128,2523.255,747,5205.57,15.498344,-285.100613
711799,3129,3476.703,1000,5213.16,15.187065,-285.468886
712799,3130,3451.856,1000,5220.55,14.815119,-285.236253
713799,3131,3465.852,1000,5228.33,15.271569,-285.700694
714799,3132,3480.66,1000,5236.23,16.249178,-285.889225
715799,3133,3503.535,1000,5243.51,16.414968,-285.862299
716799,3134,3478.724,1000,5250.81,16.113745,-286.235082
717799,3135,3462.87,1000,5258.0,15.703293,-286.022346
718799,3136,3453.915,1000,5265.22,18.382651,-286.467955
719799,3137,3460.098,1000,5272.4,16.38825,-286.700133
720799,3138,3445.114,1000,5284.97,15.785314,-286.723877
721799,3139,3467.182,1000,5292.24,15.145977,-286.475087
722799,3140,3429.598,1000,5299.34,14.819843,-287.141295
723799,3141,3471.164,1000,5306.76,16.299504,-286.832621
724799,3142,3430.053,1000,5314.12,16.140607,-287.339645
725799,3143,3420.011,1000,5321.65,17.151861,-287.263237
726799,3144,3454.222,1000,5329.28,14.606581,-287.442106
727799,3145,3464.97,1000,5337.12,14.128879,-287.211035
728799,3146,3441.013,1000,5345.15,15.994427,-287.633262
729799,3147,3434.302,1000,5353.36,17.461805,-287.966429
730799,3148,3474.772,1000,5366.24,14.581745,-288.002206
731799,3149,3444.635,1000,5373.38,14.337849,-288.32716
732799,3150,3440.745,1000,5380.31,16.962633,-288.420084
733799,3151,3468.074,1000,5387.33,15.616214,-288.527312
734799,3152,3433.891,1000,5394.64,14.981229,-288.851051
735799,3153,3410.09,1000,5402.07,16.278177,-288.681662
736799,3154,3424.588,1000,5409.09,13.227983,-289.194796
737799,3155,3476.032,1000,5415.96,15.112598,-289.111216
738799,3156,3413.95,1000,5422.74,15.757839,-289.115467
739799,3157,3439.995,1000,5429.81,15.497028,-289.364958
740799,3158,3439.892,1000,5442.71,14.877141,-289.350326
741799,3159,3444.339,1000,5449.42,17.26034,-289.53981
742799,3160,3408.176,1000,5456.35,17.847281,-289.562062
743799,3161,3460.935,1000,5463.27,12.727518,-289.734004
744799,3162,3437.393,1000,5470.21,14.979819,-289.657113
745799,3163,3429.041,1000,5477.06,15.556874,-290.035847
746799,3164,3445.291,1000,5484.07,15.581669,-290.271195
747309,3165,1675.995,510,5487.46,15.057755,-290.219899
748309,3166,3386.41,1000,5494.4,15.654681,-290.090323
749309,3167,3440.922,1000,5502.87,16.588447,-290.581975
750309,3168,3469.384,1000,5516.08,16.582238,-290.712974
751309,3169,3446.079,1000,5522.84,19.265655,-290.281079
752309,3170,3421.051,1000,5529.37,13.0507,-290.601389
753309,3171,3425.583,1000,5537.03,17.243023,-290.848223
754309,3172,3444.77,1000,5544.55,14.411888,-291.092493
755309,3173,3451.749,1000,5552.25,13.206348,-290.762188
756309,3174,3420.904,1000,5559.92,14.31646,-291.139257
757309,3175,3458.075,1000,5567.2,17.630393,-290.947987
758309,3176,3446.245,1000,5574.75,12.730345,-291.151688
759309,3177,3433.616,1000,5582.96,12.976695,-290.988349
760309,3178,3440.408,1000,5594.74,15.87963,-291.323647
761309,3179,3458.01,1000,5602.11,16.036865,-291.643407
762309,3180,3468.966,1000,5609.37,15.12293,-291.528922
763309,3181,3384.649,1000,5616.49,14.413693,-291.483171
764309,3182,3452.877,1000,5623.73,16.174957,-291.817635
765309,3183,3450.305,1000,5630.64,14.711585,-292.337532
766309,3184,3454.115,1000,5637.73,16.713835,-292.411278
766692,3185,1352.776,383,5640.15,13.17876,-291.867474
767692,3186,3424.719,1000,5647.29,15.002925,-292.361014
768692,3187,3433.52,1000,5654.29,14.655401,-292.159187
769692,3188,3444.314,1000,5661.52,14.810221,-292.378385
769945,3189,860.427,253,5663.43,20.744703,-292.394538
770238,3190,1011.44,293,5671.77,12.006737,-292.087232
770524,3191,1022.292,286,5673.95,12.938603,-292.879565
770791,3192,944.001,267,5676.03,18.820841,-292.62983
771099,3193,1087.936,308,5678.48,19.787397,-291.664551
771377,3194,975.517,278,5680.41,15.179236,-292.401826
771656,3195,990.789,279,5682.26,17.128265,-292.209812
771937,3196,983.514,281,5684.31,13.564889,-292.094795
772215,3197,960.99,278,5686.2,17.77119,-292.37152
772495,3198,997.493,280,5688.27,16.849061,-291.636378
772786,3199,1011.242,291,5690.58,20.66046,-292.178869
773786,3200,3466.931,1000,5697.75,15.317071,-291.990377
774786,3201,3459.821,1000,5705.53,14.559561,-292.233414
775058,3202,955.717,272,5707.63,13.461271,-292.329742
775352,3203,1038.098,294,5709.76,17.792085,-291.418494
776352,3204,3500.921,1000,5717.78,15.236556,-292.374461
777352,3205,3426.082,1000,5726.3,14.947125,-292.308272
778352,3206,3485.593,1000,5733.58,14.853518,-292.393789
778683,3207,1181.09,331,5736.23,11.670397,-292.84074
779683,3208,3461.998,1000,5743.43,13.547712,-291.995309
780683,3209,3424.686,1000,5756.32,15.610974,-292.120067
781683,3210,3483.277,1000,5763.3,14.673562,-292.327305
782683,3211,3454.998,1000,5770.67,14.595672,-292.621281
783683,3212,3459.626,1000,5777.21,17.093773,-292.384873
784683,3213,3424.591,1000,5783.91,17.64254,-292.553645
785683,3214,3467.324,1000,5791.34,14.836398,-292.528599
786683,3215,3440.459,1000,5798.08,16.226299,-292.316309
787683,3216,3470.564,1000,5804.96,15.818042,-292.382239
788683,3217,3452.817,1000,5811.81,15.896547,-292.604022
789683,3218,3459.718,1000,5818.89,15.672209,-292.88602
790683,3219,3470.423,1000,5832.27,14.713811,-292.65751
791683,3220,3440.914,1000,5839.03,14.384065,-292.789148
792683,3221,3468.568,1000,5846.18,14.757313,-292.311743
792998,3222,1119.481,315,5848.31,13.340754,-292.061214
793998,3223,3477.052,1000,5855.08,17.502458,-292.299717
794998,3224,3473.214,1000,5861.94,13.962073,-292.541693
795998,3225,3405.47,1000,5868.67,14.890721,-292.604775
796998,3226,3424.59,1000,5875.65,16.734813,-292.555506
797998,3227,3450.158,1000,5882.51,17.044266,-292.623154
798998,3228,3471.416,1000,5889.0,14.62219,-292.144467
799998,3229,3488.272,1000,5895.95,15.743272,-292.257134
800998,3230,3426.134,1000,5908.95,18.146588,-292.337332
801998,3231,3465.615,1000,5916.29,15.879209,-292.668513
802998,3232,3385.193,1000,5922.98,15.683321,-292.288554
803998,3233,3433.194,1000,5929.68,15.929331,-292.682675
804998,3234,3450.032,1000,5936.62,13.999292,-292.663318
805749,3235,2548.218,751,5941.59,17.400424,-292.730448
806749,3236,3490.224,1000,5948.84,18.002535,-292.40059
807749,3237,3438.345,1000,5955.36,16.925922,-292.870253
808749,3238,3455.476,1000,5962.59,13.307139,-292.717315
809749,3239,3405.57,1000,5969.8,16.112664,-292.843662
810749,3240,3456.745,1000,5982.86,12.7914,-292.56626
811749,3241,3425.353,1000,5990.07,17.726167,-292.942344
812749,3242,3407.341,1000,5997.1,15.559085,-292.677065
813115,3243,1299.824,366,5999.63,17.210139,-292.516251
814115,3244,3439.193,1000,6006.54,13.050896,-292.943295
815115,3245,3413.283,1000,6013.43,13.411376,-292.968804
815171,3246,97.567,56,6013.83,26.825799,-292.697681
815222,3247,84.888,51,6014.15,16.084869,-291.89173
816222,3248,3434.587,1000,6021.46,13.97542,-292.709899
817222,3249,3416.872,1000,6028.93,16.176749,-292.967475
818222,3250,3460.698,1000,6036.72,13.308061,-292.478851
819222,3251,3435.728,1000,6044.78,14.763777,-292.768623
820222,3252,3451.632,1000,6060.02,14.106313,-292.834213
821222,3253,3450.909,1000,6067.39,14.633418,-292.838562
822222,3254,3485.841,1000,6075.09,16.978462,-292.950624
823222,3255,3488.644,1000,6082.08,14.837113,-292.956165
824222,3256,3423.463,1000,6088.82,15.504109,-292.484632
825222,3257,3488.565,1000,6095.87,13.681709,-293.198483
826222,3258,3399.746,1000,6104.26,15.216394,-292.671833
827222,3259,3465.01,1000,6111.48,16.479203,-292.700774
828222,3260,3425.116,1000,6118.66,13.616323,-292.881426
829222,3261,3409.852,1000,6125.63,12.655958,-292.966435
830222,3262,3445.642,1000,6138.61,16.138927,-293.000724
831222,3263,3454.452,1000,6145.54,14.152207,-293.357046
832222,3264,3421.446,1000,6152.55,13.758358,-292.970408
832573,3265,1284.046,351,6154.82,11.543841,-292.90738
833573,3266,3448.871,1000,6161.71,13.168615,-292.663072
834573,3267,3438.182,1000,6168.89,14.466918,-293.206537
834947,3268,1359.943,374,6171.55,14.629316,-293.499756
835947,3269,3411.478,1000,6178.43,13.779594,-293.179174
836947,3270,3450.987,1000,6185.26,15.691783,-293.230392
837947,3271,3466.266,1000,6192.2,14.854828,-293.412042
838947,3272,3490.339,1000,6199.25,13.315108,-293.354079
839947,3273,3460.411,1000,6206.1,13.305347,-293.486916
840324,3274,1384.457,377,6214.61,14.587743,-293.597499
841324,3275,3434.491,1000,6221.54,14.117957,-293.573271
842324,3276,3467.462,1000,6228.32,13.967341,-293.324638
843324,3277,3457.79,1000,6235.48,16.247035,-293.593485
844324,3278,3444.698,1000,6242.55,14.078212,-293.813512
845324,3279,3416.654,1000,6249.57,14.12711,-293.922763
846324,3280,3462.649,1000,6256.61,13.615378,-294.042561
847324,3281,3444.534,1000,6264.39,14.571676,-293.897535
848324,3282,3448.605,1000,6271.82,18.928493,-294.444725
849324,3283,3450.066,1000,6279.17,14.945157,-294.462727
850324,3284,3456.402,1000,6294.19,15.512872,-294.340206
851324,3285,3448.292,1000,6301.64,13.664848,-294.124577
852324,3286,3436.254,1000,6309.34,13.573722,-294.428559
853324,3287,3434.45,1000,6317.11,12.782377,-294.484662
854324,3288,3420.154,1000,6324.36,15.831154,-294.295643
855324,3289,3481.305,1000,6331.57,13.199342,-294.682288
856324,3290,3484.113,1000,6338.68,14.659629,-294.919214
857324,3291,3465.309,1000,6345.94,16.99598,-294.488362
858324,3292,3423.045,1000,6353.28,14.886954,-294.788097
859324,3293,3459.187,1000,6360.25,17.090113,-295.013796
860324,3294,3447.309,1000,6372.56,15.066144,-294.954132
861324,3295,3442.201,1000,6380.12,13.530943,-295.120114
862324,3296,3440.353,1000,6387.72,12.269709,-294.926324
863324,3297,3471.343,1000,6395.46,14.357312,-294.976805
864324,3298,3401.137,1000,6402.94,13.186305,-295.632337
865324,3299,3467.687,1000,6410.72,14.699191,-295.700623
866324,3300,3528.166,1000,6418.6,13.849017,-295.856955
867324,3301,3414.334,1000,6426.66,14.4758,-295.874065
868324,3302,3489.722,1000,6434.54,12.889469,-295.885809
869324,3303,3450.5,1000,6441.25,13.149473,-296.062896
870324,3304,3442.663,1000,6454.21,14.824389,-295.927121
871324,3305,3491.726,1000,6461.22,14.916698,-296.258401
872324,3306,3442.565,1000,6468.25,12.844383,-296.478816
873324,3307,3488.405,1000,6475.5,12.479607,-296.651271
874324,3308,3464.034,1000,6482.59,14.594413,-296.611756
875324,3309,3467.256,1000,6489.75,14.305656,-296.839735
876324,3310,3445.071,1000,6496.84,13.623078,-296.786351
877324,3311,3421.505,1000,6503.62,17.513749,-297.268902
878324,3312,3477.305,1000,6510.65,13.586518,-296.997933
879324,3313,3433.481,1000,6517.41,14.020746,-297.054491
880324,3314,3444.043,1000,6529.87,12.975128,-296.974286
881324,3315,3476.613,1000,6536.9,13.023665,-297.240061
882324,3316,3425.17,1000,6544.11,15.990192,-297.45992
883324,3317,3433.4,1000,6551.01,13.59119,-297.393812
884324,3318,3412.826,1000,6557.87,16.713845,-297.744291
885324,3319,3504.086,1000,6564.81,15.756468,-297.684979
886324,3320,3486.041,1000,6571.99,12.492738,-297.636844
887324,3321,3460.07,1000,6579.01,17.079838,-297.950982
888324,3322,3456.526,1000,6585.71,12.561843,-297.577284
889324,3323,3454.018,1000,6592.56,13.710928,-298.352616
890324,3324,3462.989,1000,6605.67,13.245182,-297.788316
891324,3325,3479.745,1000,6612.69,13.976415,-297.957854
892324,3326,3461.073,1000,6620.46,12.713719,-298.4084
893324,3327,3468.312,1000,6628.07,15.771625,-298.41299
894324,3328,3456.115,1000,6635.53,15.157992,-298.465851
895324,3329,3447.334,1000,6642.77,12.347815,-298.582563
896324,3330,3433.707,1000,6650.38,15.598477,-298.792174
897324,3331,3477.244,1000,6658.09,14.138509,-298.63991
898324,3332,3432.955,1000,6665.89,13.841664,-298.870447
899324,3333,3367.299,1000,6673.91,13.811798,-298.851843
900324,3334,3426.197,1000,6687.0,13.065712,-298.87309
901324,3335,3455.149,1000,6694.14,12.867773,-298.858268
902324,3336,3427.776,1000,6702.48,17.570028,-299.120877
903324,3337,3462.611,1000,6709.74,14.342015,-298.915776
904324,3338,3455.303,1000,6716.84,14.237225,-299.217469
905324,3339,3419.097,1000,6723.98,13.872189,-299.004733
906324,3340,3433.794,1000,6730.65,12.436646,-299.68428
907324,3341,3482.784,1000,6738.39,14.620957,-299.343918
908324,3342,3480.04,1000,6746.36,13.229941,-299.150513
909324,3343,3377.257,1000,6753.72,15.938003,-298.811266
910324,3344,3459.552,1000,6768.94,13.727433,-299.174907
911324,3345,3427.34,1000,6776.31,14.702886,-299.683585
912324,3346,3450.903,1000,6784.27,15.791151,-299.728988
913324,3347,3477.756,1000,6792.05,14.772286,-299.759993
914324,3348,3447.711,1000,6799.55,14.224361,-299.571826
915324,3349,3450.716,1000,6806.55,14.937523,-299.508917
916324,3350,3478.858,1000,6813.39,13.98476,-299.450025
917324,3351,3424.212,1000,6820.34,12.808468,-299.611909
918324,3352,3441.325,1000,6827.6,13.483241,-299.596628
919324,3353,3451.304,1000,6834.72,14.36241,-299.496879
920324,3354,3437.649,1000,6847.89,13.780302,-299.680785
921324,3355,3444.459,1000,6854.89,15.698585,-299.735985
922324,3356,3447.123,1000,6861.59,14.463337,-299.790644
923324,3357,3422.835,1000,6868.29,11.693447,-299.549975
924324,3358,3459.997,1000,6875.53,13.908429,-300.021385
925324,3359,3483.291,1000,6882.48,15.460772,-299.769921
926324,3360,3477.859,1000,6889.5,13.032485,-299.905959
927324,3361,3463.356,1000,6896.2,14.141766,-300.294999
928324,3362,3382.671,1000,6903.08,12.497234,-300.355846
929324,3363,3421.582,1000,6910.06,14.301265,-300.44279
930324,3364,3469.169,1000,6922.84,13.291352,-300.065727
931324,3365,3469.227,1000,6929.66,14.591236,-300.195754
932324,3366,3446.39,1000,6936.65,17.535915,-300.52584
933324,3367,3511.057,1000,6943.9,14.768175,-300.435586
934324,3368,3458.254,1000,6950.88,16.244305,-300.5265
935324,3369,3464.651,1000,6957.72,15.34583,-300.334819
936324,3370,3398.197,1000,6964.45,13.609555,-301.088021
937324,3371,3482.683,1000,6971.57,12.882706,-300.798132
938324,3372,3453.608,1000,6978.54,13.336563,-301.076611
938423,3373,229.387,99,6979.29,11.822504,-299.775729
939423,3374,3456.757,1000,6987.14,14.994452,-300.935175
940423,3375,3453.173,1000,7001.48,12.251343,-301.29869
941423,3376,3458.807,1000,7009.1,13.25118,-301.522444
942423,3377,3489.199,1000,7017.43,12.642519,-301.167032
943423,3378,3445.789,1000,7025.48,12.776765,-301.424303
944423,3379,3409.393,1000,7033.13,13.811463,-301.69167
945423,3380,3483.528,1000,7040.5,16.058718,-301.558963
946423,3381,3486.558,1000,7047.78,16.104833,-301.664511
947423,3382,3470.567,1000,7055.16,13.006096,-301.681686
948423,3383,3476.941,1000,7062.36,14.703814,-302.077145
949423,3384,3468.191,1000,7068.92,14.026677,-301.88069
950423,3385,3433.552,1000,7081.53,12.352027,-302.282671
951423,3386,3467.338,1000,7088.71,10.850064,-302.159734
952423,3387,3424.696,1000,7095.91,14.062884,-302.462721
953423,3388,3408.376,1000,7103.56,13.65381,-302.209974
954423,3389,3444.547,1000,7111.25,14.0892,-302.387461
955423,3390,3478.805,1000,7118.53,13.305931,-302.611818
956423,3391,3455.612,1000,7126.69,13.613318,-302.345727
957423,3392,3409.578,1000,7134.48,15.089466,-302.503462
958423,3393,3472.633,1000,7142.7,13.412483,-302.680531
959423,3394,3476.526,1000,7150.67,10.35366,-302.889646
960423,3395,3484.847,1000,7162.37,13.4341,-302.663388
961423,3396,3440.389,1000,7169.53,16.976042,-302.788025
962423,3397,3451.516,1000,7176.53,15.662095,-302.724334
963423,3398,3455.248,1000,7183.53,13.988867,-303.212227
964423,3399,3464.317,1000,7190.37,13.62795,-303.466832
965423,3400,3422.774,1000,7197.51,13.779929,-303.362163
966423,3401,3470.312,1000,7205.14,12.680571,-303.314563
967423,3402,3442.485,1000,7212.2,14.141424,-303.340602
968423,3403,3477.024,1000,7219.06,11.663892,-303.621627
969423,3404,3467.365,1000,7225.97,11.809314,-303.386381
970423,3405,3483.218,1000,7238.81,17.146165,-303.851853
971423,3406,3462.158,1000,7245.83,12.784514,-303.749266
972423,3407,3499.311,1000,7252.6,13.549435,-303.837576
973423,3408,3449.352,1000,7259.53,12.917851,-303.829539
974423,3409,3487.304,1000,7266.62,12.520273,-304.319619
975423,3410,3478.402,1000,7273.74,12.373415,-303.878003
976423,3411,3424.433,1000,7280.55,12.861783,-304.383447
977423,3412,3466.93,1000,7287.49,12.976143,-304.456414
978423,3413,3490.154,1000,7294.59,16.120921,-304.590618
979423,3414,3469.221,1000,7302.82,11.744205,-304.5833
980423,3415,3454.013,1000,7315.97,13.388721,-304.685727
981423,3416,3459.381,1000,7322.78,12.80911,-304.731354
982423,3417,3488.168,1000,7329.86,14.078785,-304.771917
983423,3418,3474.754,1000,7337.07,12.004063,-304.97591
984423,3419,3450.897,1000,7344.51,12.527909,-304.893851
985423,3420,3509.974,1000,7352.18,14.857337,-305.07576
986423,3421,3515.246,1000,7359.81,14.452784,-305.010149
987423,3422,3490.402,1000,7367.0,13.870463,-305.296104
988423,3423,3487.489,1000,7374.9,14.228023,-305.316198
989423,3424,3488.09,1000,7382.35,15.359006,-305.565145
990423,3425,3488.58,1000,7396.51,13.314814,-305.563663
991423,3426,3461.386,1000,7403.79,13.467685,-305.99558
992423,3427,3513.293,1000,7411.09,14.118489,-306.055665
993423,3428,3503.158,1000,7418.37,12.380509,-305.913742
994423,3429,3462.083,1000,7425.55,11.68078,-306.10934
995423,3430,3480.472,1000,7432.45,12.989856,-306.104348
996423,3431,3466.466,1000,7439.24,14.653614,-305.9879
997423,3432,3486.33,1000,7446.02,12.745542,-306.351805
998423,3433,3487.217,1000,7453.24,10.146106,-305.977235
999423,3434,3467.89,1000,7460.53,12.362069,-306.232449
