timestep,episode,episode_reward,episode_length,wall_time,policy_loss,value_loss,entropy,approx_kl
33,0,20.932,33,0.93,,,,
43,1,0.802,10,0.94,,,,
62,2,3.914,19,0.97,,,,
85,3,4.961,23,1.01,,,,
107,4,2.448,22,1.04,,,,
120,5,2.024,13,1.06,,,,
140,6,2.28,20,1.1,,,,
157,7,3.056,17,1.15,,,,
172,8,2.446,15,1.19,,,,
185,9,2.114,13,1.21,,,,
207,10,1.035,22,1.24,,,,
225,11,1.775,18,1.27,,,,
237,12,1.227,12,1.29,,,,
260,13,3.178,23,1.32,,,,
282,14,4.226,22,1.36,,,,
296,15,2.646,14,1.38,,,,
346,16,11.569,50,1.46,,,,
382,17,1.526,36,1.51,,,,
419,18,1.895,37,1.57,,,,
439,19,1.12,20,1.6,,,,
452,20,0.869,13,1.63,,,,
462,21,0.485,10,1.64,,,,
480,22,1.198,18,1.67,,,,
516,23,0.897,36,1.73,,,,
529,24,1.152,13,1.77,,,,
544,25,1.232,15,1.8,,,,
558,26,0.973,14,1.82,,,,
565,27,0.395,7,1.83,,,,
596,28,1.741,31,1.88,,,,
610,29,1.325,14,1.9,,,,
631,30,2.644,21,1.93,,,,
664,31,3.516,33,1.99,,,,
691,32,3.592,27,2.03,,,,
717,33,3.544,26,2.07,,,,
728,34,0.781,11,2.08,,,,
741,35,1.087,13,2.11,,,,
758,36,1.642,17,2.14,,,,
766,37,0.485,8,2.15,,,,
781,38,0.923,15,2.17,,,,
813,39,2.576,32,2.24,,,,
828,40,1.097,15,2.28,,,,
843,41,0.993,15,2.31,,,,
859,42,0.986,16,2.34,,,,
873,43,1.309,14,2.36,,,,
889,44,1.545,16,2.38,,,,
900,45,0.907,11,2.4,,,,
918,46,1.941,18,2.43,,,,
934,47,0.98,16,2.45,,,,
957,48,2.744,23,2.49,,,,
1008,49,3.552,51,2.57,,,,
1028,50,1.103,20,2.6,,,,
1050,51,2.045,22,2.63,,,,
1061,52,0.319,11,2.66,,,,
1085,53,2.144,24,2.72,,,,
1100,54,0.895,15,2.77,,,,
1123,55,1.521,23,2.81,,,,
1136,56,1.273,13,2.84,,,,
1149,57,1.029,13,2.86,,,,
1161,58,1.201,12,2.88,,,,
1176,59,1.285,15,2.9,,,,
1185,60,0.569,9,2.92,,,,
1221,61,3.622,36,2.97,,,,
1240,62,2.687,19,3.01,,,,
1256,63,1.309,16,3.04,,,,
1321,64,10.452,65,3.17,,,,
1331,65,0.736,10,3.19,,,,
1352,66,1.509,21,3.22,,,,
1386,67,1.321,34,3.28,,,,
1399,68,0.911,13,3.3,,,,
1411,69,0.62,12,3.33,,,,
1430,70,0.931,19,3.36,,,,
1440,71,0.617,10,3.37,,,,
1463,72,0.65,23,3.41,,,,
1477,73,0.94,14,3.43,,,,
1495,74,1.687,18,3.46,,,,
1509,75,0.974,14,3.48,,,,
1526,76,1.695,17,3.51,,,,
1554,77,1.299,28,3.55,,,,
1565,78,0.776,11,3.57,,,,
1580,79,1.18,15,3.6,,,,
1604,80,1.08,24,3.64,,,,
1617,81,0.763,13,3.67,,,,
1646,82,3.277,29,3.74,,,,
1674,83,0.511,28,3.79,,,,
1697,84,1.568,23,3.83,,,,
1723,85,1.794,26,3.87,,,,
1734,86,0.708,11,3.89,,,,
1744,87,0.655,10,3.91,,,,
1752,88,0.448,8,3.93,,,,
1767,89,0.914,15,3.95,,,,
1796,90,3.536,29,4.0,,,,
1804,91,0.484,8,4.01,,,,
1816,92,0.826,12,4.03,,,,
1833,93,1.028,17,4.06,,,,
1844,94,0.88,11,4.08,,,,
1862,95,0.697,18,4.12,,,,
1874,96,0.79,12,4.14,,,,
1886,97,0.95,12,4.16,,,,
1905,98,1.288,19,4.19,,,,
1922,99,1.863,17,4.22,,,,
1938,100,1.081,16,4.25,,,,
1948,101,0.469,10,4.27,,,,
1957,102,0.395,9,4.28,,,,
1981,103,0.965,24,4.32,,,,
1990,104,0.517,9,4.35,,,,
2016,105,3.08,26,4.42,,,,
2024,106,0.472,8,4.43,,,,
2040,107,1.075,16,4.47,,,,
2061,108,2.247,21,7.14,,,,
2075,109,1.472,14,7.17,,,,
2123,110,8.462,48,7.25,,,,
2140,111,1.661,17,7.28,,,,
2157,112,1.245,17,7.32,,,,
2174,113,1.715,17,7.35,,,,
2219,114,6.493,45,7.43,,,,
2236,115,0.903,17,7.48,,,,
2249,116,0.894,13,7.5,,,,
2273,117,1.818,24,7.54,,,,
2290,118,1.766,17,7.57,,,,
2302,119,0.669,12,7.59,,,,
2350,120,5.469,48,7.68,,,,
2368,121,0.982,18,7.71,,,,
2377,122,0.443,9,7.72,,,,
2409,123,3.652,32,7.78,,,,
2420,124,0.796,11,7.8,,,,
2433,125,0.612,13,7.82,,,,
2484,126,4.497,51,7.9,,,,
2506,127,0.952,22,7.94,,,,
2543,128,4.245,37,8.01,,,,
2566,129,0.937,23,8.05,,,,
2579,130,0.872,13,8.08,,,,
2623,131,3.497,44,8.18,,,,
2647,132,1.647,24,8.23,,,,
2663,133,0.957,16,8.26,,,,
2675,134,1.042,12,8.28,,,,
2700,135,0.817,25,8.33,,,,
2721,136,1.403,21,8.37,,,,
2746,137,0.627,25,8.41,,,,
2759,138,0.942,13,8.43,,,,
2784,139,1.139,25,8.49,,,,
2799,140,1.285,15,8.53,,,,
2817,141,1.541,18,8.57,,,,
2864,142,6.855,47,8.66,,,,
2885,143,1.742,21,8.7,,,,
2905,144,1.396,20,8.73,,,,
2930,145,2.09,25,8.78,,,,
2954,146,0.707,24,8.84,,,,
2965,147,0.75,11,8.86,,,,
2979,148,0.954,14,8.88,,,,
3005,149,1.857,26,8.92,,,,
3019,150,0.589,14,8.95,,,,
3062,151,5.897,43,9.04,,,,
3093,152,2.959,31,9.1,,,,
3105,153,0.633,12,9.12,,,,
3129,154,1.232,24,9.18,,,,
3142,155,0.713,13,9.21,,,,
3190,156,7.629,48,9.31,,,,
3199,157,0.555,9,9.33,,,,
3227,158,2.349,28,9.38,,,,
3239,159,0.87,12,9.4,,,,
3262,160,1.323,23,9.44,,,,
3279,161,0.633,17,9.47,,,,
3297,162,1.414,18,9.5,,,,
3337,163,2.078,40,9.58,,,,
3347,164,0.558,10,9.61,,,,
3367,165,0.982,20,9.65,,,,
3385,166,1.541,18,9.68,,,,
3413,167,2.188,28,9.74,,,,
3466,168,7.035,53,9.85,,,,
3502,169,3.937,36,9.92,,,,
3514,170,0.561,12,9.94,,,,
3543,171,3.109,29,9.99,,,,
3553,172,0.61,10,10.01,,,,
3570,173,1.236,17,10.05,,,,
3593,174,1.981,23,10.1,,,,
3622,175,2.065,29,10.16,,,,
3675,176,6.516,53,10.25,,,,
3695,177,1.073,20,10.29,,,,
3719,178,1.57,24,10.33,,,,
3733,179,0.85,14,10.35,,,,
3795,180,5.198,62,10.49,,,,
3823,181,1.578,28,10.56,,,,
3847,182,1.839,24,10.6,,,,
3865,183,0.866,18,10.64,,,,
3883,184,1.116,18,10.67,,,,
3914,185,1.106,31,10.73,,,,
3930,186,1.089,16,10.75,,,,
3944,187,0.815,14,10.78,,,,
3961,188,1.256,17,10.81,,,,
4002,189,3.416,41,10.88,,,,
4023,190,2.299,21,10.94,,,,
4050,191,1.87,27,11.0,,,,
4064,192,0.937,14,11.03,,,,
4082,193,0.871,18,11.06,,,,
4177,194,9.13,95,13.68,,,,
4198,195,1.088,21,13.72,,,,
4229,196,2.868,31,13.77,,,,
4282,197,7.364,53,13.86,,,,
4318,198,1.372,36,13.92,,,,
4353,199,1.667,35,13.97,,,,
4428,200,10.763,75,14.17,,,,
4481,201,6.954,53,14.26,,,,
4510,202,1.946,29,14.31,,,,
4548,203,3.0,38,14.37,,,,
4573,204,2.167,25,14.41,,,,
4627,205,5.743,54,14.51,,,,
4691,206,6.544,64,14.62,,,,
4729,207,3.511,38,14.68,,,,
4743,208,0.658,14,14.71,,,,
4765,209,1.221,22,14.74,,,,
4795,210,2.736,30,14.79,,,,
4819,211,1.134,24,14.83,,,,
4867,212,2.989,48,14.91,,,,
4932,213,6.471,65,15.02,,,,
5015,214,6.069,83,15.17,,,,
5055,215,4.171,40,15.27,,,,
5068,216,0.667,13,15.29,,,,
5108,217,2.404,40,15.36,,,,
5127,218,0.619,19,15.39,,,,
5141,219,0.842,14,15.41,,,,
5191,220,3.075,50,15.49,,,,
5205,221,0.616,14,15.52,,,,
5259,222,6.572,54,15.61,,,,
5271,223,0.503,12,15.63,,,,
5293,224,1.659,22,15.67,,,,
5314,225,0.673,21,15.7,,,,
5372,226,6.918,58,15.8,,,,
5416,227,4.239,44,15.88,,,,
5467,228,5.81,51,15.97,,,,
5481,229,0.453,14,16.0,,,,
5602,230,11.612,121,16.24,,,,
5640,231,3.569,38,16.33,,,,
5657,232,1.002,17,16.38,,,,
5715,233,4.979,58,16.48,,,,
5748,234,2.432,33,16.54,,,,
5824,235,8.381,76,16.68,,,,
5888,236,5.273,64,16.8,,,,
5944,237,2.525,56,16.92,,,,
5986,238,3.13,42,17.02,,,,
5997,239,0.48,11,17.05,,,,
6009,240,0.532,12,17.07,,,,
6077,241,5.965,68,17.18,,,,
6100,242,1.216,23,17.23,,,,
6161,243,6.069,61,19.74,,,,
6192,244,2.101,31,19.82,,,,
6247,245,4.92,55,19.93,,,,
6292,246,3.913,45,20.01,,,,
6380,247,9.149,88,20.17,,,,
6455,248,6.955,75,20.32,,,,
6498,249,3.508,43,20.42,,,,
6520,250,1.159,22,20.48,,,,
6536,251,0.696,16,20.51,,,,
6582,252,3.115,46,20.64,,,,
6602,253,1.027,20,20.69,,,,
6670,254,6.468,68,20.83,,,,
6721,255,4.301,51,20.92,,,,
6772,256,3.901,51,21.0,,,,
6847,257,7.373,75,21.14,,,,
6869,258,1.003,22,21.18,,,,
6897,259,1.278,28,21.24,,,,
6945,260,3.839,48,21.34,,,,
6985,261,0.714,40,21.42,,,,
7030,262,3.614,45,21.51,,,,
7092,263,5.729,62,21.69,,,,
7148,264,3.701,56,21.82,,,,
7276,265,10.114,128,22.08,,,,
7293,266,0.617,17,22.11,,,,
7318,267,1.252,25,22.17,,,,
7327,268,0.299,9,22.19,,,,
7351,269,1.04,24,22.23,,,,
7374,270,0.605,23,22.27,,,,
7389,271,0.472,15,22.31,,,,
7460,272,2.908,71,22.47,,,,
7498,273,1.472,38,22.54,,,,
7566,274,6.02,68,22.65,,,,
7598,275,2.366,32,22.71,,,,
7631,276,2.442,33,22.76,,,,
7651,277,0.934,20,22.8,,,,
7708,278,3.721,57,22.93,,,,
7734,279,1.185,26,22.98,,,,
7759,280,1.306,25,23.03,,,,
7781,281,1.332,22,23.09,,,,
7825,282,2.961,44,23.21,,,,
7870,283,3.413,45,23.31,,,,
7965,284,9.015,95,23.51,,,,
8003,285,2.691,38,23.59,,,,
8062,286,3.368,59,23.7,,,,
8127,287,3.405,65,23.81,,,,
8199,288,5.793,72,26.29,,,,
8246,289,3.046,47,26.38,,,,
8308,290,4.584,62,26.48,,,,
8350,291,2.659,42,26.56,,,,
8405,292,4.401,55,26.66,,,,
8439,293,2.347,34,26.75,,,,
8474,294,1.692,35,26.84,,,,
8524,295,3.388,50,26.97,,,,
8563,296,2.793,39,27.05,,,,
8643,297,7.433,80,27.19,,,,
8690,298,3.051,47,27.28,,,,
8730,299,2.86,40,27.35,,,,
8792,300,3.927,62,27.46,,,,
8832,301,0.936,40,27.52,,,,
8875,302,2.678,43,27.6,,,,
8904,303,2.079,29,27.65,,,,
8924,304,0.584,20,27.68,,,,
8961,305,1.413,37,27.74,,,,
9055,306,8.118,94,27.92,,,,
9087,307,2.239,32,28.01,,,,
9099,308,0.287,12,28.03,,,,
9177,309,5.218,78,28.16,,,,
9224,310,3.319,47,28.25,,,,
9299,311,6.306,75,28.38,,,,
9340,312,1.727,41,28.46,,,,
9402,313,4.969,62,28.61,,,,
9451,314,3.526,49,28.7,,,,
9486,315,2.041,35,28.76,,,,
9526,316,2.755,40,28.83,,,,
9568,317,2.922,42,28.91,,,,
9626,318,4.615,58,29.01,,,,
9668,319,2.903,42,29.08,,,,
9711,320,3.081,43,29.15,,,,
9780,321,5.56,69,29.27,,,,
9846,322,5.379,66,29.38,,,,
9938,323,8.452,92,29.54,,,,
10000,324,4.818,62,29.65,,,,
10068,325,3.803,68,30.09,,,,
10107,326,1.077,39,30.17,,,,
10179,327,6.158,72,30.3,,,,
10199,328,0.691,20,30.34,,,,
10260,329,4.603,61,32.96,,,,
10327,330,5.037,67,33.09,,,,
10382,331,3.929,55,33.2,,,,
10469,332,7.37,87,33.38,,,,
10546,333,6.246,77,33.52,,,,
10621,334,6.353,75,33.67,,,,
10714,335,6.901,93,33.83,,,,
10787,336,5.727,73,33.98,,,,
10848,337,4.294,61,34.08,,,,
10885,338,2.347,37,34.18,,,,
10929,339,2.789,44,34.29,,,,
10975,340,3.026,46,34.37,,,,
11064,341,5.389,89,34.54,,,,
11128,342,4.608,64,34.66,,,,
11247,343,8.622,119,34.88,,,,
11303,344,3.857,56,34.99,,,,
11338,345,2.059,35,35.06,,,,
11397,346,3.966,59,35.21,,,,
11440,347,2.702,43,35.28,,,,
11538,348,7.978,98,35.45,,,,
11587,349,3.071,49,35.54,,,,
11645,350,3.82,58,35.71,,,,
11723,351,6.093,78,35.89,,,,
11764,352,2.487,41,35.96,,,,
11806,353,2.555,42,36.04,,,,
11838,354,1.905,32,36.09,,,,
11878,355,2.385,40,36.16,,,,
11917,356,2.331,39,36.23,,,,
11988,357,5.274,71,36.35,,,,
12051,358,4.288,63,36.46,,,,
12128,359,6.148,77,36.59,,,,
12217,360,7.334,89,36.75,,,,
12266,361,3.073,49,36.83,,,,
12314,362,2.917,48,39.37,,,,
12355,363,2.433,41,39.47,,,,
12402,364,2.828,47,39.55,,,,
12472,365,4.673,70,39.69,,,,
12560,366,6.474,88,39.9,,,,
12614,367,3.356,54,39.99,,,,
12708,368,7.578,94,40.15,,,,
12805,369,7.649,97,40.37,,,,
12867,370,3.779,62,40.5,,,,
12895,371,1.59,28,40.55,,,,
12990,372,7.513,95,40.74,,,,
13042,373,3.085,52,40.86,,,,
13093,374,3.1,51,40.94,,,,
13136,375,2.159,43,41.03,,,,
13211,376,5.378,75,41.18,,,,
13264,377,3.162,53,41.3,,,,
13315,378,2.676,51,41.41,,,,
13363,379,2.85,48,41.49,,,,
13429,380,4.493,66,41.61,,,,
13482,381,2.747,53,41.7,,,,
13583,382,7.757,101,41.91,,,,
13677,383,6.684,94,42.07,,,,
13759,384,5.939,82,42.23,,,,
13816,385,3.466,57,42.35,,,,
13857,386,1.838,41,42.45,,,,
13939,387,5.605,82,42.59,,,,
14047,388,7.846,108,42.78,,,,
14114,389,4.423,67,42.9,,,,
14171,390,3.377,57,43.0,,,,
14281,391,7.628,110,43.21,,,,
14326,392,2.465,45,43.28,,,,
14408,393,5.558,82,45.87,,,,
14455,394,2.6,47,46.0,,,,
14515,395,3.468,60,46.18,,,,
14563,396,2.569,48,46.26,,,,
14640,397,4.445,77,46.39,,,,
14735,398,6.841,95,46.56,,,,
14836,399,6.738,101,46.75,,,,
14905,400,4.304,69,46.87,,,,
14989,401,5.708,84,47.01,,,,
15082,402,6.378,93,47.19,,,,
15134,403,2.654,52,47.28,,,,
15249,404,7.135,115,47.48,,,,
15295,405,2.528,46,47.56,,,,
15380,406,5.809,85,47.72,,,,
15428,407,2.626,48,47.81,,,,
15480,408,2.819,52,47.9,,,,
15585,409,6.731,105,48.07,,,,
15650,410,3.863,65,48.18,,,,
15723,411,4.688,73,48.31,,,,
15817,412,6.617,94,48.47,,,,
15895,413,4.733,78,48.61,,,,
15944,414,2.529,49,48.69,,,,
16050,415,7.237,106,48.88,,,,
16150,416,6.797,100,49.05,,,,
16188,417,1.671,38,49.11,,,,
16284,418,6.636,96,49.27,,,,
16368,419,5.565,84,49.43,,,,
16438,420,3.983,70,52.15,,,,
16536,421,6.503,98,52.31,,,,
16619,422,4.842,83,52.45,,,,
16706,423,5.718,87,52.61,,,,
16796,424,5.781,90,52.79,,,,
16889,425,5.704,93,53.03,,,,
16942,426,2.735,53,53.12,,,,
16997,427,2.617,55,53.24,,,,
17082,428,5.336,85,53.41,,,,
17162,429,4.933,80,53.55,,,,
17242,430,4.081,80,53.7,,,,
17298,431,2.909,56,53.79,,,,
17346,432,2.459,48,53.87,,,,
17443,433,6.418,97,54.04,,,,
17539,434,6.228,96,54.21,,,,
17631,435,5.562,92,54.37,,,,
17734,436,6.513,103,54.55,,,,
17780,437,2.271,46,54.63,,,,
17847,438,3.78,67,54.75,,,,
17961,439,6.741,114,54.94,,,,
18052,440,4.924,91,55.11,,,,
18152,441,6.373,100,55.28,,,,
18262,442,6.397,110,55.47,,,,
18369,443,6.205,107,55.66,,,,
18473,444,6.491,104,57.94,,,,
18536,445,3.153,63,58.05,,,,
18640,446,6.469,104,58.23,,,,
18729,447,5.567,89,58.4,,,,
18826,448,6.173,97,58.57,,,,
18930,449,6.52,104,58.76,,,,
19002,450,3.816,72,58.88,,,,
19031,451,1.049,29,58.93,,,,
19103,452,3.537,72,59.05,,,,
19165,453,3.066,62,59.17,,,,
19258,454,5.876,93,59.32,,,,
19353,455,4.822,95,59.49,,,,
19448,456,5.979,95,59.66,,,,
19550,457,6.339,102,59.84,,,,
19654,458,6.238,104,60.02,,,,
19733,459,4.464,79,60.16,,,,
19806,460,4.084,73,60.28,,,,
19905,461,5.976,99,60.45,,,,
19984,462,4.568,79,60.58,,,,
20090,463,6.177,106,61.55,,,,
20198,464,6.182,108,61.75,,,,
20245,465,2.044,47,61.83,,,,
20353,466,6.196,108,62.01,,,,
20447,467,5.681,94,62.17,,,,
20537,468,5.584,90,64.27,,,,
20639,469,6.146,102,64.44,,,,
20734,470,5.937,95,64.61,,,,
20846,471,6.151,112,64.8,,,,
20942,472,5.83,96,64.97,,,,
21036,473,5.309,94,65.13,,,,
21124,474,4.119,88,65.27,,,,
21218,475,5.358,94,65.43,,,,
21343,476,6.516,125,65.66,,,,
21427,477,4.48,84,65.8,,,,
21513,478,4.438,86,65.95,,,,
21629,479,6.25,116,66.14,,,,
21651,480,0.697,22,66.18,,,,
21686,481,1.121,35,66.24,,,,
21788,482,5.995,102,66.42,,,,
21848,483,2.579,60,66.52,,,,
21933,484,3.74,85,66.67,,,,
22039,485,6.095,106,66.86,,,,
22061,486,0.555,22,66.9,,,,
22159,487,6.007,98,67.06,,,,
22252,488,5.521,93,67.22,,,,
22357,489,6.354,105,67.4,,,,
22472,490,6.239,115,67.6,,,,
22571,491,5.554,99,69.67,,,,
22679,492,5.994,108,69.85,,,,
22770,493,5.411,91,70.01,,,,
22865,494,5.434,95,70.17,,,,
22969,495,5.91,104,70.35,,,,
23065,496,5.632,96,70.52,,,,
23168,497,5.752,103,70.69,,,,
23265,498,5.661,97,70.87,,,,
23375,499,6.11,110,71.06,,,,
23482,500,6.012,107,71.26,,,,
23574,501,5.316,92,71.41,,,,
23686,502,6.028,112,71.61,,,,
23787,503,5.758,101,71.79,,,,
23895,504,6.054,108,71.98,,,,
23989,505,4.086,94,72.15,,,,
24098,506,5.809,109,72.34,,,,
24200,507,5.589,102,72.52,,,,
24292,508,5.335,92,72.69,,,,
24388,509,5.478,96,72.85,,,,
24491,510,5.695,103,73.03,,,,
24592,511,5.669,101,75.29,,,,
24692,512,5.532,100,75.47,,,,
24801,513,6.289,109,75.66,,,,
24907,514,5.907,106,75.84,,,,
25015,515,5.628,108,76.04,,,,
25114,516,5.608,99,76.21,,,,
25223,517,5.839,109,76.39,,,,
25337,518,6.099,114,76.59,,,,
25400,519,2.797,63,76.7,,,,
25481,520,4.038,81,76.85,,,,
25583,521,5.691,102,77.02,,,,
25675,522,5.114,92,77.17,,,,
25788,523,5.775,113,77.36,,,,
25849,524,2.405,61,77.47,,,,
25948,525,5.3,99,77.66,,,,
26047,526,5.642,99,77.84,,,,
26158,527,5.413,111,78.03,,,,
26227,528,3.254,69,78.15,,,,
26346,529,6.331,119,78.36,,,,
26440,530,5.316,94,78.52,,,,
26509,531,3.271,69,78.63,,,,
26622,532,5.925,113,78.82,,,,
26695,533,3.296,73,81.1,,,,
26802,534,5.737,107,81.28,,,,
26910,535,5.682,108,81.46,,,,
27012,536,5.507,102,81.63,,,,
27114,537,5.416,102,81.81,,,,
27234,538,5.978,120,82.01,,,,
27290,539,2.502,56,82.11,,,,
27397,540,5.507,107,82.31,,,,
27512,541,5.938,115,82.52,,,,
27618,542,5.534,106,82.73,,,,
27720,543,5.549,102,82.91,,,,
27829,544,5.77,109,83.1,,,,
27928,545,5.27,99,83.27,,,,
28021,546,4.439,93,83.44,,,,
28152,547,5.666,131,83.67,,,,
28253,548,5.372,101,83.85,,,,
28356,549,5.328,103,84.03,,,,
28451,550,4.39,95,84.2,,,,
28556,551,5.377,105,84.37,,,,
28666,552,5.388,110,84.55,,,,
28773,553,5.526,107,86.96,,,,
28879,554,5.598,106,87.15,,,,
28998,555,5.771,119,87.36,,,,
29105,556,5.59,107,87.54,,,,
29236,557,5.716,131,87.76,,,,
29345,558,5.563,109,87.94,,,,
29440,559,5.307,95,88.11,,,,
29547,560,5.387,107,88.3,,,,
29635,561,4.73,88,88.45,,,,
29739,562,5.359,104,88.63,,,,
29847,563,5.343,108,88.82,,,,
29960,564,5.601,113,89.02,,,,
30057,565,5.207,97,90.01,,,,
30146,566,3.92,89,90.17,,,,
30254,567,5.572,108,90.35,,,,
30363,568,5.403,109,90.57,,,,
30471,569,4.978,108,90.76,,,,
30580,570,5.339,109,90.95,,,,
30688,571,5.409,108,91.14,,,,
30791,572,5.273,103,93.58,,,,
30895,573,5.522,104,93.76,,,,
30999,574,5.346,104,93.95,,,,
31115,575,5.758,116,94.14,,,,
31218,576,5.306,103,94.32,,,,
31345,577,6.166,127,94.53,,,,
31452,578,5.344,107,94.71,,,,
31557,579,5.452,105,94.89,,,,
31659,580,5.328,102,95.06,,,,
31767,581,5.51,108,95.25,,,,
31907,582,6.114,140,95.5,,,,
32023,583,5.577,116,95.7,,,,
32125,584,5.223,102,95.88,,,,
32241,585,5.458,116,96.08,,,,
32340,586,5.219,99,96.25,,,,
32445,587,5.199,105,96.43,,,,
32536,588,4.784,91,96.58,,,,
32651,589,5.69,115,96.77,,,,
32749,590,4.911,98,96.94,,,,
32834,591,3.781,85,99.39,,,,
32946,592,5.432,112,99.58,,,,
33084,593,6.246,138,99.81,,,,
33121,594,1.2,37,99.87,,,,
33224,595,5.223,103,100.05,,,,
33318,596,4.933,94,100.21,,,,
33438,597,5.756,120,100.42,,,,
33494,598,2.296,56,100.52,,,,
33600,599,5.352,106,100.71,,,,
33706,600,5.444,106,100.89,,,,
33813,601,5.268,107,101.07,,,,
33919,602,5.354,106,101.24,,,,
34025,603,5.601,106,101.42,,,,
34094,604,2.984,69,101.54,,,,
34201,605,5.373,107,101.72,,,,
34303,606,5.262,102,101.9,,,,
34407,607,5.262,104,102.08,,,,
34515,608,5.492,108,102.26,,,,
34627,609,5.462,112,102.45,,,,
34739,610,5.776,112,102.64,,,,
34841,611,5.068,102,105.12,,,,
34979,612,6.175,138,105.36,,,,
35088,613,5.477,109,105.55,,,,
35199,614,5.322,111,105.74,,,,
35304,615,5.335,105,105.93,,,,
35415,616,5.565,111,106.12,,,,
35519,617,5.199,104,106.3,,,,
35632,618,5.598,113,106.5,,,,
35739,619,5.41,107,106.69,,,,
35841,620,5.32,102,106.86,,,,
35950,621,5.495,109,107.04,,,,
36057,622,5.508,107,107.22,,,,
36168,623,5.891,111,107.41,,,,
36274,624,5.559,106,107.6,,,,
36377,625,5.184,103,107.78,,,,
36485,626,5.306,108,107.95,,,,
36600,627,5.624,115,108.15,,,,
36707,628,5.189,107,108.33,,,,
36854,629,6.308,147,108.59,,,,
36966,630,5.428,112,111.01,,,,
37070,631,5.376,104,111.19,,,,
37187,632,5.725,117,111.38,,,,
37294,633,5.481,107,111.56,,,,
37407,634,5.79,113,111.75,,,,
37512,635,5.45,105,111.93,,,,
37612,636,5.319,100,112.11,,,,
37721,637,5.38,109,112.3,,,,
37827,638,5.5,106,112.48,,,,
37937,639,5.586,110,112.67,,,,
38042,640,5.235,105,112.86,,,,
38155,641,5.743,113,113.05,,,,
38267,642,5.896,112,113.24,,,,
38385,643,5.544,118,113.45,,,,
38488,644,5.388,103,113.63,,,,
38598,645,5.443,110,113.81,,,,
38699,646,5.118,101,114.02,,,,
38805,647,5.27,106,114.2,,,,
38907,648,5.433,102,114.39,,,,
39008,649,5.065,101,116.78,,,,
39118,650,5.964,110,117.02,,,,
39236,651,6.326,118,117.25,,,,
39329,652,4.067,93,117.41,,,,
39439,653,5.415,110,117.61,,,,
39547,654,5.417,108,117.86,,,,
39661,655,5.874,114,118.05,,,,
39763,656,5.217,102,118.24,,,,
39873,657,5.337,110,118.46,,,,
39986,658,5.417,113,118.73,,,,
40091,659,5.118,105,119.84,,,,
40217,660,6.264,126,120.08,,,,
40332,661,5.401,115,120.29,,,,
40442,662,5.44,110,120.53,,,,
40569,663,6.737,127,120.77,,,,
40683,664,5.953,114,121.0,,,,
40802,665,6.032,119,121.23,,,,
40908,666,5.29,106,121.41,,,,
41024,667,6.014,116,123.63,,,,
41137,668,5.623,113,123.81,,,,
41259,669,6.298,122,124.02,,,,
41368,670,5.225,109,124.21,,,,
41480,671,5.647,112,124.45,,,,
41588,672,5.326,108,124.65,,,,
41699,673,5.687,111,124.87,,,,
41816,674,5.826,117,125.1,,,,
41928,675,5.754,112,125.31,,,,
42028,676,5.178,100,125.5,,,,
42148,677,6.452,120,125.72,,,,
42271,678,5.857,123,125.93,,,,
42380,679,5.198,109,126.11,,,,
42485,680,5.578,105,126.28,,,,
42608,681,5.698,123,126.53,,,,
42728,682,6.458,120,126.76,,,,
42847,683,5.718,119,126.97,,,,
42972,684,5.278,125,127.19,,,,
43091,685,5.993,119,129.35,,,,
43219,686,6.435,128,129.56,,,,
43336,687,5.554,117,129.77,,,,
43444,688,5.338,108,129.95,,,,
43561,689,6.375,117,130.14,,,,
43652,690,3.49,91,130.29,,,,
43768,691,5.784,116,130.5,,,,
43877,692,4.859,109,130.69,,,,
43996,693,5.952,119,130.92,,,,
44111,694,5.795,115,131.15,,,,
44239,695,6.337,128,131.38,,,,
44364,696,6.406,125,131.59,,,,
44496,697,7.02,132,131.84,,,,
44617,698,5.993,121,132.04,,,,
44732,699,5.794,115,132.24,,,,
44853,700,6.376,121,132.45,,,,
44975,701,6.185,122,132.65,,,,
45113,702,6.125,138,135.13,,,,
45235,703,6.357,122,135.34,,,,
45353,704,5.744,118,135.55,,,,
45465,705,5.07,112,135.75,,,,
45587,706,5.959,122,135.96,,,,
45703,707,5.391,116,136.16,,,,
45834,708,6.941,131,136.42,,,,
45945,709,5.624,111,136.62,,,,
46048,710,4.804,103,136.82,,,,
46160,711,5.283,112,137.0,,,,
46279,712,6.166,119,137.2,,,,
46370,713,3.979,91,137.35,,,,
46487,714,6.019,117,137.57,,,,
46601,715,5.733,114,137.82,,,,
46734,716,6.786,133,138.08,,,,
46868,717,7.018,134,138.34,,,,
46977,718,5.54,109,138.55,,,,
47087,719,5.622,110,138.75,,,,
47215,720,6.781,128,141.25,,,,
47340,721,6.479,125,141.49,,,,
47453,722,5.497,113,141.72,,,,
47580,723,6.526,127,141.99,,,,
47707,724,6.341,127,142.22,,,,
47847,725,7.189,140,142.5,,,,
47953,726,5.202,106,142.7,,,,
48079,727,6.171,126,142.94,,,,
48208,728,6.314,129,143.16,,,,
48331,729,6.072,123,143.45,,,,
48458,730,6.629,127,143.66,,,,
48586,731,6.906,128,143.88,,,,
48713,732,6.491,127,144.15,,,,
48848,733,7.435,135,144.38,,,,
48962,734,5.385,114,144.65,,,,
49092,735,6.766,130,144.97,,,,
49225,736,7.035,133,147.34,,,,
49353,737,6.943,128,147.55,,,,
49481,738,6.712,128,147.79,,,,
49604,739,5.801,123,148.02,,,,
49737,740,6.666,133,148.25,,,,
49862,741,6.577,125,148.49,,,,
49984,742,6.477,122,148.7,,,,
50115,743,7.056,131,150.32,,,,
50218,744,4.636,103,150.55,,,,
50319,745,4.937,101,150.73,,,,
50447,746,5.9,128,150.99,,,,
50586,747,6.816,139,151.33,,,,
50696,748,5.468,110,151.57,,,,
50822,749,6.469,126,151.81,,,,
50948,750,6.719,126,152.07,,,,
51080,751,7.123,132,152.35,,,,
51210,752,7.025,130,154.83,,,,
51323,753,5.751,113,155.07,,,,
51452,754,6.47,129,155.33,,,,
51584,755,6.76,132,155.57,,,,
51714,756,6.585,130,155.83,,,,
51844,757,7.025,130,156.05,,,,
51975,758,6.945,131,156.4,,,,
52087,759,4.722,112,156.61,,,,
52218,760,6.675,131,156.89,,,,
52344,761,6.469,126,157.2,,,,
52471,762,5.989,127,157.42,,,,
52601,763,6.989,130,157.67,,,,
52727,764,6.379,126,157.87,,,,
52859,765,6.48,132,158.1,,,,
52988,766,6.05,129,158.36,,,,
53115,767,6.509,127,158.63,,,,
53244,768,6.749,129,158.87,,,,
53368,769,6.583,124,161.47,,,,
53499,770,6.829,131,161.72,,,,
53619,771,6.183,120,161.95,,,,
53755,772,6.561,136,162.21,,,,
53880,773,6.389,125,162.43,,,,
54012,774,7.273,132,162.65,,,,
54147,775,7.102,135,162.89,,,,
54283,776,6.825,136,163.19,,,,
54417,777,6.292,134,163.41,,,,
54546,778,6.993,129,163.65,,,,
54677,779,6.419,131,163.87,,,,
54803,780,6.72,126,164.11,,,,
54937,781,7.074,134,164.36,,,,
55065,782,6.393,128,164.62,,,,
55199,783,7.053,134,164.87,,,,
55325,784,6.277,126,167.3,,,,
55457,785,6.193,132,167.53,,,,
55588,786,6.724,131,167.84,,,,
55726,787,7.553,138,168.14,,,,
55868,788,7.516,142,168.44,,,,
56008,789,7.326,140,168.7,,,,
56139,790,6.38,131,168.97,,,,
56277,791,7.446,138,169.23,,,,
56421,792,7.306,144,169.53,,,,
56543,793,5.279,122,169.76,,,,
56674,794,6.846,131,169.99,,,,
56816,795,7.274,142,170.27,,,,
56943,796,6.454,127,170.48,,,,
57077,797,6.281,134,170.71,,,,
57206,798,6.165,129,170.95,,,,
57342,799,6.771,136,171.17,,,,
57482,800,7.503,140,173.82,,,,
57612,801,6.841,130,174.04,,,,
57754,802,7.428,142,174.28,,,,
57886,803,7.159,132,174.52,,,,
58012,804,6.412,126,174.74,,,,
58151,805,7.149,139,174.98,,,,
58291,806,7.216,140,175.21,,,,
58428,807,6.877,137,175.45,,,,
58556,808,5.745,128,175.67,,,,
58696,809,7.205,140,175.9,,,,
58834,810,6.339,138,176.14,,,,
58966,811,6.346,132,176.36,,,,
59103,812,7.005,137,176.59,,,,
59220,813,5.577,117,176.8,,,,
59359,814,6.991,139,177.04,,,,
59457,815,4.373,98,179.54,,,,
59597,816,6.919,140,179.79,,,,
59739,817,7.408,142,180.03,,,,
59871,818,7.057,132,180.25,,,,
59985,819,5.553,114,180.44,,,,
60127,820,7.717,142,181.88,,,,
60249,821,6.135,122,182.09,,,,
60324,822,2.884,75,182.22,,,,
60459,823,6.95,135,182.45,,,,
60588,824,6.534,129,182.68,,,,
60723,825,7.155,135,182.91,,,,
60873,826,7.366,150,183.17,,,,
61008,827,7.051,135,183.41,,,,
61192,828,10.112,184,183.73,,,,
61340,829,7.436,148,183.98,,,,
61493,830,7.841,153,186.47,,,,
61650,831,8.071,157,186.78,,,,
61787,832,6.868,137,187.02,,,,
61933,833,7.334,146,187.31,,,,
62072,834,7.132,139,187.54,,,,
62202,835,6.422,130,187.77,,,,
62337,836,6.856,135,188.02,,,,
62485,837,6.957,148,188.28,,,,
62622,838,6.861,137,188.52,,,,
62760,839,7.267,138,188.75,,,,
62913,840,7.041,153,189.02,,,,
63053,841,7.223,140,189.26,,,,
63187,842,6.596,134,189.49,,,,
63311,843,5.814,124,189.7,,,,
63457,844,7.481,146,189.95,,,,
63559,845,4.224,102,192.07,,,,
63696,846,7.127,137,192.31,,,,
63834,847,7.08,138,192.54,,,,
63980,848,7.221,146,192.78,,,,
64114,849,6.928,134,193.01,,,,
64245,850,6.645,131,193.24,,,,
64382,851,6.976,137,193.48,,,,
64506,852,6.161,124,193.71,,,,
64636,853,6.607,130,193.94,,,,
64779,854,7.111,143,194.19,,,,
64914,855,6.755,135,194.43,,,,
65057,856,7.327,143,194.67,,,,
65199,857,6.926,142,194.92,,,,
65298,858,4.085,99,195.08,,,,
65440,859,7.279,142,195.34,,,,
65589,860,7.526,149,197.68,,,,
65729,861,7.166,140,197.93,,,,
65855,862,6.221,126,198.14,,,,
65995,863,6.987,140,198.38,,,,
66140,864,7.047,145,198.64,,,,
66288,865,7.375,148,198.89,,,,
66422,866,6.694,134,199.12,,,,
66552,867,6.429,130,199.33,,,,
66683,868,6.543,131,199.56,,,,
66825,869,7.025,142,199.8,,,,
66964,870,6.856,139,200.04,,,,
67097,871,6.771,133,200.28,,,,
67234,872,6.776,137,200.51,,,,
67368,873,6.688,134,200.74,,,,
67502,874,6.685,134,200.97,,,,
67655,875,7.66,153,203.4,,,,
67790,876,6.864,135,203.68,,,,
67937,877,7.42,147,203.93,,,,
68076,878,6.864,139,204.17,,,,
68219,879,7.213,143,204.42,,,,
68349,880,6.29,130,204.64,,,,
68422,881,2.643,73,204.77,,,,
68557,882,6.68,135,205.01,,,,
68704,883,7.457,147,205.26,,,,
68843,884,7.034,139,205.5,,,,
68979,885,6.771,136,205.73,,,,
69132,886,7.349,153,205.99,,,,
69270,887,6.728,138,206.22,,,,
69410,888,6.72,140,206.45,,,,
69552,889,6.907,142,206.7,,,,
69695,890,6.868,143,208.69,,,,
69833,891,6.961,138,208.92,,,,
69967,892,6.474,134,209.14,,,,
70098,893,6.482,131,210.43,,,,
70240,894,7.059,142,210.7,,,,
70379,895,7.019,139,210.95,,,,
70522,896,6.845,143,211.23,,,,
70656,897,6.503,134,211.49,,,,
70791,898,6.457,135,211.75,,,,
70918,899,6.162,127,211.97,,,,
71051,900,6.554,133,212.19,,,,
71168,901,5.423,117,212.38,,,,
71305,902,6.643,137,212.62,,,,
71439,903,6.661,134,212.85,,,,
71559,904,5.627,120,213.05,,,,
71698,905,6.815,139,215.06,,,,
71832,906,6.225,134,215.33,,,,
71980,907,7.291,148,215.6,,,,
72114,908,6.68,134,215.82,,,,
72250,909,6.684,136,216.05,,,,
72388,910,6.929,138,216.27,,,,
72532,911,7.06,144,216.52,,,,
72698,912,8.125,166,216.81,,,,
72840,913,6.862,142,217.06,,,,
72978,914,6.832,138,217.29,,,,
73111,915,6.396,133,217.52,,,,
73238,916,6.001,127,217.74,,,,
73361,917,5.667,123,217.95,,,,
73502,918,6.888,141,218.2,,,,
73639,919,6.543,137,218.44,,,,
73777,920,6.668,138,220.92,,,,
73920,921,6.951,143,221.18,,,,
74066,922,6.928,146,221.43,,,,
74202,923,6.599,136,221.66,,,,
74327,924,5.855,125,221.88,,,,
74468,925,6.826,141,222.12,,,,
74602,926,6.449,134,222.36,,,,
74734,927,6.326,132,222.6,,,,
74872,928,6.633,138,222.83,,,,
74999,929,6.032,127,223.06,,,,
75132,930,6.488,133,223.28,,,,
75284,931,7.468,152,223.54,,,,
75412,932,6.075,128,223.76,,,,
75557,933,6.949,145,224.02,,,,
75692,934,6.627,135,224.25,,,,
75844,935,7.127,152,226.75,,,,
75976,936,6.257,132,226.97,,,,
76117,937,6.797,141,227.21,,,,
76265,938,7.013,148,227.48,,,,
76408,939,6.831,143,227.72,,,,
76553,940,6.805,145,227.97,,,,
76701,941,7.046,148,228.23,,,,
76845,942,6.808,144,228.51,,,,
76992,943,7.106,147,228.76,,,,
77129,944,6.594,137,229.03,,,,
77262,945,6.295,133,229.26,,,,
77409,946,7.048,147,229.5,,,,
77552,947,6.898,143,229.74,,,,
77685,948,6.327,133,229.97,,,,
77816,949,6.23,131,230.2,,,,
77956,950,6.634,140,232.57,,,,
78095,951,6.507,139,232.81,,,,
78233,952,6.52,138,233.04,,,,
78373,953,6.676,140,233.28,,,,
78518,954,6.987,145,233.52,,,,
78653,955,6.427,135,233.75,,,,
78800,956,6.947,147,234.0,,,,
78935,957,6.365,135,234.23,,,,
79080,958,6.987,145,234.49,,,,
79222,959,6.58,142,234.73,,,,
79414,960,9.734,192,235.06,,,,
79567,961,7.364,153,235.32,,,,
79702,962,6.379,135,235.56,,,,
79847,963,6.662,145,235.8,,,,
79983,964,6.561,136,238.24,,,,
80147,965,7.831,164,239.67,,,,
80283,966,6.29,136,239.9,,,,
80420,967,6.281,137,240.12,,,,
80557,968,6.431,137,240.36,,,,
80695,969,6.613,138,240.6,,,,
80831,970,6.33,136,240.82,,,,
80973,971,6.628,142,241.08,,,,
81115,972,6.439,142,241.33,,,,
81254,973,6.548,139,241.57,,,,
81393,974,6.521,139,241.81,,,,
81534,975,6.519,141,242.05,,,,
81671,976,6.431,137,242.28,,,,
81814,977,6.757,143,242.52,,,,
81962,978,6.53,148,244.88,,,,
82107,979,6.643,145,245.13,,,,
82262,980,6.96,155,245.39,,,,
82415,981,7.083,153,245.65,,,,
82555,982,6.636,140,245.88,,,,
82699,983,6.722,144,246.13,,,,
82828,984,5.664,129,246.36,,,,
82973,985,6.676,145,246.6,,,,
83113,986,6.387,140,246.85,,,,
83245,987,6.048,132,247.07,,,,
83389,988,6.546,144,247.31,,,,
83530,989,6.329,141,247.56,,,,
83676,990,6.787,146,247.8,,,,
83820,991,6.592,144,248.04,,,,
83971,992,6.92,151,250.37,,,,
84102,993,6.01,131,250.61,,,,
84241,994,6.358,139,250.86,,,,
84374,995,6.312,133,251.09,,,,
84520,996,6.839,146,251.35,,,,
84657,997,6.439,137,251.58,,,,
84799,998,6.585,142,251.83,,,,
84941,999,6.294,142,252.08,,,,
85073,1000,6.199,132,252.31,,,,
85215,1001,6.364,142,252.56,,,,
85374,1002,7.192,159,252.82,,,,
85505,1003,6.134,131,253.05,,,,
85645,1004,6.475,140,253.28,,,,
85788,1005,6.598,143,253.52,,,,
85931,1006,6.395,143,253.76,,,,
86077,1007,6.467,146,255.71,,,,
86212,1008,6.347,135,255.94,,,,
86352,1009,6.539,140,256.16,,,,
86498,1010,6.344,146,256.4,,,,
86637,1011,6.52,139,256.62,,,,
86782,1012,6.771,145,256.87,,,,
86920,1013,6.211,138,257.1,,,,
87070,1014,6.513,150,257.35,,,,
87201,1015,6.001,131,257.58,,,,
87331,1016,5.884,130,257.8,,,,
87467,1017,6.03,136,258.03,,,,
87615,1018,6.844,148,258.28,,,,
87751,1019,6.208,136,258.51,,,,
87898,1020,6.795,147,258.76,,,,
88039,1021,6.648,141,259.01,,,,
88172,1022,5.235,133,261.03,,,,
88310,1023,6.335,138,261.27,,,,
88456,1024,6.782,146,261.51,,,,
88598,1025,6.557,142,261.75,,,,
88747,1026,6.788,149,261.99,,,,
88894,1027,6.481,147,262.24,,,,
89027,1028,5.517,133,262.47,,,,
89173,1029,6.657,146,262.72,,,,
89315,1030,6.508,142,262.96,,,,
89456,1031,6.501,141,263.21,,,,
89596,1032,5.765,140,263.46,,,,
89734,1033,6.473,138,263.7,,,,
89881,1034,6.575,147,263.95,,,,
90033,1035,7.2,152,265.4,,,,
90191,1036,7.409,158,267.77,,,,
90341,1037,6.876,150,268.02,,,,
90496,1038,7.133,155,268.28,,,,
90635,1039,6.38,139,268.51,,,,
90771,1040,6.242,136,268.74,,,,
90924,1041,6.771,153,268.99,,,,
91067,1042,6.555,143,269.24,,,,
91200,1043,5.104,133,269.46,,,,
91341,1044,6.544,141,269.7,,,,
91479,1045,6.242,138,269.95,,,,
91622,1046,6.47,143,270.22,,,,
91761,1047,6.428,139,270.45,,,,
91972,1048,10.675,211,270.84,,,,
92125,1049,6.683,153,271.1,,,,
92277,1050,6.993,152,273.63,,,,
92425,1051,6.904,148,273.89,,,,
92565,1052,5.484,140,274.13,,,,
92712,1053,6.705,147,274.39,,,,
92855,1054,6.446,143,274.64,,,,
93004,1055,6.687,149,274.92,,,,
93147,1056,6.429,143,275.16,,,,
93288,1057,6.35,141,275.41,,,,
93452,1058,7.797,164,275.69,,,,
93606,1059,7.186,154,275.95,,,,
93751,1060,6.344,145,276.2,,,,
93942,1061,9.443,191,276.52,,,,
94091,1062,6.673,149,276.78,,,,
94241,1063,6.846,150,279.28,,,,
94385,1064,6.474,144,279.53,,,,
94524,1065,6.265,139,279.76,,,,
94675,1066,6.824,151,280.01,,,,
94830,1067,6.998,155,280.3,,,,
94976,1068,6.604,146,280.55,,,,
95128,1069,6.941,152,280.82,,,,
95275,1070,6.618,147,281.08,,,,
95422,1071,6.577,147,281.33,,,,
95579,1072,6.733,157,281.59,,,,
95736,1073,6.977,157,281.86,,,,
95874,1074,6.175,138,282.1,,,,
96007,1075,5.063,133,282.33,,,,
96129,1076,4.909,122,282.54,,,,
96311,1077,8.69,182,284.92,,,,
96439,1078,5.006,128,285.14,,,,
96576,1079,5.268,137,285.38,,,,
96717,1080,6.155,141,285.62,,,,
96866,1081,6.682,149,285.87,,,,
97002,1082,4.972,136,286.1,,,,
97150,1083,6.416,148,286.37,,,,
97354,1084,9.961,204,286.71,,,,
97519,1085,6.983,165,286.99,,,,
97661,1086,6.417,142,287.24,,,,
97807,1087,6.206,146,287.49,,,,
97957,1088,6.648,150,287.76,,,,
98096,1089,6.047,139,288.0,,,,
98199,1090,3.543,103,288.18,,,,
98355,1091,7.037,156,290.73,,,,
98507,1092,6.789,152,290.99,,,,
98694,1093,8.602,187,291.32,,,,
98898,1094,10.023,204,291.69,,,,
99047,1095,6.744,149,291.94,,,,
99208,1096,7.122,161,292.22,,,,
99377,1097,7.274,169,292.51,,,,
99544,1098,7.75,167,292.79,,,,
99685,1099,6.284,141,293.03,,,,
99869,1100,8.659,184,293.36,,,,
100008,1101,5.317,139,295.09,,,,
100207,1102,9.64,199,295.44,,,,
100349,1103,6.372,142,295.7,,,,
100505,1104,7.048,156,298.19,,,,
100658,1105,6.675,153,298.45,,,,
100806,1106,6.658,148,298.71,,,,
100904,1107,3.283,98,298.88,,,,
101087,1108,8.287,183,299.21,,,,
101293,1109,9.343,206,299.57,,,,
101434,1110,6.204,141,299.82,,,,
101579,1111,6.372,145,300.08,,,,
101726,1112,6.025,147,300.34,,,,
101878,1113,6.728,152,300.62,,,,
102045,1114,7.166,167,300.91,,,,
102201,1115,6.867,156,301.17,,,,
102340,1116,5.71,139,301.4,,,,
102527,1117,8.663,187,303.55,,,,
102683,1118,6.878,156,303.81,,,,
102867,1119,8.297,184,304.14,,,,
103076,1120,10.028,209,304.52,,,,
103247,1121,7.165,171,304.82,,,,
103429,1122,8.198,182,305.13,,,,
103575,1123,6.359,146,305.41,,,,
103713,1124,5.215,138,305.65,,,,
103872,1125,6.951,159,305.92,,,,
104057,1126,8.738,185,306.25,,,,
104202,1127,6.023,145,306.5,,,,
104407,1128,9.805,205,306.85,,,,
104558,1129,6.778,151,308.88,,,,
104700,1130,6.063,142,309.12,,,,
104849,1131,6.557,149,309.37,,,,
105037,1132,8.424,188,309.68,,,,
105255,1133,10.079,218,310.05,,,,
105458,1134,9.113,203,310.4,,,,
105612,1135,6.501,154,310.69,,,,
105835,1136,10.483,223,311.07,,,,
105969,1137,5.405,134,311.31,,,,
106185,1138,9.779,216,311.68,,,,
106410,1139,10.322,225,312.07,,,,
106613,1140,9.326,203,314.66,,,,
106793,1141,8.314,180,314.97,,,,
106966,1142,7.434,173,315.26,,,,
107115,1143,6.237,149,315.52,,,,
107269,1144,6.602,154,315.8,,,,
107484,1145,10.249,215,316.16,,,,
107671,1146,7.939,187,316.48,,,,
107862,1147,8.807,191,316.81,,,,
108042,1148,8.327,180,317.11,,,,
108225,1149,7.747,183,317.42,,,,
108434,1150,9.711,209,317.79,,,,
108601,1151,7.321,167,320.29,,,,
108806,1152,9.587,205,320.64,,,,
109006,1153,8.672,200,320.98,,,,
109178,1154,7.487,172,321.27,,,,
109356,1155,7.59,178,321.57,,,,
109561,1156,9.289,205,321.94,,,,
109748,1157,8.307,187,322.27,,,,
109947,1158,8.832,199,322.61,,,,
110163,1159,9.348,216,324.7,,,,
110368,1160,9.107,205,325.06,,,,
110540,1161,7.381,172,325.35,,,,
110746,1162,9.49,206,327.98,,,,
110925,1163,7.675,179,328.29,,,,
111099,1164,7.721,174,328.59,,,,
111270,1165,6.85,171,328.89,,,,
111434,1166,6.847,164,329.17,,,,
111655,1167,9.925,221,329.54,,,,
111866,1168,9.23,211,329.91,,,,
112045,1169,7.14,179,330.21,,,,
112181,1170,4.85,136,330.44,,,,
112364,1171,8.034,183,330.75,,,,
112509,1172,5.778,145,331.0,,,,
112666,1173,6.507,157,333.22,,,,
112821,1174,5.947,155,333.48,,,,
113033,1175,9.518,212,333.84,,,,
113231,1176,8.745,198,334.19,,,,
113502,1177,11.872,271,334.67,,,,
113681,1178,7.905,179,334.98,,,,
113886,1179,9.232,205,335.35,,,,
114107,1180,9.411,221,335.72,,,,
114250,1181,5.565,143,335.97,,,,
114423,1182,7.411,173,336.27,,,,
114578,1183,6.384,155,336.53,,,,
114796,1184,9.79,218,338.99,,,,
114931,1185,4.541,135,339.21,,,,
115125,1186,6.77,194,339.56,,,,
115325,1187,8.538,200,339.89,,,,
115476,1188,5.951,151,340.14,,,,
115689,1189,9.445,213,340.51,,,,
115883,1190,8.616,194,340.84,,,,
116005,1191,4.043,122,341.04,,,,
116140,1192,4.4,135,341.27,,,,
116264,1193,4.036,124,341.48,,,,
116466,1194,8.867,202,341.83,,,,
116636,1195,6.221,170,342.12,,,,
116842,1196,9.023,206,344.66,,,,
117062,1197,9.151,220,345.03,,,,
117271,1198,8.823,209,345.4,,,,
117522,1199,10.946,251,345.85,,,,
117777,1200,10.723,255,346.3,,,,
117910,1201,4.412,133,346.53,,,,
118155,1202,10.876,245,346.93,,,,
118344,1203,8.316,189,347.26,,,,
118481,1204,4.687,137,347.49,,,,
118684,1205,7.074,203,347.83,,,,
118823,1206,4.829,139,350.02,,,,
119030,1207,9.148,207,350.37,,,,
119237,1208,7.163,207,350.71,,,,
119475,1209,8.988,238,351.1,,,,
119691,1210,8.761,216,351.48,,,,
119905,1211,8.817,214,351.85,,,,
120125,1212,9.608,220,353.31,,,,
120344,1213,9.235,219,353.67,,,,
120471,1214,3.675,127,353.93,,,,
120595,1215,3.47,124,354.22,,,,
120827,1216,9.792,232,354.69,,,,
121055,1217,9.264,228,357.55,,,,
121229,1218,7.129,174,357.89,,,,
121406,1219,7.27,177,358.22,,,,
121701,1220,12.353,295,358.78,,,,
121895,1221,8.38,194,359.13,,,,
122127,1222,9.838,232,359.57,,,,
122354,1223,9.488,227,360.0,,,,
122568,1224,6.809,214,360.39,,,,
122703,1225,4.318,135,360.62,,,,
122953,1226,10.296,250,363.44,,,,
123186,1227,9.585,233,363.88,,,,
123400,1228,8.728,214,364.34,,,,
123702,1229,13.279,302,364.89,,,,
123942,1230,10.106,240,365.35,,,,
124172,1231,9.818,230,365.83,,,,
124311,1232,4.498,139,366.14,,,,
124538,1233,9.49,227,366.57,,,,
124761,1234,9.19,223,366.97,,,,
124984,1235,9.476,223,369.73,,,,
125142,1236,6.422,158,370.01,,,,
125352,1237,8.397,210,370.4,,,,
125672,1238,12.806,320,370.99,,,,
125886,1239,8.296,214,371.44,,,,
126099,1240,8.259,213,371.9,,,,
126313,1241,9.158,214,372.35,,,,
126576,1242,10.496,263,372.91,,,,
126810,1243,9.723,234,373.43,,,,
127009,1244,7.968,199,376.18,,,,
127317,1245,12.453,308,376.73,,,,
127536,1246,9.417,219,377.13,,,,
127751,1247,9.0,215,377.5,,,,
127980,1248,9.49,229,377.97,,,,
128214,1249,9.68,234,378.37,,,,
128404,1250,7.945,190,378.71,,,,
128684,1251,11.69,280,379.21,,,,
128900,1252,8.447,216,379.59,,,,
129109,1253,8.653,209,382.29,,,,
129295,1254,7.681,186,382.62,,,,
129511,1255,8.985,216,383.07,,,,
129729,1256,9.084,218,383.5,,,,
130138,1257,16.181,409,386.65,,,,
130367,1258,9.416,229,387.11,,,,
130603,1259,9.776,236,387.57,,,,
130823,1260,8.911,220,387.99,,,,
131058,1261,9.407,235,388.42,,,,
131376,1262,13.016,318,391.6,,,,
131660,1263,11.708,284,392.1,,,,
131916,1264,10.211,256,392.59,,,,
132103,1265,6.823,187,392.91,,,,
132380,1266,10.708,277,393.48,,,,
132664,1267,11.406,284,394.1,,,,
132892,1268,8.608,228,394.52,,,,
133124,1269,9.171,232,397.58,,,,
133330,1270,8.287,206,398.04,,,,
133622,1271,11.701,292,398.54,,,,
133760,1272,3.968,138,398.77,,,,
133961,1273,8.114,201,399.11,,,,
134178,1274,8.396,217,399.49,,,,
134412,1275,8.786,234,399.92,,,,
134714,1276,12.281,302,400.44,,,,
135019,1277,12.033,305,400.97,,,,
135225,1278,7.665,206,403.88,,,,
135512,1279,11.831,287,404.38,,,,
135801,1280,11.36,289,404.88,,,,
136032,1281,8.781,231,405.32,,,,
136356,1282,12.513,324,406.02,,,,
136582,1283,8.782,226,406.44,,,,
136795,1284,8.383,213,406.8,,,,
137095,1285,12.314,300,407.32,,,,
137399,1286,11.591,304,410.4,,,,
137706,1287,12.426,307,411.02,,,,
137942,1288,9.306,236,411.48,,,,
138271,1289,12.945,329,412.05,,,,
138585,1290,12.187,314,412.6,,,,
138825,1291,9.209,240,413.01,,,,
139106,1292,10.842,281,413.49,,,,
139373,1293,10.222,267,415.75,,,,
139774,1294,15.161,401,416.43,,,,
140178,1295,14.822,404,424.82,,,,
140549,1296,14.808,371,425.47,,,,
140831,1297,11.065,282,425.95,,,,
141145,1298,11.719,314,426.5,,,,
141385,1299,8.875,240,428.65,,,,
141621,1300,8.436,236,429.04,,,,
142250,1301,22.586,629,430.12,,,,
142487,1302,8.813,237,430.51,,,,
142848,1303,13.862,361,431.15,,,,
143223,1304,13.772,375,431.8,,,,
143557,1305,12.325,334,434.52,,,,
143793,1306,8.246,236,434.92,,,,
144183,1307,14.287,390,435.61,,,,
144576,1308,14.726,393,436.29,,,,
145138,1309,20.482,562,437.25,,,,
145426,1310,10.55,288,439.83,,,,
145669,1311,8.74,243,440.26,,,,
145744,1312,1.817,75,440.39,,,,
146150,1313,14.294,406,441.1,,,,
146735,1314,19.875,585,442.11,,,,
146950,1315,8.11,215,442.47,,,,
147160,1316,7.657,210,442.83,,,,
147488,1317,12.034,328,445.62,,,,
147699,1318,7.655,211,445.98,,,,
147934,1319,8.329,235,446.38,,,,
148215,1320,10.232,281,446.85,,,,
148436,1321,7.884,221,447.25,,,,
148759,1322,11.299,323,447.8,,,,
148984,1323,7.915,225,448.18,,,,
149209,1324,7.85,225,448.56,,,,
149540,1325,11.574,331,451.42,,,,
150148,1326,20.697,608,460.1,,,,
150374,1327,8.123,226,460.52,,,,
150610,1328,8.524,236,460.93,,,,
150842,1329,8.193,232,461.35,,,,
151150,1330,11.119,308,461.89,,,,
151670,1331,17.893,520,465.08,,,,
151889,1332,7.03,219,465.46,,,,
152394,1333,17.468,505,466.33,,,,
152885,1334,16.694,491,467.19,,,,
153283,1335,14.43,398,467.86,,,,
153555,1336,9.954,272,468.32,,,,
154156,1337,19.983,601,471.71,,,,
154786,1338,20.178,630,472.8,,,,
155175,1339,14.067,389,473.46,,,,
155369,1340,6.554,194,473.8,,,,
155597,1341,8.274,228,474.25,,,,
156260,1342,20.649,663,477.74,,,,
156829,1343,18.623,569,478.76,,,,
157386,1344,18.675,557,479.79,,,,
157653,1345,9.356,267,480.23,,,,
157888,1346,8.022,235,482.94,,,,
158111,1347,7.971,223,483.34,,,,
158781,1348,20.105,670,484.62,,,,
159781,1349,26.162,1000,488.4,,,,
160490,1350,21.219,709,494.74,,,,
161090,1351,18.601,600,495.86,,,,
161424,1352,11.002,334,496.48,,,,
162424,1353,25.302,1000,500.56,,,,
162659,1354,8.296,235,500.98,,,,
162970,1355,10.582,311,501.49,,,,
163194,1356,7.981,224,501.89,,,,
163436,1357,8.369,242,502.33,,,,
163994,1358,16.828,558,505.36,,,,
164340,1359,10.903,346,505.96,,,,
164560,1360,7.668,220,506.43,,,,
165230,1361,21.034,670,507.72,,,,
165561,1362,11.413,331,508.36,,,,
165889,1363,11.564,328,511.32,,,,
166089,1364,7.022,200,511.73,,,,
166437,1365,12.153,348,512.5,,,,
166650,1366,7.256,213,512.9,,,,
166923,1367,9.635,273,513.39,,,,
167162,1368,8.119,239,513.82,,,,
167372,1369,7.128,210,514.26,,,,
167531,1370,5.283,159,514.58,,,,
168108,1371,17.297,577,517.87,,,,
168436,1372,11.092,328,518.54,,,,
169339,1373,27.255,903,520.26,,,,
169668,1374,11.241,329,520.84,,,,
169884,1375,7.242,216,521.23,,,,
170342,1376,14.355,458,532.98,,,,
170707,1377,12.351,365,533.7,,,,
171295,1378,19.744,588,534.75,,,,
171462,1379,5.394,167,535.03,,,,
171717,1380,8.805,255,535.48,,,,
172103,1381,13.275,386,538.24,,,,
172359,1382,8.742,256,538.66,,,,
172651,1383,10.2,292,539.18,,,,
172989,1384,11.475,338,539.79,,,,
173728,1385,21.551,739,541.09,,,,
174126,1386,12.765,398,543.83,,,,
174201,1387,1.545,75,543.96,,,,
175023,1388,25.76,822,545.35,,,,
175333,1389,10.301,310,545.88,,,,
175856,1390,15.857,523,546.81,,,,
176073,1391,7.425,217,547.18,,,,
176143,1392,1.486,70,549.16,,,,
176546,1393,13.652,403,549.85,,,,
176730,1394,6.239,184,550.16,,,,
176938,1395,6.845,208,550.52,,,,
177313,1396,12.431,375,551.19,,,,
177530,1397,7.357,217,551.57,,,,
177910,1398,12.96,380,552.22,,,,
178312,1399,13.581,402,554.7,,,,
178527,1400,7.345,215,555.06,,,,
178747,1401,7.552,220,555.42,,,,
179032,1402,9.75,285,555.91,,,,
179413,1403,12.969,381,556.57,,,,
179649,1404,7.866,236,556.96,,,,
179918,1405,9.294,269,557.42,,,,
180203,1406,9.809,285,562.23,,,,
180430,1407,7.725,227,564.6,,,,
180713,1408,9.739,283,565.07,,,,
181200,1409,14.904,487,565.96,,,,
181371,1410,5.474,171,566.26,,,,
181851,1411,16.49,480,567.11,,,,
182111,1412,8.897,260,567.55,,,,
182621,1413,16.333,510,570.25,,,,
182818,1414,6.718,197,570.58,,,,
183232,1415,13.14,414,571.3,,,,
183553,1416,10.297,321,571.88,,,,
183713,1417,5.137,160,572.16,,,,
184207,1418,15.608,494,573.08,,,,
184521,1419,10.594,314,575.95,,,,
184694,1420,5.572,173,576.26,,,,
185070,1421,12.793,376,576.91,,,,
185540,1422,14.982,470,577.75,,,,
186015,1423,15.041,475,578.62,,,,
186683,1424,19.765,668,582.11,,,,
186998,1425,10.529,315,582.67,,,,
187233,1426,7.779,235,583.09,,,,
187604,1427,11.963,371,583.74,,,,
187967,1428,12.443,363,584.36,,,,
188469,1429,16.059,502,587.33,,,,
188634,1430,4.975,165,587.64,,,,
189038,1431,13.063,404,588.34,,,,
189275,1432,7.747,237,588.75,,,,
189660,1433,12.393,385,589.47,,,,
190099,1434,13.876,439,597.94,,,,
190316,1435,7.19,217,598.3,,,,
190871,1436,17.465,555,601.52,,,,
191410,1437,16.196,539,602.44,,,,
191835,1438,13.482,425,603.18,,,,
192051,1439,6.938,216,603.56,,,,
192266,1440,7.188,215,603.93,,,,
192804,1441,16.189,538,606.97,,,,
193409,1442,18.226,605,608.01,,,,
193646,1443,7.64,237,608.42,,,,
194046,1444,12.504,400,609.1,,,,
194200,1445,4.656,154,609.36,,,,
194603,1446,12.026,403,612.21,,,,
195095,1447,15.123,492,613.05,,,,
195332,1448,7.437,237,613.46,,,,
195704,1449,11.91,372,614.14,,,,
196236,1450,16.234,532,615.06,,,,
196512,1451,9.195,276,615.54,,,,
196716,1452,6.764,204,617.65,,,,
197056,1453,11.388,340,618.22,,,,
197532,1454,14.92,476,619.01,,,,
198117,1455,17.798,585,620.03,,,,
198453,1456,11.102,336,620.61,,,,
198842,1457,12.41,389,623.29,,,,
199149,1458,10.258,307,623.81,,,,
199477,1459,10.357,328,624.37,,,,
199851,1460,11.82,374,625.02,,,,
200213,1461,11.682,362,633.36,,,,
200530,1462,9.827,317,633.9,,,,
200981,1463,14.83,451,636.81,,,,
201260,1464,9.312,279,637.28,,,,
201843,1465,17.425,583,638.25,,,,
202033,1466,6.197,190,638.58,,,,
202249,1467,6.986,216,638.94,,,,
202552,1468,9.261,303,639.45,,,,
203393,1469,24.529,841,643.25,,,,
203866,1470,15.25,473,644.09,,,,
204403,1471,16.097,537,645.02,,,,
205403,1472,26.545,1000,648.97,,,,
205973,1473,15.734,570,649.97,,,,
206174,1474,6.555,201,650.32,,,,
206554,1475,12.119,380,650.96,,,,
206769,1476,6.946,215,651.34,,,,
207006,1477,7.351,237,653.94,,,,
207330,1478,10.662,324,654.49,,,,
207568,1479,7.601,238,654.89,,,,
207762,1480,6.286,194,655.22,,,,
207976,1481,6.971,214,655.59,,,,
208280,1482,9.487,304,656.1,,,,
208531,1483,7.806,251,656.53,,,,
208814,1484,8.985,283,657.0,,,,
209049,1485,7.081,235,659.79,,,,
209311,1486,8.165,262,660.24,,,,
209875,1487,18.44,564,661.19,,,,
210259,1488,12.263,384,668.81,,,,
210430,1489,5.354,171,669.1,,,,
210882,1490,13.575,452,669.89,,,,
211196,1491,9.852,314,672.69,,,,
211683,1492,15.044,487,673.51,,,,
212147,1493,13.809,464,674.31,,,,
212455,1494,9.993,308,674.84,,,,
212913,1495,14.564,458,675.62,,,,
213112,1496,6.31,199,677.72,,,,
213610,1497,14.807,498,678.53,,,,
213891,1498,9.192,281,679.01,,,,
214241,1499,11.451,350,679.61,,,,
214450,1500,6.684,209,679.99,,,,
214530,1501,1.68,80,680.13,,,,
214592,1502,1.163,62,680.24,,,,
214873,1503,9.453,281,680.73,,,,
215225,1504,11.043,352,683.38,,,,
215445,1505,6.987,220,683.76,,,,
215800,1506,11.28,355,684.33,,,,
216006,1507,6.626,206,684.68,,,,
216448,1508,13.387,442,685.42,,,,
217012,1509,17.143,564,686.36,,,,
217219,1510,6.649,207,688.86,,,,
217419,1511,6.335,200,689.21,,,,
217807,1512,12.058,388,689.88,,,,
218177,1513,12.047,370,690.52,,,,
218756,1514,16.999,579,691.51,,,,
219424,1515,18.299,668,694.48,,,,
220180,1516,20.516,756,699.49,,,,
220565,1517,12.461,385,700.14,,,,
220922,1518,11.436,357,700.76,,,,
221140,1519,6.82,218,701.14,,,,
221433,1520,9.482,293,703.94,,,,
221498,1521,1.219,65,704.05,,,,
221716,1522,6.857,218,704.42,,,,
221932,1523,6.923,216,704.81,,,,
222001,1524,1.351,69,704.93,,,,
222239,1525,7.603,238,705.36,,,,
222445,1526,6.586,206,705.7,,,,
222513,1527,1.337,68,705.82,,,,
222586,1528,1.468,73,705.93,,,,
222896,1529,9.547,310,706.46,,,,
223252,1530,11.755,356,708.98,,,,
223509,1531,8.265,257,709.41,,,,
223859,1532,11.279,350,710.0,,,,
224148,1533,9.344,289,710.49,,,,
224415,1534,8.9,267,710.94,,,,
225077,1535,19.468,662,712.07,,,,
225296,1536,6.906,219,714.72,,,,
225523,1537,7.087,227,715.14,,,,
225744,1538,6.905,221,715.56,,,,
226000,1539,8.459,256,716.12,,,,
226271,1540,9.011,271,716.67,,,,
226604,1541,10.467,333,717.33,,,,
226896,1542,9.606,292,717.86,,,,
227110,1543,6.695,214,718.29,,,,
227321,1544,6.593,211,718.71,,,,
227595,1545,9.149,274,721.67,,,,
227881,1546,9.114,286,722.18,,,,
228097,1547,6.785,216,722.6,,,,
228396,1548,9.648,299,723.13,,,,
228760,1549,11.366,364,723.79,,,,
229426,1550,19.371,666,727.38,,,,
229694,1551,9.069,268,727.93,,,,
230170,1552,14.489,476,732.04,,,,
230553,1553,12.48,383,732.78,,,,
230789,1554,7.506,236,733.2,,,,
231162,1555,10.719,373,733.91,,,,
231360,1556,6.391,198,734.34,,,,
231573,1557,6.724,213,737.08,,,,
232258,1558,18.522,685,738.43,,,,
232512,1559,7.816,254,738.94,,,,
233171,1560,18.452,659,740.2,,,,
233484,1561,9.485,313,743.16,,,,
233682,1562,6.321,198,743.53,,,,
233872,1563,5.21,190,743.86,,,,
234144,1564,9.068,272,744.32,,,,
234621,1565,15.44,477,745.16,,,,
234893,1566,8.998,272,745.63,,,,
235169,1567,8.755,276,746.13,,,,
235448,1568,8.895,279,746.72,,,,
235721,1569,8.42,273,749.83,,,,
236005,1570,8.697,284,750.35,,,,
236069,1571,1.162,64,750.46,,,,
236280,1572,6.617,211,750.82,,,,
236571,1573,9.224,291,751.39,,,,
236859,1574,9.238,288,751.98,,,,
237143,1575,9.606,284,752.54,,,,
237553,1576,13.123,410,753.35,,,,
237818,1577,7.953,265,756.5,,,,
238019,1578,6.38,201,757.0,,,,
238234,1579,6.777,215,757.43,,,,
238472,1580,7.49,238,757.93,,,,
238656,1581,5.705,184,758.29,,,,
239062,1582,11.944,406,759.04,,,,
239304,1583,8.031,242,759.47,,,,
239501,1584,6.232,197,759.81,,,,
239938,1585,13.947,437,763.12,,,,
240247,1586,9.778,309,766.74,,,,
240460,1587,6.777,213,767.15,,,,
240814,1588,10.529,354,767.76,,,,
241764,1589,27.677,950,772.18,,,,
242031,1590,8.973,267,772.64,,,,
242382,1591,10.681,351,773.26,,,,
242633,1592,8.386,251,773.69,,,,
242837,1593,6.723,204,774.04,,,,
243319,1594,14.222,482,774.86,,,,
243812,1595,14.408,493,777.98,,,,
244050,1596,7.065,238,778.39,,,,
244127,1597,1.556,77,778.52,,,,
244420,1598,9.377,293,779.02,,,,
244501,1599,1.714,81,779.17,,,,
244928,1600,12.019,427,779.93,,,,
244999,1601,1.323,71,780.05,,,,
245881,1602,25.312,882,783.47,,,,
246175,1603,9.451,294,783.96,,,,
246385,1604,6.386,210,784.3,,,,
246863,1605,14.124,478,785.12,,,,
247210,1606,10.171,347,785.72,,,,
247558,1607,10.098,348,786.31,,,,
247806,1608,7.221,248,786.76,,,,
248022,1609,6.79,216,789.09,,,,
248232,1610,6.492,210,789.44,,,,
248516,1611,9.083,284,789.93,,,,
248819,1612,9.39,303,790.45,,,,
249094,1613,8.412,275,790.92,,,,
249580,1614,14.868,486,791.76,,,,
249799,1615,6.798,219,792.13,,,,
250147,1616,11.035,348,797.86,,,,
250427,1617,8.871,280,798.32,,,,
250651,1618,7.01,224,798.71,,,,
250981,1619,9.907,330,799.31,,,,
251264,1620,8.365,283,799.79,,,,
251610,1621,10.806,346,800.38,,,,
251995,1622,12.054,385,803.25,,,,
252264,1623,8.759,269,803.71,,,,
252518,1624,8.132,254,804.15,,,,
252733,1625,6.584,215,804.53,,,,
252987,1626,8.258,254,804.96,,,,
253193,1627,5.092,206,805.31,,,,
253504,1628,9.549,311,805.84,,,,
253831,1629,10.345,327,806.38,,,,
254113,1630,8.301,282,809.18,,,,
254570,1631,14.183,457,809.96,,,,
255047,1632,13.918,477,810.77,,,,
255408,1633,11.7,361,811.39,,,,
255664,1634,8.104,256,811.81,,,,
255969,1635,9.377,305,812.33,,,,
256245,1636,9.04,276,815.08,,,,
256456,1637,6.559,211,815.45,,,,
256667,1638,6.677,211,815.81,,,,
257046,1639,11.57,379,816.46,,,,
257261,1640,6.723,215,816.84,,,,
257526,1641,8.651,265,817.27,,,,
257976,1642,14.271,450,818.04,,,,
258178,1643,6.177,202,820.63,,,,
258431,1644,8.47,253,821.07,,,,
258660,1645,7.298,229,821.46,,,,
258925,1646,8.87,265,821.91,,,,
259191,1647,8.846,266,822.37,,,,
259454,1648,8.684,263,822.82,,,,
259890,1649,12.969,436,823.56,,,,
260338,1650,13.783,448,829.2,,,,
260684,1651,10.516,346,829.78,,,,
261060,1652,11.279,376,830.43,,,,
261397,1653,10.202,337,831.01,,,,
261741,1654,10.413,344,831.61,,,,
261962,1655,6.732,221,832.07,,,,
262212,1656,7.576,250,834.67,,,,
262550,1657,10.629,338,835.29,,,,
262981,1658,13.442,431,836.15,,,,
263352,1659,11.584,371,836.81,,,,
263800,1660,13.59,448,837.73,,,,
264316,1661,16.277,516,840.73,,,,
264613,1662,9.319,297,841.23,,,,
265059,1663,13.557,446,842.05,,,,
265345,1664,8.617,286,842.54,,,,
265643,1665,9.171,298,843.05,,,,
265957,1666,9.606,314,843.64,,,,
266138,1667,5.594,181,843.95,,,,
266408,1668,8.615,270,846.47,,,,
266630,1669,6.666,222,846.85,,,,
267022,1670,12.124,392,847.51,,,,
267331,1671,9.226,309,848.13,,,,
267702,1672,11.555,371,848.91,,,,
268357,1673,19.077,655,852.44,,,,
268642,1674,8.821,285,852.91,,,,
269013,1675,11.992,371,853.56,,,,
269308,1676,8.746,295,854.07,,,,
269792,1677,14.846,484,854.85,,,,
270152,1678,11.226,360,861.38,,,,
270399,1679,8.053,247,863.93,,,,
270666,1680,8.534,267,864.39,,,,
271192,1681,15.505,526,865.38,,,,
271518,1682,10.305,326,866.07,,,,
272025,1683,14.036,507,867.03,,,,
272336,1684,9.72,311,867.74,,,,
272417,1685,1.644,81,870.27,,,,
272700,1686,9.103,283,870.76,,,,
273196,1687,14.539,496,871.66,,,,
273581,1688,12.185,385,872.37,,,,
273962,1689,10.877,381,873.12,,,,
274518,1690,16.142,556,876.44,,,,
274833,1691,9.802,315,877.13,,,,
275104,1692,8.755,271,877.68,,,,
275306,1693,6.26,202,878.07,,,,
275509,1694,6.357,203,878.47,,,,
275829,1695,9.764,320,879.1,,,,
276138,1696,9.682,309,879.68,,,,
276533,1697,12.058,395,882.75,,,,
276853,1698,10.005,320,883.44,,,,
277265,1699,12.145,412,884.2,,,,
277575,1700,9.502,310,884.84,,,,
277778,1701,6.161,203,885.22,,,,
278098,1702,10.548,320,885.83,,,,
278335,1703,7.627,237,886.28,,,,
278792,1704,13.799,457,889.48,,,,
279163,1705,11.873,371,890.21,,,,
279428,1706,8.702,265,890.71,,,,
279798,1707,11.598,370,891.43,,,,
280014,1708,6.629,216,894.77,,,,
280366,1709,10.607,352,895.38,,,,
280627,1710,8.532,261,898.18,,,,
281032,1711,12.746,405,898.89,,,,
281287,1712,8.535,255,899.37,,,,
281633,1713,10.826,346,900.0,,,,
282043,1714,12.838,410,900.69,,,,
282329,1715,9.266,286,901.16,,,,
282633,1716,9.03,304,903.76,,,,
282888,1717,8.359,255,904.19,,,,
283210,1718,9.621,322,904.73,,,,
283490,1719,8.677,280,905.2,,,,
283869,1720,11.392,379,905.91,,,,
284336,1721,13.96,467,906.72,,,,
284588,1722,8.096,252,907.15,,,,
284875,1723,9.262,287,909.55,,,,
285090,1724,6.569,215,909.91,,,,
285452,1725,11.309,362,910.52,,,,
285714,1726,8.335,262,910.97,,,,
285918,1727,6.437,204,911.32,,,,
286223,1728,8.831,305,911.87,,,,
286955,1729,21.433,732,915.45,,,,
287280,1730,10.38,325,916.01,,,,
287522,1731,8.336,242,916.42,,,,
287731,1732,6.153,209,916.79,,,,
287994,1733,8.645,263,917.23,,,,
288412,1734,13.021,418,917.94,,,,
288568,1735,4.573,156,918.2,,,,
288893,1736,9.325,325,920.63,,,,
289135,1737,7.771,242,921.03,,,,
289267,1738,3.544,132,921.25,,,,
289870,1739,18.032,603,922.31,,,,
290223,1740,10.976,353,925.05,,,,
290490,1741,8.658,267,925.52,,,,
290693,1742,6.441,203,925.86,,,,
290940,1743,7.85,247,928.18,,,,
291413,1744,14.242,473,929.01,,,,
291824,1745,13.162,411,929.72,,,,
292061,1746,7.131,237,930.15,,,,
292312,1747,8.218,251,930.58,,,,
292667,1748,11.054,355,931.19,,,,
292929,1749,7.801,262,933.83,,,,
293270,1750,10.308,341,934.4,,,,
293470,1751,6.05,200,934.73,,,,
293773,1752,9.107,303,935.25,,,,
294016,1753,7.942,243,935.65,,,,
294255,1754,7.689,239,936.07,,,,
294595,1755,10.978,340,936.66,,,,
295039,1756,13.632,444,939.71,,,,
295252,1757,6.438,213,940.07,,,,
295512,1758,8.325,260,940.52,,,,
295854,1759,10.649,342,941.12,,,,
296112,1760,8.594,258,941.56,,,,
296362,1761,8.165,250,941.98,,,,
296637,1762,8.875,275,942.44,,,,
296927,1763,8.867,290,942.95,,,,
297196,1764,8.843,269,945.76,,,,
297539,1765,10.646,343,946.36,,,,
298343,1766,21.889,804,947.73,,,,
298705,1767,10.658,362,948.38,,,,
298976,1768,8.801,271,948.84,,,,
299338,1769,11.114,362,951.61,,,,
299793,1770,14.059,455,952.4,,,,
300072,1771,9.169,279,955.42,,,,
300337,1772,8.285,265,955.89,,,,
300530,1773,5.922,193,956.21,,,,
300740,1774,6.345,210,956.57,,,,
301089,1775,10.895,349,959.25,,,,
301448,1776,11.236,359,959.86,,,,
301694,1777,7.765,246,960.26,,,,
301963,1778,8.694,269,960.73,,,,
302175,1779,6.48,212,961.09,,,,
302477,1780,9.413,302,961.6,,,,
302691,1781,6.375,214,961.97,,,,
303064,1782,11.626,373,962.6,,,,
303227,1783,4.748,163,964.61,,,,
303362,1784,3.566,135,964.83,,,,
303993,1785,18.316,631,965.87,,,,
304175,1786,5.611,182,966.18,,,,
304386,1787,6.426,211,966.53,,,,
304755,1788,11.452,369,967.17,,,,
305030,1789,9.025,275,967.64,,,,
305217,1790,5.606,187,970.12,,,,
305592,1791,11.56,375,970.78,,,,
305761,1792,4.9,169,971.07,,,,
306044,1793,8.76,283,971.56,,,,
306494,1794,14.197,450,972.36,,,,
306859,1795,11.255,365,972.98,,,,
307139,1796,8.986,280,973.46,,,,
308068,1797,25.907,929,977.14,,,,
308342,1798,8.869,274,977.62,,,,
308550,1799,6.327,208,977.97,,,,
308861,1800,8.997,311,978.49,,,,
309248,1801,11.544,387,979.18,,,,
309716,1802,14.12,468,981.9,,,,
310078,1803,11.494,362,985.18,,,,
310378,1804,9.121,300,985.69,,,,
310768,1805,12.068,390,986.36,,,,
311050,1806,8.301,282,986.85,,,,
311271,1807,6.759,221,987.24,,,,
311907,1808,19.35,636,990.28,,,,
312443,1809,16.416,536,991.23,,,,
312812,1810,10.687,369,991.9,,,,
313173,1811,11.403,361,992.52,,,,
313395,1812,6.697,222,995.05,,,,
313670,1813,8.384,275,995.52,,,,
314599,1814,26.553,929,997.12,,,,
314935,1815,11.023,336,997.7,,,,
315195,1816,8.415,260,998.13,,,,
315470,1817,8.643,275,1000.93,,,,
316251,1818,21.596,781,1002.27,,,,
316557,1819,9.428,306,1002.78,,,,
317015,1820,13.847,458,1003.56,,,,
317281,1821,8.694,266,1004.0,,,,
317477,1822,5.921,196,1006.6,,,,
317823,1823,10.986,346,1007.22,,,,
318163,1824,11.046,340,1007.8,,,,
318611,1825,13.932,448,1008.57,,,,
318923,1826,9.806,312,1009.15,,,,
319139,1827,6.477,216,1009.51,,,,
319850,1828,21.372,711,1012.8,,,,
319997,1829,3.951,147,1013.04,,,,
320317,1830,9.562,320,1015.94,,,,
321227,1831,25.995,910,1017.52,,,,
321694,1832,13.484,467,1020.15,,,,
322614,1833,26.06,920,1021.74,,,,
322862,1834,7.906,248,1022.17,,,,
323139,1835,8.79,277,1022.66,,,,
323546,1836,12.81,407,1023.36,,,,
323989,1837,13.306,443,1026.04,,,,
324167,1838,5.276,178,1026.34,,,,
324472,1839,9.334,305,1026.86,,,,
325273,1840,21.999,801,1028.24,,,,
325487,1841,6.371,214,1028.62,,,,
326212,1842,21.711,725,1032.14,,,,
326603,1843,10.313,391,1032.83,,,,
327603,1844,26.171,1000,1034.54,,,,
327826,1845,6.769,223,1036.85,,,,
328043,1846,6.556,217,1037.21,,,,
328341,1847,9.323,298,1037.86,,,,
328673,1848,10.583,332,1038.53,,,,
329061,1849,11.965,388,1039.2,,,,
329531,1850,14.098,470,1040.0,,,,
329826,1851,8.661,295,1042.5,,,,
330268,1852,14.298,442,1047.17,,,,
331141,1853,24.785,873,1048.83,,,,
331416,1854,8.088,275,1049.3,,,,
331691,1855,8.697,275,1049.78,,,,
332036,1856,10.746,345,1052.48,,,,
332605,1857,16.3,569,1053.51,,,,
332895,1858,9.2,290,1053.98,,,,
333353,1859,14.339,458,1054.73,,,,
333571,1860,6.54,218,1055.1,,,,
333781,1861,6.364,210,1055.44,,,,
334036,1862,8.181,255,1057.75,,,,
334495,1863,13.076,459,1058.58,,,,
334800,1864,9.432,305,1059.08,,,,
335628,1865,23.634,828,1060.45,,,,
335990,1866,11.574,362,1063.21,,,,
336322,1867,9.731,332,1063.79,,,,
336634,1868,9.56,312,1064.35,,,,
337000,1869,11.274,366,1064.96,,,,
337679,1870,19.251,679,1066.11,,,,
338215,1871,15.694,536,1069.08,,,,
338440,1872,6.86,225,1069.49,,,,
338673,1873,7.136,233,1069.91,,,,
338886,1874,6.386,213,1070.26,,,,
339155,1875,8.61,269,1070.7,,,,
339464,1876,8.592,309,1071.23,,,,
339851,1877,11.37,387,1071.87,,,,
340451,1878,18.573,600,1080.02,,,,
340701,1879,7.926,250,1080.6,,,,
340958,1880,7.836,257,1081.08,,,,
341184,1881,6.848,226,1081.5,,,,
341466,1882,9.003,282,1082.07,,,,
341741,1883,8.715,275,1082.57,,,,
342018,1884,8.891,277,1085.34,,,,
342229,1885,6.333,211,1085.82,,,,
342545,1886,9.257,316,1086.46,,,,
342819,1887,8.868,274,1087.0,,,,
343172,1888,11.159,353,1087.66,,,,
343685,1889,14.702,513,1088.52,,,,
344141,1890,13.352,456,1091.73,,,,
344417,1891,8.854,276,1092.2,,,,
344788,1892,11.567,371,1092.97,,,,
345136,1893,10.813,348,1093.57,,,,
345551,1894,12.476,415,1094.27,,,,
345991,1895,13.557,440,1095.08,,,,
346316,1896,10.196,325,1098.09,,,,
346614,1897,8.985,298,1098.72,,,,
346862,1898,7.838,248,1099.21,,,,
347010,1899,4.073,148,1099.51,,,,
347326,1900,9.568,316,1100.11,,,,
347752,1901,12.923,426,1100.87,,,,
348015,1902,8.211,263,1101.37,,,,
348330,1903,9.975,315,1104.28,,,,
348680,1904,10.934,350,1104.89,,,,
348947,1905,8.316,267,1105.42,,,,
349241,1906,8.757,294,1105.91,,,,
349497,1907,8.037,256,1106.4,,,,
349848,1908,10.672,351,1107.03,,,,
350289,1909,13.697,441,1116.49,,,,
350647,1910,10.579,358,1117.15,,,,
350884,1911,7.145,237,1117.62,,,,
351326,1912,13.518,442,1118.41,,,,
351622,1913,8.85,296,1118.97,,,,
351980,1914,11.129,358,1119.69,,,,
352380,1915,11.762,400,1122.8,,,,
352684,1916,9.636,304,1123.34,,,,
352981,1917,8.861,297,1123.92,,,,
353302,1918,10.143,321,1124.51,,,,
354225,1919,27.528,923,1126.15,,,,
354467,1920,7.59,242,1129.02,,,,
354936,1921,14.072,469,1129.86,,,,
355395,1922,13.449,459,1130.78,,,,
355777,1923,11.656,382,1131.44,,,,
356032,1924,7.245,255,1131.87,,,,
356463,1925,12.856,431,1135.0,,,,
356820,1926,11.048,357,1135.62,,,,
357098,1927,8.877,278,1136.12,,,,
357611,1928,14.815,513,1136.97,,,,
357991,1929,11.535,380,1137.59,,,,
358607,1930,17.918,616,1140.65,,,,
358862,1931,8.066,255,1141.1,,,,
359369,1932,14.925,507,1141.99,,,,
360070,1933,20.782,701,1150.78,,,,
360268,1934,5.907,198,1151.12,,,,
360796,1935,16.162,528,1153.92,,,,
361260,1936,13.977,464,1154.77,,,,
361556,1937,8.876,296,1155.28,,,,
361865,1938,9.621,309,1155.81,,,,
362617,1939,20.85,752,1158.88,,,,
363496,1940,25.109,879,1160.4,,,,
363819,1941,9.878,323,1160.94,,,,
364522,1942,19.841,703,1162.09,,,,
364970,1943,13.939,448,1165.02,,,,
365970,1944,26.274,1000,1166.7,,,,
366544,1945,16.139,574,1167.65,,,,
367021,1946,14.308,477,1170.78,,,,
368021,1947,26.698,1000,1172.56,,,,
368963,1948,26.615,942,1176.39,,,,
369316,1949,10.418,353,1177.03,,,,
370124,1950,24.009,808,1183.98,,,,
370432,1951,9.167,308,1184.54,,,,
371268,1952,23.755,836,1188.45,,,,
371707,1953,13.082,439,1189.21,,,,
372707,1954,27.273,1000,1190.88,,,,
372922,1955,6.33,215,1193.57,,,,
373795,1956,25.878,873,1195.2,,,,
374332,1957,15.241,537,1196.19,,,,
374546,1958,6.273,214,1196.55,,,,
375239,1959,20.145,693,1200.22,,,,
375530,1960,9.021,291,1200.75,,,,
376071,1961,16.447,541,1201.65,,,,
376400,1962,9.923,329,1202.29,,,,
376689,1963,8.893,289,1202.81,,,,
377385,1964,20.668,696,1206.41,,,,
378015,1965,17.721,630,1207.57,,,,
378418,1966,11.279,403,1208.31,,,,
378941,1967,14.79,523,1211.31,,,,
379858,1968,27.391,917,1212.97,,,,
380167,1969,9.622,309,1216.86,,,,
380452,1970,8.674,285,1217.46,,,,
380664,1971,6.195,212,1217.89,,,,
381165,1972,14.596,501,1220.97,,,,
381592,1973,12.864,427,1221.79,,,,
381965,1974,11.391,373,1222.44,,,,
382480,1975,15.605,515,1223.34,,,,
383088,1976,18.326,608,1226.58,,,,
383430,1977,10.1,342,1227.24,,,,
383674,1978,7.449,244,1227.73,,,,
383928,1979,7.517,254,1228.2,,,,
384928,1980,27.196,1000,1230.17,,,,
385272,1981,10.111,344,1232.83,,,,
386151,1982,25.264,879,1234.65,,,,
386431,1983,8.39,280,1235.16,,,,
386984,1984,16.376,553,1236.21,,,,
387432,1985,12.721,448,1239.06,,,,
387737,1986,9.456,305,1239.66,,,,
388428,1987,21.172,691,1240.88,,,,
388791,1988,10.941,363,1241.58,,,,
389080,1989,8.673,289,1242.14,,,,
389352,1990,6.686,272,1244.86,,,,
390154,1991,23.428,802,1253.31,,,,
390504,1992,10.378,350,1254.09,,,,
390835,1993,10.142,331,1254.68,,,,
391133,1994,9.088,298,1255.16,,,,
391472,1995,9.257,339,1257.98,,,,
392138,1996,20.628,666,1259.2,,,,
392415,1997,8.229,277,1259.68,,,,
392654,1998,7.114,239,1260.07,,,,
393001,1999,10.864,347,1260.64,,,,
393892,2000,26.449,891,1264.06,,,,
394892,2001,29.153,1000,1265.75,,,,
395416,2002,15.325,524,1268.71,,,,
395622,2003,5.994,206,1269.08,,,,
396098,2004,14.184,476,1269.92,,,,
396455,2005,10.899,357,1270.52,,,,
396899,2006,13.637,444,1271.3,,,,
397574,2007,18.446,675,1274.61,,,,
397767,2008,5.613,193,1274.96,,,,
397988,2009,6.462,221,1275.38,,,,
398281,2010,9.12,293,1275.9,,,,
398861,2011,17.452,580,1276.87,,,,
399143,2012,8.591,282,1277.33,,,,
399468,2013,9.414,325,1279.69,,,,
400022,2014,17.205,554,1285.03,,,,
400898,2015,25.84,876,1286.64,,,,
401514,2016,17.923,616,1289.85,,,,
401780,2017,8.249,266,1290.3,,,,
402058,2018,8.725,278,1290.81,,,,
402573,2019,15.476,515,1291.68,,,,
403154,2020,17.208,581,1292.65,,,,
403434,2021,8.514,280,1293.13,,,,
403759,2022,9.993,325,1295.78,,,,
404117,2023,10.84,358,1296.44,,,,
404318,2024,5.903,201,1296.78,,,,
404647,2025,10.039,329,1297.33,,,,
404868,2026,6.474,221,1297.7,,,,
405379,2027,14.88,511,1298.53,,,,
405710,2028,9.554,331,1301.22,,,,
406180,2029,13.535,470,1302.09,,,,
406579,2030,12.136,399,1302.76,,,,
406817,2031,7.295,238,1303.19,,,,
407090,2032,8.401,273,1303.65,,,,
407773,2033,20.306,683,1307.04,,,,
408180,2034,12.587,407,1307.79,,,,
408583,2035,11.914,403,1308.47,,,,
408893,2036,9.697,310,1308.98,,,,
409845,2037,27.068,952,1312.84,,,,
410163,2038,9.883,318,1319.31,,,,
410550,2039,11.419,387,1320.06,,,,
410808,2040,8.063,258,1320.54,,,,
411243,2041,13.405,435,1321.28,,,,
411573,2042,10.016,330,1321.84,,,,
412351,2043,22.156,778,1325.07,,,,
413351,2044,28.479,1000,1326.73,,,,
413758,2045,12.294,407,1329.51,,,,
414098,2046,10.519,340,1330.12,,,,
414377,2047,8.584,279,1330.62,,,,
414656,2048,8.763,279,1331.09,,,,
414954,2049,9.003,298,1331.59,,,,
415626,2050,20.32,672,1332.72,,,,
415948,2051,9.703,322,1335.35,,,,
416774,2052,23.074,826,1336.82,,,,
417049,2053,7.818,275,1337.26,,,,
417311,2054,8.063,262,1337.69,,,,
417829,2055,15.524,518,1340.32,,,,
418103,2056,7.666,274,1340.78,,,,
418298,2057,5.435,195,1341.12,,,,
418581,2058,7.459,283,1341.64,,,,
418966,2059,10.747,385,1342.29,,,,
419298,2060,10.054,332,1342.84,,,,
419499,2061,5.808,201,1343.18,,,,
419703,2062,5.896,204,1343.52,,,,
420329,2063,17.957,626,1348.79,,,,
420598,2064,8.128,269,1349.31,,,,
420721,2065,2.711,123,1349.54,,,,
421158,2066,11.324,437,1350.3,,,,
421381,2067,6.459,223,1350.67,,,,
421869,2068,13.963,488,1351.53,,,,
422318,2069,13.397,449,1354.49,,,,
422787,2070,13.981,469,1355.32,,,,
423107,2071,9.933,320,1355.86,,,,
423660,2072,16.273,553,1356.8,,,,
424147,2073,15.284,487,1359.95,,,,
424464,2074,9.74,317,1360.52,,,,
424844,2075,11.528,380,1361.19,,,,
425294,2076,13.523,450,1361.98,,,,
425655,2077,10.616,361,1362.57,,,,
425984,2078,9.057,329,1363.14,,,,
426303,2079,10.045,319,1365.96,,,,
426690,2080,11.296,387,1366.7,,,,
426912,2081,6.301,222,1367.08,,,,
427458,2082,15.51,546,1367.99,,,,
427871,2083,11.411,413,1368.7,,,,
428482,2084,18.022,611,1371.91,,,,
428915,2085,12.855,433,1372.71,,,,
429915,2086,28.333,1000,1374.43,,,,
430188,2087,8.632,273,1384.67,,,,
430680,2088,14.317,492,1385.52,,,,
431140,2089,14.018,460,1386.32,,,,
431510,2090,11.031,370,1386.95,,,,
431784,2091,8.147,274,1387.41,,,,
432380,2092,16.571,596,1390.61,,,,
432846,2093,13.91,466,1391.47,,,,
433306,2094,13.6,460,1392.23,,,,
434306,2095,26.953,1000,1396.04,,,,
434685,2096,11.339,379,1396.7,,,,
435198,2097,14.402,513,1397.6,,,,
435482,2098,8.667,284,1398.08,,,,
436151,2099,19.234,669,1399.21,,,,
436450,2100,8.842,299,1401.48,,,,
436998,2101,16.711,548,1402.44,,,,
437350,2102,10.764,352,1403.09,,,,
437553,2103,5.922,203,1403.43,,,,
437980,2104,11.928,427,1404.16,,,,
438256,2105,8.717,276,1404.67,,,,
438590,2106,10.253,334,1407.09,,,,
438803,2107,6.242,213,1407.48,,,,
439142,2108,10.573,339,1408.09,,,,
439332,2109,5.445,190,1408.39,,,,
439511,2110,5.15,179,1408.69,,,,
439692,2111,5.228,181,1408.98,,,,
439978,2112,8.691,286,1409.43,,,,
440234,2113,8.01,256,1412.98,,,,
440385,2114,4.084,151,1415.23,,,,
441036,2115,18.337,651,1416.38,,,,
441324,2116,8.67,288,1416.87,,,,
441576,2117,7.553,252,1417.27,,,,
441867,2118,8.688,291,1417.75,,,,
442130,2119,8.218,263,1418.18,,,,
443130,2120,26.784,1000,1422.06,,,,
443421,2121,7.535,291,1422.53,,,,
443949,2122,15.481,528,1423.41,,,,
444241,2123,8.178,292,1423.9,,,,
444527,2124,8.831,286,1426.61,,,,
445053,2125,15.658,526,1427.56,,,,
445491,2126,13.324,438,1428.29,,,,
445729,2127,7.15,238,1428.68,,,,
446729,2128,27.96,1000,1432.3,,,,
447461,2129,19.967,732,1433.64,,,,
447753,2130,9.056,292,1434.17,,,,
448753,2131,26.266,1000,1438.27,,,,
449466,2132,19.647,713,1439.66,,,,
449833,2133,11.397,367,1440.45,,,,
450388,2134,16.185,555,1445.74,,,,
450722,2135,10.175,334,1448.88,,,,
451085,2136,11.217,363,1449.67,,,,
451351,2137,8.335,266,1450.15,,,,
451721,2138,11.117,370,1450.9,,,,
452091,2139,11.171,370,1451.6,,,,
452345,2140,7.637,254,1452.09,,,,
452800,2141,13.741,455,1455.35,,,,
453010,2142,6.155,210,1455.77,,,,
453217,2143,5.995,207,1456.15,,,,
453437,2144,6.361,220,1456.56,,,,
454090,2145,18.692,653,1457.77,,,,
454382,2146,8.749,292,1458.34,,,,
454689,2147,9.048,307,1461.63,,,,
455368,2148,19.847,679,1463.07,,,,
455927,2149,16.049,559,1464.05,,,,
456294,2150,11.14,367,1464.81,,,,
456839,2151,16.202,545,1468.21,,,,
457309,2152,14.36,470,1469.12,,,,
457572,2153,8.185,263,1469.61,,,,
458063,2154,15.18,491,1470.64,,,,
458283,2155,6.362,220,1471.01,,,,
458561,2156,8.711,278,1471.46,,,,
459255,2157,20.483,694,1475.29,,,,
459642,2158,11.695,387,1475.99,,,,
460076,2159,13.419,434,1483.78,,,,
460763,2160,20.483,687,1485.13,,,,
461117,2161,11.312,354,1488.42,,,,
461522,2162,12.286,405,1489.22,,,,
461833,2163,9.424,311,1489.8,,,,
462108,2164,8.595,275,1490.27,,,,
462635,2165,16.46,527,1491.28,,,,
463300,2166,19.697,665,1494.94,,,,
463893,2167,17.843,593,1495.99,,,,
464138,2168,7.386,245,1496.39,,,,
464689,2169,17.052,551,1497.33,,,,
464989,2170,8.62,300,1499.99,,,,
465182,2171,5.55,193,1500.31,,,,
465543,2172,11.051,361,1500.98,,,,
466181,2173,18.886,638,1502.04,,,,
466375,2174,5.599,194,1502.37,,,,
466681,2175,9.182,306,1502.88,,,,
466970,2176,8.893,289,1505.17,,,,
467800,2177,23.882,830,1506.59,,,,
468253,2178,13.687,453,1507.33,,,,
469253,2179,27.784,1000,1511.03,,,,
469552,2180,9.078,299,1511.58,,,,
470552,2181,26.824,1000,1519.48,,,,
470750,2182,5.807,198,1519.87,,,,
470969,2183,6.331,219,1520.24,,,,
471234,2184,8.02,265,1522.73,,,,
471878,2185,18.401,644,1523.89,,,,
472247,2186,11.148,369,1524.5,,,,
473247,2187,28.853,1000,1528.31,,,,
473520,2188,8.546,273,1528.78,,,,
473775,2189,7.753,255,1529.25,,,,
473986,2190,6.212,211,1529.61,,,,
474669,2191,20.561,683,1530.74,,,,
475155,2192,14.704,486,1533.81,,,,
476155,2193,28.488,1000,1535.54,,,,
476374,2194,6.411,219,1535.91,,,,
477019,2195,19.96,645,1537.01,,,,
477650,2196,17.427,631,1540.35,,,,
477935,2197,8.638,285,1540.87,,,,
478161,2198,6.12,226,1541.25,,,,
478544,2199,11.257,383,1541.89,,,,
479458,2200,26.546,914,1545.75,,,,
479831,2201,10.986,373,1546.41,,,,
480084,2202,7.713,253,1550.0,,,,
480358,2203,8.457,274,1550.48,,,,
480575,2204,6.332,217,1550.89,,,,
480797,2205,6.52,222,1551.3,,,,
481119,2206,10.018,322,1551.83,,,,
481324,2207,5.954,205,1554.34,,,,
481849,2208,15.9,525,1555.55,,,,
482143,2209,9.032,294,1556.21,,,,
482364,2210,6.366,221,1556.61,,,,
482631,2211,8.151,267,1557.13,,,,
482844,2212,6.308,213,1557.57,,,,
483146,2213,9.405,302,1558.08,,,,
483454,2214,9.25,308,1560.9,,,,
483973,2215,15.523,519,1562.02,,,,
484521,2216,16.266,548,1562.94,,,,
484968,2217,13.995,447,1563.68,,,,
485269,2218,9.009,301,1564.18,,,,
485479,2219,6.151,210,1566.61,,,,
485927,2220,11.765,448,1567.34,,,,
486927,2221,26.858,1000,1569.0,,,,
487555,2222,18.418,628,1572.14,,,,
488555,2223,28.273,1000,1574.13,,,,
488836,2224,8.731,281,1574.64,,,,
489377,2225,15.796,541,1575.67,,,,
489579,2226,5.923,202,1578.17,,,,
490370,2227,22.932,791,1588.4,,,,
491234,2228,24.543,864,1590.09,,,,
491526,2229,8.497,292,1592.88,,,,
491897,2230,10.97,371,1593.64,,,,
492158,2231,7.986,261,1594.19,,,,
493158,2232,28.041,1000,1596.15,,,,
493635,2233,13.403,477,1599.09,,,,
493988,2234,10.58,353,1599.83,,,,
494207,2235,6.307,219,1600.27,,,,
494421,2236,6.15,214,1600.61,,,,
494646,2237,6.638,225,1601.08,,,,
495061,2238,11.383,415,1601.84,,,,
496061,2239,26.643,1000,1606.04,,,,
497061,2240,29.476,1000,1607.95,,,,
497529,2241,13.635,468,1608.82,,,,
498206,2242,19.717,677,1612.45,,,,
498423,2243,6.363,217,1612.86,,,,
499165,2244,20.977,742,1614.2,,,,
499641,2245,13.763,476,1615.02,,,,
499933,2246,8.963,292,1617.78,,,,
500933,2247,28.093,1000,1627.39,,,,
501554,2248,18.568,621,1628.45,,,,
502260,2249,20.832,706,1631.91,,,,
503260,2250,28.188,1000,1633.62,,,,
503575,2251,9.696,315,1634.14,,,,
503889,2252,9.345,314,1636.75,,,,
504550,2253,19.811,661,1637.96,,,,
505029,2254,14.125,479,1638.75,,,,
505661,2255,18.407,632,1639.82,,,,
505918,2256,7.865,257,1642.43,,,,
506134,2257,5.957,216,1642.79,,,,
506399,2258,7.991,265,1643.27,,,,
506635,2259,6.919,236,1643.7,,,,
506945,2260,9.029,310,1644.22,,,,
507863,2261,26.863,918,1645.77,,,,
508226,2262,10.92,363,1648.39,,,,
508688,2263,12.919,462,1649.24,,,,
508959,2264,8.306,271,1649.72,,,,
509316,2265,11.205,357,1650.36,,,,
509857,2266,16.178,541,1651.29,,,,
510171,2267,9.367,314,1661.46,,,,
510539,2268,11.085,368,1662.22,,,,
511046,2269,15.456,507,1663.12,,,,
511431,2270,11.542,385,1663.83,,,,
511642,2271,6.168,211,1664.17,,,,
512089,2272,13.043,447,1667.12,,,,
512314,2273,6.135,225,1667.48,,,,
512536,2274,6.128,222,1667.85,,,,
513206,2275,19.89,670,1668.98,,,,
513915,2276,21.659,709,1670.14,,,,
514434,2277,15.103,519,1673.35,,,,
514653,2278,6.334,219,1673.74,,,,
515237,2279,17.779,584,1674.72,,,,
515940,2280,20.736,703,1675.92,,,,
516149,2281,6.199,209,1678.41,,,,
516744,2282,17.735,595,1679.47,,,,
517300,2283,16.11,556,1680.44,,,,
517599,2284,8.974,299,1680.98,,,,
517921,2285,9.91,322,1681.54,,,,
518254,2286,10.128,333,1684.25,,,,
518540,2287,8.783,286,1684.74,,,,
518911,2288,11.072,371,1685.42,,,,
519898,2289,29.889,987,1687.08,,,,
520516,2290,18.276,618,1697.83,,,,
521062,2291,16.433,546,1698.8,,,,
521431,2292,11.05,369,1699.42,,,,
521759,2293,9.833,328,1699.96,,,,
522512,2294,22.625,753,1703.3,,,,
522919,2295,11.961,407,1704.07,,,,
523389,2296,13.411,470,1704.86,,,,
524389,2297,27.962,1000,1708.33,,,,
524846,2298,14.24,457,1709.14,,,,
525342,2299,14.925,496,1709.99,,,,
525802,2300,14.105,460,1710.77,,,,
526329,2301,15.122,527,1711.67,,,,
526691,2302,10.675,362,1714.06,,,,
527261,2303,17.463,570,1715.05,,,,
527541,2304,8.719,280,1715.51,,,,
528092,2305,16.207,551,1716.44,,,,
528376,2306,8.803,284,1716.92,,,,
528753,2307,10.143,377,1719.74,,,,
529753,2308,28.883,1000,1721.47,,,,
530282,2309,16.203,529,1730.15,,,,
531220,2310,28.122,938,1734.0,,,,
531759,2311,15.521,539,1734.89,,,,
532006,2312,7.26,247,1735.29,,,,
532547,2313,16.088,541,1738.37,,,,
533104,2314,16.403,557,1739.35,,,,
533570,2315,13.44,466,1740.15,,,,
534570,2316,28.953,1000,1743.99,,,,
535023,2317,13.665,453,1744.75,,,,
535312,2318,8.9,289,1745.28,,,,
535846,2319,15.598,534,1746.18,,,,
536201,2320,11.046,355,1746.76,,,,
536640,2321,13.403,439,1749.86,,,,
536915,2322,8.452,275,1750.31,,,,
537120,2323,5.941,205,1750.68,,,,
537491,2324,11.38,371,1751.33,,,,
537718,2325,6.761,227,1751.74,,,,
538010,2326,9.074,292,1752.22,,,,
538374,2327,11.14,364,1752.85,,,,
538920,2328,16.447,546,1756.03,,,,
539188,2329,8.339,268,1756.53,,,,
539552,2330,10.939,364,1757.16,,,,
539767,2331,5.964,215,1757.52,,,,
539995,2332,6.793,228,1757.9,,,,
540320,2333,10.286,325,1760.64,,,,
540603,2334,8.924,283,1761.2,,,,
540964,2335,11.106,361,1764.0,,,,
541506,2336,16.36,542,1764.97,,,,
541806,2337,9.077,300,1765.45,,,,
542386,2338,17.272,580,1766.4,,,,
542738,2339,10.864,352,1768.77,,,,
543023,2340,8.452,285,1769.26,,,,
543259,2341,7.037,236,1769.7,,,,
543561,2342,8.622,302,1770.22,,,,
543843,2343,8.297,282,1770.7,,,,
544519,2344,20.323,676,1771.82,,,,
545212,2345,20.566,693,1774.94,,,,
546061,2346,24.038,849,1776.38,,,,
546347,2347,8.603,286,1776.85,,,,
546644,2348,8.44,297,1777.34,,,,
547137,2349,14.705,493,1780.31,,,,
547336,2350,5.934,199,1780.67,,,,
547604,2351,8.555,268,1781.16,,,,
548128,2352,15.892,524,1782.02,,,,
548453,2353,9.912,325,1782.55,,,,
548808,2354,10.123,355,1783.14,,,,
549368,2355,16.342,560,1786.14,,,,
549657,2356,8.363,289,1786.66,,,,
549949,2357,8.659,292,1787.14,,,,
550702,2358,22.175,753,1796.44,,,,
551123,2359,12.925,421,1799.61,,,,
551697,2360,16.783,574,1800.78,,,,
552431,2361,21.959,734,1802.1,,,,
552957,2362,15.39,526,1803.06,,,,
553273,2363,9.802,316,1806.02,,,,
554273,2364,27.52,1000,1808.02,,,,
554892,2365,18.138,619,1809.18,,,,
555545,2366,18.958,653,1812.89,,,,
555998,2367,12.244,453,1813.79,,,,
556741,2368,20.508,743,1815.14,,,,
557284,2369,15.987,543,1818.51,,,,
557703,2370,13.114,419,1819.4,,,,
558275,2371,17.137,572,1820.53,,,,
559275,2372,28.429,1000,1824.73,,,,
559980,2373,20.332,705,1826.12,,,,
560559,2374,17.637,579,1832.7,,,,
561095,2375,15.877,536,1833.78,,,,
561312,2376,6.558,217,1836.73,,,,
562312,2377,28.687,1000,1838.68,,,,
562565,2378,7.581,253,1839.13,,,,
562781,2379,6.499,216,1839.62,,,,
563781,2380,28.746,1000,1844.06,,,,
564167,2381,11.32,386,1844.8,,,,
564487,2382,9.882,320,1845.35,,,,
564734,2383,7.646,247,1845.81,,,,
565116,2384,10.321,382,1846.5,,,,
565648,2385,15.645,532,1850.02,,,,
566041,2386,11.9,393,1850.83,,,,
566353,2387,9.758,312,1851.37,,,,
567154,2388,23.621,801,1852.87,,,,
568111,2389,28.407,957,1856.68,,,,
568428,2390,9.724,317,1857.19,,,,
568869,2391,13.423,441,1857.91,,,,
569562,2392,19.855,693,1861.3,,,,
570562,2393,28.242,1000,1870.71,,,,
571351,2394,23.694,789,1872.1,,,,
572351,2395,26.544,1000,1876.07,,,,
572774,2396,12.699,423,1876.77,,,,
573499,2397,20.278,725,1879.91,,,,
573864,2398,9.789,365,1880.56,,,,
574649,2399,22.618,785,1881.91,,,,
575172,2400,15.795,523,1882.79,,,,
575501,2401,10.34,329,1885.52,,,,
576501,2402,28.43,1000,1887.26,,,,
577501,2403,27.313,1000,1888.91,,,,
578501,2404,27.31,1000,1892.98,,,,
579055,2405,14.734,554,1893.91,,,,
580055,2406,26.961,1000,1905.58,,,,
580516,2407,12.927,461,1906.43,,,,
580721,2408,4.914,205,1906.85,,,,
581147,2409,12.729,426,1907.57,,,,
581757,2410,18.859,610,1910.81,,,,
582076,2411,9.641,319,1911.38,,,,
582345,2412,8.14,269,1911.88,,,,
582721,2413,11.672,376,1912.5,,,,
583403,2414,20.833,682,1913.68,,,,
583654,2415,7.729,251,1914.1,,,,
583889,2416,7.158,235,1916.76,,,,
584889,2417,28.43,1000,1918.74,,,,
585733,2418,24.972,844,1922.16,,,,
586227,2419,14.817,494,1923.15,,,,
587227,2420,27.715,1000,1925.03,,,,
587537,2421,9.709,310,1925.64,,,,
588537,2422,27.544,1000,1929.54,,,,
588834,2423,7.545,297,1930.07,,,,
589107,2424,8.404,273,1930.62,,,,
589711,2425,17.164,604,1931.82,,,,
590711,2426,27.772,1000,1944.39,,,,
591711,2427,28.007,1000,1946.3,,,,
592562,2428,25.983,851,1949.85,,,,
592868,2429,9.611,306,1950.39,,,,
593115,2430,7.573,247,1950.78,,,,
594115,2431,29.055,1000,1954.68,,,,
594438,2432,9.923,323,1955.35,,,,
594843,2433,12.446,405,1956.11,,,,
595500,2434,19.869,657,1957.28,,,,
596025,2435,15.189,525,1960.37,,,,
596413,2436,11.85,388,1961.13,,,,
596727,2437,9.845,314,1961.73,,,,
596989,2438,6.865,262,1962.26,,,,
597750,2439,22.494,761,1963.77,,,,
598076,2440,9.825,326,1966.65,,,,
598561,2441,13.876,485,1967.69,,,,
599182,2442,18.245,621,1968.84,,,,
600047,2443,25.271,865,1978.62,,,,
600867,2444,24.476,820,1982.12,,,,
601113,2445,7.535,246,1982.53,,,,
601417,2446,9.608,304,1983.02,,,,
601767,2447,10.345,350,1983.63,,,,
602131,2448,10.744,364,1986.35,,,,
602809,2449,20.922,678,1987.54,,,,
603082,2450,8.48,273,1988.01,,,,
603340,2451,7.96,258,1988.43,,,,
603858,2452,15.922,518,1989.35,,,,
604117,2453,7.81,259,1989.77,,,,
605117,2454,27.714,1000,1993.82,,,,
605364,2455,7.425,247,1994.24,,,,
605631,2456,8.23,267,1994.66,,,,
606172,2457,16.773,541,1995.57,,,,
606527,2458,10.636,355,1998.46,,,,
606930,2459,12.451,403,1999.18,,,,
607314,2460,12.13,384,1999.85,,,,
608185,2461,25.606,871,2001.31,,,,
608985,2462,23.587,800,2004.96,,,,
609299,2463,9.917,314,2005.48,,,,
609603,2464,9.596,304,2005.98,,,,
609888,2465,8.902,285,2006.47,,,,
610137,2466,7.603,249,2014.7,,,,
610668,2467,16.01,531,2017.79,,,,
611018,2468,9.861,350,2018.42,,,,
611328,2469,9.822,310,2018.94,,,,
612290,2470,29.237,962,2020.52,,,,
613290,2471,29.322,1000,2024.43,,,,
613581,2472,8.76,291,2024.92,,,,
613955,2473,11.359,374,2025.53,,,,
614192,2474,7.189,237,2025.92,,,,
614479,2475,8.727,287,2028.19,,,,
614677,2476,5.981,198,2028.51,,,,
615038,2477,10.976,361,2029.16,,,,
615344,2478,9.455,306,2029.68,,,,
615628,2479,8.702,284,2030.14,,,,
615996,2480,11.358,368,2030.77,,,,
616260,2481,8.105,264,2031.2,,,,
616564,2482,9.494,304,2033.72,,,,
617564,2483,29.264,1000,2035.46,,,,
617759,2484,5.717,195,2035.78,,,,
618225,2485,14.259,466,2036.57,,,,
618498,2486,8.176,273,2039.11,,,,
618876,2487,11.492,378,2039.77,,,,
619063,2488,5.523,187,2040.12,,,,
619340,2489,8.651,277,2040.63,,,,
619618,2490,8.412,278,2041.09,,,,
620618,2491,28.587,1000,2052.39,,,,
620834,2492,5.881,216,2052.74,,,,
621112,2493,8.559,278,2053.25,,,,
621828,2494,22.319,716,2054.46,,,,
622828,2495,28.756,1000,2058.31,,,,
623427,2496,17.278,599,2059.38,,,,
623686,2497,7.883,259,2059.81,,,,
623905,2498,6.575,219,2060.19,,,,
624240,2499,10.396,335,2060.77,,,,
624545,2500,9.421,305,2061.29,,,,
624913,2501,11.499,368,2064.13,,,,
625685,2502,23.773,772,2065.48,,,,
626021,2503,10.418,336,2066.05,,,,
626685,2504,19.959,664,2067.18,,,,
626947,2505,8.226,262,2069.96,,,,
627434,2506,14.811,487,2070.84,,,,
627722,2507,8.692,288,2071.31,,,,
628046,2508,10.076,324,2071.85,,,,
628995,2509,26.963,949,2075.67,,,,
629995,2510,29.65,1000,2077.41,,,,
630216,2511,6.583,221,2085.53,,,,
630518,2512,9.333,302,2086.16,,,,
630769,2513,7.64,251,2086.63,,,,
631504,2514,23.068,735,2089.78,,,,
632504,2515,27.169,1000,2091.45,,,,
632753,2516,7.615,249,2091.87,,,,
633066,2517,9.621,313,2094.19,,,,
634066,2518,27.982,1000,2095.93,,,,
634464,2519,12.064,398,2096.57,,,,
634809,2520,10.934,345,2097.14,,,,
635575,2521,21.792,766,2100.66,,,,
636575,2522,28.853,1000,2102.33,,,,
637072,2523,14.302,497,2105.3,,,,
637606,2524,16.457,534,2106.28,,,,
637874,2525,8.254,268,2106.76,,,,
638874,2526,29.201,1000,2108.43,,,,
639142,2527,8.127,268,2110.8,,,,
639370,2528,6.686,228,2111.19,,,,
639937,2529,17.915,567,2112.18,,,,
640173,2530,7.126,236,2114.69,,,,
640475,2531,9.303,302,2115.26,,,,
640704,2532,6.8,229,2115.74,,,,
640996,2533,8.923,292,2116.25,,,,
641262,2534,8.055,266,2118.87,,,,
641513,2535,7.794,251,2119.32,,,,
642060,2536,17.163,547,2120.27,,,,
642276,2537,6.416,216,2120.63,,,,
642812,2538,16.588,536,2121.54,,,,
643039,2539,6.756,227,2121.93,,,,
643234,2540,5.611,195,2124.44,,,,
643451,2541,6.498,217,2124.82,,,,
643652,2542,6.102,201,2125.18,,,,
643893,2543,7.504,241,2125.6,,,,
644159,2544,7.985,266,2126.05,,,,
644328,2545,4.987,169,2126.35,,,,
644614,2546,8.223,286,2126.82,,,,
644799,2547,5.341,185,2127.13,,,,
645079,2548,8.854,280,2127.58,,,,
645813,2549,21.227,734,2131.06,,,,
646014,2550,5.625,201,2131.39,,,,
647014,2551,29.187,1000,2133.07,,,,
647286,2552,8.34,272,2135.54,,,,
647504,2553,5.91,218,2135.92,,,,
647921,2554,13.047,417,2136.69,,,,
648309,2555,12.338,388,2137.34,,,,
648557,2556,7.337,248,2137.74,,,,
649557,2557,29.142,1000,2141.22,,,,
649805,2558,7.684,248,2141.68,,,,
650346,2559,16.798,541,2144.82,,,,
650629,2560,8.613,283,2145.37,,,,
650804,2561,5.047,175,2145.68,,,,
651040,2562,7.339,236,2146.08,,,,
651330,2563,8.923,290,2148.4,,,,
651731,2564,12.446,401,2149.1,,,,
651942,2565,6.246,211,2149.48,,,,
652263,2566,10.132,321,2150.04,,,,
652764,2567,15.388,501,2150.85,,,,
652997,2568,7.079,233,2151.24,,,,
653245,2569,7.607,248,2151.66,,,,
653524,2570,8.471,279,2154.32,,,,
653847,2571,10.193,323,2154.92,,,,
654042,2572,6.019,195,2155.31,,,,
654282,2573,7.282,240,2155.8,,,,
654529,2574,7.489,247,2156.23,,,,
654828,2575,9.293,299,2156.82,,,,
655828,2576,29.234,1000,2161.22,,,,
656017,2577,5.645,189,2161.64,,,,
656388,2578,11.225,371,2162.34,,,,
657388,2579,29.735,1000,2164.15,,,,
657643,2580,7.897,255,2166.99,,,,
658210,2581,17.238,567,2168.23,,,,
658552,2582,10.575,342,2168.9,,,,
659308,2583,23.276,756,2170.3,,,,
659574,2584,8.138,266,2173.16,,,,
659954,2585,11.99,380,2174.01,,,,
660238,2586,8.822,284,2183.12,,,,
660527,2587,8.725,289,2183.77,,,,
660744,2588,6.093,217,2184.22,,,,
660977,2589,7.131,233,2184.62,,,,
661459,2590,14.866,482,2185.47,,,,
662054,2591,18.057,595,2188.9,,,,
662710,2592,18.251,656,2190.21,,,,
663381,2593,20.564,671,2191.44,,,,
663745,2594,11.324,364,2194.69,,,,
664136,2595,12.326,391,2195.46,,,,
664358,2596,5.99,222,2195.86,,,,
665358,2597,29.175,1000,2197.81,,,,
666358,2598,30.933,1000,2202.07,,,,
666566,2599,6.308,208,2202.45,,,,
667388,2600,23.608,822,2203.9,,,,
667801,2601,12.275,413,2207.2,,,,
668292,2602,15.301,491,2208.11,,,,
668580,2603,9.176,288,2208.62,,,,
668881,2604,9.283,301,2209.26,,,,
669340,2605,14.467,459,2210.15,,,,
669600,2606,7.935,260,2210.71,,,,
669880,2607,8.88,280,2213.73,,,,
670698,2608,25.229,818,2218.19,,,,
670984,2609,8.864,286,2218.66,,,,
671354,2610,11.375,370,2219.27,,,,
671661,2611,9.548,307,2219.79,,,,
672130,2612,14.58,469,2222.45,,,,
672368,2613,7.169,238,2222.88,,,,
672652,2614,8.829,284,2223.36,,,,
672850,2615,5.596,198,2223.7,,,,
673089,2616,7.184,239,2224.09,,,,
673338,2617,7.676,249,2224.51,,,,
673625,2618,8.551,287,2224.99,,,,
673853,2619,6.234,228,2227.46,,,,
674144,2620,8.193,291,2227.94,,,,
674422,2621,8.723,278,2228.44,,,,
674981,2622,17.272,559,2229.36,,,,
675323,2623,10.767,342,2229.92,,,,
675891,2624,17.438,568,2233.06,,,,
676186,2625,9.168,295,2233.56,,,,
677186,2626,29.893,1000,2235.32,,,,
678186,2627,30.017,1000,2238.88,,,,
678884,2628,21.356,698,2240.1,,,,
679313,2629,13.377,429,2240.81,,,,
679594,2630,8.76,281,2241.29,,,,
679861,2631,8.184,267,2241.74,,,,
680144,2632,8.852,283,2251.67,,,,
680285,2633,3.407,141,2251.91,,,,
680569,2634,8.159,284,2252.46,,,,
681152,2635,17.768,583,2253.47,,,,
681847,2636,20.79,695,2254.66,,,,
682114,2637,8.308,267,2257.4,,,,
683114,2638,28.919,1000,2259.18,,,,
683377,2639,8.286,263,2259.64,,,,
683615,2640,7.333,238,2260.03,,,,
684297,2641,20.525,682,2263.57,,,,
684988,2642,20.469,691,2264.78,,,,
685249,2643,7.939,261,2265.22,,,,
685534,2644,7.925,285,2265.7,,,,
685893,2645,11.229,359,2266.31,,,,
686772,2646,27.386,879,2270.12,,,,
687065,2647,8.949,293,2270.64,,,,
687682,2648,19.399,617,2271.67,,,,
688251,2649,17.949,569,2274.9,,,,
688957,2650,21.007,706,2276.32,,,,
689434,2651,14.925,477,2277.32,,,,
690175,2652,22.914,741,2286.86,,,,
690481,2653,9.813,306,2289.63,,,,
691481,2654,29.261,1000,2291.64,,,,
691600,2655,2.702,119,2291.84,,,,
692600,2656,29.199,1000,2295.76,,,,
692895,2657,8.519,295,2296.33,,,,
693411,2658,15.779,516,2297.31,,,,
693622,2659,6.107,211,2297.64,,,,
694446,2660,25.182,824,2301.52,,,,
695350,2661,27.935,904,2303.26,,,,
695559,2662,5.784,209,2303.64,,,,
695767,2663,5.937,208,2304.06,,,,
696063,2664,9.187,296,2304.56,,,,
696330,2665,8.421,267,2307.1,,,,
696677,2666,10.767,347,2307.77,,,,
697081,2667,12.663,404,2308.64,,,,
697386,2668,9.268,305,2309.19,,,,
697651,2669,8.182,265,2309.63,,,,
698095,2670,13.767,444,2310.49,,,,
698468,2671,11.744,373,2313.58,,,,
698959,2672,15.378,491,2314.52,,,,
699635,2673,20.805,676,2315.82,,,,
699912,2674,8.538,277,2316.36,,,,
700912,2675,29.274,1000,2329.25,,,,
701912,2676,28.596,1000,2331.29,,,,
702336,2677,13.338,424,2332.08,,,,
703031,2678,21.773,695,2335.38,,,,
703953,2679,27.558,922,2336.93,,,,
704953,2680,29.701,1000,2340.4,,,,
705213,2681,8.031,260,2340.87,,,,
705540,2682,10.283,327,2341.44,,,,
705905,2683,11.25,365,2342.05,,,,
706209,2684,9.51,304,2342.54,,,,
706482,2685,8.332,273,2342.98,,,,
706773,2686,9.255,291,2345.53,,,,
707057,2687,8.787,284,2346.03,,,,
707363,2688,8.62,306,2346.62,,,,
707702,2689,10.336,339,2347.21,,,,
708494,2690,23.894,792,2348.53,,,,
708808,2691,9.717,314,2351.07,,,,
709070,2692,8.234,262,2351.54,,,,
709322,2693,7.787,252,2352.0,,,,
709601,2694,8.555,279,2352.47,,,,
710011,2695,12.621,410,2356.76,,,,
710272,2696,8.0,261,2357.23,,,,
710718,2697,13.828,446,2360.23,,,,
711067,2698,10.47,349,2360.83,,,,
712067,2699,29.167,1000,2362.52,,,,
712408,2700,10.585,341,2363.1,,,,
712823,2701,12.648,415,2365.88,,,,
713620,2702,24.337,797,2367.31,,,,
713883,2703,8.089,263,2367.75,,,,
714173,2704,9.244,290,2368.23,,,,
714445,2705,8.417,272,2368.67,,,,
714749,2706,9.161,304,2369.16,,,,
715037,2707,8.783,288,2371.75,,,,
715364,2708,10.156,327,2372.36,,,,
715618,2709,7.803,254,2372.8,,,,
715914,2710,9.054,296,2373.28,,,,
716450,2711,16.613,536,2374.17,,,,
716797,2712,10.459,347,2374.78,,,,
717111,2713,9.497,314,2377.62,,,,
717723,2714,19.279,612,2378.7,,,,
718163,2715,12.83,440,2379.42,,,,
718440,2716,8.195,277,2379.88,,,,
718856,2717,12.854,416,2382.84,,,,
719113,2718,7.958,257,2383.3,,,,
719377,2719,8.093,264,2383.79,,,,
720002,2720,19.207,625,2392.25,,,,
720272,2721,8.304,270,2392.75,,,,
720792,2722,16.018,520,2393.81,,,,
721442,2723,20.208,650,2397.03,,,,
721893,2724,13.987,451,2397.81,,,,
722323,2725,13.202,430,2398.54,,,,
722540,2726,6.524,217,2398.89,,,,
722785,2727,7.524,245,2399.3,,,,
723078,2728,8.785,293,2401.56,,,,
723525,2729,13.648,447,2402.33,,,,
723784,2730,8.071,259,2402.78,,,,
724057,2731,7.706,273,2403.22,,,,
724594,2732,16.867,537,2404.09,,,,
724922,2733,10.192,328,2404.66,,,,
725284,2734,11.184,362,2407.3,,,,
726284,2735,28.577,1000,2409.02,,,,
726650,2736,11.69,366,2409.63,,,,
727027,2737,11.161,377,2410.25,,,,
727288,2738,8.088,261,2412.69,,,,
727677,2739,12.232,389,2413.4,,,,
727949,2740,8.646,272,2413.88,,,,
728693,2741,22.177,744,2415.11,,,,
729032,2742,10.146,339,2415.68,,,,
730032,2743,28.013,1000,2425.83,,,,
730831,2744,24.895,799,2427.32,,,,
731244,2745,12.817,413,2430.13,,,,
731626,2746,12.206,382,2430.79,,,,
732098,2747,13.439,472,2431.63,,,,
733098,2748,29.351,1000,2433.3,,,,
733794,2749,21.053,696,2436.74,,,,
734031,2750,7.114,237,2437.16,,,,
735031,2751,29.225,1000,2438.82,,,,
736031,2752,27.749,1000,2442.79,,,,
736372,2753,10.494,341,2443.36,,,,
737372,2754,28.915,1000,2447.25,,,,
737624,2755,7.688,252,2447.67,,,,
737879,2756,7.81,255,2448.14,,,,
738212,2757,10.299,333,2448.74,,,,
738784,2758,17.496,572,2449.74,,,,
739361,2759,17.903,577,2452.97,,,,
740094,2760,22.714,733,2461.98,,,,
740233,2761,3.271,139,2462.22,,,,
740846,2762,18.147,613,2463.42,,,,
741157,2763,9.754,311,2463.94,,,,
741455,2764,9.188,298,2466.6,,,,
741700,2765,7.503,245,2467.02,,,,
741959,2766,8.039,259,2467.5,,,,
742235,2767,8.22,276,2467.99,,,,
743088,2768,26.353,853,2469.41,,,,
743328,2769,7.304,240,2469.81,,,,
743598,2770,8.507,270,2472.29,,,,
743907,2771,9.855,309,2472.85,,,,
744256,2772,11.155,349,2473.47,,,,
744959,2773,21.49,703,2474.66,,,,
745449,2774,15.285,490,2475.48,,,,
746208,2775,23.532,759,2478.66,,,,
747019,2776,25.17,811,2480.02,,,,
747518,2777,15.347,499,2480.86,,,,
747813,2778,9.13,295,2483.46,,,,
748350,2779,16.454,537,2484.42,,,,
749350,2780,29.766,1000,2486.09,,,,
749697,2781,10.833,347,2488.87,,,,
750025,2782,9.802,328,2497.1,,,,
750321,2783,9.326,296,2497.65,,,,
750866,2784,16.689,545,2498.69,,,,
751110,2785,7.408,244,2499.11,,,,
751328,2786,6.432,218,2499.48,,,,
751597,2787,8.317,269,2499.94,,,,
751910,2788,9.994,313,2502.61,,,,
752513,2789,18.585,603,2503.72,,,,
753185,2790,20.455,672,2504.85,,,,
753418,2791,7.106,233,2505.24,,,,
753830,2792,12.967,412,2507.91,,,,
754200,2793,11.389,370,2508.56,,,,
754498,2794,9.585,298,2509.07,,,,
754797,2795,9.286,299,2509.56,,,,
755162,2796,11.455,365,2510.16,,,,
756162,2797,29.706,1000,2513.92,,,,
756816,2798,20.039,654,2515.08,,,,
757104,2799,7.241,288,2515.57,,,,
757689,2800,17.425,585,2516.59,,,,
757935,2801,7.48,246,2519.32,,,,
758366,2802,13.233,431,2520.12,,,,
758475,2803,2.215,109,2520.35,,,,
758935,2804,13.902,460,2521.17,,,,
759176,2805,7.263,241,2521.59,,,,
759640,2806,13.543,464,2522.48,,,,
759878,2807,7.282,238,2525.2,,,,
760123,2808,7.4,245,2534.45,,,,
760610,2809,13.987,487,2535.53,,,,
761268,2810,20.783,658,2536.81,,,,
761678,2811,12.662,410,2537.5,,,,
762251,2812,17.461,573,2540.98,,,,
762519,2813,8.29,268,2541.58,,,,
762771,2814,7.696,252,2542.01,,,,
763112,2815,10.633,341,2542.66,,,,
763466,2816,11.048,354,2543.29,,,,
763733,2817,8.432,267,2543.84,,,,
764733,2818,28.756,1000,2548.25,,,,
765345,2819,17.866,612,2549.5,,,,
765678,2820,10.399,333,2550.19,,,,
766068,2821,12.049,390,2553.41,,,,
767068,2822,29.851,1000,2555.3,,,,
767564,2823,14.688,496,2556.3,,,,
768170,2824,18.59,606,2559.9,,,,
768636,2825,13.852,466,2560.74,,,,
769636,2826,28.522,1000,2562.63,,,,
770049,2827,12.715,413,2574.53,,,,
770567,2828,15.465,518,2575.44,,,,
771000,2829,13.061,433,2576.19,,,,
771255,2830,7.915,255,2576.62,,,,
771611,2831,10.837,356,2577.19,,,,
771992,2832,11.347,381,2577.82,,,,
772284,2833,8.661,292,2580.16,,,,
772539,2834,7.879,255,2580.6,,,,
773003,2835,13.77,464,2581.45,,,,
773290,2836,8.873,287,2581.95,,,,
773716,2837,13.155,426,2582.63,,,,
774093,2838,11.332,377,2583.27,,,,
774343,2839,7.686,250,2585.9,,,,
774654,2840,9.454,311,2586.47,,,,
774914,2841,7.817,260,2586.93,,,,
775186,2842,8.422,272,2587.39,,,,
775438,2843,7.823,252,2587.81,,,,
775731,2844,8.855,293,2588.3,,,,
776541,2845,25.02,810,2591.83,,,,
776830,2846,8.651,289,2592.35,,,,
777063,2847,7.172,233,2592.78,,,,
777598,2848,16.599,535,2593.67,,,,
778183,2849,18.478,585,2594.64,,,,
778448,2850,8.331,265,2596.92,,,,
778689,2851,7.219,241,2597.35,,,,
779062,2852,11.328,373,2598.02,,,,
779500,2853,13.425,438,2598.72,,,,
779743,2854,7.304,243,2599.12,,,,
780045,2855,9.415,302,2607.25,,,,
780405,2856,11.128,360,2610.05,,,,
780575,2857,4.643,170,2610.33,,,,
781346,2858,24.333,771,2611.66,,,,
782141,2859,24.431,795,2612.96,,,,
782989,2860,26.215,848,2616.71,,,,
783355,2861,10.907,366,2617.33,,,,
783655,2862,9.337,300,2617.85,,,,
784655,2863,28.868,1000,2621.88,,,,
785065,2864,12.357,410,2622.67,,,,
785373,2865,9.999,308,2623.19,,,,
785857,2866,14.815,484,2624.0,,,,
786132,2867,8.488,275,2624.47,,,,
786468,2868,10.467,336,2627.25,,,,
787468,2869,29.65,1000,2628.99,,,,
787930,2870,13.819,462,2629.76,,,,
788626,2871,21.429,696,2633.17,,,,
789509,2872,27.38,883,2634.79,,,,
789796,2873,8.829,287,2635.31,,,,
790039,2874,7.408,243,2643.8,,,,
790386,2875,10.794,347,2644.51,,,,
790773,2876,10.385,387,2647.47,,,,
791383,2877,18.376,610,2648.65,,,,
791644,2878,8.072,261,2649.15,,,,
791936,2879,8.595,292,2649.65,,,,
792213,2880,8.584,277,2650.23,,,,
792566,2881,11.235,353,2650.9,,,,
792911,2882,10.728,345,2653.49,,,,
793893,2883,30.054,982,2655.32,,,,
794893,2884,28.722,1000,2659.33,,,,
795231,2885,10.605,338,2660.02,,,,
795512,2886,8.489,281,2660.49,,,,
795792,2887,8.369,280,2661.0,,,,
796570,2888,24.045,778,2662.34,,,,
796829,2889,7.999,259,2664.94,,,,
797297,2890,14.729,468,2665.95,,,,
797642,2891,10.757,345,2666.69,,,,
797958,2892,9.57,316,2667.34,,,,
798225,2893,8.303,267,2667.79,,,,
798474,2894,7.519,249,2668.23,,,,
798761,2895,8.975,287,2671.07,,,,
799057,2896,9.298,296,2671.58,,,,
799559,2897,15.531,502,2672.55,,,,
799780,2898,6.118,221,2672.97,,,,
800053,2899,8.504,273,2681.95,,,,
800386,2900,10.416,333,2682.73,,,,
800584,2901,5.65,198,2683.17,,,,
800822,2902,7.27,238,2685.7,,,,
801218,2903,12.316,396,2686.42,,,,
801491,2904,8.639,273,2686.87,,,,
801749,2905,6.897,258,2687.35,,,,
802053,2906,9.594,304,2687.95,,,,
802392,2907,10.715,339,2688.57,,,,
802845,2908,14.206,453,2691.69,,,,
803135,2909,8.89,290,2692.29,,,,
803366,2910,6.944,231,2692.79,,,,
803672,2911,9.486,306,2693.42,,,,
804087,2912,13.149,415,2694.12,,,,
804344,2913,8.018,257,2694.57,,,,
805344,2914,29.739,1000,2698.54,,,,
805630,2915,8.982,286,2699.05,,,,
805869,2916,7.255,239,2699.48,,,,
806146,2917,8.347,277,2699.94,,,,
806434,2918,8.875,288,2700.45,,,,
806943,2919,15.665,509,2703.61,,,,
807239,2920,9.431,296,2704.1,,,,
807550,2921,9.655,311,2704.68,,,,
807892,2922,10.541,342,2705.25,,,,
808135,2923,7.293,243,2705.66,,,,
808504,2924,10.983,369,2706.26,,,,
808749,2925,7.445,245,2706.66,,,,
809030,2926,8.379,281,2709.45,,,,
809375,2927,10.899,345,2710.03,,,,
809610,2928,7.093,235,2710.46,,,,
809879,2929,8.372,269,2710.96,,,,
810140,2930,8.2,261,2719.14,,,,
810379,2931,7.282,239,2719.58,,,,
810616,2932,7.14,237,2720.06,,,,
810906,2933,8.593,290,2720.56,,,,
811184,2934,8.541,278,2723.27,,,,
811400,2935,5.822,216,2723.67,,,,
811654,2936,7.72,254,2724.14,,,,
811935,2937,8.649,281,2724.61,,,,
812786,2938,25.604,851,2726.08,,,,
813221,2939,13.561,435,2728.66,,,,
813530,2940,9.727,309,2729.2,,,,
813803,2941,8.403,273,2729.68,,,,
814073,2942,8.361,270,2730.15,,,,
814343,2943,8.285,270,2730.68,,,,
815164,2944,24.477,821,2734.19,,,,
815604,2945,13.465,440,2734.95,,,,
815817,2946,5.782,213,2735.34,,,,
816037,2947,6.494,220,2735.72,,,,
816437,2948,11.453,400,2736.37,,,,
816656,2949,6.493,219,2736.74,,,,
817656,2950,29.716,1000,2740.61,,,,
817932,2951,8.509,276,2741.12,,,,
818213,2952,8.754,281,2741.58,,,,
818508,2953,9.198,295,2742.09,,,,
818825,2954,9.835,317,2742.63,,,,
819064,2955,7.244,239,2743.04,,,,
819311,2956,7.656,247,2745.32,,,,
819570,2957,8.032,259,2745.77,,,,
819793,2958,6.642,223,2746.18,,,,
820793,2959,29.7,1000,2756.12,,,,
821037,2960,7.415,244,2756.53,,,,
821342,2961,8.971,305,2758.95,,,,
822342,2962,29.367,1000,2760.7,,,,
822718,2963,11.568,376,2761.32,,,,
822983,2964,8.16,265,2761.79,,,,
823207,2965,6.622,224,2762.19,,,,
824136,2966,27.71,929,2766.04,,,,
824527,2967,12.189,391,2766.71,,,,
824835,2968,9.814,308,2767.22,,,,
825330,2969,15.606,495,2768.07,,,,
826330,2970,28.938,1000,2772.09,,,,
826555,2971,6.709,225,2772.47,,,,
827555,2972,29.07,1000,2776.33,,,,
828159,2973,18.373,604,2777.45,,,,
828866,2974,22.246,707,2778.67,,,,
829326,2975,14.243,460,2779.45,,,,
830152,2976,25.036,826,2790.92,,,,
831152,2977,29.715,1000,2792.77,,,,
831579,2978,13.638,427,2795.43,,,,
832064,2979,15.206,485,2796.29,,,,
832680,2980,18.921,616,2797.34,,,,
833002,2981,9.904,322,2797.86,,,,
833231,2982,6.932,229,2798.26,,,,
834231,2983,29.667,1000,2802.15,,,,
834515,2984,8.817,284,2802.65,,,,
835494,2985,30.62,979,2804.26,,,,
836494,2986,30.08,1000,2808.04,,,,
837067,2987,18.265,573,2808.99,,,,
837589,2988,16.241,522,2809.87,,,,
837797,2989,5.997,208,2812.07,,,,
838054,2990,7.946,257,2812.52,,,,
838274,2991,6.532,220,2812.93,,,,
838771,2992,15.503,497,2813.78,,,,
839209,2993,13.43,438,2814.5,,,,
839528,2994,9.74,319,2815.04,,,,
839813,2995,8.828,285,2817.71,,,,
840736,2996,28.495,923,2827.08,,,,
841091,2997,10.977,355,2827.7,,,,
841386,2998,9.156,295,2828.2,,,,
842117,2999,22.662,731,2831.89,,,,
842393,3000,8.345,276,2832.42,,,,
842843,3001,14.1,450,2833.18,,,,
843150,3002,9.43,307,2833.73,,,,
843592,3003,13.886,442,2834.46,,,,
843937,3004,10.637,345,2837.4,,,,
844346,3005,12.473,409,2838.16,,,,
844653,3006,9.487,307,2838.71,,,,
845156,3007,15.964,503,2839.58,,,,
845433,3008,8.397,277,2840.05,,,,
845779,3009,10.849,346,2840.63,,,,
846035,3010,7.82,256,2843.31,,,,
846357,3011,9.928,322,2843.89,,,,
846752,3012,12.237,395,2844.64,,,,
847025,3013,8.329,273,2845.12,,,,
847667,3014,20.102,642,2846.19,,,,
848065,3015,12.524,398,2848.89,,,,
848367,3016,9.716,302,2849.44,,,,
848633,3017,8.299,266,2849.92,,,,
849032,3018,12.663,399,2850.61,,,,
849257,3019,6.63,225,2850.98,,,,
849676,3020,13.086,419,2851.68,,,,
849920,3021,7.498,244,2852.08,,,,
850230,3022,9.544,310,2862.59,,,,
850768,3023,16.678,538,2863.68,,,,
851086,3024,9.889,318,2864.22,,,,
851399,3025,9.711,313,2864.73,,,,
851662,3026,7.988,263,2865.17,,,,
852118,3027,14.302,456,2868.09,,,,
852772,3028,20.433,654,2869.21,,,,
853034,3029,8.068,262,2869.62,,,,
854034,3030,29.865,1000,2873.0,,,,
854490,3031,14.325,456,2873.78,,,,
854811,3032,9.581,321,2874.4,,,,
855169,3033,11.265,358,2874.98,,,,
855442,3034,8.591,273,2875.48,,,,
855646,3035,5.946,204,2875.91,,,,
855906,3036,8.058,260,2876.39,,,,
856424,3037,15.754,518,2879.84,,,,
856663,3038,7.374,239,2880.31,,,,
857206,3039,17.088,543,2881.42,,,,
857479,3040,8.537,273,2881.9,,,,
857734,3041,7.898,255,2882.39,,,,
858032,3042,8.924,298,2882.91,,,,
858347,3043,10.015,315,2885.84,,,,
858626,3044,8.558,279,2886.37,,,,
859108,3045,13.129,482,2887.24,,,,
859707,3046,18.796,599,2888.38,,,,
859964,3047,7.973,257,2888.82,,,,
860313,3048,11.004,349,2899.59,,,,
860620,3049,9.659,307,2900.12,,,,
861620,3050,29.519,1000,2901.95,,,,
862044,3051,12.964,424,2902.7,,,,
862531,3052,15.445,487,2905.98,,,,
863531,3053,29.374,1000,2908.02,,,,
863945,3054,12.928,414,2908.84,,,,
864565,3055,18.667,620,2912.63,,,,
865093,3056,16.43,528,2913.64,,,,
865373,3057,8.453,280,2914.1,,,,
865636,3058,8.014,263,2914.53,,,,
866091,3059,14.348,455,2915.47,,,,
866402,3060,9.56,311,2918.49,,,,
866695,3061,9.011,293,2918.99,,,,
866965,3062,8.284,270,2919.46,,,,
867200,3063,7.185,235,2919.89,,,,
867539,3064,10.769,339,2920.44,,,,
868172,3065,19.52,633,2921.5,,,,
868421,3066,7.641,249,2924.33,,,,
869028,3067,18.573,607,2925.38,,,,
869329,3068,9.413,301,2925.89,,,,
869598,3069,8.242,269,2926.33,,,,
869894,3070,9.083,296,2926.83,,,,
870166,3071,8.466,272,2935.59,,,,
870464,3072,8.957,298,2938.04,,,,
870832,3073,11.218,368,2938.67,,,,
871102,3074,8.39,270,2939.14,,,,
871303,3075,5.821,201,2939.49,,,,
871498,3076,5.593,195,2939.81,,,,
872079,3077,18.039,581,2940.76,,,,
872402,3078,9.862,323,2941.29,,,,
872947,3079,17.091,545,2944.04,,,,
873390,3080,13.678,443,2944.81,,,,
874390,3081,29.526,1000,2946.48,,,,
874694,3082,9.643,304,2949.09,,,,
874991,3083,9.309,297,2949.6,,,,
875238,3084,7.551,247,2950.04,,,,
875566,3085,10.722,328,2950.6,,,,
875841,3086,8.53,275,2951.05,,,,
876290,3087,13.54,449,2951.81,,,,
877278,3088,31.154,988,2955.67,,,,
877502,3089,6.792,224,2956.05,,,,
878502,3090,29.826,1000,2957.74,,,,
878705,3091,5.805,203,2959.95,,,,
878985,3092,8.904,280,2960.41,,,,
879299,3093,9.644,314,2960.96,,,,
879823,3094,16.391,524,2961.87,,,,
880045,3095,6.544,222,2964.76,,,,
880416,3096,11.376,371,2965.45,,,,
880692,3097,8.594,276,2968.27,,,,
880970,3098,8.716,278,2968.73,,,,
881661,3099,20.974,691,2969.93,,,,
882026,3100,11.588,365,2970.53,,,,
882286,3101,8.094,260,2970.97,,,,
882587,3102,9.242,301,2971.47,,,,
882879,3103,9.22,292,2974.29,,,,
883342,3104,14.45,463,2975.12,,,,
883544,3105,5.784,202,2975.47,,,,
883804,3106,8.157,260,2975.89,,,,
884207,3107,12.42,403,2976.56,,,,
884486,3108,8.603,279,2977.03,,,,
885155,3109,20.778,669,2980.44,,,,
886155,3110,29.127,1000,2982.18,,,,
886424,3111,8.479,269,2982.63,,,,
886714,3112,8.855,290,2983.11,,,,
886896,3113,5.282,182,2985.53,,,,
887227,3114,10.637,331,2986.09,,,,
887644,3115,13.167,417,2986.81,,,,
887898,3116,7.761,254,2987.23,,,,
888742,3117,25.979,844,2988.63,,,,
889259,3118,16.045,517,2991.8,,,,
889623,3119,11.383,364,2992.45,,,,
890067,3120,13.81,444,2998.96,,,,
890863,3121,24.46,796,3000.67,,,,
891184,3122,10.168,321,3003.22,,,,
891536,3123,11.041,352,3003.99,,,,
891835,3124,9.557,299,3004.48,,,,
892386,3125,16.912,551,3005.43,,,,
892636,3126,7.675,250,3005.95,,,,
892994,3127,11.284,358,3008.74,,,,
893498,3128,15.968,504,3009.75,,,,
894498,3129,29.416,1000,3011.64,,,,
895097,3130,18.138,599,3014.83,,,,
895664,3131,15.922,567,3015.87,,,,
896642,3132,29.424,978,3017.75,,,,
897642,3133,28.904,1000,3021.59,,,,
898368,3134,22.223,726,3022.83,,,,
898700,3135,10.531,332,3023.39,,,,
899136,3136,12.932,436,3026.52,,,,
899397,3137,8.07,261,3027.06,,,,
900336,3138,27.938,939,3037.2,,,,
900604,3139,8.255,268,3037.74,,,,
901001,3140,12.493,397,3038.42,,,,
901281,3141,8.639,280,3041.26,,,,
901552,3142,8.537,271,3041.78,,,,
902090,3143,16.222,538,3042.85,,,,
902674,3144,18.018,584,3043.92,,,,
902968,3145,9.284,294,3044.5,,,,
903948,3146,30.027,980,3048.47,,,,
904237,3147,9.055,289,3048.97,,,,
905085,3148,26.246,848,3050.62,,,,
905302,3149,6.269,217,3053.25,,,,
905507,3150,5.907,205,3053.66,,,,
905799,3151,9.095,292,3054.18,,,,
906080,3152,8.659,281,3054.69,,,,
906365,3153,8.595,285,3055.17,,,,
906685,3154,9.82,320,3055.68,,,,
907009,3155,10.269,324,3056.2,,,,
907291,3156,8.603,282,3058.74,,,,
907692,3157,12.772,401,3059.42,,,,
908692,3158,29.996,1000,3061.17,,,,
908988,3159,9.399,296,3061.66,,,,
909205,3160,6.374,217,3062.02,,,,
909544,3161,10.649,339,3064.38,,,,
910544,3162,28.982,1000,3073.99,,,,
911089,3163,16.579,545,3074.94,,,,
911357,3164,8.358,268,3075.39,,,,
911689,3165,10.622,332,3077.94,,,,
912689,3166,29.599,1000,3079.54,,,,
913035,3167,10.311,346,3080.08,,,,
913328,3168,9.016,293,3080.53,,,,
913731,3169,12.779,403,3083.26,,,,
914126,3170,12.21,395,3083.98,,,,
914481,3171,11.255,355,3084.59,,,,
915010,3172,15.443,529,3085.53,,,,
915301,3173,8.543,291,3086.03,,,,
916301,3174,29.662,1000,3090.19,,,,
916546,3175,7.609,245,3090.6,,,,
917546,3176,29.68,1000,3094.67,,,,
917800,3177,7.827,254,3095.11,,,,
918134,3178,10.804,334,3095.74,,,,
918566,3179,13.552,432,3096.47,,,,
918888,3180,10.283,322,3097.05,,,,
919314,3181,13.661,426,3097.78,,,,
919733,3182,12.787,419,3100.71,,,,
920097,3183,11.159,364,3109.56,,,,
920375,3184,8.389,278,3110.17,,,,
920680,3185,9.63,305,3110.79,,,,
921474,3186,24.727,794,3112.24,,,,
921878,3187,12.927,404,3115.61,,,,
922136,3188,7.971,258,3116.17,,,,
922437,3189,9.616,301,3116.79,,,,
922753,3190,9.819,316,3117.36,,,,
923228,3191,14.954,475,3118.21,,,,
923491,3192,8.138,263,3118.71,,,,
924165,3193,20.952,674,3123.06,,,,
924536,3194,11.566,371,3123.94,,,,
924848,3195,9.923,312,3124.63,,,,
925178,3196,10.386,330,3125.47,,,,
925765,3197,18.479,587,3129.43,,,,
926169,3198,13.115,404,3130.4,,,,
927076,3199,27.235,907,3132.22,,,,
927667,3200,18.5,591,3133.35,,,,
928127,3201,14.632,460,3137.29,,,,
929127,3202,29.557,1000,3139.21,,,,
929477,3203,10.793,350,3139.85,,,,
929815,3204,10.569,338,3142.78,,,,
930202,3205,10.459,387,3151.4,,,,
930636,3206,13.851,434,3152.3,,,,
931024,3207,12.065,388,3152.95,,,,
931578,3208,17.512,554,3153.88,,,,
932470,3209,27.911,892,3157.78,,,,
932805,3210,10.202,335,3158.36,,,,
933169,3211,11.585,364,3158.95,,,,
933905,3212,22.638,736,3162.49,,,,
934173,3213,8.425,268,3162.94,,,,
934568,3214,11.946,395,3163.66,,,,
935568,3215,29.485,1000,3165.36,,,,
935883,3216,10.102,315,3165.91,,,,
936242,3217,10.882,359,3168.61,,,,
936875,3218,19.313,633,3169.75,,,,
937781,3219,27.927,906,3171.3,,,,
938167,3220,11.179,386,3173.93,,,,
938420,3221,7.602,253,3174.38,,,,
938767,3222,10.747,347,3175.01,,,,
939013,3223,7.523,246,3175.41,,,,
939301,3224,9.346,288,3175.87,,,,
939569,3225,8.294,268,3176.32,,,,
939808,3226,7.292,239,3176.73,,,,
940070,3227,8.12,262,3187.13,,,,
940450,3228,12.086,380,3187.78,,,,
940755,3229,9.472,305,3188.32,,,,
941261,3230,15.437,506,3189.16,,,,
942143,3231,27.152,882,3192.78,,,,
942442,3232,9.086,299,3193.33,,,,
942789,3233,10.634,347,3193.98,,,,
943156,3234,11.063,367,3194.62,,,,
943414,3235,7.951,258,3195.05,,,,
943685,3236,8.097,271,3195.51,,,,
944056,3237,11.377,371,3196.12,,,,
944553,3238,15.439,497,3198.84,,,,
945123,3239,18.281,570,3199.84,,,,
945443,3240,9.476,320,3200.36,,,,
945820,3241,11.77,377,3201.0,,,,
946139,3242,9.656,319,3201.53,,,,
946723,3243,18.51,584,3204.57,,,,
946985,3244,8.121,262,3205.06,,,,
947440,3245,13.741,455,3205.79,,,,
947745,3246,9.381,305,3206.32,,,,
947998,3247,7.743,253,3206.75,,,,
948930,3248,29.122,932,3210.63,,,,
949276,3249,10.591,346,3211.22,,,,
950166,3250,27.478,890,3220.4,,,,
951166,3251,29.581,1000,3224.3,,,,
951476,3252,9.239,310,3224.82,,,,
951784,3253,9.407,308,3225.33,,,,
952190,3254,12.321,406,3226.0,,,,
952481,3255,8.457,291,3228.54,,,,
952780,3256,8.799,299,3229.06,,,,
953216,3257,13.396,436,3229.84,,,,
953517,3258,9.338,301,3230.34,,,,
953843,3259,10.402,326,3230.87,,,,
954136,3260,8.795,293,3231.37,,,,
954413,3261,8.452,277,3233.75,,,,
955413,3262,29.965,1000,3235.6,,,,
956413,3263,29.821,1000,3237.48,,,,
957413,3264,29.687,1000,3241.68,,,,
958008,3265,18.07,595,3242.73,,,,
958293,3266,9.025,285,3243.22,,,,
958860,3267,17.572,567,3246.64,,,,
959072,3268,6.102,212,3247.06,,,,
959992,3269,28.403,920,3248.87,,,,
960919,3270,28.074,927,3261.37,,,,
961885,3271,29.59,966,3263.13,,,,
962159,3272,8.595,274,3263.58,,,,
963016,3273,26.197,857,3267.85,,,,
963324,3274,9.817,308,3268.43,,,,
963651,3275,10.309,327,3269.06,,,,
964539,3276,27.627,888,3270.79,,,,
964843,3277,9.795,304,3273.89,,,,
965843,3278,29.267,1000,3275.78,,,,
966771,3279,28.692,928,3280.09,,,,
967129,3280,11.206,358,3280.76,,,,
967959,3281,25.258,830,3282.39,,,,
968252,3282,8.941,293,3282.89,,,,
969252,3283,29.349,1000,3287.18,,,,
969894,3284,19.826,642,3288.35,,,,
970894,3285,29.19,1000,3300.36,,,,
971894,3286,30.197,1000,3301.99,,,,
972149,3287,7.631,255,3302.39,,,,
972471,3288,10.252,322,3302.88,,,,
972790,3289,9.972,319,3303.39,,,,
973261,3290,14.303,471,3306.08,,,,
973553,3291,8.938,292,3306.63,,,,
974462,3292,27.762,909,3308.09,,,,
975003,3293,16.577,541,3311.12,,,,
975286,3294,8.657,283,3311.6,,,,
975671,3295,11.093,385,3312.28,,,,
976290,3296,19.284,619,3313.32,,,,
976508,3297,5.888,218,3313.7,,,,
976821,3298,9.803,313,3314.22,,,,
977135,3299,9.816,314,3316.64,,,,
977424,3300,9.193,289,3317.15,,,,
977712,3301,8.602,288,3317.66,,,,
978275,3302,17.156,563,3318.59,,,,
978814,3303,16.494,539,3319.5,,,,
979109,3304,9.19,295,3321.79,,,,
980109,3305,29.447,1000,3331.01,,,,
980470,3306,11.443,361,3331.71,,,,
980702,3307,6.887,232,3332.16,,,,
981050,3308,11.087,348,3335.1,,,,
981451,3309,12.406,401,3335.79,,,,
981700,3310,7.538,249,3336.24,,,,
981967,3311,8.208,267,3336.69,,,,
982244,3312,8.76,277,3337.16,,,,
982494,3313,7.57,250,3337.57,,,,
982706,3314,5.925,212,3337.92,,,,
982973,3315,8.224,267,3338.37,,,,
983344,3316,11.514,371,3341.31,,,,
983608,3317,7.955,264,3341.79,,,,
984211,3318,18.94,603,3342.84,,,,
984534,3319,10.179,323,3343.37,,,,
984749,3320,6.213,215,3343.73,,,,
985749,3321,29.421,1000,3347.88,,,,
986749,3322,29.313,1000,3349.57,,,,
987520,3323,23.566,771,3353.2,,,,
987903,3324,11.913,383,3353.93,,,,
988193,3325,8.648,290,3354.42,,,,
988568,3326,11.809,375,3355.05,,,,
989319,3327,22.661,751,3358.3,,,,
989600,3328,8.595,281,3358.86,,,,
990449,3329,26.42,849,3368.59,,,,
991421,3330,30.575,972,3372.37,,,,
991731,3331,9.887,310,3373.05,,,,
992167,3332,13.902,436,3373.9,,,,
993167,3333,30.105,1000,3375.86,,,,
993404,3334,7.153,237,3378.43,,,,
993861,3335,14.241,457,3379.28,,,,
994132,3336,8.452,271,3379.74,,,,
994584,3337,13.821,452,3380.65,,,,
995584,3338,29.77,1000,3384.84,,,,
995920,3339,10.467,336,3385.6,,,,
996463,3340,16.664,543,3386.62,,,,
997463,3341,29.297,1000,3390.68,,,,
998057,3342,18.209,594,3391.92,,,,
998312,3343,7.77,255,3392.37,,,,
998684,3344,11.713,372,3393.16,,,,
998958,3345,8.529,274,3393.67,,,,
999239,3346,8.54,281,3394.18,,,,
999668,3347,13.121,429,3397.15,,,,
1000668,3348,29.782,1000,3407.78,,,,
1000919,3349,7.712,251,3408.21,,,,
1001472,3350,16.902,553,3409.31,,,,
