timestep,episode,episode_reward,episode_length,wall_time,policy_loss,value_loss,entropy,approx_kl
16,0,17.044,16,0.23,,,,
30,1,2.212,14,0.25,,,,
49,2,6.123,19,0.29,,,,
75,3,5.314,26,0.33,,,,
85,4,1.213,10,0.35,,,,
109,5,1.372,24,0.39,,,,
120,6,1.465,11,0.4,,,,
132,7,1.586,12,0.42,,,,
146,8,2.398,14,0.45,,,,
160,9,1.649,14,0.47,,,,
183,10,2.661,23,0.51,,,,
196,11,1.877,13,0.54,,,,
212,12,1.533,16,0.56,,,,
251,13,9.219,39,0.63,,,,
290,14,6.117,39,0.7,,,,
299,15,0.549,9,0.71,,,,
335,16,1.617,36,0.77,,,,
348,17,0.524,13,0.8,,,,
368,18,1.989,20,0.83,,,,
377,19,0.66,9,0.85,,,,
390,20,0.93,13,0.88,,,,
427,21,5.894,37,0.94,,,,
444,22,1.269,17,0.96,,,,
463,23,2.069,19,1.0,,,,
485,24,2.0,22,1.04,,,,
518,25,3.706,33,1.09,,,,
526,26,0.601,8,1.1,,,,
551,27,0.984,25,1.14,,,,
568,28,1.958,17,1.17,,,,
595,29,0.459,27,1.22,,,,
610,30,1.499,15,1.24,,,,
626,31,1.587,16,1.26,,,,
637,32,0.918,11,1.28,,,,
654,33,1.708,17,1.31,,,,
665,34,0.689,11,1.33,,,,
678,35,0.847,13,1.35,,,,
698,36,1.79,20,1.38,,,,
729,37,4.842,31,1.43,,,,
750,38,2.203,21,1.48,,,,
765,39,1.533,15,1.5,,,,
811,40,8.983,46,1.58,,,,
820,41,0.541,9,1.59,,,,
830,42,0.679,10,1.61,,,,
843,43,0.645,13,1.63,,,,
851,44,0.524,8,1.64,,,,
859,45,0.469,8,1.65,,,,
872,46,1.078,13,1.67,,,,
889,47,1.23,17,1.7,,,,
912,48,2.589,23,1.75,,,,
986,49,10.671,74,1.89,,,,
1025,50,3.334,39,1.96,,,,
1036,51,0.555,11,1.98,,,,
1069,52,1.713,33,2.04,,,,
1099,53,0.459,30,2.09,,,,
1112,54,0.394,13,2.11,,,,
1125,55,0.721,13,2.13,,,,
1137,56,0.705,12,2.15,,,,
1151,57,0.481,14,2.17,,,,
1169,58,0.631,18,2.2,,,,
1186,59,0.507,17,2.23,,,,
1210,60,0.732,24,2.27,,,,
1222,61,0.686,12,2.29,,,,
1239,62,0.894,17,2.32,,,,
1260,63,1.011,21,2.35,,,,
1276,64,0.465,16,2.38,,,,
1307,65,0.558,31,2.43,,,,
1317,66,0.396,10,2.44,,,,
1334,67,0.758,17,2.47,,,,
1359,68,1.445,25,2.51,,,,
1431,69,5.995,72,2.63,,,,
1441,70,0.498,10,2.65,,,,
1451,71,0.309,10,2.66,,,,
1469,72,0.686,18,2.7,,,,
1491,73,1.424,22,2.74,,,,
1507,74,1.126,16,2.76,,,,
1536,75,1.22,29,2.81,,,,
1548,76,0.587,12,2.83,,,,
1556,77,0.373,8,2.85,,,,
1573,78,0.664,17,2.88,,,,
1598,79,0.563,25,2.93,,,,
1607,80,0.22,9,2.94,,,,
1619,81,0.151,12,2.96,,,,
1642,82,0.734,23,3.0,,,,
1663,83,1.01,21,3.04,,,,
1674,84,0.432,11,3.05,,,,
1693,85,1.286,19,3.08,,,,
1712,86,0.925,19,3.11,,,,
1722,87,0.48,10,3.13,,,,
1746,88,0.132,24,3.17,,,,
1767,89,1.089,21,3.2,,,,
1802,90,2.52,35,3.26,,,,
1821,91,0.595,19,3.29,,,,
1872,92,2.294,51,3.37,,,,
1941,93,6.765,69,3.48,,,,
1963,94,1.083,22,3.52,,,,
1973,95,0.446,10,3.53,,,,
1991,96,0.368,18,3.57,,,,
2013,97,0.61,22,3.61,,,,
2027,98,0.888,14,3.64,,,,
2049,99,1.061,22,6.04,,,,
2059,100,0.466,10,6.06,,,,
2074,101,0.701,15,6.09,,,,
2092,102,1.099,18,6.12,,,,
2117,103,1.024,25,6.17,,,,
2138,104,0.897,21,6.2,,,,
2182,105,4.908,44,6.28,,,,
2234,106,6.348,52,6.36,,,,
2248,107,0.726,14,6.39,,,,
2273,108,1.984,25,6.43,,,,
2283,109,0.445,10,6.44,,,,
2309,110,2.155,26,6.49,,,,
2331,111,1.287,22,6.52,,,,
2360,112,0.644,29,6.57,,,,
2375,113,0.785,15,6.59,,,,
2405,114,2.646,30,6.65,,,,
2436,115,1.901,31,6.7,,,,
2486,116,5.099,50,6.79,,,,
2510,117,1.453,24,6.83,,,,
2523,118,0.696,13,6.86,,,,
2584,119,7.295,61,6.96,,,,
2641,120,6.465,57,7.07,,,,
2664,121,0.656,23,7.11,,,,
2684,122,1.687,20,7.14,,,,
2694,123,0.482,10,7.16,,,,
2701,124,0.241,7,7.17,,,,
2733,125,1.548,32,7.23,,,,
2749,126,0.461,16,7.26,,,,
2761,127,0.661,12,7.28,,,,
2771,128,0.309,10,7.3,,,,
2798,129,1.875,27,7.34,,,,
2824,130,0.714,26,7.39,,,,
2832,131,0.312,8,7.4,,,,
2859,132,1.982,27,7.45,,,,
2890,133,2.614,31,7.5,,,,
2904,134,0.713,14,7.52,,,,
2933,135,1.602,29,7.57,,,,
2946,136,0.587,13,7.59,,,,
2972,137,2.821,26,7.64,,,,
2995,138,0.714,23,7.68,,,,
3016,139,0.751,21,7.71,,,,
3034,140,1.211,18,7.74,,,,
3078,141,3.379,44,7.82,,,,
3106,142,1.012,28,7.87,,,,
3127,143,1.235,21,7.9,,,,
3180,144,4.687,53,7.99,,,,
3202,145,1.252,22,8.02,,,,
3216,146,0.596,14,8.05,,,,
3248,147,2.67,32,8.11,,,,
3322,148,10.158,74,8.24,,,,
3343,149,1.3,21,8.28,,,,
3353,150,0.249,10,8.3,,,,
3363,151,0.221,10,8.32,,,,
3383,152,0.642,20,8.35,,,,
3395,153,0.392,12,8.38,,,,
3450,154,4.453,55,8.48,,,,
3461,155,0.277,11,8.5,,,,
3476,156,0.778,15,8.53,,,,
3494,157,0.781,18,8.56,,,,
3505,158,0.539,11,8.58,,,,
3547,159,3.549,42,8.65,,,,
3569,160,1.146,22,8.69,,,,
3593,161,1.731,24,8.73,,,,
3635,162,2.416,42,8.82,,,,
3652,163,1.059,17,8.86,,,,
3691,164,3.524,39,8.94,,,,
3725,165,2.76,34,9.0,,,,
3745,166,0.662,20,9.04,,,,
3753,167,0.176,8,9.05,,,,
3786,168,1.59,33,9.11,,,,
3816,169,2.097,30,9.17,,,,
3843,170,1.534,27,9.23,,,,
3859,171,0.57,16,9.26,,,,
3887,172,1.386,28,9.31,,,,
3906,173,0.916,19,9.35,,,,
3929,174,0.624,23,9.39,,,,
3962,175,1.804,33,9.45,,,,
4000,176,2.137,38,9.52,,,,
4018,177,0.635,18,9.55,,,,
4040,178,0.887,22,9.59,,,,
4052,179,0.42,12,9.62,,,,
4065,180,0.275,13,9.64,,,,
4076,181,0.322,11,9.66,,,,
4089,182,0.75,13,9.68,,,,
4132,183,2.996,43,12.1,,,,
4227,184,12.563,95,12.28,,,,
4247,185,0.706,20,12.32,,,,
4262,186,0.704,15,12.35,,,,
4298,187,3.135,36,12.43,,,,
4329,188,1.388,31,12.48,,,,
4348,189,1.034,19,12.52,,,,
4369,190,0.989,21,12.56,,,,
4390,191,1.184,21,12.6,,,,
4403,192,0.478,13,12.62,,,,
4434,193,2.127,31,12.68,,,,
4454,194,1.13,20,12.72,,,,
4485,195,2.022,31,12.77,,,,
4508,196,0.969,23,12.81,,,,
4530,197,1.11,22,12.85,,,,
4564,198,1.91,34,12.91,,,,
4575,199,0.367,11,12.94,,,,
4654,200,8.693,79,13.09,,,,
4699,201,2.375,45,13.17,,,,
4750,202,4.682,51,13.26,,,,
4787,203,2.635,37,13.33,,,,
4822,204,2.512,35,13.39,,,,
4926,205,11.107,104,13.57,,,,
4941,206,0.683,15,13.6,,,,
4952,207,0.325,11,13.62,,,,
4975,208,1.111,23,13.67,,,,
4992,209,0.684,17,13.7,,,,
5006,210,0.49,14,13.73,,,,
5043,211,2.799,37,13.79,,,,
5051,212,0.232,8,13.81,,,,
5111,213,4.685,60,13.91,,,,
5203,214,7.553,92,14.08,,,,
5254,215,2.626,51,14.19,,,,
5280,216,1.554,26,14.23,,,,
5316,217,1.075,36,14.29,,,,
5334,218,0.806,18,14.33,,,,
5358,219,1.179,24,14.37,,,,
5398,220,1.179,40,14.44,,,,
5418,221,0.786,20,14.48,,,,
5432,222,0.42,14,14.51,,,,
5447,223,0.291,15,14.53,,,,
5488,224,3.187,41,14.61,,,,
5516,225,0.973,28,14.66,,,,
5557,226,2.92,41,14.73,,,,
5567,227,0.27,10,14.75,,,,
5612,228,3.479,45,14.83,,,,
5651,229,3.043,39,14.9,,,,
5676,230,0.826,25,14.95,,,,
5695,231,0.971,19,14.98,,,,
5716,232,0.807,21,15.02,,,,
5747,233,1.764,31,15.08,,,,
5758,234,0.23,11,15.09,,,,
5778,235,1.008,20,15.13,,,,
5791,236,0.463,13,15.15,,,,
5805,237,0.547,14,15.18,,,,
5817,238,0.515,12,15.2,,,,
5837,239,0.702,20,15.23,,,,
5889,240,4.109,52,15.32,,,,
5946,241,4.659,57,15.42,,,,
5967,242,0.976,21,15.46,,,,
6007,243,2.445,40,15.53,,,,
6031,244,0.448,24,15.58,,,,
6082,245,2.78,51,15.67,,,,
6103,246,0.8,21,15.71,,,,
6128,247,1.297,25,15.76,,,,
6145,248,0.566,17,18.17,,,,
6199,249,4.53,54,18.29,,,,
6269,250,6.04,70,18.43,,,,
6310,251,1.942,41,18.51,,,,
6357,252,3.661,47,18.6,,,,
6373,253,0.631,16,18.63,,,,
6410,254,2.775,37,18.7,,,,
6461,255,4.066,51,18.8,,,,
6492,256,1.317,31,18.86,,,,
6566,257,5.82,74,19.0,,,,
6634,258,5.898,68,19.12,,,,
6706,259,5.529,72,19.27,,,,
6735,260,1.789,29,19.32,,,,
6770,261,1.682,35,19.4,,,,
6782,262,0.383,12,19.42,,,,
6822,263,2.955,40,19.48,,,,
6861,264,2.905,39,19.55,,,,
6910,265,3.491,49,19.64,,,,
6933,266,1.206,23,19.69,,,,
6976,267,1.152,43,19.77,,,,
7000,268,1.011,24,19.81,,,,
7051,269,3.434,51,19.9,,,,
7124,270,6.38,73,20.04,,,,
7219,271,6.436,95,20.22,,,,
7236,272,0.707,17,20.26,,,,
7302,273,5.376,66,20.38,,,,
7341,274,2.589,39,20.46,,,,
7373,275,2.245,32,20.51,,,,
7473,276,6.543,100,20.69,,,,
7496,277,1.03,23,20.73,,,,
7587,278,6.824,91,20.89,,,,
7691,279,6.687,104,21.09,,,,
7744,280,3.953,53,21.19,,,,
7842,281,8.763,98,21.36,,,,
7877,282,1.817,35,21.42,,,,
7899,283,0.92,22,21.46,,,,
7928,284,1.604,29,21.51,,,,
7952,285,0.782,24,21.55,,,,
8030,286,5.976,78,21.7,,,,
8102,287,5.399,72,21.83,,,,
8151,288,3.357,49,21.92,,,,
8197,289,3.096,46,24.29,,,,
8251,290,3.843,54,24.41,,,,
8294,291,2.938,43,24.48,,,,
8340,292,3.193,46,24.56,,,,
8376,293,2.321,36,24.63,,,,
8427,294,3.265,51,24.71,,,,
8458,295,1.522,31,24.78,,,,
8505,296,3.123,47,24.86,,,,
8533,297,1.291,28,24.91,,,,
8551,298,0.643,18,24.94,,,,
8623,299,5.067,72,25.08,,,,
8700,300,5.642,77,25.23,,,,
8735,301,2.227,35,25.3,,,,
8804,302,4.132,69,25.42,,,,
8849,303,3.007,45,25.5,,,,
8904,304,3.745,55,25.6,,,,
8970,305,4.652,66,25.72,,,,
9025,306,3.922,55,25.82,,,,
9091,307,4.454,66,25.93,,,,
9147,308,3.167,56,26.03,,,,
9184,309,2.331,37,26.11,,,,
9212,310,1.775,28,26.16,,,,
9270,311,4.066,58,26.26,,,,
9322,312,3.327,52,26.36,,,,
9383,313,3.131,61,26.49,,,,
9455,314,4.586,72,26.63,,,,
9553,315,7.742,98,26.82,,,,
9592,316,2.366,39,26.89,,,,
9622,317,1.877,30,26.94,,,,
9670,318,2.096,48,27.03,,,,
9705,319,2.137,35,27.1,,,,
9740,320,2.21,35,27.16,,,,
9776,321,2.248,36,27.22,,,,
9842,322,4.583,66,27.34,,,,
9922,323,5.404,80,27.49,,,,
9998,324,5.723,76,27.62,,,,
10047,325,3.251,49,27.99,,,,
10118,326,5.006,71,28.13,,,,
10214,327,6.852,96,28.32,,,,
10267,328,2.679,53,30.45,,,,
10315,329,3.061,48,30.54,,,,
10380,330,4.687,65,30.66,,,,
10446,331,4.718,66,30.77,,,,
10481,332,2.083,35,30.84,,,,
10570,333,4.694,89,30.99,,,,
10681,334,8.683,111,31.2,,,,
10720,335,2.242,39,31.27,,,,
10824,336,8.067,104,31.46,,,,
10868,337,2.719,44,31.55,,,,
10976,338,7.277,108,31.75,,,,
11028,339,3.209,52,31.85,,,,
11087,340,3.58,59,31.96,,,,
11183,341,7.467,96,32.17,,,,
11260,342,4.332,77,32.34,,,,
11292,343,1.829,32,32.4,,,,
11382,344,5.992,90,32.56,,,,
11453,345,4.755,71,32.69,,,,
11496,346,2.539,43,32.77,,,,
11542,347,2.64,46,32.85,,,,
11603,348,3.987,61,32.96,,,,
11633,349,1.699,30,33.02,,,,
11671,350,2.146,38,33.09,,,,
11686,351,0.456,15,33.12,,,,
11774,352,6.607,88,33.28,,,,
11876,353,7.169,102,33.46,,,,
11976,354,6.867,100,33.66,,,,
12013,355,2.119,37,33.75,,,,
12061,356,2.612,48,33.84,,,,
12141,357,5.502,80,33.98,,,,
12241,358,6.892,100,34.15,,,,
12287,359,2.558,46,34.24,,,,
12343,360,3.186,56,36.84,,,,
12360,361,0.569,17,36.88,,,,
12462,362,7.101,102,37.06,,,,
12577,363,7.73,115,37.27,,,,
12681,364,6.406,104,37.45,,,,
12749,365,4.03,68,37.58,,,,
12850,366,5.914,101,37.76,,,,
12970,367,7.96,120,37.98,,,,
13013,368,2.23,43,38.06,,,,
13093,369,4.586,80,38.19,,,,
13186,370,5.93,93,38.35,,,,
13278,371,5.103,92,38.51,,,,
13350,372,4.112,72,38.66,,,,
13421,373,4.149,71,38.79,,,,
13462,374,2.109,41,38.86,,,,
13574,375,7.481,112,39.06,,,,
13617,376,2.292,43,39.14,,,,
13689,377,4.524,72,39.27,,,,
13787,378,6.339,98,39.45,,,,
13850,379,3.418,63,39.58,,,,
13914,380,3.505,64,39.69,,,,
14024,381,6.895,110,39.89,,,,
14137,382,6.769,113,40.09,,,,
14220,383,4.56,83,40.25,,,,
14321,384,6.834,101,40.45,,,,
14441,385,6.614,120,43.16,,,,
14491,386,2.36,50,43.25,,,,
14596,387,6.746,105,43.44,,,,
14712,388,7.039,116,43.65,,,,
14784,389,3.901,72,43.78,,,,
14883,390,6.346,99,43.96,,,,
15001,391,6.445,118,44.17,,,,
15073,392,3.671,72,44.29,,,,
15243,393,8.08,170,44.61,,,,
15334,394,5.319,91,44.78,,,,
15389,395,2.721,55,44.87,,,,
15493,396,6.226,104,45.05,,,,
15531,397,1.779,38,45.12,,,,
15571,398,1.885,40,45.19,,,,
15674,399,6.391,103,45.37,,,,
15736,400,3.175,62,45.48,,,,
15807,401,3.846,71,45.6,,,,
15849,402,1.775,42,45.67,,,,
15897,403,2.307,48,45.76,,,,
15979,404,4.989,82,45.91,,,,
16070,405,5.496,91,46.08,,,,
16188,406,6.861,118,46.29,,,,
16245,407,2.775,57,46.4,,,,
16343,408,5.869,98,46.57,,,,
16491,409,7.919,148,48.7,,,,
16587,410,5.891,96,48.86,,,,
16683,411,5.57,96,49.03,,,,
16731,412,1.994,48,49.11,,,,
16838,413,5.941,107,49.33,,,,
16938,414,6.084,100,49.51,,,,
17044,415,5.891,106,49.71,,,,
17163,416,6.115,119,49.92,,,,
17236,417,3.903,73,50.05,,,,
17333,418,5.691,97,50.23,,,,
17431,419,5.607,98,50.4,,,,
17560,420,6.575,129,50.68,,,,
17625,421,2.935,65,50.79,,,,
17782,422,7.657,157,51.12,,,,
17865,423,4.334,83,51.27,,,,
17936,424,2.982,71,51.41,,,,
18041,425,5.958,105,51.59,,,,
18148,426,5.647,107,51.8,,,,
18237,427,4.182,89,51.96,,,,
18320,428,3.9,83,52.14,,,,
18371,429,2.076,51,52.23,,,,
18421,430,2.349,50,52.32,,,,
18535,431,6.49,114,54.73,,,,
18586,432,2.163,51,54.82,,,,
18691,433,6.011,105,55.01,,,,
18805,434,5.832,114,55.21,,,,
18905,435,5.75,100,55.39,,,,
19019,436,6.016,114,55.63,,,,
19121,437,5.872,102,55.81,,,,
19229,438,5.735,108,56.0,,,,
19342,439,6.295,113,56.21,,,,
19433,440,5.215,91,56.39,,,,
19524,441,5.232,91,56.55,,,,
19616,442,5.239,92,56.72,,,,
19677,443,2.724,61,56.85,,,,
19774,444,4.592,97,57.06,,,,
19869,445,5.44,95,57.23,,,,
19978,446,6.349,109,57.42,,,,
20087,447,5.818,109,58.59,,,,
20235,448,6.276,148,58.87,,,,
20333,449,4.635,98,59.04,,,,
20443,450,5.546,110,59.25,,,,
20548,451,5.485,105,61.91,,,,
20701,452,7.531,153,62.19,,,,
20805,453,5.778,104,62.38,,,,
20908,454,5.661,103,62.56,,,,
21016,455,6.066,108,62.76,,,,
21136,456,6.189,120,62.98,,,,
21265,457,6.99,129,63.21,,,,
21364,458,5.221,99,63.39,,,,
21479,459,5.969,115,63.62,,,,
21580,460,5.465,101,63.82,,,,
21646,461,2.866,66,63.94,,,,
21759,462,5.82,113,64.13,,,,
21852,463,3.948,93,64.3,,,,
21955,464,5.782,103,64.48,,,,
22054,465,5.409,99,64.69,,,,
22129,466,3.616,75,64.84,,,,
22231,467,5.682,102,65.02,,,,
22335,468,5.401,104,65.21,,,,
22434,469,5.324,99,65.39,,,,
22523,470,4.349,89,65.55,,,,
22654,471,7.012,131,68.5,,,,
22723,472,2.949,69,68.62,,,,
22828,473,5.368,105,68.86,,,,
22904,474,3.43,76,69.0,,,,
23018,475,5.877,114,69.21,,,,
23138,476,6.791,120,69.42,,,,
23266,477,6.665,128,69.65,,,,
23368,478,5.633,102,69.84,,,,
23477,479,6.207,109,70.03,,,,
23590,480,5.799,113,70.24,,,,
23700,481,5.637,110,70.45,,,,
23813,482,6.086,113,70.66,,,,
23923,483,5.88,110,70.87,,,,
24052,484,5.989,129,71.09,,,,
24181,485,6.131,129,71.34,,,,
24285,486,5.64,104,71.52,,,,
24387,487,5.377,102,71.73,,,,
24487,488,5.166,100,71.91,,,,
24586,489,5.281,99,74.69,,,,
24628,490,1.336,42,74.78,,,,
24746,491,6.088,118,75.01,,,,
24882,492,7.109,136,75.26,,,,
24991,493,5.493,109,75.45,,,,
25127,494,7.039,136,75.69,,,,
25248,495,5.92,121,75.94,,,,
25360,496,5.635,112,76.14,,,,
25473,497,6.221,113,76.34,,,,
25588,498,6.455,115,76.54,,,,
25706,499,5.705,118,76.76,,,,
25813,500,5.603,107,76.98,,,,
25923,501,5.015,110,77.19,,,,
26025,502,5.246,102,77.38,,,,
26158,503,6.431,133,77.63,,,,
26261,504,4.709,103,77.81,,,,
26371,505,5.429,110,78.01,,,,
26491,506,6.21,120,78.27,,,,
26577,507,4.098,86,78.43,,,,
26698,508,5.84,121,80.96,,,,
26829,509,6.385,131,81.21,,,,
26950,510,6.584,121,81.42,,,,
27062,511,5.404,112,81.61,,,,
27165,512,5.524,103,81.79,,,,
27293,513,6.704,128,82.04,,,,
27398,514,5.166,105,82.29,,,,
27513,515,6.069,115,82.51,,,,
27645,516,6.813,132,82.77,,,,
27752,517,5.21,107,82.97,,,,
27877,518,6.615,125,83.2,,,,
28011,519,7.25,134,83.46,,,,
28133,520,5.662,122,83.67,,,,
28245,521,5.988,112,83.86,,,,
28371,522,6.351,126,84.09,,,,
28486,523,5.187,115,84.29,,,,
28590,524,5.101,104,84.48,,,,
28714,525,6.105,124,86.69,,,,
28843,526,6.772,129,86.9,,,,
28982,527,7.104,139,87.14,,,,
29104,528,6.516,122,87.34,,,,
29227,529,5.999,123,87.54,,,,
29333,530,5.368,106,87.71,,,,
29429,531,3.513,96,87.87,,,,
29538,532,5.499,109,88.05,,,,
29661,533,6.395,123,88.26,,,,
29785,534,5.812,124,88.47,,,,
29904,535,5.757,119,88.68,,,,
29945,536,1.498,41,88.75,,,,
30067,537,6.407,122,90.1,,,,
30188,538,5.997,121,90.31,,,,
30308,539,6.489,120,90.52,,,,
30435,540,6.579,127,90.75,,,,
30570,541,6.963,135,90.98,,,,
30696,542,5.733,126,91.22,,,,
30842,543,6.957,146,93.72,,,,
30946,544,4.478,104,93.9,,,,
31082,545,7.097,136,94.14,,,,
31200,546,5.465,118,94.35,,,,
31324,547,6.901,124,94.56,,,,
31466,548,7.455,142,94.81,,,,
31604,549,6.551,138,95.05,,,,
31727,550,5.668,123,95.27,,,,
31850,551,6.335,123,95.5,,,,
31976,552,6.578,126,95.72,,,,
32093,553,5.606,117,95.93,,,,
32225,554,6.53,132,96.16,,,,
32349,555,6.311,124,96.38,,,,
32485,556,6.233,136,96.62,,,,
32606,557,6.402,121,96.83,,,,
32717,558,5.708,111,97.03,,,,
32845,559,6.983,128,99.46,,,,
32977,560,6.833,132,99.69,,,,
33105,561,6.729,128,99.91,,,,
33231,562,6.852,126,100.15,,,,
33367,563,6.648,136,100.39,,,,
33500,564,6.584,133,100.62,,,,
33629,565,6.189,129,100.86,,,,
33760,566,6.369,131,101.1,,,,
33892,567,6.381,132,101.32,,,,
34026,568,7.08,134,101.57,,,,
34172,569,6.881,146,101.82,,,,
34294,570,6.175,122,102.03,,,,
34415,571,5.759,121,102.24,,,,
34548,572,6.045,133,102.48,,,,
34666,573,5.221,118,102.71,,,,
34813,574,7.222,147,102.95,,,,
34936,575,5.993,123,105.03,,,,
35071,576,6.852,135,105.26,,,,
35195,577,6.237,124,105.47,,,,
35313,578,5.975,118,105.67,,,,
35440,579,5.986,127,105.88,,,,
35569,580,6.344,129,106.11,,,,
35696,581,6.001,127,106.34,,,,
35712,582,0.368,16,106.37,,,,
35835,583,6.016,123,106.58,,,,
35974,584,6.715,139,106.83,,,,
36111,585,6.474,137,107.09,,,,
36259,586,6.603,148,107.35,,,,
36374,587,4.979,115,107.55,,,,
36498,588,5.8,124,107.77,,,,
36637,589,6.569,139,108.0,,,,
36761,590,6.187,124,108.22,,,,
36892,591,6.083,131,110.53,,,,
37016,592,6.186,124,110.76,,,,
37148,593,6.258,132,110.99,,,,
37280,594,6.525,132,111.22,,,,
37421,595,6.97,141,111.46,,,,
37554,596,6.614,133,111.7,,,,
37695,597,6.758,141,111.95,,,,
37826,598,6.446,131,112.18,,,,
37954,599,6.006,128,112.4,,,,
38076,600,6.072,122,112.62,,,,
38207,601,6.499,131,112.85,,,,
38345,602,6.848,138,113.11,,,,
38474,603,6.003,129,113.34,,,,
38607,604,6.154,133,113.57,,,,
38747,605,6.521,140,113.81,,,,
38883,606,6.534,136,114.05,,,,
39024,607,6.79,141,116.75,,,,
39152,608,6.302,128,116.98,,,,
39297,609,6.684,145,117.3,,,,
39427,610,6.512,130,117.63,,,,
39562,611,6.119,135,117.89,,,,
39710,612,6.68,148,118.18,,,,
39842,613,6.109,132,118.49,,,,
39984,614,6.378,142,118.81,,,,
40117,615,6.056,133,120.43,,,,
40259,616,6.671,142,120.69,,,,
40397,617,6.181,138,121.04,,,,
40528,618,5.904,131,121.34,,,,
40667,619,6.755,139,121.58,,,,
40796,620,5.9,129,121.83,,,,
40930,621,6.209,134,122.1,,,,
41079,622,6.885,149,124.86,,,,
41218,623,6.788,139,125.18,,,,
41352,624,6.39,134,125.51,,,,
41484,625,5.965,132,125.77,,,,
41620,626,6.689,136,126.03,,,,
41759,627,6.669,139,126.32,,,,
41894,628,6.2,135,126.56,,,,
42026,629,6.096,132,126.81,,,,
42166,630,6.291,140,127.08,,,,
42303,631,6.522,137,127.36,,,,
42435,632,6.259,132,127.61,,,,
42568,633,6.121,133,127.9,,,,
42694,634,5.884,126,128.18,,,,
42836,635,6.953,142,128.45,,,,
42967,636,6.99,131,128.71,,,,
43053,637,3.389,86,131.41,,,,
43186,638,6.577,133,131.64,,,,
43318,639,6.546,132,131.88,,,,
43448,640,5.881,130,132.1,,,,
43593,641,6.729,145,132.45,,,,
43733,642,6.718,140,132.76,,,,
43862,643,5.896,129,133.09,,,,
43990,644,6.06,128,133.34,,,,
44129,645,6.266,139,133.62,,,,
44267,646,6.269,138,133.87,,,,
44413,647,7.24,146,134.16,,,,
44562,648,7.013,149,134.51,,,,
44698,649,6.357,136,134.81,,,,
44837,650,6.714,139,135.09,,,,
44967,651,5.839,130,135.34,,,,
45101,652,6.741,134,138.12,,,,
45247,653,7.188,146,138.41,,,,
45390,654,6.941,143,138.72,,,,
45525,655,6.5,135,139.01,,,,
45663,656,6.836,138,139.31,,,,
45779,657,4.721,116,139.52,,,,
45912,658,5.969,133,139.77,,,,
46066,659,6.884,154,140.1,,,,
46212,660,6.819,146,140.41,,,,
46352,661,6.218,140,140.67,,,,
46480,662,5.998,128,140.91,,,,
46608,663,6.245,128,141.15,,,,
46745,664,6.123,137,141.47,,,,
46884,665,6.507,139,141.77,,,,
47011,666,5.943,127,142.02,,,,
47151,667,6.109,140,144.75,,,,
47281,668,5.817,130,144.98,,,,
47408,669,5.517,127,145.2,,,,
47570,670,8.529,162,145.48,,,,
47717,671,7.325,147,145.79,,,,
47857,672,6.652,140,146.03,,,,
47999,673,6.611,142,146.28,,,,
48140,674,6.891,141,146.63,,,,
48285,675,6.675,145,146.95,,,,
48449,676,8.082,164,147.41,,,,
48596,677,6.694,147,147.83,,,,
48734,678,6.331,138,148.08,,,,
48862,679,5.855,128,148.31,,,,
48994,680,5.755,132,148.55,,,,
49126,681,5.856,132,148.95,,,,
49272,682,6.797,146,151.85,,,,
49411,683,6.379,139,152.09,,,,
49552,684,6.648,141,152.37,,,,
49685,685,6.106,133,152.69,,,,
49825,686,6.15,140,152.93,,,,
49966,687,6.901,141,153.18,,,,
50107,688,6.228,141,154.99,,,,
50253,689,7.337,146,155.26,,,,
50394,690,6.822,141,155.49,,,,
50534,691,6.298,140,155.77,,,,
50670,692,6.412,136,156.0,,,,
50819,693,6.839,149,156.29,,,,
50940,694,5.049,121,156.64,,,,
51079,695,6.447,139,156.9,,,,
51227,696,7.108,148,159.82,,,,
51378,697,6.586,151,160.1,,,,
51534,698,7.096,156,160.37,,,,
51671,699,6.212,137,160.61,,,,
51817,700,6.631,146,160.86,,,,
51950,701,5.747,133,161.1,,,,
52079,702,5.527,129,161.32,,,,
52214,703,5.938,135,161.56,,,,
52362,704,6.878,148,161.93,,,,
52510,705,7.119,148,162.18,,,,
52651,706,5.84,141,162.47,,,,
52796,707,6.621,145,162.72,,,,
52929,708,6.351,133,162.99,,,,
53084,709,7.293,155,163.32,,,,
53238,710,7.166,154,163.58,,,,
53379,711,6.362,141,166.65,,,,
53531,712,7.202,152,167.05,,,,
53688,713,7.393,157,167.42,,,,
53837,714,7.284,149,167.74,,,,
53986,715,6.675,149,168.08,,,,
54126,716,6.59,140,168.48,,,,
54281,717,7.597,155,168.81,,,,
54423,718,6.542,142,169.08,,,,
54583,719,7.532,160,169.36,,,,
54725,720,6.908,142,169.61,,,,
54895,721,7.667,170,169.91,,,,
55056,722,8.119,161,170.19,,,,
55207,723,7.056,151,170.47,,,,
55351,724,6.753,144,173.55,,,,
55499,725,7.113,148,173.8,,,,
55657,726,7.36,158,174.08,,,,
55799,727,6.272,142,174.32,,,,
55953,728,7.486,154,174.69,,,,
56091,729,6.037,138,174.93,,,,
56246,730,6.874,155,175.19,,,,
56413,731,7.368,167,175.48,,,,
56550,732,5.953,137,175.73,,,,
56692,733,6.498,142,175.98,,,,
56834,734,6.15,142,176.24,,,,
56963,735,5.108,129,176.47,,,,
57113,736,6.846,150,176.74,,,,
57250,737,5.64,137,176.98,,,,
57392,738,6.223,142,179.41,,,,
57548,739,7.302,156,179.69,,,,
57689,740,6.213,141,179.93,,,,
57835,741,6.907,146,180.18,,,,
57984,742,6.513,149,180.44,,,,
58127,743,6.194,143,180.68,,,,
58285,744,7.559,158,180.95,,,,
58441,745,7.054,156,181.21,,,,
58590,746,6.71,149,181.48,,,,
58749,747,7.344,159,181.76,,,,
58902,748,7.01,153,182.02,,,,
59043,749,5.935,141,182.26,,,,
59193,750,6.815,150,182.53,,,,
59340,751,6.446,147,182.78,,,,
59475,752,5.47,135,185.28,,,,
59610,753,5.919,135,185.51,,,,
59755,754,6.131,145,185.76,,,,
59902,755,6.244,147,186.01,,,,
60064,756,7.441,162,187.63,,,,
60234,757,8.096,170,187.93,,,,
60373,758,6.163,139,188.18,,,,
60516,759,6.414,143,188.44,,,,
60660,760,6.568,144,188.7,,,,
60812,761,7.068,152,188.96,,,,
60959,762,6.572,147,189.22,,,,
61108,763,6.106,149,189.48,,,,
61257,764,6.379,149,189.76,,,,
61400,765,6.103,143,190.02,,,,
61429,766,0.682,29,190.07,,,,
61574,767,6.335,145,192.58,,,,
61721,768,6.52,147,192.83,,,,
61866,769,6.484,145,193.09,,,,
62009,770,6.251,143,193.34,,,,
62168,771,7.405,159,193.63,,,,
62323,772,7.275,155,193.91,,,,
62480,773,7.105,157,194.19,,,,
62631,774,7.017,151,194.46,,,,
62763,775,5.454,132,194.69,,,,
62915,776,7.021,152,194.95,,,,
63068,777,7.027,153,195.21,,,,
63221,778,6.989,153,195.48,,,,
63391,779,7.686,170,195.78,,,,
63539,780,6.825,148,197.82,,,,
63679,781,5.643,140,198.07,,,,
63836,782,7.13,157,198.36,,,,
63997,783,7.386,161,198.63,,,,
64141,784,6.129,144,198.88,,,,
64287,785,6.323,146,199.13,,,,
64436,786,6.163,149,199.38,,,,
64581,787,6.022,145,199.63,,,,
64741,788,7.263,160,199.91,,,,
64884,789,5.996,143,200.17,,,,
65027,790,5.878,143,200.42,,,,
65184,791,7.204,157,200.7,,,,
65325,792,6.065,141,200.96,,,,
65458,793,5.237,133,201.19,,,,
65594,794,5.494,136,203.3,,,,
65741,795,5.945,147,203.55,,,,
65883,796,6.044,142,203.8,,,,
66072,797,8.983,189,204.13,,,,
66238,798,7.767,166,204.41,,,,
66386,799,6.3,148,204.67,,,,
66525,800,5.635,139,204.92,,,,
66671,801,6.363,146,205.17,,,,
66815,802,5.945,144,205.43,,,,
66949,803,5.164,134,205.66,,,,
67099,804,5.993,150,205.91,,,,
67243,805,6.637,144,206.17,,,,
67386,806,6.014,143,206.42,,,,
67543,807,7.203,157,206.7,,,,
67673,808,4.976,130,209.5,,,,
67820,809,6.6,147,209.76,,,,
67974,810,6.989,154,210.02,,,,
68101,811,5.477,127,210.23,,,,
68248,812,6.285,147,210.48,,,,
68388,813,6.142,140,210.71,,,,
68513,814,5.192,125,210.93,,,,
68652,815,5.429,139,211.18,,,,
68811,816,6.727,159,211.46,,,,
68954,817,6.144,143,211.71,,,,
69091,818,6.3,137,211.94,,,,
69209,819,4.774,118,212.13,,,,
69355,820,6.76,146,212.39,,,,
69508,821,6.549,153,212.66,,,,
69681,822,7.606,173,215.46,,,,
69829,823,6.667,148,215.73,,,,
69998,824,8.039,169,216.02,,,,
70132,825,5.56,134,217.53,,,,
70273,826,6.412,141,217.77,,,,
70419,827,6.323,146,218.04,,,,
70552,828,5.238,133,218.27,,,,
70701,829,5.783,149,218.53,,,,
70884,830,8.523,183,218.85,,,,
71045,831,6.881,161,219.13,,,,
71180,832,6.07,135,219.36,,,,
71359,833,8.47,179,219.68,,,,
71523,834,7.6,164,220.0,,,,
71657,835,5.102,134,220.23,,,,
71832,836,7.79,175,222.95,,,,
71979,837,6.614,147,223.21,,,,
72160,838,8.432,181,223.52,,,,
72309,839,6.533,149,223.78,,,,
72449,840,6.456,140,224.02,,,,
72598,841,6.607,149,224.28,,,,
72743,842,5.594,145,224.53,,,,
72896,843,6.766,153,224.79,,,,
73061,844,7.433,165,225.08,,,,
73214,845,6.383,153,225.34,,,,
73386,846,7.71,172,225.64,,,,
73533,847,6.071,147,225.89,,,,
73684,848,6.833,151,226.15,,,,
73853,849,7.974,169,228.88,,,,
74050,850,9.454,197,229.21,,,,
74199,851,6.889,149,229.49,,,,
74341,852,6.248,142,229.74,,,,
74492,853,6.541,151,230.01,,,,
74644,854,6.962,152,230.27,,,,
74829,855,8.71,185,230.6,,,,
75021,856,8.864,192,230.94,,,,
75167,857,6.666,146,231.19,,,,
75336,858,7.51,169,231.5,,,,
75489,859,7.004,153,231.77,,,,
75645,860,5.965,156,232.03,,,,
75826,861,8.58,181,234.9,,,,
75994,862,7.97,168,235.22,,,,
76163,863,7.942,169,235.55,,,,
76329,864,7.674,166,235.89,,,,
76506,865,8.225,177,236.21,,,,
76656,866,6.318,150,236.47,,,,
76826,867,7.471,170,236.76,,,,
76966,868,5.561,140,237.05,,,,
77140,869,7.959,174,237.42,,,,
77340,870,9.749,200,237.79,,,,
77501,871,7.14,161,238.09,,,,
77670,872,7.577,169,238.44,,,,
77831,873,7.331,161,240.65,,,,
78030,874,8.644,199,241.04,,,,
78184,875,6.784,154,241.31,,,,
78390,876,9.927,206,241.67,,,,
78576,877,7.975,186,242.02,,,,
78766,878,8.855,190,242.36,,,,
78953,879,7.618,187,242.71,,,,
79111,880,6.978,158,243.0,,,,
79331,881,9.597,220,243.38,,,,
79495,882,6.559,164,243.71,,,,
79649,883,6.698,154,244.0,,,,
79829,884,8.165,180,244.33,,,,
80010,885,8.283,181,249.02,,,,
80194,886,8.227,184,249.43,,,,
80354,887,6.978,160,249.73,,,,
80539,888,8.543,185,250.05,,,,
80683,889,6.026,144,250.36,,,,
80848,890,7.319,165,250.67,,,,
81023,891,7.035,175,250.98,,,,
81221,892,9.222,198,251.35,,,,
81379,893,6.903,158,251.64,,,,
81567,894,8.664,188,252.04,,,,
81756,895,8.832,189,252.38,,,,
81965,896,9.803,209,255.1,,,,
82161,897,8.636,196,255.45,,,,
82361,898,8.921,200,255.82,,,,
82553,899,8.635,192,256.17,,,,
82763,900,9.552,210,256.56,,,,
82884,901,3.992,121,256.78,,,,
82996,902,3.774,112,257.0,,,,
83162,903,7.012,166,257.32,,,,
83370,904,9.431,208,257.67,,,,
83564,905,8.195,194,258.0,,,,
83720,906,6.675,156,258.27,,,,
83877,907,6.774,157,258.54,,,,
84052,908,7.247,175,261.27,,,,
84264,909,9.432,212,261.64,,,,
84435,910,7.577,171,261.95,,,,
84573,911,5.377,138,262.21,,,,
84763,912,8.339,190,262.58,,,,
84976,913,9.756,213,262.94,,,,
85100,914,4.163,124,263.15,,,,
85233,915,4.709,133,263.41,,,,
85447,916,9.404,214,263.79,,,,
85584,917,4.33,137,264.02,,,,
85712,918,4.256,128,264.25,,,,
85888,919,7.858,176,264.55,,,,
86061,920,7.496,173,267.12,,,,
86277,921,9.743,216,267.6,,,,
86489,922,8.836,212,268.03,,,,
86604,923,3.797,115,268.23,,,,
86814,924,8.922,210,268.64,,,,
86967,925,5.959,153,268.94,,,,
87165,926,8.731,198,269.35,,,,
87325,927,6.91,160,269.66,,,,
87531,928,9.273,206,270.05,,,,
87687,929,6.499,156,270.35,,,,
87825,930,5.197,138,270.66,,,,
88007,931,7.122,182,271.05,,,,
88203,932,8.399,196,273.81,,,,
88392,933,7.566,189,274.15,,,,
88631,934,10.444,239,274.58,,,,
88822,935,8.557,191,274.96,,,,
89012,936,8.066,190,275.35,,,,
89221,937,9.116,209,275.75,,,,
89396,938,7.412,175,276.08,,,,
89592,939,8.846,196,276.47,,,,
89884,940,13.152,292,277.02,,,,
90072,941,8.006,188,279.52,,,,
90272,942,8.709,200,282.29,,,,
90438,943,7.085,166,282.63,,,,
90640,944,8.658,202,283.07,,,,
90857,945,9.051,217,283.54,,,,
91027,946,6.562,170,283.87,,,,
91253,947,9.659,226,284.31,,,,
91526,948,12.242,273,284.85,,,,
91723,949,8.576,197,285.24,,,,
91910,950,7.608,187,285.66,,,,
92104,951,8.002,194,286.06,,,,
92298,952,7.909,194,288.65,,,,
92411,953,3.593,113,288.87,,,,
92622,954,9.289,211,289.31,,,,
92820,955,8.4,198,289.69,,,,
93026,956,8.773,206,290.08,,,,
93302,957,11.771,276,290.64,,,,
93552,958,10.327,250,291.13,,,,
93713,959,5.163,161,291.45,,,,
93870,960,6.445,157,291.75,,,,
94052,961,6.955,182,292.11,,,,
94230,962,7.447,178,294.66,,,,
94415,963,7.125,185,295.05,,,,
94615,964,8.189,200,295.42,,,,
94826,965,9.025,211,295.81,,,,
94970,966,4.747,144,296.09,,,,
95180,967,8.924,210,296.46,,,,
95382,968,7.969,202,296.83,,,,
95600,969,9.182,218,297.23,,,,
95758,970,5.192,158,297.52,,,,
95951,971,8.081,193,297.88,,,,
96136,972,7.224,185,298.22,,,,
96342,973,8.316,206,301.02,,,,
96544,974,8.663,202,301.39,,,,
96799,975,10.677,255,301.85,,,,
97011,976,8.263,212,302.25,,,,
97263,977,10.637,252,302.7,,,,
97453,978,7.285,190,303.07,,,,
97750,979,12.554,297,303.63,,,,
97977,980,9.073,227,304.06,,,,
98340,981,14.615,363,307.02,,,,
98543,982,7.926,203,307.41,,,,
98762,983,8.211,219,307.83,,,,
98966,984,7.676,204,308.23,,,,
99157,985,7.355,191,308.58,,,,
99411,986,10.488,254,309.04,,,,
99604,987,6.921,193,309.4,,,,
99832,988,8.557,228,309.81,,,,
100073,989,9.174,241,313.06,,,,
100279,990,8.697,206,313.45,,,,
100498,991,8.63,219,316.17,,,,
100706,992,8.029,208,316.55,,,,
100929,993,8.737,223,316.98,,,,
101147,994,7.668,218,317.38,,,,
101358,995,8.11,211,317.76,,,,
101646,996,11.461,288,318.3,,,,
101872,997,9.177,226,318.69,,,,
102107,998,8.767,235,319.14,,,,
102306,999,7.548,199,319.5,,,,
102522,1000,8.434,216,322.04,,,,
102805,1001,11.146,283,322.59,,,,
103036,1002,9.073,231,322.99,,,,
103244,1003,7.605,208,323.37,,,,
103551,1004,12.406,307,323.97,,,,
103763,1005,7.797,212,324.35,,,,
104031,1006,10.537,268,324.84,,,,
104328,1007,11.63,297,325.39,,,,
104534,1008,8.493,206,327.91,,,,
104839,1009,11.716,305,328.46,,,,
105221,1010,14.766,382,329.13,,,,
105422,1011,8.51,201,329.5,,,,
105859,1012,16.507,437,330.33,,,,
106243,1013,15.311,384,331.03,,,,
106460,1014,8.101,217,331.41,,,,
106690,1015,8.457,230,334.15,,,,
106910,1016,8.374,220,334.54,,,,
107139,1017,8.405,229,334.99,,,,
107329,1018,7.187,190,335.34,,,,
107715,1019,13.786,386,336.06,,,,
107925,1020,7.526,210,336.45,,,,
108145,1021,7.255,220,336.85,,,,
108379,1022,8.39,234,337.31,,,,
108650,1023,10.317,271,340.29,,,,
108858,1024,5.775,208,340.68,,,,
109093,1025,9.101,235,341.16,,,,
109267,1026,5.583,174,341.47,,,,
109585,1027,10.018,318,342.05,,,,
109813,1028,8.595,228,342.47,,,,
110039,1029,8.497,226,347.26,,,,
110399,1030,14.114,360,347.92,,,,
110599,1031,6.912,200,350.62,,,,
111007,1032,14.842,408,351.45,,,,
111328,1033,11.09,321,352.03,,,,
111740,1034,14.97,412,352.79,,,,
111886,1035,3.991,146,353.11,,,,
112281,1036,14.035,395,353.85,,,,
112533,1037,9.292,252,354.34,,,,
112864,1038,9.011,331,357.3,,,,
113268,1039,15.421,404,358.0,,,,
113491,1040,7.733,223,358.41,,,,
113599,1041,2.957,108,358.6,,,,
113870,1042,9.973,271,359.1,,,,
114096,1043,8.646,226,359.48,,,,
114371,1044,10.441,275,359.97,,,,
114585,1045,7.402,214,360.35,,,,
114890,1046,11.066,305,363.23,,,,
115061,1047,5.191,171,363.54,,,,
115507,1048,16.46,446,364.36,,,,
116035,1049,17.981,528,365.33,,,,
116227,1050,6.235,192,365.68,,,,
116578,1051,12.617,351,366.31,,,,
117050,1052,17.202,472,368.98,,,,
117376,1053,11.66,326,369.56,,,,
117695,1054,11.288,319,370.15,,,,
117973,1055,10.467,278,370.67,,,,
118261,1056,10.419,288,371.19,,,,
118672,1057,14.448,411,371.95,,,,
118837,1058,5.538,165,374.09,,,,
119177,1059,11.824,340,374.69,,,,
119584,1060,15.08,407,375.43,,,,
120009,1061,14.953,425,384.72,,,,
120403,1062,13.859,394,385.44,,,,
120617,1063,8.053,214,385.83,,,,
120750,1064,3.308,133,386.12,,,,
121309,1065,18.098,559,389.04,,,,
121867,1066,19.443,558,390.04,,,,
122107,1067,6.037,240,390.47,,,,
122441,1068,8.548,334,391.04,,,,
122854,1069,13.846,413,391.78,,,,
123250,1070,13.544,396,395.13,,,,
123511,1071,9.212,261,395.62,,,,
124341,1072,27.254,830,397.12,,,,
124662,1073,11.038,321,397.71,,,,
125302,1074,20.12,640,401.49,,,,
125675,1075,13.508,373,402.15,,,,
126105,1076,14.82,430,402.97,,,,
126489,1077,13.459,384,403.67,,,,
126706,1078,7.276,217,404.07,,,,
127221,1079,17.101,515,407.51,,,,
127416,1080,5.45,195,407.87,,,,
127950,1081,17.075,534,408.86,,,,
128301,1082,9.824,351,409.51,,,,
128649,1083,11.714,348,410.14,,,,
129147,1084,17.196,498,413.6,,,,
129715,1085,18.215,568,414.62,,,,
129995,1086,9.424,280,415.13,,,,
130228,1087,7.919,233,420.59,,,,
130658,1088,13.954,430,421.4,,,,
131169,1089,16.566,511,424.98,,,,
131408,1090,7.912,239,425.44,,,,
131737,1091,11.244,329,426.06,,,,
131855,1092,3.218,118,426.28,,,,
132237,1093,11.864,382,426.98,,,,
132471,1094,8.064,234,427.39,,,,
132920,1095,14.299,449,428.23,,,,
133147,1096,7.99,227,430.45,,,,
133322,1097,5.849,175,430.76,,,,
133573,1098,8.882,251,431.19,,,,
134111,1099,16.968,538,432.16,,,,
134367,1100,8.506,256,432.65,,,,
134687,1101,11.182,320,433.24,,,,
135018,1102,10.962,331,433.84,,,,
135230,1103,7.313,212,436.4,,,,
135631,1104,14.052,401,437.11,,,,
135993,1105,11.583,362,437.76,,,,
136327,1106,10.475,334,438.39,,,,
136752,1107,14.048,425,439.18,,,,
137277,1108,16.451,525,442.72,,,,
137512,1109,7.672,235,443.17,,,,
137726,1110,7.175,214,443.59,,,,
138107,1111,13.415,381,444.28,,,,
138475,1112,12.245,368,444.97,,,,
138861,1113,12.691,386,445.66,,,,
139274,1114,13.052,413,448.29,,,,
139568,1115,10.3,294,448.81,,,,
139906,1116,10.955,338,449.39,,,,
140266,1117,11.491,360,454.28,,,,
140445,1118,5.486,179,454.6,,,,
140880,1119,14.045,435,455.39,,,,
141095,1120,6.729,215,455.76,,,,
141293,1121,5.495,198,456.13,,,,
141630,1122,10.887,337,458.98,,,,
142140,1123,16.358,510,459.87,,,,
142513,1124,12.416,373,460.53,,,,
142936,1125,12.809,423,461.27,,,,
143273,1126,11.455,337,461.85,,,,
143723,1127,11.72,450,464.9,,,,
144124,1128,13.12,401,465.62,,,,
144940,1129,22.265,816,467.05,,,,
145940,1130,23.998,1000,470.85,,,,
146220,1131,9.595,280,471.33,,,,
146619,1132,13.498,399,472.06,,,,
147026,1133,13.583,407,472.77,,,,
147253,1134,7.771,227,473.17,,,,
147630,1135,12.096,377,476.13,,,,
148263,1136,18.987,633,477.44,,,,
148603,1137,11.515,340,478.11,,,,
149219,1138,18.403,616,479.4,,,,
149617,1139,12.527,398,482.57,,,,
150052,1140,13.794,435,488.14,,,,
150338,1141,9.744,286,488.65,,,,
150622,1142,9.899,284,489.21,,,,
151532,1143,25.386,910,491.01,,,,
151855,1144,10.392,323,494.08,,,,
152206,1145,11.89,351,494.72,,,,
152508,1146,10.382,302,495.32,,,,
152662,1147,4.796,154,495.6,,,,
152968,1148,10.658,306,496.22,,,,
153313,1149,10.802,345,496.89,,,,
153658,1150,11.332,345,500.0,,,,
154123,1151,14.925,465,500.94,,,,
154437,1152,10.367,314,501.55,,,,
154681,1153,8.006,244,502.04,,,,
154929,1154,8.218,248,502.57,,,,
155279,1155,11.81,350,503.24,,,,
155612,1156,10.796,333,503.86,,,,
156037,1157,13.237,425,507.22,,,,
156469,1158,13.555,432,507.97,,,,
156795,1159,10.287,326,508.53,,,,
157141,1160,12.42,346,509.13,,,,
157575,1161,13.419,434,510.0,,,,
157847,1162,8.938,272,513.19,,,,
158193,1163,11.538,346,513.97,,,,
158530,1164,11.384,337,514.8,,,,
158839,1165,8.941,309,515.47,,,,
159285,1166,14.401,446,516.32,,,,
159629,1167,11.416,344,517.01,,,,
159844,1168,7.082,215,520.18,,,,
160020,1169,5.641,176,524.25,,,,
160240,1170,7.102,220,524.65,,,,
160430,1171,5.975,190,525.06,,,,
160660,1172,7.255,230,525.53,,,,
160989,1173,10.337,329,526.26,,,,
161303,1174,10.433,314,526.85,,,,
161711,1175,13.717,408,527.56,,,,
161977,1176,9.065,266,530.76,,,,
162521,1177,16.287,544,531.86,,,,
162843,1178,10.105,322,532.48,,,,
163245,1179,13.566,402,533.26,,,,
163680,1180,13.588,435,534.32,,,,
164090,1181,12.469,410,537.19,,,,
164374,1182,8.944,284,537.7,,,,
164676,1183,10.042,302,538.25,,,,
164983,1184,9.813,307,538.8,,,,
165370,1185,12.924,387,539.5,,,,
165664,1186,9.438,294,540.03,,,,
165933,1187,8.748,269,542.83,,,,
166237,1188,9.829,304,543.39,,,,
166574,1189,10.541,337,544.01,,,,
166931,1190,11.51,357,544.64,,,,
167181,1191,8.243,250,545.11,,,,
167460,1192,9.47,279,545.62,,,,
167763,1193,9.654,303,546.16,,,,
168351,1194,17.465,588,549.48,,,,
168576,1195,7.473,225,549.9,,,,
168856,1196,8.807,280,550.41,,,,
169494,1197,17.333,638,551.55,,,,
169803,1198,9.436,309,552.08,,,,
170093,1199,9.666,290,562.56,,,,
170421,1200,9.552,328,563.16,,,,
170679,1201,8.269,258,563.64,,,,
170937,1202,8.591,258,564.1,,,,
171158,1203,7.346,221,564.51,,,,
171604,1204,13.732,446,565.3,,,,
172007,1205,12.524,403,566.01,,,,
172232,1206,7.373,225,568.87,,,,
172746,1207,15.229,514,569.77,,,,
172947,1208,6.703,201,570.13,,,,
173261,1209,10.807,314,570.69,,,,
173639,1210,10.776,378,571.36,,,,
174233,1211,16.692,594,574.92,,,,
174504,1212,8.941,271,575.4,,,,
174625,1213,2.953,121,575.61,,,,
175024,1214,13.184,399,576.31,,,,
175232,1215,6.698,208,576.68,,,,
176046,1216,22.759,814,578.11,,,,
176270,1217,7.031,224,581.07,,,,
176627,1218,11.896,357,581.7,,,,
176891,1219,8.468,264,582.15,,,,
177054,1220,4.716,163,582.44,,,,
177515,1221,14.903,461,583.26,,,,
177780,1222,8.684,265,583.75,,,,
178088,1223,9.997,308,584.3,,,,
178391,1224,9.58,303,587.48,,,,
178610,1225,7.081,219,587.87,,,,
179178,1226,17.642,568,588.89,,,,
179398,1227,7.226,220,589.29,,,,
179923,1228,17.209,525,590.23,,,,
180047,1229,3.289,124,595.59,,,,
180346,1230,9.97,299,598.51,,,,
180550,1231,6.774,204,598.9,,,,
180934,1232,12.018,384,599.6,,,,
181424,1233,15.762,490,600.54,,,,
181824,1234,12.099,400,601.29,,,,
182315,1235,14.397,491,604.09,,,,
182718,1236,13.141,403,604.87,,,,
182858,1237,4.076,140,605.12,,,,
183171,1238,9.772,313,605.7,,,,
183418,1239,7.889,247,606.19,,,,
183679,1240,8.596,261,606.63,,,,
183969,1241,9.389,290,607.18,,,,
184205,1242,8.101,236,607.6,,,,
184546,1243,10.985,341,610.14,,,,
184901,1244,11.53,355,610.77,,,,
185273,1245,11.513,372,611.41,,,,
186110,1246,22.566,837,613.0,,,,
186436,1247,9.999,326,616.06,,,,
187076,1248,18.724,640,617.32,,,,
187294,1249,7.06,218,617.7,,,,
187519,1250,6.87,225,618.14,,,,
187741,1251,6.979,222,618.56,,,,
188087,1252,10.925,346,619.19,,,,
188310,1253,7.264,223,619.68,,,,
188824,1254,15.52,514,622.98,,,,
189159,1255,10.299,335,623.58,,,,
189521,1256,11.212,362,624.24,,,,
190058,1257,15.912,537,634.03,,,,
190605,1258,16.443,547,637.5,,,,
190810,1259,6.674,205,637.87,,,,
191209,1260,13.001,399,638.7,,,,
191532,1261,9.379,323,639.34,,,,
191835,1262,9.842,303,639.97,,,,
192629,1263,23.095,794,643.84,,,,
192704,1264,1.511,75,644.01,,,,
193000,1265,9.784,296,644.57,,,,
193509,1266,14.587,509,645.59,,,,
193915,1267,13.107,406,646.35,,,,
194181,1268,8.833,266,646.82,,,,
194546,1269,11.886,365,647.6,,,,
194896,1270,10.979,350,650.63,,,,
195109,1271,6.882,213,651.06,,,,
195290,1272,5.712,181,651.4,,,,
195481,1273,5.874,191,651.77,,,,
195670,1274,6.037,189,652.12,,,,
195912,1275,7.885,242,652.57,,,,
196218,1276,9.885,306,653.16,,,,
196493,1277,8.964,275,653.69,,,,
196887,1278,12.703,394,656.71,,,,
197325,1279,13.742,438,657.53,,,,
197621,1280,9.23,296,658.07,,,,
198101,1281,14.196,480,658.98,,,,
198378,1282,8.984,277,659.5,,,,
198681,1283,10.046,303,662.49,,,,
199058,1284,11.456,377,663.19,,,,
199397,1285,10.598,339,663.78,,,,
199640,1286,8.3,243,664.2,,,,
200182,1287,16.022,542,668.99,,,,
200302,1288,3.023,120,669.23,,,,
200555,1289,6.836,253,669.72,,,,
201046,1290,14.822,491,673.03,,,,
201439,1291,11.828,393,673.79,,,,
201791,1292,10.942,352,674.43,,,,
202278,1293,14.702,487,675.35,,,,
202589,1294,9.461,311,675.95,,,,
202884,1295,9.292,295,678.55,,,,
203379,1296,14.959,495,679.42,,,,
203601,1297,7.213,222,679.81,,,,
203970,1298,11.517,369,680.48,,,,
204192,1299,6.917,222,680.89,,,,
204421,1300,7.273,229,681.31,,,,
204699,1301,8.865,278,681.88,,,,
204922,1302,7.313,223,684.61,,,,
205261,1303,11.25,339,685.2,,,,
205607,1304,11.197,346,685.8,,,,
205910,1305,9.814,303,686.42,,,,
206130,1306,7.03,220,686.82,,,,
206422,1307,8.878,292,687.35,,,,
206690,1308,8.916,268,687.9,,,,
206993,1309,9.8,303,690.54,,,,
207227,1310,7.783,234,690.94,,,,
207440,1311,6.88,213,691.33,,,,
207598,1312,3.856,158,691.62,,,,
207963,1313,11.364,365,692.28,,,,
208176,1314,6.896,213,692.68,,,,
208582,1315,12.449,406,693.43,,,,
208787,1316,6.527,205,693.81,,,,
209121,1317,11.155,334,696.44,,,,
209457,1318,10.937,336,697.01,,,,
209888,1319,13.58,431,697.82,,,,
210130,1320,7.767,242,701.66,,,,
210411,1321,9.194,281,702.22,,,,
210736,1322,10.49,325,702.83,,,,
211044,1323,9.602,308,705.75,,,,
211260,1324,6.846,216,706.15,,,,
211526,1325,8.59,266,706.68,,,,
211775,1326,8.403,249,707.13,,,,
212300,1327,15.149,525,708.08,,,,
212637,1328,10.38,337,708.71,,,,
212849,1329,6.757,212,709.1,,,,
213103,1330,8.315,254,711.92,,,,
213306,1331,6.468,203,712.27,,,,
213517,1332,6.756,211,712.64,,,,
213810,1333,9.57,293,713.16,,,,
214086,1334,8.717,276,713.64,,,,
214266,1335,5.741,180,713.98,,,,
214598,1336,10.799,332,714.63,,,,
214852,1337,8.623,254,715.14,,,,
215194,1338,11.238,342,718.09,,,,
215496,1339,9.929,302,718.63,,,,
215694,1340,6.187,198,718.99,,,,
216046,1341,11.428,352,719.6,,,,
216386,1342,10.67,340,720.22,,,,
216725,1343,10.936,339,720.84,,,,
217008,1344,9.152,283,721.35,,,,
217486,1345,14.248,478,724.57,,,,
217693,1346,6.588,207,724.97,,,,
217913,1347,6.919,220,725.37,,,,
218327,1348,12.397,414,726.14,,,,
218626,1349,9.596,299,726.69,,,,
218900,1350,8.539,274,727.16,,,,
219085,1351,5.824,185,727.49,,,,
219455,1352,11.545,370,730.37,,,,
219749,1353,9.232,294,730.9,,,,
220035,1354,7.631,286,734.91,,,,
220325,1355,9.449,290,735.44,,,,
220614,1356,9.291,289,735.97,,,,
221009,1357,12.48,395,736.67,,,,
221326,1358,9.956,317,739.51,,,,
221708,1359,11.673,382,740.2,,,,
221842,1360,3.745,134,740.44,,,,
222255,1361,12.694,413,741.19,,,,
222440,1362,6.193,185,741.54,,,,
222873,1363,13.801,433,742.3,,,,
223294,1364,13.707,421,744.91,,,,
223500,1365,6.617,206,745.28,,,,
223907,1366,13.469,407,746.02,,,,
224178,1367,8.609,271,746.52,,,,
224525,1368,10.26,347,747.19,,,,
224736,1369,6.746,211,747.57,,,,
225166,1370,12.655,430,748.4,,,,
225545,1371,11.84,379,750.93,,,,
225884,1372,10.518,339,751.56,,,,
226552,1373,19.873,668,752.77,,,,
226913,1374,10.422,361,753.47,,,,
227193,1375,8.749,280,753.96,,,,
227431,1376,7.394,238,756.87,,,,
227859,1377,14.502,428,757.66,,,,
228199,1378,11.103,340,758.27,,,,
228510,1379,9.571,311,758.82,,,,
228750,1380,7.811,240,759.23,,,,
229233,1381,15.141,483,760.1,,,,
229891,1382,19.531,658,763.95,,,,
230159,1383,8.406,268,769.29,,,,
230396,1384,7.376,237,769.75,,,,
230790,1385,12.497,394,770.47,,,,
230996,1386,6.508,206,770.86,,,,
231218,1387,7.517,222,771.27,,,,
231408,1388,6.311,190,771.62,,,,
231757,1389,10.721,349,774.76,,,,
231967,1390,6.705,210,775.13,,,,
232199,1391,5.286,232,775.54,,,,
232470,1392,8.79,271,776.01,,,,
232815,1393,10.882,345,776.65,,,,
233146,1394,9.701,331,777.27,,,,
233534,1395,12.356,388,780.65,,,,
233851,1396,9.25,317,781.22,,,,
234155,1397,9.19,304,781.78,,,,
234387,1398,7.585,232,782.19,,,,
234764,1399,11.331,377,782.87,,,,
235176,1400,12.541,412,783.64,,,,
235557,1401,12.305,381,787.04,,,,
235805,1402,8.121,248,787.48,,,,
235952,1403,4.1,147,787.73,,,,
236368,1404,12.945,416,788.46,,,,
236593,1405,7.555,225,788.9,,,,
236840,1406,8.148,247,789.34,,,,
237264,1407,12.935,424,790.11,,,,
237707,1408,13.739,443,793.13,,,,
238276,1409,16.946,569,794.14,,,,
238775,1410,14.192,499,795.05,,,,
239117,1411,10.832,342,795.68,,,,
239456,1412,10.392,339,796.27,,,,
239625,1413,4.922,169,798.51,,,,
239881,1414,8.327,256,798.96,,,,
240234,1415,10.671,353,803.96,,,,
240584,1416,9.831,350,804.61,,,,
241077,1417,15.58,493,805.5,,,,
241385,1418,9.968,308,806.07,,,,
241666,1419,9.214,281,808.37,,,,
241956,1420,8.424,290,808.87,,,,
242240,1421,8.878,284,809.33,,,,
242648,1422,12.286,408,810.01,,,,
243492,1423,24.061,844,811.5,,,,
243638,1424,3.849,146,811.75,,,,
243932,1425,8.796,294,814.02,,,,
244259,1426,9.677,327,814.56,,,,
244739,1427,14.226,480,815.39,,,,
245073,1428,9.606,334,815.97,,,,
245546,1429,14.304,473,816.79,,,,
245962,1430,12.535,416,819.71,,,,
246438,1431,15.039,476,820.55,,,,
246780,1432,10.643,342,821.15,,,,
246990,1433,6.464,210,821.53,,,,
247095,1434,2.326,105,821.71,,,,
247292,1435,5.869,197,822.05,,,,
247596,1436,9.576,304,822.58,,,,
247862,1437,8.525,266,825.24,,,,
248132,1438,8.175,270,825.72,,,,
248376,1439,7.741,244,826.16,,,,
248675,1440,8.888,299,826.69,,,,
249149,1441,14.841,474,827.54,,,,
249388,1442,7.382,239,827.95,,,,
249690,1443,9.289,302,828.49,,,,
250030,1444,10.552,340,835.24,,,,
250292,1445,8.407,262,835.77,,,,
250606,1446,9.808,314,836.38,,,,
250837,1447,6.696,231,836.89,,,,
251092,1448,7.53,255,837.36,,,,
251423,1449,10.488,331,838.03,,,,
251680,1450,7.449,257,838.51,,,,
252053,1451,11.951,373,841.71,,,,
252464,1452,12.161,411,842.5,,,,
252718,1453,8.145,254,842.95,,,,
252956,1454,7.76,238,843.43,,,,
253248,1455,9.252,292,844.0,,,,
253582,1456,10.092,334,844.68,,,,
253946,1457,10.987,364,845.39,,,,
254421,1458,14.707,475,848.88,,,,
254752,1459,8.776,331,849.57,,,,
255309,1460,15.932,557,850.62,,,,
255620,1461,9.506,311,851.22,,,,
255810,1462,5.912,190,851.59,,,,
256027,1463,6.932,217,854.57,,,,
256421,1464,12.508,394,855.34,,,,
256806,1465,12.054,385,856.17,,,,
257016,1466,6.602,210,856.61,,,,
257297,1467,8.745,281,857.15,,,,
257838,1468,15.541,541,858.18,,,,
258448,1469,18.359,610,861.81,,,,
258876,1470,13.157,428,862.73,,,,
259278,1471,12.054,402,863.6,,,,
259719,1472,13.737,441,864.44,,,,
260047,1473,9.743,328,868.58,,,,
260737,1474,18.916,690,872.57,,,,
261035,1475,9.1,298,873.14,,,,
261406,1476,11.762,371,873.84,,,,
261891,1477,14.141,485,874.71,,,,
262202,1478,9.688,311,877.89,,,,
262775,1479,17.426,573,878.96,,,,
263301,1480,15.725,526,879.93,,,,
263796,1481,15.007,495,880.92,,,,
264285,1482,14.31,489,884.44,,,,
264814,1483,16.293,529,885.47,,,,
265015,1484,6.328,201,885.83,,,,
265303,1485,9.062,288,886.36,,,,
265658,1486,11.488,355,887.07,,,,
266013,1487,10.331,355,887.77,,,,
266431,1488,12.453,418,891.51,,,,
267342,1489,25.433,911,893.52,,,,
267639,1490,9.534,297,894.06,,,,
268175,1491,15.5,536,895.09,,,,
268339,1492,4.71,164,897.4,,,,
268628,1493,9.375,289,897.92,,,,
268996,1494,11.362,368,898.55,,,,
269424,1495,12.57,428,899.31,,,,
269707,1496,9.067,283,899.79,,,,
270009,1497,8.486,302,904.11,,,,
270663,1498,18.401,654,907.41,,,,
271042,1499,11.864,379,908.07,,,,
271349,1500,9.682,307,908.62,,,,
271647,1501,9.553,298,909.15,,,,
272071,1502,12.933,424,909.89,,,,
272368,1503,9.396,297,910.39,,,,
272554,1504,5.74,186,912.63,,,,
272810,1505,8.504,256,913.05,,,,
273062,1506,8.118,252,913.48,,,,
273296,1507,7.328,234,913.88,,,,
273519,1508,7.112,223,914.26,,,,
273865,1509,11.14,346,914.88,,,,
274253,1510,11.683,388,915.57,,,,
274585,1511,9.884,332,918.34,,,,
274791,1512,6.525,206,918.71,,,,
275054,1513,8.331,263,919.19,,,,
275382,1514,9.386,328,919.76,,,,
275971,1515,16.573,589,920.8,,,,
276183,1516,6.609,212,921.15,,,,
276485,1517,9.576,302,923.91,,,,
276896,1518,11.941,411,924.66,,,,
277125,1519,6.945,229,925.07,,,,
277441,1520,9.963,316,925.61,,,,
277653,1521,6.55,212,925.97,,,,
277940,1522,9.148,287,926.48,,,,
278174,1523,7.634,234,926.88,,,,
278491,1524,9.014,317,927.42,,,,
278807,1525,8.984,316,930.46,,,,
279049,1526,7.833,242,930.88,,,,
279298,1527,7.894,249,931.33,,,,
279621,1528,10.051,323,931.89,,,,
279828,1529,6.57,207,932.24,,,,
280123,1530,9.088,295,936.35,,,,
280437,1531,9.553,314,936.9,,,,
280741,1532,8.536,304,940.02,,,,
281029,1533,9.461,288,940.52,,,,
281580,1534,16.277,551,941.46,,,,
281873,1535,9.116,293,941.98,,,,
282248,1536,11.176,375,942.64,,,,
282602,1537,11.296,354,943.24,,,,
282811,1538,6.471,209,946.04,,,,
283084,1539,8.417,273,946.51,,,,
283575,1540,15.289,491,947.37,,,,
283872,1541,9.285,297,947.9,,,,
284170,1542,8.961,298,948.43,,,,
284552,1543,11.559,382,949.11,,,,
284945,1544,12.311,393,952.26,,,,
285357,1545,12.656,412,952.98,,,,
285565,1546,6.583,208,953.34,,,,
285840,1547,8.592,275,953.81,,,,
286184,1548,10.918,344,954.44,,,,
286407,1549,6.875,223,954.84,,,,
286814,1550,11.719,407,957.63,,,,
287133,1551,10.362,319,958.18,,,,
287544,1552,12.536,411,958.94,,,,
287800,1553,8.018,256,959.4,,,,
288052,1554,8.065,252,959.88,,,,
288538,1555,14.629,486,960.73,,,,
288786,1556,8.027,248,963.14,,,,
288924,1557,3.61,138,963.39,,,,
289300,1558,11.918,376,964.03,,,,
289774,1559,14.086,474,964.99,,,,
289983,1560,6.417,209,965.41,,,,
290321,1561,10.897,338,969.66,,,,
290579,1562,8.13,258,970.15,,,,
290959,1563,11.679,380,973.0,,,,
291258,1564,9.467,299,973.51,,,,
291544,1565,9.207,286,974.01,,,,
291879,1566,10.121,335,974.62,,,,
292171,1567,9.299,292,975.3,,,,
292532,1568,11.404,361,976.01,,,,
292814,1569,8.896,282,976.54,,,,
293249,1570,13.446,435,979.5,,,,
293528,1571,8.76,279,980.02,,,,
293730,1572,6.243,202,980.35,,,,
294000,1573,8.677,270,980.83,,,,
294227,1574,7.249,227,981.25,,,,
294505,1575,8.757,278,981.75,,,,
294803,1576,8.842,298,982.3,,,,
295060,1577,8.359,257,985.3,,,,
295356,1578,9.376,296,985.88,,,,
295645,1579,8.934,289,986.43,,,,
295857,1580,6.486,212,986.85,,,,
296359,1581,15.326,502,987.81,,,,
296645,1582,8.949,286,988.41,,,,
297045,1583,12.075,400,991.7,,,,
297435,1584,12.106,390,992.44,,,,
298050,1585,18.917,615,993.58,,,,
298320,1586,8.434,270,994.14,,,,
298660,1587,10.801,340,994.84,,,,
298895,1588,7.542,235,995.31,,,,
299159,1589,8.363,264,998.08,,,,
299631,1590,14.703,472,999.01,,,,
300312,1591,20.58,681,1007.99,,,,
300585,1592,8.69,273,1008.51,,,,
301213,1593,18.744,628,1012.04,,,,
301730,1594,16.396,517,1013.06,,,,
302001,1595,8.862,271,1013.59,,,,
302263,1596,8.489,262,1014.11,,,,
302612,1597,10.624,349,1014.79,,,,
302878,1598,7.09,266,1015.3,,,,
303329,1599,13.613,451,1018.53,,,,
303685,1600,10.201,356,1019.18,,,,
303910,1601,7.214,225,1019.57,,,,
304296,1602,11.78,386,1020.25,,,,
304492,1603,5.879,196,1020.6,,,,
305161,1604,19.551,669,1024.2,,,,
305382,1605,6.37,221,1024.6,,,,
305647,1606,8.102,265,1025.1,,,,
305951,1607,9.501,304,1025.65,,,,
306266,1608,9.213,315,1026.21,,,,
306578,1609,9.11,312,1026.81,,,,
306992,1610,12.9,414,1027.58,,,,
307307,1611,9.923,315,1030.61,,,,
307593,1612,8.774,286,1031.12,,,,
308040,1613,13.594,447,1031.95,,,,
308737,1614,20.782,697,1033.25,,,,
309034,1615,9.316,297,1033.78,,,,
309389,1616,11.27,355,1036.66,,,,
309676,1617,9.16,287,1037.21,,,,
310054,1618,12.039,378,1041.11,,,,
310348,1619,8.855,294,1041.61,,,,
310648,1620,8.892,300,1042.11,,,,
310897,1621,7.914,249,1042.54,,,,
311496,1622,18.662,599,1045.54,,,,
311951,1623,14.278,455,1046.35,,,,
312270,1624,10.319,319,1046.96,,,,
312508,1625,7.5,238,1047.39,,,,
312856,1626,11.498,348,1048.05,,,,
313116,1627,6.625,260,1048.53,,,,
313342,1628,7.097,226,1048.95,,,,
313653,1629,9.318,311,1051.7,,,,
313968,1630,10.369,315,1052.31,,,,
314379,1631,12.591,411,1053.04,,,,
314801,1632,13.165,422,1053.86,,,,
315016,1633,6.642,215,1054.28,,,,
315280,1634,8.711,264,1054.75,,,,
315576,1635,9.512,296,1057.51,,,,
315891,1636,10.076,315,1058.11,,,,
316034,1637,3.735,143,1058.37,,,,
316309,1638,8.59,275,1058.85,,,,
316544,1639,7.431,235,1059.29,,,,
316817,1640,8.47,273,1059.79,,,,
317161,1641,10.803,344,1060.43,,,,
317351,1642,5.963,190,1060.82,,,,
317606,1643,8.351,255,1063.66,,,,
317957,1644,11.02,351,1064.3,,,,
318306,1645,11.232,349,1064.96,,,,
318671,1646,11.559,365,1065.63,,,,
318881,1647,6.519,210,1066.02,,,,
319345,1648,14.676,464,1066.86,,,,
319753,1649,12.987,408,1070.02,,,,
320198,1650,13.839,445,1078.93,,,,
320642,1651,14.466,444,1079.78,,,,
320941,1652,9.312,299,1080.33,,,,
321537,1653,18.815,596,1083.81,,,,
321852,1654,9.88,315,1084.43,,,,
322518,1655,19.992,666,1085.63,,,,
322827,1656,8.939,309,1086.19,,,,
323713,1657,23.897,886,1090.04,,,,
324300,1658,18.439,587,1091.1,,,,
324888,1659,18.338,588,1092.15,,,,
325221,1660,10.656,333,1092.74,,,,
325549,1661,10.663,328,1093.32,,,,
325793,1662,6.832,244,1095.69,,,,
326297,1663,15.539,504,1096.6,,,,
326660,1664,11.169,363,1097.24,,,,
326983,1665,9.959,323,1097.83,,,,
327404,1666,12.888,421,1098.58,,,,
327747,1667,11.048,343,1101.45,,,,
328279,1668,15.996,532,1102.42,,,,
328503,1669,7.176,224,1102.8,,,,
329145,1670,19.413,642,1103.95,,,,
329394,1671,7.936,249,1104.38,,,,
329737,1672,10.785,343,1107.51,,,,
330164,1673,12.755,427,1116.5,,,,
330791,1674,19.673,627,1117.63,,,,
331295,1675,14.881,504,1118.53,,,,
331596,1676,8.615,301,1119.06,,,,
331868,1677,8.505,272,1121.89,,,,
332143,1678,8.596,275,1122.38,,,,
332369,1679,5.315,226,1122.82,,,,
332685,1680,10.073,316,1123.41,,,,
333252,1681,17.694,567,1124.49,,,,
333872,1682,17.499,620,1127.6,,,,
334150,1683,8.709,278,1128.08,,,,
334930,1684,23.645,780,1129.46,,,,
335353,1685,13.654,423,1130.24,,,,
335717,1686,11.655,364,1130.94,,,,
336152,1687,14.244,435,1134.32,,,,
336604,1688,13.796,452,1135.12,,,,
336900,1689,9.441,296,1135.66,,,,
337153,1690,8.244,253,1136.16,,,,
337601,1691,11.758,448,1136.95,,,,
338564,1692,28.115,963,1141.33,,,,
338930,1693,10.463,366,1142.02,,,,
339198,1694,8.379,268,1142.55,,,,
339435,1695,7.592,237,1142.99,,,,
340094,1696,18.473,659,1149.78,,,,
340518,1697,12.751,424,1150.56,,,,
340890,1698,11.556,372,1151.23,,,,
341406,1699,16.431,516,1152.19,,,,
341701,1700,9.173,295,1152.73,,,,
342028,1701,10.23,327,1156.0,,,,
342354,1702,10.446,326,1156.69,,,,
342659,1703,9.405,305,1157.27,,,,
343319,1704,19.656,660,1158.46,,,,
343596,1705,8.934,277,1158.96,,,,
343967,1706,11.729,371,1159.65,,,,
344228,1707,8.491,261,1162.2,,,,
344475,1708,7.919,247,1162.63,,,,
344812,1709,10.777,337,1163.24,,,,
345028,1710,6.586,216,1163.64,,,,
345291,1711,8.348,263,1164.13,,,,
345713,1712,13.556,422,1164.89,,,,
346015,1713,8.991,302,1165.4,,,,
346569,1714,16.505,554,1168.11,,,,
347132,1715,16.598,563,1169.06,,,,
347375,1716,7.949,243,1169.49,,,,
347765,1717,11.938,390,1170.18,,,,
348063,1718,9.13,298,1170.69,,,,
348505,1719,14.353,442,1173.68,,,,
348970,1720,14.711,465,1174.5,,,,
349213,1721,7.6,243,1174.92,,,,
349465,1722,7.98,252,1175.37,,,,
349692,1723,7.258,227,1175.76,,,,
350062,1724,11.349,370,1178.81,,,,
350446,1725,12.041,384,1181.57,,,,
350705,1726,8.536,259,1181.99,,,,
350889,1727,5.628,184,1182.3,,,,
351107,1728,6.734,218,1182.66,,,,
351426,1729,9.813,319,1183.2,,,,
351834,1730,12.844,408,1183.92,,,,
352156,1731,10.083,322,1184.46,,,,
352289,1732,2.676,133,1186.97,,,,
352735,1733,14.622,446,1187.78,,,,
353420,1734,21.106,685,1188.97,,,,
354104,1735,21.137,684,1190.19,,,,
354584,1736,14.361,480,1192.99,,,,
354820,1737,7.552,236,1193.39,,,,
355121,1738,9.414,301,1193.89,,,,
355507,1739,12.366,386,1194.56,,,,
355709,1740,5.814,202,1194.95,,,,
356046,1741,11.16,337,1195.58,,,,
356230,1742,4.952,184,1195.95,,,,
356474,1743,7.83,244,1198.99,,,,
356708,1744,7.316,234,1199.4,,,,
357397,1745,22.025,689,1200.88,,,,
357732,1746,10.389,335,1201.57,,,,
357956,1747,7.022,224,1202.09,,,,
358216,1748,8.611,260,1202.59,,,,
358602,1749,11.488,386,1205.85,,,,
359105,1750,15.405,503,1206.87,,,,
359442,1751,11.198,337,1207.49,,,,
359950,1752,15.666,508,1208.52,,,,
360301,1753,10.963,351,1212.09,,,,
360557,1754,8.111,256,1215.07,,,,
361395,1755,25.097,838,1216.85,,,,
361580,1756,5.544,185,1217.25,,,,
362066,1757,14.335,486,1218.22,,,,
362594,1758,16.513,528,1221.76,,,,
362916,1759,10.246,322,1222.39,,,,
363167,1760,7.879,251,1222.87,,,,
363682,1761,15.464,515,1223.85,,,,
364393,1762,21.53,711,1225.34,,,,
364790,1763,12.726,397,1228.66,,,,
365189,1764,12.418,399,1229.57,,,,
365460,1765,8.78,271,1230.09,,,,
365706,1766,7.954,246,1230.7,,,,
365933,1767,7.157,227,1231.11,,,,
366351,1768,13.388,418,1231.91,,,,
366619,1769,8.539,268,1235.21,,,,
367053,1770,14.3,434,1236.21,,,,
367272,1771,6.723,219,1236.82,,,,
367778,1772,16.318,506,1237.9,,,,
368104,1773,10.457,326,1238.47,,,,
368391,1774,9.414,287,1239.19,,,,
368770,1775,11.892,379,1242.6,,,,
369277,1776,16.221,507,1243.67,,,,
369511,1777,7.551,234,1244.13,,,,
369972,1778,14.361,461,1244.96,,,,
370312,1779,11.115,340,1249.15,,,,
370589,1780,8.888,277,1249.62,,,,
370886,1781,9.674,297,1252.86,,,,
371178,1782,9.127,292,1253.37,,,,
372178,1783,26.971,1000,1255.39,,,,
372581,1784,12.774,403,1256.1,,,,
372716,1785,2.751,135,1256.33,,,,
373201,1786,14.873,485,1259.21,,,,
373779,1787,17.382,578,1260.19,,,,
374079,1788,9.572,300,1260.71,,,,
374679,1789,18.221,600,1261.75,,,,
375157,1790,14.612,478,1264.84,,,,
375340,1791,5.386,183,1265.16,,,,
375697,1792,11.057,357,1265.78,,,,
375931,1793,7.449,234,1266.18,,,,
376405,1794,14.819,474,1267.0,,,,
376686,1795,9.009,281,1267.48,,,,
376955,1796,8.655,269,1269.98,,,,
377615,1797,20.45,660,1271.09,,,,
378121,1798,16.112,506,1271.96,,,,
378460,1799,11.088,339,1272.55,,,,
378799,1800,10.84,339,1273.13,,,,
379111,1801,9.901,312,1275.48,,,,
379437,1802,10.055,326,1276.03,,,,
379749,1803,9.706,312,1276.57,,,,
380008,1804,8.047,259,1279.54,,,,
380801,1805,23.203,793,1280.96,,,,
381091,1806,9.435,290,1283.3,,,,
381355,1807,8.084,264,1283.74,,,,
381609,1808,7.857,254,1284.17,,,,
381873,1809,8.338,264,1284.63,,,,
382184,1810,9.314,311,1285.18,,,,
382399,1811,6.468,215,1285.56,,,,
382623,1812,7.138,224,1285.96,,,,
382866,1813,7.917,243,1286.38,,,,
383075,1814,6.374,209,1289.28,,,,
383368,1815,9.165,293,1289.79,,,,
383696,1816,10.567,328,1290.36,,,,
384104,1817,12.675,408,1291.07,,,,
384421,1818,10.024,317,1291.65,,,,
384696,1819,8.842,275,1292.14,,,,
385139,1820,11.899,443,1295.54,,,,
385444,1821,9.267,305,1296.06,,,,
385704,1822,8.244,260,1296.5,,,,
386070,1823,11.634,366,1297.12,,,,
386565,1824,15.825,495,1297.99,,,,
386794,1825,6.986,229,1298.4,,,,
387069,1826,8.448,275,1298.88,,,,
387643,1827,17.62,574,1302.43,,,,
387974,1828,10.354,331,1302.99,,,,
388239,1829,8.354,265,1303.44,,,,
388499,1830,8.194,260,1303.89,,,,
388745,1831,7.844,246,1304.32,,,,
388974,1832,7.14,229,1304.72,,,,
389382,1833,11.798,408,1307.84,,,,
389868,1834,14.529,486,1308.71,,,,
390208,1835,11.031,340,1314.91,,,,
390725,1836,16.273,517,1315.95,,,,
391059,1837,9.785,334,1316.6,,,,
391938,1838,26.414,879,1320.16,,,,
392373,1839,13.706,435,1321.01,,,,
392878,1840,15.705,505,1321.88,,,,
393185,1841,7.825,307,1322.41,,,,
393768,1842,18.785,583,1325.56,,,,
394242,1843,15.446,474,1326.39,,,,
394686,1844,13.447,444,1327.2,,,,
394919,1845,7.04,233,1327.59,,,,
395443,1846,16.055,524,1330.97,,,,
395744,1847,9.234,301,1331.57,,,,
396370,1848,18.544,626,1332.67,,,,
396473,1849,2.2,103,1332.88,,,,
396802,1850,10.044,329,1333.47,,,,
397257,1851,13.793,455,1334.35,,,,
397663,1852,10.437,406,1337.41,,,,
397917,1853,8.25,254,1337.89,,,,
398171,1854,7.794,254,1338.37,,,,
398704,1855,15.527,533,1339.36,,,,
398963,1856,8.328,259,1339.83,,,,
399062,1857,2.089,99,1340.01,,,,
399337,1858,8.706,275,1340.55,,,,
399646,1859,9.784,309,1343.4,,,,
400054,1860,12.403,408,1346.65,,,,
400919,1861,25.467,865,1348.46,,,,
401026,1862,2.374,107,1348.69,,,,
401421,1863,12.315,395,1351.81,,,,
401711,1864,8.984,290,1352.41,,,,
402005,1865,9.682,294,1352.96,,,,
402236,1866,7.175,231,1353.39,,,,
402445,1867,6.266,209,1353.79,,,,
402768,1868,10.046,323,1354.42,,,,
403070,1869,9.352,302,1355.02,,,,
403534,1870,14.749,464,1358.25,,,,
403744,1871,6.379,210,1358.67,,,,
403956,1872,6.345,212,1359.06,,,,
404419,1873,14.708,463,1359.91,,,,
404677,1874,8.166,258,1360.41,,,,
404993,1875,10.442,316,1360.99,,,,
405376,1876,10.813,383,1361.76,,,,
406074,1877,21.606,698,1365.27,,,,
406324,1878,7.928,250,1365.73,,,,
406680,1879,11.615,356,1366.48,,,,
406955,1880,8.932,275,1366.98,,,,
407226,1881,8.808,271,1367.48,,,,
407458,1882,7.22,232,1367.91,,,,
407660,1883,6.094,202,1370.51,,,,
407930,1884,8.583,270,1371.04,,,,
408160,1885,7.189,230,1371.53,,,,
408379,1886,6.557,219,1371.95,,,,
408767,1887,12.713,388,1372.68,,,,
409020,1888,7.915,253,1373.19,,,,
409339,1889,9.801,319,1373.83,,,,
409627,1890,9.18,288,1376.78,,,,
409908,1891,8.949,281,1377.28,,,,
410228,1892,10.419,320,1380.01,,,,
410476,1893,7.863,248,1380.47,,,,
410721,1894,7.514,245,1380.9,,,,
410968,1895,7.714,247,1381.34,,,,
411225,1896,8.02,257,1381.84,,,,
411527,1897,9.452,302,1382.43,,,,
411776,1898,7.871,249,1385.36,,,,
412120,1899,10.444,344,1386.0,,,,
412354,1900,7.755,234,1386.41,,,,
412772,1901,12.981,418,1387.17,,,,
413203,1902,14.0,431,1387.96,,,,
413416,1903,6.563,213,1388.34,,,,
413642,1904,6.537,226,1388.76,,,,
413914,1905,8.234,272,1391.61,,,,
414125,1906,5.786,211,1391.99,,,,
414398,1907,8.4,273,1392.5,,,,
414652,1908,7.89,254,1392.99,,,,
414987,1909,10.757,335,1393.63,,,,
415403,1910,12.949,416,1394.39,,,,
415933,1911,15.771,530,1397.29,,,,
416217,1912,8.913,284,1397.82,,,,
416543,1913,10.275,326,1398.41,,,,
416775,1914,7.296,232,1398.83,,,,
417227,1915,14.289,452,1399.71,,,,
417501,1916,7.706,274,1400.23,,,,
417768,1917,8.522,267,1400.7,,,,
418119,1918,11.325,351,1403.53,,,,
418444,1919,9.962,325,1404.12,,,,
418665,1920,6.687,221,1404.52,,,,
418975,1921,10.089,310,1405.09,,,,
419215,1922,7.563,240,1405.53,,,,
419565,1923,11.116,350,1406.21,,,,
419946,1924,11.813,381,1409.19,,,,
420205,1925,8.033,259,1412.47,,,,
420521,1926,9.666,316,1413.03,,,,
420922,1927,12.62,401,1413.78,,,,
421111,1928,5.767,189,1414.13,,,,
421537,1929,13.085,426,1414.89,,,,
422055,1930,14.785,518,1418.16,,,,
422758,1931,20.651,703,1419.4,,,,
423174,1932,12.751,416,1420.16,,,,
423670,1933,15.504,496,1421.05,,,,
424097,1934,11.804,427,1424.28,,,,
424463,1935,11.583,366,1424.93,,,,
424762,1936,9.102,299,1425.52,,,,
424961,1937,5.971,199,1425.89,,,,
425259,1938,9.608,298,1426.41,,,,
425560,1939,8.858,301,1426.94,,,,
426247,1940,20.466,687,1430.53,,,,
426600,1941,11.137,353,1431.19,,,,
426929,1942,10.321,329,1431.79,,,,
427767,1943,24.533,838,1433.32,,,,
428078,1944,9.79,311,1436.14,,,,
428609,1945,16.509,531,1437.14,,,,
429014,1946,12.469,405,1437.86,,,,
429233,1947,6.469,219,1438.27,,,,
429621,1948,12.883,388,1438.97,,,,
429971,1949,11.338,350,1439.62,,,,
430222,1950,7.994,251,1444.93,,,,
430792,1951,17.855,570,1445.93,,,,
431046,1952,8.108,254,1446.39,,,,
431360,1953,9.956,314,1446.99,,,,
431643,1954,9.133,283,1447.49,,,,
432049,1955,11.878,406,1448.25,,,,
432736,1956,21.174,687,1451.55,,,,
432990,1957,7.696,254,1451.99,,,,
433651,1958,20.22,661,1453.17,,,,
433951,1959,9.35,300,1453.71,,,,
434319,1960,10.823,368,1456.59,,,,
434695,1961,11.986,376,1457.26,,,,
434947,1962,7.907,252,1457.7,,,,
435392,1963,13.503,445,1458.48,,,,
436031,1964,18.713,639,1459.62,,,,
436311,1965,8.763,280,1462.01,,,,
436676,1966,11.591,365,1462.66,,,,
437139,1967,11.778,463,1463.49,,,,
437472,1968,10.413,333,1464.12,,,,
437657,1969,4.562,185,1464.45,,,,
437903,1970,7.543,246,1464.89,,,,
438292,1971,11.525,389,1467.46,,,,
438524,1972,7.032,232,1467.9,,,,
438867,1973,10.346,343,1468.5,,,,
439109,1974,7.536,242,1468.96,,,,
439426,1975,9.946,317,1469.53,,,,
439746,1976,9.762,320,1470.11,,,,
440177,1977,13.655,431,1473.5,,,,
440625,1978,13.874,448,1476.55,,,,
440935,1979,9.664,310,1477.12,,,,
441139,1980,6.03,204,1477.47,,,,
441258,1981,2.744,119,1477.69,,,,
441823,1982,17.226,565,1478.8,,,,
442083,1983,7.983,260,1479.26,,,,
442344,1984,8.12,261,1479.72,,,,
443274,1985,28.396,930,1483.92,,,,
443520,1986,7.718,246,1484.37,,,,
443733,1987,6.364,213,1484.76,,,,
444389,1988,20.683,656,1485.96,,,,
444863,1989,14.479,474,1489.38,,,,
445325,1990,14.438,462,1490.21,,,,
445685,1991,11.31,360,1490.86,,,,
445941,1992,8.23,256,1491.33,,,,
446263,1993,10.115,322,1491.94,,,,
446601,1994,10.802,338,1495.15,,,,
446988,1995,11.713,387,1495.86,,,,
447295,1996,9.591,307,1496.45,,,,
447616,1997,9.434,321,1497.04,,,,
448047,1998,13.611,431,1497.85,,,,
448415,1999,11.69,368,1498.56,,,,
448678,2000,8.232,263,1501.17,,,,
449108,2001,13.216,430,1501.93,,,,
449454,2002,10.92,346,1502.56,,,,
449817,2003,9.652,363,1503.24,,,,
450135,2004,10.073,318,1506.68,,,,
450812,2005,21.101,677,1509.82,,,,
451142,2006,9.951,330,1510.4,,,,
451627,2007,15.014,485,1511.3,,,,
451955,2008,10.184,328,1511.88,,,,
452410,2009,13.906,455,1512.68,,,,
452658,2010,7.438,248,1514.96,,,,
452883,2011,5.621,225,1515.35,,,,
453883,2012,29.283,1000,1517.1,,,,
454192,2013,9.419,309,1517.71,,,,
454687,2014,15.787,495,1521.11,,,,
455141,2015,12.091,454,1521.93,,,,
455351,2016,6.37,210,1522.33,,,,
455681,2017,10.333,330,1522.91,,,,
456037,2018,10.638,356,1523.55,,,,
456324,2019,9.019,287,1524.08,,,,
456655,2020,10.338,331,1524.68,,,,
457100,2021,14.111,445,1527.7,,,,
457372,2022,7.449,272,1528.18,,,,
457767,2023,12.393,395,1528.88,,,,
458175,2024,13.326,408,1529.6,,,,
458495,2025,9.725,320,1530.14,,,,
458745,2026,7.84,250,1530.57,,,,
459057,2027,9.695,312,1533.24,,,,
459449,2028,12.694,392,1533.91,,,,
459693,2029,7.35,244,1534.33,,,,
460001,2030,9.246,308,1539.29,,,,
460467,2031,14.95,466,1540.13,,,,
461024,2032,15.939,557,1543.42,,,,
461322,2033,8.46,298,1543.95,,,,
461632,2034,9.238,310,1544.51,,,,
461884,2035,7.777,252,1544.94,,,,
462369,2036,14.886,485,1545.79,,,,
462939,2037,17.308,570,1548.98,,,,
463181,2038,7.796,242,1549.42,,,,
463434,2039,8.11,253,1549.87,,,,
463778,2040,10.281,344,1550.48,,,,
464275,2041,15.551,497,1551.37,,,,
464406,2042,2.527,131,1551.59,,,,
464853,2043,13.677,447,1552.35,,,,
465185,2044,10.445,332,1555.01,,,,
465562,2045,11.563,377,1555.76,,,,
466064,2046,15.129,502,1556.73,,,,
466386,2047,9.912,322,1557.34,,,,
466865,2048,14.656,479,1558.27,,,,
467144,2049,9.143,279,1561.38,,,,
467669,2050,14.394,525,1562.34,,,,
468085,2051,12.447,416,1563.13,,,,
468329,2052,7.636,244,1563.71,,,,
468576,2053,7.715,247,1564.15,,,,
468953,2054,11.453,377,1565.06,,,,
469266,2055,10.055,313,1568.1,,,,
469690,2056,13.234,424,1568.9,,,,
469938,2057,7.78,248,1569.37,,,,
470327,2058,12.559,389,1572.97,,,,
470534,2059,6.172,207,1573.44,,,,
470844,2060,9.516,310,1574.02,,,,
471278,2061,13.879,434,1577.36,,,,
471610,2062,10.538,332,1577.95,,,,
472057,2063,14.358,447,1578.85,,,,
472501,2064,14.295,444,1579.67,,,,
472817,2065,9.638,316,1580.29,,,,
473041,2066,5.284,224,1580.68,,,,
473548,2067,15.543,507,1584.09,,,,
474166,2068,18.972,618,1585.31,,,,
474500,2069,10.08,334,1585.88,,,,
474904,2070,12.331,404,1586.59,,,,
475188,2071,8.89,284,1589.73,,,,
475666,2072,14.817,478,1590.55,,,,
476165,2073,15.678,499,1591.66,,,,
476462,2074,8.702,297,1592.19,,,,
476877,2075,13.472,415,1593.07,,,,
477750,2076,24.825,873,1597.5,,,,
478475,2077,18.99,725,1599.06,,,,
478604,2078,2.451,129,1599.29,,,,
478881,2079,7.545,277,1599.79,,,,
479406,2080,13.905,525,1603.54,,,,
479784,2081,12.021,378,1604.22,,,,
480159,2082,11.045,375,1611.86,,,,
481159,2083,26.708,1000,1613.77,,,,
481578,2084,13.163,419,1617.01,,,,
481842,2085,8.557,264,1617.48,,,,
482114,2086,8.655,272,1617.94,,,,
482557,2087,13.761,443,1618.71,,,,
482861,2088,9.304,304,1619.23,,,,
483705,2089,24.39,844,1622.56,,,,
484159,2090,13.853,454,1623.36,,,,
484543,2091,11.576,384,1624.04,,,,
484945,2092,10.656,402,1624.75,,,,
485945,2093,26.413,1000,1628.38,,,,
486203,2094,8.241,258,1628.85,,,,
486477,2095,8.808,274,1629.34,,,,
487033,2096,16.014,556,1630.3,,,,
487545,2097,15.583,512,1633.46,,,,
488117,2098,17.672,572,1634.45,,,,
488519,2099,12.375,402,1635.13,,,,
488983,2100,13.997,464,1635.94,,,,
489254,2101,8.622,271,1636.42,,,,
489496,2102,7.401,242,1638.95,,,,
490496,2103,27.677,1000,1644.33,,,,
491182,2104,21.244,686,1645.53,,,,
491687,2105,16.012,505,1648.98,,,,
491989,2106,9.62,302,1649.51,,,,
492297,2107,9.199,308,1650.04,,,,
492502,2108,6.07,205,1650.38,,,,
493137,2109,19.589,635,1651.48,,,,
493443,2110,9.558,306,1652.0,,,,
493688,2111,7.66,245,1655.01,,,,
493953,2112,8.351,265,1655.45,,,,
494307,2113,11.162,354,1656.07,,,,
494897,2114,17.513,590,1657.14,,,,
495402,2115,15.445,505,1658.01,,,,
495687,2116,9.084,285,1660.99,,,,
496438,2117,22.006,751,1662.26,,,,
496820,2118,12.271,382,1662.9,,,,
497248,2119,13.233,428,1663.66,,,,
497503,2120,8.005,255,1664.1,,,,
497789,2121,8.894,286,1667.15,,,,
498113,2122,10.195,324,1667.7,,,,
498517,2123,12.714,404,1668.4,,,,
498801,2124,8.795,284,1668.89,,,,
499136,2125,10.299,335,1669.47,,,,
499432,2126,8.859,296,1669.96,,,,
499783,2127,11.1,351,1673.17,,,,
500093,2128,7.646,310,1676.47,,,,
500435,2129,10.279,342,1677.11,,,,
500830,2130,12.587,395,1677.87,,,,
501086,2131,8.065,256,1678.39,,,,
501447,2132,10.892,361,1679.11,,,,
501780,2133,9.417,333,1681.78,,,,
502125,2134,10.849,345,1682.49,,,,
502438,2135,9.521,313,1683.07,,,,
502659,2136,6.775,221,1683.51,,,,
502878,2137,6.579,219,1683.93,,,,
503241,2138,11.471,363,1684.59,,,,
503620,2139,12.159,379,1685.27,,,,
504074,2140,14.353,454,1688.26,,,,
504510,2141,13.388,436,1689.02,,,,
504808,2142,8.341,298,1689.57,,,,
505297,2143,15.043,489,1690.45,,,,
505681,2144,11.529,384,1691.19,,,,
505998,2145,9.956,317,1694.16,,,,
506251,2146,7.816,253,1694.61,,,,
506667,2147,12.99,416,1695.37,,,,
506931,2148,8.354,264,1695.87,,,,
507260,2149,10.077,329,1696.47,,,,
507736,2150,14.767,476,1697.35,,,,
508736,2151,28.309,1000,1701.66,,,,
509413,2152,20.573,677,1702.94,,,,
510053,2153,19.271,640,1709.69,,,,
510485,2154,13.691,432,1710.54,,,,
510943,2155,14.185,458,1711.56,,,,
511210,2156,8.532,267,1712.11,,,,
511452,2157,7.529,242,1712.58,,,,
511805,2158,10.249,353,1713.32,,,,
512141,2159,10.325,336,1716.09,,,,
512579,2160,12.914,438,1716.98,,,,
512922,2161,10.886,343,1717.66,,,,
513523,2162,17.985,601,1718.87,,,,
513931,2163,13.083,408,1719.73,,,,
514931,2164,27.049,1000,1724.11,,,,
515218,2165,8.871,287,1724.63,,,,
515513,2166,9.221,295,1725.15,,,,
515770,2167,7.964,257,1725.69,,,,
516084,2168,9.527,314,1726.35,,,,
516344,2169,7.874,260,1729.18,,,,
516584,2170,7.323,240,1729.64,,,,
516796,2171,6.185,212,1730.03,,,,
517104,2172,9.407,308,1730.71,,,,
517352,2173,7.792,248,1731.18,,,,
517619,2174,8.372,267,1731.71,,,,
517861,2175,7.167,242,1732.18,,,,
518093,2176,7.091,232,1732.63,,,,
518608,2177,15.466,515,1735.85,,,,
518883,2178,8.649,275,1736.36,,,,
519254,2179,11.088,371,1737.05,,,,
519657,2180,12.47,403,1737.79,,,,
519910,2181,7.957,253,1738.29,,,,
520144,2182,7.15,234,1741.14,,,,
520479,2183,10.427,335,1743.65,,,,
520840,2184,11.27,361,1744.3,,,,
521119,2185,8.87,279,1744.82,,,,
521439,2186,10.056,320,1745.42,,,,
521742,2187,9.265,303,1746.0,,,,
522094,2188,10.596,352,1746.64,,,,
522383,2189,9.366,289,1749.2,,,,
522615,2190,7.071,232,1749.62,,,,
523116,2191,16.022,501,1750.53,,,,
523323,2192,6.114,207,1750.93,,,,
523566,2193,7.291,243,1751.38,,,,
523803,2194,7.212,237,1751.8,,,,
524042,2195,7.219,239,1752.25,,,,
524559,2196,16.197,517,1755.57,,,,
525017,2197,14.306,458,1756.4,,,,
525546,2198,16.492,529,1757.34,,,,
525881,2199,10.572,335,1757.93,,,,
526651,2200,22.683,770,1761.67,,,,
527203,2201,16.744,552,1762.71,,,,
527759,2202,17.21,556,1763.73,,,,
528071,2203,9.144,312,1764.3,,,,
528340,2204,8.445,269,1764.78,,,,
529040,2205,21.133,700,1768.38,,,,
529322,2206,8.814,282,1768.92,,,,
529767,2207,13.738,445,1769.75,,,,
530114,2208,10.601,347,1774.03,,,,
530362,2209,7.834,248,1774.48,,,,
530748,2210,11.687,386,1777.63,,,,
531013,2211,8.371,265,1778.11,,,,
531243,2212,6.671,230,1778.58,,,,
531598,2213,10.961,355,1779.24,,,,
531874,2214,8.598,276,1779.74,,,,
532179,2215,9.392,305,1780.32,,,,
532561,2216,10.891,382,1783.33,,,,
532865,2217,9.422,304,1783.89,,,,
533435,2218,18.128,570,1784.9,,,,
533999,2219,16.448,564,1785.93,,,,
534827,2220,24.361,828,1789.87,,,,
535221,2221,11.813,394,1790.59,,,,
535513,2222,9.309,292,1791.1,,,,
535908,2223,10.419,395,1791.83,,,,
536404,2224,14.182,496,1792.76,,,,
537137,2225,22.493,733,1796.46,,,,
537816,2226,20.594,679,1797.7,,,,
538392,2227,18.057,576,1798.7,,,,
538648,2228,7.764,256,1801.15,,,,
539487,2229,23.827,839,1802.64,,,,
539790,2230,8.684,303,1803.21,,,,
540465,2231,21.261,675,1808.54,,,,
541465,2232,30.141,1000,1812.6,,,,
542009,2233,15.204,544,1813.6,,,,
542633,2234,19.533,624,1814.79,,,,
543017,2235,10.535,384,1817.66,,,,
543584,2236,16.893,567,1818.67,,,,
544064,2237,15.107,480,1819.54,,,,
544438,2238,11.432,374,1820.19,,,,
544884,2239,12.567,446,1822.85,,,,
545884,2240,29.712,1000,1824.63,,,,
546206,2241,9.415,322,1825.25,,,,
546463,2242,7.578,257,1825.7,,,,
546697,2243,7.121,234,1826.18,,,,
547411,2244,22.488,714,1829.88,,,,
548027,2245,18.136,616,1830.97,,,,
548336,2246,9.929,309,1831.53,,,,
548606,2247,8.74,270,1832.03,,,,
548904,2248,8.213,298,1835.35,,,,
549200,2249,9.081,296,1835.89,,,,
549505,2250,9.08,305,1836.47,,,,
549969,2251,14.816,464,1837.29,,,,
550269,2252,9.169,300,1840.87,,,,
550779,2253,13.227,510,1841.84,,,,
551172,2254,12.424,393,1844.79,,,,
551576,2255,12.714,404,1845.49,,,,
551899,2256,9.94,323,1846.06,,,,
552215,2257,9.897,316,1846.65,,,,
552449,2258,7.203,234,1847.09,,,,
552938,2259,15.206,489,1847.93,,,,
553259,2260,9.823,321,1850.72,,,,
553493,2261,7.002,234,1851.12,,,,
553991,2262,15.519,498,1852.02,,,,
554226,2263,7.142,235,1852.46,,,,
554551,2264,9.475,325,1853.05,,,,
554832,2265,8.896,281,1853.59,,,,
555498,2266,20.212,666,1856.85,,,,
556367,2267,26.041,869,1858.42,,,,
556691,2268,10.119,324,1858.99,,,,
556929,2269,7.316,238,1859.41,,,,
557929,2270,29.581,1000,1863.16,,,,
558226,2271,9.312,297,1863.72,,,,
558446,2272,6.47,220,1864.14,,,,
559101,2273,19.768,655,1865.22,,,,
559348,2274,7.664,247,1867.46,,,,
559992,2275,19.412,644,1868.62,,,,
560219,2276,6.779,227,1871.81,,,,
560468,2277,7.847,249,1872.26,,,,
560790,2278,9.417,322,1872.83,,,,
561209,2279,13.306,419,1875.57,,,,
561557,2280,10.973,348,1876.15,,,,
561844,2281,8.767,287,1876.65,,,,
562617,2282,21.948,773,1878.03,,,,
562841,2283,6.706,224,1878.4,,,,
563841,2284,31.232,1000,1882.69,,,,
564203,2285,11.261,362,1883.33,,,,
564758,2286,16.619,555,1884.33,,,,
565063,2287,9.316,305,1884.85,,,,
565341,2288,8.564,278,1887.22,,,,
565646,2289,9.469,305,1887.74,,,,
565885,2290,7.17,239,1888.15,,,,
566502,2291,18.785,617,1889.28,,,,
566809,2292,9.456,307,1889.87,,,,
567048,2293,7.33,239,1890.28,,,,
567862,2294,25.445,814,1894.06,,,,
568215,2295,10.788,353,1894.69,,,,
568523,2296,9.453,308,1895.25,,,,
568887,2297,11.478,364,1895.87,,,,
569830,2298,28.31,943,1899.45,,,,
570067,2299,7.278,237,1904.08,,,,
570407,2300,10.631,340,1904.7,,,,
570677,2301,8.301,270,1905.22,,,,
571254,2302,17.671,577,1906.26,,,,
571730,2303,14.671,476,1909.17,,,,
572376,2304,20.011,646,1910.3,,,,
572627,2305,7.763,251,1910.73,,,,
573054,2306,12.898,427,1911.51,,,,
573949,2307,28.227,895,1915.21,,,,
574244,2308,9.224,295,1915.81,,,,
574543,2309,9.263,299,1916.35,,,,
574836,2310,8.949,293,1916.89,,,,
575076,2311,7.13,240,1917.35,,,,
575343,2312,8.007,267,1917.83,,,,
575844,2313,16.046,501,1921.3,,,,
576438,2314,18.173,594,1922.5,,,,
577322,2315,28.494,884,1924.34,,,,
577587,2316,8.432,265,1927.31,,,,
578515,2317,28.509,928,1929.28,,,,
578876,2318,11.498,361,1930.03,,,,
579361,2319,14.834,485,1931.0,,,,
579743,2320,11.842,382,1934.14,,,,
580296,2321,17.282,553,1938.88,,,,
580754,2322,13.741,458,1939.87,,,,
581113,2323,11.099,359,1940.63,,,,
582091,2324,29.28,978,1945.13,,,,
582313,2325,6.487,222,1945.55,,,,
582885,2326,18.453,572,1946.78,,,,
583245,2327,11.474,360,1947.52,,,,
583525,2328,8.689,280,1948.02,,,,
583945,2329,13.006,420,1951.69,,,,
584177,2330,6.57,232,1952.17,,,,
584553,2331,11.037,376,1953.1,,,,
584899,2332,10.632,346,1953.75,,,,
585116,2333,5.124,217,1954.16,,,,
585458,2334,10.691,342,1954.95,,,,
585915,2335,14.269,457,1958.73,,,,
586258,2336,10.396,343,1959.33,,,,
586681,2337,13.558,423,1960.17,,,,
587390,2338,22.307,709,1961.84,,,,
587717,2339,10.525,327,1962.68,,,,
588086,2340,10.995,369,1966.23,,,,
588386,2341,8.968,300,1966.85,,,,
588822,2342,13.869,436,1967.75,,,,
589098,2343,8.737,276,1968.51,,,,
589335,2344,7.256,237,1969.06,,,,
589842,2345,16.197,507,1972.69,,,,
590042,2346,5.241,200,1976.3,,,,
590400,2347,11.468,358,1976.94,,,,
590688,2348,9.112,288,1977.45,,,,
591232,2349,15.567,544,1978.41,,,,
591561,2350,10.185,329,1979.02,,,,
592046,2351,15.015,485,1982.16,,,,
592443,2352,12.744,397,1982.85,,,,
592767,2353,10.38,324,1983.42,,,,
593145,2354,11.982,378,1984.12,,,,
593425,2355,9.006,280,1984.61,,,,
593797,2356,11.498,372,1985.26,,,,
594110,2357,9.499,313,1987.72,,,,
594492,2358,11.806,382,1988.4,,,,
594744,2359,7.88,252,1988.85,,,,
595744,2360,29.817,1000,1990.62,,,,
596149,2361,12.559,405,1993.21,,,,
597149,2362,29.722,1000,1994.92,,,,
597365,2363,6.391,216,1995.33,,,,
597746,2364,12.228,381,1995.99,,,,
598056,2365,9.764,310,1998.76,,,,
598397,2366,10.564,341,1999.36,,,,
598716,2367,10.37,319,1999.93,,,,
599137,2368,13.073,421,2000.67,,,,
599465,2369,10.163,328,2001.24,,,,
600145,2370,21.077,680,2008.39,,,,
600390,2371,7.554,245,2008.84,,,,
600718,2372,10.376,328,2009.42,,,,
601103,2373,12.304,385,2010.11,,,,
601331,2374,6.839,228,2010.51,,,,
602331,2375,30.696,1000,2014.83,,,,
602772,2376,13.608,441,2015.6,,,,
603057,2377,9.154,285,2016.11,,,,
603353,2378,9.445,296,2016.64,,,,
603955,2379,18.928,602,2017.68,,,,
604291,2380,10.6,336,2020.79,,,,
605129,2381,26.455,838,2022.31,,,,
605502,2382,12.078,373,2022.98,,,,
606062,2383,17.465,560,2023.97,,,,
606609,2384,16.926,547,2027.47,,,,
607470,2385,25.272,861,2029.07,,,,
608092,2386,18.506,622,2030.16,,,,
608441,2387,10.989,349,2033.25,,,,
609164,2388,21.724,723,2034.51,,,,
609388,2389,5.213,224,2034.9,,,,
609716,2390,10.51,328,2035.5,,,,
610204,2391,15.348,488,2039.56,,,,
610826,2392,19.047,622,2043.07,,,,
611322,2393,15.593,496,2043.95,,,,
611626,2394,9.647,304,2044.5,,,,
612298,2395,19.425,672,2045.81,,,,
612706,2396,11.148,408,2048.94,,,,
613120,2397,10.719,414,2049.74,,,,
613324,2398,5.955,204,2050.09,,,,
613913,2399,18.791,589,2051.17,,,,
614187,2400,8.563,274,2051.65,,,,
614948,2401,23.567,761,2055.33,,,,
615681,2402,21.938,733,2056.74,,,,
616148,2403,14.206,467,2057.66,,,,
616741,2404,18.844,593,2060.86,,,,
617574,2405,26.476,833,2062.47,,,,
617984,2406,12.606,410,2063.26,,,,
618737,2407,22.894,753,2066.92,,,,
619380,2408,20.205,643,2068.19,,,,
620053,2409,20.267,673,2072.53,,,,
620273,2410,5.085,220,2072.92,,,,
620650,2411,11.687,377,2075.94,,,,
620962,2412,9.459,312,2076.58,,,,
621263,2413,9.562,301,2077.21,,,,
621529,2414,8.166,266,2077.77,,,,
622163,2415,19.701,634,2079.02,,,,
622540,2416,11.804,377,2079.75,,,,
622942,2417,12.688,402,2082.72,,,,
623419,2418,14.944,477,2083.68,,,,
623744,2419,9.77,325,2084.34,,,,
624728,2420,30.924,984,2088.67,,,,
625017,2421,9.01,289,2089.22,,,,
625288,2422,8.196,271,2089.72,,,,
625875,2423,17.977,587,2090.84,,,,
626130,2424,7.829,255,2091.39,,,,
626309,2425,5.075,179,2091.76,,,,
626750,2426,13.453,441,2094.93,,,,
627222,2427,14.916,472,2095.78,,,,
627761,2428,16.553,539,2096.76,,,,
628098,2429,10.407,337,2097.38,,,,
628378,2430,8.617,280,2097.89,,,,
628699,2431,9.844,321,2098.47,,,,
629037,2432,10.637,338,2101.05,,,,
629300,2433,8.116,263,2101.55,,,,
629758,2434,14.426,458,2102.42,,,,
630153,2435,12.26,395,2106.21,,,,
630703,2436,17.323,550,2107.24,,,,
631235,2437,16.885,532,2110.53,,,,
631878,2438,19.13,643,2111.68,,,,
632247,2439,11.472,369,2112.34,,,,
632631,2440,11.958,384,2113.04,,,,
633058,2441,13.515,427,2115.77,,,,
633753,2442,22.061,695,2116.95,,,,
634237,2443,14.939,484,2117.83,,,,
635044,2444,24.611,807,2121.64,,,,
635392,2445,10.868,348,2122.28,,,,
635900,2446,16.024,508,2123.21,,,,
636263,2447,11.173,363,2123.89,,,,
636740,2448,14.505,477,2124.78,,,,
636972,2449,6.952,232,2127.62,,,,
637228,2450,7.926,256,2128.11,,,,
637511,2451,8.693,283,2128.62,,,,
637793,2452,8.767,282,2129.11,,,,
638584,2453,24.806,791,2130.57,,,,
639118,2454,16.792,534,2133.89,,,,
639627,2455,15.759,509,2134.92,,,,
640444,2456,24.269,817,2141.74,,,,
640744,2457,8.204,300,2142.37,,,,
641140,2458,11.485,396,2145.31,,,,
641481,2459,10.533,341,2145.9,,,,
641983,2460,15.543,502,2146.79,,,,
642442,2461,12.991,459,2147.62,,,,
643442,2462,29.738,1000,2151.89,,,,
643917,2463,13.819,475,2152.76,,,,
644194,2464,8.788,277,2153.29,,,,
644706,2465,15.173,512,2154.21,,,,
644972,2466,8.319,266,2154.7,,,,
645266,2467,9.253,294,2157.28,,,,
645955,2468,20.835,689,2158.53,,,,
646317,2469,11.182,362,2159.21,,,,
646789,2470,14.678,472,2160.06,,,,
647297,2471,16.326,508,2162.91,,,,
648095,2472,24.927,798,2164.33,,,,
648374,2473,8.784,279,2164.85,,,,
648649,2474,8.755,275,2165.32,,,,
649109,2475,12.889,460,2166.12,,,,
649745,2476,19.357,636,2169.25,,,,
650029,2477,9.05,284,2173.1,,,,
650404,2478,12.122,375,2173.81,,,,
651089,2479,20.102,685,2175.03,,,,
651406,2480,9.708,317,2177.34,,,,
652263,2481,26.833,857,2178.81,,,,
652638,2482,11.472,375,2179.51,,,,
653397,2483,22.237,759,2183.23,,,,
653915,2484,15.379,518,2184.17,,,,
654395,2485,15.201,480,2185.04,,,,
654767,2486,11.905,372,2185.7,,,,
655039,2487,8.365,272,2186.18,,,,
655782,2488,22.571,743,2190.23,,,,
656234,2489,14.186,452,2191.08,,,,
656681,2490,13.375,447,2191.88,,,,
657118,2491,13.4,437,2192.69,,,,
657474,2492,11.234,356,2195.86,,,,
657761,2493,8.879,287,2196.37,,,,
658094,2494,10.19,333,2196.99,,,,
658723,2495,20.114,629,2198.12,,,,
659081,2496,11.155,358,2198.79,,,,
659575,2497,15.4,494,2202.17,,,,
659920,2498,10.666,345,2202.83,,,,
660644,2499,21.988,724,2207.58,,,,
661644,2500,29.601,1000,2211.84,,,,
661873,2501,6.753,229,2212.26,,,,
662227,2502,10.859,354,2212.94,,,,
662499,2503,8.186,272,2213.45,,,,
662938,2504,13.59,439,2214.25,,,,
663244,2505,9.214,306,2214.81,,,,
663728,2506,14.772,484,2217.53,,,,
664090,2507,11.315,362,2218.16,,,,
665090,2508,30.091,1000,2220.04,,,,
665396,2509,9.132,306,2220.59,,,,
666051,2510,20.192,655,2224.35,,,,
666388,2511,10.261,337,2225.0,,,,
666861,2512,14.838,473,2225.91,,,,
667115,2513,7.781,254,2226.37,,,,
667390,2514,8.315,275,2226.85,,,,
667644,2515,7.861,254,2227.31,,,,
668401,2516,23.264,757,2231.21,,,,
668839,2517,13.658,438,2232.01,,,,
669330,2518,15.393,491,2232.91,,,,
669625,2519,9.055,295,2233.45,,,,
670266,2520,17.978,641,2239.39,,,,
670509,2521,7.326,243,2239.84,,,,
670743,2522,6.918,234,2240.25,,,,
671073,2523,10.794,330,2240.87,,,,
671371,2524,9.081,298,2241.43,,,,
671712,2525,10.551,341,2242.11,,,,
672011,2526,9.024,299,2245.27,,,,
672264,2527,7.716,253,2245.7,,,,
672736,2528,14.576,472,2246.53,,,,
672951,2529,6.066,215,2246.93,,,,
673328,2530,11.634,377,2247.58,,,,
673680,2531,10.811,352,2248.19,,,,
673928,2532,7.462,248,2250.55,,,,
674353,2533,12.46,425,2251.3,,,,
674692,2534,10.377,339,2251.87,,,,
675008,2535,9.764,316,2252.4,,,,
675832,2536,24.397,824,2253.84,,,,
676445,2537,19.581,613,2256.91,,,,
676762,2538,9.778,317,2257.47,,,,
677037,2539,8.49,275,2257.95,,,,
677418,2540,12.185,381,2258.6,,,,
677527,2541,2.212,109,2258.78,,,,
677849,2542,8.123,322,2259.33,,,,
678101,2543,7.593,252,2262.04,,,,
678486,2544,12.596,385,2262.71,,,,
678753,2545,8.301,267,2263.17,,,,
679152,2546,12.582,399,2263.87,,,,
679695,2547,17.075,543,2264.82,,,,
680383,2548,21.458,688,2270.87,,,,
680775,2549,12.05,392,2271.59,,,,
680969,2550,4.814,194,2271.93,,,,
681969,2551,28.444,1000,2273.69,,,,
682280,2552,9.453,311,2276.59,,,,
682602,2553,9.352,322,2277.22,,,,
682975,2554,11.622,373,2277.99,,,,
683443,2555,14.856,468,2278.89,,,,
683667,2556,6.565,224,2279.33,,,,
684341,2557,19.463,674,2283.11,,,,
684690,2558,11.172,349,2283.86,,,,
685004,2559,9.405,314,2284.55,,,,
685462,2560,14.475,458,2285.49,,,,
685702,2561,7.251,240,2285.93,,,,
686063,2562,11.356,361,2286.65,,,,
686363,2563,9.256,300,2289.71,,,,
686565,2564,5.776,202,2290.07,,,,
687063,2565,15.067,498,2291.02,,,,
687343,2566,8.737,280,2291.65,,,,
687736,2567,12.341,393,2292.4,,,,
688171,2568,13.447,435,2295.74,,,,
688393,2569,6.503,222,2296.18,,,,
688778,2570,11.535,385,2296.97,,,,
689128,2571,9.799,350,2297.7,,,,
689392,2572,7.906,264,2298.24,,,,
689642,2573,7.661,250,2298.78,,,,
689874,2574,6.903,232,2299.28,,,,
690167,2575,9.085,293,2302.43,,,,
690451,2576,8.862,284,2305.52,,,,
690678,2577,6.766,227,2306.1,,,,
691227,2578,17.036,549,2307.05,,,,
691721,2579,15.437,494,2308.11,,,,
692575,2580,26.296,854,2312.41,,,,
692897,2581,9.655,322,2312.96,,,,
693301,2582,12.17,404,2313.66,,,,
693586,2583,8.79,285,2314.27,,,,
694381,2584,24.819,795,2318.62,,,,
694661,2585,7.57,280,2319.28,,,,
695219,2586,17.627,558,2320.44,,,,
696123,2587,27.855,904,2322.05,,,,
696520,2588,12.459,397,2325.16,,,,
696768,2589,7.649,248,2325.59,,,,
697095,2590,10.277,327,2326.27,,,,
697451,2591,10.964,356,2327.17,,,,
698256,2592,25.21,805,2328.68,,,,
698568,2593,9.471,312,2331.97,,,,
699026,2594,13.162,458,2332.76,,,,
699290,2595,8.181,264,2333.21,,,,
699901,2596,19.326,611,2334.45,,,,
700198,2597,9.04,297,2338.04,,,,
700485,2598,8.938,287,2340.37,,,,
701051,2599,17.724,566,2341.33,,,,
701369,2600,9.846,318,2341.9,,,,
701633,2601,7.963,264,2342.36,,,,
701968,2602,10.219,335,2342.96,,,,
702181,2603,6.015,213,2343.33,,,,
702403,2604,6.362,222,2343.72,,,,
703224,2605,25.709,821,2347.26,,,,
703625,2606,12.037,401,2347.97,,,,
704076,2607,14.021,451,2348.77,,,,
704744,2608,19.626,668,2352.2,,,,
705026,2609,7.999,282,2352.69,,,,
705429,2610,12.545,403,2353.41,,,,
705627,2611,5.188,198,2353.76,,,,
706509,2612,26.97,882,2355.32,,,,
706997,2613,14.54,488,2358.2,,,,
707295,2614,8.829,298,2358.72,,,,
707677,2615,10.9,382,2359.41,,,,
707994,2616,9.846,317,2359.99,,,,
708598,2617,17.309,604,2361.06,,,,
709290,2618,21.051,692,2364.21,,,,
709574,2619,8.8,284,2364.68,,,,
709876,2620,8.794,302,2365.22,,,,
710637,2621,21.988,761,2369.58,,,,
711240,2622,18.587,603,2373.06,,,,
711556,2623,9.541,316,2373.58,,,,
712128,2624,17.792,572,2374.57,,,,
712855,2625,20.056,727,2378.33,,,,
713302,2626,13.852,447,2379.09,,,,
713703,2627,10.46,401,2379.76,,,,
714281,2628,16.669,578,2380.75,,,,
714982,2629,21.782,701,2384.5,,,,
715396,2630,11.915,414,2385.19,,,,
715898,2631,14.876,502,2386.05,,,,
716184,2632,8.483,286,2386.57,,,,
716569,2633,11.848,385,2387.23,,,,
716834,2634,8.169,265,2390.21,,,,
717316,2635,14.93,482,2391.03,,,,
717631,2636,9.716,315,2391.56,,,,
717847,2637,4.908,216,2391.94,,,,
718227,2638,11.845,380,2392.6,,,,
718852,2639,18.82,625,2396.09,,,,
719228,2640,11.407,376,2396.76,,,,
719901,2641,21.13,673,2398.01,,,,
720415,2642,16.322,514,2403.91,,,,
720773,2643,10.875,358,2404.65,,,,
720986,2644,5.992,213,2407.27,,,,
721986,2645,30.22,1000,2409.08,,,,
722285,2646,9.488,299,2409.69,,,,
722771,2647,15.034,486,2410.52,,,,
723259,2648,14.481,488,2413.57,,,,
723821,2649,17.609,562,2414.53,,,,
724552,2650,21.951,731,2415.92,,,,
725122,2651,17.403,570,2419.43,,,,
725514,2652,12.354,392,2420.17,,,,
725966,2653,13.968,452,2421.05,,,,
726961,2654,31.188,995,2422.98,,,,
727948,2655,30.573,987,2426.79,,,,
728425,2656,15.341,477,2427.73,,,,
729120,2657,20.709,695,2431.38,,,,
729440,2658,10.098,320,2432.02,,,,
729833,2659,12.458,393,2432.78,,,,
730135,2660,9.473,302,2436.56,,,,
731028,2661,27.725,893,2438.24,,,,
731302,2662,8.488,274,2441.0,,,,
731552,2663,7.611,250,2441.46,,,,
732159,2664,18.476,607,2442.58,,,,
732545,2665,11.593,386,2443.3,,,,
732846,2666,8.995,301,2443.9,,,,
733161,2667,9.387,315,2444.55,,,,
733899,2668,22.413,738,2448.21,,,,
734386,2669,15.273,487,2449.18,,,,
734726,2670,10.423,340,2449.83,,,,
735127,2671,12.209,401,2450.57,,,,
735532,2672,13.064,405,2453.85,,,,
735875,2673,10.436,343,2454.58,,,,
736500,2674,19.538,625,2455.83,,,,
736974,2675,14.849,474,2456.68,,,,
737527,2676,17.393,553,2459.64,,,,
737912,2677,11.97,385,2460.31,,,,
738227,2678,9.359,315,2460.87,,,,
738589,2679,11.278,362,2461.51,,,,
739265,2680,21.072,676,2462.71,,,,
739741,2681,14.881,476,2465.9,,,,
740141,2682,12.34,400,2469.66,,,,
740438,2683,8.733,297,2470.25,,,,
740759,2684,9.018,321,2470.87,,,,
741221,2685,14.398,462,2471.79,,,,
741526,2686,9.598,305,2474.84,,,,
741933,2687,12.053,407,2475.58,,,,
742315,2688,12.008,382,2476.3,,,,
742733,2689,12.975,418,2477.06,,,,
743733,2690,29.483,1000,2481.42,,,,
744055,2691,9.619,322,2482.01,,,,
744364,2692,9.235,309,2482.58,,,,
744664,2693,9.134,300,2483.14,,,,
745033,2694,11.452,369,2483.84,,,,
745633,2695,18.848,600,2487.34,,,,
746108,2696,14.085,475,2488.32,,,,
746525,2697,13.171,417,2489.13,,,,
747005,2698,14.495,480,2490.13,,,,
747770,2699,22.215,765,2493.84,,,,
748042,2700,8.166,272,2494.3,,,,
748531,2701,15.046,489,2495.16,,,,
748843,2702,9.121,312,2495.76,,,,
749334,2703,15.112,491,2496.73,,,,
749681,2704,10.771,347,2499.68,,,,
750064,2705,11.61,383,2503.7,,,,
750466,2706,12.45,402,2504.48,,,,
750865,2707,12.605,399,2505.22,,,,
751056,2708,5.246,191,2505.58,,,,
751294,2709,6.965,238,2506.01,,,,
751537,2710,7.214,243,2506.46,,,,
752060,2711,15.659,523,2509.52,,,,
752354,2712,9.064,294,2510.04,,,,
752681,2713,9.89,327,2510.61,,,,
752963,2714,8.539,282,2511.14,,,,
753243,2715,8.658,280,2511.68,,,,
753663,2716,13.305,420,2512.46,,,,
754028,2717,10.049,365,2515.4,,,,
754524,2718,14.735,496,2516.29,,,,
754809,2719,8.749,285,2516.81,,,,
755214,2720,12.4,405,2517.5,,,,
755568,2721,10.838,354,2518.14,,,,
755918,2722,10.87,350,2520.96,,,,
756254,2723,10.042,336,2521.56,,,,
756657,2724,12.547,403,2522.28,,,,
757415,2725,23.667,758,2523.69,,,,
757685,2726,8.36,270,2524.16,,,,
758560,2727,25.979,875,2527.74,,,,
758902,2728,10.59,342,2528.34,,,,
759144,2729,7.276,242,2528.78,,,,
760008,2730,25.355,864,2535.18,,,,
760392,2731,12.109,384,2535.9,,,,
760715,2732,9.756,323,2536.5,,,,
761166,2733,12.355,451,2537.35,,,,
761373,2734,5.805,207,2537.72,,,,
761655,2735,8.719,282,2538.22,,,,
762074,2736,12.727,419,2541.22,,,,
762368,2737,8.832,294,2541.74,,,,
762698,2738,10.422,330,2542.32,,,,
762972,2739,8.628,274,2542.8,,,,
763132,2740,3.793,160,2543.09,,,,
763365,2741,6.902,233,2543.5,,,,
763560,2742,5.405,195,2543.85,,,,
763894,2743,9.979,334,2544.44,,,,
764505,2744,19.098,611,2548.14,,,,
765068,2745,15.029,563,2549.16,,,,
766068,2746,29.681,1000,2553.58,,,,
766535,2747,14.449,467,2554.41,,,,
767431,2748,27.108,896,2556.0,,,,
767973,2749,16.944,542,2556.97,,,,
768345,2750,11.277,372,2559.58,,,,
768586,2751,7.016,241,2560.0,,,,
769586,2752,29.159,1000,2561.75,,,,
769889,2753,9.245,303,2562.31,,,,
770493,2754,18.945,604,2569.07,,,,
771131,2755,18.948,638,2570.28,,,,
771332,2756,5.562,201,2570.64,,,,
771766,2757,13.776,434,2571.42,,,,
772765,2758,30.169,999,2575.1,,,,
773128,2759,11.257,363,2575.75,,,,
774128,2760,30.016,1000,2577.59,,,,
774649,2761,15.604,521,2580.45,,,,
775451,2762,23.995,802,2581.91,,,,
775795,2763,10.597,344,2582.52,,,,
776647,2764,26.947,852,2586.6,,,,
777647,2765,28.578,1000,2588.38,,,,
777987,2766,10.304,340,2588.98,,,,
778270,2767,8.543,283,2591.45,,,,
778501,2768,6.344,231,2591.84,,,,
778943,2769,13.92,442,2592.59,,,,
779410,2770,14.571,467,2593.42,,,,
779662,2771,7.497,252,2593.87,,,,
779869,2772,5.807,207,2594.23,,,,
780153,2773,8.628,284,2598.37,,,,
781097,2774,29.466,944,2602.67,,,,
781526,2775,13.772,429,2603.49,,,,
782295,2776,23.182,769,2604.87,,,,
782567,2777,8.268,272,2607.62,,,,
783125,2778,17.509,558,2608.63,,,,
783328,2779,5.609,203,2609.0,,,,
784328,2780,29.325,1000,2610.73,,,,
785328,2781,30.028,1000,2614.28,,,,
785947,2782,18.748,619,2615.33,,,,
786351,2783,12.423,404,2616.01,,,,
786646,2784,9.067,295,2618.47,,,,
786987,2785,10.311,341,2619.06,,,,
787737,2786,23.248,750,2620.35,,,,
788084,2787,10.687,347,2620.96,,,,
788461,2788,11.377,377,2621.61,,,,
788921,2789,13.937,460,2624.62,,,,
789157,2790,6.815,236,2625.03,,,,
789642,2791,15.074,485,2625.88,,,,
789917,2792,8.419,275,2626.36,,,,
790196,2793,8.417,279,2629.67,,,,
790537,2794,10.376,341,2632.61,,,,
790955,2795,12.839,418,2633.35,,,,
791336,2796,11.769,381,2634.02,,,,
791778,2797,13.303,442,2634.78,,,,
792089,2798,9.835,311,2635.36,,,,
792410,2799,9.328,321,2636.01,,,,
792682,2800,7.988,272,2638.98,,,,
793350,2801,20.366,668,2640.32,,,,
793651,2802,9.126,301,2640.85,,,,
794085,2803,13.237,434,2641.62,,,,
794362,2804,8.321,277,2642.14,,,,
794775,2805,12.428,413,2645.4,,,,
795226,2806,13.846,451,2646.38,,,,
795490,2807,8.042,264,2646.88,,,,
795852,2808,10.877,362,2647.58,,,,
796131,2809,8.439,279,2648.13,,,,
796838,2810,21.898,707,2651.96,,,,
797146,2811,9.457,308,2652.62,,,,
797479,2812,10.527,333,2653.32,,,,
798159,2813,21.003,680,2654.77,,,,
798659,2814,15.84,500,2655.84,,,,
799049,2815,12.025,390,2659.0,,,,
799532,2816,14.788,483,2659.98,,,,
799960,2817,13.451,428,2660.85,,,,
800237,2818,8.399,277,2664.87,,,,
800579,2819,10.358,342,2665.53,,,,
801145,2820,17.714,566,2669.0,,,,
801445,2821,8.982,300,2669.58,,,,
802148,2822,21.49,703,2670.81,,,,
802759,2823,18.661,611,2672.01,,,,
803037,2824,8.551,278,2675.23,,,,
803420,2825,11.794,383,2676.11,,,,
803760,2826,10.288,340,2676.79,,,,
804061,2827,8.861,301,2677.39,,,,
804432,2828,11.295,371,2678.09,,,,
804795,2829,11.301,363,2678.74,,,,
805372,2830,17.522,577,2682.5,,,,
805852,2831,14.867,480,2683.56,,,,
806848,2832,29.533,996,2685.56,,,,
807196,2833,10.664,348,2688.95,,,,
807950,2834,22.389,754,2690.37,,,,
808315,2835,11.151,365,2691.05,,,,
809140,2836,25.425,825,2695.43,,,,
809570,2837,13.667,430,2696.16,,,,
810570,2838,29.423,1000,2702.61,,,,
810931,2839,11.088,361,2703.24,,,,
811300,2840,11.351,369,2706.23,,,,
811659,2841,10.959,359,2706.84,,,,
812077,2842,12.421,418,2707.57,,,,
813077,2843,28.19,1000,2711.35,,,,
813598,2844,16.219,521,2712.31,,,,
814155,2845,17.271,557,2713.28,,,,
814692,2846,16.404,537,2714.24,,,,
814943,2847,7.528,251,2714.67,,,,
815172,2848,6.578,229,2717.18,,,,
815547,2849,11.512,375,2717.82,,,,
815862,2850,9.551,315,2718.37,,,,
816119,2851,7.754,257,2718.83,,,,
816926,2852,24.21,807,2720.29,,,,
817188,2853,7.986,262,2723.08,,,,
817683,2854,15.091,495,2723.93,,,,
818683,2855,28.297,1000,2725.67,,,,
819349,2856,20.358,666,2729.37,,,,
819644,2857,8.968,295,2729.95,,,,
820046,2858,11.887,402,2733.55,,,,
820386,2859,10.703,340,2734.14,,,,
820657,2860,8.36,271,2734.62,,,,
821038,2861,11.909,381,2735.39,,,,
821987,2862,28.662,949,2739.66,,,,
822581,2863,18.278,594,2740.69,,,,
823222,2864,19.73,641,2741.78,,,,
823674,2865,13.888,452,2745.04,,,,
824025,2866,10.833,351,2745.64,,,,
824270,2867,6.359,245,2746.05,,,,
824823,2868,16.751,553,2747.05,,,,
825575,2869,22.915,752,2750.86,,,,
825917,2870,10.222,342,2751.43,,,,
826145,2871,6.519,228,2751.84,,,,
826505,2872,10.931,360,2752.47,,,,
826888,2873,11.96,383,2753.14,,,,
827331,2874,13.778,443,2753.92,,,,
828208,2875,24.717,877,2757.64,,,,
829208,2876,27.685,1000,2759.45,,,,
829879,2877,20.351,671,2762.53,,,,
830350,2878,14.497,471,2767.4,,,,
831070,2879,22.409,720,2768.7,,,,
831659,2880,18.065,589,2771.87,,,,
832008,2881,10.625,349,2772.54,,,,
832446,2882,13.482,438,2773.39,,,,
833332,2883,26.435,886,2774.98,,,,
833854,2884,16.299,522,2777.86,,,,
834558,2885,21.658,704,2779.11,,,,
835164,2886,18.541,606,2780.16,,,,
835678,2887,13.392,514,2783.53,,,,
836056,2888,11.67,378,2784.22,,,,
836840,2889,23.618,784,2785.67,,,,
837076,2890,6.52,236,2786.11,,,,
837296,2891,6.298,220,2786.54,,,,
837566,2892,8.191,270,2787.08,,,,
838307,2893,22.215,741,2790.96,,,,
838834,2894,15.6,527,2791.98,,,,
839217,2895,11.851,383,2792.72,,,,
839550,2896,9.655,333,2793.39,,,,
839967,2897,12.883,417,2796.49,,,,
840865,2898,25.924,898,2802.19,,,,
841235,2899,9.839,370,2802.94,,,,
842087,2900,25.715,852,2807.14,,,,
842611,2901,16.043,524,2808.17,,,,
843090,2902,14.606,479,2809.08,,,,
843370,2903,8.523,280,2809.63,,,,
843661,2904,8.933,291,2810.19,,,,
844008,2905,10.677,347,2813.07,,,,
844542,2906,15.963,534,2814.14,,,,
845542,2907,30.67,1000,2816.0,,,,
845825,2908,8.57,283,2818.93,,,,
845958,2909,2.417,133,2819.21,,,,
846515,2910,17.026,557,2820.25,,,,
847101,2911,18.273,586,2821.32,,,,
848033,2912,28.148,932,2825.39,,,,
848407,2913,10.075,374,2826.06,,,,
848873,2914,14.304,466,2826.94,,,,
849480,2915,17.917,607,2828.08,,,,
849715,2916,6.944,235,2828.5,,,,
850379,2917,20.196,664,2835.32,,,,
850656,2918,8.411,277,2835.87,,,,
851095,2919,13.904,439,2836.67,,,,
851682,2920,16.381,587,2837.8,,,,
852682,2921,29.399,1000,2841.98,,,,
853047,2922,11.363,365,2842.66,,,,
853387,2923,10.775,340,2843.26,,,,
854346,2924,27.272,959,2847.22,,,,
854867,2925,14.654,521,2848.14,,,,
855216,2926,10.414,349,2848.77,,,,
855705,2927,15.154,489,2849.66,,,,
856067,2928,10.784,362,2852.57,,,,
856482,2929,10.876,415,2853.33,,,,
857482,2930,28.204,1000,2855.2,,,,
858126,2931,19.697,644,2858.66,,,,
858368,2932,7.021,242,2859.08,,,,
858767,2933,12.349,399,2859.85,,,,
859767,2934,29.315,1000,2861.71,,,,
860048,2935,8.373,281,2866.53,,,,
860451,2936,12.038,403,2869.47,,,,
861067,2937,18.797,616,2870.56,,,,
861424,2938,11.012,357,2871.2,,,,
861845,2939,11.411,421,2871.98,,,,
862242,2940,12.221,397,2874.71,,,,
862740,2941,14.994,498,2875.6,,,,
863619,2942,24.989,879,2877.2,,,,
863931,2943,9.29,312,2877.75,,,,
864238,2944,9.416,307,2878.3,,,,
864628,2945,11.729,390,2881.27,,,,
865113,2946,14.77,485,2882.12,,,,
865813,2947,21.354,700,2883.35,,,,
866133,2948,9.514,320,2883.9,,,,
866559,2949,12.982,426,2886.98,,,,
867082,2950,15.349,523,2887.88,,,,
867328,2951,7.327,246,2888.33,,,,
867721,2952,12.146,393,2889.02,,,,
868045,2953,10.298,324,2889.6,,,,
869045,2954,29.423,1000,2893.78,,,,
870045,2955,28.418,1000,2900.24,,,,
870510,2956,14.342,465,2903.3,,,,
871192,2957,19.505,682,2904.5,,,,
871594,2958,13.003,402,2905.23,,,,
872040,2959,13.859,446,2906.01,,,,
873040,2960,29.289,1000,2910.42,,,,
873408,2961,11.12,368,2911.08,,,,
874133,2962,21.969,725,2912.35,,,,
875043,2963,27.163,910,2916.64,,,,
875407,2964,11.289,364,2917.29,,,,
875853,2965,13.75,446,2918.1,,,,
876644,2966,24.024,791,2921.36,,,,
876972,2967,10.068,328,2921.93,,,,
877433,2968,13.9,461,2922.79,,,,
877816,2969,11.779,383,2923.49,,,,
878004,2970,5.117,188,2923.83,,,,
878658,2971,20.109,654,2926.89,,,,
878966,2972,9.535,308,2927.42,,,,
879517,2973,16.111,551,2928.43,,,,
880096,2974,17.526,579,2933.26,,,,
880729,2975,18.682,633,2936.59,,,,
881158,2976,13.265,429,2937.39,,,,
881380,2977,6.25,222,2937.79,,,,
881699,2978,7.973,319,2938.4,,,,
882197,2979,14.979,498,2939.37,,,,
882613,2980,12.439,416,2940.13,,,,
882900,2981,8.742,287,2943.03,,,,
883358,2982,13.831,458,2943.84,,,,
883706,2983,10.701,348,2944.47,,,,
884369,2984,20.139,663,2945.68,,,,
884633,2985,7.981,264,2946.14,,,,
885019,2986,11.852,386,2949.44,,,,
885706,2987,21.269,687,2950.68,,,,
886021,2988,9.866,315,2951.27,,,,
886586,2989,17.137,565,2952.28,,,,
886947,2990,10.908,361,2955.52,,,,
887206,2991,7.896,259,2956.0,,,,
887410,2992,5.756,204,2956.36,,,,
888010,2993,18.44,600,2957.43,,,,
888269,2994,7.81,259,2957.91,,,,
889131,2995,26.559,862,2961.94,,,,
889919,2996,23.728,788,2963.4,,,,
890127,2997,5.784,208,2966.86,,,,
890416,2998,8.785,289,2967.37,,,,
890648,2999,6.786,232,2967.77,,,,
891107,3000,13.799,459,2970.72,,,,
891617,3001,15.234,510,2971.62,,,,
892248,3002,19.596,631,2972.71,,,,
892952,3003,20.865,704,2975.67,,,,
893739,3004,23.563,787,2977.01,,,,
894089,3005,10.668,350,2977.63,,,,
894650,3006,17.029,561,2978.65,,,,
894995,3007,10.433,345,2981.27,,,,
895619,3008,18.712,624,2982.33,,,,
896032,3009,12.505,413,2983.03,,,,
896373,3010,10.415,341,2983.62,,,,
897031,3011,19.564,658,2986.93,,,,
897464,3012,12.506,433,2987.72,,,,
897954,3013,14.638,490,2988.57,,,,
898311,3014,10.874,357,2989.19,,,,
898682,3015,11.345,371,2989.83,,,,
899192,3016,15.486,510,2992.75,,,,
899519,3017,9.867,327,2993.31,,,,
900509,3018,30.557,990,2998.34,,,,
900777,3019,8.034,268,2998.86,,,,
901088,3020,9.042,311,2999.56,,,,
901541,3021,13.308,453,3003.02,,,,
901961,3022,12.969,420,3003.9,,,,
902281,3023,9.952,320,3004.62,,,,
902588,3024,9.033,307,3005.21,,,,
903001,3025,12.714,413,3006.0,,,,
903210,3026,5.858,209,3008.89,,,,
903743,3027,16.748,533,3009.98,,,,
904058,3028,7.954,315,3010.61,,,,
904411,3029,10.628,353,3011.31,,,,
904683,3030,8.31,272,3011.82,,,,
904970,3031,8.78,287,3012.35,,,,
905255,3032,8.477,285,3015.4,,,,
905823,3033,17.377,568,3016.51,,,,
906154,3034,10.02,331,3017.28,,,,
906616,3035,14.037,462,3018.33,,,,
906930,3036,9.252,314,3018.95,,,,
907751,3037,24.138,821,3022.93,,,,
908157,3038,12.277,406,3023.78,,,,
909157,3039,28.709,1000,3025.94,,,,
909565,3040,12.467,408,3029.44,,,,
909983,3041,12.686,418,3030.33,,,,
910383,3042,11.846,400,3035.04,,,,
910773,3043,11.725,390,3035.78,,,,
911269,3044,14.657,496,3036.81,,,,
912060,3045,23.882,791,3041.0,,,,
912309,3046,7.555,249,3041.63,,,,
912540,3047,6.626,231,3042.09,,,,
912906,3048,11.15,366,3043.02,,,,
913431,3049,15.804,525,3046.56,,,,
913766,3050,10.223,335,3047.34,,,,
914128,3051,10.861,362,3047.98,,,,
914424,3052,8.782,296,3048.61,,,,
914703,3053,8.556,279,3049.14,,,,
915038,3054,10.322,335,3049.82,,,,
915675,3055,19.286,637,3053.85,,,,
915858,3056,4.941,183,3054.18,,,,
916309,3057,13.84,451,3054.98,,,,
916778,3058,14.201,469,3055.84,,,,
917294,3059,15.173,516,3056.76,,,,
917689,3060,12.294,395,3059.45,,,,
918024,3061,10.02,335,3060.03,,,,
918293,3062,8.13,269,3060.49,,,,
918788,3063,15.411,495,3061.37,,,,
919089,3064,9.066,301,3061.88,,,,
919430,3065,10.469,341,3062.47,,,,
919662,3066,6.791,232,3065.17,,,,
919938,3067,8.495,276,3065.67,,,,
920319,3068,11.622,381,3069.26,,,,
920660,3069,10.379,341,3069.86,,,,
921132,3070,14.711,472,3070.71,,,,
921502,3071,11.267,370,3071.37,,,,
921721,3072,6.241,219,3073.71,,,,
922054,3073,10.125,333,3074.29,,,,
922362,3074,9.155,308,3074.81,,,,
922784,3075,12.878,422,3075.54,,,,
923101,3076,9.563,317,3076.1,,,,
923363,3077,7.992,262,3076.56,,,,
923770,3078,12.808,407,3079.53,,,,
924055,3079,8.439,285,3080.03,,,,
924419,3080,10.991,364,3080.69,,,,
925169,3081,22.578,750,3082.0,,,,
925521,3082,10.288,352,3082.62,,,,
925810,3083,8.763,289,3085.24,,,,
926176,3084,11.593,366,3085.89,,,,
926471,3085,8.814,295,3086.41,,,,
926737,3086,7.978,266,3086.88,,,,
927055,3087,9.444,318,3087.48,,,,
927264,3088,5.829,209,3087.85,,,,
927602,3089,10.053,338,3088.44,,,,
927843,3090,7.078,241,3091.26,,,,
928485,3091,19.727,642,3092.43,,,,
928797,3092,9.317,312,3092.98,,,,
929094,3093,8.613,297,3093.51,,,,
929357,3094,7.847,263,3093.99,,,,
929740,3095,11.558,383,3094.67,,,,
930043,3096,9.331,303,3100.63,,,,
930511,3097,14.271,468,3101.5,,,,
930859,3098,10.634,348,3102.12,,,,
931118,3099,7.833,259,3102.59,,,,
931914,3100,24.474,796,3106.49,,,,
932456,3101,15.508,542,3107.45,,,,
932831,3102,11.597,375,3108.1,,,,
933245,3103,12.657,414,3108.83,,,,
933462,3104,6.169,217,3109.22,,,,
933739,3105,8.146,277,3109.71,,,,
934003,3106,7.897,264,3112.73,,,,
934264,3107,7.823,261,3113.21,,,,
934590,3108,9.702,326,3113.76,,,,
934798,3109,5.801,208,3114.12,,,,
935038,3110,7.007,240,3114.53,,,,
935376,3111,9.897,338,3115.13,,,,
935824,3112,13.615,448,3115.91,,,,
936136,3113,9.211,312,3118.51,,,,
936579,3114,13.641,443,3119.3,,,,
937166,3115,18.117,587,3120.39,,,,
937601,3116,13.219,435,3121.25,,,,
938417,3117,24.892,816,3125.07,,,,
938743,3118,10.122,326,3125.67,,,,
939128,3119,12.085,385,3126.4,,,,
939618,3120,14.931,490,3127.3,,,,
939962,3121,10.289,344,3127.93,,,,
940240,3122,8.211,278,3133.82,,,,
940536,3123,8.813,296,3134.32,,,,
940868,3124,9.914,332,3134.89,,,,
941480,3125,18.645,612,3136.0,,,,
942172,3126,20.994,692,3139.73,,,,
942520,3127,10.492,348,3140.43,,,,
942794,3128,8.227,274,3140.95,,,,
943024,3129,6.606,230,3141.39,,,,
943828,3130,24.6,804,3142.85,,,,
944423,3131,18.435,595,3146.39,,,,
944656,3132,6.794,233,3146.83,,,,
945069,3133,12.311,413,3147.65,,,,
945487,3134,12.264,418,3148.48,,,,
945818,3135,10.019,331,3149.17,,,,
946147,3136,10.183,329,3149.86,,,,
946935,3137,24.274,788,3153.63,,,,
947528,3138,18.241,593,3154.77,,,,
947877,3139,10.75,349,3155.46,,,,
948241,3140,11.14,364,3158.45,,,,
948868,3141,18.79,627,3159.66,,,,
949227,3142,10.725,359,3160.38,,,,
949553,3143,9.671,326,3160.98,,,,
949918,3144,11.018,365,3161.71,,,,
950311,3145,11.839,393,3168.09,,,,
950724,3146,12.434,413,3168.9,,,,
951460,3147,21.534,736,3170.3,,,,
951884,3148,12.723,424,3171.14,,,,
952687,3149,24.187,803,3174.97,,,,
953114,3150,12.769,427,3175.75,,,,
953794,3151,20.384,680,3177.05,,,,
954082,3152,8.557,288,3177.57,,,,
954274,3153,5.16,192,3177.92,,,,
954572,3154,8.833,298,3180.9,,,,
954935,3155,10.896,363,3181.55,,,,
955718,3156,23.836,783,3182.98,,,,
955921,3157,5.659,203,3183.35,,,,
956331,3158,12.199,410,3184.14,,,,
956871,3159,16.315,540,3187.62,,,,
957620,3160,22.645,749,3188.95,,,,
958028,3161,12.377,408,3189.71,,,,
958376,3162,10.486,348,3190.38,,,,
959197,3163,25.074,821,3194.26,,,,
959507,3164,9.543,310,3194.83,,,,
959774,3165,7.919,267,3195.32,,,,
960037,3166,7.884,263,3199.29,,,,
960767,3167,20.942,730,3202.82,,,,
961157,3168,11.535,390,3203.51,,,,
961532,3169,11.331,375,3204.18,,,,
961819,3170,8.646,287,3204.7,,,,
962084,3171,8.014,265,3205.17,,,,
962658,3172,17.442,574,3208.64,,,,
962962,3173,9.251,304,3209.18,,,,
963240,3174,8.537,278,3209.68,,,,
963668,3175,13.469,428,3210.43,,,,
963949,3176,8.423,281,3210.94,,,,
964919,3177,28.507,970,3214.61,,,,
965262,3178,9.727,343,3215.24,,,,
965711,3179,13.329,449,3216.06,,,,
966080,3180,10.835,369,3216.73,,,,
966489,3181,12.391,409,3217.53,,,,
966868,3182,11.549,379,3220.09,,,,
967130,3183,7.711,262,3220.53,,,,
967583,3184,12.956,453,3221.38,,,,
968060,3185,14.468,477,3222.26,,,,
968821,3186,22.297,761,3226.07,,,,
969178,3187,10.8,357,3226.71,,,,
969790,3188,16.57,612,3227.82,,,,
970110,3189,9.571,320,3234.46,,,,
971091,3190,28.93,981,3238.61,,,,
971465,3191,11.423,374,3239.29,,,,
971785,3192,9.774,320,3239.87,,,,
972150,3193,10.998,365,3240.55,,,,
972795,3194,19.756,645,3241.7,,,,
973208,3195,11.863,413,3244.7,,,,
973668,3196,14.201,460,3245.51,,,,
974038,3197,10.587,370,3246.19,,,,
974337,3198,8.812,299,3246.72,,,,
975257,3199,26.828,920,3250.67,,,,
975738,3200,14.43,481,3251.55,,,,
976071,3201,9.88,333,3252.15,,,,
976601,3202,16.189,530,3253.07,,,,
976944,3203,10.316,343,3255.92,,,,
977744,3204,24.574,800,3257.33,,,,
978199,3205,14.081,455,3258.15,,,,
979118,3206,27.472,919,3261.72,,,,
979797,3207,20.808,679,3262.96,,,,
980269,3208,14.19,472,3267.14,,,,
980879,3209,16.911,610,3268.27,,,,
981234,3210,10.384,355,3271.41,,,,
981500,3211,7.91,266,3271.9,,,,
981821,3212,9.805,321,3272.48,,,,
982821,3213,30.24,1000,3274.24,,,,
983017,3214,5.232,196,3274.61,,,,
983300,3215,8.581,283,3277.3,,,,
983586,3216,8.377,286,3277.86,,,,
984089,3217,15.108,503,3278.79,,,,
984455,3218,11.117,366,3279.44,,,,
984856,3219,12.243,401,3280.21,,,,
985734,3220,26.56,878,3283.67,,,,
985997,3221,8.007,263,3284.15,,,,
986279,3222,8.441,282,3284.68,,,,
987032,3223,23.161,753,3286.07,,,,
987869,3224,24.966,837,3290.17,,,,
988185,3225,9.623,316,3290.78,,,,
988572,3226,11.698,387,3291.48,,,,
988793,3227,6.249,221,3291.92,,,,
989283,3228,15.145,490,3295.56,,,,
990277,3229,29.88,994,3301.22,,,,
990961,3230,19.971,684,3302.48,,,,
991428,3231,13.916,467,3305.87,,,,
991881,3232,13.434,453,3306.67,,,,
992291,3233,12.495,410,3307.4,,,,
992979,3234,18.705,688,3308.63,,,,
993573,3235,17.814,594,3312.34,,,,
993940,3236,11.192,367,3313.06,,,,
994610,3237,19.266,670,3314.27,,,,
994886,3238,8.399,276,3314.8,,,,
995245,3239,10.793,359,3315.47,,,,
996088,3240,25.205,843,3318.97,,,,
996285,3241,5.432,197,3319.32,,,,
996650,3242,11.226,365,3319.96,,,,
996928,3243,8.373,278,3320.51,,,,
997600,3244,18.966,672,3323.61,,,,
998600,3245,29.421,1000,3325.46,,,,
998803,3246,5.639,203,3325.82,,,,
999218,3247,12.71,415,3326.54,,,,
999837,3248,18.625,619,3329.75,,,,
1000273,3249,13.185,436,3334.61,,,,
1000635,3250,10.509,362,3335.24,,,,
