timestep,episode,episode_reward,episode_length,wall_time,critic_loss,actor_loss,alpha_loss,alpha
15,0,-1.116,15,0.0,,,,
34,1,-4.714,19,0.01,,,,
63,2,4.091,29,0.01,,,,
81,3,-0.934,18,0.02,,,,
108,4,3.046,27,0.02,,,,
159,5,7.865,51,0.03,,,,
179,6,3.211,20,0.04,,,,
217,7,14.128,38,0.05,,,,
249,8,15.6,32,0.06,,,,
276,9,3.686,27,0.06,,,,
309,10,12.098,33,0.07,,,,
324,11,-0.768,15,0.07,,,,
338,12,-3.564,14,0.07,,,,
352,13,3.931,14,0.07,,,,
363,14,0.987,11,0.08,,,,
374,15,-0.519,11,0.08,,,,
389,16,-6.73,15,0.08,,,,
409,17,4.866,20,0.09,,,,
420,18,-2.705,11,0.09,,,,
432,19,-1.81,12,0.09,,,,
452,20,7.416,20,0.22,,,,
464,21,-2.007,12,0.23,,,,
492,22,-1.919,28,0.23,,,,
511,23,-0.165,19,0.24,,,,
548,24,22.879,37,0.25,,,,
564,25,-3.685,16,0.25,,,,
599,26,6.417,35,0.26,,,,
631,27,8.017,32,0.26,,,,
644,28,-0.376,13,0.27,,,,
662,29,-2.495,18,0.27,,,,
683,30,2.96,21,0.27,,,,
719,31,10.732,36,0.28,,,,
738,32,0.072,19,0.28,,,,
763,33,5.709,25,0.28,,,,
786,34,0.682,23,0.29,,,,
812,35,7.059,26,0.29,,,,
832,36,0.092,20,0.3,,,,
853,37,7.944,21,0.3,,,,
866,38,-3.481,13,0.3,,,,
880,39,-5.077,14,0.3,,,,
907,40,-3.291,27,0.31,,,,
932,41,-2.657,25,0.31,,,,
949,42,3.063,17,0.31,,,,
972,43,9.532,23,0.32,,,,
989,44,5.143,17,0.32,,,,
1001,45,-0.636,12,0.32,,,,
1031,46,7.819,30,0.33,,,,
1058,47,2.536,27,0.33,,,,
1101,48,0.432,43,0.34,,,,
1114,49,-1.543,13,0.34,,,,
1139,50,5.088,25,0.34,,,,
1153,51,0.178,14,0.35,,,,
1178,52,9.081,25,0.35,,,,
1188,53,-4.439,10,0.35,,,,
1208,54,10.614,20,0.36,,,,
1245,55,1.356,37,0.36,,,,
1256,56,-1.726,11,0.36,,,,
1266,57,-1.019,10,0.36,,,,
1291,58,14.969,25,0.37,,,,
1318,59,10.337,27,0.37,,,,
1332,60,3.03,14,0.38,,,,
1349,61,5.63,17,0.38,,,,
1364,62,-2.173,15,0.38,,,,
1383,63,5.66,19,0.38,,,,
1410,64,7.425,27,0.39,,,,
1428,65,-2.54,18,0.39,,,,
1444,66,2.008,16,0.39,,,,
1461,67,0.096,17,0.4,,,,
1477,68,6.095,16,0.4,,,,
1500,69,-2.214,23,0.4,,,,
1519,70,-0.879,19,0.41,,,,
1545,71,2.462,26,0.41,,,,
1555,72,-0.792,10,0.41,,,,
1577,73,2.056,22,0.42,,,,
1591,74,-3.252,14,0.42,,,,
1603,75,-1.541,12,0.42,,,,
1626,76,8.176,23,0.42,,,,
1638,77,-1.034,12,0.43,,,,
1656,78,4.871,18,0.43,,,,
1671,79,1.83,15,0.43,,,,
1698,80,3.229,27,0.44,,,,
1713,81,-1.603,15,0.44,,,,
1740,82,-0.662,27,0.44,,,,
1767,83,-4.766,27,0.45,,,,
1785,84,-1.372,18,0.45,,,,
1799,85,-6.021,14,0.45,,,,
1811,86,-3.069,12,0.46,,,,
1829,87,2.646,18,0.46,,,,
1845,88,3.211,16,0.46,,,,
1855,89,-0.429,10,0.46,,,,
1873,90,3.2,18,0.47,,,,
1889,91,2.004,16,0.47,,,,
1903,92,-4.305,14,0.47,,,,
1922,93,-3.552,19,0.47,,,,
1947,94,6.497,25,0.48,,,,
1961,95,0.783,14,0.48,,,,
1970,96,-2.715,9,0.48,,,,
1982,97,1.485,12,0.48,,,,
1999,98,0.578,17,0.49,,,,
2061,99,30.874,62,0.5,,,,
2083,100,4.631,22,0.5,,,,
2105,101,1.389,22,0.5,,,,
2119,102,-1.489,14,0.5,,,,
2136,103,-2.05,17,0.51,,,,
2153,104,2.93,17,0.51,,,,
2169,105,-0.954,16,0.51,,,,
2191,106,8.754,22,0.52,,,,
2205,107,2.642,14,0.52,,,,
2221,108,1.419,16,0.52,,,,
2231,109,-1.562,10,0.52,,,,
2248,110,1.993,17,0.52,,,,
2265,111,-2.274,17,0.53,,,,
2292,112,-7.055,27,0.53,,,,
2311,113,5.368,19,0.53,,,,
2331,114,-0.003,20,0.54,,,,
2346,115,-2.043,15,0.54,,,,
2360,116,1.336,14,0.54,,,,
2388,117,8.651,28,0.55,,,,
2404,118,0.953,16,0.55,,,,
2425,119,6.512,21,0.55,,,,
2454,120,5.085,29,0.56,,,,
2491,121,21.353,37,0.56,,,,
2523,122,9.833,32,0.57,,,,
2543,123,-0.677,20,0.57,,,,
2561,124,-4.626,18,0.57,,,,
2583,125,-1.272,22,0.58,,,,
2593,126,-4.494,10,0.58,,,,
2605,127,-5.794,12,0.58,,,,
2635,128,2.192,30,0.59,,,,
2662,129,5.868,27,0.59,,,,
2675,130,1.938,13,0.59,,,,
2692,131,-6.309,17,0.59,,,,
2702,132,-3.525,10,0.6,,,,
2720,133,1.703,18,0.6,,,,
2738,134,2.292,18,0.6,,,,
2750,135,-3.527,12,0.6,,,,
2764,136,2.001,14,0.61,,,,
2782,137,4.449,18,0.61,,,,
2809,138,1.534,27,0.61,,,,
2823,139,-0.516,14,0.62,,,,
2833,140,-1.089,10,0.62,,,,
2863,141,-4.075,30,0.62,,,,
2881,142,6.241,18,0.63,,,,
2893,143,1.248,12,0.63,,,,
2909,144,-2.947,16,0.63,,,,
2930,145,-1.551,21,0.64,,,,
2950,146,-4.897,20,0.64,,,,
2964,147,-0.38,14,0.64,,,,
2981,148,3.762,17,0.65,,,,
3009,149,9.052,28,0.65,,,,
3026,150,4.604,17,0.65,,,,
3054,151,3.64,28,0.66,,,,
3072,152,-7.365,18,0.66,,,,
3091,153,0.873,19,0.66,,,,
3100,154,-2.959,9,0.66,,,,
3135,155,15.454,35,0.67,,,,
3151,156,-6.296,16,0.67,,,,
3179,157,-5.724,28,0.68,,,,
3202,158,1.93,23,0.68,,,,
3224,159,5.756,22,0.68,,,,
3249,160,2.213,25,0.69,,,,
3276,161,7.371,27,0.69,,,,
3301,162,-2.41,25,0.69,,,,
3317,163,2.002,16,0.7,,,,
3371,164,18.649,54,0.71,,,,
3387,165,3.838,16,0.71,,,,
3422,166,11.913,35,0.71,,,,
3432,167,-2.806,10,0.71,,,,
3450,168,2.4,18,0.72,,,,
3469,169,0.78,19,0.72,,,,
3498,170,4.104,29,0.73,,,,
3520,171,-4.617,22,0.73,,,,
3533,172,-5.757,13,0.73,,,,
3556,173,5.371,23,0.73,,,,
3567,174,0.819,11,0.74,,,,
3591,175,8.465,24,0.74,,,,
3604,176,-2.132,13,0.74,,,,
3618,177,-4.15,14,0.74,,,,
3645,178,2.567,27,0.75,,,,
3664,179,-0.817,19,0.75,,,,
3712,180,15.182,48,0.76,,,,
3736,181,-4.073,24,0.76,,,,
3751,182,3.828,15,0.77,,,,
3777,183,-1.339,26,0.77,,,,
3799,184,-2.396,22,0.77,,,,
3822,185,-7.65,23,0.78,,,,
3840,186,1.985,18,0.78,,,,
3860,187,-5.334,20,0.78,,,,
3879,188,-10.02,19,0.79,,,,
3914,189,1.664,35,0.79,,,,
3932,190,6.956,18,0.8,,,,
3947,191,-4.56,15,0.8,,,,
3959,192,-0.592,12,0.8,,,,
3994,193,5.979,35,0.81,,,,
4010,194,4.959,16,0.81,,,,
4022,195,0.936,12,0.81,,,,
4033,196,-2.215,11,0.81,,,,
4044,197,-0.605,11,0.81,,,,
4060,198,-1.395,16,0.82,,,,
4078,199,4.0,18,0.82,,,,
4108,200,8.066,30,0.82,,,,
4140,201,5.228,32,0.83,,,,
4155,202,0.535,15,0.83,,,,
4176,203,9.418,21,0.83,,,,
4191,204,-0.182,15,0.84,,,,
4213,205,2.036,22,0.84,,,,
4238,206,4.273,25,0.85,,,,
4258,207,0.46,20,0.85,,,,
4269,208,-3.776,11,0.85,,,,
4282,209,-1.422,13,0.85,,,,
4309,210,1.613,27,0.86,,,,
4323,211,-1.275,14,0.86,,,,
4354,212,9.935,31,0.86,,,,
4370,213,3.177,16,0.87,,,,
4384,214,-1.704,14,0.87,,,,
4397,215,0.078,13,0.87,,,,
4415,216,3.097,18,0.87,,,,
4430,217,3.552,15,0.88,,,,
4440,218,-2.481,10,0.88,,,,
4457,219,3.158,17,0.88,,,,
4475,220,4.707,18,0.88,,,,
4488,221,-2.451,13,0.89,,,,
4503,222,4.379,15,0.89,,,,
4531,223,-3.271,28,0.89,,,,
4548,224,4.775,17,0.9,,,,
4569,225,3.587,21,0.9,,,,
4586,226,3.492,17,0.9,,,,
4614,227,-2.834,28,0.91,,,,
4635,228,3.376,21,0.91,,,,
4647,229,-1.527,12,0.91,,,,
4667,230,-4.139,20,0.91,,,,
4686,231,-0.714,19,0.92,,,,
4723,232,18.03,37,0.92,,,,
4735,233,-1.302,12,0.93,,,,
4748,234,-2.602,13,0.93,,,,
4770,235,1.88,22,0.93,,,,
4787,236,-0.753,17,0.93,,,,
4823,237,-3.458,36,0.94,,,,
4848,238,2.287,25,0.94,,,,
4882,239,2.67,34,0.95,,,,
4893,240,-3.752,11,0.95,,,,
4919,241,1.422,26,0.96,,,,
4930,242,-0.544,11,0.96,,,,
4952,243,4.071,22,0.96,,,,
4969,244,1.756,17,0.96,,,,
4995,245,4.128,26,0.97,,,,
5021,246,5.199,26,1.6,11.384531,-6.463902,9.725518,0.993373
5032,247,-1.656,11,1.74,7.699747,-7.488429,9.926891,0.990065
5043,248,-0.809,11,1.91,7.779291,-7.670193,9.930638,0.986771
5081,249,9.013,38,2.49,7.425833,-8.21261,9.859731,0.975546
5096,250,2.687,15,2.7,6.849234,-8.656205,9.779528,0.971181
5120,251,-8.958,24,3.06,7.368926,-8.840927,9.728659,0.964264
5138,252,3.158,18,3.32,6.604976,-9.116834,9.665354,0.959129
5153,253,-6.757,15,3.54,6.528342,-9.299218,9.619364,0.954883
5169,254,4.858,16,3.78,6.47173,-9.431895,9.557594,0.950392
5190,255,-2.83,21,4.09,6.28131,-9.597089,9.514875,0.944545
5228,256,4.952,38,4.63,5.579828,-9.909979,9.412966,0.934116
5294,257,10.324,66,5.66,4.790441,-10.419984,9.252173,0.916438
5362,258,19.269,68,6.68,4.329645,-11.093403,9.058491,0.898757
5397,259,2.415,35,7.18,4.253342,-11.552049,8.907611,0.889859
5460,260,65.167,63,8.14,4.348752,-11.931241,8.769665,0.874181
5545,261,30.018,85,9.33,4.21455,-12.722788,8.534583,0.853737
5583,262,-3.044,38,9.83,4.176113,-13.336429,8.353821,0.844845
5682,263,17.327,99,11.24,4.337345,-13.989831,8.156441,0.822353
5742,264,10.223,60,12.04,4.321535,-14.849821,7.89857,0.809228
5786,265,9.323,44,12.67,4.643035,-15.373905,7.758096,0.799799
5862,266,2.73,76,13.67,4.613523,-15.973941,7.593048,0.78393
5955,267,1.506,93,14.88,4.60123,-16.88922,7.344591,0.765221
6009,268,-7.286,54,15.63,4.701151,-17.66242,7.124895,0.754718
6236,269,295.261,227,18.85,5.010204,-19.236332,6.783917,0.712848
6378,270,11.496,142,21.09,5.419913,-21.265777,6.331868,0.688502
6477,271,-37.683,99,22.59,5.884411,-22.413383,6.066306,0.672257
6612,272,-5.132,135,24.4,6.104703,-23.52633,5.814676,0.65103
6814,273,54.703,202,27.04,6.519377,-25.367134,5.468366,0.62112
6969,274,237.425,155,28.98,7.217421,-27.212654,5.126285,0.59953
7098,275,-18.588,129,30.75,7.980918,-28.80413,4.88768,0.582346
7259,276,22.971,161,32.84,8.28162,-30.178126,4.646904,0.561867
7526,277,97.44,267,36.25,9.366856,-32.250399,4.349386,0.529856
7990,278,568.16,464,42.91,10.646435,-35.881409,3.89573,0.479293
8116,279,228.096,126,44.88,12.200685,-38.974224,3.587836,0.466493
8396,280,357.93,280,49.06,12.923276,-40.963062,3.410879,0.439219
8575,281,288.873,179,51.44,15.39538,-43.121896,3.221684,0.422621
8760,282,293.638,185,54.13,15.826186,-44.856511,3.076131,0.406115
8957,283,321.028,197,57.6,16.507206,-46.572587,2.932191,0.389267
9425,284,274.419,468,64.7,17.55616,-49.440857,2.698188,0.352018
9619,285,-2.077,194,67.57,20.121165,-51.42332,2.501659,0.337539
10526,286,560.39,907,84.43,20.422107,-54.515767,2.197898,0.277312
10718,287,71.287,192,87.71,20.994919,-57.378544,1.891721,0.266165
10942,288,105.918,224,91.23,22.159394,-58.003857,1.787157,0.253784
11318,289,246.982,376,96.73,22.894859,-59.230635,1.65654,0.234311
11807,290,560.739,489,103.83,24.454423,-61.163316,1.438658,0.21182
11940,291,45.0,133,105.81,25.133295,-62.652256,1.319915,0.206118
12057,292,154.689,117,107.48,27.364957,-62.95356,1.287568,0.201176
12227,293,269.54,170,109.64,29.47374,-63.619263,1.232769,0.194239
12351,294,204.263,124,111.13,32.2317,-64.179653,1.177542,0.189357
12553,295,88.316,202,113.77,32.087979,-65.030618,1.127468,0.181691
12726,296,284.408,173,116.08,32.293378,-65.406564,1.056638,0.17544
12897,297,55.629,171,118.26,29.045853,-66.07107,0.995034,0.169553
13240,298,222.937,343,122.94,29.913441,-66.934902,0.928943,0.158307
13499,299,272.698,259,126.69,30.830707,-67.728517,0.83753,0.150455
14193,300,546.596,694,136.36,31.611742,-68.914304,0.724133,0.131465
14603,301,211.105,410,141.36,32.008564,-70.097743,0.60333,0.121573
14770,302,292.267,167,143.63,34.84885,-70.707961,0.542017,0.117816
15043,303,367.214,273,147.52,33.041438,-71.179199,0.514352,0.111883
15296,304,449.116,253,150.99,33.234637,-71.868875,0.465918,0.106726
15432,305,209.755,136,153.04,35.759784,-72.619157,0.418954,0.104163
15770,306,397.145,338,157.98,37.423248,-73.14944,0.392957,0.098025
15894,307,193.575,124,159.5,35.347042,-73.634702,0.368684,0.095828
16006,308,167.878,112,160.89,34.120534,-74.188869,0.338395,0.093968
16143,309,212.868,137,162.65,36.358543,-74.522124,0.324283,0.091771
16564,310,476.033,421,168.0,36.784849,-74.888156,0.291907,0.085376
16744,311,377.771,180,170.21,40.03063,-75.792664,0.254846,0.082865
16944,312,319.992,200,172.98,36.169866,-76.506065,0.237275,0.080194
17051,313,233.717,107,174.69,37.560543,-76.867173,0.218963,0.078818
17137,314,163.501,86,175.97,39.009413,-77.123896,0.192719,0.077816
17273,315,250.645,136,177.81,41.633461,-77.485375,0.203998,0.07615
17481,316,288.802,208,180.78,39.386445,-78.261358,0.191604,0.073636
17606,317,225.133,125,182.64,36.494749,-78.637965,0.178779,0.072173
18082,318,518.136,476,189.58,38.170553,-79.472851,0.162021,0.066867
18661,319,593.106,579,197.42,36.804393,-80.761262,0.126195,0.061261
18812,320,272.997,151,199.54,35.7644,-82.064803,0.100155,0.059996
18995,321,64.661,183,202.57,37.144456,-82.395957,0.092754,0.058524
19186,322,297.303,191,205.68,38.980333,-82.838572,0.072302,0.057243
19300,323,174.418,114,207.47,38.928965,-83.506273,0.076021,0.056417
19607,324,101.958,307,212.13,39.129179,-83.850727,0.069191,0.054249
19761,325,-15.189,154,214.81,38.949237,-84.268282,0.057669,0.053287
19935,326,-19.79,174,217.58,38.054215,-84.181636,0.052598,0.052241
20139,327,293.66,204,222.17,39.532933,-84.447151,0.050479,0.051004
20429,328,72.211,290,226.84,41.001287,-84.783096,0.042831,0.049371
20685,329,357.317,256,231.33,39.590386,-85.291257,0.04048,0.047915
20843,330,24.656,158,234.01,39.665697,-85.429434,0.038058,0.046997
20975,331,181.917,132,236.32,41.850989,-85.594854,0.032452,0.046343
21368,332,123.247,393,242.67,41.310982,-86.050384,0.025731,0.044596
21512,333,-6.603,144,244.92,42.233508,-86.435213,0.02306,0.043996
21651,334,-8.135,139,247.16,40.285305,-86.314959,0.021599,0.043395
21985,335,374.454,334,252.83,40.886924,-86.393885,0.017267,0.042172
22138,336,33.799,153,255.37,40.489252,-86.99005,0.016519,0.041613
22355,337,24.326,217,258.65,41.794893,-86.860997,0.011498,0.040997
22476,338,194.343,121,260.63,41.897127,-86.842348,0.005637,0.04081
22634,339,312.471,158,262.73,44.550544,-87.129497,0.010636,0.040366
22803,340,326.462,169,264.94,43.526297,-87.414,0.010121,0.039865
22953,341,280.453,150,266.91,41.818192,-87.545627,0.006403,0.039553
23167,342,379.228,214,269.81,42.500162,-87.950224,0.002634,0.039391
23419,343,53.882,252,273.38,42.407979,-88.269543,0.004227,0.038978
23672,344,431.461,253,277.03,42.374771,-88.400557,0.00276,0.03872
23803,345,222.344,131,278.84,42.025764,-88.49028,0.004301,0.038497
23921,346,12.381,118,280.56,41.496158,-88.519205,0.002636,0.038383
24045,347,39.48,124,282.4,41.742961,-88.735041,0.002869,0.038195
24257,348,90.183,212,285.41,42.149654,-88.981629,0.00055,0.038157
24452,349,344.171,195,288.33,43.374878,-89.081463,0.000878,0.038032
24691,350,419.637,239,291.87,42.502603,-89.302214,0.000948,0.037968
24995,351,118.245,304,296.38,41.148938,-89.748068,0.001855,0.03757
25185,352,328.406,190,299.13,40.786593,-89.617024,-0.002054,0.037783
25419,353,364.764,234,302.53,41.490369,-90.21104,-0.00095,0.037902
25597,354,13.07,178,305.26,39.418079,-90.149439,-0.001335,0.038136
25809,355,344.689,212,308.56,41.092318,-90.475856,-0.003687,0.038637
26079,356,85.248,270,312.97,40.303952,-90.529321,0.002641,0.038259
26445,357,422.348,366,318.51,40.16,-90.791227,-0.001024,0.03846
26608,358,-13.563,163,320.93,41.206307,-90.825173,0.005881,0.037811
26875,359,446.559,267,324.65,41.571385,-90.722233,0.001433,0.037466
27083,360,408.377,208,327.59,40.463427,-91.114156,0.003473,0.036944
27272,361,378.79,189,330.26,40.293709,-91.356445,-0.004456,0.037534
27458,362,350.784,186,332.91,39.488306,-91.515945,0.002463,0.037251
27619,363,290.282,161,335.17,38.656655,-91.790073,-0.002122,0.037541
27891,364,523.728,272,339.29,38.266669,-91.983686,0.00179,0.037152
28097,365,383.356,206,342.5,37.808911,-92.178304,0.001489,0.036869
28260,366,316.717,163,344.63,38.111147,-92.574799,-0.005889,0.037633
28428,367,316.192,168,346.73,37.940344,-92.816934,0.005028,0.037044
28675,368,442.006,247,350.09,38.057766,-93.023133,-0.003002,0.037604
28885,369,416.946,210,353.16,37.265457,-93.430348,-0.00054,0.037628
29138,370,82.532,253,356.79,37.287097,-93.855472,-0.00132,0.037933
29343,371,395.463,205,359.84,37.371129,-94.07616,-0.000999,0.038036
29511,372,329.124,168,362.32,37.614144,-94.137306,-0.001853,0.03832
29664,373,299.488,153,364.38,36.788658,-94.416589,0.001974,0.038128
29800,374,277.544,136,366.13,36.668479,-94.346332,0.001602,0.037925
29990,375,375.516,190,368.69,36.413311,-94.579066,-0.002754,0.038248
30173,376,388.424,183,372.5,36.449241,-94.869817,0.001564,0.038075
30362,377,383.288,189,374.85,36.517813,-95.233532,-0.001901,0.038367
30513,378,47.617,151,376.97,37.335109,-95.1218,-0.003532,0.038801
30698,379,375.645,185,379.73,36.374607,-95.397287,-0.00121,0.038928
30876,380,375.692,178,382.29,37.178219,-95.504705,-0.000475,0.039049
31134,381,534.813,258,385.86,35.554478,-95.79359,0.003661,0.03837
31306,382,405.759,172,388.29,36.149892,-96.149434,-0.002739,0.038594
31669,383,183.642,363,393.64,35.937338,-96.198348,-0.001227,0.039058
31873,384,432.662,204,396.58,36.050055,-96.475287,-9.7e-05,0.03905
32098,385,482.647,225,400.08,35.259251,-96.825442,0.001808,0.038663
32375,386,523.522,277,404.02,36.312684,-96.978799,0.002781,0.038139
32580,387,428.208,205,406.79,35.574313,-97.50207,0.000833,0.037975
32776,388,422.366,196,409.67,34.577472,-97.651729,0.002517,0.037516
32985,389,416.925,209,412.48,35.233087,-97.880286,-0.00086,0.037718
33195,390,418.777,210,415.43,35.447038,-98.277093,-0.00251,0.038127
33415,391,451.268,220,418.55,33.362272,-98.826833,0.001557,0.03792
33607,392,404.97,192,421.36,33.502152,-98.959793,-0.001333,0.038093
33805,393,383.948,198,424.1,34.919969,-99.090061,-0.000129,0.038064
34020,394,457.125,215,427.06,35.616963,-99.638889,0.000376,0.038022
34229,395,415.154,209,430.16,33.50738,-99.922786,-0.003495,0.038591
34439,396,432.939,210,433.18,34.854568,-100.022682,0.000311,0.038602
34653,397,451.804,214,436.14,34.122763,-100.290926,-0.004574,0.039301
34854,398,420.077,201,439.12,33.129175,-100.737355,-0.002178,0.039788
35094,399,496.563,240,442.82,32.802444,-100.972048,-0.00252,0.040205
35273,400,409.401,179,445.03,32.42171,-101.206952,-0.000875,0.040362
35496,401,496.419,223,447.95,32.746061,-101.566256,-0.002601,0.040893
35732,402,151.022,236,451.29,33.106563,-101.87609,0.001866,0.04052
35992,403,568.823,260,455.06,32.130565,-102.124096,0.001569,0.040141
36186,404,450.663,194,457.85,32.926818,-102.486944,-0.002896,0.040582
36407,405,498.569,221,461.0,32.335816,-102.499988,-0.00068,0.040715
36644,406,470.224,237,464.08,32.104513,-102.891356,0.003471,0.040182
36913,407,493.105,269,467.8,32.338116,-103.246627,-0.002305,0.040518
37157,408,484.268,244,471.42,31.949373,-103.50392,0.00262,0.040118
37371,409,48.116,214,474.43,31.939944,-103.811165,0.000199,0.040067
37537,410,366.264,166,476.69,31.916118,-103.864467,-0.00066,0.040102
37688,411,250.152,151,478.89,30.707808,-104.148622,0.001436,0.039949
37847,412,340.708,159,481.21,31.410292,-104.414075,-0.000796,0.039994
38228,413,626.724,381,486.82,30.851465,-104.44495,-0.001953,0.040633
38447,414,481.492,219,489.92,30.541696,-104.715978,-0.00247,0.04109
38692,415,497.955,245,493.11,31.198337,-105.049207,-0.00561,0.042058
38812,416,57.357,120,494.58,31.224386,-105.56086,-0.003014,0.042424
39123,417,553.926,311,499.12,31.129963,-105.56536,0.000611,0.04239
39348,418,441.284,225,502.63,31.732169,-105.582009,-0.004559,0.043123
39557,419,493.074,209,505.41,31.474239,-106.308894,0.002213,0.042774
39797,420,480.119,240,508.75,30.559725,-106.456471,0.003581,0.042131
39985,421,412.886,188,511.4,32.049067,-106.619342,0.000561,0.042029
40138,422,368.713,153,514.94,30.598199,-106.933395,0.002833,0.041649
40329,423,409.765,191,517.73,30.945709,-106.990122,-0.001762,0.041878
40545,424,433.643,216,520.76,31.502611,-107.145376,0.001711,0.041652
40757,425,513.381,212,523.63,30.81777,-107.567358,0.002563,0.041221
41003,426,110.145,246,527.11,30.942862,-107.66751,-0.002121,0.041552
41190,427,404.228,187,529.94,31.778424,-107.95943,0.005632,0.040793
41395,428,476.337,205,532.75,30.9314,-108.116906,-0.007812,0.042082
41627,429,423.735,232,535.96,31.077284,-108.116036,0.000157,0.042015
41811,430,429.525,184,538.59,31.687406,-108.646214,0.002496,0.041624
42012,431,454.257,201,541.47,31.732494,-108.757245,-0.005152,0.04246
42195,432,399.05,183,544.14,31.068645,-108.820716,0.004295,0.041842
42446,433,434.026,251,547.95,31.375289,-109.18678,-0.001423,0.042037
42671,434,269.547,225,551.06,31.208811,-109.192612,-0.004735,0.042873
42955,435,509.993,284,554.91,31.586994,-109.407249,0.0017,0.042561
43219,436,404.593,264,558.95,31.500271,-109.716304,0.002732,0.042064
43359,437,271.674,140,560.99,31.212629,-109.849642,0.004747,0.041514
43545,438,407.649,186,563.6,31.219874,-110.024639,-0.000503,0.041588
43803,439,584.176,258,567.17,30.956531,-110.340513,0.000196,0.041593
44009,440,410.293,206,569.95,30.954634,-110.682726,0.002383,0.041214
44275,441,522.606,266,573.4,31.631571,-110.645157,-0.000604,0.041355
44521,442,439.296,246,576.59,31.204075,-110.91436,-0.002981,0.041849
44843,443,629.128,322,580.95,30.940717,-111.21934,0.000381,0.041851
45066,444,455.783,223,584.07,32.339654,-111.390308,-0.000157,0.041814
45317,445,532.096,251,587.84,32.172602,-111.669638,0.000319,0.041698
45589,446,466.31,272,591.73,31.711225,-111.983632,-1.9e-05,0.041699
45701,447,18.071,112,593.12,30.477029,-111.922393,0.000998,0.041686
45917,448,475.757,216,595.93,31.763836,-111.957374,-0.003696,0.042223
46176,449,593.179,259,599.45,31.324272,-112.199979,-0.004681,0.043165
46407,450,545.229,231,602.41,32.600108,-112.481935,0.001121,0.04296
47407,451,769.546,1000,616.34,31.297454,-112.812607,-0.000809,0.043758
47593,452,357.133,186,619.05,30.084195,-113.286535,-0.001276,0.04393
47790,453,445.764,197,622.1,30.496482,-113.111975,0.001901,0.043658
48006,454,384.783,216,625.48,30.447855,-113.551913,0.003104,0.043067
48184,455,176.535,178,628.23,30.915338,-113.770137,0.000765,0.042973
48508,456,598.891,324,633.21,29.944769,-113.463179,-0.001609,0.043441
48587,457,57.604,79,634.47,30.919303,-113.690886,0.007216,0.04299
48850,458,483.066,263,638.28,30.677675,-114.041745,0.00101,0.042751
49162,459,403.604,312,643.08,31.078681,-114.052192,-8.5e-05,0.042772
49296,460,183.281,134,645.2,31.592643,-113.994685,-0.000589,0.042842
49493,461,388.912,197,648.16,31.513761,-114.41573,-0.001035,0.043066
49799,462,151.109,306,652.89,31.37926,-114.163999,0.001384,0.042695
50075,463,508.696,276,658.92,30.67286,-114.188367,0.002188,0.04219
50287,464,460.592,212,661.87,30.745215,-114.219251,-0.002345,0.042556
50495,465,378.291,208,664.94,30.612274,-114.180733,0.00093,0.042575
50707,466,457.598,212,668.31,31.530607,-114.248968,-0.002145,0.042686
50896,467,380.632,189,671.25,30.647493,-114.362644,-0.005282,0.043523
51157,468,471.205,261,675.29,30.382695,-114.427148,0.001355,0.043295
51336,469,356.704,179,677.94,30.707649,-114.713142,-0.00232,0.043582
51635,470,554.629,299,682.59,31.038352,-114.713189,-0.001883,0.043962
51914,471,378.446,279,686.74,30.649723,-114.647711,-0.000197,0.044124
52159,472,487.342,245,690.12,30.884781,-114.641749,-0.003414,0.044746
52396,473,472.423,237,693.37,30.675913,-115.023367,-0.006624,0.045849
52670,474,512.293,274,697.42,30.093003,-115.089489,-0.001356,0.046143
52890,475,401.264,220,700.45,29.498139,-115.35336,0.002276,0.045902
53098,476,443.177,208,703.08,30.061148,-114.974085,0.000898,0.045812
53280,477,390.829,182,705.37,30.814704,-115.224154,-0.00245,0.046044
53682,478,579.312,402,710.9,30.528247,-115.07279,-0.00067,0.046265
53864,479,366.928,182,713.51,30.086669,-115.270511,-0.002269,0.046444
54098,480,397.727,234,716.86,30.957826,-115.364288,-0.001615,0.046948
54228,481,270.127,130,718.76,30.184998,-115.214917,0.001434,0.046711
54436,482,428.423,208,721.8,30.251021,-115.19209,0.001858,0.04651
54566,483,247.881,130,723.35,29.832335,-115.896192,0.003743,0.046115
55088,484,630.486,522,730.01,29.977691,-115.600065,0.002734,0.044974
55300,485,453.343,212,732.64,29.838442,-115.696168,-0.006299,0.045999
55503,486,412.227,203,735.3,29.148864,-116.068919,0.004658,0.045434
55735,487,448.658,232,738.67,29.648178,-116.050962,-0.00012,0.045285
55974,488,413.424,239,742.07,29.47459,-115.977345,-0.003599,0.045894
56479,489,631.938,505,749.12,29.728572,-116.188633,0.001832,0.045401
56774,490,523.353,295,752.82,29.225825,-116.456634,0.001772,0.044898
56989,491,464.616,215,755.45,29.132374,-116.691305,-0.002647,0.045231
57189,492,380.566,200,758.45,29.86529,-116.436787,0.002703,0.044805
57397,493,401.466,208,761.47,29.317267,-116.831334,0.002803,0.04445
57641,494,427.115,244,765.48,29.493714,-116.641644,0.00088,0.044381
57904,495,605.915,263,769.29,28.584445,-116.825254,0.004926,0.043374
58135,496,444.55,231,772.79,29.478221,-116.870483,-0.010804,0.045084
59135,497,1002.163,1000,788.52,28.442861,-117.029803,-0.000735,0.045837
59311,498,371.976,176,791.5,29.354937,-117.20863,0.005339,0.045025
59519,499,390.895,208,794.7,28.471898,-117.491522,0.000575,0.044969
59727,500,388.811,208,797.71,27.988917,-117.414419,0.000741,0.044788
59971,501,455.222,244,801.67,28.350273,-117.42097,-0.00037,0.044867
60146,502,367.09,175,806.42,27.952695,-117.664002,-0.001848,0.045247
60288,503,322.111,142,808.85,28.008815,-117.750389,0.005246,0.044647
60450,504,359.324,162,811.47,27.275597,-117.778429,0.000331,0.044569
60647,505,362.512,197,814.51,27.003163,-118.02063,0.001961,0.044302
60838,506,347.709,191,817.26,27.719749,-118.075826,-0.000352,0.044311
61055,507,410.022,217,820.35,27.534304,-118.118176,-0.003977,0.044927
61259,508,401.541,204,823.36,27.010048,-118.282057,-0.001381,0.045141
61479,509,449.2,220,826.54,27.046859,-118.583804,0.002299,0.044814
61651,510,346.572,172,828.98,27.626896,-118.471407,0.000247,0.04481
61859,511,469.826,208,831.56,27.149701,-118.403591,0.001791,0.044427
62055,512,405.867,196,834.12,27.587455,-118.728955,0.000587,0.044416
62273,513,423.299,218,837.1,27.446553,-118.715755,0.000627,0.044266
62497,514,407.282,224,840.01,27.113031,-118.905215,0.002697,0.043783
62682,515,372.305,185,842.65,27.581048,-118.635334,0.002134,0.043473
62847,516,351.758,165,844.99,26.903366,-119.033824,0.003678,0.042952
63107,517,129.361,260,848.67,27.211255,-118.736796,-9.7e-05,0.043021
63245,518,302.636,138,850.69,27.574537,-119.171819,0.001208,0.042795
63477,519,368.066,232,853.9,27.095005,-118.859488,-0.000984,0.043031
63643,520,356.005,166,856.15,27.359041,-119.280307,-0.001665,0.043257
63781,521,299.847,138,857.85,28.039842,-119.10512,0.000915,0.043074
63965,522,390.372,184,860.17,27.818743,-119.064285,-0.001388,0.043362
64110,523,306.793,145,862.2,28.03939,-119.32067,-0.002495,0.043722
64276,524,340.678,166,864.56,27.845048,-119.005571,-0.001684,0.043904
64456,525,365.491,180,866.92,27.722004,-119.091189,-0.001925,0.044186
64636,526,361.971,180,869.39,27.09857,-119.736576,0.001226,0.043959
64788,527,313.691,152,871.62,27.655899,-119.568313,0.000952,0.043866
64925,528,275.692,137,873.57,27.916997,-119.818746,-0.002054,0.044108
65078,529,307.773,153,875.78,27.134699,-119.047825,-0.004148,0.04466
65265,530,368.673,187,878.35,27.349945,-119.432236,0.001873,0.044281
65457,531,400.276,192,880.84,27.475902,-119.606274,0.001711,0.044082
65639,532,379.595,182,883.26,27.667101,-119.502439,-0.001156,0.044213
65827,533,381.247,188,885.69,27.079356,-119.728545,0.002203,0.043935
66010,534,345.682,183,887.93,26.930993,-119.704346,-0.001508,0.044158
66164,535,304.042,154,889.88,27.193297,-119.871414,0.003953,0.043647
66322,536,313.538,158,892.07,26.927779,-119.617594,-0.002061,0.043928
66513,537,400.884,191,894.9,27.825191,-119.259378,0.00276,0.043447
66701,538,390.514,188,897.57,26.883426,-119.851456,-0.00241,0.043827
66863,539,330.348,162,899.84,27.404295,-119.761046,-0.002238,0.044146
67070,540,421.43,207,902.84,27.355148,-119.966608,0.002305,0.043749
67271,541,382.534,201,905.52,26.528507,-119.990506,-0.006869,0.044756
67400,542,263.992,129,907.14,27.306532,-120.392773,-0.007885,0.045772
67635,543,422.121,235,910.28,26.805716,-119.968279,-0.000721,0.045914
67791,544,329.991,156,912.39,27.430193,-120.163152,0.003351,0.04545
67971,545,380.109,180,914.71,26.44779,-120.329658,-0.005026,0.046158
68121,546,301.52,150,916.73,25.742757,-120.585428,0.004413,0.045617
68252,547,261.265,131,918.57,26.461884,-120.394714,-0.005052,0.04615
68406,548,314.795,154,920.87,26.312781,-120.46361,0.002499,0.04591
68593,549,374.27,187,923.76,26.233648,-120.64339,0.000997,0.045821
68748,550,327.084,155,926.02,27.249676,-120.521001,-0.003947,0.046306
68978,551,401.753,230,929.09,26.492638,-120.699848,0.000619,0.046118
69161,552,388.433,183,931.58,26.168194,-120.868387,-0.003323,0.046627
69357,553,372.0,196,934.36,26.929783,-120.707479,0.003733,0.04598
69588,554,419.745,231,937.42,26.465944,-120.967862,0.001337,0.04566
69760,555,351.349,172,939.7,26.298951,-120.719634,-0.000361,0.045684
69890,556,271.37,130,941.61,25.911372,-121.134309,0.000948,0.045732
70066,557,343.62,176,945.21,26.438116,-121.07597,0.001109,0.045505
70267,558,393.579,201,947.98,25.990661,-120.961304,0.002096,0.045253
70435,559,359.196,168,950.51,25.110995,-121.207733,0.006321,0.044442
70655,560,373.015,220,953.7,25.975364,-121.215129,0.003197,0.043731
70791,561,278.997,136,955.38,26.179221,-121.2787,0.003745,0.043435
70957,562,336.726,166,957.43,25.119992,-121.089396,-0.004777,0.044017
71151,563,392.888,194,959.98,25.646853,-121.398707,-0.00166,0.044186
71346,564,390.031,195,962.62,25.826849,-121.431488,0.002441,0.043946
71510,565,329.368,164,964.64,25.54876,-121.497532,-0.000945,0.043905
71702,566,403.708,192,967.29,24.917065,-122.140401,-0.00198,0.044353
71912,567,417.246,210,970.37,25.707225,-121.94586,0.001934,0.043909
72022,568,194.065,110,971.98,25.152575,-122.101666,0.001177,0.043964
72193,569,383.747,171,974.46,25.306489,-122.200269,0.001259,0.043761
72334,570,300.954,141,976.5,25.393908,-121.920876,0.002869,0.043459
72502,571,316.738,168,978.72,25.664537,-122.069687,-0.000764,0.043457
72655,572,294.431,153,980.83,25.934535,-122.211569,-0.00336,0.044025
72841,573,373.483,186,983.35,24.868529,-122.20215,0.002421,0.043511
72988,574,283.378,147,985.13,25.832654,-122.471179,-0.00197,0.043724
73156,575,310.896,168,987.21,25.742015,-122.154708,-0.002227,0.044037
73335,576,363.169,179,989.55,25.612521,-122.524509,-0.004717,0.04482
73476,577,263.966,141,991.62,25.554155,-122.580586,-0.000919,0.045015
73641,578,319.192,165,994.01,24.965454,-122.825386,0.000543,0.044806
73796,579,308.847,155,996.26,24.447427,-122.693224,-0.000781,0.044981
73967,580,314.214,171,998.84,25.122311,-122.569822,0.001395,0.044801
74091,581,248.597,124,1000.54,24.656935,-122.994525,0.000973,0.0447
74271,582,331.975,180,1003.03,25.50972,-122.648809,0.00494,0.043964
74421,583,284.175,150,1005.32,25.629834,-122.59219,6.9e-05,0.043898
74551,584,271.04,130,1007.36,24.418311,-122.768765,0.003702,0.043518
74788,585,418.141,237,1010.94,24.771711,-122.962702,0.002763,0.042975
74976,586,343.583,188,1013.7,24.561679,-122.807968,9.6e-05,0.043054
75167,587,378.733,191,1016.67,24.932958,-123.067631,-0.004481,0.043704
75383,588,408.681,216,1020.0,25.137439,-123.06205,0.000372,0.043557
75573,589,398.632,190,1022.59,25.769778,-123.090945,-0.00152,0.043754
75744,590,326.804,171,1025.01,24.456982,-123.09067,0.00086,0.043801
75913,591,318.879,169,1027.57,24.543761,-123.16678,-0.001372,0.043829
76088,592,335.826,175,1030.36,25.581658,-123.262636,-0.005101,0.044568
76298,593,418.313,210,1033.69,24.89632,-123.46556,0.00337,0.044077
76460,594,284.243,162,1036.25,24.510027,-123.51418,0.001707,0.043903
76596,595,255.513,136,1038.41,24.793047,-123.455239,-0.001652,0.044006
76804,596,414.508,208,1041.65,24.007903,-123.714005,0.005098,0.043155
76946,597,296.488,142,1043.87,24.332942,-123.475298,-0.00445,0.043645
77119,598,316.384,173,1046.49,24.795982,-123.568364,-0.002731,0.044049
77289,599,307.157,170,1048.91,24.611222,-123.483586,-0.001469,0.044304
77583,600,521.605,294,1053.12,24.221394,-123.675654,0.001828,0.043897
77737,601,308.512,154,1055.39,24.311377,-123.914457,0.002904,0.043462
77840,602,207.148,103,1056.87,25.428719,-123.693879,-0.007311,0.043939
77966,603,205.549,126,1058.45,24.557372,-124.011252,-0.00894,0.044858
78166,604,413.746,200,1061.08,24.280211,-123.793612,-0.001536,0.045131
78244,605,138.28,78,1062.13,23.922883,-123.67603,-0.010988,0.045909
78421,606,292.592,177,1064.52,24.168516,-123.870346,-0.004452,0.046662
78630,607,369.673,209,1067.13,23.990178,-123.901051,0.006285,0.045613
78781,608,306.371,151,1069.09,24.846184,-124.088192,-0.000535,0.045476
79016,609,446.176,235,1072.44,24.382558,-123.760422,0.001894,0.045379
79205,610,363.219,189,1075.29,23.90497,-123.825088,-0.005648,0.046054
79382,611,274.324,177,1077.79,24.289097,-124.010533,0.002305,0.045834
79534,612,276.673,152,1079.9,24.470063,-123.599513,-0.005234,0.046262
79727,613,394.278,193,1082.49,24.654582,-124.175273,-0.004925,0.047169
79928,614,270.221,201,1085.17,23.44575,-124.117118,0.000987,0.047053
80118,615,350.549,190,1088.75,24.429111,-123.754007,0.00089,0.046847
80282,616,366.751,164,1090.98,24.629482,-123.564622,0.003615,0.046428
80479,617,380.593,197,1093.62,24.140023,-123.960646,-0.004487,0.047103
80666,618,330.674,187,1096.12,25.684358,-123.627815,0.002719,0.04665
80895,619,456.392,229,1099.19,24.635152,-123.817241,8.5e-05,0.046602
81135,620,435.175,240,1102.69,24.103445,-123.64929,0.00171,0.04641
81309,621,320.054,174,1105.17,24.325469,-123.610004,-0.000815,0.046484
81469,622,314.401,160,1107.33,24.318016,-123.562197,-0.002995,0.046836
81600,623,233.805,131,1109.06,24.35709,-123.71048,-0.004188,0.047306
81798,624,398.097,198,1111.66,23.491686,-123.927528,0.003496,0.046769
81979,625,333.163,181,1114.12,23.958303,-123.412725,-0.001454,0.046987
82401,626,631.918,422,1120.38,23.440823,-123.661441,0.005252,0.045148
82608,627,397.371,207,1123.09,23.949906,-123.77108,0.000677,0.045117
82850,628,456.989,242,1126.72,23.935012,-123.673318,0.000399,0.045002
83098,629,548.003,248,1130.46,23.295583,-123.639988,0.000434,0.044922
83285,630,264.293,187,1133.05,23.655164,-123.815064,-0.002775,0.045158
83459,631,318.817,174,1135.62,23.744689,-123.313751,0.008815,0.044141
83597,632,272.446,138,1137.8,23.366872,-123.180412,0.000392,0.044125
83752,633,325.498,155,1140.31,23.424034,-123.577601,0.001826,0.043958
83926,634,317.453,174,1142.92,23.586061,-123.145255,0.00095,0.043813
84074,635,313.493,148,1145.2,23.174615,-123.930295,-0.001223,0.043792
84256,636,280.592,182,1147.87,22.759414,-123.237936,-0.000827,0.043985
84390,637,233.016,134,1149.84,23.453636,-123.576882,0.001857,0.043838
84589,638,420.049,199,1153.07,22.830933,-123.035491,-0.001685,0.044063
84828,639,533.62,239,1157.12,22.676518,-123.402512,0.001449,0.043759
85026,640,357.135,198,1159.98,23.181767,-123.143011,0.003096,0.043299
85742,641,1473.608,716,1171.12,22.541499,-123.111709,-8.3e-05,0.043292
85951,642,311.31,209,1174.34,22.561597,-122.882001,0.00187,0.043098
86143,643,322.825,192,1177.25,22.571798,-122.987875,0.000908,0.042883
86357,644,524.603,214,1180.3,22.223145,-122.88988,0.001499,0.042603
86559,645,390.474,202,1183.17,21.710371,-122.924489,-0.002379,0.043117
86783,646,465.34,224,1186.44,22.092944,-122.896807,-0.000793,0.043123
86958,647,300.985,175,1188.73,22.225018,-122.744027,0.000573,0.043002
87127,648,371.846,169,1190.78,21.615045,-122.551891,-0.002278,0.04345
87508,649,834.234,381,1195.74,21.520627,-122.620974,-0.00112,0.043869
87698,650,375.127,190,1198.36,21.762492,-122.635465,0.000357,0.043754
87847,651,312.829,149,1200.44,21.46727,-122.868608,0.002042,0.043404
88255,652,793.991,408,1206.44,21.733154,-122.170736,-0.002839,0.044407
88432,653,316.118,177,1209.07,21.762411,-122.692698,4.6e-05,0.044385
88625,654,372.72,193,1211.82,21.786492,-121.850786,7e-05,0.044386
88753,655,205.625,128,1213.38,22.172629,-121.938782,0.006464,0.043817
88928,656,322.307,175,1215.72,21.790426,-121.925838,0.005678,0.042888
89101,657,315.952,173,1218.1,21.419326,-121.367568,-0.002506,0.043319
89256,658,298.11,155,1220.01,21.099788,-122.119602,-0.000248,0.043287
89405,659,309.202,149,1221.85,20.856108,-121.851768,0.003259,0.042856
89601,660,368.072,196,1224.4,21.399201,-121.581214,0.001095,0.042767
89774,661,353.174,173,1226.99,21.106574,-121.90898,0.001219,0.042536
89954,662,379.952,180,1229.57,21.570434,-121.989644,0.003932,0.041954
90121,663,290.325,167,1233.16,21.386852,-121.473002,-0.003309,0.042407
90402,664,550.333,281,1237.24,20.859729,-121.747839,-0.000514,0.042492
90561,665,295.426,159,1239.32,21.772343,-121.203263,-0.005141,0.043255
90892,666,573.701,331,1243.55,21.650116,-121.375399,0.000914,0.043027
91052,667,271.411,160,1245.71,21.254879,-121.303164,-0.001284,0.04304
91277,668,342.243,225,1248.62,21.070798,-121.128246,0.000765,0.043027
91438,669,378.725,161,1250.66,21.47138,-121.110095,0.001087,0.042824
91654,670,402.179,216,1253.66,21.797327,-121.396914,0.001972,0.042443
91794,671,296.53,140,1255.65,20.87485,-121.420106,0.00169,0.042334
91926,672,256.404,132,1258.23,21.172042,-121.438428,0.000452,0.042277
92160,673,470.834,234,1261.39,20.859825,-121.34382,0.006556,0.041164
92309,674,281.456,149,1263.46,21.020994,-121.182825,0.001494,0.0408
92484,675,335.125,175,1265.92,20.833671,-121.067744,3.4e-05,0.040724
92657,676,358.843,173,1268.13,20.692573,-121.164244,0.000305,0.040812
92786,677,253.021,129,1269.72,21.283748,-121.131091,0.001669,0.040616
93291,678,671.114,505,1276.43,21.033059,-121.162528,-0.000116,0.040741
93534,679,564.057,243,1279.85,21.097335,-121.076098,-0.002145,0.041036
93648,680,188.469,114,1281.48,21.729901,-120.710927,-0.001904,0.04133
93816,681,346.228,168,1283.96,21.179216,-121.01338,0.003704,0.040803
93978,682,287.224,162,1286.35,20.36957,-120.436041,0.004149,0.040337
94183,683,395.78,205,1288.95,20.505899,-120.967322,0.001582,0.040028
94352,684,349.212,169,1291.0,21.096454,-120.849197,-0.000818,0.040043
94526,685,358.399,174,1293.3,20.550771,-120.885144,-0.004796,0.040788
94675,686,270.472,149,1295.3,20.73658,-120.92905,0.004044,0.040306
95009,687,735.818,334,1299.49,20.570662,-120.676968,-0.001717,0.040728
95165,688,308.354,156,1301.68,20.822727,-120.639939,-0.000346,0.040833
95470,689,433.786,305,1306.11,20.383617,-120.61877,0.001709,0.040275
95636,690,310.232,166,1308.4,20.38474,-120.6726,-0.003294,0.04078
95990,691,344.719,354,1313.29,20.171239,-120.412927,-0.000878,0.040982
96222,692,480.189,232,1316.53,20.437319,-120.803731,0.004693,0.040154
96456,693,536.526,234,1319.53,20.816317,-120.340062,-0.001501,0.040456
96654,694,351.072,198,1322.05,20.752,-120.407061,-0.000231,0.040547
96767,695,196.368,113,1323.57,20.797035,-120.531677,0.002291,0.040316
96929,696,323.794,162,1325.93,20.359324,-120.454257,0.002356,0.040026
97141,697,441.235,212,1329.0,20.528417,-120.566901,-0.002086,0.040319
97319,698,370.924,178,1331.61,21.342151,-120.350549,0.002807,0.040056
97508,699,382.104,189,1334.43,20.629908,-120.560631,0.003424,0.039422
97701,700,390.7,193,1337.18,20.075548,-120.628369,-0.001447,0.039584
97844,701,233.674,143,1338.92,20.789096,-120.455174,-0.000245,0.039633
98086,702,429.739,242,1341.96,20.24679,-120.554371,0.00174,0.039248
98269,703,335.908,183,1344.44,20.462547,-120.232623,-0.000603,0.039365
98526,704,624.727,257,1347.83,20.55617,-120.182357,-0.000278,0.039519
98682,705,249.984,156,1349.98,20.206132,-120.094072,0.001412,0.03933
98836,706,258.807,154,1352.23,19.559097,-120.328287,0.002278,0.038968
99102,707,572.306,266,1356.2,20.299744,-120.089947,0.000724,0.038772
99342,708,-20.508,240,1359.89,20.182081,-120.173554,-0.002589,0.039363
99539,709,384.233,197,1362.91,20.865583,-120.081799,-0.001849,0.039627
99694,710,273.398,155,1365.25,20.947168,-120.012278,0.000234,0.039563
100190,711,1043.13,496,1374.36,20.855591,-120.160033,0.003272,0.038259
100510,712,752.418,320,1379.23,20.560123,-119.876215,-0.000873,0.038513
100729,713,416.127,219,1382.59,20.46677,-119.866858,-0.000371,0.03852
101083,714,952.308,354,1387.68,20.615812,-119.958087,-0.001676,0.03905
101359,715,484.691,276,1391.91,20.451313,-119.797915,-0.002102,0.039539
101716,716,799.135,357,1397.63,19.895357,-119.978569,-0.000376,0.039678
101926,717,372.435,210,1401.03,20.181991,-119.96505,-0.0008,0.039762
102160,718,484.255,234,1404.42,21.255473,-119.919194,0.001323,0.039593
102425,719,436.704,265,1408.53,20.438295,-119.80322,0.002278,0.039069
102605,720,346.694,180,1411.1,20.753231,-119.841244,-5.1e-05,0.039084
102761,721,279.256,156,1413.31,20.554436,-119.848053,-0.004198,0.039518
102954,722,403.018,193,1416.22,20.757916,-119.979922,-0.001237,0.039939
103176,723,487.927,222,1419.24,20.31542,-119.671269,0.002984,0.039243
103584,724,898.487,408,1424.23,20.249466,-120.107368,-0.001395,0.039774
103797,725,377.352,213,1427.05,19.868715,-119.913716,0.003308,0.039148
104032,726,490.329,235,1430.16,19.938499,-120.055674,0.001332,0.038927
104204,727,344.048,172,1432.64,19.975932,-119.670572,0.001558,0.03864
104650,728,970.705,446,1439.23,19.822862,-119.832247,-0.001476,0.039277
105047,729,900.046,397,1444.39,20.201675,-119.807752,-0.000236,0.03926
105444,730,575.13,397,1449.56,20.314533,-119.794383,0.000922,0.03911
105657,731,516.297,213,1452.22,19.844857,-119.953625,-0.003473,0.039669
105905,732,574.084,248,1455.56,19.96648,-119.549035,-0.003686,0.040467
106051,733,313.793,146,1457.62,19.247241,-120.067202,0.002013,0.040157
106383,734,703.161,332,1462.26,20.525214,-119.820699,0.001078,0.039875
106568,735,442.572,185,1464.91,20.22797,-119.822416,0.000696,0.039836
106765,736,368.004,197,1467.64,19.485827,-119.714811,-0.0039,0.040405
106993,737,495.418,228,1470.57,19.702319,-119.759087,0.000369,0.040306
107112,738,215.786,119,1472.04,19.864278,-119.56699,0.002775,0.040035
107680,739,1184.998,568,1479.97,19.94882,-119.758317,-0.001393,0.040561
107997,740,569.813,317,1485.11,20.385596,-119.707335,0.001761,0.040111
108201,741,462.031,204,1488.05,19.838121,-119.756221,-0.000954,0.040461
108359,742,363.271,158,1490.36,19.859351,-120.114879,0.004335,0.03983
108550,743,383.138,191,1493.39,19.63519,-119.966007,0.000418,0.039659
108790,744,435.202,240,1497.1,19.622615,-120.187325,0.002593,0.039316
108918,745,257.939,128,1499.05,19.399674,-120.036158,-0.003947,0.039704
109116,746,387.803,198,1502.15,19.928176,-119.891921,0.005084,0.038945
109270,747,62.81,154,1504.62,19.03059,-120.076602,-0.001893,0.039056
109440,748,380.271,170,1507.19,19.557633,-119.983564,0.000685,0.038968
110018,749,1213.469,578,1519.12,19.780646,-119.912341,-0.000545,0.039251
110238,750,422.833,220,1522.54,20.078921,-119.931837,0.00679,0.038117
110502,751,435.877,264,1526.72,19.767535,-119.884995,-0.000253,0.038113
110756,752,480.199,254,1530.6,19.823001,-119.696495,0.000859,0.037959
111071,753,824.475,315,1535.72,19.508442,-120.004501,-0.000584,0.038055
111534,754,1218.142,463,1542.31,19.982779,-120.106343,-0.002208,0.038849
111777,755,419.35,243,1545.73,18.979959,-120.187311,-0.00152,0.039272
112123,756,698.328,346,1550.58,19.512619,-120.106707,0.002318,0.038594
112297,757,309.414,174,1552.91,19.311665,-120.19693,0.001774,0.038328
112650,758,547.975,353,1557.31,19.733811,-120.37066,0.000835,0.038156
112762,759,212.209,112,1558.85,19.191575,-120.231502,-0.003536,0.038453
113052,760,528.936,290,1562.81,19.44761,-120.340111,0.000339,0.038315
113587,761,664.785,535,1570.43,19.333169,-120.415503,0.001394,0.037693
113781,762,400.607,194,1573.3,19.56954,-120.487637,-0.001026,0.03787
114153,763,888.922,372,1578.47,19.14021,-120.596424,-0.000175,0.037865
114429,764,656.754,276,1582.1,19.206074,-120.420374,-0.003777,0.038825
114942,765,1183.13,513,1589.22,20.217897,-120.45994,-0.000368,0.038948
115124,766,362.689,182,1591.92,19.302997,-120.324235,0.001119,0.038708
115336,767,76.415,212,1594.89,19.336354,-120.794916,0.002842,0.038359
115790,768,1124.436,454,1601.13,19.40626,-120.743441,-0.001088,0.038625
115971,769,285.725,181,1603.39,19.441678,-120.810276,-0.001195,0.038813
116132,770,282.776,161,1605.38,19.979555,-120.632352,0.002425,0.038549
116353,771,537.159,221,1608.32,19.330891,-120.403335,0.000487,0.038415
116621,772,497.316,268,1611.86,19.71294,-120.623601,0.001484,0.038083
116858,773,442.744,237,1614.99,19.96482,-120.664884,-0.001156,0.03833
117028,774,352.142,170,1617.43,19.650723,-120.764153,-0.000228,0.038333
117284,775,492.675,256,1621.06,19.277131,-120.893479,-0.003155,0.039023
117710,776,554.268,426,1626.62,19.631353,-120.646791,0.001072,0.038709
118089,777,811.418,379,1631.65,19.547232,-120.757957,-0.000722,0.03888
118287,778,379.938,198,1634.13,19.951863,-121.144483,0.001896,0.038573
118616,779,744.443,329,1638.73,19.513646,-120.968706,-0.00138,0.038929
118792,780,291.657,176,1641.28,19.654501,-121.160615,0.000622,0.038876
118983,781,72.449,191,1643.98,19.995685,-120.732513,0.003788,0.038314
119372,782,906.284,389,1649.47,20.117499,-121.16047,-0.001885,0.038868
119807,783,1027.342,435,1654.95,19.866255,-121.089601,0.000616,0.038611
120059,784,406.232,252,1660.69,19.761588,-121.114502,-0.000689,0.038865
120541,785,1044.765,482,1667.48,19.977437,-121.348949,0.000209,0.038698
120819,786,603.252,278,1671.44,20.991429,-121.306418,0.001399,0.038362
121652,787,1684.739,833,1683.01,19.885301,-121.569696,-0.000432,0.038628
121751,788,184.257,99,1684.32,20.370941,-121.312585,-0.001058,0.038757
121955,789,401.785,204,1687.12,20.164611,-121.653315,0.003378,0.038169
122166,790,441.449,211,1690.17,19.939423,-121.676601,-0.004432,0.038989
122328,791,300.906,162,1692.48,20.13947,-121.700431,-0.000588,0.039061
122596,792,426.84,268,1696.29,20.051563,-121.498903,0.001855,0.038616
122870,793,568.323,274,1700.04,20.090144,-121.891178,0.002726,0.03796
123037,794,381.997,167,1702.1,20.362108,-121.883285,-0.001331,0.038208
123396,795,865.125,359,1707.2,20.445562,-121.575087,-0.000909,0.038405
123595,796,358.739,199,1709.9,20.12728,-121.935735,0.000103,0.038441
124065,797,1125.35,470,1716.38,20.012293,-121.801877,0.001664,0.037784
124254,798,367.033,189,1719.13,19.881431,-122.065877,-0.004965,0.038546
124750,799,1263.986,496,1726.6,20.525698,-122.12968,-0.002234,0.039578
124844,800,165.933,94,1728.02,21.400439,-121.720018,0.004585,0.039206
125011,801,330.037,167,1730.59,20.322159,-122.213107,-0.001392,0.039397
125558,802,930.204,547,1738.9,20.536196,-122.145337,-0.001159,0.039857
125843,803,391.918,285,1743.37,20.363264,-122.179722,7.6e-05,0.039873
126170,804,718.752,327,1748.34,20.430232,-122.256449,-0.001978,0.040438
126576,805,919.413,406,1754.46,20.050413,-122.349335,-0.002171,0.041176
126942,806,679.862,366,1760.24,20.036496,-122.641833,0.00153,0.040695
127337,807,1016.822,395,1766.47,20.395079,-122.715115,0.002099,0.040085
127443,808,212.946,106,1768.07,19.928769,-122.27951,-0.005567,0.040303
127555,809,220.293,112,1769.73,19.897785,-123.042446,0.002699,0.040166
127724,810,325.368,169,1772.43,20.249441,-122.952657,-0.001733,0.040453
127894,811,341.414,170,1774.78,20.60023,-122.929201,0.001653,0.040252
128070,812,366.092,176,1777.25,20.949835,-122.577703,0.002045,0.039892
128284,813,540.764,214,1780.25,21.405448,-122.870992,0.001986,0.0396
128737,814,873.315,453,1786.06,20.723768,-122.800278,-0.000336,0.039759
129171,815,1098.097,434,1792.03,20.598406,-122.927255,-0.000396,0.039804
129344,816,343.954,173,1794.47,20.747624,-123.027643,-0.001414,0.040053
129822,817,1083.087,478,1801.38,20.425528,-123.123319,-0.002149,0.041021
130358,818,1379.538,536,1811.96,19.92062,-123.373917,0.000777,0.040672
130595,819,307.023,237,1814.94,20.836062,-123.580954,0.000489,0.040427
131364,820,1702.901,769,1825.62,20.593954,-123.404026,0.000487,0.040047
131813,821,1018.322,449,1832.07,20.585176,-123.593116,-0.000843,0.040469
132316,822,1440.033,503,1838.82,21.319318,-123.81955,0.00109,0.039991
132513,823,428.857,197,1841.77,20.75201,-123.940832,-0.002022,0.040421
132795,824,852.664,282,1845.95,21.281332,-123.928438,-0.001723,0.040711
133145,825,749.991,350,1850.75,20.654103,-124.297789,-0.003196,0.041645
133350,826,458.436,205,1854.01,20.948005,-124.255831,0.001339,0.041558
133677,827,633.476,327,1859.31,20.950764,-124.487421,-0.000124,0.04153
134298,828,1428.075,621,1868.87,21.019227,-124.46921,-0.001154,0.042159
134428,829,257.217,130,1870.81,20.916942,-124.819663,0.001917,0.042033
134567,830,291.223,139,1872.85,21.301536,-124.366784,-0.00156,0.042095
135567,831,2211.499,1000,1888.51,21.387582,-125.081495,0.000646,0.041523
135805,832,517.794,238,1891.96,20.953516,-125.40729,-0.00042,0.041707
136105,833,480.937,300,1896.62,20.671184,-125.608837,0.001038,0.041456
136870,834,1884.279,765,1907.55,21.146296,-125.616311,0.000708,0.040955
137159,835,789.117,289,1911.76,20.778408,-126.005327,0.001499,0.040587
137669,836,874.995,510,1918.26,21.263601,-125.987447,-0.00063,0.040875
138669,837,2121.6,1000,1932.11,21.283123,-126.39847,-0.000942,0.041592
138978,838,603.481,309,1937.11,21.493885,-126.92619,0.003882,0.040557
139411,839,887.804,433,1943.16,21.542711,-126.982108,-0.00335,0.04182
140243,840,2050.374,832,1957.15,21.562375,-127.322693,0.000905,0.041246
141053,841,1892.035,810,1968.29,21.881436,-127.591936,-0.001409,0.042055
141311,842,766.344,258,1971.72,21.579612,-127.833791,-0.001786,0.04256
141493,843,364.434,182,1973.9,21.928208,-128.037907,0.001226,0.042361
142133,844,1615.968,640,1982.74,21.633732,-128.347305,0.001234,0.041684
142645,845,1157.55,512,1989.97,21.681067,-128.632169,-0.000765,0.04204
142824,846,320.255,179,1992.26,22.942385,-129.032663,-0.001734,0.042252
143260,847,1286.888,436,1997.75,22.786054,-129.035869,-0.001728,0.042775
144260,848,2437.678,1000,2011.73,22.039012,-129.607895,0.00027,0.042635
145260,849,2553.893,1000,2025.02,22.063464,-130.401721,0.000321,0.042452
145426,850,341.506,166,2027.28,21.973378,-131.046763,-0.000625,0.042501
146426,851,2433.947,1000,2041.34,21.94475,-131.302072,0.000786,0.041834
147426,852,2434.401,1000,2054.95,22.073224,-132.126035,0.000361,0.041552
147677,853,501.227,251,2058.7,22.109674,-132.677693,-0.003141,0.042095
148407,854,2004.93,730,2068.67,22.136228,-133.201655,-0.001484,0.043065
149315,855,2643.965,908,2081.0,22.390225,-133.761588,-0.001066,0.043906
149730,856,1048.525,415,2087.19,22.934424,-134.409067,0.001998,0.043258
150219,857,1114.379,489,2100.32,22.625082,-134.732881,0.001176,0.042819
150560,858,918.005,341,2105.49,22.361528,-134.867308,-0.000482,0.043024
151181,859,1603.798,621,2114.33,22.463576,-135.716356,0.000125,0.042949
151834,860,1919.126,653,2124.42,22.424229,-135.991848,0.000208,0.042863
152024,861,347.118,190,2127.38,22.779485,-136.420304,-0.001084,0.042999
153024,862,2896.816,1000,2142.59,22.759101,-136.923837,-0.001556,0.044404
153313,863,951.884,289,2146.79,22.971693,-137.695046,-0.000852,0.04461
154267,864,2594.956,954,2159.15,22.814886,-138.277364,-4.1e-05,0.04457
154727,865,1206.84,460,2165.82,23.041565,-138.673153,-0.002744,0.045721
155158,866,1174.067,431,2171.94,23.279084,-139.175591,-0.001148,0.046219
155596,867,1188.738,438,2177.62,23.169664,-139.349396,-0.000939,0.046516
156192,868,1530.519,596,2185.35,23.322314,-140.005572,0.001077,0.045994
156929,869,2202.791,737,2196.05,23.242689,-140.736483,-0.000721,0.046403
157719,870,2269.013,790,2207.84,23.324116,-141.666448,0.001105,0.0457
158045,871,927.497,326,2212.52,23.60508,-142.314142,-0.001568,0.046054
158359,872,800.247,314,2217.38,23.539231,-142.574515,-0.002407,0.046792
158501,873,312.42,142,2219.31,23.074275,-142.414857,-0.002693,0.047007
158615,874,235.121,114,2220.88,23.689539,-142.282068,-0.000385,0.047081
159603,875,2429.764,988,2236.5,24.113847,-143.26175,0.000469,0.046713
160095,876,1027.729,492,2248.65,24.162295,-144.221756,-0.002488,0.047695
161095,877,2536.752,1000,2262.85,23.992569,-145.02028,0.000843,0.047
161948,878,2126.498,853,2274.49,24.193258,-145.949719,-4e-05,0.047001
162948,879,2459.97,1000,2288.02,24.589163,-146.935381,0.000941,0.046207
163948,880,2481.803,1000,2302.29,24.436028,-148.032332,3e-06,0.046279
164948,881,2853.11,1000,2315.65,24.432195,-149.294422,-0.000667,0.046804
165180,882,410.098,232,2318.59,24.263058,-150.244206,-0.004248,0.047595
166180,883,2625.525,1000,2332.45,24.690377,-150.624991,-9.8e-05,0.047703
166322,884,276.627,142,2334.2,24.258896,-151.469081,-0.002182,0.047996
166884,885,1559.58,562,2341.54,24.67442,-151.740294,-5.3e-05,0.047928
167531,886,1511.744,647,2350.37,25.052784,-152.610366,0.000576,0.047701
168531,887,2650.412,1000,2363.78,24.934957,-153.221395,-0.000959,0.048359
169531,888,2694.435,1000,2377.93,24.934142,-154.433035,0.000189,0.048309
169659,889,205.249,128,2379.82,25.611636,-154.795943,-0.003224,0.048618
169974,890,969.223,315,2383.86,24.682075,-155.280651,0.00069,0.048445
170136,891,432.396,162,2387.05,25.44408,-155.517995,-0.001312,0.048598
170566,892,1311.24,430,2392.67,25.198602,-155.484279,-0.001436,0.049219
170596,893,13.009,30,2393.06,24.046267,-156.255959,-0.007408,0.04929
170958,894,1061.722,362,2398.23,25.86854,-156.103269,0.000794,0.049099
171423,895,1396.784,465,2404.79,26.30801,-156.377646,-3.7e-05,0.049083
171896,896,1304.273,473,2411.26,27.129925,-156.85062,-0.002184,0.050073
171952,897,39.169,56,2412.04,25.765304,-157.341245,0.00161,0.049916
172559,898,1854.893,607,2420.28,26.329485,-157.423796,0.000436,0.049609
173559,899,3026.196,1000,2433.93,26.606973,-158.431978,-0.002211,0.051504
174387,900,2597.307,828,2446.26,25.662967,-159.536654,0.000783,0.051059
175315,901,2943.731,928,2460.86,26.21944,-160.545926,0.00174,0.049711
176315,902,2756.852,1000,2476.34,27.506558,-161.642167,-0.002913,0.052097
177278,903,3070.314,963,2491.17,26.835865,-162.730858,0.00023,0.052111
178245,904,3033.11,967,2505.2,27.34643,-163.490066,-0.000155,0.052092
178381,905,305.146,136,2507.14,27.45848,-164.304479,-0.001112,0.052285
179097,906,1964.702,716,2516.69,27.324109,-164.461495,0.001091,0.051688
180097,907,2969.114,1000,2536.11,27.392295,-165.497399,7.7e-05,0.051565
180822,908,1821.426,725,2545.72,26.646541,-166.476915,-3e-06,0.051506
181822,909,2814.085,1000,2559.39,27.013744,-167.029741,-0.001573,0.052793
182300,910,1528.911,478,2566.57,26.854053,-167.923699,0.002794,0.05168
182426,911,238.176,126,2568.42,27.830774,-167.764542,0.003743,0.051376
183426,912,2774.895,1000,2583.2,27.250211,-168.702109,-0.000459,0.051726
183520,913,180.215,94,2584.69,26.57419,-168.847168,0.00228,0.051491
184520,914,2523.746,1000,2600.36,27.063769,-169.617226,3.1e-05,0.05167
184682,915,373.112,162,2602.44,27.60425,-169.903009,-7e-05,0.051632
185682,916,2668.504,1000,2617.57,27.34511,-170.364816,-0.00059,0.051963
186682,917,2913.677,1000,2630.81,27.09822,-171.320733,-0.000865,0.052836
187296,918,1702.725,614,2639.5,27.192221,-171.845098,-0.001396,0.053596
187594,919,896.752,298,2643.91,27.612164,-172.338885,0.000233,0.053496
188011,920,1254.084,417,2649.26,27.15149,-172.583896,0.003695,0.052257
188390,921,1024.765,379,2654.47,27.747384,-173.011025,-0.000948,0.052421
189340,922,2973.385,950,2667.78,27.974357,-173.34973,-0.001157,0.053383
190193,923,2125.365,853,2684.34,27.896804,-174.052066,0.002045,0.051886
190917,924,2284.181,724,2694.3,28.111573,-174.660244,-0.002521,0.053573
191568,925,2006.944,651,2703.03,28.489313,-174.945783,-1.5e-05,0.053583
191961,926,1337.152,393,2708.17,28.616383,-175.50532,0.003748,0.052306
192961,927,2780.723,1000,2721.99,28.093555,-175.698837,-0.000958,0.053073
193961,928,2967.409,1000,2735.09,28.329301,-176.408736,-0.000859,0.053892
194961,929,2927.682,1000,2749.32,27.742693,-177.208377,0.001299,0.052743
195845,930,2750.936,884,2760.87,28.203908,-177.92919,-0.0003,0.052943
196845,931,2534.289,1000,2775.01,28.690086,-178.548101,0.000257,0.052673
197845,932,2855.607,1000,2788.35,28.192961,-179.491556,-0.001604,0.054215
198775,933,2961.104,930,2801.92,28.061351,-180.021382,-0.00025,0.054373
199729,934,3009.916,954,2816.47,28.42845,-180.770342,-4.6e-05,0.054394
200729,935,2860.949,1000,2838.09,28.387969,-181.508237,-0.000326,0.054655
201729,936,3086.835,1000,2854.18,27.837271,-182.206078,-8.1e-05,0.054864
202069,937,1014.381,340,2859.09,27.8983,-182.608618,0.001001,0.054491
202771,938,2131.658,702,2868.07,27.822418,-182.940186,-7.4e-05,0.054522
203771,939,2896.071,1000,2882.34,28.163595,-183.535739,-0.000198,0.054632
204401,940,1992.88,630,2890.44,28.047546,-184.002762,-0.001581,0.055698
205401,941,2930.775,1000,2904.03,28.127265,-184.281754,0.000712,0.055002
205815,942,1365.927,414,2909.81,28.374861,-184.791164,-0.00021,0.055065
206815,943,2763.4,1000,2923.75,27.735917,-185.125949,-0.000102,0.055134
207555,944,2244.667,740,2934.61,28.351611,-185.724356,0.001286,0.054305
208555,945,2837.414,1000,2949.97,27.902698,-186.211709,-0.000436,0.054704
209555,946,2891.945,1000,2965.63,27.768292,-186.93203,0.001477,0.053567
210454,947,2712.864,899,2986.55,27.611365,-187.496902,-7e-05,0.053605
211454,948,3108.096,1000,3002.35,27.702699,-188.190782,0.000592,0.053047
212454,949,2898.018,1000,3016.82,27.685408,-188.822872,-0.000312,0.053367
213454,950,2881.332,1000,3031.05,27.937155,-189.189443,9.8e-05,0.053231
214454,951,3181.709,1000,3044.67,27.307243,-190.076859,-0.002073,0.054988
215036,952,1734.716,582,3052.76,27.190488,-190.304306,0.004161,0.05302
216036,953,3274.297,1000,3067.74,27.651992,-190.916184,-0.001208,0.05411
217036,954,3151.762,1000,3081.19,27.269882,-191.434248,-5.2e-05,0.054072
218036,955,2820.126,1000,3095.28,27.118008,-191.927238,-0.000478,0.054481
219036,956,3132.653,1000,3108.59,27.330032,-192.177565,0.000176,0.054335
220036,957,3202.054,1000,3128.4,27.670294,-192.710805,-0.002321,0.056352
221036,958,3269.692,1000,3143.04,27.263857,-193.535971,0.003029,0.053899
222036,959,3051.532,1000,3157.48,27.130392,-193.817167,2.8e-05,0.05388
223036,960,2523.477,1000,3172.15,27.548445,-194.493506,0.001162,0.052744
224036,961,3166.728,1000,3186.77,27.461465,-195.097021,0.000277,0.052592
225036,962,3075.935,1000,3203.51,27.408943,-195.817135,-0.001833,0.05417
226036,963,3015.774,1000,3220.0,27.256271,-196.696956,0.000477,0.053733
227036,964,3142.363,1000,3234.98,26.721755,-197.114731,0.002154,0.051939
228036,965,3037.795,1000,3249.12,27.094583,-197.542024,-0.002222,0.053953
229036,966,3028.216,1000,3263.87,27.915833,-198.245545,0.001082,0.052808
230036,967,2919.619,1000,3285.01,27.070504,-198.794556,-0.00024,0.053113
231036,968,2848.61,1000,3299.73,26.848228,-199.681181,0.000678,0.052482
232036,969,3197.811,1000,3315.56,27.268048,-200.352987,0.001063,0.051683
233036,970,3151.452,1000,3332.71,26.344187,-200.855897,-0.001031,0.052633
234036,971,3090.528,1000,3347.4,26.906059,-201.408173,-0.001322,0.05372
235036,972,3246.134,1000,3360.92,26.726309,-202.183281,0.000685,0.052984
236036,973,3080.095,1000,3375.24,27.057171,-203.244537,-0.000533,0.053533
237036,974,2690.988,1000,3388.92,26.43354,-203.785024,0.000104,0.05341
238036,975,3103.135,1000,3402.91,26.611627,-204.285782,-0.001201,0.054494
239036,976,2895.902,1000,3417.18,26.705594,-204.752939,0.0018,0.052894
239394,977,1152.065,358,3422.2,26.757738,-205.226708,-0.001477,0.053399
240394,978,3317.654,1000,3441.19,27.698875,-205.235391,-0.000569,0.053924
240536,979,223.553,142,3443.27,26.675033,-205.986641,0.002086,0.053668
241536,980,3113.002,1000,3456.85,27.779377,-205.741864,0.000452,0.053247
242536,981,3215.603,1000,3470.48,27.683755,-206.346373,7.3e-05,0.053242
243536,982,3215.463,1000,3483.66,27.214893,-207.015201,-0.000895,0.053947
244536,983,3225.119,1000,3497.04,28.119296,-207.612156,0.001806,0.052382
245536,984,3209.961,1000,3510.72,27.712774,-208.002881,-0.001552,0.053821
245599,985,33.725,63,3511.6,26.073904,-209.027934,-0.004944,0.053888
246599,986,3226.521,1000,3526.5,28.469286,-208.754981,0.002467,0.052054
247599,987,3325.726,1000,3541.72,28.087496,-209.085936,-0.001213,0.052845
248599,988,3157.525,1000,3557.86,27.187085,-209.713332,-0.000761,0.053538
249599,989,3483.94,1000,3573.97,27.534875,-210.407209,-0.000114,0.053721
250599,990,3250.141,1000,3590.75,26.645349,-210.953953,-0.000836,0.054314
251599,991,3352.675,1000,3605.2,27.647446,-211.461931,0.000668,0.053677
252599,992,3334.291,1000,3619.76,27.011629,-212.346765,-0.000157,0.053805
253599,993,3481.435,1000,3633.61,27.706377,-212.467205,-0.00068,0.054508
254599,994,3314.985,1000,3649.35,27.077269,-213.30826,0.000644,0.053928
255599,995,3167.301,1000,3667.01,27.622324,-213.627252,0.000237,0.053624
256599,996,3480.076,1000,3683.67,27.550764,-214.146336,0.000102,0.053595
257399,997,2662.74,800,3696.3,27.550384,-214.646818,-0.002127,0.055111
258399,998,3368.728,1000,3710.17,27.716663,-215.054276,0.000887,0.054344
258487,999,174.678,88,3711.29,27.660221,-215.916165,0.000806,0.054194
259487,1000,3366.709,1000,3725.2,26.689474,-215.884935,0.000743,0.05354
260487,1001,3410.973,1000,3745.93,27.348494,-216.387516,0.000934,0.052877
261487,1002,3203.036,1000,3758.82,27.243984,-216.746293,0.000232,0.052646
262487,1003,3327.049,1000,3773.21,27.978015,-217.254966,-0.001002,0.053523
263487,1004,3223.04,1000,3787.57,26.95402,-217.865976,-0.0014,0.054697
264487,1005,3509.991,1000,3801.57,27.882478,-218.369163,-0.000852,0.055549
264524,1006,-5.682,37,3802.12,24.145861,-218.908559,0.006957,0.055389
265237,1007,2448.346,713,3811.69,27.651895,-218.594605,0.00068,0.054938
266237,1008,3416.23,1000,3825.29,27.310509,-218.859025,0.000236,0.054646
267237,1009,3321.042,1000,3838.83,27.508926,-219.509264,-0.001536,0.056064
268237,1010,3570.083,1000,3853.6,27.037414,-219.848064,0.000393,0.055735
269237,1011,3506.844,1000,3868.67,27.709811,-220.368346,0.000242,0.055575
269871,1012,2139.473,634,3877.76,27.012107,-221.057454,0.002571,0.054051
270871,1013,3453.945,1000,3898.43,27.332251,-221.454131,-0.002396,0.056273
271871,1014,3432.367,1000,3912.7,27.652675,-221.717775,0.000354,0.055846
272871,1015,3562.035,1000,3926.67,26.937842,-222.216099,0.000682,0.055365
273871,1016,1019.438,1000,3939.89,27.418128,-222.748439,-0.000863,0.056012
274871,1017,3475.061,1000,3953.47,27.526646,-222.817518,0.00116,0.055098
275871,1018,992.954,1000,3966.07,27.607886,-223.337281,0.000987,0.054125
275993,1019,228.735,122,3967.63,28.344383,-223.165118,0.001206,0.054174
276993,1020,3496.109,1000,3980.91,27.923422,-223.486451,0.000512,0.05361
277274,1021,309.504,281,3984.46,27.426229,-223.569408,-0.003637,0.054432
278274,1022,3462.284,1000,3997.45,28.368326,-223.755061,-0.001296,0.0556
279274,1023,3498.241,1000,4012.64,28.710649,-224.133112,0.000588,0.055218
280274,1024,3592.162,1000,4034.41,28.405175,-224.56283,-0.001063,0.056076
280387,1025,232.103,113,4036.34,30.222638,-224.153749,0.000701,0.0561
281387,1026,3554.061,1000,4053.14,28.331437,-224.992372,-7.5e-05,0.056184
282387,1027,3494.957,1000,4067.96,28.970753,-225.368008,7.4e-05,0.056007
283387,1028,3508.45,1000,4081.61,28.330861,-226.169464,0.000763,0.055331
284387,1029,3560.059,1000,4095.85,28.897987,-226.431771,-0.001251,0.056638
284428,1030,14.945,41,4096.38,29.585988,-226.596846,-0.010716,0.056847
285428,1031,3394.079,1000,4109.77,28.872901,-227.186919,0.001284,0.055799
285528,1032,186.994,100,4111.18,28.681925,-227.080403,-0.00231,0.055913
286528,1033,3588.281,1000,4124.88,28.205889,-227.826071,-0.001338,0.057264
287528,1034,3548.774,1000,4138.82,28.984803,-228.27984,0.002643,0.054947
287818,1035,496.527,290,4142.61,28.460546,-228.538858,-0.004676,0.056099
288818,1036,3689.542,1000,4155.24,28.381554,-228.791738,-0.000437,0.056538
289818,1037,3455.293,1000,4168.67,28.892069,-229.093754,-7.6e-05,0.056595
290818,1038,3451.291,1000,4188.07,27.957276,-230.004746,0.000867,0.055728
291168,1039,630.052,350,4192.87,28.161413,-230.294048,-0.000421,0.055937
292168,1040,3484.178,1000,4205.79,28.405052,-230.435585,-0.000595,0.056487
293035,1041,2941.314,867,4217.52,28.480356,-230.459918,0.001974,0.054901
293244,1042,573.769,209,4220.58,28.673363,-231.020811,-0.000229,0.054932
293878,1043,2059.839,634,4229.05,29.379401,-231.136609,-8.1e-05,0.055172
294001,1044,236.912,123,4230.7,30.381786,-230.984136,-0.005409,0.05552
295001,1045,3479.132,1000,4245.5,29.142541,-231.553351,0.000713,0.055129
295712,1046,2435.059,711,4257.16,29.640599,-231.892119,-0.001501,0.05605
296650,1047,3328.793,938,4272.21,29.457917,-232.054875,-0.00046,0.05622
297650,1048,3526.172,1000,4286.44,29.299792,-232.352593,-0.000121,0.056531
298650,1049,3481.676,1000,4299.7,29.142984,-232.914077,0.000813,0.055948
298720,1050,-17.104,70,4300.66,28.61797,-233.139091,0.002092,0.055617
299720,1051,3552.066,1000,4314.39,29.261139,-233.009051,-0.0018,0.057281
300720,1052,3425.293,1000,4332.26,28.993474,-233.638801,0.001444,0.05602
300992,1053,787.545,272,4336.03,29.575379,-233.63121,-0.002201,0.056554
301992,1054,3498.755,1000,4350.35,29.178042,-233.7335,0.000612,0.056013
302992,1055,3393.179,1000,4365.99,29.822309,-234.140603,-0.000825,0.056872
303992,1056,3606.58,1000,4382.52,29.428019,-234.381916,-0.000788,0.057608
304992,1057,3166.704,1000,4399.89,29.251925,-234.399304,-0.000108,0.057595
305992,1058,3612.23,1000,4416.94,29.162208,-234.673076,-0.000175,0.057756
306992,1059,3626.946,1000,4430.96,29.119363,-235.308649,-0.000132,0.057837
307992,1060,3549.741,1000,4445.24,28.87165,-235.583574,-0.001032,0.058742
308992,1061,3498.439,1000,4459.4,28.798626,-236.131138,0.000955,0.057953
309992,1062,3665.817,1000,4473.36,28.707385,-236.529536,0.001286,0.056867
310992,1063,3617.074,1000,4492.45,28.900376,-236.595629,-0.002946,0.059465
311992,1064,3519.392,1000,4505.56,29.03799,-237.044472,0.001216,0.058172
312992,1065,3488.732,1000,4519.52,29.051187,-237.416501,0.001809,0.056718
313992,1066,3560.789,1000,4532.5,28.725082,-238.088987,0.001177,0.05558
314035,1067,15.745,43,4533.08,28.378072,-238.030234,-0.006925,0.055936
315035,1068,3432.485,1000,4546.87,29.724282,-238.450616,-0.001481,0.057379
316035,1069,3491.222,1000,4559.95,29.634781,-238.599169,-0.001082,0.058132
316148,1070,12.71,113,4561.45,28.180688,-238.440734,-0.00293,0.058533
316271,1071,85.417,123,4563.11,28.533993,-239.330169,-0.007538,0.059319
317271,1072,3497.143,1000,4576.44,29.683186,-238.811587,0.002272,0.057341
318271,1073,3630.476,1000,4590.36,29.206276,-239.094952,0.000745,0.056675
319271,1074,3573.319,1000,4605.61,29.377275,-239.589503,-0.000967,0.057514
320271,1075,3597.201,1000,4629.11,28.969611,-240.096184,-0.000248,0.057778
321271,1076,3643.889,1000,4646.86,29.766112,-240.489417,0.000133,0.05769
322271,1077,3565.672,1000,4662.27,29.336115,-240.810585,0.001121,0.056745
322833,1078,1832.586,562,4669.28,28.761468,-241.292045,0.002863,0.05534
323833,1079,3621.738,1000,4683.03,29.386462,-241.593797,-0.001008,0.056125
324833,1080,3595.523,1000,4696.78,28.903052,-241.787297,-0.001327,0.057398
325833,1081,3633.655,1000,4711.65,28.798165,-242.511623,0.001225,0.056276
326833,1082,3723.054,1000,4726.13,28.705722,-243.052696,-0.000421,0.056632
327833,1083,3614.747,1000,4740.39,29.340763,-243.423891,0.000292,0.056346
328833,1084,3625.937,1000,4756.88,28.778536,-243.790137,-0.000262,0.056644
329833,1085,3379.666,1000,4774.6,28.833753,-244.241607,0.000464,0.056139
330833,1086,3590.721,1000,4793.84,29.091902,-244.482274,-0.000912,0.056915
331833,1087,3641.177,1000,4806.83,29.135759,-245.034715,0.002523,0.054748
332833,1088,3609.756,1000,4821.17,28.10957,-245.538619,-0.000562,0.05513
333833,1089,3669.189,1000,4835.67,28.340486,-246.094274,-0.001543,0.056668
334833,1090,3573.563,1000,4849.48,28.311156,-246.50953,0.001176,0.055609
335833,1091,3628.529,1000,4863.85,28.852182,-246.727306,-0.002051,0.057416
336833,1092,3648.478,1000,4877.83,28.583222,-247.139002,0.00134,0.056261
337833,1093,3689.326,1000,4891.0,28.328738,-247.848939,-0.001798,0.057944
338833,1094,3700.123,1000,4904.59,28.263896,-248.159117,0.001858,0.056289
339833,1095,3596.024,1000,4918.15,28.441777,-248.363523,-0.000559,0.056691
340833,1096,3557.424,1000,4937.06,28.635619,-249.022843,0.001474,0.055423
341833,1097,3691.787,1000,4951.03,27.977595,-249.389599,-0.001964,0.057314
342833,1098,3281.689,1000,4966.15,28.179354,-249.577646,0.0026,0.054875
343833,1099,3655.098,1000,4981.64,27.996322,-249.579089,-0.001675,0.056515
344833,1100,3764.77,1000,4998.47,27.866795,-250.412661,0.000638,0.055884
345833,1101,3724.657,1000,5015.14,27.510902,-250.808767,-7.8e-05,0.055929
346833,1102,3645.173,1000,5028.41,27.998943,-251.348587,0.00095,0.055
347833,1103,3580.397,1000,5041.14,29.153027,-251.690207,-0.000693,0.055614
348833,1104,3787.112,1000,5054.59,28.763673,-252.071251,0.001134,0.054704
349833,1105,3392.616,1000,5068.39,28.63217,-252.266967,0.001615,0.053037
350833,1106,3686.187,1000,5089.57,28.101996,-252.825362,-6.5e-05,0.053182
351833,1107,3672.728,1000,5104.73,29.013698,-252.983113,-0.002263,0.055242
352833,1108,3573.392,1000,5121.63,28.607546,-253.249449,0.000149,0.055055
353833,1109,3645.343,1000,5138.45,28.49388,-253.660935,0.000894,0.054289
354833,1110,3683.997,1000,5152.81,28.290241,-254.156852,-0.001483,0.05573
355833,1111,3577.896,1000,5167.05,28.145332,-254.423933,0.000101,0.055611
356833,1112,3730.537,1000,5180.95,28.176036,-254.970306,-0.000315,0.055975
357833,1113,3809.502,1000,5195.87,28.180663,-255.19905,0.001327,0.054805
358833,1114,3736.971,1000,5209.19,27.984387,-255.918525,0.000828,0.053961
359833,1115,3648.548,1000,5223.21,28.315257,-256.299536,-0.00079,0.054691
360833,1116,3598.548,1000,5242.16,28.210646,-256.58937,0.000102,0.054627
361007,1117,375.583,174,5244.6,26.772834,-257.373752,0.004054,0.054052
362007,1118,3635.562,1000,5258.33,27.932245,-257.280846,0.000615,0.053375
363007,1119,3711.672,1000,5271.79,27.289403,-257.622793,-0.000894,0.05417
364007,1120,3836.487,1000,5285.03,27.626959,-257.792787,-0.00057,0.054842
365007,1121,3817.685,1000,5298.13,27.338406,-258.581899,0.003021,0.052137
366007,1122,3660.387,1000,5311.73,27.042474,-258.560193,-0.000631,0.05272
367007,1123,3757.355,1000,5327.1,27.050123,-259.465377,-0.001143,0.053693
368007,1124,3770.19,1000,5343.76,27.715443,-259.434565,-0.000241,0.053902
369007,1125,3769.429,1000,5360.5,27.403313,-259.892395,-0.00064,0.054524
370007,1126,3432.521,1000,5380.92,27.25534,-260.315802,0.001013,0.053638
371007,1127,3567.003,1000,5394.0,26.690106,-260.842547,0.000238,0.053493
371865,1128,3198.778,858,5405.07,27.047869,-261.275274,0.000802,0.052772
372865,1129,3860.793,1000,5419.08,26.765596,-261.588668,-0.001995,0.054569
373865,1130,3986.559,1000,5433.06,27.284504,-261.892372,0.000899,0.053688
374865,1131,3623.142,1000,5447.95,27.206576,-262.334167,-0.000851,0.054406
375865,1132,3705.527,1000,5464.03,27.85787,-262.486918,-0.000185,0.054846
376865,1133,3772.893,1000,5481.31,26.811138,-263.234914,0.001232,0.053424
377865,1134,3716.024,1000,5497.51,26.815515,-263.140997,0.00097,0.052693
378865,1135,3777.428,1000,5510.01,27.212277,-263.668764,-0.001819,0.054371
379622,1136,2799.847,757,5520.47,27.133783,-264.040384,-0.00087,0.055162
380622,1137,3814.444,1000,5540.17,27.142915,-264.177459,0.001632,0.05342
381622,1138,3403.273,1000,5554.73,26.666509,-264.586734,9.9e-05,0.053479
381766,1139,323.61,144,5556.63,26.824899,-264.690556,-0.00223,0.053688
382766,1140,3869.966,1000,5569.83,26.465298,-265.203014,0.001574,0.052322
382834,1141,118.315,68,5570.78,26.246844,-265.127163,-0.000264,0.052329
383834,1142,3770.848,1000,5584.95,27.244706,-265.603789,-0.000487,0.052731
384834,1143,3825.07,1000,5598.6,26.744924,-265.842912,-0.000303,0.052895
385834,1144,3648.493,1000,5612.02,26.04075,-266.409129,0.000899,0.052265
386834,1145,3855.811,1000,5625.51,25.959488,-266.596904,-0.001103,0.053291
386920,1146,200.145,86,5626.72,26.333201,-266.498398,-0.00476,0.05364
387920,1147,3816.133,1000,5639.56,26.31618,-266.915385,-0.00018,0.053745
388024,1148,251.915,104,5641.0,27.902524,-267.235195,0.00666,0.05327
389024,1149,3621.417,1000,5654.23,26.874037,-267.226597,-0.000353,0.053636
390024,1150,3862.201,1000,5672.99,27.098035,-267.228389,0.000822,0.052869
391024,1151,3784.993,1000,5688.03,27.052821,-267.484864,-0.000643,0.0534
392024,1152,3859.234,1000,5702.71,26.757789,-268.060355,-0.001997,0.055245
393024,1153,3728.918,1000,5717.58,26.34925,-268.212079,0.000904,0.054348
394024,1154,4023.894,1000,5733.07,27.448374,-268.290016,0.001435,0.053179
395024,1155,3824.178,1000,5746.39,27.063011,-268.813534,-0.001277,0.054274
396024,1156,4001.344,1000,5760.36,27.170808,-269.030669,4e-06,0.054217
397024,1157,3787.135,1000,5772.84,27.011874,-269.322877,0.0016,0.052813
398024,1158,4046.795,1000,5786.45,26.02723,-269.774248,-0.000622,0.053385
399024,1159,3998.228,1000,5799.91,26.674483,-270.303992,-0.00058,0.05377
400024,1160,3804.531,1000,5823.89,26.167483,-270.643772,-0.000168,0.054042
401024,1161,3892.596,1000,5841.35,26.384312,-270.861129,0.001419,0.052859
402024,1162,3826.432,1000,5857.48,26.624347,-271.426688,0.000579,0.05222
403024,1163,3904.911,1000,5870.6,26.708641,-271.726211,-0.000366,0.052705
404024,1164,3728.596,1000,5883.46,26.365886,-272.356918,-0.001846,0.054337
405024,1165,3900.224,1000,5897.11,26.113922,-272.644688,0.001167,0.053213
406024,1166,3936.673,1000,5911.27,26.259767,-272.921241,-0.000811,0.053897
407024,1167,3790.559,1000,5925.4,26.569993,-273.659101,-0.001052,0.054969
408024,1168,3821.398,1000,5939.13,26.639917,-274.054823,0.002041,0.053174
409024,1169,3597.811,1000,5952.98,25.936334,-274.328276,0.000633,0.0526
410024,1170,3834.319,1000,5971.85,26.494803,-274.9079,0.000313,0.052231
411024,1171,3929.079,1000,5985.16,26.310924,-275.131943,-0.001416,0.053531
411158,1172,226.82,134,5986.93,26.374678,-275.646082,-0.000666,0.05358
412158,1173,3837.116,1000,6000.0,26.408756,-275.517758,-0.00112,0.054662
413158,1174,3811.53,1000,6013.73,26.073331,-275.688034,0.002313,0.052611
414158,1175,3845.185,1000,6027.57,25.693977,-276.183828,-0.000487,0.053062
415158,1176,3809.899,1000,6041.97,25.109507,-276.508415,-0.000888,0.053757
416158,1177,3981.555,1000,6057.56,25.959471,-276.742278,0.000146,0.053645
417158,1178,3877.101,1000,6073.67,25.826248,-277.247781,-0.002212,0.055689
418105,1179,3661.522,947,6089.6,26.031245,-277.360269,0.002043,0.053926
419105,1180,3950.988,1000,6103.89,26.788783,-278.064063,0.001528,0.052548
420105,1181,3819.41,1000,6122.94,25.604747,-278.496305,-3.9e-05,0.052627
421105,1182,3888.374,1000,6136.74,25.084139,-278.813576,0.001347,0.051479
422105,1183,3758.631,1000,6150.81,25.562447,-279.320577,-0.000688,0.052102
423105,1184,3890.779,1000,6165.33,25.239785,-279.338989,-0.000524,0.052548
424105,1185,3937.919,1000,6180.39,25.252209,-280.076237,0.000906,0.051721
425105,1186,3983.815,1000,6196.93,24.911012,-280.312927,0.000517,0.051335
426105,1187,3869.797,1000,6214.25,26.02042,-280.556813,0.000779,0.050546
427105,1188,3955.514,1000,6228.03,25.570307,-280.782674,-0.000258,0.050855
428105,1189,3917.268,1000,6240.6,25.419461,-281.353885,0.000429,0.050379
429105,1190,3924.715,1000,6254.14,25.136248,-281.421841,-0.000856,0.051116
430105,1191,3704.057,1000,6275.86,26.038625,-281.727609,0.00095,0.050377
431105,1192,3834.681,1000,6289.43,25.213008,-282.429487,-0.001277,0.051468
432105,1193,3983.168,1000,6303.06,24.777359,-282.797232,0.000336,0.051147
433105,1194,4003.384,1000,6316.79,24.566041,-283.003631,0.000329,0.050859
434105,1195,3969.46,1000,6330.25,25.349581,-283.634801,-0.000203,0.051015
435105,1196,3823.454,1000,6343.72,24.955539,-284.071529,0.001071,0.050031
436105,1197,3836.033,1000,6357.38,24.273712,-284.547005,-0.000794,0.050784
437105,1198,3926.143,1000,6372.12,25.239761,-284.93958,-0.000871,0.051619
438105,1199,3906.736,1000,6386.5,25.312121,-285.072977,-0.000572,0.051966
439105,1200,4028.682,1000,6400.88,24.836612,-285.508582,0.000725,0.051392
440105,1201,3968.415,1000,6423.36,24.962449,-285.897569,0.000807,0.050755
441105,1202,3904.678,1000,6440.58,25.107415,-286.27503,-0.001123,0.051696
442105,1203,3754.459,1000,6457.48,24.465806,-286.551304,0.000908,0.051015
443105,1204,3781.583,1000,6472.1,24.571142,-286.643246,-0.00036,0.051255
444105,1205,3882.886,1000,6486.02,25.551872,-287.154351,0.001191,0.050181
445105,1206,3587.368,1000,6501.01,23.871889,-287.052975,-0.000441,0.05082
446105,1207,3743.096,1000,6514.89,24.86672,-287.449848,-0.000919,0.051572
447105,1208,3868.364,1000,6529.15,24.308836,-287.856369,0.000484,0.051071
448105,1209,3896.789,1000,6543.72,23.934941,-288.345705,0.001182,0.049975
449105,1210,3916.185,1000,6560.36,24.57457,-288.366551,-0.00076,0.050655
450105,1211,3864.998,1000,6582.48,23.849556,-288.607393,0.000727,0.049907
451105,1212,3950.063,1000,6596.46,23.951761,-289.136126,0.000857,0.049341
452010,1213,3501.818,905,6609.58,24.919639,-289.337472,0.000769,0.048698
453000,1214,3902.255,990,6623.69,24.77205,-289.542485,-0.001845,0.050287
454000,1215,3769.763,1000,6638.08,24.761506,-289.602932,0.00144,0.049142
455000,1216,3858.643,1000,6652.02,25.24115,-289.619189,0.000702,0.048287
456000,1217,3929.775,1000,6666.47,23.995773,-290.208563,6.4e-05,0.048422
457000,1218,3760.731,1000,6679.86,24.989614,-290.316071,-0.002672,0.050612
458000,1219,3839.625,1000,6693.01,24.34441,-290.450312,-0.000868,0.051301
459000,1220,3986.141,1000,6706.14,23.882859,-290.522013,0.000731,0.050727
460000,1221,3760.719,1000,6719.68,24.081408,-290.655641,0.000263,0.050613
461000,1222,3966.342,1000,6739.89,24.273358,-291.444453,-0.000812,0.051414
462000,1223,3976.233,1000,6753.88,23.965176,-291.344802,0.000962,0.050526
463000,1224,3910.418,1000,6767.69,24.466491,-291.722381,-0.001159,0.051589
464000,1225,4031.398,1000,6782.98,24.509877,-291.714423,9.2e-05,0.051476
465000,1226,3826.273,1000,6799.99,23.949338,-291.910558,0.00227,0.049522
466000,1227,3833.958,1000,6816.92,23.766932,-292.27482,-0.001001,0.050368
467000,1228,3994.09,1000,6830.3,24.536888,-292.400462,0.000504,0.049932
468000,1229,3788.661,1000,6845.07,24.112026,-292.862597,-0.000123,0.050052
469000,1230,3887.361,1000,6858.48,24.367022,-292.901493,-0.001271,0.051349
470000,1231,3572.471,1000,6872.05,24.885666,-292.849089,0.001548,0.049797
470182,1232,366.464,182,6880.03,23.06696,-293.333708,0.001233,0.049787
471182,1233,3896.112,1000,6894.97,23.530006,-293.236104,-0.000146,0.049722
472182,1234,3936.187,1000,6909.81,24.031951,-293.448322,0.000144,0.049646
473182,1235,3766.622,1000,6926.77,23.763031,-293.531212,-0.002516,0.05188
474182,1236,3841.26,1000,6941.11,23.471255,-293.62658,0.001185,0.050859
475182,1237,3764.817,1000,6954.32,23.801709,-293.697159,0.000314,0.050702
476182,1238,3912.668,1000,6967.91,24.062512,-293.878399,-0.00037,0.050945
477182,1239,3717.15,1000,6981.76,23.896349,-293.931749,0.000727,0.050323
478182,1240,3866.082,1000,6996.23,24.386983,-294.113251,0.000246,0.050055
479182,1241,3885.325,1000,7010.41,23.614983,-294.249034,-0.00058,0.050663
480182,1242,3857.854,1000,7028.79,23.47578,-294.173232,0.000615,0.050182
480357,1243,342.411,175,7031.37,23.944664,-293.887579,-0.000218,0.050106
481357,1244,4017.23,1000,7045.49,23.687353,-294.234078,0.001159,0.049114
482357,1245,3799.786,1000,7058.42,24.450224,-294.761688,0.001382,0.048038
483357,1246,3826.077,1000,7071.95,23.995011,-295.148798,-0.000662,0.048491
484357,1247,3588.693,1000,7085.52,24.100745,-294.931407,-0.000917,0.049401
485357,1248,3910.95,1000,7098.28,23.609944,-295.336034,0.000489,0.048772
485549,1249,497.416,192,7100.89,24.275237,-295.20515,-0.0028,0.049322
486549,1250,4035.087,1000,7115.21,23.623533,-295.71821,0.000912,0.048521
487549,1251,3750.224,1000,7130.75,23.196406,-295.996067,-0.000637,0.049157
488549,1252,3990.141,1000,7146.15,23.836382,-295.803863,-0.000297,0.049304
489549,1253,3920.571,1000,7161.31,24.027571,-296.4562,-0.001085,0.050353
490549,1254,3750.322,1000,7180.74,24.451111,-296.496046,0.001162,0.049283
491549,1255,3883.757,1000,7194.4,23.684197,-296.859711,-0.001863,0.050995
491694,1256,315.31,145,7196.47,23.088522,-296.719141,-4.9e-05,0.050918
492694,1257,3841.24,1000,7209.2,23.55782,-297.090342,0.001603,0.04959
493694,1258,3981.924,1000,7222.53,24.293408,-297.117952,-0.000698,0.050204
493847,1259,376.267,153,7224.46,24.162675,-296.984927,-0.002099,0.050419
494847,1260,3946.042,1000,7237.19,24.149226,-297.052916,-0.000194,0.050632
495847,1261,3759.845,1000,7250.72,24.07306,-297.441689,0.002097,0.048911
496847,1262,3990.715,1000,7265.55,24.205422,-297.536129,-0.000597,0.049408
497128,1263,705.108,281,7269.42,23.727298,-297.554904,-0.000402,0.049478
498128,1264,3938.609,1000,7285.62,24.148856,-298.03957,-0.00094,0.050374
499128,1265,4052.657,1000,7300.57,23.195643,-298.21567,0.002462,0.04814
500128,1266,3953.641,1000,7319.47,23.826534,-298.315545,-0.003792,0.051473
501128,1267,4032.38,1000,7333.12,24.127943,-298.693479,0.00229,0.049448
502128,1268,3912.642,1000,7346.91,23.769675,-298.685714,-0.001783,0.051192
503128,1269,3945.36,1000,7360.9,23.436293,-299.08522,0.000285,0.050857
504128,1270,3926.299,1000,7374.39,24.097177,-299.281305,0.001431,0.049636
505128,1271,4011.174,1000,7390.88,23.857068,-299.447358,-0.000826,0.050385
506128,1272,3947.668,1000,7410.5,24.287404,-299.747407,0.000822,0.049543
507128,1273,4013.951,1000,7436.83,23.407969,-299.94866,0.001213,0.048426
508128,1274,4090.572,1000,7452.33,23.900778,-300.17767,0.001054,0.047686
509128,1275,4006.663,1000,7466.09,23.759332,-300.262997,-0.001332,0.048837
510128,1276,4076.662,1000,7488.07,23.100528,-300.159698,-0.002102,0.050652
511128,1277,3962.909,1000,7503.53,22.951755,-300.464032,0.001212,0.049688
512128,1278,3956.637,1000,7519.23,23.15642,-300.657311,-0.000443,0.050192
513128,1279,4049.517,1000,7534.59,23.94994,-301.058991,-0.000229,0.050212
514128,1280,3964.096,1000,7547.67,23.430314,-301.031118,-0.000489,0.050619
515128,1281,4073.7,1000,7561.46,22.920169,-301.364043,0.001343,0.049492
516128,1282,3939.123,1000,7574.77,23.245357,-301.252798,-0.001801,0.051132
517128,1283,3943.816,1000,7588.43,22.857474,-301.422112,0.001258,0.050097
518128,1284,3969.376,1000,7602.79,23.403024,-301.609401,2e-05,0.050087
519128,1285,3982.908,1000,7617.85,22.598805,-301.906141,-0.000729,0.050647
520128,1286,3798.156,1000,7638.72,23.261996,-302.297938,0.001566,0.049247
521128,1287,4071.038,1000,7654.12,22.573209,-302.37219,0.001984,0.04755
522128,1288,4162.602,1000,7667.29,22.94888,-302.78197,-0.001316,0.048673
523128,1289,3936.217,1000,7680.78,22.797488,-302.692571,-0.000221,0.048855
523264,1290,207.414,136,7682.54,24.013266,-303.020824,0.001526,0.048743
524264,1291,4009.166,1000,7695.64,23.592868,-303.012679,-0.000351,0.049002
525264,1292,4060.698,1000,7709.53,23.294574,-303.193487,-0.00037,0.049334
526264,1293,3918.672,1000,7723.83,22.675616,-303.866341,8.3e-05,0.049243
527264,1294,4038.061,1000,7737.43,23.328992,-303.591736,0.000201,0.049082
528264,1295,3737.533,1000,7751.57,22.787172,-304.068221,-0.000861,0.049842
529264,1296,4025.035,1000,7765.11,22.414325,-304.431012,0.001746,0.04825
529335,1297,40.072,71,7766.11,22.46212,-304.644667,0.005163,0.048055
529486,1298,272.509,151,7768.18,23.156841,-303.881957,-0.000515,0.0482
530486,1299,3897.534,1000,7788.08,23.38771,-304.620656,-0.001247,0.049092
531486,1300,4047.053,1000,7801.5,23.456219,-304.62256,0.000868,0.048429
532486,1301,3806.952,1000,7815.19,23.004325,-304.491723,-0.001448,0.049716
533486,1302,4006.906,1000,7829.17,22.894316,-304.77342,0.001922,0.047954
534486,1303,3884.482,1000,7843.08,23.497526,-305.306547,-0.001441,0.049161
535486,1304,4012.481,1000,7858.58,22.181723,-305.485156,0.00073,0.04857
535671,1305,527.688,185,7861.51,22.241887,-305.22366,-0.000634,0.048689
536671,1306,4052.896,1000,7878.86,22.542242,-305.383949,0.000257,0.048498
537671,1307,4005.42,1000,7896.48,22.719782,-305.499988,-0.000635,0.049083
538671,1308,3970.419,1000,7909.58,23.250104,-305.484432,-0.000359,0.049347
539671,1309,3984.445,1000,7922.52,22.637009,-305.997614,-2.5e-05,0.049334
540671,1310,3966.937,1000,7943.91,22.198119,-306.184503,-0.000906,0.050136
541671,1311,3976.974,1000,7958.27,23.387039,-305.911132,0.000637,0.049668
542671,1312,4058.606,1000,7972.75,23.081555,-306.329426,0.000229,0.049303
543671,1313,4062.336,1000,7989.44,22.624246,-306.275972,-0.000499,0.049832
544671,1314,4068.768,1000,8007.29,22.024189,-306.56295,-0.000422,0.05025
545671,1315,4059.08,1000,8022.5,22.434784,-306.787108,0.001457,0.049076
546671,1316,4097.742,1000,8036.7,22.669022,-306.634296,-0.000103,0.049077
547671,1317,4090.234,1000,8050.9,22.551763,-306.99342,-0.002957,0.051775
548671,1318,4173.829,1000,8064.37,22.127061,-307.203271,0.001343,0.050413
549671,1319,4035.755,1000,8078.69,22.726724,-307.345368,0.001385,0.049277
550671,1320,4031.631,1000,8098.08,22.360267,-307.552271,0.000286,0.048933
551671,1321,4152.094,1000,8112.46,22.11675,-308.038157,0.000641,0.048461
552671,1322,4085.282,1000,8125.79,22.423449,-307.661022,-0.000491,0.048972
553671,1323,4059.961,1000,8139.76,22.252594,-308.080134,-0.000248,0.049269
554671,1324,4051.387,1000,8152.81,22.249343,-308.142273,0.000651,0.048615
555671,1325,4097.953,1000,8166.06,22.131079,-308.460854,-0.000816,0.049259
556671,1326,3975.577,1000,8179.86,22.486645,-308.492294,-0.001128,0.050279
557671,1327,4024.175,1000,8193.47,21.883223,-308.778011,0.00029,0.050035
558671,1328,4034.457,1000,8208.6,22.141483,-308.849662,0.001538,0.048529
559671,1329,4049.77,1000,8224.35,21.875843,-309.221015,0.000473,0.048304
560671,1330,4191.988,1000,8249.52,22.248221,-309.191759,-0.001138,0.049148
561671,1331,3943.606,1000,8264.51,22.248353,-309.700381,0.000275,0.049049
562671,1332,4067.119,1000,8278.63,21.536659,-309.721346,0.000867,0.048228
563671,1333,4121.692,1000,8292.59,21.275432,-310.193388,0.001234,0.047099
564671,1334,4130.208,1000,8306.89,21.671237,-310.121381,-6e-06,0.047078
565671,1335,4044.118,1000,8321.22,21.45897,-310.246856,-0.003601,0.050577
566671,1336,4057.06,1000,8335.08,21.618194,-310.683683,0.002009,0.048648
567671,1337,4079.508,1000,8349.44,21.961769,-310.569958,0.000264,0.048482
568671,1338,4101.344,1000,8366.86,21.874246,-310.608664,-0.001753,0.050195
569671,1339,4075.979,1000,8382.21,22.5687,-311.415477,0.001926,0.048325
570671,1340,4061.93,1000,8400.84,21.18942,-311.334211,-4.1e-05,0.048444
571671,1341,4108.725,1000,8415.18,21.496746,-312.122786,-0.000127,0.04847
572671,1342,4139.522,1000,8429.92,21.80565,-311.988321,-0.001136,0.049607
573671,1343,4183.04,1000,8444.46,21.89576,-312.358881,0.000699,0.048928
574671,1344,4113.111,1000,8459.44,21.908293,-312.375189,0.00031,0.048721
575671,1345,3888.643,1000,8472.67,21.876802,-312.799391,0.000669,0.048006
576671,1346,4082.874,1000,8486.51,21.385911,-313.005681,-0.000707,0.04865
577671,1347,4137.049,1000,8499.98,21.851583,-313.146751,-0.000316,0.048921
578671,1348,4012.177,1000,8513.63,21.602677,-312.882711,0.00019,0.048729
579671,1349,3976.256,1000,8526.57,21.577857,-313.462331,-0.001561,0.050333
580671,1350,4035.141,1000,8547.16,21.486055,-313.34853,0.000874,0.049461
581671,1351,4032.667,1000,8561.49,21.727414,-313.586491,-0.001057,0.050487
582671,1352,4066.979,1000,8576.96,21.623175,-313.675904,0.002187,0.048586
583671,1353,3980.686,1000,8591.89,22.058369,-314.269663,0.001192,0.047489
584671,1354,4103.27,1000,8607.16,21.170328,-314.238103,-3.4e-05,0.047467
585671,1355,4100.754,1000,8622.62,20.599389,-314.750025,-0.001067,0.04841
586671,1356,4086.75,1000,8635.32,21.415074,-314.535495,0.000592,0.04791
586803,1357,274.695,132,8637.07,20.73492,-314.798795,0.001795,0.047815
587803,1358,4059.962,1000,8651.17,21.616901,-314.86884,-0.000659,0.048369
588803,1359,4087.9,1000,8665.16,21.562314,-314.927018,0.000287,0.048113
589803,1360,4037.031,1000,8680.25,21.293047,-315.015293,0.000389,0.047834
590803,1361,4095.811,1000,8701.23,21.553376,-315.506033,-0.001647,0.049397
591803,1362,4139.405,1000,8716.77,21.311109,-315.685302,0.001345,0.048179
592803,1363,4047.921,1000,8732.35,21.176467,-315.589377,3.1e-05,0.047985
593803,1364,4195.32,1000,8745.63,21.214108,-315.749197,-0.000562,0.048594
594803,1365,4125.384,1000,8759.67,21.636302,-315.967911,-0.000207,0.048811
595803,1366,4047.969,1000,8772.84,21.591411,-316.222985,0.000676,0.048222
596803,1367,4004.64,1000,8786.63,21.156374,-316.627256,-0.001665,0.049589
597803,1368,3987.266,1000,8800.79,21.012521,-316.693829,0.001305,0.048558
598803,1369,4078.782,1000,8815.13,21.10007,-316.828464,-0.001177,0.049563
599803,1370,3993.793,1000,8828.13,20.93537,-317.065329,0.000873,0.048829
600803,1371,3998.968,1000,8847.79,21.108252,-316.723291,0.001702,0.047125
601803,1372,4013.824,1000,8861.37,21.216647,-317.063616,0.000107,0.047192
602803,1373,4107.017,1000,8874.55,20.03631,-317.514508,-0.001222,0.048285
603803,1374,4155.512,1000,8888.07,21.072896,-317.616995,0.00111,0.047352
604803,1375,4126.447,1000,8901.61,20.984263,-317.772182,0.002439,0.045232
605803,1376,4131.327,1000,8915.66,20.882835,-317.984124,-0.000701,0.045755
606803,1377,4079.763,1000,8931.56,20.72675,-318.072726,-0.002285,0.047915
607803,1378,4190.079,1000,8947.39,21.0591,-318.378137,-0.00011,0.048045
608803,1379,4219.782,1000,8964.44,20.885692,-318.724713,0.002786,0.045566
609803,1380,3621.837,1000,8979.48,21.128969,-318.840337,-0.002546,0.047723
610803,1381,4009.925,1000,8999.0,21.054436,-318.972354,0.001365,0.046527
611803,1382,3973.516,1000,9012.7,21.09954,-318.973133,0.001362,0.045294
611916,1383,218.196,113,9014.23,22.636855,-319.901636,-0.004081,0.045724
612916,1384,4038.332,1000,9028.73,21.767914,-319.80062,-0.002697,0.048246
613916,1385,4053.519,1000,9043.84,21.032339,-319.955448,-0.000416,0.048491
614916,1386,3879.331,1000,9060.79,20.999284,-319.657814,-0.000389,0.048864
615916,1387,3924.701,1000,9078.21,21.338671,-320.030167,0.000622,0.048394
616916,1388,3914.764,1000,9095.74,21.198377,-319.864482,0.000977,0.047495
617916,1389,4012.354,1000,9108.93,20.490861,-320.028998,-0.002186,0.049587
618916,1390,4028.081,1000,9122.57,21.619717,-319.903063,0.001676,0.04801
619916,1391,3904.597,1000,9136.18,21.097126,-319.864484,-0.002565,0.050218
620916,1392,3873.285,1000,9156.57,20.84502,-320.371413,0.0013,0.049058
621916,1393,4145.087,1000,9170.96,21.537359,-320.358211,0.001299,0.048002
622916,1394,4159.357,1000,9184.96,20.931751,-320.708374,0.000131,0.047886
623916,1395,4140.544,1000,9198.75,21.366842,-320.624416,-0.000869,0.048552
624916,1396,4203.368,1000,9211.52,20.768766,-320.359822,0.000707,0.047899
625916,1397,3859.276,1000,9224.96,21.498266,-320.69304,-0.00041,0.04838
626916,1398,4088.677,1000,9238.07,20.806829,-321.30043,-0.000503,0.048872
627916,1399,3788.449,1000,9251.23,21.13255,-321.02401,0.000162,0.048633
628916,1400,4087.573,1000,9264.41,21.116488,-320.894388,-0.000984,0.049571
629916,1401,4139.453,1000,9278.55,20.653565,-321.287082,0.001828,0.047816
630916,1402,4126.68,1000,9297.27,21.235958,-321.266995,-0.001504,0.049358
631916,1403,4144.075,1000,9311.4,21.115984,-321.50509,-0.000455,0.049776
632916,1404,4068.959,1000,9325.43,20.923431,-321.5469,0.001148,0.048665
633916,1405,4115.617,1000,9340.42,20.877569,-321.691098,2.8e-05,0.048653
634916,1406,4163.12,1000,9353.68,21.333026,-322.043589,-0.001748,0.0503
635916,1407,4261.877,1000,9366.95,20.341088,-322.236029,0.002246,0.0483
636916,1408,4140.147,1000,9381.59,21.297225,-322.193437,-0.000573,0.048683
637916,1409,4153.872,1000,9396.06,21.116321,-322.264586,0.000706,0.048045
638916,1410,4193.218,1000,9409.12,20.316452,-322.70043,0.000166,0.047969
639916,1411,4048.067,1000,9422.48,20.82228,-322.879627,-0.001763,0.049459
640916,1412,4190.64,1000,9441.93,20.924583,-322.716187,0.002003,0.047768
641916,1413,4125.661,1000,9456.15,20.71365,-323.079081,-0.000218,0.04784
642916,1414,4098.271,1000,9471.55,20.880519,-323.350524,-0.000429,0.048362
643916,1415,4164.121,1000,9488.37,20.435048,-323.359011,-0.000294,0.048512
644916,1416,4193.784,1000,9506.34,20.839338,-323.805958,0.000458,0.048071
645916,1417,4204.732,1000,9523.39,21.007977,-323.629794,0.000166,0.048046
646916,1418,4073.019,1000,9537.89,20.729332,-323.808661,0.000207,0.047762
647916,1419,4145.998,1000,9551.42,20.523049,-323.968202,-0.002605,0.050272
648916,1420,4105.67,1000,9566.54,19.999348,-324.110279,0.001729,0.048755
649916,1421,4191.401,1000,9579.75,20.702529,-323.863108,0.001516,0.04738
650916,1422,4162.906,1000,9599.29,20.4308,-324.467169,0.000628,0.046717
651916,1423,4199.009,1000,9612.72,20.262727,-324.998411,-0.000864,0.047639
652916,1424,4102.409,1000,9626.67,20.162086,-325.027165,0.00037,0.04717
653916,1425,4068.512,1000,9641.46,20.272558,-325.377987,-0.001212,0.048279
654916,1426,4158.989,1000,9658.16,20.508778,-325.578947,0.00052,0.047685
655916,1427,4211.178,1000,9674.46,20.05165,-325.520446,0.000617,0.047371
656916,1428,4113.873,1000,9691.33,19.73563,-325.642299,-0.000827,0.048017
657916,1429,4186.765,1000,9705.19,19.859389,-326.10393,-0.000299,0.048327
658916,1430,4192.403,1000,9718.13,19.86231,-326.116661,-0.001011,0.049154
659916,1431,4097.481,1000,9731.39,20.541795,-326.375283,0.002104,0.047256
660916,1432,4187.504,1000,9751.82,20.357415,-326.653817,-0.000882,0.048175
661916,1433,4126.414,1000,9766.34,19.891523,-326.904506,-0.001009,0.049042
662916,1434,4269.083,1000,9780.46,20.166771,-326.952767,-0.002399,0.051321
663916,1435,4236.396,1000,9795.63,20.30611,-327.087277,0.004315,0.047452
664916,1436,4099.927,1000,9811.39,20.183949,-327.259627,-0.000694,0.048059
664992,1437,117.572,76,9812.55,22.085358,-326.080533,-0.002432,0.048409
665992,1438,4206.81,1000,9826.85,19.989604,-327.345858,0.000447,0.047969
666992,1439,4130.555,1000,9840.27,19.922269,-327.331528,-0.000374,0.048304
667992,1440,4188.155,1000,9854.62,20.345417,-327.919193,7.3e-05,0.048214
668992,1441,4234.927,1000,9868.52,20.290886,-327.987401,0.001069,0.047256
669992,1442,4202.734,1000,9883.12,20.220192,-328.295939,0.000247,0.047013
670992,1443,4188.948,1000,9902.49,20.176289,-328.247467,-0.001435,0.048353
671992,1444,4243.774,1000,9916.23,20.37954,-328.66694,0.000793,0.047634
672992,1445,4213.241,1000,9930.06,20.380059,-328.63719,-0.000427,0.048118
673992,1446,4265.928,1000,9943.8,20.137965,-328.882133,0.000704,0.047523
674992,1447,4227.382,1000,9956.99,20.739652,-328.962639,-0.000716,0.048177
675992,1448,4230.582,1000,9970.8,20.091853,-329.332006,-0.000462,0.04853
676992,1449,4112.345,1000,9984.81,19.994292,-329.348935,0.000639,0.047958
677532,1450,2130.717,540,9992.55,19.600175,-329.533843,7.9e-05,0.048053
678532,1451,4182.445,1000,10008.28,19.429463,-329.464932,0.001314,0.046858
679532,1452,4260.423,1000,10023.85,20.344819,-329.758369,0.002457,0.044455
680532,1453,4211.91,1000,10048.79,19.748403,-330.358012,-0.001412,0.045927
681532,1454,4225.234,1000,10062.89,20.129959,-329.929425,-0.001903,0.047528
682532,1455,4197.847,1000,10076.58,19.703282,-330.352649,-0.001241,0.048817
683532,1456,4158.072,1000,10089.75,19.954866,-330.540886,0.001798,0.047342
684532,1457,4201.42,1000,10104.39,19.456527,-330.343129,0.001101,0.046234
685532,1458,4240.626,1000,10118.91,19.865626,-330.826822,-0.001509,0.047648
686532,1459,4180.066,1000,10135.32,19.619171,-330.884327,-0.000581,0.048312
687532,1460,4246.979,1000,10151.45,19.508022,-330.88935,-0.000656,0.048897
688532,1461,4247.043,1000,10169.43,20.415148,-330.959516,-4.4e-05,0.048793
689532,1462,4199.32,1000,10184.53,19.434595,-331.239747,0.002844,0.046492
690532,1463,4282.351,1000,10202.97,20.001154,-331.340487,-0.001478,0.047669
691532,1464,4233.354,1000,10217.12,20.012126,-331.51427,0.000699,0.047039
692532,1465,4162.735,1000,10231.52,19.618436,-332.130023,0.000452,0.046569
693532,1466,4271.644,1000,10246.0,20.04479,-331.689535,-0.000478,0.047146
694532,1467,4130.637,1000,10261.07,20.01732,-331.790915,-0.000902,0.047845
695532,1468,4214.734,1000,10274.49,19.686563,-332.190321,-0.0017,0.049476
696532,1469,4268.826,1000,10288.28,19.795025,-332.357866,0.00156,0.048109
697532,1470,4241.983,1000,10301.78,19.372591,-332.459617,0.001285,0.047136
698532,1471,4189.471,1000,10315.18,19.830599,-332.945328,0.000681,0.046487
699532,1472,4194.637,1000,10328.69,19.696376,-332.949591,-0.001764,0.047914
700532,1473,4321.366,1000,10349.63,19.316121,-333.340791,0.001721,0.046515
701532,1474,4217.834,1000,10364.29,19.69584,-333.424843,-0.001132,0.047318
702532,1475,4316.19,1000,10379.47,19.027971,-333.710911,-0.000479,0.047923
703532,1476,4201.74,1000,10395.64,19.24039,-333.99919,-0.000321,0.048329
704532,1477,4247.91,1000,10412.89,19.397695,-334.28442,0.002538,0.045848
705532,1478,4198.374,1000,10426.8,19.36803,-334.218171,-0.000317,0.046388
706532,1479,4285.266,1000,10439.7,19.199544,-334.570922,-0.001885,0.048002
707532,1480,4280.766,1000,10453.7,19.770097,-334.502832,0.002026,0.046073
708532,1481,4267.503,1000,10467.71,19.254821,-334.670897,-0.000121,0.046296
709532,1482,4260.726,1000,10482.55,18.766124,-334.862768,-0.001733,0.047944
710532,1483,4225.234,1000,10505.16,19.818986,-334.821918,0.00089,0.04709
711532,1484,4176.319,1000,10522.37,19.182249,-335.280245,0.000457,0.046824
712532,1485,4209.212,1000,10539.2,19.280108,-335.150376,-5.1e-05,0.046838
713532,1486,4144.039,1000,10553.26,19.456271,-335.337366,0.001035,0.045853
714532,1487,4285.212,1000,10567.7,19.8776,-335.338556,-0.001827,0.047502
715532,1488,4094.296,1000,10581.49,19.243632,-335.325216,0.000527,0.047044
716532,1489,4218.082,1000,10595.33,19.599101,-335.881216,-0.000634,0.047603
717532,1490,4243.986,1000,10608.59,19.626059,-336.170272,0.001266,0.046553
718532,1491,4280.089,1000,10622.58,18.738153,-336.00169,-0.001094,0.047463
719532,1492,4307.574,1000,10635.78,19.126596,-336.076187,0.00108,0.046536
720532,1493,4269.156,1000,10654.32,19.701365,-336.660307,-0.00042,0.046902
721532,1494,4155.127,1000,10667.52,19.216898,-336.564276,-3.3e-05,0.046889
722532,1495,4267.98,1000,10680.87,19.065427,-336.680049,-0.000385,0.047269
723532,1496,4253.149,1000,10694.68,19.064642,-336.895482,2.9e-05,0.047085
724532,1497,4247.131,1000,10709.13,18.614164,-336.891102,1.3e-05,0.047125
725532,1498,4238.418,1000,10723.46,18.817502,-337.26027,0.001386,0.045909
726532,1499,4235.837,1000,10738.04,18.98315,-337.131712,-0.000611,0.046463
727532,1500,4281.017,1000,10752.06,19.085575,-337.75974,-0.001402,0.047702
728532,1501,4255.029,1000,10768.13,19.037875,-337.872187,0.000488,0.047279
729532,1502,4219.245,1000,10782.24,18.770655,-337.745389,0.002622,0.044734
730532,1503,4291.845,1000,10804.14,18.821125,-338.078891,-0.001097,0.045696
731532,1504,4285.069,1000,10817.75,19.540408,-338.458131,0.000275,0.045464
732532,1505,4244.212,1000,10831.55,19.153177,-338.784483,-0.000257,0.045746
733327,1506,3382.145,795,10843.18,19.154291,-338.606158,-0.001006,0.046612
734327,1507,4281.718,1000,10858.48,19.091031,-338.974004,-2.4e-05,0.046565
735327,1508,4211.688,1000,10874.06,18.882575,-339.010456,0.000405,0.046323
736327,1509,4283.825,1000,10889.34,18.918312,-339.319218,-0.00149,0.04759
737327,1510,4259.595,1000,10902.92,18.920117,-339.407855,0.001505,0.04638
738327,1511,4208.356,1000,10917.16,19.188797,-339.661554,0.00059,0.045832
739327,1512,4199.819,1000,10930.3,18.619608,-339.706529,3e-05,0.045808
740327,1513,4282.487,1000,10949.46,18.584191,-339.82289,0.000317,0.045568
741327,1514,4223.127,1000,10963.44,18.845484,-339.702715,0.000649,0.044982
742327,1515,4146.494,1000,10977.63,18.592136,-340.395025,-0.00089,0.045757
743327,1516,4185.142,1000,10991.34,19.209703,-340.365881,-0.000825,0.046524
744327,1517,4098.62,1000,11005.8,18.845572,-340.375613,0.00182,0.045019
745327,1518,4194.866,1000,11020.99,18.994122,-340.500443,-0.00108,0.045952
746327,1519,4170.6,1000,11033.68,19.159256,-340.804907,-0.001091,0.046912
747327,1520,4318.093,1000,11047.49,18.821913,-340.717802,0.00207,0.045064
747588,1521,662.036,261,11051.1,18.387137,-340.757704,0.002753,0.044398
748588,1522,4094.186,1000,11065.28,19.209524,-340.528996,0.000197,0.044259
749588,1523,4159.843,1000,11079.85,18.651822,-340.926885,-0.002026,0.045907
750588,1524,4299.337,1000,11101.38,19.148219,-341.041226,7.7e-05,0.046022
751588,1525,4202.131,1000,11115.68,19.464688,-340.943856,0.001059,0.044979
752588,1526,4309.147,1000,11130.18,19.387684,-341.333784,0.000863,0.044194
753588,1527,4269.074,1000,11144.49,18.640616,-341.404406,0.000755,0.043584
754588,1528,4306.523,1000,11157.54,18.44,-341.419621,-0.002983,0.0464
755588,1529,4277.891,1000,11170.72,18.812654,-341.584124,0.000235,0.046054
756588,1530,4238.216,1000,11184.71,19.172079,-341.778329,-0.000314,0.046483
757588,1531,4234.895,1000,11198.05,18.469218,-342.070524,0.000818,0.045658
758588,1532,4101.567,1000,11211.76,18.880334,-342.047094,0.000205,0.045508
759588,1533,4117.894,1000,11226.01,18.531447,-342.496801,-0.000317,0.045695
760588,1534,4214.241,1000,11246.44,19.08033,-342.659033,-0.000153,0.045898
761588,1535,4061.394,1000,11261.24,19.152675,-342.605374,-0.001602,0.047391
762588,1536,4197.839,1000,11275.66,18.903218,-342.516094,0.00204,0.04545
763588,1537,4295.982,1000,11290.57,19.107072,-343.034362,-0.000607,0.046032
764588,1538,4173.207,1000,11305.46,19.047353,-343.143865,0.000864,0.045261
765588,1539,4182.219,1000,11319.29,18.640374,-343.10664,-0.000723,0.045812
766588,1540,4229.562,1000,11333.31,18.235563,-343.460405,-0.000429,0.046367
767588,1541,4206.001,1000,11348.07,18.541879,-343.48266,0.00135,0.045
768588,1542,4239.475,1000,11361.78,18.241074,-343.676972,-0.001146,0.046023
769588,1543,4286.421,1000,11375.25,18.804812,-343.623161,0.001178,0.045095
770588,1544,4209.282,1000,11395.59,18.562021,-343.776725,0.000917,0.044059
771588,1545,4293.369,1000,11408.42,18.615825,-344.01963,-0.001023,0.045131
772588,1546,4029.253,1000,11422.62,18.654177,-344.226496,-0.001115,0.046243
773588,1547,4217.539,1000,11436.65,18.861943,-343.909735,0.001365,0.044909
774588,1548,4160.771,1000,11451.98,18.696565,-344.031237,-0.001553,0.046428
775588,1549,4276.935,1000,11469.33,18.150329,-344.110721,0.000493,0.045814
776588,1550,4263.846,1000,11486.94,18.490097,-344.580948,-0.001659,0.047389
777588,1551,4274.056,1000,11502.68,18.642451,-344.548776,0.002721,0.044946
778588,1552,4249.238,1000,11515.4,18.652361,-344.729549,0.000218,0.044604
779588,1553,4131.976,1000,11529.3,18.474654,-345.068546,-0.000347,0.045161
780588,1554,4308.774,1000,11549.82,18.27657,-344.942139,0.001048,0.044193
781588,1555,4284.234,1000,11564.43,18.164463,-344.702698,-0.001461,0.045451
782588,1556,4266.297,1000,11579.81,18.358826,-344.957842,0.000942,0.04459
783588,1557,4283.405,1000,11594.33,19.195374,-345.342376,-0.000978,0.045517
784588,1558,4159.293,1000,11610.05,18.144177,-345.39929,0.000567,0.045085
785588,1559,4245.207,1000,11623.8,19.089908,-345.643395,-0.000434,0.0454
786588,1560,4254.716,1000,11637.38,18.644341,-346.031678,-0.000942,0.04641
787588,1561,4339.066,1000,11651.22,19.005785,-346.303986,0.000413,0.046133
788588,1562,4238.083,1000,11665.54,18.88069,-346.529275,0.001176,0.044834
789588,1563,4281.095,1000,11678.62,19.029151,-346.417165,0.002126,0.043015
790588,1564,4313.686,1000,11698.53,18.234536,-346.807247,-0.001288,0.044174
791588,1565,4264.096,1000,11712.19,17.903035,-347.088671,-0.001291,0.045358
792588,1566,4353.225,1000,11725.58,19.197994,-346.851027,0.001568,0.043924
793588,1567,4323.321,1000,11739.43,18.479863,-347.313711,-0.001027,0.044844
794588,1568,4294.511,1000,11752.9,18.443083,-347.27118,-0.001121,0.045793
795588,1569,4104.176,1000,11766.42,18.954096,-347.634064,0.000893,0.045135
796588,1570,4241.047,1000,11780.07,19.212486,-347.811071,-0.000494,0.045566
796666,1571,98.812,78,11781.13,19.302535,-347.597258,0.007717,0.045064
796742,1572,125.122,76,11782.14,19.509356,-347.310916,0.002661,0.044832
796854,1573,216.053,112,11783.66,18.614128,-347.917433,-0.002314,0.045096
796956,1574,164.526,102,11785.08,20.217791,-347.346545,0.000209,0.045086
797956,1575,4273.922,1000,11799.59,19.189142,-347.865712,0.001176,0.043944
798956,1576,4326.366,1000,11814.88,19.026237,-348.49729,-0.000892,0.044818
799956,1577,4290.654,1000,11830.59,18.440068,-348.342877,-0.000354,0.04508
800956,1578,4255.11,1000,11851.03,18.190073,-348.439251,0.000956,0.044336
801956,1579,4236.696,1000,11864.64,18.04169,-348.566275,-0.000378,0.044749
802956,1580,4094.309,1000,11878.95,18.471516,-348.565285,-0.000382,0.045053
803956,1581,4221.497,1000,11891.57,18.043825,-348.79043,-0.001085,0.045969
804956,1582,4329.31,1000,11905.44,18.504333,-348.750149,0.000504,0.045535
805956,1583,4343.974,1000,11918.32,18.674523,-348.93723,0.000499,0.045061
806956,1584,4149.634,1000,11932.75,18.732305,-348.785592,0.000484,0.044664
807956,1585,4219.738,1000,11948.14,18.031272,-348.847689,-0.000374,0.04502
808956,1586,4231.748,1000,11963.98,17.826655,-349.373765,0.000379,0.044762
809956,1587,4360.806,1000,11979.12,18.976775,-348.945507,-0.000446,0.045069
810956,1588,4253.246,1000,11998.6,18.551447,-349.488968,0.00016,0.04501
811956,1589,4310.848,1000,12012.57,17.938438,-349.573429,0.000902,0.044034
812956,1590,3909.844,1000,12026.73,18.106622,-349.777568,-0.002054,0.045997
813956,1591,4201.419,1000,12041.31,19.484976,-349.387032,0.000914,0.045181
814956,1592,4246.637,1000,12054.72,18.26451,-349.228469,-1e-05,0.045146
815956,1593,4246.247,1000,12069.96,17.838176,-349.881548,-0.000545,0.045809
816956,1594,4209.366,1000,12083.63,18.43101,-349.722024,-0.00038,0.046045
817956,1595,4298.623,1000,12097.11,19.339883,-349.94286,0.001025,0.045169
818064,1596,243.193,108,12098.55,18.734645,-350.34903,0.001188,0.045066
819064,1597,4249.298,1000,12111.81,18.456505,-350.041626,0.000431,0.04471
820064,1598,4238.278,1000,12132.63,18.423728,-349.8938,-0.001345,0.045892
821064,1599,4240.292,1000,12147.29,17.714531,-350.437837,0.003807,0.042422
822064,1600,4307.02,1000,12162.13,18.302544,-350.220973,-0.003177,0.045523
823064,1601,4210.169,1000,12177.96,17.886618,-350.543736,-0.000846,0.046285
824064,1602,4180.068,1000,12193.03,18.326465,-350.400338,-0.000144,0.046381
825064,1603,4234.859,1000,12209.27,18.044047,-350.563056,0.001045,0.045409
826064,1604,4301.877,1000,12224.5,18.111923,-350.606586,0.000342,0.045117
827064,1605,4279.214,1000,12237.42,18.484503,-350.573246,0.001059,0.044115
828064,1606,4226.249,1000,12251.37,18.516431,-350.720061,0.000481,0.043695
829064,1607,4000.954,1000,12265.63,18.268458,-350.674681,-0.001188,0.044822
830064,1608,4336.571,1000,12287.43,18.134847,-350.713894,-0.000522,0.045334
831064,1609,4056.672,1000,12303.84,18.640253,-350.629872,0.00086,0.04449
832064,1610,4317.998,1000,12321.47,18.152267,-350.948691,0.000843,0.043687
833064,1611,4267.581,1000,12338.21,18.092616,-351.014376,-0.000519,0.044235
834064,1612,4252.764,1000,12351.5,18.038598,-350.991001,0.000386,0.043847
835064,1613,4434.871,1000,12365.3,17.797568,-351.281379,-0.000167,0.043969
836064,1614,4253.007,1000,12379.16,18.140035,-351.305867,0.00122,0.042898
837064,1615,4313.137,1000,12393.23,17.927833,-351.419362,-0.000758,0.043591
838064,1616,4280.879,1000,12407.03,17.895827,-351.406703,-0.003929,0.047213
839064,1617,4342.653,1000,12421.09,17.223205,-351.611185,0.003267,0.044282
840064,1618,3927.003,1000,12441.16,17.987154,-351.548641,-0.000843,0.045011
841064,1619,4293.244,1000,12454.7,18.636291,-351.200545,0.000311,0.044867
842064,1620,4338.416,1000,12467.78,17.956272,-351.704936,-0.001406,0.046082
843064,1621,4286.547,1000,12480.97,18.115426,-351.809159,0.001123,0.045043
844064,1622,4014.351,1000,12494.12,18.046392,-351.539014,0.002091,0.042984
845064,1623,4205.768,1000,12509.71,18.174929,-351.777852,-0.001258,0.044283
846064,1624,4324.159,1000,12525.24,17.851679,-351.818647,-0.002211,0.046471
847064,1625,4098.154,1000,12540.79,18.448281,-351.506528,0.002373,0.0443
848064,1626,4325.123,1000,12555.49,18.466145,-352.049042,0.000116,0.044243
849064,1627,4403.182,1000,12571.19,17.822619,-352.43804,-0.000408,0.044513
850064,1628,4448.919,1000,12590.25,18.015858,-352.049469,-0.001819,0.046241
851064,1629,4300.374,1000,12604.24,18.177423,-352.296729,0.001986,0.044322
852064,1630,4373.736,1000,12617.45,18.06349,-352.303528,-0.000445,0.044708
853064,1631,4345.82,1000,12630.85,17.683753,-352.328524,-0.000306,0.045047
854064,1632,4351.328,1000,12645.49,17.937857,-352.649366,0.000537,0.044472
855064,1633,4258.566,1000,12660.48,17.935945,-352.497215,-0.001394,0.045734
856064,1634,4326.588,1000,12675.83,17.509294,-352.566537,-0.000696,0.046442
857064,1635,4305.225,1000,12691.54,18.12451,-352.718279,0.003106,0.043735
858064,1636,4330.691,1000,12705.41,17.601449,-352.867272,-0.003439,0.04684
859064,1637,4311.648,1000,12719.96,18.231115,-352.940734,0.00204,0.044985
860064,1638,4216.973,1000,12739.02,18.591139,-352.748826,0.001173,0.043883
861064,1639,4396.264,1000,12753.0,18.373227,-353.012692,0.000348,0.043654
862064,1640,4241.897,1000,12767.06,17.656392,-353.345956,-0.001478,0.045041
863064,1641,4302.524,1000,12781.24,18.122877,-353.330757,0.001398,0.043728
864064,1642,4325.543,1000,12795.71,17.944107,-353.304387,-0.000133,0.043785
865064,1643,4392.636,1000,12808.51,17.710308,-353.573219,-0.001437,0.045176
866064,1644,4283.139,1000,12822.0,17.700432,-353.341889,0.000403,0.044765
867064,1645,4408.412,1000,12835.14,17.766236,-353.527807,3.8e-05,0.044786
868064,1646,4344.024,1000,12848.94,17.953846,-353.759593,-0.001376,0.046039
869064,1647,4163.584,1000,12862.26,18.052103,-353.716793,-0.000528,0.046518
870064,1648,4081.197,1000,12882.5,17.62795,-353.936953,0.001687,0.045049
871064,1649,4292.895,1000,12898.64,18.04986,-354.10187,-0.001601,0.046472
872064,1650,4264.912,1000,12913.09,17.973532,-353.848074,0.001012,0.045457
873064,1651,4155.259,1000,12927.9,17.604051,-353.94109,0.000376,0.045174
874064,1652,4349.248,1000,12940.91,17.790773,-354.444465,-0.000692,0.04578
875064,1653,4174.542,1000,12955.09,17.655397,-354.339507,0.000759,0.04503
876064,1654,4328.556,1000,12969.17,17.463064,-354.675976,6.6e-05,0.044939
877064,1655,4309.795,1000,12983.11,17.979355,-354.628859,-0.00054,0.04541
878064,1656,4297.314,1000,12997.02,17.668536,-354.429884,0.001027,0.044626
879064,1657,4309.9,1000,13010.36,17.210203,-354.846855,-0.00053,0.045104
880064,1658,4227.3,1000,13031.44,18.642824,-354.699998,-0.001971,0.046937
881064,1659,4147.527,1000,13046.14,18.234105,-354.701427,0.001825,0.045244
882064,1660,4254.099,1000,13061.05,17.795916,-354.839203,0.000154,0.045087
883064,1661,4308.955,1000,13076.42,17.681499,-354.777293,0.000389,0.044724
884064,1662,4311.882,1000,13090.73,18.00942,-355.096869,0.000884,0.043911
885064,1663,4409.348,1000,13105.7,17.409619,-355.292383,-0.001104,0.045038
886064,1664,4342.44,1000,13119.67,18.055788,-355.592385,0.000629,0.04447
887064,1665,4274.41,1000,13134.41,17.57015,-355.320726,-0.000295,0.044759
888064,1666,4069.484,1000,13149.43,17.312561,-355.52317,-0.00057,0.045195
889064,1667,4274.16,1000,13165.3,17.336987,-355.643326,-0.001333,0.046528
890064,1668,4174.456,1000,13185.09,17.226652,-355.763416,-5.2e-05,0.046542
891064,1669,4317.325,1000,13198.98,17.456759,-355.715649,0.001053,0.045468
892064,1670,4315.125,1000,13212.57,17.800171,-355.637932,1.8e-05,0.045577
893064,1671,4404.064,1000,13226.21,17.977383,-355.885348,3.6e-05,0.04531
894064,1672,4324.625,1000,13240.69,17.837934,-356.146467,-0.001979,0.047421
895064,1673,4288.01,1000,13256.79,17.300244,-355.868432,0.002314,0.045248
896064,1674,4348.091,1000,13273.18,17.638042,-356.359429,-0.001716,0.046791
897064,1675,4294.21,1000,13289.93,17.271679,-356.226503,0.000547,0.046354
898064,1676,4332.141,1000,13304.6,17.638289,-356.30311,0.001617,0.044707
898160,1677,162.782,96,13305.82,18.336524,-355.614251,-0.010387,0.045663
899160,1678,4440.394,1000,13318.91,17.508296,-356.382405,0.000212,0.045501
900160,1679,4429.896,1000,13339.0,17.391786,-356.684542,0.001412,0.044147
901160,1680,4374.613,1000,13353.77,18.215959,-356.479271,-0.001055,0.045109
902160,1681,4209.709,1000,13368.77,17.184592,-356.835509,-0.000362,0.045484
903160,1682,4376.539,1000,13382.97,17.375428,-356.833492,-0.000434,0.045891
904160,1683,4385.859,1000,13398.46,17.30259,-357.059864,0.000221,0.045789
905160,1684,4366.427,1000,13413.25,16.974734,-357.027626,0.000891,0.044817
906160,1685,4360.984,1000,13426.38,17.570493,-357.194095,-0.00102,0.045898
907160,1686,4269.76,1000,13439.84,17.856991,-357.462799,0.0015,0.04446
908160,1687,4364.867,1000,13452.89,16.719316,-357.630539,7.3e-05,0.044366
909160,1688,4338.552,1000,13466.89,17.501651,-357.728313,0.001152,0.043234
910160,1689,4353.947,1000,13487.43,17.488321,-357.532475,-0.001983,0.04513
911160,1690,4309.136,1000,13501.5,17.87678,-357.748384,-0.000245,0.045381
912160,1691,4306.823,1000,13514.96,17.077018,-357.510234,-0.000586,0.045944
913160,1692,4309.574,1000,13527.92,17.658007,-357.675401,-0.000557,0.046525
914160,1693,4394.866,1000,13541.94,17.140605,-357.766201,0.002956,0.043814
915160,1694,4329.675,1000,13554.94,17.172123,-358.081041,0.001369,0.042379
916160,1695,4406.484,1000,13568.39,17.741445,-357.959659,-0.002714,0.044879
917160,1696,4309.222,1000,13581.96,17.696952,-358.238853,-0.00083,0.045728
918160,1697,4269.899,1000,13596.56,17.11229,-358.269436,0.001483,0.044339
919160,1698,4392.85,1000,13611.73,16.941209,-358.183238,-0.00083,0.045229
920160,1699,4373.543,1000,13636.07,17.253956,-358.65447,0.000634,0.044627
921160,1700,4375.003,1000,13653.52,16.99497,-358.669379,0.001142,0.043582
922160,1701,4313.783,1000,13666.52,17.329332,-358.881482,-0.00193,0.045345
923160,1702,4466.263,1000,13680.0,17.184155,-359.139234,0.002452,0.04333
923244,1703,116.858,84,13681.13,15.952126,-358.794902,-0.006632,0.043743
924244,1704,4334.637,1000,13694.86,17.571341,-358.891045,-0.001571,0.045267
925244,1705,4399.743,1000,13709.51,16.651646,-359.406773,1.2e-05,0.045253
926244,1706,4409.205,1000,13724.08,16.674935,-359.409276,0.000305,0.044992
927244,1707,4203.214,1000,13738.97,16.825942,-359.58845,-0.000195,0.045107
928244,1708,4365.653,1000,13753.9,17.069283,-359.419162,0.000989,0.044254
929244,1709,4282.937,1000,13770.22,16.934115,-359.671626,-0.00097,0.045191
930244,1710,4473.446,1000,13791.23,17.055657,-359.605323,-0.000377,0.045557
931244,1711,4344.821,1000,13804.27,17.04374,-360.028919,9.9e-05,0.045517
932244,1712,4391.458,1000,13818.6,17.232308,-359.80378,0.000261,0.045249
933244,1713,4334.793,1000,13831.82,16.725005,-359.968315,-0.000924,0.045951
934244,1714,4339.65,1000,13846.12,17.516871,-360.065058,0.002165,0.044036
935244,1715,4471.493,1000,13860.84,17.27064,-360.277387,9.1e-05,0.043982
936244,1716,4424.476,1000,13874.1,16.949763,-360.308457,-0.0008,0.044691
937244,1717,4375.25,1000,13887.28,17.343731,-360.421784,-0.000153,0.044824
938244,1718,4336.688,1000,13900.51,16.779558,-360.331652,-0.000307,0.045095
939244,1719,4352.483,1000,13913.95,17.188344,-360.695564,0.000564,0.044569
940244,1720,4312.276,1000,13933.46,17.510815,-360.661913,-0.001043,0.045513
941244,1721,4246.865,1000,13947.5,17.312063,-360.635092,0.000376,0.045028
942244,1722,4476.993,1000,13962.08,16.80908,-360.652166,0.001305,0.04406
943244,1723,4428.185,1000,13977.69,17.433865,-360.701857,-0.000877,0.044732
944244,1724,4399.573,1000,13993.65,17.418031,-360.930221,-0.000832,0.045603
945244,1725,4373.965,1000,14010.28,16.975118,-361.005203,4.5e-05,0.04561
946244,1726,4300.901,1000,14024.64,17.101963,-361.249014,0.000858,0.044821
947244,1727,4372.626,1000,14037.62,16.466973,-361.053147,3.8e-05,0.044682
948244,1728,4392.054,1000,14050.89,17.107061,-361.303679,0.000315,0.044483
949244,1729,4412.459,1000,14064.64,17.231885,-361.38066,-0.000935,0.045394
950244,1730,4428.44,1000,14083.74,17.055262,-361.375166,-0.001954,0.047272
950450,1731,602.243,206,14086.35,17.299969,-361.504217,0.003688,0.046524
951450,1732,4385.17,1000,14100.55,17.091951,-361.394795,0.000867,0.045693
952450,1733,4408.783,1000,14114.61,17.057177,-361.551932,-0.001282,0.04683
953450,1734,4374.739,1000,14129.58,16.82691,-361.548401,-0.000318,0.047263
954450,1735,4401.365,1000,14143.17,17.081059,-361.29877,0.001096,0.046279
955450,1736,4298.395,1000,14156.38,17.051909,-361.72511,0.000686,0.045576
956450,1737,4445.977,1000,14170.5,16.43989,-361.830202,-0.000287,0.045915
957450,1738,4423.98,1000,14184.28,16.810263,-361.707286,0.002168,0.043846
958450,1739,4407.604,1000,14197.94,16.758121,-361.781021,-0.000449,0.044139
959450,1740,4436.791,1000,14211.86,16.598197,-362.127644,-0.001844,0.046098
960450,1741,4456.789,1000,14231.97,16.887652,-361.895871,0.001344,0.044911
961450,1742,4405.755,1000,14245.98,16.757344,-362.238099,0.000233,0.04453
962450,1743,4433.097,1000,14259.84,17.138194,-362.016263,0.000496,0.044137
963450,1744,4415.452,1000,14273.82,17.303593,-362.413092,-0.000897,0.045016
964450,1745,4359.391,1000,14287.22,17.616479,-362.544116,-0.000528,0.04548
965450,1746,4405.686,1000,14300.26,17.030739,-362.388747,0.000307,0.045175
966450,1747,4389.225,1000,14313.64,16.897239,-362.57463,0.000322,0.044859
967450,1748,4396.59,1000,14329.01,16.867717,-362.975839,0.000187,0.044815
968450,1749,4419.153,1000,14343.18,16.750749,-362.916183,0.000889,0.044023
969450,1750,4475.998,1000,14358.69,17.076572,-363.018268,0.000398,0.043485
970450,1751,4449.122,1000,14381.7,16.640151,-363.216239,-0.000744,0.044356
971450,1752,4542.301,1000,14395.67,16.573055,-363.464349,0.000625,0.043761
972450,1753,4496.22,1000,14409.88,17.088077,-363.469727,0.000146,0.043583
973450,1754,4531.792,1000,14422.63,17.104841,-363.659094,-0.002004,0.045522
974450,1755,4455.408,1000,14436.29,16.997814,-363.640155,0.00074,0.044763
975450,1756,4555.967,1000,14453.08,17.107815,-363.839293,2.3e-05,0.044754
976450,1757,4349.826,1000,14469.8,16.824248,-363.941431,-0.000178,0.04507
977450,1758,4399.973,1000,14486.13,17.385817,-363.911857,0.000841,0.044203
978450,1759,4260.329,1000,14500.96,17.006573,-363.910386,0.000505,0.043629
979450,1760,4233.602,1000,14514.46,16.806993,-364.067178,-0.001932,0.045567
980450,1761,4230.677,1000,14533.4,16.822168,-364.155745,-0.000735,0.046063
981450,1762,4415.188,1000,14546.95,16.211948,-364.248142,0.002568,0.043653
981548,1763,200.021,98,14548.25,17.384151,-364.129068,0.001572,0.043653
982548,1764,4569.966,1000,14561.5,16.988599,-364.111152,-0.002639,0.04608
983548,1765,4482.658,1000,14574.61,16.510978,-364.611721,0.000665,0.045487
984548,1766,4397.83,1000,14588.39,16.700181,-364.591316,0.000139,0.04541
985548,1767,4393.251,1000,14601.89,16.799784,-364.468261,-8.8e-05,0.045574
986548,1768,4426.432,1000,14616.5,16.437429,-364.503278,0.001278,0.044196
987548,1769,4197.602,1000,14630.75,16.423697,-364.711781,0.000375,0.043903
988548,1770,4361.717,1000,14645.27,16.608827,-365.034834,8e-05,0.043837
989548,1771,4381.535,1000,14658.67,16.504678,-364.813651,-0.000886,0.044579
990548,1772,4427.981,1000,14680.18,16.543245,-364.925029,2.7e-05,0.044703
991548,1773,4406.228,1000,14695.26,17.227885,-365.217648,0.000923,0.043864
992548,1774,4282.778,1000,14711.99,16.394392,-365.366799,0.000134,0.043641
993548,1775,4379.018,1000,14729.32,16.350457,-365.492593,0.000205,0.043629
994548,1776,4474.257,1000,14743.73,16.429891,-365.725669,-0.00092,0.044404
995548,1777,4362.15,1000,14757.59,16.556196,-365.669414,-0.001458,0.045868
996548,1778,4435.894,1000,14770.24,17.021695,-365.831542,-0.000946,0.04693
997548,1779,4320.544,1000,14783.45,16.932677,-365.892566,0.001906,0.044933
998548,1780,4425.155,1000,14796.09,17.285476,-365.771672,0.000604,0.044365
999548,1781,4451.733,1000,14809.61,16.570927,-365.94594,-0.001578,0.04589
