timestep,episode,episode_reward,episode_length,wall_time,critic_loss,actor_loss
27,0,16.698,27,0.02,,
39,1,6.533,12,0.03,,
55,2,10.668,16,0.03,,
68,3,9.504,13,0.03,,
92,4,9.468,24,0.04,,
102,5,6.437,10,0.04,,
116,6,10.78,14,0.04,,
134,7,14.164,18,0.05,,
151,8,10.99,17,0.05,,
168,9,14.774,17,0.05,,
186,10,7.69,18,0.05,,
205,11,15.983,19,0.06,,
245,12,33.357,40,0.06,,
278,13,44.741,33,0.07,,
299,14,15.614,21,0.07,,
327,15,20.318,28,0.08,,
356,16,31.225,29,0.08,,
369,17,7.34,13,0.08,,
408,18,31.058,39,0.09,,
425,19,14.041,17,0.09,,
440,20,10.475,15,0.09,,
457,21,11.292,17,0.1,,
470,22,10.115,13,0.1,,
484,23,7.705,14,0.1,,
501,24,10.318,17,0.1,,
516,25,12.752,15,0.11,,
525,26,5.81,9,0.11,,
556,27,32.755,31,0.11,,
567,28,7.995,11,0.11,,
611,29,73.8,44,0.12,,
625,30,10.682,14,0.12,,
641,31,11.567,16,0.13,,
709,32,66.47,68,0.14,,
729,33,12.314,20,0.15,,
747,34,18.997,18,0.15,,
772,35,9.27,25,0.15,,
788,36,14.436,16,0.16,,
802,37,6.659,14,0.16,,
813,38,8.166,11,0.16,,
846,39,13.374,33,0.17,,
867,40,22.494,21,0.17,,
893,41,13.789,26,0.18,,
928,42,20.568,35,0.18,,
953,43,25.495,25,0.19,,
979,44,15.173,26,0.19,,
993,45,10.875,14,0.19,,
1019,46,9.01,26,0.2,,
1037,47,7.163,18,0.2,,
1049,48,8.03,12,0.2,,
1062,49,9.703,13,0.2,,
1091,50,32.024,29,0.21,,
1115,51,8.166,24,0.21,,
1133,52,13.268,18,0.22,,
1160,53,23.215,27,0.22,,
1173,54,7.48,13,0.22,,
1187,55,8.595,14,0.22,,
1207,56,13.7,20,0.23,,
1227,57,15.522,20,0.23,,
1253,58,10.459,26,0.23,,
1289,59,12.17,36,0.24,,
1305,60,14.024,16,0.24,,
1328,61,12.844,23,0.25,,
1374,62,48.954,46,0.25,,
1397,63,18.053,23,0.26,,
1434,64,30.148,37,0.26,,
1469,65,21.016,35,0.27,,
1546,66,127.96,77,0.28,,
1582,67,19.587,36,0.29,,
1644,68,42.689,62,0.3,,
1667,69,13.684,23,0.3,,
1717,70,42.773,50,0.31,,
1733,71,14.561,16,0.31,,
1750,72,15.608,17,0.31,,
1774,73,24.377,24,0.32,,
1793,74,10.69,19,0.32,,
1810,75,14.518,17,0.33,,
1838,76,27.324,28,0.33,,
1871,77,26.762,33,0.34,,
1887,78,10.818,16,0.35,,
1898,79,7.609,11,0.35,,
1923,80,7.504,25,0.36,,
1938,81,10.274,15,0.36,,
1952,82,9.009,14,0.37,,
1983,83,19.723,31,0.37,,
1998,84,11.965,15,0.38,,
2024,85,29.604,26,0.38,,
2042,86,9.973,18,0.38,,
2056,87,8.999,14,0.39,,
2072,88,14.436,16,0.39,,
2110,89,30.187,38,0.39,,
2140,90,34.909,30,0.4,,
2154,91,10.623,14,0.4,,
2168,92,6.427,14,0.4,,
2199,93,35.055,31,0.41,,
2215,94,12.089,16,0.41,,
2253,95,36.758,38,0.41,,
2263,96,6.269,10,0.42,,
2280,97,13.704,17,0.42,,
2301,98,18.466,21,0.42,,
2309,99,4.031,8,0.42,,
2332,100,16.459,23,0.43,,
2353,101,19.706,21,0.43,,
2370,102,13.229,17,0.43,,
2394,103,21.667,24,0.44,,
2416,104,13.559,22,0.44,,
2432,105,13.937,16,0.44,,
2442,106,6.933,10,0.44,,
2454,107,8.643,12,0.45,,
2467,108,7.3,13,0.45,,
2484,109,13.493,17,0.45,,
2506,110,14.459,22,0.45,,
2518,111,6.627,12,0.46,,
2535,112,15.434,17,0.46,,
2552,113,5.826,17,0.46,,
2570,114,8.294,18,0.46,,
2590,115,16.03,20,0.47,,
2615,116,30.465,25,0.47,,
2630,117,6.052,15,0.47,,
2655,118,14.208,25,0.48,,
2681,119,21.777,26,0.48,,
2695,120,6.992,14,0.48,,
2723,121,15.595,28,0.49,,
2738,122,9.069,15,0.49,,
2754,123,10.935,16,0.49,,
2809,124,63.952,55,0.5,,
2821,125,7.677,12,0.5,,
2844,126,16.817,23,0.51,,
2860,127,11.722,16,0.51,,
2886,128,23.746,26,0.51,,
2902,129,12.279,16,0.51,,
2935,130,21.626,33,0.52,,
2961,131,21.983,26,0.52,,
2977,132,6.941,16,0.53,,
2995,133,18.346,18,0.53,,
3018,134,17.164,23,0.53,,
3051,135,30.253,33,0.54,,
3059,136,4.565,8,0.54,,
3086,137,8.762,27,0.54,,
3101,138,10.438,15,0.55,,
3129,139,20.234,28,0.55,,
3147,140,12.491,18,0.55,,
3164,141,10.826,17,0.56,,
3176,142,8.668,12,0.56,,
3206,143,7.888,30,0.56,,
3221,144,10.356,15,0.57,,
3235,145,8.15,14,0.57,,
3273,146,39.695,38,0.57,,
3289,147,13.964,16,0.58,,
3304,148,13.001,15,0.58,,
3319,149,9.945,15,0.58,,
3336,150,17.32,17,0.58,,
3361,151,19.822,25,0.59,,
3380,152,12.71,19,0.59,,
3397,153,15.075,17,0.59,,
3425,154,9.637,28,0.6,,
3444,155,17.163,19,0.6,,
3463,156,19.266,19,0.6,,
3475,157,9.193,12,0.6,,
3485,158,5.668,10,0.6,,
3494,159,6.22,9,0.61,,
3509,160,11.556,15,0.61,,
3529,161,20.022,20,0.61,,
3539,162,6.891,10,0.61,,
3552,163,9.327,13,0.62,,
3569,164,15.79,17,0.62,,
3587,165,8.072,18,0.62,,
3605,166,8.437,18,0.62,,
3617,167,8.453,12,0.63,,
3633,168,12.144,16,0.63,,
3649,169,14.06,16,0.63,,
3681,170,25.887,32,0.64,,
3713,171,10.088,32,0.64,,
3726,172,9.875,13,0.64,,
3739,173,11.605,13,0.64,,
3753,174,7.04,14,0.65,,
3774,175,13.374,21,0.65,,
3787,176,3.736,13,0.65,,
3806,177,11.938,19,0.65,,
3828,178,9.371,22,0.66,,
3859,179,21.809,31,0.66,,
3873,180,9.818,14,0.66,,
3906,181,9.607,33,0.67,,
3921,182,10.703,15,0.67,,
3931,183,7.095,10,0.67,,
3951,184,9.484,20,0.68,,
3971,185,13.828,20,0.68,,
3988,186,8.634,17,0.68,,
4008,187,7.829,20,0.68,,
4041,188,26.917,33,0.69,,
4078,189,8.666,37,0.7,,
4098,190,9.657,20,0.7,,
4124,191,12.459,26,0.7,,
4149,192,12.225,25,0.71,,
4162,193,9.016,13,0.71,,
4173,194,8.854,11,0.71,,
4192,195,8.436,19,0.71,,
4212,196,18.866,20,0.72,,
4232,197,15.809,20,0.72,,
4247,198,14.069,15,0.72,,
4259,199,8.441,12,0.72,,
4280,200,13.759,21,0.73,,
4296,201,12.386,16,0.73,,
4318,202,23.604,22,0.73,,
4341,203,25.389,23,0.73,,
4355,204,8.445,14,0.74,,
4371,205,8.589,16,0.74,,
4400,206,11.752,29,0.74,,
4421,207,19.962,21,0.75,,
4462,208,29.116,41,0.75,,
4493,209,8.337,31,0.76,,
4523,210,21.691,30,0.76,,
4540,211,6.998,17,0.77,,
4550,212,6.975,10,0.77,,
4560,213,6.453,10,0.77,,
4584,214,26.607,24,0.77,,
4615,215,7.828,31,0.78,,
4633,216,10.233,18,0.78,,
4646,217,10.502,13,0.78,,
4663,218,14.182,17,0.78,,
4678,219,9.019,15,0.79,,
4694,220,12.341,16,0.79,,
4776,221,143.908,82,0.8,,
4789,222,11.173,13,0.8,,
4802,223,9.695,13,0.81,,
4823,224,5.812,21,0.81,,
4846,225,17.633,23,0.81,,
4859,226,4.562,13,0.81,,
4877,227,9.084,18,0.82,,
4899,228,17.886,22,0.82,,
4947,229,80.682,48,0.83,,
4957,230,5.053,10,0.83,,
4975,231,16.194,18,0.83,,
4989,232,6.487,14,0.83,,
5004,233,11.882,15,0.83,,
5030,234,31.547,26,0.84,,
5039,235,5.36,9,0.84,,
5076,236,36.916,37,0.85,,
5098,237,24.288,22,0.85,,
5125,238,14.028,27,0.85,,
5147,239,21.928,22,0.86,,
5173,240,20.267,26,0.86,,
5185,241,7.219,12,0.86,,
5196,242,7.324,11,0.86,,
5214,243,13.769,18,0.87,,
5231,244,9.727,17,0.87,,
5252,245,22.537,21,0.87,,
5283,246,26.079,31,0.88,,
5299,247,10.196,16,0.88,,
5318,248,8.002,19,0.88,,
5334,249,8.743,16,0.88,,
5351,250,11.356,17,0.89,,
5383,251,16.381,32,0.89,,
5397,252,11.681,14,0.89,,
5406,253,4.872,9,0.89,,
5430,254,17.756,24,0.9,,
5451,255,9.705,21,0.9,,
5471,256,16.319,20,0.9,,
5482,257,6.145,11,0.91,,
5496,258,8.071,14,0.91,,
5517,259,6.684,21,0.91,,
5531,260,9.354,14,0.91,,
5550,261,12.843,19,0.92,,
5581,262,19.542,31,0.92,,
5599,263,14.602,18,0.92,,
5616,264,8.725,17,0.93,,
5636,265,11.512,20,0.93,,
5650,266,11.836,14,0.93,,
5668,267,16.861,18,0.93,,
5680,268,8.547,12,0.94,,
5688,269,5.069,8,0.94,,
5705,270,9.317,17,0.94,,
5741,271,33.779,36,0.94,,
5754,272,8.269,13,0.95,,
5765,273,7.57,11,0.95,,
5792,274,29.266,27,0.95,,
5810,275,11.098,18,0.95,,
5853,276,40.533,43,0.96,,
5868,277,14.95,15,0.96,,
5882,278,8.864,14,0.96,,
5898,279,12.771,16,0.97,,
5913,280,7.545,15,0.97,,
5952,281,14.435,39,0.98,,
5969,282,11.048,17,0.98,,
6033,283,45.085,64,0.99,,
6055,284,14.635,22,0.99,,
6069,285,9.99,14,0.99,,
6086,286,11.987,17,1.0,,
6098,287,9.175,12,1.0,,
6110,288,6.263,12,1.0,,
6126,289,11.631,16,1.0,,
6139,290,8.383,13,1.0,,
6161,291,10.558,22,1.01,,
6218,292,79.021,57,1.02,,
6240,293,12.258,22,1.02,,
6262,294,20.598,22,1.02,,
6289,295,17.465,27,1.03,,
6305,296,10.277,16,1.03,,
6329,297,20.38,24,1.03,,
6348,298,8.868,19,1.03,,
6364,299,9.523,16,1.04,,
6388,300,11.082,24,1.04,,
6429,301,25.434,41,1.05,,
6442,302,12.062,13,1.05,,
6458,303,4.728,16,1.05,,
6497,304,29.279,39,1.06,,
6510,305,8.676,13,1.06,,
6521,306,7.221,11,1.06,,
6541,307,12.42,20,1.06,,
6562,308,10.49,21,1.07,,
6583,309,21.635,21,1.07,,
6598,310,12.651,15,1.07,,
6620,311,20.417,22,1.08,,
6643,312,21.877,23,1.08,,
6664,313,21.932,21,1.08,,
6698,314,43.272,34,1.09,,
6710,315,7.872,12,1.09,,
6724,316,10.966,14,1.09,,
6750,317,17.56,26,1.1,,
6789,318,9.8,39,1.1,,
6801,319,8.48,12,1.1,,
6815,320,8.411,14,1.11,,
6837,321,16.269,22,1.11,,
6853,322,9.279,16,1.11,,
6863,323,6.63,10,1.11,,
6884,324,9.26,21,1.12,,
6898,325,7.643,14,1.12,,
6917,326,13.117,19,1.12,,
6931,327,8.984,14,1.12,,
6956,328,11.719,25,1.13,,
6970,329,7.93,14,1.13,,
6988,330,10.931,18,1.13,,
6997,331,5.904,9,1.13,,
7018,332,10.572,21,1.14,,
7033,333,13.125,15,1.14,,
7065,334,17.96,32,1.14,,
7084,335,13.493,19,1.15,,
7104,336,15.14,20,1.15,,
7134,337,25.314,30,1.15,,
7148,338,9.706,14,1.16,,
7175,339,23.656,27,1.16,,
7199,340,11.488,24,1.16,,
7208,341,6.513,9,1.16,,
7230,342,10.834,22,1.17,,
7252,343,8.402,22,1.17,,
7267,344,11.919,15,1.17,,
7294,345,15.657,27,1.18,,
7316,346,15.952,22,1.18,,
7331,347,6.573,15,1.18,,
7348,348,12.938,17,1.19,,
7370,349,8.178,22,1.19,,
7405,350,21.261,35,1.19,,
7429,351,15.468,24,1.2,,
7443,352,10.875,14,1.2,,
7457,353,9.513,14,1.2,,
7477,354,7.025,20,1.2,,
7497,355,15.276,20,1.21,,
7514,356,14.126,17,1.21,,
7541,357,30.007,27,1.21,,
7575,358,27.188,34,1.22,,
7585,359,5.222,10,1.22,,
7603,360,10.808,18,1.22,,
7618,361,13.807,15,1.23,,
7634,362,13.54,16,1.23,,
7650,363,9.681,16,1.23,,
7666,364,7.129,16,1.23,,
7698,365,28.31,32,1.24,,
7722,366,9.532,24,1.24,,
7734,367,7.007,12,1.25,,
7754,368,19.826,20,1.25,,
7766,369,8.727,12,1.25,,
7783,370,13.409,17,1.25,,
7798,371,9.959,15,1.26,,
7839,372,35.144,41,1.27,,
7859,373,14.333,20,1.28,,
7874,374,8.077,15,1.28,,
7901,375,16.125,27,1.29,,
7931,376,21.177,30,1.3,,
7995,377,96.137,64,1.31,,
8008,378,7.276,13,1.31,,
8068,379,52.417,60,1.32,,
8086,380,16.496,18,1.32,,
8105,381,16.108,19,1.33,,
8117,382,9.077,12,1.33,,
8131,383,10.492,14,1.33,,
8148,384,15.098,17,1.34,,
8177,385,33.467,29,1.35,,
8222,386,66.932,45,1.36,,
8232,387,6.582,10,1.36,,
8250,388,8.041,18,1.37,,
8272,389,19.337,22,1.37,,
8301,390,27.86,29,1.38,,
8311,391,6.472,10,1.38,,
8358,392,30.684,47,1.39,,
8370,393,8.15,12,1.39,,
8390,394,7.937,20,1.4,,
8407,395,11.705,17,1.4,,
8422,396,12.381,15,1.4,,
8454,397,19.565,32,1.4,,
8470,398,13.736,16,1.41,,
8483,399,11.64,13,1.41,,
8502,400,14.117,19,1.41,,
8517,401,13.827,15,1.41,,
8527,402,6.296,10,1.42,,
8539,403,8.07,12,1.42,,
8555,404,9.875,16,1.42,,
8593,405,14.041,38,1.43,,
8604,406,4.666,11,1.43,,
8623,407,18.1,19,1.43,,
8639,408,16.607,16,1.43,,
8681,409,33.889,42,1.44,,
8702,410,18.515,21,1.44,,
8723,411,11.446,21,1.45,,
8738,412,9.231,15,1.45,,
8756,413,14.085,18,1.45,,
8767,414,6.978,11,1.45,,
8796,415,23.534,29,1.46,,
8811,416,7.923,15,1.46,,
8818,417,3.803,7,1.46,,
8829,418,8.171,11,1.46,,
8860,419,4.258,31,1.47,,
8874,420,12.804,14,1.47,,
8894,421,7.526,20,1.47,,
8925,422,22.522,31,1.48,,
8957,423,27.186,32,1.48,,
8973,424,11.696,16,1.49,,
8987,425,11.676,14,1.49,,
9026,426,39.227,39,1.49,,
9037,427,7.6,11,1.5,,
9051,428,9.338,14,1.5,,
9066,429,10.255,15,1.5,,
9078,430,8.476,12,1.5,,
9097,431,17.703,19,1.5,,
9108,432,6.192,11,1.51,,
9142,433,30.204,34,1.51,,
9170,434,12.46,28,1.52,,
9196,435,23.978,26,1.52,,
9213,436,11.752,17,1.52,,
9245,437,22.967,32,1.53,,
9261,438,9.752,16,1.53,,
9275,439,8.895,14,1.53,,
9309,440,36.419,34,1.54,,
9328,441,17.8,19,1.54,,
9344,442,10.042,16,1.54,,
9369,443,25.572,25,1.55,,
9380,444,8.184,11,1.55,,
9396,445,8.469,16,1.55,,
9407,446,6.685,11,1.55,,
9433,447,8.612,26,1.56,,
9441,448,4.726,8,1.56,,
9453,449,7.472,12,1.56,,
9475,450,20.292,22,1.56,,
9491,451,12.877,16,1.57,,
9513,452,10.957,22,1.57,,
9540,453,29.14,27,1.57,,
9551,454,6.483,11,1.57,,
9567,455,8.055,16,1.58,,
9578,456,5.476,11,1.58,,
9593,457,7.829,15,1.58,,
9629,458,36.267,36,1.59,,
9657,459,15.407,28,1.59,,
9668,460,6.991,11,1.59,,
9680,461,8.557,12,1.6,,
9695,462,5.998,15,1.6,,
9705,463,6.568,10,1.6,,
9719,464,10.649,14,1.6,,
9736,465,16.334,17,1.61,,
9759,466,16.476,23,1.61,,
9792,467,34.446,33,1.62,,
9815,468,12.468,23,1.62,,
9827,469,6.726,12,1.63,,
9903,470,91.752,76,1.64,,
9950,471,25.85,47,1.65,,
9965,472,9.587,15,1.65,,
9999,473,19.879,34,1.65,,
10020,474,21.817,21,2.02,,
10058,475,38.219,38,2.02,,
10097,476,52.864,39,2.03,,
10111,477,8.455,14,2.03,,
10126,478,10.686,15,2.03,,
10145,479,12.228,19,2.04,,
10156,480,7.557,11,2.04,,
10169,481,5.366,13,2.04,,
10185,482,7.512,16,2.04,,
10208,483,23.52,23,2.05,,
10219,484,6.931,11,2.05,,
10231,485,6.642,12,2.05,,
10241,486,7.336,10,2.06,,
10263,487,22.198,22,2.06,,
10286,488,18.908,23,2.07,,
10300,489,6.678,14,2.07,,
10311,490,7.124,11,2.07,,
10322,491,6.538,11,2.07,,
10368,492,17.982,46,2.08,,
10398,493,24.228,30,2.08,,
10416,494,12.396,18,2.09,,
10429,495,8.081,13,2.09,,
10442,496,6.778,13,2.09,,
10452,497,5.641,10,2.09,,
10463,498,7.653,11,2.09,,
10478,499,9.976,15,2.1,,
10493,500,9.19,15,2.1,,
10503,501,6.016,10,2.1,,
10514,502,7.078,11,2.11,,
10532,503,17.066,18,2.11,,
10551,504,19.691,19,2.11,,
10575,505,13.689,24,2.12,,
10593,506,15.568,18,2.12,,
10616,507,19.836,23,2.12,,
10635,508,8.734,19,2.13,,
10646,509,7.143,11,2.13,,
10681,510,33.415,35,2.13,,
10697,511,10.717,16,2.14,,
10715,512,16.054,18,2.14,,
10736,513,4.294,21,2.14,,
10772,514,28.973,36,2.15,,
10787,515,10.398,15,2.15,,
10804,516,12.574,17,2.15,,
10829,517,25.428,25,2.16,,
10842,518,11.694,13,2.16,,
10870,519,24.871,28,2.17,,
10883,520,9.141,13,2.17,,
10895,521,6.758,12,2.17,,
10905,522,5.92,10,2.17,,
10929,523,16.513,24,2.18,,
10944,524,8.344,15,2.18,,
10955,525,5.343,11,2.18,,
10967,526,8.604,12,2.19,,
10989,527,12.85,22,2.19,,
11006,528,10.168,17,2.19,,
11028,529,11.16,22,2.2,,
11059,530,19.532,31,2.2,,
11080,531,11.087,21,2.21,,
11099,532,10.043,19,2.21,,
11114,533,9.914,15,2.21,,
11137,534,21.539,23,2.22,,
11150,535,10.741,13,2.22,,
11164,536,7.807,14,2.22,,
11192,537,11.734,28,2.23,,
11211,538,11.891,19,2.24,,
11231,539,7.555,20,2.24,,
11242,540,8.147,11,2.24,,
11276,541,23.236,34,2.25,,
11289,542,8.664,13,2.25,,
11307,543,8.734,18,2.25,,
11333,544,17.324,26,2.26,,
11352,545,15.824,19,2.26,,
11386,546,30.464,34,2.27,,
11403,547,12.011,17,2.27,,
11418,548,9.732,15,2.27,,
11451,549,33.554,33,2.28,,
11462,550,7.274,11,2.28,,
11476,551,8.538,14,2.28,,
11494,552,16.485,18,2.29,,
11507,553,6.342,13,2.29,,
11539,554,32.835,32,2.29,,
11572,555,5.725,33,2.3,,
11596,556,25.289,24,2.3,,
11625,557,16.904,29,2.31,,
11694,558,50.202,69,2.32,,
11724,559,31.391,30,2.32,,
11742,560,14.338,18,2.33,,
11756,561,9.612,14,2.33,,
11799,562,31.783,43,2.34,,
11827,563,30.363,28,2.35,,
11848,564,10.575,21,2.35,,
11858,565,6.082,10,2.35,,
11880,566,14.034,22,2.35,,
11976,567,111.116,96,2.37,,
12011,568,42.619,35,2.38,,
12042,569,17.353,31,2.38,,
12055,570,7.21,13,2.38,,
12074,571,9.839,19,2.39,,
12093,572,13.428,19,2.39,,
12107,573,11.184,14,2.39,,
12126,574,13.868,19,2.4,,
12140,575,10.267,14,2.4,,
12150,576,7.333,10,2.4,,
12168,577,11.953,18,2.4,,
12191,578,9.652,23,2.41,,
12213,579,6.212,22,2.41,,
12233,580,20.618,20,2.42,,
12256,581,14.123,23,2.42,,
12276,582,14.538,20,2.42,,
12302,583,18.969,26,2.43,,
12316,584,7.078,14,2.43,,
12330,585,11.368,14,2.43,,
12363,586,13.179,33,2.44,,
12385,587,12.493,22,2.44,,
12422,588,29.08,37,2.45,,
12436,589,7.463,14,2.45,,
12461,590,21.243,25,2.45,,
12471,591,6.967,10,2.45,,
12495,592,23.954,24,2.46,,
12506,593,8.559,11,2.46,,
12515,594,6.248,9,2.46,,
12531,595,10.963,16,2.47,,
12545,596,9.582,14,2.47,,
12587,597,36.08,42,2.48,,
12651,598,44.49,64,2.5,,
12681,599,30.602,30,2.51,,
12696,600,7.442,15,2.52,,
12716,601,18.219,20,2.52,,
12728,602,7.663,12,2.52,,
12749,603,16.497,21,2.53,,
12786,604,39.164,37,2.53,,
12806,605,12.396,20,2.54,,
12819,606,6.298,13,2.54,,
12853,607,9.845,34,2.54,,
12866,608,8.454,13,2.55,,
12897,609,15.107,31,2.55,,
12911,610,7.829,14,2.55,,
12924,611,8.76,13,2.56,,
12951,612,22.421,27,2.56,,
12963,613,9.633,12,2.56,,
12975,614,8.304,12,2.56,,
12986,615,6.601,11,2.56,,
12997,616,7.668,11,2.57,,
13007,617,7.043,10,2.57,,
13091,618,137.452,84,2.58,,
13109,619,11.042,18,2.58,,
13132,620,21.585,23,2.59,,
13147,621,10.242,15,2.59,,
13164,622,12.541,17,2.59,,
13181,623,6.785,17,2.59,,
13205,624,11.391,24,2.6,,
13238,625,20.943,33,2.6,,
13259,626,12.274,21,2.61,,
13274,627,11.059,15,2.61,,
13303,628,24.426,29,2.61,,
13330,629,32.147,27,2.62,,
13400,630,114.096,70,2.63,,
13431,631,17.264,31,2.63,,
13457,632,9.818,26,2.64,,
13475,633,16.973,18,2.64,,
13510,634,11.276,35,2.65,,
13528,635,15.246,18,2.65,,
13548,636,16.678,20,2.65,,
13567,637,18.526,19,2.66,,
13586,638,14.576,19,2.66,,
13607,639,20.796,21,2.66,,
13646,640,42.378,39,2.67,,
13676,641,30.079,30,2.67,,
13702,642,10.865,26,2.68,,
13716,643,6.541,14,2.68,,
13731,644,7.385,15,2.68,,
13746,645,12.999,15,2.68,,
13762,646,13.528,16,2.69,,
13812,647,43.873,50,2.69,,
13826,648,12.075,14,2.7,,
13845,649,11.216,19,2.7,,
13858,650,8.566,13,2.7,,
13880,651,12.753,22,2.7,,
13900,652,18.245,20,2.71,,
13929,653,20.466,29,2.71,,
13961,654,28.733,32,2.72,,
14001,655,45.908,40,2.72,,
14012,656,7.002,11,2.72,,
14027,657,8.601,15,2.73,,
14049,658,19.383,22,2.73,,
14099,659,51.975,50,2.74,,
14113,660,7.507,14,2.75,,
14127,661,10.395,14,2.75,,
14145,662,10.918,18,2.75,,
14160,663,9.832,15,2.76,,
14194,664,43.765,34,2.76,,
14223,665,40.74,29,2.77,,
14247,666,16.645,24,2.77,,
14265,667,12.337,18,2.77,,
14281,668,15.19,16,2.78,,
14304,669,17.253,23,2.78,,
14325,670,12.968,21,2.78,,
14342,671,12.266,17,2.79,,
14359,672,17.453,17,2.79,,
14378,673,15.689,19,2.79,,
14425,674,42.564,47,2.8,,
14460,675,16.329,35,2.8,,
14476,676,3.623,16,2.81,,
14495,677,10.43,19,2.81,,
14526,678,31.049,31,2.81,,
14542,679,12.669,16,2.82,,
14572,680,31.875,30,2.82,,
14608,681,28.707,36,2.83,,
14626,682,14.874,18,2.83,,
14673,683,43.854,47,2.84,,
14688,684,10.174,15,2.84,,
14716,685,13.51,28,2.84,,
14746,686,14.292,30,2.85,,
14756,687,5.672,10,2.85,,
14773,688,9.549,17,2.85,,
14794,689,14.996,21,2.86,,
14837,690,32.578,43,2.86,,
14864,691,31.065,27,2.87,,
14880,692,11.428,16,2.87,,
14915,693,14.217,35,2.88,,
14931,694,14.895,16,2.88,,
14951,695,10.117,20,2.88,,
14966,696,10.851,15,2.88,,
14994,697,24.972,28,2.89,,
15023,698,22.865,29,2.89,,
15043,699,14.391,20,2.9,,
15089,700,61.738,46,2.9,,
15121,701,15.305,32,2.91,,
15185,702,68.708,64,2.92,,
15199,703,11.166,14,2.92,,
15210,704,7.365,11,2.92,,
15240,705,12.91,30,2.93,,
15254,706,9.297,14,2.93,,
15310,707,47.126,56,2.94,,
15328,708,9.799,18,2.94,,
15344,709,9.233,16,2.94,,
15355,710,6.582,11,2.95,,
15381,711,9.407,26,2.95,,
15403,712,17.303,22,2.95,,
15418,713,6.481,15,2.95,,
15435,714,10.683,17,2.96,,
15449,715,7.664,14,2.96,,
15475,716,25.422,26,2.96,,
15497,717,10.151,22,2.97,,
15514,718,12.19,17,2.97,,
15535,719,15.144,21,2.97,,
15585,720,44.355,50,2.98,,
15600,721,13.294,15,2.98,,
15626,722,8.563,26,2.99,,
15647,723,18.684,21,2.99,,
15662,724,10.796,15,2.99,,
15678,725,11.713,16,2.99,,
15721,726,35.008,43,3.0,,
15740,727,17.55,19,3.0,,
15770,728,7.775,30,3.01,,
15799,729,19.639,29,3.01,,
15811,730,10.092,12,3.01,,
15827,731,10.245,16,3.02,,
15852,732,11.454,25,3.02,,
15884,733,29.627,32,3.02,,
15919,734,17.015,35,3.03,,
15946,735,9.743,27,3.03,,
15959,736,9.748,13,3.04,,
15976,737,6.491,17,3.04,,
15997,738,22.054,21,3.04,,
16015,739,13.541,18,3.04,,
16033,740,10.944,18,3.05,,
16068,741,12.384,35,3.05,,
16087,742,9.831,19,3.05,,
16118,743,19.54,31,3.06,,
16127,744,4.395,9,3.06,,
16147,745,14.956,20,3.06,,
16171,746,16.457,24,3.07,,
16180,747,5.176,9,3.07,,
16191,748,8.026,11,3.07,,
16215,749,18.088,24,3.07,,
16226,750,6.061,11,3.08,,
16245,751,11.15,19,3.08,,
16258,752,9.968,13,3.08,,
16288,753,24.885,30,3.09,,
16302,754,11.949,14,3.09,,
16329,755,31.708,27,3.09,,
16345,756,13.148,16,3.09,,
16359,757,12.685,14,3.1,,
16376,758,10.056,17,3.1,,
16386,759,6.302,10,3.1,,
16407,760,16.133,21,3.1,,
16442,761,7.957,35,3.11,,
16473,762,21.45,31,3.11,,
16495,763,8.76,22,3.12,,
16511,764,8.807,16,3.12,,
16535,765,16.091,24,3.12,,
16550,766,11.812,15,3.13,,
16566,767,14.838,16,3.13,,
16577,768,7.42,11,3.13,,
16596,769,16.67,19,3.13,,
16614,770,11.967,18,3.14,,
16634,771,20.159,20,3.14,,
16653,772,12.287,19,3.14,,
16674,773,15.506,21,3.15,,
16690,774,8.281,16,3.15,,
16702,775,8.919,12,3.15,,
16740,776,22.839,38,3.16,,
16763,777,16.72,23,3.16,,
16772,778,4.766,9,3.16,,
16795,779,5.116,23,3.16,,
16820,780,22.549,25,3.17,,
16833,781,5.952,13,3.17,,
16852,782,12.014,19,3.17,,
16868,783,12.912,16,3.18,,
16881,784,8.236,13,3.18,,
16915,785,16.363,34,3.18,,
16934,786,9.049,19,3.19,,
16953,787,13.139,19,3.19,,
16965,788,6.38,12,3.19,,
16984,789,13.937,19,3.19,,
17005,790,9.022,21,3.2,,
17035,791,9.245,30,3.2,,
17065,792,41.462,30,3.21,,
17084,793,13.281,19,3.22,,
17106,794,20.101,22,3.22,,
17144,795,28.595,38,3.23,,
17156,796,7.081,12,3.24,,
17174,797,14.497,18,3.24,,
17190,798,12.556,16,3.24,,
17207,799,8.855,17,3.24,,
17221,800,10.701,14,3.25,,
17244,801,9.822,23,3.25,,
17256,802,7.276,12,3.25,,
17280,803,10.423,24,3.25,,
17300,804,19.844,20,3.26,,
17329,805,26.523,29,3.28,,
17339,806,7.722,10,3.28,,
17364,807,27.522,25,3.29,,
17391,808,32.083,27,3.29,,
17416,809,30.683,25,3.3,,
17442,810,16.435,26,3.3,,
17475,811,37.5,33,3.31,,
17500,812,14.569,25,3.32,,
17528,813,22.146,28,3.32,,
17543,814,10.775,15,3.33,,
17560,815,16.908,17,3.33,,
17595,816,26.911,35,3.34,,
17608,817,5.935,13,3.34,,
17644,818,21.965,36,3.35,,
17667,819,15.433,23,3.35,,
17684,820,9.578,17,3.36,,
17721,821,26.497,37,3.36,,
17735,822,8.215,14,3.36,,
17750,823,9.621,15,3.37,,
17764,824,9.354,14,3.37,,
17795,825,11.622,31,3.37,,
17811,826,9.785,16,3.37,,
17836,827,14.146,25,3.38,,
17851,828,10.813,15,3.38,,
17866,829,9.183,15,3.38,,
17892,830,22.365,26,3.39,,
17909,831,12.246,17,3.39,,
17918,832,6.301,9,3.39,,
17926,833,4.239,8,3.39,,
17945,834,12.068,19,3.39,,
17985,835,27.966,40,3.4,,
18010,836,7.084,25,3.4,,
18031,837,8.03,21,3.41,,
18044,838,6.342,13,3.41,,
18067,839,12.48,23,3.41,,
18087,840,13.958,20,3.42,,
18105,841,12.193,18,3.42,,
18120,842,8.447,15,3.42,,
18153,843,31.374,33,3.43,,
18169,844,13.06,16,3.43,,
18184,845,7.123,15,3.43,,
18212,846,27.086,28,3.44,,
18230,847,8.823,18,3.44,,
18246,848,10.248,16,3.44,,
18307,849,75.516,61,3.45,,
18322,850,9.428,15,3.45,,
18346,851,9.098,24,3.46,,
18377,852,17.571,31,3.46,,
18389,853,8.129,12,3.46,,
18415,854,22.185,26,3.47,,
18435,855,10.449,20,3.47,,
18476,856,45.299,41,3.48,,
18488,857,6.576,12,3.48,,
18505,858,10.692,17,3.48,,
18521,859,14.485,16,3.48,,
18542,860,10.14,21,3.49,,
18561,861,19.21,19,3.49,,
18581,862,16.158,20,3.49,,
18596,863,8.968,15,3.49,,
18611,864,11.169,15,3.5,,
18643,865,26.23,32,3.5,,
18657,866,5.546,14,3.51,,
18671,867,6.465,14,3.51,,
18687,868,6.192,16,3.51,,
18699,869,7.557,12,3.51,,
18719,870,21.575,20,3.52,,
18734,871,11.344,15,3.52,,
18750,872,9.297,16,3.52,,
18761,873,9.154,11,3.52,,
18778,874,16.922,17,3.53,,
18798,875,22.522,20,3.53,,
18815,876,10.199,17,3.53,,
18832,877,9.618,17,3.54,,
18849,878,13.272,17,3.54,,
18956,879,191.035,107,3.55,,
18973,880,17.023,17,3.56,,
19002,881,31.674,29,3.56,,
19012,882,7.874,10,3.56,,
19038,883,10.018,26,3.57,,
19052,884,8.549,14,3.57,,
19094,885,32.649,42,3.57,,
19122,886,10.158,28,3.58,,
19137,887,10.096,15,3.58,,
19154,888,11.383,17,3.58,,
19165,889,8.28,11,3.59,,
19195,890,20.416,30,3.59,,
19206,891,6.476,11,3.59,,
19264,892,67.097,58,3.6,,
19278,893,9.684,14,3.6,,
19293,894,10.311,15,3.6,,
19305,895,6.319,12,3.61,,
19337,896,10.816,32,3.61,,
19351,897,11.591,14,3.61,,
19390,898,29.562,39,3.62,,
19402,899,8.179,12,3.62,,
19417,900,9.372,15,3.62,,
19435,901,17.176,18,3.63,,
19453,902,11.464,18,3.63,,
19477,903,13.666,24,3.63,,
19493,904,9.021,16,3.64,,
19510,905,12.13,17,3.64,,
19540,906,35.716,30,3.64,,
19552,907,7.823,12,3.64,,
19562,908,4.964,10,3.65,,
19573,909,5.813,11,3.65,,
19591,910,18.303,18,3.65,,
19626,911,23.406,35,3.65,,
19647,912,9.412,21,3.66,,
19663,913,12.06,16,3.66,,
19681,914,12.195,18,3.66,,
19754,915,93.943,73,3.68,,
19773,916,20.741,19,3.68,,
19798,917,10.234,25,3.69,,
19822,918,25.309,24,3.69,,
19844,919,21.433,22,3.7,,
19854,920,6.013,10,3.7,,
19883,921,20.768,29,3.71,,
19894,922,8.365,11,3.71,,
19906,923,8.997,12,3.71,,
19977,924,138.601,71,3.72,,
20015,925,14.25,38,3.97,,
20038,926,14.884,23,3.98,,
20052,927,7.792,14,3.98,,
20068,928,6.521,16,3.98,,
20082,929,8.556,14,3.99,,
20134,930,49.061,52,4.0,,
20146,931,8.727,12,4.0,,
20160,932,9.144,14,4.0,,
20189,933,20.038,29,4.01,,
20210,934,12.772,21,4.01,,
20230,935,17.135,20,4.02,,
20250,936,10.401,20,4.02,,
20259,937,6.179,9,4.02,,
20279,938,20.593,20,4.02,,
20301,939,7.819,22,4.03,,
20309,940,4.624,8,4.03,,
20325,941,12.701,16,4.03,,
20340,942,11.793,15,4.03,,
20368,943,23.934,28,4.04,,
20385,944,15.812,17,4.04,,
20401,945,15.226,16,4.04,,
20423,946,19.566,22,4.05,,
20442,947,14.656,19,4.05,,
20456,948,10.583,14,4.05,,
20479,949,21.371,23,4.05,,
20500,950,21.64,21,4.06,,
20516,951,4.331,16,4.06,,
20531,952,12.223,15,4.06,,
20626,953,177.314,95,4.08,,
20660,954,34.285,34,4.08,,
20686,955,10.734,26,4.09,,
20697,956,7.63,11,4.09,,
20712,957,12.299,15,4.09,,
20735,958,15.013,23,4.1,,
20746,959,7.702,11,4.1,,
20760,960,11.641,14,4.1,,
20773,961,9.543,13,4.1,,
20809,962,45.303,36,4.11,,
20842,963,38.97,33,4.11,,
20859,964,14.596,17,4.12,,
20877,965,9.465,18,4.12,,
20901,966,11.252,24,4.12,,
20915,967,8.028,14,4.12,,
20938,968,12.594,23,4.13,,
20950,969,6.871,12,4.13,,
20969,970,14.236,19,4.13,,
20991,971,18.973,22,4.14,,
21025,972,13.404,34,4.14,,
21034,973,5.234,9,4.14,,
21058,974,14.521,24,4.15,,
21088,975,11.883,30,4.15,,
21102,976,11.756,14,4.15,,
21113,977,8.072,11,4.15,,
21126,978,8.214,13,4.16,,
21163,979,35.613,37,4.16,,
21171,980,4.426,8,4.16,,
21185,981,9.406,14,4.16,,
21202,982,14.141,17,4.17,,
21236,983,13.558,34,4.17,,
21346,984,156.821,110,4.19,,
21356,985,6.319,10,4.19,,
21389,986,16.232,33,4.2,,
21409,987,17.514,20,4.2,,
21422,988,9.202,13,4.21,,
21464,989,37.377,42,4.22,,
21490,990,16.712,26,4.22,,
21504,991,4.09,14,4.22,,
21539,992,26.991,35,4.23,,
21607,993,75.174,68,4.24,,
21627,994,9.954,20,4.24,,
21648,995,8.791,21,4.25,,
21665,996,9.388,17,4.25,,
21678,997,9.499,13,4.25,,
21692,998,10.213,14,4.25,,
21704,999,7.232,12,4.26,,
21737,1000,28.655,33,4.26,,
21751,1001,11.073,14,4.26,,
21777,1002,23.566,26,4.27,,
21813,1003,10.096,36,4.27,,
21836,1004,17.512,23,4.28,,
21845,1005,3.892,9,4.28,,
21898,1006,38.512,53,4.29,,
21930,1007,40.932,32,4.29,,
21948,1008,13.607,18,4.29,,
21987,1009,24.046,39,4.3,,
22006,1010,10.82,19,4.3,,
22026,1011,15.359,20,4.3,,
22038,1012,6.395,12,4.31,,
22050,1013,6.601,12,4.31,,
22068,1014,11.131,18,4.31,,
22080,1015,9.186,12,4.31,,
22106,1016,24.116,26,4.32,,
22140,1017,23.751,34,4.32,,
22153,1018,9.755,13,4.32,,
22176,1019,11.184,23,4.33,,
22191,1020,8.264,15,4.33,,
22224,1021,11.378,33,4.33,,
22257,1022,22.239,33,4.34,,
22270,1023,7.375,13,4.34,,
22280,1024,6.64,10,4.34,,
22314,1025,48.182,34,4.35,,
22336,1026,4.451,22,4.35,,
22359,1027,13.664,23,4.35,,
22385,1028,23.23,26,4.36,,
22444,1029,70.672,59,4.37,,
22467,1030,15.408,23,4.37,,
22484,1031,13.143,17,4.37,,
22502,1032,15.315,18,4.38,,
22522,1033,10.309,20,4.38,,
22533,1034,8.352,11,4.38,,
22555,1035,9.785,22,4.38,,
22572,1036,9.282,17,4.39,,
22603,1037,12.333,31,4.39,,
22625,1038,7.168,22,4.4,,
22640,1039,14.049,15,4.4,,
22658,1040,12.366,18,4.4,,
22672,1041,13.339,14,4.4,,
22687,1042,9.077,15,4.4,,
22703,1043,13.78,16,4.41,,
22716,1044,5.886,13,4.41,,
22750,1045,29.005,34,4.41,,
22789,1046,35.106,39,4.42,,
22801,1047,9.093,12,4.42,,
22816,1048,11.682,15,4.42,,
22834,1049,17.521,18,4.43,,
22854,1050,11.257,20,4.43,,
22880,1051,23.047,26,4.43,,
22896,1052,10.622,16,4.44,,
22922,1053,14.127,26,4.44,,
22954,1054,15.612,32,4.44,,
22983,1055,13.975,29,4.45,,
22997,1056,4.726,14,4.45,,
23018,1057,11.998,21,4.45,,
23034,1058,15.296,16,4.46,,
23052,1059,5.991,18,4.46,,
23064,1060,8.667,12,4.46,,
23094,1061,15.618,30,4.47,,
23127,1062,34.331,33,4.47,,
23157,1063,36.195,30,4.48,,
23179,1064,23.779,22,4.48,,
23195,1065,12.54,16,4.48,,
23208,1066,6.769,13,4.48,,
23260,1067,62.916,52,4.49,,
23285,1068,20.824,25,4.5,,
23315,1069,19.476,30,4.5,,
23388,1070,77.269,73,4.51,,
23403,1071,12.626,15,4.51,,
23441,1072,39.778,38,4.52,,
23474,1073,30.493,33,4.53,,
23490,1074,7.33,16,4.53,,
23503,1075,8.605,13,4.53,,
23519,1076,11.946,16,4.53,,
23542,1077,18.105,23,4.54,,
23565,1078,12.745,23,4.54,,
23588,1079,24.723,23,4.54,,
23605,1080,11.532,17,4.55,,
23620,1081,12.189,15,4.55,,
23643,1082,18.944,23,4.55,,
23708,1083,85.813,65,4.56,,
23749,1084,56.846,41,4.57,,
23761,1085,8.59,12,4.57,,
23782,1086,24.597,21,4.58,,
23803,1087,9.771,21,4.58,,
23837,1088,26.853,34,4.59,,
23908,1089,94.643,71,4.6,,
23939,1090,19.235,31,4.61,,
23957,1091,17.671,18,4.61,,
23974,1092,12.732,17,4.61,,
23990,1093,9.316,16,4.61,,
23999,1094,6.366,9,4.62,,
24011,1095,7.489,12,4.62,,
24024,1096,8.877,13,4.62,,
24033,1097,5.621,9,4.62,,
24050,1098,10.149,17,4.63,,
24066,1099,12.809,16,4.63,,
24101,1100,18.16,35,4.65,,
24121,1101,15.939,20,4.65,,
24143,1102,10.293,22,4.66,,
24167,1103,15.97,24,4.66,,
24191,1104,13.314,24,4.67,,
24231,1105,34.465,40,4.67,,
24273,1106,22.525,42,4.68,,
24285,1107,7.99,12,4.68,,
24302,1108,11.03,17,4.69,,
24328,1109,20.368,26,4.69,,
24352,1110,29.121,24,4.69,,
24369,1111,8.688,17,4.7,,
24393,1112,9.161,24,4.7,,
24406,1113,7.601,13,4.7,,
24417,1114,6.738,11,4.7,,
24433,1115,13.568,16,4.71,,
24461,1116,17.966,28,4.71,,
24482,1117,7.757,21,4.71,,
24497,1118,9.926,15,4.72,,
24510,1119,10.538,13,4.72,,
24520,1120,6.604,10,4.72,,
24533,1121,8.445,13,4.72,,
24623,1122,138.661,90,4.74,,
24639,1123,13.115,16,4.74,,
24659,1124,14.023,20,4.74,,
24686,1125,31.826,27,4.74,,
24717,1126,22.369,31,4.75,,
24750,1127,28.664,33,4.75,,
24780,1128,22.428,30,4.76,,
24807,1129,12.377,27,4.76,,
24822,1130,8.087,15,4.77,,
24839,1131,14.105,17,4.77,,
24852,1132,8.88,13,4.77,,
24868,1133,9.647,16,4.77,,
24925,1134,58.863,57,4.78,,
24957,1135,28.795,32,4.79,,
24986,1136,32.107,29,4.79,,
25024,1137,35.799,38,5.24,0.728358,-0.725144
25040,1138,6.433,16,5.36,0.363402,-0.884555
25061,1139,-0.611,21,5.49,0.22066,-0.985171
25080,1140,-1.704,19,5.62,0.145493,-1.035131
25098,1141,-1.372,18,5.73,0.121583,-1.085381
25116,1142,-1.669,18,5.84,0.121752,-1.144766
25134,1143,-1.772,18,5.94,0.108759,-1.249556
25152,1144,-1.921,18,6.07,0.104713,-1.263939
25170,1145,-2.309,18,6.2,0.109401,-1.296987
25188,1146,-1.712,18,6.31,0.115503,-1.312033
25206,1147,-2.03,18,6.43,0.10225,-1.333828
25224,1148,-2.285,18,6.55,0.1117,-1.380865
25243,1149,-2.252,19,6.68,0.124101,-1.358002
25261,1150,-2.055,18,6.8,0.112453,-1.417312
25279,1151,-1.732,18,6.94,0.117446,-1.495151
25297,1152,-1.909,18,7.07,0.114322,-1.506682
25315,1153,-1.908,18,7.2,0.127409,-1.540053
25333,1154,-2.087,18,7.33,0.113184,-1.559749
25351,1155,-1.944,18,7.47,0.132852,-1.597632
25369,1156,-2.179,18,7.59,0.137198,-1.647481
25387,1157,-2.181,18,7.72,0.124651,-1.655654
25405,1158,-1.931,18,7.85,0.124853,-1.694027
25423,1159,-2.163,18,7.99,0.144015,-1.723825
25441,1160,-1.88,18,8.12,0.133005,-1.743224
25459,1161,-1.599,18,8.25,0.147296,-1.777751
25477,1162,-2.363,18,8.38,0.155565,-1.829154
25495,1163,-2.259,18,8.5,0.139826,-1.875466
25514,1164,-2.375,19,8.65,0.145485,-1.902678
25532,1165,-1.621,18,8.79,0.158913,-1.925096
25550,1166,-2.307,18,8.92,0.169952,-1.915965
25568,1167,-2.45,18,9.06,0.140709,-1.984471
25586,1168,-1.816,18,9.18,0.146678,-2.030337
25604,1169,-2.223,18,9.31,0.167415,-2.017815
25621,1170,-1.664,17,9.44,0.178419,-2.070638
25639,1171,-2.17,18,9.57,0.176227,-2.051796
25657,1172,-1.933,18,9.71,0.187093,-2.121003
25675,1173,-2.391,18,9.84,0.204864,-2.131485
25693,1174,-1.612,18,9.97,0.182485,-2.20162
25711,1175,-2.003,18,10.11,0.184532,-2.205764
25729,1176,-2.23,18,10.25,0.18073,-2.247924
25747,1177,-2.258,18,10.39,0.217441,-2.229642
25765,1178,-1.877,18,10.52,0.204649,-2.315602
25783,1179,-1.697,18,10.64,0.189626,-2.410847
25801,1180,-2.279,18,10.76,0.234152,-2.393911
25819,1181,-2.014,18,10.91,0.193408,-2.435645
25837,1182,-2.537,18,11.05,0.233453,-2.392456
25856,1183,-2.698,19,11.19,0.226024,-2.487552
25874,1184,-2.28,18,11.32,0.223184,-2.542337
25892,1185,-2.321,18,11.45,0.228084,-2.501131
25910,1186,-2.425,18,11.6,0.261438,-2.567862
25928,1187,-2.128,18,11.74,0.267536,-2.549544
25946,1188,-2.23,18,11.88,0.257982,-2.589797
25964,1189,-1.87,18,12.01,0.22048,-2.638443
25982,1190,-1.707,18,12.16,0.249764,-2.737079
26001,1191,-2.307,19,12.32,0.290606,-2.717376
26019,1192,-2.636,18,12.45,0.260625,-2.792411
26037,1193,-2.132,18,12.6,0.293648,-2.760671
26055,1194,-2.28,18,12.74,0.331854,-2.799226
26073,1195,-2.704,18,12.87,0.28042,-2.807748
26091,1196,-1.898,18,12.99,0.350112,-2.835835
26109,1197,-2.308,18,13.13,0.275935,-2.854817
26127,1198,-1.512,18,13.25,0.325102,-2.945472
26147,1199,-1.792,20,13.38,0.330746,-2.951847
26170,1200,39.628,23,13.52,0.335539,-3.366795
26192,1201,37.739,22,13.68,0.345626,-3.439649
26214,1202,37.553,22,13.86,0.326702,-3.509959
26236,1203,37.85,22,14.01,0.341261,-3.617104
26259,1204,39.593,23,14.19,0.349305,-3.548185
26282,1205,39.379,23,14.33,0.467695,-3.580432
26304,1206,37.607,22,14.47,0.414508,-3.679079
26326,1207,37.8,22,14.64,0.388316,-3.695773
26349,1208,39.559,23,14.83,0.393585,-3.859224
26372,1209,39.374,23,15.02,0.494844,-3.93266
26394,1210,37.749,22,15.19,0.493876,-4.084193
26417,1211,39.554,23,15.37,0.542207,-4.087746
26439,1212,37.25,22,15.54,0.457285,-4.275997
26462,1213,39.616,23,15.7,0.612601,-4.238239
26485,1214,39.088,23,15.86,0.610715,-4.403377
26508,1215,39.091,23,16.02,0.514005,-4.470616
26530,1216,38.009,22,16.17,0.572042,-4.622483
26552,1217,37.655,22,16.31,0.637988,-4.673648
26574,1218,37.516,22,16.47,0.689912,-4.800866
26596,1219,37.663,22,16.62,0.605851,-4.820151
26618,1220,37.436,22,16.78,0.761498,-4.951487
26640,1221,37.601,22,16.93,0.681301,-4.997311
26662,1222,37.467,22,17.07,0.808486,-4.990773
26685,1223,39.189,23,17.23,0.668276,-5.177613
26706,1224,36.015,21,17.39,0.793414,-5.105703
26728,1225,37.861,22,17.56,0.799664,-5.326243
26752,1226,40.918,24,17.73,0.719141,-5.276206
26774,1227,37.872,22,17.87,0.857647,-5.333881
26797,1228,39.023,23,18.04,0.86535,-5.478952
26819,1229,37.964,22,18.19,0.950405,-5.584747
26842,1230,39.305,23,18.36,0.824401,-5.724713
26865,1231,39.568,23,18.53,0.911034,-5.709822
26887,1232,37.959,22,18.69,1.077014,-5.770178
26909,1233,37.767,22,18.84,1.113541,-5.911772
26931,1234,37.447,22,18.99,0.985088,-5.962539
26953,1235,38.0,22,19.16,0.981272,-5.971984
26975,1236,37.631,22,19.34,1.153599,-6.135464
26998,1237,39.033,23,19.51,1.154566,-6.21068
27021,1238,39.527,23,19.67,1.186194,-6.227345
27043,1239,37.907,22,19.85,1.344295,-6.257198
27064,1240,35.994,21,20.0,0.996602,-6.445754
27086,1241,37.416,22,20.17,0.990302,-6.481862
27109,1242,39.25,23,20.34,1.18018,-6.54625
27132,1243,39.706,23,20.52,1.254349,-6.57134
27154,1244,37.989,22,20.71,1.421537,-6.606231
27177,1245,39.55,23,20.89,1.138903,-6.846759
27199,1246,37.658,22,21.06,1.058458,-6.84829
27222,1247,39.28,23,21.26,1.510364,-6.887983
27244,1248,37.506,22,21.45,1.226309,-7.068016
27265,1249,36.094,21,21.62,1.45135,-7.072274
27288,1250,39.314,23,21.83,1.527793,-7.138409
27310,1251,37.72,22,21.98,1.032627,-7.257048
27332,1252,37.618,22,22.16,1.55226,-7.408521
27354,1253,38.11,22,22.33,1.454109,-7.364719
27377,1254,39.54,23,22.51,1.7195,-7.502145
27400,1255,39.774,23,22.7,1.533164,-7.448352
27421,1256,36.069,21,22.88,1.480022,-7.496771
27442,1257,35.867,21,23.06,1.513905,-7.708017
27464,1258,38.011,22,23.22,1.627481,-7.739206
27486,1259,37.617,22,23.4,1.523965,-7.739256
27509,1260,39.22,23,23.59,1.393806,-7.8857
27531,1261,37.83,22,23.77,1.641861,-7.945136
27612,1262,151.158,81,24.37,1.669413,-8.244065
27647,1263,58.146,35,24.66,1.588913,-8.514637
27683,1264,60.454,36,24.92,1.717268,-8.660077
27707,1265,37.691,24,25.11,1.734889,-8.817411
27734,1266,43.706,27,25.3,1.745652,-8.839296
27761,1267,42.996,27,25.5,1.838362,-8.977495
27784,1268,34.976,23,25.7,1.80659,-8.894066
27803,1269,28.43,19,25.84,1.926417,-9.208555
27838,1270,58.745,35,26.1,1.720582,-9.18542
27866,1271,45.016,28,26.46,1.91558,-9.324322
27894,1272,45.581,28,27.16,2.303493,-9.422911
27920,1273,41.839,26,27.42,2.038896,-9.680448
27956,1274,60.038,36,27.67,2.020838,-9.720246
27983,1275,43.386,27,27.86,2.603208,-9.752929
28018,1276,58.794,35,28.1,2.188008,-9.87254
28051,1277,54.56,33,28.33,2.2725,-10.178631
28078,1278,43.083,27,28.51,2.350191,-10.240352
28164,1279,169.665,86,29.12,2.331207,-10.299474
28249,1280,169.594,85,29.8,2.756702,-10.759417
28335,1281,171.923,86,30.4,2.757555,-11.056935
28420,1282,172.185,85,31.15,2.814966,-11.377587
28505,1283,171.433,85,32.91,3.180094,-11.793462
28591,1284,173.903,86,34.64,2.787217,-12.151106
28677,1285,172.759,86,36.36,3.389225,-12.470019
28762,1286,169.631,85,37.01,3.389496,-12.882133
28849,1287,171.182,87,37.67,3.332566,-13.205732
28935,1288,167.874,86,38.33,3.628767,-13.562313
29019,1289,168.236,84,38.93,3.34807,-13.960765
29085,1290,115.148,66,39.36,4.229273,-14.311042
29145,1291,104.664,60,39.73,4.137011,-14.548727
29230,1292,169.523,85,40.26,3.629762,-14.889851
29318,1293,173.014,88,40.79,3.720785,-15.238137
29405,1294,171.728,87,41.36,4.624298,-15.764595
29492,1295,170.376,87,41.91,4.03253,-16.026693
29580,1296,171.084,88,42.49,4.582834,-16.404641
29666,1297,169.197,86,43.06,4.516225,-16.880884
29753,1298,169.907,87,43.76,4.75244,-17.15303
29840,1299,171.276,87,44.43,5.008254,-17.62037
29928,1300,171.304,88,45.05,5.004476,-18.005414
30015,1301,169.198,87,46.34,5.398619,-18.449019
30100,1302,165.44,85,47.03,5.688134,-18.870502
30187,1303,169.858,87,47.74,5.714741,-19.249192
30274,1304,171.841,87,48.29,5.688949,-19.604339
30361,1305,171.171,87,48.86,5.396463,-20.076897
30449,1306,170.967,88,49.47,5.762898,-20.55608
30536,1307,171.259,87,50.03,5.790603,-20.813043
30624,1308,170.532,88,50.62,6.525066,-21.236138
30711,1309,168.211,87,51.23,6.087452,-21.73023
30798,1310,170.578,87,51.85,6.337046,-22.159663
30895,1311,171.842,97,52.56,6.222375,-22.752369
30990,1312,162.463,95,53.26,6.571482,-23.241372
31094,1313,178.097,104,54.07,7.034951,-23.874704
31209,1314,207.024,115,54.99,7.878873,-24.286833
31331,1315,218.018,122,55.99,8.151998,-25.005858
31439,1316,210.771,108,56.89,8.731802,-25.539975
31546,1317,208.396,107,57.62,8.276699,-26.03406
31649,1318,204.678,103,58.3,9.054592,-26.897897
31752,1319,208.358,103,58.96,9.393371,-27.207622
31851,1320,206.23,99,59.73,10.133053,-27.787849
31948,1321,201.196,97,60.37,9.368741,-28.291404
32046,1322,207.05,98,61.0,9.670846,-28.943449
32143,1323,202.925,97,61.63,9.832802,-29.324001
32241,1324,207.447,98,62.32,10.394856,-29.825026
32341,1325,205.981,100,63.12,11.240679,-30.36765
32439,1326,204.804,98,63.87,11.139985,-30.882634
32544,1327,209.131,105,64.74,10.63867,-31.314141
32647,1328,203.365,103,65.59,11.11064,-31.937914
32749,1329,203.652,102,66.39,12.751665,-32.114376
32855,1330,207.625,106,67.12,12.242636,-32.662447
32953,1331,202.744,98,67.81,12.161257,-33.372073
33061,1332,208.412,108,68.54,13.499749,-33.733054
33173,1333,210.592,112,69.31,13.126898,-34.284627
33282,1334,207.627,109,70.05,13.01106,-34.891524
33392,1335,208.036,110,70.81,13.80363,-35.29971
33505,1336,208.09,113,71.61,14.214627,-35.735087
33610,1337,194.976,105,72.36,13.694379,-36.262456
33714,1338,189.435,104,73.12,13.256436,-36.896842
33814,1339,183.637,100,73.85,14.909275,-37.361573
33925,1340,199.484,111,74.65,14.495682,-37.889996
34026,1341,184.281,101,75.39,14.959828,-38.276785
34127,1342,182.688,101,76.12,15.015419,-38.839164
34240,1343,197.96,113,76.9,15.115996,-39.389928
34338,1344,170.671,98,77.6,15.381654,-39.823541
34436,1345,169.955,98,78.28,16.228982,-40.383288
34530,1346,161.33,94,78.93,14.860658,-40.707169
34624,1347,160.576,94,79.58,17.519101,-41.259932
34716,1348,159.581,92,80.22,16.651851,-41.389907
34812,1349,164.087,96,80.88,15.141294,-42.051766
34909,1350,167.959,97,81.58,17.835259,-42.431258
35000,1351,157.104,91,82.23,18.802254,-42.79937
35095,1352,165.265,95,82.92,17.575815,-43.252594
35175,1353,140.152,80,83.49,17.120649,-43.940654
35259,1354,147.84,84,84.09,16.607546,-44.175545
35333,1355,128.913,74,84.63,16.743543,-44.624691
35406,1356,126.163,73,85.15,18.678755,-44.98277
35479,1357,125.704,73,85.7,18.254857,-45.12011
35566,1358,155.795,87,86.31,18.201591,-45.601498
35648,1359,145.653,82,86.89,17.27445,-46.183793
35732,1360,147.727,84,87.49,17.964611,-46.60912
35821,1361,158.168,89,88.11,20.095333,-46.770988
35905,1362,148.553,84,88.7,20.548505,-47.249408
35987,1363,162.066,82,89.27,18.604921,-47.607371
36063,1364,143.554,76,89.81,19.24404,-48.030879
36142,1365,152.587,79,90.38,17.649032,-48.583276
36224,1366,159.2,82,90.97,18.950273,-48.693475
36309,1367,165.688,85,91.59,19.598614,-49.189312
36395,1368,167.419,86,92.21,20.33683,-49.402854
36476,1369,157.458,81,92.78,19.588047,-49.817424
36560,1370,165.496,84,93.46,21.648074,-50.473061
36640,1371,156.064,80,94.18,18.627086,-50.81474
36731,1372,177.048,91,94.95,19.942002,-51.143603
36819,1373,167.662,88,95.84,22.583596,-51.663619
36914,1374,183.98,95,96.53,21.596101,-51.717376
37009,1375,181.877,95,97.17,23.060876,-52.595471
37097,1376,172.439,88,97.77,21.043746,-53.052321
37193,1377,184.239,96,98.42,20.489631,-53.250993
37281,1378,172.35,88,99.02,21.229234,-53.86643
37368,1379,170.307,87,99.61,22.029519,-54.0798
37456,1380,171.702,88,100.22,24.33639,-54.253848
37538,1381,158.821,82,100.81,23.467305,-54.697427
37625,1382,170.615,87,101.46,22.873554,-54.925466
37712,1383,169.383,87,102.09,22.592253,-55.315561
37792,1384,152.568,80,102.66,22.635846,-55.467143
37874,1385,159.293,82,103.27,25.145653,-56.172068
37960,1386,167.994,86,103.89,22.753277,-56.427537
38043,1387,161.613,83,104.51,24.543724,-56.658987
38125,1388,159.764,82,105.04,22.177767,-56.853803
38210,1389,166.942,85,105.56,23.563554,-57.200189
38294,1390,164.015,84,106.08,23.672481,-57.813109
38304,1391,9.935,10,106.14,18.361864,-57.755222
38386,1392,159.49,82,106.64,24.337398,-58.000511
38473,1393,171.438,87,107.18,24.783267,-58.427907
38559,1394,168.954,86,107.71,23.864681,-58.537435
38642,1395,160.006,83,108.21,23.776965,-58.897508
38727,1396,159.093,85,108.74,25.84552,-59.121183
38812,1397,156.266,85,109.29,25.337323,-59.815731
38897,1398,167.874,85,109.86,25.120854,-59.882558
38982,1399,166.213,85,110.42,27.99191,-60.226907
39061,1400,152.217,79,110.97,25.047688,-60.72969
39152,1401,180.49,91,111.58,25.806965,-61.098288
39239,1402,171.03,87,112.18,24.635981,-61.289515
39323,1403,163.374,84,112.76,26.958298,-61.328447
39420,1404,188.448,97,113.44,26.350431,-61.882403
39516,1405,186.723,96,114.07,24.379261,-61.981043
39614,1406,188.467,98,114.67,25.610137,-62.587075
39708,1407,181.677,94,115.26,24.536246,-63.141492
39804,1408,185.28,96,115.82,26.528286,-63.450608
39901,1409,186.851,97,116.43,24.677206,-63.917768
39995,1410,188.368,94,117.01,26.55322,-63.855796
40095,1411,192.532,100,118.27,27.271572,-64.211831
40192,1412,188.426,97,118.97,28.293877,-64.619245
40286,1413,181.241,94,119.63,25.331889,-65.17341
40374,1414,169.704,88,120.26,27.331484,-65.503437
40471,1415,187.866,97,120.94,27.998233,-65.762609
40568,1416,186.064,97,121.63,28.314585,-66.093415
40664,1417,185.545,96,122.31,28.806943,-66.668567
40757,1418,179.447,93,122.97,29.115222,-66.798289
40843,1419,167.146,86,123.56,29.899477,-66.780132
40938,1420,187.359,95,124.18,28.60489,-67.393388
41029,1421,173.502,91,124.82,28.300062,-67.530158
41116,1422,166.84,87,125.42,29.288431,-67.70529
41213,1423,185.556,97,126.06,30.769446,-68.330269
41300,1424,168.702,87,126.62,27.994314,-68.376597
41393,1425,178.575,93,127.24,27.753265,-68.9927
41487,1426,184.338,94,127.91,28.95731,-68.976964
41578,1427,176.581,91,128.58,28.921198,-69.350777
41669,1428,177.158,91,129.24,29.49381,-69.667766
41759,1429,173.753,90,129.8,29.790861,-69.631354
41848,1430,173.106,89,130.39,30.717125,-69.822576
41938,1431,181.614,90,131.01,28.700517,-70.213727
42027,1432,173.503,89,131.62,29.830655,-70.274596
42117,1433,176.457,90,132.34,29.503074,-71.068839
42206,1434,178.1,89,133.07,29.597397,-70.653735
42295,1435,175.84,89,133.81,30.357542,-71.617962
42383,1436,173.05,88,134.55,30.487963,-71.681834
42471,1437,173.806,88,135.27,30.431235,-71.890209
42559,1438,170.705,88,136.0,30.873217,-71.948712
42647,1439,176.955,88,136.69,31.932306,-72.133658
42736,1440,175.905,89,137.32,29.458838,-72.402408
42825,1441,175.859,89,137.89,30.092014,-72.454289
42912,1442,170.963,87,138.51,32.888523,-72.866488
43001,1443,178.872,89,139.18,30.207012,-73.022536
43090,1444,178.174,89,139.85,29.479749,-73.275269
43177,1445,172.42,87,140.5,30.763524,-73.575152
43263,1446,169.795,86,141.16,31.128444,-73.776137
43352,1447,180.114,89,141.83,31.670582,-73.827244
43441,1448,180.609,89,142.53,32.315277,-74.021112
43525,1449,164.703,84,143.17,29.168602,-74.482555
43614,1450,174.099,89,143.83,33.870487,-74.095694
43701,1451,175.332,87,144.49,31.278807,-74.425749
43785,1452,165.324,84,145.11,32.915655,-74.722554
43871,1453,168.915,86,145.74,31.166429,-74.964933
43957,1454,170.663,86,146.37,31.137483,-75.039377
44046,1455,175.61,89,146.99,34.010986,-75.607784
44134,1456,173.856,88,147.64,28.814311,-75.76199
44223,1457,179.637,89,148.27,33.994356,-75.435097
44313,1458,178.24,90,148.92,31.530025,-75.668159
44402,1459,177.702,89,149.56,30.037438,-75.904204
44493,1460,182.573,91,150.22,35.368517,-76.070717
44581,1461,176.229,88,150.87,32.457854,-76.373559
44672,1462,181.447,91,151.55,35.409466,-76.358055
44761,1463,176.837,89,152.26,34.119738,-76.406453
44849,1464,176.317,88,152.93,35.210519,-76.800018
44939,1465,180.777,90,153.62,33.479561,-77.106775
45027,1466,176.084,88,154.33,33.126243,-77.700666
45116,1467,178.501,89,155.06,30.09576,-77.736683
45205,1468,177.408,89,155.71,32.679162,-77.512664
45291,1469,171.833,86,156.27,34.835407,-77.290219
45383,1470,182.18,92,156.86,32.835522,-77.580985
45472,1471,177.318,89,157.56,32.758657,-77.488184
45558,1472,170.533,86,158.29,31.448163,-78.148165
45645,1473,172.82,87,159.03,34.317246,-77.943918
45731,1474,171.091,86,159.7,33.06312,-78.441558
45816,1475,166.857,85,160.39,35.185209,-78.319144
45908,1476,182.253,92,161.15,34.542699,-78.598665
45999,1477,179.345,91,161.88,30.793755,-78.653236
46092,1478,184.475,93,162.6,32.416171,-78.570002
46182,1479,180.373,90,163.31,30.768675,-78.942546
46273,1480,179.873,91,164.04,30.563565,-79.167405
46365,1481,179.415,92,164.78,33.765462,-78.94662
46457,1482,184.019,92,165.51,31.871896,-79.503603
46552,1483,185.216,95,166.27,32.720503,-79.239072
46643,1484,182.188,91,167.06,33.309484,-79.491074
46737,1485,189.674,94,167.92,34.409872,-79.349449
46832,1486,186.443,95,168.66,33.147705,-79.67069
46926,1487,184.926,94,169.48,37.661111,-80.215943
47020,1488,186.493,94,170.3,32.115733,-80.055185
47112,1489,179.425,92,171.08,32.265038,-80.193633
47203,1490,179.175,91,171.81,33.722885,-80.476581
47295,1491,180.585,92,172.55,31.892381,-80.757643
47389,1492,185.604,94,173.28,31.950648,-80.658496
47483,1493,187.662,94,174.03,32.036354,-80.705744
47576,1494,182.909,93,174.74,33.922342,-80.801877
47667,1495,178.995,91,175.44,30.655805,-81.334072
47759,1496,187.175,92,176.15,33.514034,-81.349197
47850,1497,187.426,91,176.86,32.712765,-81.947522
47943,1498,183.373,93,177.52,33.338031,-81.673546
48039,1499,188.628,96,178.26,32.062491,-81.634062
48128,1500,175.757,89,178.96,36.358131,-82.435839
48222,1501,185.028,94,179.67,29.758925,-81.866417
48311,1502,175.385,89,180.35,34.593824,-82.343766
48401,1503,176.91,90,181.06,31.438455,-82.293239
48494,1504,180.993,93,181.78,32.101186,-82.572005
48588,1505,183.839,94,182.56,34.315651,-82.583036
48685,1506,189.133,97,183.25,33.631279,-82.733506
48777,1507,180.339,92,183.87,33.39294,-83.072409
48868,1508,178.678,91,184.49,32.682827,-83.351072
48963,1509,185.538,95,185.23,33.900667,-83.562526
49056,1510,181.741,93,185.94,32.018783,-83.603549
49146,1511,177.497,90,186.66,34.28428,-83.736331
49238,1512,179.771,92,187.38,33.392795,-83.701742
49325,1513,171.041,87,187.98,34.075933,-84.040841
49412,1514,172.079,87,188.6,31.748011,-83.703105
49506,1515,184.084,94,189.28,31.740774,-83.989655
49596,1516,177.321,90,189.9,36.431763,-83.941492
49684,1517,172.803,88,190.52,28.58482,-84.908818
49778,1518,185.029,94,191.13,31.551072,-84.718271
49870,1519,179.94,92,191.68,33.923669,-84.923103
49964,1520,184.892,94,192.26,31.042605,-85.317867
50057,1521,184.339,93,193.45,33.552988,-84.628148
50151,1522,184.564,94,194.1,30.191319,-85.197516
50244,1523,183.876,93,194.75,34.759871,-85.483169
50338,1524,184.912,94,195.42,33.401011,-85.609174
50432,1525,185.789,94,196.1,36.324547,-85.552369
50525,1526,183.001,93,196.77,34.468938,-85.888578
50618,1527,182.735,93,197.44,34.387892,-86.095318
50711,1528,185.605,93,198.12,36.593872,-86.04712
50803,1529,183.78,92,198.78,33.333863,-85.991523
50896,1530,185.312,93,199.46,33.079281,-85.989027
50989,1531,183.81,93,200.13,36.390089,-86.156533
51082,1532,185.049,93,200.77,34.989697,-86.563116
51177,1533,186.302,95,201.43,32.423945,-86.362979
51268,1534,182.883,91,202.05,36.111493,-86.655586
51357,1535,175.443,89,202.68,31.598802,-87.27241
51451,1536,184.566,94,203.34,34.497008,-87.040869
51546,1537,186.969,95,204.0,31.71107,-87.423767
51640,1538,185.607,94,204.65,35.302036,-87.206998
51732,1539,183.598,92,205.31,32.725895,-87.549068
51828,1540,185.72,96,206.0,31.5249,-87.865044
51924,1541,181.015,96,206.71,35.922625,-88.010093
52016,1542,176.527,92,207.38,30.345358,-88.080553
52110,1543,180.186,94,208.05,33.336713,-88.178204
52205,1544,185.468,95,208.75,33.55118,-88.678501
52303,1545,185.674,98,209.49,34.257659,-88.337166
52400,1546,186.01,97,210.14,34.577635,-88.319992
52497,1547,187.214,97,210.75,34.610648,-89.114644
52588,1548,173.351,91,211.34,34.490491,-89.001597
52684,1549,183.387,96,211.98,36.636724,-88.991015
52781,1550,185.559,97,212.61,35.77756,-89.200806
52879,1551,189.575,98,213.2,31.302033,-88.866735
52973,1552,179.013,94,213.81,35.830392,-89.092099
53066,1553,175.568,93,214.48,32.588831,-89.995122
53160,1554,178.108,94,215.13,33.895052,-90.032457
53259,1555,188.835,99,215.82,31.970814,-89.930586
53354,1556,180.297,95,216.52,31.617053,-89.984016
53451,1557,183.654,97,217.19,34.631122,-90.405734
53549,1558,185.109,98,217.87,29.927469,-90.342294
53642,1559,181.658,93,218.51,34.204134,-90.575955
53741,1560,190.212,99,219.2,33.864264,-91.357859
53835,1561,176.835,94,219.88,36.106892,-91.025638
53927,1562,175.308,92,220.52,33.520292,-91.35953
54020,1563,175.01,93,221.13,33.457635,-90.969324
54119,1564,186.227,99,221.82,29.242391,-91.530304
54215,1565,180.439,96,222.46,34.933851,-91.657259
54311,1566,183.156,96,223.08,36.263336,-91.622612
54406,1567,178.791,95,223.72,35.081469,-91.564769
54506,1568,189.615,100,224.41,37.212598,-91.850018
54602,1569,182.301,96,225.06,32.787963,-92.497003
54698,1570,183.671,96,225.75,30.640942,-92.599289
54794,1571,181.451,96,226.5,32.341952,-91.911437
54888,1572,179.705,94,227.2,33.031044,-92.257341
54987,1573,187.607,99,227.95,32.334385,-92.789927
55082,1574,181.588,95,228.64,31.963813,-92.823923
55174,1575,181.113,92,229.29,36.218422,-92.913247
55269,1576,182.692,95,229.98,33.766926,-93.03924
55362,1577,180.652,93,230.63,32.409657,-92.532469
55460,1578,187.085,98,231.31,32.550091,-93.022422
55556,1579,188.544,96,232.0,31.824894,-93.751014
55655,1580,191.553,99,232.73,33.203948,-93.323833
55752,1581,185.648,97,233.48,32.826932,-93.525996
55850,1582,191.408,98,234.2,33.941251,-93.516161
55943,1583,183.929,93,234.88,32.190758,-93.161766
56039,1584,188.684,96,235.62,32.689613,-94.407007
56139,1585,189.865,100,236.35,32.769304,-93.913633
56236,1586,187.343,97,237.09,33.452194,-94.03967
56330,1587,184.455,94,237.81,34.468656,-94.517059
56425,1588,188.298,95,238.49,36.824143,-95.194936
56519,1589,185.741,94,239.17,35.923169,-94.921303
56615,1590,188.6,96,239.87,32.597392,-95.049463
56712,1591,198.317,97,240.56,35.856213,-95.407753
56815,1592,195.695,103,241.32,34.020233,-96.415026
56846,1593,48.787,31,241.56,33.754326,-97.510775
56874,1594,43.09,28,241.76,30.606714,-97.30347
56901,1595,40.727,27,241.96,37.054266,-96.092726
56927,1596,40.03,26,242.14,34.302076,-97.118498
56954,1597,40.656,27,242.34,38.277785,-97.208572
56983,1598,44.402,29,242.54,38.395703,-97.576686
57050,1599,123.409,67,242.99,32.417473,-97.292495
57118,1600,126.165,68,243.48,41.323174,-97.75528
57184,1601,119.878,66,243.96,36.487013,-98.892726
57275,1602,183.464,91,244.61,38.253524,-97.847562
57388,1603,269.253,113,245.4,41.129614,-99.186334
57482,1604,187.625,94,246.08,39.737595,-99.347031
57574,1605,181.895,92,246.72,44.702361,-99.482263
57671,1606,193.167,97,247.42,38.984168,-99.690248
57770,1607,202.38,99,248.05,39.849448,-100.376268
57865,1608,190.22,95,248.63,41.777794,-99.967312
57958,1609,184.405,93,249.22,41.492026,-100.869059
58060,1610,213.853,102,249.89,43.576488,-101.161661
58154,1611,177.108,94,250.47,42.820857,-100.754624
58251,1612,193.685,97,251.09,38.089489,-101.408323
58349,1613,196.941,98,251.71,43.254684,-101.579769
58433,1614,169.656,84,252.26,41.573678,-102.123348
58528,1615,194.823,95,252.91,42.825778,-102.24816
58627,1616,192.618,99,253.59,44.287304,-102.360853
58721,1617,188.982,94,254.24,41.691523,-102.417821
58815,1618,190.176,94,254.86,35.528685,-103.005731
58914,1619,203.505,99,255.52,45.697839,-102.70846
59003,1620,176.675,89,256.11,40.876764,-102.670354
59091,1621,174.651,88,256.66,42.053974,-103.073484
59186,1622,193.01,95,257.25,38.069177,-103.136552
59282,1623,199.083,96,257.9,41.54777,-103.749756
59383,1624,215.274,101,258.58,43.761339,-103.48606
59487,1625,226.86,104,259.29,44.854984,-103.697892
59600,1626,246.81,113,260.05,42.879385,-103.354785
59676,1627,133.157,76,260.56,41.889642,-103.722651
59799,1628,274.459,123,261.39,43.019512,-103.84116
59885,1629,174.122,86,261.97,38.710243,-104.429097
60003,1630,262.211,118,263.35,39.584447,-104.454807
60099,1631,217.726,96,264.02,42.658823,-103.978579
60184,1632,174.284,85,264.59,45.728256,-104.737344
60293,1633,231.217,109,265.36,45.154304,-104.727989
60386,1634,201.993,93,265.98,50.474408,-104.499799
60474,1635,181.524,88,266.57,46.667394,-105.329929
60563,1636,191.458,89,267.16,53.467909,-104.911973
60650,1637,185.79,87,267.72,46.137996,-105.223698
60735,1638,174.994,85,268.28,50.447757,-106.20656
60815,1639,154.653,80,268.8,49.099182,-105.398739
60905,1640,178.53,90,269.38,51.519277,-105.925181
60987,1641,161.637,82,269.9,41.875022,-106.111237
61066,1642,155.382,79,270.45,49.576127,-105.311786
61148,1643,162.291,82,271.01,55.849464,-106.723814
61228,1644,153.673,80,271.57,47.592218,-106.071319
61315,1645,181.111,87,272.17,61.467808,-106.710641
61405,1646,195.516,90,272.78,50.264868,-107.215173
61495,1647,181.164,90,273.4,59.178992,-107.183971
61611,1648,273.997,116,274.23,52.535195,-107.567126
61732,1649,260.938,121,275.07,51.152789,-107.610961
61852,1650,280.188,120,275.81,43.624299,-107.988432
61971,1651,249.429,119,276.52,51.073344,-107.874343
62083,1652,262.054,112,277.24,57.123057,-108.904964
62187,1653,234.134,104,277.91,52.513524,-108.747698
62292,1654,241.137,105,278.6,53.750668,-109.100323
62418,1655,273.947,126,279.44,50.3479,-108.840803
62545,1656,290.807,127,280.31,51.740914,-109.668155
62669,1657,311.276,124,281.19,51.666828,-109.789339
62799,1658,290.08,130,282.14,49.015225,-110.19575
62924,1659,310.16,125,283.04,54.615533,-110.556404
63032,1660,241.563,108,283.83,50.812707,-110.525376
63165,1661,333.479,133,284.69,52.256872,-111.204107
63264,1662,234.373,99,285.31,44.725716,-111.302693
63365,1663,239.487,101,285.98,53.176315,-111.390098
63475,1664,277.157,110,286.67,53.504609,-111.482934
63575,1665,224.251,100,287.3,50.238003,-112.272735
63673,1666,229.186,98,287.95,51.834214,-112.521947
63804,1667,344.695,131,288.86,47.62246,-112.648003
63918,1668,305.184,114,289.7,53.62496,-113.44511
64059,1669,297.752,141,290.69,63.301797,-113.882743
64181,1670,314.798,122,291.55,53.409056,-114.506156
64298,1671,256.844,117,292.45,55.350097,-114.285301
64415,1672,262.391,117,293.17,57.996273,-114.237505
64528,1673,238.893,113,293.86,54.450857,-115.026151
64669,1674,325.617,141,294.76,56.551946,-114.996868
64804,1675,312.439,135,295.61,57.612625,-115.674878
64954,1676,323.389,150,296.6,56.465794,-115.885056
65117,1677,360.267,163,297.7,54.970183,-116.35649
65254,1678,320.034,137,298.7,54.563583,-116.852843
65390,1679,312.044,136,299.67,55.996391,-116.94635
65498,1680,247.265,108,300.47,62.336277,-117.440695
65643,1681,335.747,145,301.55,60.589334,-118.061608
65769,1682,293.681,126,302.35,67.508934,-117.901693
65877,1683,252.498,108,303.06,64.431421,-118.286637
66017,1684,337.347,140,303.94,62.286158,-118.821235
66135,1685,300.246,118,304.67,60.583899,-118.608947
66249,1686,283.029,114,305.4,57.782783,-119.403661
66372,1687,287.538,123,306.2,61.579128,-119.27454
66498,1688,277.193,126,307.11,58.652247,-119.938508
66614,1689,294.556,116,307.96,60.515934,-119.77483
66745,1690,343.875,131,308.91,57.093233,-120.264692
66869,1691,290.8,124,309.83,67.9384,-120.684064
66997,1692,307.867,128,310.72,60.055689,-120.874063
67115,1693,285.215,118,311.49,62.66295,-121.652963
67239,1694,297.155,124,312.29,64.767621,-121.569209
67364,1695,310.244,125,313.07,66.46298,-121.547864
67487,1696,304.561,123,313.84,69.201181,-122.068793
67565,1697,147.768,78,314.34,65.204324,-122.732605
67688,1698,307.876,123,315.12,60.915494,-122.557629
67799,1699,272.492,111,315.88,65.651812,-123.038581
67917,1700,293.203,118,316.71,66.19174,-122.864961
68034,1701,285.103,117,317.57,69.591841,-123.444282
68156,1702,307.467,122,318.44,66.22709,-124.482089
68264,1703,267.957,108,319.21,65.701918,-123.915607
68395,1704,316.981,131,320.1,60.977709,-124.127747
68515,1705,293.532,120,320.85,68.110468,-124.503061
68596,1706,160.964,81,321.34,64.207137,-125.030128
68719,1707,302.624,123,322.13,66.052685,-125.294193
68834,1708,285.331,115,322.84,64.071507,-124.857782
68952,1709,291.999,118,323.59,63.556197,-126.076154
69066,1710,279.345,114,324.32,64.76979,-126.041409
69180,1711,276.454,114,325.14,68.118428,-125.856997
69303,1712,311.921,123,326.04,62.951228,-126.442104
69427,1713,283.594,124,326.95,68.586699,-126.661311
69552,1714,299.411,125,327.85,70.702646,-126.688322
69662,1715,274.403,110,328.65,74.766956,-127.009578
69784,1716,297.596,122,329.46,69.428017,-127.371696
69897,1717,275.327,113,330.15,64.931889,-127.644632
69993,1718,220.4,96,330.79,64.945345,-128.042438
70106,1719,276.736,113,332.04,70.561372,-127.948981
70215,1720,263.796,109,332.71,65.490966,-128.259565
70331,1721,279.61,116,333.52,62.057197,-128.499491
70444,1722,289.774,113,334.32,68.24998,-128.220922
70560,1723,279.065,116,335.16,70.480306,-128.694143
70672,1724,252.579,112,335.97,69.904349,-129.05359
70708,1725,59.065,36,336.21,59.816479,-129.523141
70818,1726,239.04,110,337.02,71.619564,-129.270174
70930,1727,272.973,112,337.82,76.565853,-128.932284
71042,1728,240.268,112,338.55,74.552245,-130.163738
71152,1729,238.043,110,339.27,67.1893,-129.839277
71266,1730,250.696,114,339.98,72.763174,-129.968429
71375,1731,236.38,109,340.66,66.487179,-130.546938
71502,1732,298.958,127,341.46,70.355973,-130.66029
71621,1733,269.969,119,342.21,65.227837,-131.320711
71751,1734,302.954,130,343.07,71.424963,-130.857068
71875,1735,280.612,124,343.94,69.748657,-130.879187
71993,1736,274.043,118,344.77,67.764414,-131.817955
72112,1737,266.122,119,345.6,74.741643,-131.747508
72215,1738,225.57,103,346.36,67.346834,-132.141494
72329,1739,286.879,114,347.14,68.46541,-132.341568
72454,1740,292.174,125,347.88,60.390841,-132.613605
72577,1741,285.293,123,348.64,72.570563,-132.473976
72703,1742,303.884,126,349.41,69.506681,-132.846246
72720,1743,15.415,17,349.52,83.477093,-132.623999
72737,1744,15.468,17,349.63,74.946171,-133.707862
72857,1745,280.528,120,350.35,73.422174,-133.230165
72975,1746,275.224,118,351.07,70.505944,-133.27797
73093,1747,288.239,118,351.92,73.781229,-133.629692
73209,1748,267.06,116,352.77,64.323177,-133.788677
73330,1749,279.829,121,353.66,71.134499,-133.874605
73444,1750,284.105,114,354.5,73.506007,-134.60637
73565,1751,302.129,121,355.4,68.016158,-134.601417
73680,1752,276.761,115,356.14,74.020875,-134.306208
73697,1753,16.326,17,356.25,69.119068,-134.140345
73820,1754,302.034,123,357.0,74.518954,-135.14874
73931,1755,256.949,111,357.69,71.387914,-135.17303
74058,1756,330.395,127,358.47,74.433256,-135.44461
74175,1757,292.415,117,359.21,74.918858,-135.539803
74311,1758,280.556,136,360.09,73.01208,-135.908884
74428,1759,265.039,117,360.87,76.839317,-135.801755
74543,1760,275.299,115,361.67,68.154722,-136.682055
74658,1761,279.204,115,362.48,71.818672,-136.554039
74785,1762,307.772,127,363.35,68.36305,-137.028496
74798,1763,10.056,13,363.45,60.293314,-137.653442
74929,1764,286.047,131,364.37,70.383718,-136.252257
75061,1765,286.877,132,365.24,75.574764,-136.995063
75179,1766,252.834,118,365.97,66.812878,-138.000571
75300,1767,275.547,121,366.71,76.869915,-137.442119
75350,1768,83.188,50,367.08,82.786889,-138.213311
75465,1769,271.245,115,367.99,71.420773,-138.365103
75593,1770,309.186,128,369.02,72.005858,-137.965598
75711,1771,273.223,118,369.93,68.313426,-138.637611
75835,1772,294.455,124,370.79,74.148086,-139.063897
75964,1773,311.461,129,371.69,71.807351,-138.677715
76022,1774,100.118,58,372.12,77.440595,-139.968808
76152,1775,327.036,130,372.98,74.90321,-139.2128
76276,1776,290.932,124,373.8,67.112009,-140.151861
76394,1777,290.042,118,374.68,70.573424,-140.189979
76451,1778,98.953,57,375.12,59.243535,-140.265352
76580,1779,295.254,129,376.09,71.699491,-139.57328
76700,1780,291.518,120,377.03,71.229722,-140.300946
76827,1781,286.847,127,378.02,65.937663,-140.621778
76952,1782,278.201,125,378.99,75.511568,-140.708583
77068,1783,278.685,116,379.82,67.694965,-141.584442
77196,1784,301.446,128,380.74,67.725794,-141.205052
77331,1785,314.023,135,381.73,68.1296,-141.971405
77450,1786,286.045,119,382.58,69.569553,-141.576031
77571,1787,272.649,121,383.46,66.193783,-141.86595
77701,1788,277.564,130,384.48,75.940617,-142.006153
77831,1789,288.852,130,385.5,67.003867,-142.258093
77979,1790,344.526,148,386.64,71.557481,-142.584384
78112,1791,294.008,133,387.7,66.557216,-142.357508
78236,1792,277.459,124,388.65,64.225851,-142.800388
78374,1793,293.727,138,389.67,71.422565,-143.180387
78504,1794,283.02,130,390.61,68.920638,-142.645893
78643,1795,327.745,139,391.61,65.354429,-143.480247
78779,1796,299.213,136,392.57,66.019534,-143.258336
78919,1797,289.749,140,393.62,72.784775,-144.066343
79048,1798,297.372,129,394.67,62.764433,-144.353658
79187,1799,297.756,139,395.78,75.382059,-144.214213
79333,1800,306.305,146,396.95,72.006326,-144.529529
79460,1801,315.793,127,397.86,71.32411,-144.775879
79593,1802,307.362,133,398.93,61.340227,-145.40036
79741,1803,330.291,148,400.08,67.681226,-145.165489
79867,1804,313.232,126,401.08,72.278203,-145.447789
80001,1805,319.834,134,403.28,70.679145,-145.366474
80129,1806,278.668,128,404.08,72.504021,-146.04252
80241,1807,260.584,112,404.79,69.214132,-146.863897
80358,1808,266.846,117,405.58,68.862288,-145.87728
80495,1809,332.407,137,406.5,66.684659,-146.813979
80623,1810,342.968,128,407.46,74.019294,-147.330055
80737,1811,263.214,114,408.37,76.710966,-147.449121
80870,1812,269.867,133,409.51,68.511937,-146.961955
81020,1813,323.208,150,410.79,64.841452,-147.660641
81167,1814,309.105,147,412.1,70.030655,-147.545753
81299,1815,318.916,132,413.22,70.686678,-147.8911
81426,1816,299.331,127,414.22,70.138154,-148.601032
81559,1817,309.422,133,415.18,68.908391,-148.240054
81687,1818,291.372,128,416.03,65.114786,-148.605793
81837,1819,314.217,150,417.0,67.467221,-148.422746
81961,1820,281.988,124,417.95,73.006301,-148.854535
82097,1821,323.998,136,419.04,77.48122,-148.368116
82225,1822,300.281,128,420.1,64.971974,-148.94482
82354,1823,300.533,129,421.16,67.067131,-148.723762
82484,1824,289.92,130,422.23,69.081329,-148.261677
82604,1825,266.439,120,423.03,70.624619,-148.554107
82738,1826,310.561,134,423.92,69.346228,-149.388968
82873,1827,317.768,135,424.87,67.386283,-149.737909
83009,1828,321.728,136,425.78,64.488932,-149.612191
83139,1829,290.776,130,426.77,61.583535,-149.743175
83281,1830,339.652,142,427.79,65.16514,-150.023669
83413,1831,316.111,132,428.76,65.780548,-149.96068
83544,1832,323.41,131,429.69,75.549546,-150.176154
83676,1833,306.091,132,430.64,61.509875,-150.111393
83815,1834,334.982,139,431.64,73.410197,-150.462408
83942,1835,297.267,127,432.52,62.680982,-150.401182
84076,1836,328.764,134,433.43,66.618788,-150.42016
84202,1837,299.574,126,434.31,62.394229,-151.109323
84328,1838,299.791,126,435.17,65.555164,-151.118963
84462,1839,307.687,134,436.11,64.164515,-150.82933
84601,1840,330.755,139,437.09,63.377308,-151.145614
84734,1841,299.014,133,438.07,67.541533,-150.827493
84854,1842,252.313,120,438.93,63.217637,-151.540113
85030,1843,453.337,176,440.24,66.81066,-151.42244
85179,1844,364.623,149,441.29,65.634067,-150.973977
85339,1845,411.745,160,442.41,64.787946,-151.058346
85487,1846,360.8,148,443.43,65.757608,-151.265678
85612,1847,353.785,125,444.31,60.28748,-151.08053
85774,1848,394.957,162,445.43,61.012178,-151.608719
85951,1849,459.135,177,446.69,62.471104,-151.728043
86104,1850,380.233,153,447.8,67.90352,-151.317518
86245,1851,365.605,141,448.81,63.944754,-151.546276
86380,1852,341.274,135,449.78,68.745504,-151.35601
86537,1853,393.349,157,450.94,66.109603,-152.069836
86712,1854,467.706,175,452.18,62.420032,-151.723408
86882,1855,435.138,170,453.37,60.11222,-151.919491
87002,1856,228.051,120,454.2,63.541765,-151.927962
87146,1857,316.67,144,455.19,65.246098,-152.160476
87281,1858,312.141,135,456.14,56.976146,-151.690567
87414,1859,327.142,133,457.08,64.217336,-151.557011
87560,1860,378.253,146,458.1,67.815961,-151.877643
87699,1861,317.97,139,459.12,63.60887,-151.830662
87823,1862,244.979,124,460.01,62.284032,-151.329194
87968,1863,355.476,145,461.01,62.392529,-151.748556
88098,1864,280.659,130,461.9,58.803237,-152.2205
88235,1865,333.097,137,462.84,61.105863,-152.009309
88388,1866,378.832,153,463.88,63.247859,-152.815564
88520,1867,290.059,132,464.76,56.176256,-151.804979
88658,1868,305.619,138,465.73,62.018289,-152.521247
88804,1869,344.298,146,466.79,60.73994,-152.368104
88947,1870,329.464,143,467.8,64.07419,-152.635889
89075,1871,322.594,128,468.7,62.118981,-152.585801
89205,1872,271.717,130,469.62,61.402201,-152.610891
89342,1873,303.931,137,470.6,59.582227,-151.918412
89475,1874,293.55,133,471.54,58.368169,-152.002394
89604,1875,264.736,129,472.43,65.489389,-152.589746
89741,1876,310.097,137,473.38,63.684096,-152.14514
89875,1877,315.436,134,474.3,63.623562,-151.403945
90011,1878,321.914,136,476.03,60.162721,-152.780122
90153,1879,323.633,142,477.04,64.094282,-152.304211
90291,1880,313.813,138,478.03,66.779793,-151.944725
90416,1881,292.248,125,478.94,65.897043,-151.865951
90534,1882,273.837,118,479.77,58.933608,-152.144641
90652,1883,269.756,118,480.51,58.624585,-152.519371
90784,1884,297.49,132,481.34,58.955004,-152.293744
90921,1885,317.952,137,482.27,60.527307,-151.561279
91050,1886,301.179,129,483.12,57.70739,-152.682229
91186,1887,333.334,136,483.97,52.1781,-152.073052
91312,1888,324.451,126,484.81,60.254432,-152.571484
91438,1889,319.092,126,485.7,64.263957,-152.508528
91565,1890,313.803,127,486.59,55.523788,-152.245943
91693,1891,317.229,128,487.54,61.586666,-151.958264
91816,1892,301.12,123,488.46,63.325065,-152.335935
91938,1893,309.643,122,489.45,58.827827,-152.224968
92060,1894,299.468,122,490.33,56.469547,-151.845883
92166,1895,249.283,106,491.2,59.265734,-151.826121
92272,1896,244.67,106,491.95,53.763448,-151.467888
92396,1897,316.479,124,492.85,57.660374,-151.487889
92525,1898,318.761,129,493.73,54.041949,-151.440534
92647,1899,304.716,122,494.53,62.669869,-150.789331
92768,1900,307.912,121,495.32,61.873239,-151.490734
92891,1901,311.631,123,496.12,58.037636,-151.87362
93008,1902,300.811,117,496.86,58.299901,-150.782273
93126,1903,303.89,118,497.62,61.712262,-151.644912
93237,1904,278.161,111,498.48,60.442732,-151.454966
93356,1905,305.254,119,499.37,55.46139,-151.11052
93482,1906,326.406,126,500.38,58.227979,-150.667137
93606,1907,328.421,124,501.19,52.847239,-151.292525
93739,1908,358.296,133,502.16,55.086449,-151.127372
93869,1909,344.763,130,503.07,53.483523,-150.234636
93996,1910,335.37,127,503.93,56.055003,-150.588633
94114,1911,316.61,118,504.68,53.967026,-150.158774
94241,1912,351.999,127,505.52,53.268457,-150.695154
94370,1913,345.019,129,506.36,62.170297,-150.462796
94483,1914,299.592,113,507.13,54.966941,-149.756129
94604,1915,326.57,121,508.09,58.515247,-150.318892
94731,1916,345.923,127,509.06,59.361347,-150.264597
94855,1917,321.652,124,510.04,63.410812,-150.502593
94980,1918,331.956,125,510.95,60.548456,-150.829983
95106,1919,342.234,126,511.89,56.418709,-150.16547
95238,1920,365.822,132,512.89,59.89132,-149.836152
95374,1921,387.908,136,513.9,55.705357,-149.427769
95501,1922,352.228,127,514.86,52.326135,-150.057096
95633,1923,372.581,132,515.85,55.773637,-149.802292
95762,1924,349.258,129,516.83,51.338215,-150.153769
95888,1925,340.801,126,517.84,58.708786,-150.069021
96004,1926,296.428,116,518.77,59.195958,-149.617345
96131,1927,339.02,127,519.73,49.370348,-149.624847
96257,1928,345.052,126,520.61,58.921976,-149.339744
96368,1929,284.772,111,521.48,60.465825,-149.433105
96485,1930,309.547,117,522.43,55.811004,-149.30109
96603,1931,309.758,118,523.28,57.09923,-149.207393
96735,1932,362.733,132,524.25,54.037219,-148.830817
96855,1933,315.727,120,525.19,65.645172,-149.478461
96974,1934,304.546,119,526.04,51.274835,-149.192346
97086,1935,286.365,112,526.93,51.745189,-149.241355
97193,1936,265.0,107,527.77,50.011033,-148.922234
97320,1937,330.253,127,528.79,59.089067,-149.764132
97430,1938,279.201,110,529.67,52.337537,-148.703159
97542,1939,284.31,112,530.51,55.057741,-148.780193
97663,1940,311.32,121,531.44,51.740928,-147.95175
97780,1941,296.338,117,532.4,55.034384,-148.408845
97898,1942,302.951,118,533.4,57.368063,-148.711131
98011,1943,278.244,113,534.33,51.231302,-148.216971
98128,1944,302.605,117,535.32,58.061578,-148.694942
98244,1945,299.851,116,536.31,49.722033,-148.312469
98375,1946,370.626,131,537.33,49.602432,-148.276304
98488,1947,294.143,113,538.28,52.587848,-148.396281
98609,1948,312.744,121,539.17,51.546288,-147.989685
98730,1949,313.971,121,540.06,55.095339,-148.234081
98850,1950,315.058,120,540.92,55.183137,-148.354624
98971,1951,316.316,121,541.89,51.91042,-147.499145
99082,1952,280.019,111,542.77,48.15941,-148.202669
99207,1953,325.976,125,543.77,53.930398,-146.961166
99326,1954,303.87,119,544.75,54.944767,-148.255876
99439,1955,282.624,113,545.69,48.599478,-147.421796
99555,1956,296.01,116,546.46,50.976897,-147.480914
99672,1957,302.515,117,547.31,55.244896,-146.922002
99794,1958,322.35,122,548.11,51.146823,-147.320842
99906,1959,283.673,112,548.81,48.757593,-146.804802
100026,1960,316.979,120,550.27,46.73459,-146.966932
100155,1961,346.61,129,551.15,54.459741,-146.827699
100285,1962,305.055,130,552.07,45.468308,-147.149787
100419,1963,317.457,134,553.03,54.080592,-146.544541
100548,1964,317.464,129,553.95,50.825475,-146.972231
100670,1965,317.667,122,554.85,51.57672,-146.191616
100793,1966,309.956,123,555.72,45.316822,-146.462024
100912,1967,308.751,119,556.46,51.715026,-146.520986
101045,1968,309.211,133,557.35,54.69626,-146.180854
101170,1969,326.66,125,558.17,50.013424,-146.008414
101297,1970,328.735,127,558.97,48.967807,-146.626809
101414,1971,300.113,117,559.74,53.360114,-145.743106
101542,1972,349.256,128,560.64,54.125264,-145.684376
101663,1973,324.612,121,561.51,47.750934,-145.950108
101782,1974,228.067,119,562.37,51.330266,-145.986836
101940,1975,380.677,158,563.5,50.649762,-145.322035
102082,1976,361.349,142,564.55,42.554628,-145.774422
102213,1977,362.848,131,565.46,51.773347,-144.970175
102347,1978,356.926,134,566.41,54.185354,-145.024392
102490,1979,301.654,143,567.4,49.531231,-145.68545
102620,1980,303.887,130,568.32,53.787024,-144.752004
102757,1981,370.677,137,569.29,49.151572,-144.075308
102878,1982,261.952,121,570.16,46.46481,-144.86376
103014,1983,365.959,136,571.12,53.025991,-144.405052
103142,1984,361.875,128,572.04,52.837389,-144.056682
103276,1985,376.307,134,573.01,49.53222,-144.931757
103457,1986,417.605,181,574.36,49.255439,-144.931527
103616,1987,301.736,159,575.47,51.077065,-143.569622
103772,1988,401.02,156,576.54,47.866276,-143.906961
103912,1989,342.807,140,577.48,48.955533,-143.899905
104048,1990,375.228,136,578.39,50.103486,-143.393842
104237,1991,439.225,189,579.67,47.873312,-143.361341
104370,1992,361.967,133,580.66,47.602094,-143.381965
104510,1993,396.937,140,581.67,55.333804,-142.881324
104643,1994,372.05,133,582.62,46.108934,-143.310385
104791,1995,378.729,148,583.7,48.216886,-143.046258
104933,1996,406.281,142,584.69,52.386369,-142.627014
105066,1997,378.531,133,585.51,43.213776,-142.587293
105201,1998,383.585,135,586.41,47.506893,-142.622839
105333,1999,380.43,132,587.28,46.273734,-142.788868
105467,2000,377.906,134,588.11,52.315444,-142.727321
105597,2001,366.041,130,588.98,46.831434,-142.229793
105731,2002,377.824,134,589.93,48.016033,-142.416989
105865,2003,375.219,134,590.88,49.697257,-142.110944
105997,2004,373.244,132,591.78,48.663514,-141.818206
106132,2005,379.051,135,592.71,49.98814,-141.81438
106261,2006,363.84,129,593.59,46.111886,-142.190242
106394,2007,368.667,133,594.47,46.95284,-141.572479
106526,2008,370.374,132,595.43,53.373661,-141.891134
106682,2009,409.02,156,596.45,44.295021,-141.344788
106813,2010,360.692,131,597.36,44.717469,-141.611777
106942,2011,347.723,129,598.29,48.330723,-140.824639
107076,2012,371.016,134,599.28,44.631074,-141.291745
107207,2013,341.713,131,600.24,45.339681,-141.209919
107338,2014,334.783,131,601.17,45.530987,-141.279409
107472,2015,344.716,134,602.15,48.139526,-140.622385
107602,2016,339.035,130,603.0,48.523774,-141.085774
107734,2017,344.075,132,603.86,47.879099,-140.714872
107866,2018,344.662,132,604.75,47.141394,-141.270179
107991,2019,324.467,125,605.59,42.027856,-140.485449
108124,2020,350.324,133,606.43,49.871466,-140.328817
108252,2021,332.6,128,607.44,46.232282,-139.92164
108382,2022,334.921,130,608.35,43.639402,-141.058475
108510,2023,336.871,128,609.26,46.874661,-140.074729
108638,2024,333.119,128,610.22,45.729733,-139.913451
108767,2025,332.086,129,611.15,47.005079,-140.325256
108894,2026,325.087,127,611.96,41.217315,-139.511871
109028,2027,349.807,134,612.8,43.843397,-139.467362
109158,2028,339.3,130,613.84,49.967951,-139.731133
109287,2029,332.963,129,614.94,46.418245,-140.213709
109419,2030,347.539,132,615.94,42.357913,-139.448998
109551,2031,347.87,132,616.87,43.169227,-139.644728
109681,2032,331.699,130,617.82,40.149313,-139.24289
109808,2033,332.728,127,618.73,49.219939,-139.480842
109938,2034,343.7,130,619.73,45.095692,-139.278814
110070,2035,343.588,132,621.59,45.671302,-139.233958
110206,2036,322.59,136,622.45,41.565497,-139.38207
110341,2037,350.648,135,623.34,42.951321,-138.44361
110475,2038,359.628,134,624.18,42.31935,-138.99929
110525,2039,82.84,50,624.52,45.619409,-138.910472
110660,2040,362.043,135,625.45,43.878693,-138.748145
110791,2041,345.36,131,626.36,42.196975,-138.936467
110919,2042,328.464,128,627.27,47.974626,-138.964106
111052,2043,349.689,133,628.22,43.569406,-138.631569
111188,2044,370.866,136,629.15,44.060222,-138.96518
111324,2045,359.19,136,630.02,47.901114,-138.434072
111459,2046,361.441,135,630.91,39.540588,-138.68803
111597,2047,372.771,138,631.8,43.824866,-138.476361
111733,2048,359.351,136,632.69,45.231147,-138.140491
111867,2049,364.784,134,633.56,44.437424,-138.552725
112002,2050,357.005,135,634.52,52.201479,-138.241363
112136,2051,352.017,134,635.5,44.648757,-138.126641
112270,2052,361.074,134,636.43,43.273481,-138.056775
112393,2053,260.038,123,637.33,39.69531,-137.269057
112525,2054,347.557,132,638.27,38.742998,-138.028765
112661,2055,376.854,136,639.18,41.919862,-137.544062
112797,2056,367.167,136,640.03,43.142492,-137.713612
112942,2057,411.665,145,640.96,41.512106,-137.680322
113075,2058,348.498,133,641.82,43.355717,-137.367922
113211,2059,366.779,136,642.69,42.908583,-137.303351
113345,2060,360.498,134,643.66,41.281793,-137.558998
113495,2061,446.495,150,644.71,40.314881,-136.909186
113632,2062,371.013,137,645.66,39.714047,-137.630442
113768,2063,367.142,136,646.64,41.223035,-137.002001
113911,2064,413.851,143,647.62,38.698797,-136.407279
114046,2065,382.25,135,648.47,38.576962,-137.292615
114183,2066,397.769,137,649.35,37.560341,-136.96499
114321,2067,374.983,138,650.27,39.339966,-136.898973
114465,2068,425.376,144,651.18,42.592736,-136.390057
114615,2069,451.586,150,652.2,43.939233,-137.081267
114762,2070,432.665,147,653.22,41.448487,-136.657829
114896,2071,373.103,134,654.15,37.794747,-137.553173
115065,2072,490.177,169,655.36,39.857161,-136.462919
115205,2073,388.55,140,656.34,40.527471,-137.111617
115365,2074,461.071,160,657.32,42.341221,-136.527237
115510,2075,418.573,145,658.21,40.662581,-136.056705
115653,2076,401.269,143,659.13,37.977609,-136.226487
115800,2077,420.054,147,660.04,36.279668,-136.251455
115938,2078,378.724,138,660.96,41.70137,-136.522733
116076,2079,377.562,138,661.9,42.943672,-136.361827
116216,2080,381.637,140,662.86,45.647313,-136.810449
116354,2081,375.858,138,663.88,39.243725,-136.618478
116493,2082,380.807,139,664.88,44.797077,-136.586373
116638,2083,413.843,145,665.84,40.379495,-136.91937
116779,2084,394.72,141,666.74,39.267853,-136.601726
116920,2085,391.031,141,667.66,37.942138,-136.477478
117062,2086,391.866,142,668.59,40.627257,-136.00889
117199,2087,371.554,137,669.46,36.667796,-135.985247
117340,2088,386.432,141,670.44,39.53762,-135.459121
117484,2089,408.61,144,671.43,40.684681,-136.677835
117621,2090,389.326,137,672.41,38.975298,-135.70528
117760,2091,386.093,139,673.41,40.670356,-135.833935
117903,2092,386.734,143,674.43,38.069978,-135.636171
118040,2093,380.388,137,675.37,39.223133,-136.041114
118183,2094,384.383,143,676.29,35.318302,-135.918735
118322,2095,385.032,139,677.21,35.870806,-136.233863
118460,2096,380.999,138,678.07,36.44702,-136.119649
118601,2097,397.379,141,678.95,36.835466,-136.064899
118751,2098,421.146,150,679.96,39.941357,-135.737002
118892,2099,383.379,141,680.95,40.201892,-135.975562
119033,2100,385.271,141,681.97,37.865132,-135.372891
119173,2101,374.171,140,683.02,38.613655,-135.900955
119310,2102,365.164,137,683.95,33.819088,-135.723878
119457,2103,417.048,147,684.87,40.429148,-135.412769
119596,2104,371.33,139,685.74,36.813117,-135.7258
119736,2105,373.706,140,686.62,39.81621,-135.414023
119877,2106,377.618,141,687.5,38.230271,-135.940766
120017,2107,381.173,140,689.34,36.647594,-135.768935
120166,2108,417.447,149,690.47,35.696336,-135.308127
120326,2109,479.133,160,691.67,37.147864,-135.370278
120466,2110,376.208,140,692.6,37.445527,-135.666828
120612,2111,408.339,146,693.5,37.33736,-135.534665
120751,2112,369.464,139,694.75,37.516384,-135.26002
120890,2113,371.152,139,696.07,37.084577,-134.94804
121045,2114,446.732,155,697.11,38.557808,-135.9012
121204,2115,473.749,159,698.18,34.783199,-135.601948
121377,2116,523.044,173,699.4,38.238145,-135.470477
121553,2117,532.477,176,700.62,35.40995,-135.519149
121710,2118,451.409,157,701.72,39.143176,-135.654631
121878,2119,507.108,168,702.86,34.879498,-135.640527
122037,2120,473.459,159,703.89,37.069132,-135.971041
122196,2121,471.832,159,704.95,38.344588,-135.677947
122362,2122,496.411,166,706.04,39.332878,-135.588589
122528,2123,496.155,166,707.17,33.297682,-136.037488
122685,2124,462.206,157,708.3,38.606556,-135.515157
122858,2125,524.732,173,709.5,37.365749,-136.246238
123025,2126,507.171,167,710.6,43.570208,-135.540743
123188,2127,483.748,163,711.64,37.503276,-136.487898
123355,2128,506.333,167,712.68,40.340482,-135.323643
123528,2129,522.045,173,713.75,35.34344,-135.708957
123687,2130,477.62,159,714.77,35.972108,-135.722179
123861,2131,510.218,174,715.94,34.812909,-135.570552
124023,2132,450.052,162,717.05,37.160577,-136.108737
124187,2133,473.329,164,718.23,36.367627,-135.817983
124342,2134,437.569,155,719.28,32.671067,-136.713875
124502,2135,446.316,160,720.26,33.665752,-137.438365
124685,2136,560.671,183,721.4,32.566214,-136.638576
124866,2137,546.95,181,722.51,33.645672,-136.320574
125053,2138,567.415,187,723.76,34.890936,-136.517188
125231,2139,530.626,178,725.0,36.247742,-136.321856
125396,2140,496.402,165,726.14,39.385897,-136.173219
125578,2141,552.607,182,727.43,35.263738,-136.232444
125757,2142,535.454,179,728.87,35.388849,-136.855114
125937,2143,540.477,180,730.3,32.30289,-136.754304
126104,2144,499.682,167,731.62,30.376693,-136.845669
126267,2145,481.906,163,732.81,36.032317,-136.936816
126460,2146,596.703,193,734.08,36.606845,-136.400692
126643,2147,554.186,183,735.38,34.734918,-136.735781
126782,2148,368.23,139,736.31,33.563687,-137.26029
126927,2149,385.658,145,737.32,38.222205,-137.149038
127069,2150,379.42,142,738.43,36.540989,-137.035871
127204,2151,352.498,135,739.46,33.58804,-136.804139
127346,2152,376.341,142,740.65,37.606746,-137.351924
127522,2153,531.531,176,741.97,33.835298,-137.833188
127693,2154,508.621,171,743.19,34.097472,-137.477639
127838,2155,392.868,145,744.21,37.467107,-137.255098
128018,2156,529.439,180,745.49,34.644135,-137.86777
128157,2157,372.869,139,746.53,37.42258,-137.672362
128325,2158,479.649,168,747.82,32.514437,-137.810614
128505,2159,530.818,180,749.22,32.381322,-137.96318
128683,2160,534.232,178,750.66,36.392713,-137.924891
128845,2161,459.064,162,751.88,39.355581,-137.86007
129011,2162,486.301,166,753.07,34.307524,-138.399407
129176,2163,460.545,165,754.29,36.425291,-138.245103
129343,2164,460.9,167,755.53,34.462866,-138.177849
129494,2165,405.883,151,756.69,36.372419,-138.38377
129661,2166,461.507,167,757.82,35.126688,-138.591394
129821,2167,428.134,160,758.88,34.905446,-138.515065
129989,2168,458.535,168,760.05,38.343523,-138.742755
130154,2169,447.087,165,762.28,37.395783,-138.513442
130327,2170,502.71,173,763.55,37.141108,-139.473609
130478,2171,393.311,151,764.77,31.940506,-139.289899
130655,2172,529.835,177,765.95,40.603513,-139.032657
130812,2173,406.241,157,767.03,32.500543,-139.104377
130980,2174,495.578,168,768.09,39.312776,-139.356129
131150,2175,482.369,170,769.21,36.659582,-139.686439
131316,2176,452.409,166,770.39,33.955135,-139.62612
131479,2177,446.05,163,771.68,35.421044,-140.399576
131660,2178,558.405,181,773.19,31.757835,-140.172075
131830,2179,514.526,170,774.6,36.84378,-139.885528
132008,2180,539.394,178,775.76,33.136077,-140.033468
132199,2181,559.578,191,777.0,34.259405,-140.23683
132378,2182,543.525,179,778.17,37.297851,-140.567422
132561,2183,562.36,183,779.38,39.835622,-139.849968
132742,2184,530.052,181,780.82,32.595304,-140.519467
132923,2185,550.324,181,782.35,37.332342,-140.278788
133108,2186,573.872,185,783.85,36.426619,-141.158993
133294,2187,574.027,186,785.11,34.06123,-140.721366
133473,2188,542.774,179,786.37,36.753737,-141.049034
133664,2189,593.482,191,787.74,36.174434,-140.786725
133849,2190,573.641,185,789.02,34.889948,-141.312055
134040,2191,597.827,191,790.38,33.795529,-140.764827
134239,2192,610.175,199,791.83,33.787106,-141.651772
134428,2193,589.012,189,793.19,37.365247,-141.692848
134620,2194,599.506,192,794.52,34.158166,-141.407639
134809,2195,585.172,189,795.85,34.223054,-141.289169
135012,2196,625.668,203,797.26,34.816278,-141.706592
135206,2197,599.065,194,798.63,38.835009,-142.144524
135391,2198,572.176,185,799.98,31.846881,-142.088935
135571,2199,541.863,180,801.29,36.151762,-141.393208
135700,2200,340.267,129,802.26,32.962846,-142.417563
135893,2201,597.768,193,803.68,35.761612,-142.125437
136100,2202,644.146,207,805.12,35.29817,-142.462856
136292,2203,592.058,192,806.45,34.003319,-143.197169
136494,2204,622.526,202,807.87,37.038169,-142.692307
136691,2205,608.64,197,809.34,32.664504,-143.120433
136877,2206,570.544,186,810.72,37.694965,-143.449079
137064,2207,583.921,187,812.09,34.011895,-143.760461
137272,2208,651.58,208,813.55,37.539114,-143.401036
137497,2209,682.35,225,815.13,34.789865,-143.5331
137706,2210,641.979,209,816.56,34.115279,-144.550581
137910,2211,635.589,204,817.89,34.155044,-143.982019
138123,2212,653.233,213,819.39,37.287051,-144.578343
138326,2213,627.619,203,820.83,36.129889,-143.874425
138525,2214,609.682,199,822.27,32.849648,-144.641391
138732,2215,646.984,207,823.56,35.719117,-144.629699
138942,2216,643.475,210,824.92,30.721293,-145.051839
139170,2217,682.875,228,826.39,38.393174,-145.017082
139375,2218,643.009,205,827.81,33.046613,-145.446847
139581,2219,624.551,206,829.34,36.25336,-145.373789
139788,2220,629.817,207,830.83,35.599595,-145.32128
139996,2221,642.013,208,832.26,38.269746,-145.962752
140209,2222,672.69,213,834.92,37.206399,-146.321872
140415,2223,638.84,206,836.38,36.574555,-146.196119
140619,2224,628.21,204,837.84,34.192674,-146.621071
140844,2225,695.987,225,839.49,33.290029,-146.082052
141052,2226,628.331,208,840.96,35.09964,-147.214464
141266,2227,643.394,214,842.47,36.669676,-147.100929
141475,2228,646.06,209,843.92,34.699843,-147.212
141691,2229,664.095,216,845.45,36.994383,-147.767631
141901,2230,636.522,210,846.99,38.195089,-147.658018
142143,2231,762.647,242,848.72,34.970027,-147.825814
142347,2232,636.577,204,850.22,32.995695,-148.266539
142373,2233,30.709,26,850.4,30.823213,-147.658066
142587,2234,645.902,214,852.09,39.033897,-148.251239
142806,2235,673.349,219,853.76,36.844527,-148.675464
143019,2236,649.12,213,855.34,35.527696,-148.871173
143230,2237,653.267,211,856.86,36.123514,-148.887342
143443,2238,653.121,213,858.45,37.847555,-149.269525
143688,2239,769.698,245,860.28,38.52229,-149.530023
143995,2240,978.141,307,862.61,38.744315,-149.677705
144192,2241,606.917,197,864.19,35.912706,-150.049802
144428,2242,728.396,236,865.83,37.869946,-150.833366
144673,2243,759.563,245,867.49,35.919877,-150.090216
144974,2244,926.662,301,869.55,36.622322,-150.85629
145184,2245,642.33,210,871.2,37.447616,-151.589535
145410,2246,691.548,226,873.04,34.21584,-150.990591
145647,2247,740.698,237,874.84,38.731164,-151.566378
145858,2248,645.505,211,876.29,38.783833,-151.996256
146083,2249,699.482,225,878.0,37.885331,-151.721996
146336,2250,780.249,253,880.04,34.984156,-152.387318
146541,2251,635.844,205,881.63,39.791362,-152.278108
146770,2252,710.309,229,883.49,36.759598,-152.683323
146997,2253,697.464,227,885.24,38.030973,-152.749679
147230,2254,712.935,233,887.05,36.552127,-153.410488
147464,2255,709.655,234,888.77,42.416673,-153.376816
147761,2256,928.457,297,891.26,38.115288,-154.20207
148047,2257,901.968,286,893.66,38.623564,-154.06082
148292,2258,754.827,245,895.67,37.643274,-154.566595
148515,2259,685.461,223,897.36,35.042649,-154.878609
148716,2260,608.384,201,898.9,36.348976,-154.914937
148814,2261,217.607,98,899.65,33.82609,-155.041898
149076,2262,799.659,262,901.75,40.000943,-155.307702
149279,2263,610.907,203,903.36,38.906382,-155.229156
149378,2264,224.243,99,904.1,33.905113,-155.791465
149476,2265,221.0,98,904.92,40.177987,-156.082129
149706,2266,693.482,230,906.82,39.116326,-156.081734
149908,2267,604.5,202,908.34,42.558346,-156.022425
150190,2268,872.827,282,911.82,36.294729,-157.096527
150407,2269,656.814,217,913.31,39.023044,-156.473222
150621,2270,655.745,214,914.86,39.172281,-156.808769
150824,2271,623.24,203,916.32,38.450078,-157.808838
151038,2272,649.436,214,917.83,33.402851,-157.731189
151267,2273,695.34,229,919.42,42.722498,-157.469033
151477,2274,639.675,210,920.75,42.412981,-158.170356
151687,2275,624.888,210,922.12,43.548554,-158.484792
151898,2276,633.431,211,923.51,39.039613,-158.584143
152109,2277,646.97,211,924.98,41.344075,-159.33582
152329,2278,672.073,220,926.56,37.005012,-158.62413
152611,2279,886.418,282,928.55,37.658448,-159.271
152822,2280,655.773,211,929.94,41.070605,-160.543611
153022,2281,613.634,200,931.31,42.126907,-159.937656
153308,2282,898.248,286,933.24,37.451175,-160.036101
153585,2283,877.657,277,935.25,40.547948,-160.100911
153799,2284,659.441,214,936.78,38.829157,-160.445439
154061,2285,830.94,262,938.6,38.986577,-161.588595
154325,2286,861.198,264,940.36,35.872879,-161.352201
154361,2287,48.084,36,940.61,43.36622,-162.321045
154646,2288,914.374,285,942.62,42.075891,-161.571098
154854,2289,651.075,208,944.22,41.168053,-162.129073
155102,2290,807.736,248,946.07,42.968351,-162.267588
155505,2291,1287.181,403,948.84,40.901292,-162.718332
155705,2292,616.936,200,950.23,42.375347,-162.301093
155947,2293,789.779,242,951.91,37.692679,-163.072832
156179,2294,756.9,232,953.61,35.378729,-163.354718
156457,2295,909.446,278,955.63,39.361891,-163.641108
156656,2296,624.924,199,956.94,36.854625,-163.713202
156852,2297,611.544,196,958.26,42.351426,-163.577955
157052,2298,632.143,200,959.59,43.340716,-163.971235
157249,2299,618.08,197,960.88,40.741685,-163.754533
157420,2300,531.337,171,962.03,43.64308,-164.496678
157577,2301,470.588,157,963.04,38.297574,-164.151155
157721,2302,391.42,144,963.96,36.994511,-164.528427
157876,2303,430.337,155,964.92,34.923753,-163.808851
158076,2304,629.864,200,966.13,37.472881,-164.651183
158252,2305,547.011,176,967.19,37.14622,-164.904173
158416,2306,493.551,164,968.21,33.155477,-164.872773
158599,2307,567.339,183,969.56,37.881221,-165.03901
158773,2308,531.793,174,970.93,38.310896,-165.434085
158945,2309,531.581,172,972.23,41.641931,-165.193049
159117,2310,531.148,172,973.44,39.672463,-165.1751
159256,2311,384.416,139,974.32,36.553415,-165.533447
159408,2312,412.447,152,975.29,42.187258,-164.589991
159580,2313,518.056,172,976.4,36.873979,-165.828222
159728,2314,402.944,148,977.34,37.41307,-165.964823
159926,2315,619.503,198,978.77,41.220337,-165.94119
160072,2316,399.161,146,980.81,38.650752,-166.880103
160218,2317,406.467,146,981.78,35.519822,-165.839331
160387,2318,518.889,169,982.92,39.050655,-166.10621
160531,2319,395.594,144,983.91,36.054633,-165.94449
160683,2320,419.957,152,984.91,39.447018,-166.266458
160838,2321,447.886,155,985.98,38.410218,-166.239248
160989,2322,420.898,151,987.04,38.433737,-166.55516
161169,2323,564.0,180,988.29,36.806354,-166.679021
161347,2324,545.759,178,989.51,37.677402,-166.574934
161518,2325,517.557,171,990.63,35.296306,-166.469384
161684,2326,502.554,166,991.66,45.694852,-166.462787
161866,2327,568.501,182,992.78,33.936381,-167.388599
162034,2328,498.666,168,993.91,42.543502,-167.374095
162199,2329,487.237,165,995.0,44.922909,-167.032566
162355,2330,448.904,156,996.14,38.7383,-167.860627
162516,2331,471.563,161,997.39,37.702662,-167.25698
162677,2332,476.581,161,998.52,39.539683,-167.272692
162842,2333,497.52,165,999.77,41.443588,-167.30186
162993,2334,424.965,151,1000.9,36.151647,-166.956822
163162,2335,519.06,169,1002.07,43.039017,-167.935573
163328,2336,498.961,166,1003.35,40.021982,-167.438246
163491,2337,490.504,163,1004.58,41.97417,-167.748281
163643,2338,423.135,152,1005.7,34.692631,-167.677249
163801,2339,450.405,158,1006.84,36.98344,-167.333785
163952,2340,431.562,151,1007.98,40.745945,-167.47657
164115,2341,478.384,163,1009.05,42.670871,-167.983006
164280,2342,487.244,165,1010.18,37.809996,-167.806089
164432,2343,431.297,152,1011.26,40.693584,-167.911639
164599,2344,502.175,167,1012.43,36.775898,-168.530829
164787,2345,583.004,188,1013.66,38.029226,-168.211438
164953,2346,490.76,166,1014.77,41.619787,-168.386063
165154,2347,624.454,201,1016.17,44.625368,-168.203562
165329,2348,533.913,175,1017.32,37.446349,-168.567534
165484,2349,434.347,155,1018.29,37.396876,-168.634781
165660,2350,542.881,176,1019.39,35.329674,-168.374502
165821,2351,460.478,161,1020.41,42.62109,-168.231072
166003,2352,566.149,182,1021.68,36.363567,-169.026637
166159,2353,438.567,156,1022.8,42.996986,-169.290031
166354,2354,609.421,195,1024.23,39.131939,-169.163464
166526,2355,528.915,172,1025.52,40.797531,-168.956999
166680,2356,432.984,154,1026.49,38.332628,-169.096234
166866,2357,576.534,186,1027.69,37.139461,-168.716843
167024,2358,450.479,158,1028.69,41.885918,-168.972948
167195,2359,512.067,171,1029.78,35.104844,-168.977567
167398,2360,634.076,203,1031.2,41.107612,-169.141658
167570,2361,527.048,172,1032.41,40.537379,-169.454788
167744,2362,537.306,174,1033.62,33.517092,-169.738422
167909,2363,474.357,165,1034.76,36.801452,-169.994785
168055,2364,392.766,146,1035.74,47.424386,-169.8363
168247,2365,615.639,192,1037.04,41.527413,-169.360534
168432,2366,583.853,185,1038.33,36.729134,-170.893496
168608,2367,520.981,176,1039.57,40.193681,-169.832572
168786,2368,554.262,178,1040.78,39.194965,-170.604793
168950,2369,494.819,164,1041.84,45.000539,-170.062736
169143,2370,607.973,193,1043.26,42.192367,-169.860585
169331,2371,597.365,188,1044.5,39.763617,-170.356222
169509,2372,542.51,178,1045.6,42.692806,-170.317996
169702,2373,595.172,193,1046.81,39.525575,-170.50525
169916,2374,649.819,214,1048.31,44.763537,-170.452629
170115,2375,623.674,199,1050.97,43.111839,-170.816039
170373,2376,818.447,258,1052.7,38.980119,-170.472176
170660,2377,904.776,287,1054.44,42.265318,-170.569778
170846,2378,583.785,186,1055.6,46.753405,-170.870636
171074,2379,691.353,228,1057.11,37.033185,-171.395917
171293,2380,675.567,219,1058.58,40.45638,-170.906845
171487,2381,608.257,194,1059.95,41.085566,-171.406325
171668,2382,565.483,181,1061.27,41.193178,-171.315923
171854,2383,583.366,186,1062.57,38.221,-171.591285
172068,2384,657.273,214,1064.03,37.967111,-171.45332
172272,2385,641.957,204,1065.47,41.129173,-171.790273
172444,2386,537.359,172,1066.62,37.073489,-171.632082
172652,2387,652.306,208,1067.93,35.512545,-171.750555
172862,2388,647.196,210,1069.27,39.358251,-171.602906
173058,2389,609.366,196,1070.44,41.780126,-171.932284
173244,2390,577.013,186,1071.58,34.247705,-172.188084
173460,2391,685.276,216,1072.9,37.586874,-171.927599
173680,2392,669.872,220,1074.58,39.484001,-171.828723
173844,2393,493.149,164,1075.89,35.504658,-172.085487
174068,2394,701.395,224,1077.6,45.32273,-172.11059
174296,2395,689.699,228,1079.11,42.261306,-172.454127
174509,2396,668.437,213,1080.42,42.627187,-172.579925
174668,2397,461.28,159,1081.4,41.200493,-171.969752
174889,2398,667.254,221,1082.8,37.144094,-172.010007
175149,2399,804.007,260,1084.52,37.082857,-173.415959
175294,2400,318.71,145,1085.52,36.617922,-172.926776
175617,2401,989.262,323,1087.71,41.315514,-172.827022
175822,2402,647.067,205,1089.29,39.589664,-172.859374
176022,2403,625.056,200,1090.87,43.969963,-173.586026
176522,2404,1502.593,500,1094.51,39.277812,-173.023314
176709,2405,585.991,187,1095.9,40.549726,-173.252808
176942,2406,706.473,233,1097.75,34.481621,-173.238207
177265,2407,998.657,323,1100.35,38.588355,-173.259164
177504,2408,725.953,239,1102.1,45.719748,-174.003893
177767,2409,818.001,263,1103.9,42.072516,-173.679176
177996,2410,745.991,229,1105.47,46.960345,-173.753697
178223,2411,680.915,227,1107.31,43.652603,-173.879294
178519,2412,875.142,296,1109.58,40.037775,-173.798726
178733,2413,670.789,214,1111.09,36.084551,-174.248641
178953,2414,684.91,220,1112.6,39.024751,-174.288055
179197,2415,756.595,244,1114.3,43.759018,-174.111774
179403,2416,644.986,206,1115.86,41.598503,-173.494396
179635,2417,704.818,232,1117.66,42.820076,-174.117294
179849,2418,666.696,214,1119.34,37.24903,-173.806889
180085,2419,700.6,236,1122.97,42.074017,-174.194533
180303,2420,677.145,218,1124.67,43.10492,-174.227186
180525,2421,702.491,222,1126.29,39.062148,-174.434747
180726,2422,629.884,201,1127.63,39.250934,-174.243985
180939,2423,668.097,213,1129.09,37.967117,-174.462621
181188,2424,779.039,249,1131.14,38.884109,-174.72971
181420,2425,756.886,232,1133.04,41.00559,-174.891953
181621,2426,629.606,201,1134.6,37.932814,-174.43455
181857,2427,787.706,236,1136.38,42.177653,-174.908996
182070,2428,670.229,213,1137.88,35.489159,-174.686802
182277,2429,649.283,207,1139.46,41.724356,-174.574096
182516,2430,718.146,239,1141.37,37.592846,-175.249883
182726,2431,657.289,210,1143.08,42.839042,-175.220395
182821,2432,200.024,95,1143.84,37.610023,-174.633581
183020,2433,623.692,199,1145.55,31.738567,-175.06411
183219,2434,620.972,199,1147.11,41.456598,-174.791386
183434,2435,665.953,215,1148.6,44.33651,-174.992917
183650,2436,677.603,216,1150.15,38.774461,-174.815757
183856,2437,646.407,206,1151.64,39.27638,-175.124244
184054,2438,619.446,198,1153.07,38.279073,-174.223635
184222,2439,497.957,168,1154.27,35.131404,-175.762723
184421,2440,621.871,199,1155.63,42.782766,-174.646734
184613,2441,599.322,192,1156.98,39.708696,-175.077285
184789,2442,540.995,176,1158.23,35.629702,-175.703965
184966,2443,546.685,177,1159.5,38.513304,-174.790276
185163,2444,599.526,197,1160.95,39.763746,-175.347311
185339,2445,530.143,176,1162.28,40.914758,-175.586649
185532,2446,602.585,193,1163.66,36.288756,-174.944587
185698,2447,512.823,166,1164.83,41.870282,-175.028232
185881,2448,556.703,183,1166.12,40.352455,-174.905072
186045,2449,502.716,164,1167.27,35.506363,-175.288667
186252,2450,653.951,207,1168.75,36.344198,-175.462577
186458,2451,646.676,206,1170.2,41.53773,-175.095117
186660,2452,630.939,202,1171.67,43.652562,-175.479623
186870,2453,664.867,210,1173.16,39.650917,-175.834096
187042,2454,521.46,172,1174.39,37.140525,-175.105086
187215,2455,527.715,173,1175.61,39.301886,-175.350729
187394,2456,550.311,179,1176.87,42.186142,-175.793422
187564,2457,518.232,170,1178.07,44.090253,-175.551489
187767,2458,634.402,203,1179.51,38.645882,-175.79821
187941,2459,534.685,174,1180.76,42.278906,-175.810129
188173,2460,763.118,232,1182.39,37.635321,-176.374323
188381,2461,656.265,208,1183.85,41.39926,-176.144925
188551,2462,521.278,170,1185.05,38.771488,-175.655787
188764,2463,664.701,213,1186.51,36.689005,-176.004066
188957,2464,601.749,193,1187.86,34.35817,-175.953313
189169,2465,667.621,212,1189.41,39.95476,-175.918764
189363,2466,594.85,194,1190.82,42.373883,-176.348974
189562,2467,648.321,199,1192.28,37.494719,-175.610997
189758,2468,611.692,196,1193.49,41.370947,-176.152351
189963,2469,645.152,205,1194.78,41.421484,-175.831258
190195,2470,730.892,232,1197.9,39.408946,-175.925695
190405,2471,660.471,210,1199.42,36.891774,-175.789685
190590,2472,577.927,185,1200.73,34.99111,-175.544786
190806,2473,674.587,216,1202.12,32.740992,-176.767888
191020,2474,665.667,214,1203.48,37.12657,-175.833573
191236,2475,670.31,216,1204.85,31.820613,-175.929889
191445,2476,661.728,209,1206.24,38.828964,-175.389851
191655,2477,667.785,210,1207.68,38.043966,-176.379784
191875,2478,690.194,220,1209.08,38.271607,-175.822283
192091,2479,684.514,216,1210.63,41.056253,-176.21356
192311,2480,682.855,220,1212.37,35.733483,-176.290894
192590,2481,929.118,279,1214.62,37.568137,-176.179921
192836,2482,810.779,246,1216.26,38.210895,-175.371548
193052,2483,675.998,216,1217.66,39.311042,-175.792208
193275,2484,693.413,223,1219.1,44.656717,-175.808182
193509,2485,746.974,234,1220.82,41.575939,-175.908474
193745,2486,761.739,236,1222.76,37.471424,-176.476312
193957,2487,675.234,212,1224.44,35.842266,-176.592606
194167,2488,664.856,210,1225.92,37.761754,-176.38614
194375,2489,658.051,208,1227.48,37.540708,-176.331465
194590,2490,683.084,215,1228.98,40.468192,-176.071083
194831,2491,747.569,241,1230.76,39.020075,-176.289187
195057,2492,692.911,226,1232.46,37.437217,-176.522123
195287,2493,735.274,230,1234.21,40.723645,-176.702525
195512,2494,698.66,225,1235.93,34.809645,-176.696233
195746,2495,727.408,234,1237.7,34.840419,-176.357964
196024,2496,875.329,278,1239.87,38.334075,-176.865942
196251,2497,699.302,227,1241.64,40.496769,-175.82583
196598,2498,1139.593,347,1244.4,36.37954,-176.871152
196813,2499,672.884,215,1246.12,35.442912,-176.240249
197042,2500,720.758,229,1247.98,35.425042,-176.673006
197314,2501,876.472,272,1250.06,35.768453,-176.435946
197574,2502,857.577,260,1252.09,39.976763,-176.748872
197802,2503,708.826,228,1253.94,30.587423,-176.829313
198071,2504,872.712,269,1256.23,38.056127,-176.509364
198313,2505,800.616,242,1258.26,39.248337,-177.124431
198528,2506,679.557,215,1259.9,43.405922,-176.721114
198808,2507,895.938,280,1262.05,37.081905,-176.439353
199030,2508,687.3,222,1263.84,35.837871,-177.440007
199252,2509,593.615,222,1265.57,33.269722,-177.347507
199563,2510,880.234,311,1267.88,37.929721,-177.409817
199993,2511,1392.758,430,1270.66,39.001428,-177.566633
200236,2512,781.951,243,1273.7,35.484245,-178.272338
200460,2513,693.852,224,1275.31,37.459182,-177.54638
200674,2514,667.701,214,1276.86,35.252019,-177.566938
200918,2515,802.685,244,1278.44,31.780629,-178.186747
201129,2516,668.488,211,1279.83,38.339651,-177.778425
201344,2517,667.482,215,1281.32,41.902838,-177.62204
201675,2518,1073.452,331,1283.74,40.668005,-177.074082
201886,2519,666.363,211,1285.29,40.95106,-177.105629
202098,2520,663.913,212,1286.84,40.970491,-178.321124
202310,2521,670.138,212,1288.34,37.297202,-177.580945
202521,2522,664.572,211,1289.84,36.062888,-177.851821
202737,2523,673.348,216,1291.37,35.525311,-177.986132
202955,2524,683.772,218,1292.95,32.969216,-177.777359
203182,2525,729.395,227,1295.51,43.523807,-177.3461
203391,2526,656.43,209,1296.93,40.205547,-178.2987
203605,2527,673.814,214,1298.33,35.141197,-178.037251
203816,2528,665.456,211,1299.76,37.033796,-178.06012
204029,2529,673.314,213,1301.28,36.351287,-178.351448
204239,2530,665.802,210,1302.9,40.533016,-177.757507
204450,2531,665.252,211,1304.41,33.844371,-178.183961
204665,2532,671.925,215,1305.86,30.229112,-178.003966
204874,2533,662.972,209,1307.16,38.945697,-177.734859
205118,2534,795.575,244,1308.66,39.399359,-177.174404
205334,2535,678.077,216,1310.11,35.334138,-178.323491
205542,2536,656.694,208,1311.53,43.395166,-178.124335
205764,2537,606.508,222,1313.03,38.589341,-178.412336
206019,2538,869.877,255,1314.74,36.800069,-178.552795
206247,2539,624.661,228,1316.35,37.08277,-177.728707
206499,2540,819.066,252,1318.09,33.105345,-178.088383
206713,2541,678.136,214,1319.56,32.905336,-178.618448
206980,2542,876.759,267,1321.35,38.008572,-177.817184
207186,2543,655.231,206,1322.67,39.689255,-178.562517
207421,2544,760.577,235,1324.2,39.29568,-177.991964
207629,2545,650.686,208,1325.5,40.125833,-177.903799
207899,2546,905.198,270,1327.25,34.884951,-178.519974
208180,2547,957.323,281,1329.37,32.539074,-178.927938
208546,2548,1228.681,366,1331.95,36.08036,-178.456537
208910,2549,1175.813,364,1334.18,36.453659,-178.511265
209177,2550,847.827,267,1335.91,34.399616,-178.902104
209324,2551,315.182,147,1336.9,34.771352,-179.020596
209470,2552,335.581,146,1337.89,43.771097,-177.802717
209620,2553,337.432,150,1338.92,44.88999,-178.876863
209950,2554,1042.428,330,1341.28,43.731843,-178.823166
210219,2555,821.107,269,1343.91,39.860139,-179.032595
210656,2556,1425.397,437,1346.8,37.448568,-178.971021
210998,2557,1047.585,342,1348.99,40.154798,-178.849342
211332,2558,1059.553,334,1350.99,43.22365,-178.961505
211615,2559,910.327,283,1352.75,37.076675,-178.971121
211983,2560,1186.911,368,1355.73,36.134141,-179.336572
212493,2561,1620.67,510,1359.35,37.66357,-179.348028
212781,2562,911.748,288,1361.11,42.640959,-179.241555
213145,2563,1165.379,364,1363.51,36.59395,-179.173246
213296,2564,336.19,151,1364.48,39.77726,-179.877055
213691,2565,1128.062,395,1367.08,37.967727,-179.36987
214052,2566,1178.359,361,1369.63,42.545851,-179.809159
214452,2567,1178.753,400,1372.33,38.403028,-179.532336
214775,2568,1016.324,323,1374.62,49.899184,-179.462517
215376,2569,1859.969,601,1378.33,34.77551,-180.19175
215692,2570,951.362,316,1380.47,37.140147,-180.050971
216160,2571,1514.346,468,1383.88,40.243371,-180.236579
216424,2572,800.615,264,1385.56,39.042018,-179.690867
216722,2573,920.317,298,1387.4,37.896483,-180.201542
216985,2574,844.658,263,1389.13,46.606991,-179.667048
217247,2575,850.097,262,1390.96,37.901641,-180.181636
217485,2576,695.758,238,1392.71,41.702355,-180.271217
217729,2577,740.578,244,1394.33,38.691344,-180.302379
217960,2578,662.692,231,1395.85,40.259242,-180.085736
218230,2579,842.539,270,1397.63,39.909931,-180.25321
218469,2580,688.652,239,1399.24,37.4562,-180.573069
218717,2581,697.851,248,1400.87,34.862252,-180.444384
218946,2582,660.028,229,1402.28,39.116782,-180.942602
219181,2583,682.251,235,1403.72,39.827111,-180.557397
219414,2584,678.996,233,1405.13,37.905202,-180.07973
219503,2585,182.497,89,1405.7,39.181316,-179.115582
219591,2586,180.211,88,1406.38,40.663064,-180.731649
219814,2587,650.194,223,1408.21,39.429449,-180.642365
220062,2588,754.179,248,1411.53,38.023568,-180.610217
220286,2589,651.074,224,1413.0,33.431907,-180.803167
220518,2590,659.202,232,1414.5,44.930312,-180.421425
220743,2591,659.181,225,1416.16,40.712931,-181.05856
220829,2592,171.713,86,1416.74,36.514066,-181.808713
220916,2593,172.818,87,1417.37,37.20942,-180.677681
221003,2594,175.075,87,1417.97,35.988919,-181.319187
221234,2595,663.167,231,1419.59,44.601779,-180.685759
221467,2596,672.544,233,1421.23,41.419642,-180.711123
221690,2597,672.468,223,1422.78,43.743402,-181.155479
221914,2598,659.876,224,1424.38,43.29171,-181.522166
222140,2599,642.082,226,1426.09,38.715282,-181.082369
222358,2600,650.459,218,1427.66,39.466884,-181.608725
222582,2601,659.96,224,1429.11,40.111063,-181.075835
222808,2602,655.471,226,1430.55,34.885849,-181.546713
223020,2603,599.993,212,1431.89,46.080986,-180.866893
223273,2604,743.041,253,1433.71,41.574642,-180.486366
223491,2605,631.097,218,1435.36,46.671724,-181.225149
223754,2606,787.373,263,1437.22,45.688807,-180.9268
223969,2607,628.125,215,1438.57,42.036981,-181.296148
224181,2608,609.415,212,1439.91,38.681254,-181.183383
224389,2609,589.54,208,1441.29,43.964167,-180.630375
224666,2610,832.291,277,1443.21,48.188174,-180.947978
224877,2611,603.862,211,1444.61,45.497087,-181.302611
225072,2612,528.316,195,1446.01,39.094217,-180.63962
225346,2613,788.693,274,1447.94,38.598248,-180.840577
225616,2614,824.631,270,1450.05,36.41503,-181.669451
225876,2615,760.419,260,1451.93,41.94691,-181.151013
226093,2616,620.651,217,1453.53,34.622095,-181.330544
226324,2617,686.299,231,1455.24,37.902981,-181.246041
226543,2618,638.631,219,1456.62,45.782766,-181.217824
226777,2619,682.835,234,1458.21,41.295382,-180.829989
226998,2620,653.512,221,1459.78,40.194763,-180.908486
227276,2621,883.271,278,1461.63,45.591312,-181.221994
227496,2622,638.189,220,1463.09,37.656337,-181.07126
227716,2623,633.219,220,1464.72,39.331009,-180.689377
227942,2624,637.906,226,1466.51,40.910447,-181.226873
228170,2625,661.385,228,1468.23,37.675966,-180.604835
228501,2626,978.418,331,1470.56,36.96445,-180.908128
228753,2627,718.681,252,1472.28,35.104727,-180.880929
229086,2628,981.913,333,1474.6,35.007461,-181.626166
229412,2629,987.151,326,1476.86,36.065734,-181.240352
229754,2630,971.945,342,1479.4,41.579284,-181.633552
230154,2631,1261.909,400,1484.05,39.475074,-180.756045
230495,2632,1070.075,341,1486.34,40.20945,-180.841815
230769,2633,746.054,274,1488.44,40.078032,-181.267693
230977,2634,567.576,208,1489.99,35.682545,-180.783166
231202,2635,633.759,225,1491.53,36.422413,-181.229692
231544,2636,1052.266,342,1493.81,42.829622,-181.239927
231827,2637,908.19,283,1495.7,42.290734,-181.503073
232177,2638,1069.825,350,1498.17,37.770817,-181.890428
232540,2639,1176.55,363,1500.81,35.926694,-181.670794
232826,2640,778.204,286,1503.09,40.212501,-181.272433
233173,2641,1054.202,347,1505.61,37.553745,-181.217747
233454,2642,902.989,281,1507.63,35.970171,-181.348764
233794,2643,1064.053,340,1510.04,38.477301,-181.328964
234331,2644,1712.77,537,1513.84,37.709878,-181.143774
234790,2645,1449.662,459,1517.35,39.718024,-181.321903
235094,2646,951.763,304,1519.54,35.858977,-181.699006
235359,2647,885.261,265,1521.39,34.324782,-181.35544
235614,2648,793.473,255,1523.21,36.936663,-182.303226
235895,2649,856.786,281,1525.23,37.172972,-181.935457
236146,2650,751.948,251,1527.03,38.33577,-181.719163
236407,2651,798.601,261,1528.91,34.704814,-181.969762
236657,2652,761.114,250,1530.54,40.380438,-181.987165
236897,2653,751.264,240,1532.18,36.862967,-181.553215
237157,2654,810.463,260,1534.15,42.515666,-181.320774
237465,2655,963.176,308,1536.53,37.094813,-181.825037
237766,2656,914.207,301,1538.48,38.222273,-182.268621
237958,2657,443.3,192,1539.73,41.501123,-181.310719
238223,2658,855.577,265,1541.44,36.9402,-182.353442
238521,2659,904.891,298,1543.5,32.134599,-182.111596
238756,2660,746.732,235,1545.21,33.98363,-181.616037
239020,2661,835.23,264,1546.88,37.616971,-181.983399
239323,2662,946.191,303,1548.78,37.486713,-182.479669
239558,2663,746.593,235,1550.32,33.776475,-181.917707
239807,2664,770.214,249,1551.93,38.01085,-181.819095
240019,2665,496.015,212,1555.09,39.478737,-181.515148
240282,2666,856.255,263,1557.21,39.706348,-182.304132
240545,2667,829.36,263,1559.11,35.191858,-182.526934
240782,2668,745.309,237,1560.72,35.612754,-182.247882
241016,2669,730.575,234,1562.25,38.154092,-182.168897
241255,2670,727.692,239,1563.7,38.741291,-182.482354
241488,2671,710.477,233,1565.05,34.722054,-182.056777
241747,2672,806.915,259,1566.57,35.689885,-182.88327
241974,2673,675.79,227,1568.0,35.349036,-182.369698
242216,2674,777.69,242,1569.45,32.724267,-182.866167
242447,2675,716.994,231,1570.86,39.949049,-182.301426
242679,2676,710.523,232,1572.42,35.446513,-182.384649
242897,2677,677.464,218,1574.01,31.954819,-182.421253
243156,2678,734.042,259,1575.77,37.139515,-182.673962
243444,2679,918.988,288,1577.87,33.412129,-182.143471
243668,2680,642.636,224,1579.57,30.710953,-182.817146
243878,2681,659.213,210,1580.98,40.35083,-182.480829
244085,2682,644.101,207,1582.47,37.705938,-182.604601
244309,2683,684.722,224,1583.95,28.799716,-183.26113
244530,2684,602.375,221,1585.59,33.870693,-182.260413
244752,2685,639.112,222,1587.26,31.16434,-182.698732
244978,2686,669.207,226,1588.88,32.196495,-183.000434
245200,2687,687.409,222,1590.55,38.453734,-182.810706
245471,2688,761.307,271,1592.46,39.634367,-182.96444
245682,2689,670.067,211,1594.04,38.739685,-183.405436
245899,2690,608.631,217,1595.46,38.243464,-182.442431
246119,2691,686.294,220,1596.9,37.66482,-182.624658
246362,2692,747.358,243,1598.64,32.55479,-182.864063
246657,2693,914.565,295,1600.54,28.981656,-182.927652
246883,2694,651.22,226,1601.93,38.547494,-183.188845
247099,2695,589.294,216,1603.24,34.773768,-182.34483
247329,2696,637.466,230,1604.84,28.449611,-182.639506
247550,2697,614.266,221,1606.36,33.501876,-182.066431
247784,2698,664.649,234,1607.98,34.62605,-182.471691
248004,2699,612.876,220,1609.7,39.240027,-182.362847
248260,2700,768.401,256,1611.82,28.722295,-182.637246
248474,2701,592.466,214,1613.62,30.257316,-182.446342
248696,2702,616.17,222,1615.38,34.298958,-182.002631
248990,2703,891.634,294,1617.75,35.651747,-182.605421
249212,2704,630.198,222,1619.49,33.220088,-182.622434
249438,2705,643.46,226,1621.23,33.966546,-182.547237
249694,2706,765.01,256,1623.28,33.95972,-182.14417
249990,2707,870.084,296,1625.83,37.592219,-182.154747
250211,2708,681.614,221,1629.17,36.075621,-182.299419
250443,2709,682.993,232,1630.76,38.121653,-182.926371
250734,2710,849.034,291,1632.82,33.783295,-182.643062
251003,2711,819.656,269,1634.77,32.734631,-182.550658
251252,2712,721.844,249,1636.61,33.318966,-182.45395
251466,2713,648.623,214,1638.01,38.043392,-182.568525
251771,2714,883.772,305,1639.91,30.25716,-182.167732
252026,2715,796.104,255,1641.58,35.125634,-182.393903
252334,2716,927.981,308,1643.7,35.201466,-183.046606
252579,2717,765.701,245,1645.49,29.030079,-182.800793
252842,2718,851.038,263,1647.22,30.40053,-182.500177
253073,2719,723.083,231,1648.71,42.179084,-182.605023
253310,2720,740.751,237,1650.26,31.060698,-182.370884
253571,2721,794.876,261,1652.14,26.963749,-182.090736
253866,2722,923.634,295,1654.29,32.040258,-182.794773
254144,2723,891.207,278,1656.29,29.968419,-183.145931
254430,2724,932.405,286,1658.23,34.686953,-182.605787
254712,2725,883.989,282,1660.09,33.950675,-182.892447
254958,2726,782.061,246,1661.94,32.495195,-182.43619
255233,2727,838.488,275,1664.01,31.268713,-183.017632
255479,2728,812.979,246,1665.74,32.419925,-183.540357
255694,2729,671.298,215,1667.26,30.36715,-183.134038
255977,2730,955.363,283,1669.2,33.550636,-183.248475
256246,2731,866.279,269,1671.0,29.941404,-183.339224
256529,2732,916.26,283,1672.94,30.593401,-183.04243
256792,2733,860.602,263,1674.7,34.469382,-183.218451
257128,2734,1108.437,336,1676.81,30.54613,-183.639672
257397,2735,896.473,269,1678.5,32.711426,-182.821773
257717,2736,1034.421,320,1680.88,36.239936,-183.319296
257942,2737,701.215,225,1682.56,31.999111,-183.984223
258166,2738,692.485,224,1683.99,31.254321,-183.428015
258452,2739,890.912,286,1685.92,37.608422,-183.352327
258720,2740,912.614,268,1687.72,32.310748,-183.26225
258982,2741,895.892,262,1689.51,29.153621,-183.793611
259253,2742,844.58,271,1691.46,32.42399,-183.633069
259556,2743,942.361,303,1693.54,30.37722,-183.761011
259771,2744,669.038,215,1694.98,32.406952,-183.914269
260036,2745,886.057,265,1698.29,33.404534,-184.17927
260267,2746,715.234,231,1699.91,26.85325,-183.375869
260641,2747,1242.087,374,1702.38,30.135567,-183.575736
260886,2748,808.757,245,1703.92,28.705252,-183.394166
261177,2749,929.248,291,1705.79,33.889989,-183.012562
261440,2750,862.496,263,1707.65,38.563712,-183.684679
261737,2751,930.143,297,1709.7,31.857737,-183.806139
262024,2752,922.213,287,1711.47,32.126504,-183.25007
262295,2753,871.686,271,1713.18,33.557735,-184.029067
262494,2754,630.22,199,1714.44,34.935855,-184.262256
262699,2755,650.816,205,1715.84,33.070321,-183.689152
263062,2756,1212.996,363,1718.33,30.983138,-184.380886
263266,2757,647.778,204,1719.64,31.965739,-183.776592
263488,2758,715.879,222,1721.16,28.861256,-183.72318
263759,2759,847.081,271,1722.93,32.111496,-183.876978
264029,2760,873.106,270,1724.82,28.275551,-183.869557
264236,2761,664.939,207,1726.29,31.932373,-183.919034
264523,2762,919.058,287,1728.28,27.699437,-184.41704
264805,2763,955.422,282,1730.1,30.162749,-184.702057
265168,2764,1106.612,363,1732.58,31.141076,-184.306521
265363,2765,604.698,195,1733.97,33.869669,-184.571895
265637,2766,869.46,274,1736.0,30.549844,-184.31268
265838,2767,635.962,201,1737.37,36.984856,-184.734875
266047,2768,663.284,209,1738.7,32.21959,-184.372743
266324,2769,942.07,277,1740.5,31.975311,-184.634195
266700,2770,1243.172,376,1743.05,34.314387,-184.260704
267055,2771,1141.511,355,1745.62,32.013141,-184.436948
267314,2772,886.717,259,1747.31,29.985962,-184.188587
267604,2773,976.894,290,1749.21,31.366438,-184.781574
267860,2774,882.307,256,1750.93,31.494161,-184.798504
268076,2775,681.185,216,1752.47,31.893229,-185.169043
268286,2776,659.234,210,1753.99,30.590061,-184.425848
268496,2777,659.617,210,1755.46,31.242439,-186.009514
268763,2778,920.886,267,1757.17,31.121778,-185.435131
269046,2779,962.476,283,1758.94,30.448835,-185.267079
269265,2780,703.176,219,1760.45,32.735084,-184.932214
269496,2781,754.077,231,1762.14,30.184148,-185.232838
269717,2782,688.573,221,1763.75,34.181675,-184.762228
269983,2783,907.965,266,1765.53,31.558855,-184.997966
270643,2784,2083.255,660,1772.46,28.979758,-185.114323
271056,2785,1345.928,413,1775.15,32.291007,-185.326207
271302,2786,840.165,246,1776.71,31.174261,-185.657411
271947,2787,2006.72,645,1781.21,30.026833,-185.792668
272232,2788,960.325,285,1783.07,32.754165,-185.697915
272447,2789,660.573,215,1784.52,30.142647,-185.96656
273086,2790,2010.403,639,1789.0,33.875418,-185.987366
273695,2791,2031.736,609,1793.29,29.420092,-186.202013
274427,2792,2401.129,732,1798.33,29.3241,-186.000608
274971,2793,1761.564,544,1802.12,30.81054,-186.274187
275615,2794,2109.536,644,1806.5,32.571468,-186.530719
275902,2795,958.581,287,1808.62,26.791009,-187.279805
276282,2796,1235.993,380,1811.57,28.39221,-186.879294
276727,2797,1498.54,445,1814.93,30.467539,-186.451107
277037,2798,998.606,310,1817.07,28.641963,-187.538097
277531,2799,1646.48,494,1820.74,29.618437,-187.1798
277988,2800,1295.741,457,1824.18,30.551004,-186.931949
278186,2801,528.876,198,1825.56,31.816723,-187.233093
278998,2802,2535.843,812,1831.69,29.534988,-187.21791
279281,2803,949.774,283,1833.66,29.194996,-187.553144
280281,2804,3176.852,1000,1844.77,30.853848,-187.396542
280762,2805,1554.031,481,1848.71,31.677172,-187.892153
281237,2806,1535.357,475,1852.43,26.204104,-188.047317
281768,2807,1481.709,531,1856.87,32.027616,-187.606749
282768,2808,2907.752,1000,1864.8,34.754681,-188.287807
283329,2809,1815.194,561,1869.08,31.085342,-188.576904
283631,2810,1032.457,302,1871.22,32.32135,-188.542741
284024,2811,1322.068,393,1874.1,29.530269,-188.233358
284862,2812,2728.699,838,1880.02,27.867688,-188.785969
285169,2813,999.794,307,1882.29,31.659118,-189.186731
285920,2814,2478.827,751,1887.68,31.873591,-188.874354
286681,2815,2490.73,761,1893.13,30.731775,-188.987851
287075,2816,1289.969,394,1896.78,29.254702,-190.017139
287562,2817,1577.612,487,1900.12,29.49885,-189.572778
287944,2818,1250.359,382,1902.85,26.568119,-190.025311
288574,2819,2071.988,630,1907.26,31.30317,-189.580847
289046,2820,1539.785,472,1910.46,31.008014,-189.834555
289523,2821,1559.37,477,1913.89,30.851409,-189.616285
289831,2822,994.681,308,1915.82,29.01435,-190.454994
290143,2823,1004.479,312,1921.53,28.729567,-190.116864
290579,2824,1449.375,436,1924.21,30.081369,-190.273456
291152,2825,1877.1,573,1928.04,29.032545,-190.80507
291467,2826,979.518,315,1930.39,31.758853,-190.238806
291914,2827,1498.174,447,1933.47,28.126169,-190.516775
292340,2828,1423.364,426,1936.65,35.870829,-190.611311
293340,2829,3149.307,1000,1944.34,28.689466,-190.917638
293637,2830,976.562,297,1946.42,30.099877,-191.059166
294098,2831,1477.431,461,1949.8,35.567853,-190.723759
294500,2832,1250.527,402,1952.85,29.428299,-191.320852
294801,2833,987.993,301,1955.03,30.164938,-191.297742
295167,2834,1230.764,366,1957.77,29.333998,-191.245665
295469,2835,984.724,302,1960.18,28.149142,-191.295771
295863,2836,1274.497,394,1963.44,30.506954,-191.680138
296588,2837,2413.491,725,1969.43,27.598556,-192.221604
296795,2838,660.578,207,1971.11,29.113009,-192.061135
297006,2839,690.64,211,1972.66,28.844969,-192.101167
297453,2840,1492.874,447,1976.12,24.031141,-191.669339
297680,2841,747.185,227,1978.03,31.568958,-191.769696
297893,2842,695.447,213,1979.83,30.44768,-192.371843
298675,2843,2587.277,782,1985.43,30.828166,-192.853908
298934,2844,892.128,259,1987.42,30.534695,-192.964167
299150,2845,701.678,216,1988.96,28.78123,-192.675821
299609,2846,1504.077,459,1991.85,28.191552,-192.396074
299897,2847,966.985,288,1993.7,24.001922,-192.704274
300477,2848,1867.964,580,1999.87,33.052686,-192.776207
300843,2849,1232.283,366,2002.24,32.06313,-193.220058
301280,2850,1463.631,437,2005.39,32.245495,-193.295575
301943,2851,2155.509,663,2009.95,31.322928,-193.429219
302197,2852,874.981,254,2011.73,33.170756,-193.179744
302494,2853,981.778,297,2013.91,31.047103,-193.724895
302797,2854,985.014,303,2016.11,31.555482,-193.825969
303257,2855,1510.7,460,2019.23,30.567072,-193.384067
303693,2856,1463.893,436,2022.16,30.068796,-194.146522
303974,2857,934.658,281,2024.13,33.981568,-193.913851
304641,2858,2022.775,667,2028.73,29.061346,-194.296073
305058,2859,1246.888,417,2031.6,30.327282,-194.372499
306058,2860,3060.36,1000,2038.46,31.971403,-194.56987
306341,2861,955.794,283,2040.52,25.508518,-195.249327
306540,2862,649.448,199,2042.05,32.58137,-195.086708
306986,2863,1478.07,446,2045.33,26.182548,-195.827547
307601,2864,1913.409,615,2049.57,33.659233,-195.361749
308124,2865,1749.452,523,2053.21,28.877986,-195.912064
309124,2866,3025.198,1000,2059.85,29.166402,-195.807282
309417,2867,982.394,293,2061.96,31.117211,-195.676782
309643,2868,723.949,226,2063.39,31.604632,-196.498899
310023,2869,1274.556,380,2068.65,28.391825,-196.573877
310377,2870,1190.034,354,2071.01,29.260574,-196.294154
310648,2871,923.228,271,2072.8,24.932783,-196.645237
311471,2872,2688.173,823,2078.54,30.750001,-196.939482
311828,2873,1200.39,357,2080.86,30.220875,-197.170028
312192,2874,1215.737,364,2083.3,29.857411,-197.488883
312440,2875,840.111,248,2085.04,34.135438,-198.008323
313168,2876,2339.963,728,2090.15,31.80582,-197.79998
313479,2877,993.586,311,2092.15,27.983756,-198.020302
313688,2878,635.757,209,2093.6,30.839409,-198.486637
314261,2879,1790.608,573,2097.7,30.662421,-198.548219
314564,2880,968.964,303,2099.75,29.153015,-198.313432
314851,2881,952.674,287,2101.56,27.249222,-198.321923
315329,2882,1535.026,478,2104.92,31.69978,-199.069789
316329,2883,3149.11,1000,2111.95,28.075023,-199.259354
316704,2884,1227.914,375,2114.69,32.517885,-199.891131
316952,2885,827.141,248,2116.49,29.872564,-199.517195
317352,2886,1256.522,400,2119.19,27.74614,-200.346426
317601,2887,820.208,249,2120.78,28.113232,-199.542691
317849,2888,817.286,248,2122.55,29.008959,-199.668734
318136,2889,961.907,287,2124.59,34.216382,-199.738148
318419,2890,959.369,283,2126.58,25.662194,-199.705897
318685,2891,897.881,266,2128.32,29.964141,-199.381438
319478,2892,2627.532,793,2133.85,26.735722,-200.150891
319794,2893,989.439,316,2136.08,30.894096,-200.608328
320008,2894,686.155,214,2139.87,28.593085,-200.121334
320660,2895,2097.514,652,2144.5,31.889188,-200.906898
320964,2896,966.043,304,2146.46,29.034483,-201.405882
321791,2897,2655.347,827,2152.3,31.104489,-201.391754
322375,2898,1832.272,584,2156.07,31.057615,-201.813021
322622,2899,782.059,247,2157.72,29.272991,-202.386959
322865,2900,773.065,243,2159.44,30.479108,-202.077422
323444,2901,1820.992,579,2163.53,30.540756,-202.732741
323642,2902,652.501,198,2164.9,26.198444,-202.954804
323922,2903,935.649,280,2166.76,26.136696,-202.632153
324144,2904,683.277,222,2168.39,29.827184,-202.25158
324462,2905,1031.31,318,2170.68,34.274803,-202.918582
324964,2906,1665.192,502,2174.49,28.681542,-202.68341
325198,2907,725.844,234,2176.19,25.276027,-203.737429
325458,2908,826.426,260,2177.89,28.439442,-203.060403
326458,2909,3089.848,1000,2185.47,30.981866,-203.307005
326680,2910,701.709,222,2186.92,30.007351,-204.02823
326905,2911,700.484,225,2188.42,25.97602,-203.326726
327308,2912,1255.553,403,2191.35,30.028161,-204.350766
327705,2913,1255.799,397,2194.22,29.591565,-204.063814
328558,2914,2741.127,853,2200.63,29.928715,-204.610215
328874,2915,999.142,316,2202.83,28.521416,-205.152939
329240,2916,1202.326,366,2205.93,27.677207,-205.003546
329463,2917,708.764,223,2207.77,28.965341,-205.0546
329690,2918,755.183,227,2209.45,28.604211,-204.933295
329902,2919,675.189,212,2210.87,30.146705,-204.264426
330151,2920,829.289,249,2216.58,30.090507,-204.40579
330556,2921,1261.095,405,2219.72,31.403775,-204.754158
331128,2922,1900.982,572,2224.3,27.582831,-205.170191
331605,2923,1542.684,477,2228.08,28.257483,-204.853473
331838,2924,722.581,233,2229.73,28.668009,-205.232906
332105,2925,883.849,267,2231.6,30.762401,-205.612104
332475,2926,1254.695,370,2234.31,30.404425,-205.812219
332725,2927,770.597,250,2236.22,31.484996,-205.618063
333543,2928,2637.903,818,2242.02,29.24916,-205.511353
333769,2929,769.466,226,2243.63,36.196836,-206.062662
334018,2930,798.962,249,2245.45,27.85846,-205.878065
334269,2931,827.383,251,2247.24,25.067149,-205.825531
334503,2932,733.371,234,2248.89,28.791258,-206.386486
334731,2933,748.283,228,2250.48,33.084391,-205.851014
335304,2934,1829.112,573,2254.62,28.663516,-206.150844
335535,2935,737.61,231,2256.29,33.849655,-205.625816
335784,2936,817.838,249,2258.02,30.300122,-206.556494
336085,2937,998.315,301,2260.12,33.062433,-206.427277
336302,2938,698.33,217,2261.64,30.374684,-205.766224
336517,2939,670.611,215,2263.16,30.126287,-206.85795
337061,2940,1806.067,544,2266.88,30.411353,-206.54954
337350,2941,939.303,289,2268.67,32.095941,-206.306369
337639,2942,971.233,289,2270.52,30.062899,-206.009259
338367,2943,2387.675,728,2275.56,26.908708,-206.769293
338642,2944,870.846,275,2277.35,32.326829,-207.013648
338858,2945,680.886,216,2278.79,28.949714,-207.129238
339234,2946,1261.021,376,2281.43,30.453257,-207.181434
339487,2947,868.029,253,2283.22,31.116884,-206.52679
339728,2948,782.325,241,2284.88,29.360513,-206.859805
340203,2949,1546.422,475,2290.67,27.816128,-207.635232
340460,2950,883.453,257,2292.53,32.242353,-207.04468
340762,2951,964.637,302,2294.93,28.756059,-207.693379
341022,2952,806.858,260,2297.03,30.98442,-207.292856
341361,2953,1167.657,339,2299.55,26.819785,-207.292571
341598,2954,732.941,237,2301.29,26.386999,-207.999365
341882,2955,954.686,284,2303.48,30.677827,-207.585851
342183,2956,974.202,301,2305.84,27.07837,-207.945825
342640,2957,1476.757,457,2309.32,30.303274,-208.018105
342847,2958,682.351,207,2310.83,33.542359,-207.787549
343191,2959,1076.952,344,2313.36,32.848991,-208.041021
343319,2960,294.92,128,2314.29,27.933552,-208.147632
343690,2961,1241.185,371,2317.22,29.987486,-207.980121
344048,2962,1219.689,358,2320.15,32.147264,-208.852913
344328,2963,945.033,280,2322.53,29.60796,-208.492642
344790,2964,1505.146,462,2326.13,35.374658,-208.611514
345083,2965,972.062,293,2328.56,31.958878,-208.024724
345358,2966,870.533,275,2330.9,30.048513,-208.351782
345652,2967,979.752,294,2333.19,30.566445,-208.903666
345947,2968,977.496,295,2335.53,28.155512,-208.081
346260,2969,972.127,313,2338.07,33.501536,-209.117924
346548,2970,963.817,288,2340.32,32.681675,-209.127851
346834,2971,927.32,286,2342.6,29.659808,-208.673717
347236,2972,1266.795,402,2345.92,31.712572,-208.906032
347561,2973,1010.002,325,2348.35,28.615903,-208.941734
347891,2974,1035.879,330,2350.69,32.072174,-209.18876
348198,2975,966.016,307,2352.95,32.724674,-209.388247
348404,2976,642.709,206,2354.3,30.470538,-209.423937
348636,2977,705.249,232,2355.88,31.997922,-209.246303
348858,2978,691.826,222,2357.47,32.43453,-208.660749
349406,2979,1834.972,548,2361.47,31.962213,-209.737193
349556,2980,436.74,150,2362.52,26.662781,-209.557803
349783,2981,754.668,227,2364.09,30.409487,-209.902815
350433,2982,2093.498,650,2371.01,31.439699,-209.416994
350772,2983,1103.154,339,2373.12,32.166483,-208.913983
351218,2984,1482.513,446,2376.2,33.041944,-209.608825
351469,2985,792.45,251,2378.01,34.912281,-209.525837
351882,2986,1301.997,413,2380.94,30.615212,-209.439275
352190,2987,915.953,308,2383.01,29.925522,-210.17695
352498,2988,990.492,308,2385.19,30.344827,-210.157985
352881,2989,1213.457,383,2387.98,27.458055,-209.956279
353210,2990,1011.791,329,2390.29,29.917411,-210.622151
353761,2991,1791.943,551,2394.18,32.725885,-210.169049
354149,2992,1261.276,388,2397.08,28.256875,-209.932097
354582,2993,1456.122,433,2400.04,32.865928,-209.898981
354883,2994,975.395,301,2402.01,26.397048,-210.223358
355266,2995,1230.911,383,2404.76,31.359792,-210.852006
355564,2996,960.481,298,2406.93,33.716298,-210.457159
356005,2997,1463.846,441,2409.73,33.601738,-210.275891
356465,2998,1505.57,460,2412.73,30.76538,-210.849459
356846,2999,1241.413,381,2415.38,32.834322,-210.766992
357237,3000,1285.033,391,2417.94,29.306139,-210.541961
358062,3001,2673.305,825,2423.53,29.637723,-210.800145
358594,3002,1747.142,532,2427.16,32.87121,-210.679951
358995,3003,1249.903,401,2429.78,28.532285,-211.228838
359276,3004,906.183,281,2431.77,28.034597,-211.064193
359667,3005,1267.652,391,2434.46,29.129433,-211.13613
359964,3006,985.375,297,2436.37,28.593925,-211.117043
360369,3007,1313.861,405,2442.42,33.071434,-211.23832
360794,3008,1382.548,425,2445.22,31.593778,-211.283551
361280,3009,1535.565,486,2448.53,32.637653,-211.367079
361625,3010,1157.863,345,2450.96,26.216593,-211.474978
362065,3011,1420.352,440,2453.76,30.255564,-211.667113
362373,3012,1019.919,308,2455.84,32.360751,-211.454235
362720,3013,1165.967,347,2458.39,26.664931,-211.406564
363110,3014,1261.927,390,2461.18,30.113979,-210.895475
363752,3015,2089.204,642,2465.43,31.052525,-211.846317
364145,3016,1244.248,393,2468.28,28.119506,-211.731542
364395,3017,826.804,250,2470.08,27.228372,-211.70887
364782,3018,1281.878,387,2472.64,32.590159,-211.87638
365427,3019,2139.777,645,2477.11,32.283206,-211.871809
365858,3020,1432.728,431,2480.11,24.655241,-211.56794
366211,3021,1164.749,353,2482.41,29.259445,-211.903161
366662,3022,1503.195,451,2485.59,29.489906,-211.291411
367010,3023,1148.604,348,2488.16,28.463249,-211.464217
367433,3024,1401.563,423,2490.86,29.231518,-211.925019
367873,3025,1418.547,440,2493.81,32.023277,-211.433966
368223,3026,1190.661,350,2496.79,32.368708,-211.987319
368585,3027,1229.933,362,2499.14,31.024074,-212.080198
368886,3028,998.216,301,2501.1,30.57059,-211.800277
369293,3029,1357.072,407,2503.97,29.523666,-212.090421
369832,3030,1791.97,539,2507.68,31.581854,-212.117712
370289,3031,1528.086,457,2513.39,29.842359,-211.972101
370736,3032,1501.299,447,2516.44,30.399096,-211.993635
371036,3033,990.074,300,2518.42,34.087541,-211.76354
371475,3034,1481.085,439,2521.43,33.92005,-211.537375
371893,3035,1340.189,418,2524.43,29.7252,-212.166543
372377,3036,1561.119,484,2527.81,32.34376,-212.056789
372681,3037,962.599,304,2529.99,29.702578,-211.7933
373121,3038,1491.592,440,2533.15,29.316673,-211.614668
374121,3039,3119.74,1000,2540.78,30.935751,-211.89039
374430,3040,1010.466,309,2543.08,27.305997,-211.875215
375419,3041,3166.379,989,2550.77,31.371414,-211.808503
375716,3042,956.849,297,2553.05,32.011948,-212.345688
376110,3043,1268.905,394,2556.24,32.246892,-211.856672
376694,3044,1911.844,584,2561.25,30.889074,-212.548771
377129,3045,1425.136,435,2564.72,29.727267,-211.759245
378129,3046,3298.601,1000,2572.81,30.295339,-212.033456
378440,3047,1015.342,311,2575.18,33.373928,-211.749262
379003,3048,1825.817,563,2579.35,30.322174,-211.933336
379504,3049,1653.321,501,2583.66,29.68921,-212.510134
379925,3050,1387.889,421,2586.67,26.920987,-211.944536
380352,3051,1444.362,427,2592.81,28.648288,-211.987135
380659,3052,980.172,307,2594.98,28.250035,-211.5631
381067,3053,1330.618,408,2597.9,30.139574,-211.872303
381466,3054,1302.657,399,2600.79,29.724758,-212.082808
382303,3055,2807.015,837,2606.77,28.355609,-212.314218
382593,3056,914.046,290,2608.86,28.899316,-211.515089
383377,3057,2605.455,784,2614.7,31.721786,-212.422254
383777,3058,1328.11,400,2617.53,28.229384,-212.587561
384224,3059,1483.519,447,2620.61,28.785589,-212.384507
384936,3060,2375.936,712,2625.02,27.963808,-212.296943
385344,3061,1344.89,408,2627.71,26.885247,-212.637817
385837,3062,1668.436,493,2630.85,27.796303,-212.088022
386444,3063,2005.897,607,2635.09,29.353388,-212.444903
386832,3064,1285.891,388,2637.87,29.967587,-213.121489
387383,3065,1838.811,551,2641.75,26.249209,-212.156481
387773,3066,1262.39,390,2644.56,28.431242,-213.188133
388197,3067,1439.987,424,2647.6,27.978826,-212.893684
388591,3068,1278.107,394,2650.66,28.28359,-213.186459
389085,3069,1669.899,494,2654.42,33.091138,-213.010308
389765,3070,2253.858,680,2659.49,31.025543,-213.082247
390241,3071,1502.659,476,2665.3,26.860831,-212.774401
390534,3072,922.117,293,2667.7,36.041794,-213.298048
390921,3073,1278.126,387,2670.85,26.703325,-213.358972
391302,3074,1226.184,381,2673.52,28.189789,-213.089606
391607,3075,994.972,305,2675.66,25.127591,-213.572159
392203,3076,1950.873,596,2680.18,30.325864,-213.16007
392944,3077,2419.478,741,2686.19,27.169162,-213.579799
393308,3078,1210.18,364,2689.39,27.717378,-213.605998
393667,3079,1190.385,359,2692.21,30.309373,-213.711001
394223,3080,1847.512,556,2696.67,31.509468,-213.884523
394598,3081,1255.312,375,2699.72,29.346945,-213.959857
395012,3082,1351.405,414,2702.95,28.805496,-213.346248
395373,3083,1224.24,361,2705.94,29.671748,-213.295207
395869,3084,1647.755,496,2709.5,35.394057,-213.403582
396387,3085,1708.892,518,2713.23,29.087701,-213.299175
396898,3086,1672.572,511,2716.94,29.717796,-214.267484
397233,3087,1118.211,335,2719.27,33.048017,-213.437085
397974,3088,2321.051,741,2724.44,27.103148,-214.1122
398458,3089,1589.991,484,2727.66,26.889709,-213.617097
398787,3090,1096.46,329,2729.85,30.310024,-213.904463
399128,3091,1092.264,341,2732.25,28.077467,-214.445941
399409,3092,940.858,281,2734.28,25.019981,-214.658509
399712,3093,949.183,303,2736.21,27.539877,-214.523801
400291,3094,1904.785,579,2742.92,28.4249,-213.703819
400720,3095,1413.978,429,2745.93,27.653244,-214.576223
401067,3096,1157.677,347,2748.47,31.140689,-213.655397
401381,3097,1028.696,314,2750.83,27.915977,-213.962376
401716,3098,1109.235,335,2753.23,25.067699,-214.709059
402025,3099,1002.391,309,2755.36,30.281688,-214.059657
402400,3100,1255.224,375,2757.91,29.132924,-214.066886
402887,3101,1581.618,487,2761.45,31.509328,-214.266476
403327,3102,1451.91,440,2764.15,33.134091,-214.787992
403928,3103,1896.572,601,2768.34,26.351793,-214.282857
404523,3104,1970.493,595,2772.44,29.153107,-214.334487
404899,3105,1235.415,376,2774.76,32.11567,-214.220532
405229,3106,1089.153,330,2777.19,25.811475,-214.716706
405696,3107,1551.917,467,2780.44,24.124801,-214.00228
406026,3108,1087.486,330,2782.84,28.129072,-214.921897
406510,3109,1601.463,484,2786.03,26.155503,-214.728601
406891,3110,1243.907,381,2788.42,25.267388,-214.35522
407309,3111,1393.823,418,2790.92,28.117327,-214.74746
407652,3112,1120.288,343,2793.31,27.870958,-214.832738
408060,3113,1358.049,408,2796.69,24.680982,-215.282149
408589,3114,1602.719,529,2800.04,26.800274,-214.766821
408946,3115,1158.78,357,2802.52,25.469578,-214.997508
409313,3116,1183.006,367,2804.93,28.510595,-214.959639
409697,3117,1264.038,384,2807.58,28.720981,-215.620938
410024,3118,1092.174,327,2812.31,32.392292,-215.031827
410338,3119,1016.848,314,2814.36,24.681364,-214.782717
410638,3120,926.996,300,2816.2,26.080032,-216.197437
410935,3121,957.114,297,2818.23,24.736868,-215.593359
411260,3122,1107.889,325,2820.81,29.115284,-215.665829
411591,3123,1121.424,331,2823.17,29.610611,-215.569012
411888,3124,988.22,297,2824.99,25.035779,-215.421163
412292,3125,1348.28,404,2827.7,27.945319,-215.231881
412868,3126,1938.649,576,2831.95,26.265566,-215.551619
413176,3127,1024.705,308,2834.07,32.431197,-215.033734
413544,3128,1203.873,368,2836.62,26.167939,-215.533661
413989,3129,1455.924,445,2839.56,27.505117,-215.820773
414383,3130,1281.535,394,2841.98,28.194111,-215.502772
414714,3131,1101.539,331,2844.1,32.611471,-215.741409
415132,3132,1369.77,418,2847.35,25.136242,-215.573663
415515,3133,1251.087,383,2849.93,26.872698,-215.723343
415847,3134,1121.39,332,2851.97,29.116702,-215.84832
416235,3135,1263.684,388,2854.53,24.866236,-215.755732
416644,3136,1318.269,409,2857.27,27.974477,-215.44643
416867,3137,703.497,223,2858.77,31.676384,-215.841469
417247,3138,1243.12,380,2861.39,29.994006,-215.647492
417687,3139,1473.014,440,2864.82,30.482687,-215.976696
418064,3140,1246.858,377,2867.31,25.132042,-215.464087
418371,3141,987.644,307,2869.22,21.991061,-215.366017
418796,3142,1370.267,425,2872.25,28.048103,-216.096307
419098,3143,897.695,302,2874.59,29.292003,-215.75059
419387,3144,831.079,289,2876.4,24.213783,-215.722446
419628,3145,793.517,241,2877.86,30.742012,-215.710784
419830,3146,569.115,202,2879.16,28.47307,-215.669415
420052,3147,632.409,222,2882.65,22.441709,-216.039778
420362,3148,950.362,310,2884.89,24.952583,-215.878896
420676,3149,974.548,314,2887.25,26.083307,-216.203506
420893,3150,638.256,217,2888.84,30.318482,-215.453059
421198,3151,872.591,305,2891.04,26.659842,-215.686916
421658,3152,1496.121,460,2894.2,26.929691,-216.220167
421916,3153,857.652,258,2895.92,25.482711,-215.673057
422209,3154,840.615,293,2897.85,32.999189,-215.341252
422439,3155,668.692,230,2899.42,27.970239,-215.646617
422698,3156,797.533,259,2901.04,27.546333,-215.874591
422993,3157,869.507,295,2903.41,26.276112,-215.581223
423356,3158,1169.056,363,2906.37,27.446287,-216.10404
423657,3159,902.518,301,2908.22,26.172234,-215.863102
423951,3160,1007.33,294,2910.09,30.644742,-216.080487
424361,3161,1326.902,410,2912.95,26.788587,-215.685611
424935,3162,1799.859,574,2917.13,27.002624,-215.505959
425347,3163,1359.235,412,2919.92,28.013921,-216.338665
425706,3164,1180.059,359,2922.11,28.885663,-215.589221
426006,3165,1025.119,300,2924.06,27.842198,-215.162895
426245,3166,809.898,239,2925.76,23.687705,-215.629093
426581,3167,1136.392,336,2928.27,26.745538,-215.700619
426984,3168,1292.753,403,2930.78,24.747674,-216.023979
427301,3169,1091.52,317,2932.65,26.113577,-216.122101
427870,3170,1862.642,569,2936.83,26.502298,-215.670438
428297,3171,1432.853,427,2939.96,28.533596,-216.178182
428835,3172,1776.97,538,2943.74,25.271041,-215.605774
429187,3173,1203.704,352,2946.02,27.473003,-215.652282
429492,3174,1004.258,305,2948.06,30.371361,-215.442312
429851,3175,1189.321,359,2950.58,24.710059,-215.418638
430184,3176,990.096,333,2958.73,26.666609,-215.810075
430785,3177,1963.031,601,2963.0,26.587067,-216.108174
431257,3178,1560.433,472,2966.4,28.752845,-216.162422
431558,3179,979.127,301,2968.61,28.968475,-215.655823
432113,3180,1797.354,555,2972.62,27.269175,-216.842345
432680,3181,1829.814,567,2976.67,25.040918,-216.126845
433053,3182,1255.263,373,2979.45,29.684834,-216.058013
433477,3183,1403.924,424,2983.05,24.1789,-216.054929
433881,3184,1345.935,404,2985.57,27.538092,-216.192202
434262,3185,1245.049,381,2987.99,24.440736,-216.643325
434787,3186,1707.349,525,2991.62,27.635413,-216.498088
435104,3187,1079.183,317,2993.86,27.53499,-215.968754
435545,3188,1380.334,441,2996.89,26.586963,-216.085237
435968,3189,1448.37,423,2999.91,24.348126,-216.615575
436465,3190,1625.338,497,3003.37,27.680911,-216.83892
436703,3191,697.276,238,3004.94,23.236071,-216.289081
437024,3192,1069.869,321,3007.08,28.366285,-216.786573
437534,3193,1697.437,510,3010.93,26.759982,-217.054441
438042,3194,1663.464,508,3014.74,26.477589,-216.916709
438436,3195,1276.698,394,3017.7,25.008303,-216.752035
438844,3196,1315.484,408,3020.78,29.707319,-216.871376
439340,3197,1509.819,496,3024.27,25.554527,-217.34916
439692,3198,1176.428,352,3026.75,22.694096,-217.286941
440055,3199,1195.634,363,3031.92,25.251245,-217.374888
441055,3200,3039.393,1000,3039.3,25.341965,-217.312129
441448,3201,1297.365,393,3042.19,24.49953,-217.610114
441738,3202,957.74,290,3044.46,22.948744,-217.460473
442023,3203,964.307,285,3046.57,30.087786,-217.895111
442302,3204,893.031,279,3048.65,26.888803,-217.487907
442660,3205,1186.609,358,3051.52,25.238538,-216.969274
443292,3206,2076.505,632,3056.1,25.594564,-217.105252
443606,3207,1050.786,314,3058.38,26.979078,-217.047716
443880,3208,920.226,274,3060.46,26.209998,-217.773768
444167,3209,964.357,287,3062.57,22.380547,-217.343335
444540,3210,1231.703,373,3065.44,25.10551,-217.408458
444974,3211,1419.173,434,3068.68,25.73472,-218.001451
445377,3212,1327.505,403,3071.48,24.174987,-217.580392
445827,3213,1426.543,450,3074.7,26.799757,-218.046517
446148,3214,1075.296,321,3077.05,26.14751,-218.237536
446501,3215,1191.148,353,3079.4,26.869717,-218.341267
446908,3216,1371.579,407,3082.06,24.670436,-218.42663
447283,3217,1211.732,375,3084.74,27.095646,-218.284029
447600,3218,1082.275,317,3087.08,25.302152,-217.806917
447957,3219,1153.583,357,3089.44,30.191318,-218.305993
448419,3220,1509.756,462,3092.55,26.98976,-218.165429
449062,3221,1994.14,643,3097.8,28.136207,-218.510467
449430,3222,1199.876,368,3100.39,25.442299,-218.223492
449781,3223,1162.893,351,3102.91,23.727204,-218.555374
450098,3224,1063.353,317,3107.11,23.817999,-218.246474
450425,3225,1076.708,327,3109.53,29.080289,-218.860094
450747,3226,993.681,322,3111.92,25.691453,-218.791103
451128,3227,1244.5,381,3114.7,25.971284,-218.50022
451426,3228,980.088,298,3116.61,33.079986,-218.769879
452253,3229,2646.548,827,3122.31,24.315218,-218.631397
452553,3230,988.861,300,3124.51,23.768532,-219.170603
452897,3231,1144.547,344,3126.8,29.154574,-218.764935
453491,3232,1901.481,594,3130.87,25.700544,-218.576851
453849,3233,1181.173,358,3133.37,24.378039,-218.916245
454154,3234,1043.125,305,3135.44,30.653933,-218.406368
454480,3235,1092.244,326,3137.63,27.687738,-219.161376
454986,3236,1660.5,506,3141.2,26.674617,-218.859066
455529,3237,1784.547,543,3144.79,27.554142,-219.176026
455826,3238,976.597,297,3146.67,24.505779,-219.057286
456163,3239,1132.452,337,3149.01,26.54338,-219.227163
456484,3240,1094.217,321,3151.37,26.275471,-219.421435
456784,3241,983.383,300,3153.28,27.466771,-219.988994
457057,3242,898.01,273,3154.99,29.124833,-219.318473
457412,3243,1192.647,355,3157.36,27.081008,-219.225637
457755,3244,1155.437,343,3159.8,25.71222,-219.523395
458118,3245,1235.68,363,3162.28,26.630648,-219.695463
458457,3246,1151.287,339,3164.47,26.502214,-219.310086
458800,3247,1139.529,343,3166.96,26.268618,-218.933187
459296,3248,1689.288,496,3170.58,26.662442,-219.327049
459637,3249,1149.125,341,3172.83,24.228016,-219.710449
460015,3250,1237.137,378,3178.82,25.847303,-219.664249
460321,3251,1057.316,306,3180.83,24.700824,-220.368064
460798,3252,1601.889,477,3184.19,24.265205,-219.912484
461092,3253,946.628,294,3186.36,22.95671,-220.21922
461441,3254,1164.852,349,3188.63,26.76683,-219.92015
461818,3255,1258.909,377,3191.02,22.003458,-219.822263
462111,3256,966.718,293,3193.04,28.981009,-219.922959
462425,3257,1084.861,314,3195.32,23.718257,-219.946558
462773,3258,1178.251,348,3197.58,26.507777,-220.496797
463195,3259,1431.88,422,3200.34,25.988426,-220.014125
463879,3260,2277.3,684,3205.33,25.257564,-220.298277
464244,3261,1234.104,365,3207.71,24.90011,-220.485919
465041,3262,2580.245,797,3213.31,27.175252,-220.485942
465743,3263,2319.589,702,3217.84,25.633089,-220.606187
465862,3264,275.25,119,3218.62,24.784172,-220.629455
466192,3265,1127.926,330,3220.93,24.185242,-220.866918
466650,3266,1481.407,458,3224.03,26.156841,-221.030256
466766,3267,269.645,116,3224.74,25.168829,-221.39521
467252,3268,1618.795,486,3227.8,27.041192,-221.089515
467591,3269,1162.872,339,3230.25,26.392041,-221.006411
468119,3270,1734.102,528,3233.79,24.878757,-220.610581
468536,3271,1364.957,417,3236.5,24.338752,-221.316245
468887,3272,1162.804,351,3238.92,30.069792,-221.127238
469274,3273,1260.371,387,3241.61,23.806505,-221.328921
469667,3274,1268.646,393,3244.13,29.082055,-221.206849
469985,3275,1071.33,318,3246.21,23.727888,-221.9352
470345,3276,1175.283,360,3251.75,29.072211,-220.892583
470694,3277,1150.967,349,3254.44,26.376519,-221.311798
471296,3278,1987.36,602,3258.92,28.399525,-221.514633
471679,3279,1230.127,383,3261.95,23.983187,-221.38504
472057,3280,1231.069,378,3264.81,29.262291,-221.904131
472415,3281,1202.646,358,3267.35,22.838027,-221.680087
472745,3282,1121.172,330,3269.9,24.161389,-221.731681
473327,3283,1912.151,582,3274.28,26.472062,-221.470576
473711,3284,1247.324,384,3276.94,25.500954,-222.084809
474091,3285,1233.017,380,3279.56,22.847387,-221.533675
474471,3286,1244.886,380,3282.09,27.352313,-222.239642
474856,3287,1250.449,385,3285.18,24.256676,-221.674274
475220,3288,1185.873,364,3288.03,24.403567,-221.970685
475544,3289,1097.484,324,3290.18,24.611064,-221.506534
475847,3290,984.382,303,3292.3,29.373102,-223.345098
476266,3291,1414.533,419,3295.66,28.925181,-222.039684
476603,3292,1146.581,337,3298.32,26.430967,-222.059972
477034,3293,1453.089,431,3301.27,24.450447,-221.580576
477420,3294,1279.34,386,3304.44,26.114648,-222.289197
477664,3295,744.398,244,3306.56,29.061603,-222.209793
477992,3296,1112.92,328,3308.94,31.160791,-222.480655
478476,3297,1522.511,484,3312.4,28.055862,-222.159871
478792,3298,1057.634,316,3314.7,28.804226,-222.058834
479087,3299,976.098,295,3316.83,26.236157,-222.360318
479432,3300,1159.766,345,3319.24,25.635776,-222.522097
479763,3301,1073.254,331,3321.59,29.131127,-222.285116
480253,3302,1579.595,490,3327.93,27.038749,-223.16626
480646,3303,1238.805,393,3330.73,30.312681,-222.897481
481034,3304,1275.952,388,3333.59,25.652542,-223.163072
481329,3305,964.068,295,3335.7,23.766572,-223.245317
481629,3306,986.824,300,3337.81,24.463246,-223.067175
482002,3307,1233.254,373,3340.41,25.863989,-223.05822
482303,3308,1015.843,301,3342.55,25.818673,-222.502815
482625,3309,1110.124,322,3344.93,23.557021,-223.387962
482963,3310,1145.348,338,3347.22,24.082931,-222.775494
483302,3311,1102.418,339,3349.55,26.418727,-223.051422
483626,3312,1080.106,324,3351.92,30.808672,-222.945133
484162,3313,1794.683,536,3355.64,28.392676,-223.557734
484521,3314,1145.077,359,3357.96,27.736638,-223.451449
484820,3315,1013.619,299,3359.99,30.771554,-222.662011
485208,3316,1260.419,388,3362.73,25.723621,-223.332146
485582,3317,1202.547,374,3365.14,26.140078,-222.710865
485933,3318,1158.565,351,3367.51,25.318379,-223.329527
486463,3319,1720.251,530,3371.13,27.448304,-223.528792
486792,3320,1090.87,329,3373.67,33.483731,-223.267896
487123,3321,1100.429,331,3376.4,23.044805,-223.031253
487446,3322,1046.712,323,3378.59,25.978129,-223.275352
487782,3323,1083.821,336,3380.87,24.023237,-223.684256
488108,3324,1092.708,326,3383.44,24.078353,-223.936886
488531,3325,1364.248,423,3386.71,25.363294,-223.115555
488850,3326,1079.156,319,3389.0,25.46292,-223.316847
489184,3327,1123.807,334,3391.5,24.200097,-223.6772
489500,3328,1022.467,316,3393.85,27.766515,-223.499797
489823,3329,1100.969,323,3396.27,25.196648,-223.836983
490121,3330,1009.393,298,3401.3,27.87248,-223.459218
490436,3331,1066.994,315,3403.91,26.728613,-223.621854
490704,3332,880.232,268,3406.09,27.110492,-223.357043
491007,3333,1035.441,303,3408.45,26.067592,-223.839688
491296,3334,978.66,289,3410.85,26.414668,-223.313348
491614,3335,1085.772,318,3413.29,23.07755,-223.018789
491974,3336,1218.201,360,3416.18,23.573033,-223.849815
492347,3337,1202.731,373,3419.35,23.48897,-223.377154
492734,3338,1264.987,387,3422.46,28.097536,-223.499633
493064,3339,1160.952,330,3425.03,24.694904,-223.436972
493407,3340,1121.253,343,3427.66,26.064691,-224.079042
493606,3341,548.47,199,3429.13,29.591512,-223.500839
493921,3342,1062.875,315,3431.33,27.43473,-223.667384
494275,3343,1151.111,354,3433.58,25.859188,-223.62399
494580,3344,1031.341,305,3435.64,25.877534,-223.943046
495176,3345,1935.828,596,3439.89,24.021092,-224.016469
495903,3346,2406.234,727,3444.66,24.945891,-224.098297
496244,3347,1127.172,341,3447.11,27.227673,-223.766989
496715,3348,1591.42,471,3450.52,30.099743,-224.074596
497048,3349,1106.136,333,3452.83,24.780956,-223.919331
497387,3350,1109.481,339,3455.22,26.464023,-224.473544
497692,3351,1033.742,305,3457.5,22.862945,-223.876529
498160,3352,1510.523,468,3460.9,26.787049,-224.173222
498562,3353,1297.536,402,3463.6,24.846652,-224.019027
498830,3354,879.463,268,3465.44,25.399014,-223.714178
499189,3355,1188.2,359,3467.98,25.045095,-223.744883
499476,3356,965.343,287,3470.06,26.322781,-224.148554
499785,3357,1053.634,309,3472.1,24.490227,-223.472666
500409,3358,2056.792,624,3480.43,23.864823,-224.323552
500793,3359,1232.349,384,3483.29,30.203058,-224.113416
501125,3360,1090.584,332,3485.72,25.728651,-223.692693
501547,3361,1390.391,422,3488.6,26.025917,-224.044367
501897,3362,1135.083,350,3490.98,25.541453,-224.317816
502320,3363,1393.117,423,3493.96,25.169687,-223.863666
502746,3364,1385.864,426,3496.92,27.356251,-224.24547
503068,3365,1005.211,322,3498.91,29.846192,-224.186194
503396,3366,1090.76,328,3501.12,26.917177,-224.418263
503759,3367,1177.791,363,3503.62,27.836901,-224.201127
504095,3368,1117.257,336,3505.7,31.756902,-224.305124
504499,3369,1318.944,404,3508.25,23.780808,-223.938998
504804,3370,1082.966,305,3510.42,23.705596,-224.237243
505134,3371,1147.908,330,3512.76,23.544349,-223.886047
505498,3372,1174.425,364,3515.09,26.890849,-224.152785
505841,3373,1124.685,343,3517.39,24.783061,-223.978538
506255,3374,1327.414,414,3520.44,24.519706,-224.36397
506586,3375,1115.565,331,3522.79,30.109351,-223.991796
506968,3376,1236.097,382,3525.29,28.67406,-224.030267
507536,3377,1803.532,568,3529.36,26.417088,-224.232974
508155,3378,2043.083,619,3533.46,26.853912,-224.046188
508593,3379,1439.888,438,3536.39,23.77593,-225.081254
509057,3380,1506.049,464,3539.78,25.848872,-224.49755
509520,3381,1574.546,463,3542.75,24.196356,-224.775868
509922,3382,1285.695,402,3545.47,27.53615,-225.050061
510423,3383,1694.856,501,3551.45,24.666068,-224.88514
510941,3384,1710.745,518,3555.05,27.279408,-224.79262
511295,3385,1150.23,354,3557.58,24.864909,-224.768257
511796,3386,1667.634,501,3560.8,24.607562,-224.561409
512457,3387,2194.787,661,3565.5,22.426637,-224.850974
512868,3388,1307.63,411,3568.22,27.372873,-224.845533
513221,3389,1165.376,353,3570.44,25.856888,-224.521856
513587,3390,1213.068,366,3572.98,28.759397,-224.589771
513929,3391,1148.903,342,3575.37,24.060478,-225.362867
514452,3392,1744.838,523,3578.72,24.118978,-224.675317
514804,3393,1135.939,352,3581.0,25.454554,-224.522086
515559,3394,2507.312,755,3586.06,23.745759,-224.744398
516005,3395,1486.34,446,3588.86,25.31405,-224.876106
516356,3396,1134.398,351,3591.43,27.840835,-225.028925
516790,3397,1427.491,434,3594.53,26.304198,-225.063962
517427,3398,2121.488,637,3598.56,27.576153,-225.170843
518427,3399,3232.65,1000,3605.27,24.654221,-224.923911
518827,3400,1368.041,400,3607.96,22.569661,-225.140792
519416,3401,2023.421,589,3612.39,24.962296,-225.221981
519872,3402,1489.298,456,3615.96,23.890088,-225.020911
520254,3403,1231.755,382,3621.53,25.473313,-225.486497
520714,3404,1549.543,460,3625.34,24.544304,-225.721873
521248,3405,1806.325,534,3629.27,23.95028,-224.893249
521661,3406,1433.667,413,3632.46,26.087165,-225.367108
522194,3407,1768.504,533,3636.6,26.515655,-225.789864
522828,3408,2146.062,634,3641.55,26.013612,-225.57101
523223,3409,1348.164,395,3644.06,25.944701,-225.513409
523581,3410,1203.112,358,3646.91,19.27918,-226.355008
524036,3411,1515.275,455,3650.37,24.556302,-225.548563
524443,3412,1288.999,407,3653.13,25.000246,-226.009105
525136,3413,2307.769,693,3658.69,24.642081,-226.216896
525553,3414,1422.942,417,3661.83,24.571212,-226.091191
525927,3415,1268.563,374,3664.93,24.440077,-225.907766
526421,3416,1688.33,494,3668.57,25.845276,-226.548239
526836,3417,1419.518,415,3671.43,26.920607,-226.426804
527747,3418,3068.112,911,3677.96,28.942403,-226.240234
528306,3419,1940.886,559,3681.87,24.073564,-226.54751
528867,3420,1939.161,561,3685.93,24.848853,-226.17622
529386,3421,1726.915,519,3689.68,22.985106,-226.873193
529687,3422,1010.116,301,3691.8,25.071388,-226.926368
530078,3423,1305.84,391,3697.9,25.869129,-226.216637
530817,3424,2470.168,739,3703.07,22.008468,-226.46567
531353,3425,1789.229,536,3706.81,24.101377,-226.822973
531682,3426,1100.783,329,3708.93,26.442148,-226.400276
532099,3427,1423.537,417,3711.71,26.15813,-226.705282
532557,3428,1534.881,458,3715.02,26.850669,-226.89722
532926,3429,1238.453,369,3717.36,19.55388,-226.899589
533244,3430,1099.505,318,3719.46,28.577582,-226.888342
533520,3431,912.031,276,3721.4,24.578465,-226.876327
534148,3432,2044.729,628,3725.52,23.824023,-227.185567
534461,3433,1087.383,313,3727.84,22.996996,-226.635139
534817,3434,1229.051,356,3730.27,27.688467,-226.959548
535160,3435,1211.042,343,3732.51,24.245252,-226.409455
535571,3436,1426.917,411,3735.59,23.676765,-227.265899
535914,3437,1170.113,343,3738.25,26.76654,-227.051376
536293,3438,1275.041,379,3741.06,26.66755,-226.432146
536658,3439,1269.423,365,3743.77,21.86827,-227.093624
537038,3440,1317.247,380,3746.62,20.517997,-227.165087
537440,3441,1378.445,402,3749.59,21.77479,-227.089799
537770,3442,1162.003,330,3752.08,26.310685,-227.651034
538108,3443,1188.265,338,3754.68,26.826199,-226.945494
538502,3444,1326.851,394,3757.88,25.049594,-226.923287
538917,3445,1459.114,415,3761.28,22.92944,-227.209456
539227,3446,1036.423,310,3763.8,24.36019,-227.528812
539770,3447,1796.204,543,3768.12,26.246198,-227.155823
540117,3448,1177.425,347,3775.99,24.712176,-227.381696
540437,3449,1115.518,320,3778.57,23.776523,-226.875796
540894,3450,1560.323,457,3782.38,28.165973,-227.531399
541203,3451,1060.642,309,3784.91,25.686317,-228.045081
541583,3452,1288.273,380,3787.88,25.602652,-227.845635
542019,3453,1463.128,436,3791.04,22.842498,-227.815134
542406,3454,1280.981,387,3793.65,22.031396,-228.139037
542854,3455,1485.815,448,3796.61,26.288318,-227.703577
543244,3456,1368.803,390,3799.41,21.373728,-227.613727
543569,3457,1063.384,325,3801.78,23.287588,-227.743509
544157,3458,1988.547,588,3805.87,25.203042,-228.127674
544509,3459,1201.327,352,3808.43,22.610128,-227.622362
544886,3460,1247.503,377,3811.16,31.478563,-227.402775
545389,3461,1709.42,503,3814.57,24.293384,-227.845659
546148,3462,2587.305,759,3819.87,23.201481,-228.264005
546615,3463,1590.106,467,3822.88,25.160952,-228.018605
547005,3464,1345.016,390,3825.47,27.311757,-228.108084
547413,3465,1337.521,408,3828.46,23.239662,-228.520443
547939,3466,1824.431,526,3832.13,26.284142,-227.46382
548273,3467,1121.528,334,3834.45,25.91047,-228.248933
548574,3468,1044.246,301,3836.71,25.253007,-228.632493
549031,3469,1577.142,457,3840.05,24.815044,-228.350746
549597,3470,1948.374,566,3843.92,26.117958,-228.015686
550037,3471,1444.419,440,3849.89,27.523481,-228.156512
550363,3472,1042.843,326,3851.95,23.136318,-227.91781
550916,3473,1908.41,553,3855.78,25.242198,-228.207215
551269,3474,1174.449,353,3858.16,25.950542,-228.407321
551677,3475,1313.234,408,3860.8,24.434155,-228.405708
552041,3476,1205.503,364,3863.28,24.976441,-228.349847
552910,3477,2985.094,869,3868.98,26.776503,-228.308677
553325,3478,1454.705,415,3871.85,26.846541,-228.55593
553781,3479,1489.456,456,3875.04,21.093173,-228.037412
554067,3480,953.504,286,3876.92,23.931976,-228.190308
554648,3481,2013.71,581,3880.87,23.485996,-228.657003
554960,3482,1095.316,312,3883.12,24.395487,-228.620647
555294,3483,1137.938,334,3885.35,20.615871,-229.080359
555753,3484,1521.213,459,3888.44,23.886585,-228.854028
556107,3485,1191.391,354,3890.97,23.852082,-228.906273
556464,3486,1196.909,357,3893.44,22.198559,-229.32123
556994,3487,1819.053,530,3896.78,23.748065,-228.824271
557986,3488,3332.27,992,3903.76,24.693851,-228.620243
558415,3489,1464.665,429,3906.63,28.044728,-229.024816
558744,3490,1139.727,329,3909.02,25.24163,-228.913051
559098,3491,1245.27,354,3911.54,23.889004,-229.210849
559530,3492,1445.918,432,3914.39,22.828895,-229.228258
559818,3493,972.408,288,3916.34,24.768394,-228.943263
560064,3494,749.061,246,3921.06,24.907536,-228.75617
560401,3495,1194.052,337,3923.16,26.571545,-229.206841
560719,3496,1090.098,318,3925.39,21.630286,-229.122157
561367,3497,2250.804,648,3929.9,23.73952,-229.223008
562069,3498,2312.358,702,3934.53,23.614165,-229.334554
562390,3499,1120.634,321,3936.86,21.54546,-229.411635
562952,3500,1905.841,562,3940.48,24.648161,-229.739476
563513,3501,1927.074,561,3944.3,20.613859,-229.268251
564048,3502,1780.443,535,3947.87,23.381439,-229.332077
564714,3503,2325.492,666,3952.37,22.098262,-229.732166
565252,3504,1776.583,538,3956.14,24.354442,-229.452589
565753,3505,1713.265,501,3959.2,23.134614,-229.315056
566099,3506,1154.53,346,3961.49,23.398232,-229.324705
566423,3507,1132.789,324,3963.79,23.48226,-230.229838
566719,3508,1004.309,296,3965.64,23.319389,-230.07433
567078,3509,1181.913,359,3968.2,23.23988,-229.627823
567491,3510,1336.224,413,3971.27,25.565786,-229.515222
568018,3511,1850.492,527,3975.41,23.651927,-230.03013
569018,3512,3350.306,1000,3982.84,23.218993,-229.985627
569462,3513,1498.216,444,3986.48,28.040125,-230.075416
569965,3514,1728.66,503,3990.19,21.997122,-230.549806
570507,3515,1836.211,542,3998.24,25.552575,-230.113816
570873,3516,1209.194,366,4001.26,24.024047,-229.68202
571713,3517,2838.14,840,4007.63,24.226647,-230.305567
572563,3518,2885.141,850,4014.06,23.493456,-230.188234
573563,3519,3305.782,1000,4022.3,25.374628,-230.60939
573920,3520,1175.168,357,4025.07,25.830306,-230.383338
574359,3521,1451.306,439,4028.5,22.461982,-230.439366
574969,3522,2045.944,610,4032.86,24.584344,-230.47807
575584,3523,2023.841,615,4037.24,21.476896,-230.665626
575936,3524,1178.634,352,4039.8,24.155079,-230.774322
576373,3525,1447.178,437,4042.84,22.256761,-231.270131
576763,3526,1314.754,390,4045.62,22.744107,-231.166673
577117,3527,1205.167,354,4048.18,24.377694,-230.618745
577468,3528,1179.15,351,4050.7,21.96271,-230.846031
577482,3529,10.834,14,4050.81,42.707634,-233.072832
577998,3530,1742.799,516,4054.45,23.530228,-231.011852
578459,3531,1527.787,461,4057.8,21.610074,-231.299212
579078,3532,2068.255,619,4061.95,21.57543,-230.907316
579389,3533,1081.506,311,4063.97,23.219233,-230.749393
580172,3534,2545.22,783,4072.53,25.201371,-231.215194
580543,3535,1215.298,371,4074.96,22.671334,-230.442958
581060,3536,1784.782,517,4078.44,24.496695,-231.442076
581804,3537,2553.087,744,4083.73,22.282784,-231.47981
582579,3538,2633.372,775,4089.42,26.641684,-231.371596
583249,3539,2264.905,670,4094.08,21.082592,-231.413753
583704,3540,1518.099,455,4097.48,28.246426,-231.62686
584295,3541,1943.288,591,4101.95,26.735846,-231.790492
584756,3542,1570.351,461,4105.4,24.580092,-231.725035
585306,3543,1915.54,550,4109.63,23.898899,-231.880757
585846,3544,1777.617,540,4113.32,22.090548,-231.505239
586305,3545,1539.883,459,4116.74,20.596018,-232.024175
586702,3546,1444.451,397,4119.76,23.145715,-232.252424
587212,3547,1745.934,510,4124.03,25.262611,-231.992723
587606,3548,1237.151,394,4126.95,24.225253,-231.73566
588220,3549,2046.983,614,4131.8,22.076437,-232.167131
588598,3550,1323.815,378,4134.55,26.518426,-231.967598
589358,3551,2562.591,760,4140.5,24.591797,-232.49517
589721,3552,1230.606,363,4143.2,21.901511,-231.7614
590042,3553,997.371,321,4150.75,21.651926,-231.670878
590568,3554,1813.424,526,4154.38,22.277777,-232.50638
591023,3555,1549.923,455,4157.56,24.439356,-232.750623
591350,3556,1100.445,327,4159.92,23.606589,-232.528977
591822,3557,1587.134,472,4163.3,22.086062,-232.700504
592321,3558,1750.612,499,4166.85,21.84341,-232.519209
592729,3559,1436.472,408,4169.85,21.922848,-232.572479
593101,3560,1293.477,372,4172.33,23.416127,-232.988635
593631,3561,1733.678,530,4175.72,23.963068,-232.554469
593907,3562,895.322,276,4177.67,24.448633,-233.224798
594192,3563,929.313,285,4179.73,24.172859,-232.273172
594548,3564,1223.181,356,4182.07,21.195122,-232.601918
594878,3565,1133.555,330,4184.31,22.256039,-232.873189
595450,3566,2075.926,572,4188.54,23.14345,-232.651058
595706,3567,838.012,256,4190.46,25.905455,-233.006402
595972,3568,867.999,266,4192.36,21.742489,-232.525323
596197,3569,708.465,225,4193.98,24.526391,-232.985447
596422,3570,717.774,225,4195.68,24.176128,-233.162922
596700,3571,897.867,278,4197.75,20.896988,-233.044627
597122,3572,1498.355,422,4200.74,22.625727,-232.955322
597376,3573,839.393,254,4202.39,21.158246,-233.271912
597720,3574,1196.675,344,4204.81,23.639338,-233.557561
598030,3575,1061.066,310,4207.04,20.541569,-233.053343
598304,3576,880.485,274,4208.93,24.459378,-232.884068
598846,3577,1814.189,542,4212.3,20.743792,-233.012464
599197,3578,1143.465,351,4214.63,22.077064,-232.153808
599641,3579,1509.633,444,4217.66,27.187173,-233.348801
599914,3580,895.617,273,4219.42,21.296693,-233.469066
600210,3581,977.136,296,4223.53,21.977059,-233.187229
600511,3582,1009.726,301,4225.64,19.797835,-233.007888
600959,3583,1524.126,448,4228.59,22.39844,-233.561129
601290,3584,1149.314,331,4230.84,22.950752,-233.04265
601591,3585,1011.579,301,4233.0,22.583198,-232.82427
601930,3586,1172.657,339,4235.38,22.634961,-233.080869
602216,3587,950.515,286,4237.19,19.668984,-233.25049
602483,3588,903.991,267,4239.0,24.31872,-232.708825
602689,3589,610.496,206,4240.34,23.749678,-232.842998
602960,3590,880.794,271,4242.2,23.819478,-233.027771
603523,3591,1965.274,563,4245.87,24.919401,-232.707388
603805,3592,897.637,282,4247.75,25.09902,-233.103645
604046,3593,785.2,241,4249.44,21.519148,-233.321654
604311,3594,877.079,265,4251.34,17.699158,-233.371903
604557,3595,818.094,246,4253.01,22.227801,-233.599888
604966,3596,1424.891,409,4255.62,21.081794,-233.290177
605298,3597,1158.218,332,4257.82,24.812114,-233.042541
605572,3598,900.2,274,4259.81,20.834606,-233.028089
605836,3599,865.986,264,4261.73,24.493987,-232.391204
606054,3600,665.767,218,4263.12,25.695829,-233.187926
606386,3601,1156.618,332,4265.25,21.90197,-233.101517
606734,3602,1174.147,348,4267.65,22.165714,-233.516159
607137,3603,1401.416,403,4270.59,22.193903,-233.002914
607634,3604,1704.978,497,4273.8,23.015615,-233.136867
608487,3605,2835.243,853,4279.81,24.260953,-233.112319
609048,3606,1872.314,561,4283.32,23.007851,-233.708379
609549,3607,1768.951,501,4286.86,21.764734,-233.8441
610478,3608,3275.561,929,4298.3,20.694612,-233.14145
610774,3609,971.791,296,4300.22,24.317044,-233.52905
611541,3610,2594.533,767,4305.62,23.722257,-233.332366
611828,3611,953.486,287,4307.37,20.483885,-233.406914
612514,3612,2350.217,686,4311.91,22.22131,-233.564557
612974,3613,1535.811,460,4315.14,23.128247,-233.647412
613524,3614,1873.994,550,4318.62,23.21749,-233.15341
614199,3615,2184.763,675,4323.41,22.500061,-233.63402
615199,3616,3335.699,1000,4330.33,22.717515,-233.992988
615765,3617,1956.968,566,4334.63,25.332867,-234.006758
616197,3618,1453.716,432,4337.96,24.403855,-233.857163
616551,3619,1142.581,354,4340.38,26.129123,-233.246102
617003,3620,1545.903,452,4343.87,25.363075,-234.432863
617559,3621,1874.307,556,4348.22,25.077754,-233.8289
618161,3622,2032.377,602,4352.69,25.048274,-233.566442
618583,3623,1440.11,422,4355.89,20.504258,-234.06211
619139,3624,1935.546,556,4360.28,22.263505,-233.622534
620003,3625,2954.036,864,4372.04,25.103148,-233.863681
621003,3626,3363.628,1000,4380.27,25.2381,-234.085163
621948,3627,3174.351,945,4387.93,22.095588,-234.045005
622369,3628,1455.62,421,4390.97,21.460158,-234.562467
622921,3629,1901.088,552,4394.82,26.935268,-233.723484
623594,3630,2250.509,673,4399.76,22.793643,-233.823245
624390,3631,2603.602,796,4405.71,22.015924,-234.154728
625390,3632,3128.709,1000,4412.91,23.641677,-233.887577
626350,3633,3266.951,960,4419.75,22.426833,-234.11717
626725,3634,1226.509,375,4422.11,23.959909,-233.921547
627321,3635,2055.258,596,4426.32,25.453099,-234.780342
627828,3636,1743.356,507,4429.78,22.033116,-234.503807
628291,3637,1629.073,463,4433.0,24.011567,-234.275566
628819,3638,1865.554,528,4436.81,20.272441,-234.957836
629309,3639,1682.714,490,4440.41,22.899927,-234.70942
629782,3640,1642.341,473,4443.76,23.324448,-234.327828
630704,3641,3122.358,922,4456.32,22.191394,-234.377471
631308,3642,2124.172,604,4460.87,23.638029,-234.867636
632299,3643,3346.783,991,4468.2,23.096055,-234.562447
632893,3644,2042.012,594,4472.1,20.990178,-234.521183
633441,3645,1892.986,548,4476.32,23.36821,-234.669288
634117,3646,2382.48,676,4481.61,24.241286,-234.707894
634568,3647,1504.527,451,4484.94,22.723835,-234.524352
635542,3648,3343.949,974,4492.35,22.841339,-234.858367
636353,3649,2686.605,811,4498.81,22.207564,-235.025
637181,3650,2779.147,828,4505.33,23.166467,-234.53315
637935,3651,2601.406,754,4510.82,21.41863,-235.066789
638329,3652,1357.953,394,4513.67,22.983034,-234.720213
638747,3653,1471.853,418,4516.62,22.279741,-234.947329
639162,3654,1429.861,415,4519.39,19.886141,-235.226843
639698,3655,1875.582,536,4522.94,23.477082,-235.116158
640374,3656,2324.187,676,4532.68,22.446826,-235.420517
641024,3657,2217.575,650,4537.36,21.822456,-235.236367
641448,3658,1461.835,424,4540.1,20.7365,-235.056523
641945,3659,1712.854,497,4543.52,22.434435,-235.318444
642394,3660,1504.723,449,4546.94,20.588998,-235.563462
643022,3661,2131.281,628,4551.31,21.977337,-235.929894
643779,3662,2570.049,757,4556.21,20.382254,-235.472631
644779,3663,3312.267,1000,4562.89,22.750334,-235.399473
645182,3664,1349.489,403,4565.86,23.143893,-235.747949
645602,3665,1475.994,420,4568.51,20.947273,-236.269743
646602,3666,3263.249,1000,4575.68,20.549246,-235.524371
647148,3667,1927.241,546,4579.52,23.49308,-236.113008
648080,3668,3167.493,932,4585.67,20.395232,-235.645255
648100,3669,20.119,20,4585.8,16.549962,-236.57849
648616,3670,1850.151,516,4589.4,20.469529,-236.174077
648636,3671,20.445,20,4589.54,27.334826,-235.712117
648656,3672,20.323,20,4589.71,15.754524,-237.490776
649656,3673,3258.67,1000,4596.39,23.359232,-236.1644
650391,3674,2452.153,735,4606.03,21.398692,-236.364679
651245,3675,2955.388,854,4611.43,20.804916,-236.801036
651844,3676,2061.212,599,4616.13,23.368698,-236.465786
652433,3677,2047.522,589,4619.77,21.393377,-236.642863
652990,3678,1876.006,557,4623.48,24.402472,-237.046485
653482,3679,1687.669,492,4627.02,24.359475,-236.974775
653889,3680,1389.234,407,4629.89,24.504583,-237.444849
654537,3681,2251.877,648,4634.27,21.070602,-236.715463
655187,3682,2235.519,650,4638.59,24.292865,-236.791071
655565,3683,1363.67,378,4641.56,19.275335,-236.786983
656069,3684,1738.225,504,4644.8,19.548675,-236.789858
656432,3685,1248.001,363,4647.2,27.461233,-236.816136
656861,3686,1465.002,429,4650.22,18.071984,-237.186559
657663,3687,2689.89,802,4655.8,21.47184,-236.906445
658034,3688,1249.233,371,4658.38,21.456919,-237.799881
658804,3689,2662.394,770,4663.29,20.187292,-237.867821
659721,3690,3114.21,917,4670.07,22.22033,-237.72801
660348,3691,2162.099,627,4678.85,19.314736,-237.224253
661348,3692,3253.023,1000,4685.83,22.012159,-237.746624
661852,3693,1763.428,504,4689.12,22.368778,-237.788561
662309,3694,1561.237,457,4692.06,22.861104,-238.234159
663250,3695,3186.725,941,4698.39,21.156874,-237.974808
664227,3696,3335.896,977,4705.8,22.455347,-238.069702
664613,3697,1295.04,386,4708.66,24.164208,-237.852169
665200,3698,2004.181,587,4712.96,23.892516,-238.000431
665823,3699,2105.532,623,4717.65,21.86826,-238.305598
666823,3700,3208.248,1000,4725.95,21.360965,-238.538845
667823,3701,3286.8,1000,4735.12,22.086064,-238.745967
668173,3702,1219.037,350,4738.48,23.239549,-239.000665
669173,3703,3179.05,1000,4748.58,23.257678,-238.602393
669735,3704,1976.658,562,4754.8,23.854936,-238.667528
670735,3705,3205.451,1000,4773.11,21.753103,-238.78569
671164,3706,1481.683,429,4776.54,23.95168,-238.953534
671893,3707,2520.069,729,4781.6,20.575351,-239.036759
672378,3708,1695.07,485,4784.98,20.345457,-239.370627
672833,3709,1555.128,455,4788.23,20.712398,-239.213438
673206,3710,1294.144,373,4790.65,18.231184,-239.502872
673806,3711,2040.883,600,4794.54,21.182973,-239.767096
674752,3712,3196.588,946,4801.22,21.396275,-239.672519
675406,3713,2189.207,654,4805.62,19.362071,-239.565037
676406,3714,3242.465,1000,4812.33,18.834575,-239.544959
677406,3715,3240.999,1000,4819.93,21.907452,-240.181893
677934,3716,1793.765,528,4823.91,26.765019,-240.287866
678934,3717,3200.227,1000,4831.6,18.684068,-240.318944
679222,3718,967.177,288,4833.73,21.334249,-239.948962
680197,3719,3342.542,975,4847.88,23.154914,-240.217359
680580,3720,1297.389,383,4851.05,22.680496,-240.118794
681580,3721,3323.494,1000,4859.42,20.05672,-240.551342
682014,3722,1472.47,434,4862.86,20.156716,-239.868874
682980,3723,3337.619,966,4870.05,22.36472,-240.54032
683492,3724,1695.237,512,4873.77,21.969093,-240.782241
684186,3725,2336.278,694,4878.5,21.251132,-241.01078
684768,3726,1903.522,582,4882.74,19.644062,-240.682875
685281,3727,1779.796,513,4886.35,25.001522,-241.087456
685814,3728,1843.592,533,4889.97,22.108842,-241.08939
686741,3729,3177.108,927,4897.43,21.004079,-241.102097
687621,3730,2867.481,880,4903.63,20.051736,-241.41521
688621,3731,3212.615,1000,4910.83,20.60036,-241.774927
688998,3732,1215.201,377,4913.39,21.403429,-241.374812
689395,3733,1368.103,397,4916.13,21.207981,-242.044879
689847,3734,1535.683,452,4919.47,20.634435,-241.908294
690471,3735,2092.026,624,4928.97,21.494731,-241.703372
690986,3736,1799.802,515,4932.27,20.306892,-241.890038
691684,3737,2377.122,698,4937.33,18.57879,-242.054438
692190,3738,1693.712,506,4940.64,22.083179,-241.723744
692618,3739,1431.677,428,4943.66,22.538542,-241.973745
693618,3740,3275.121,1000,4950.59,21.638427,-241.812511
694033,3741,1387.732,415,4953.51,23.011524,-241.794696
694446,3742,1430.524,413,4956.33,22.097511,-241.817976
694980,3743,1810.246,534,4959.91,22.529924,-242.180206
695980,3744,3197.261,1000,4966.83,21.746092,-242.172918
696342,3745,1278.399,362,4969.34,26.918555,-242.022084
697342,3746,3221.776,1000,4976.28,20.755499,-241.957574
698027,3747,2335.119,685,4981.07,21.573007,-242.031391
698362,3748,1121.634,335,4983.29,19.036126,-241.984581
698746,3749,1314.974,384,4985.79,20.823717,-241.90411
699359,3750,2087.25,613,4990.24,21.683363,-242.459378
700024,3751,2319.785,665,4999.18,19.650274,-242.974802
700949,3752,3121.406,925,5005.53,21.501134,-242.270742
701322,3753,1296.844,373,5008.21,22.260971,-242.869834
701716,3754,1321.056,394,5010.73,24.412516,-242.389235
702716,3755,3290.099,1000,5017.8,22.359049,-242.827744
703513,3756,2668.434,797,5023.17,21.483269,-242.870382
703966,3757,1499.532,453,5026.42,20.557737,-242.764582
704357,3758,1298.073,391,5029.05,19.370922,-242.789008
705357,3759,3285.472,1000,5035.83,20.636422,-242.891704
705727,3760,1294.408,370,5038.25,23.476479,-243.025647
706597,3761,2923.33,870,5044.37,23.354657,-242.566328
707597,3762,3289.557,1000,5051.32,20.132307,-242.925913
708597,3763,3309.389,1000,5058.86,22.256937,-243.387263
709597,3764,3252.349,1000,5066.1,19.8463,-243.756636
710009,3765,1362.132,412,5073.39,22.085141,-243.238258
710382,3766,1277.963,373,5076.28,22.036403,-242.927491
711382,3767,3246.043,1000,5084.37,21.581733,-243.689726
712064,3768,2319.373,682,5090.15,19.724332,-244.003185
712695,3769,2179.75,631,5095.04,23.030466,-243.911675
713483,3770,2518.496,788,5101.54,22.341325,-243.818995
714177,3771,2354.325,694,5106.64,24.237247,-243.611826
714506,3772,1162.262,329,5109.03,18.46369,-243.545982
715361,3773,2858.53,855,5115.08,19.403676,-244.030273
715908,3774,1764.941,547,5119.06,21.887805,-244.088412
716285,3775,1291.995,377,5121.71,23.084561,-244.463769
716973,3776,2302.332,688,5126.55,22.017206,-243.950868
717752,3777,2589.789,779,5132.11,23.342682,-244.343934
718210,3778,1590.984,458,5135.32,24.108734,-244.039155
719136,3779,3081.311,926,5141.58,23.177949,-244.466133
719519,3780,1289.82,383,5143.98,27.248843,-243.981038
719886,3781,1237.58,367,5146.42,20.29921,-245.005205
720657,3782,2603.297,771,5156.38,18.899941,-244.571653
721221,3783,1956.632,564,5160.11,20.745572,-244.564938
722221,3784,3253.983,1000,5167.19,19.349398,-244.41775
723091,3785,2870.382,870,5173.46,21.889611,-244.581012
723918,3786,2918.09,827,5179.69,21.304611,-244.937125
724325,3787,1387.577,407,5182.6,22.715506,-245.066922
724791,3788,1528.118,466,5186.13,20.459856,-244.595242
725207,3789,1435.081,416,5189.34,19.110331,-244.498431
725731,3790,1850.617,524,5193.1,20.351522,-245.577543
726166,3791,1520.26,435,5196.64,18.381915,-244.885511
726613,3792,1557.695,447,5200.14,22.188869,-245.560752
727567,3793,3179.432,954,5207.53,21.809481,-245.173401
728077,3794,1765.289,510,5211.63,20.984064,-245.472978
728626,3795,1838.932,549,5215.98,18.903007,-245.305491
729216,3796,2080.511,590,5220.76,22.050777,-245.096018
729655,3797,1524.487,439,5224.24,20.332841,-245.070903
730227,3798,1975.768,572,5233.44,22.164027,-245.149717
731063,3799,2813.693,836,5239.36,21.501972,-245.345249
731641,3800,1980.434,578,5243.43,20.6255,-245.647056
732170,3801,1818.588,529,5247.2,22.405948,-245.299776
732759,3802,1972.497,589,5251.29,18.186711,-245.585767
733215,3803,1589.691,456,5254.18,23.707721,-245.580574
733587,3804,1283.052,372,5256.78,21.46175,-245.34775
734400,3805,2770.557,813,5262.28,21.281591,-245.246506
735025,3806,2078.963,625,5266.76,21.418376,-245.867216
736025,3807,3381.901,1000,5273.92,21.26109,-245.866771
736567,3808,1830.609,542,5278.01,19.919788,-245.811751
736599,3809,44.697,32,5278.25,20.591452,-247.063562
736634,3810,49.121,35,5278.51,15.567417,-245.4728
737247,3811,2064.535,613,5282.99,20.443998,-245.975869
737768,3812,1711.23,521,5286.77,24.374781,-245.732485
738768,3813,3252.275,1000,5293.49,20.385159,-246.181875
739303,3814,1857.505,535,5297.3,19.675331,-246.120157
740010,3815,2361.932,707,5305.45,23.532877,-245.782127
740744,3816,2483.058,734,5310.51,22.015725,-246.199787
741312,3817,1970.581,568,5314.43,20.375413,-246.252298
741861,3818,1888.367,549,5318.02,20.549121,-245.938216
742375,3819,1724.557,514,5321.87,21.073222,-245.74393
743305,3820,3167.343,930,5328.0,21.977091,-245.880148
743920,3821,2071.062,615,5332.46,18.576109,-245.885939
744293,3822,1207.067,373,5334.9,18.191976,-244.933319
744873,3823,1980.377,580,5339.02,21.604657,-246.240009
745873,3824,3227.684,1000,5345.98,21.960369,-246.524794
746873,3825,3328.671,1000,5353.05,19.953234,-246.36978
747807,3826,3217.329,934,5359.7,19.441375,-246.411377
748745,3827,3119.477,938,5366.06,22.942426,-246.412292
749745,3828,3368.863,1000,5372.77,21.775051,-246.932259
750183,3829,1496.909,438,5381.18,22.337933,-247.052331
751156,3830,3434.114,973,5387.93,21.720147,-246.691915
751848,3831,2358.253,692,5392.72,20.056714,-246.795435
752538,3832,2362.757,690,5397.3,21.800452,-246.349464
753207,3833,2287.248,669,5402.05,18.86312,-246.930103
753580,3834,1322.605,373,5404.53,17.98554,-247.140401
754359,3835,2659.097,779,5409.88,23.747482,-246.890272
754861,3836,1754.667,502,5413.57,22.333609,-247.177492
755861,3837,3266.722,1000,5421.01,19.931664,-246.823814
756861,3838,3268.521,1000,5428.5,21.165836,-246.964538
757861,3839,3291.551,1000,5436.11,20.743974,-247.195153
758709,3840,2926.417,848,5442.52,19.016478,-246.61887
759709,3841,3248.229,1000,5450.02,19.600765,-247.604103
760709,3842,3238.625,1000,5464.33,20.342619,-247.723159
761709,3843,3461.649,1000,5471.76,22.767336,-247.936501
762164,3844,1520.818,455,5475.04,17.361217,-247.817101
762765,3845,2113.057,601,5479.31,20.262129,-247.621658
763238,3846,1693.409,473,5482.63,18.117709,-248.393409
763732,3847,1715.331,494,5486.25,21.638344,-248.188823
764732,3848,3197.871,1000,5493.35,21.065507,-247.690417
765396,3849,2274.812,664,5499.06,18.518284,-248.020215
766036,3850,2188.285,640,5503.15,22.069067,-248.192114
766562,3851,1855.153,526,5506.65,17.329748,-248.151828
767200,3852,2233.259,638,5510.6,21.7987,-248.893628
767990,3853,2790.745,790,5516.12,19.592806,-247.901807
768679,3854,2382.291,689,5520.96,20.454254,-248.295077
769379,3855,2439.972,700,5525.89,21.041668,-248.36058
770146,3856,2610.505,767,5536.02,20.856248,-248.338551
771146,3857,3350.184,1000,5543.55,21.398482,-248.392483
771774,3858,2043.239,628,5548.4,21.74822,-248.564151
772736,3859,3285.1,962,5555.45,22.110738,-248.638536
773209,3860,1705.688,473,5559.16,20.401836,-248.897039
773839,3861,2240.603,630,5564.07,21.132231,-248.848853
774839,3862,3206.734,1000,5572.13,19.849808,-248.839659
775614,3863,2703.947,775,5578.26,20.78155,-249.176669
776614,3864,3447.236,1000,5586.44,20.949951,-249.25737
777364,3865,2612.847,750,5591.95,18.6199,-248.940746
778086,3866,2471.758,722,5596.99,20.754735,-249.063839
779086,3867,3331.832,1000,5604.18,22.321031,-249.125891
779957,3868,3026.99,871,5610.49,21.857579,-249.736854
780621,3869,2271.189,664,5620.78,19.80521,-249.758254
780679,3870,98.408,58,5621.19,16.7075,-249.7104
781679,3871,3310.591,1000,5628.28,23.105609,-249.466254
782471,3872,2769.649,792,5634.03,20.79365,-249.125538
782882,3873,1419.857,411,5637.1,22.722315,-249.759003
783565,3874,2427.481,683,5642.03,18.916514,-249.462316
784172,3875,2167.625,607,5646.61,19.276757,-249.223915
785172,3876,3373.027,1000,5653.28,20.684059,-249.737084
785726,3877,1959.098,554,5657.07,20.504004,-249.851063
786510,3878,2707.903,784,5662.38,20.696575,-250.000103
786921,3879,1403.726,411,5665.24,24.449731,-249.689738
787616,3880,2422.069,695,5669.96,17.769517,-249.742357
788233,3881,2123.229,617,5674.43,19.458143,-249.994933
789233,3882,3308.234,1000,5681.27,20.098201,-249.653649
790233,3883,3248.623,1000,5693.21,20.476934,-250.135037
791233,3884,3397.672,1000,5700.39,20.069631,-249.940397
792233,3885,3309.246,1000,5707.4,19.678088,-249.592468
793001,3886,2746.571,768,5712.44,20.069946,-249.945238
793784,3887,2572.798,783,5718.16,20.795543,-249.651484
794784,3888,3311.104,1000,5725.09,19.619352,-250.016866
795783,3889,3431.527,999,5731.87,19.29581,-250.384182
796161,3890,1188.415,378,5734.7,24.461145,-250.145577
796688,3891,1805.117,527,5738.36,19.986154,-250.139702
797688,3892,3262.877,1000,5745.32,21.943987,-249.873054
798688,3893,3295.117,1000,5752.18,19.893385,-250.355043
799551,3894,2897.023,863,5757.96,20.95833,-250.16379
800159,3895,2155.675,608,5768.26,20.829982,-250.600599
801159,3896,3212.927,1000,5776.08,21.553453,-250.611068
801940,3897,2659.939,781,5781.65,19.742653,-251.002921
802426,3898,1755.807,486,5785.45,21.650689,-250.381395
802855,3899,1464.804,429,5788.34,19.418501,-250.080481
803264,3900,1377.323,409,5791.44,20.057691,-250.935892
804215,3901,3219.314,951,5798.91,18.799939,-250.622381
804653,3902,1524.944,438,5802.07,20.213853,-250.140323
805203,3903,1787.361,550,5806.18,25.406036,-250.58389
806203,3904,3259.45,1000,5813.43,19.538799,-250.339001
806500,3905,1088.603,297,5815.95,20.524125,-250.655223
807500,3906,3271.698,1000,5823.28,20.980886,-250.623805
808013,3907,1832.006,513,5827.5,21.885319,-250.683695
809013,3908,3287.318,1000,5834.55,21.958444,-250.67434
810013,3909,3305.701,1000,5847.62,21.232033,-250.795831
811013,3910,3424.524,1000,5854.82,17.530772,-250.735659
811610,3911,2151.198,597,5859.03,19.53301,-250.908595
812124,3912,1719.729,514,5862.73,20.858759,-251.111027
813124,3913,3230.358,1000,5869.22,19.077934,-251.046129
813859,3914,2568.821,735,5874.58,19.915478,-251.124309
814584,3915,2630.882,725,5879.6,19.087671,-251.27844
815584,3916,3314.558,1000,5886.64,19.220289,-251.249293
816220,3917,2152.193,636,5891.01,19.393191,-251.499863
816865,3918,2143.849,645,5896.08,21.737476,-251.765032
817865,3919,3269.589,1000,5903.44,18.283884,-251.719618
818771,3920,3079.011,906,5910.23,20.699202,-251.169848
819226,3921,1593.679,455,5913.68,18.989425,-251.612029
820185,3922,3394.449,959,5928.0,20.793329,-251.240165
821185,3923,3310.073,1000,5936.04,19.148761,-251.797401
822185,3924,3310.077,1000,5944.23,19.677086,-251.75475
823185,3925,3239.097,1000,5951.36,20.797999,-251.995551
824185,3926,3320.074,1000,5958.35,18.020232,-251.45924
825185,3927,3386.018,1000,5965.28,18.607078,-251.942432
825767,3928,2041.533,582,5969.44,18.746364,-251.74465
826767,3929,3271.063,1000,5976.63,18.976884,-251.935291
827767,3930,3278.058,1000,5983.52,20.311938,-251.869344
828465,3931,2441.085,698,5988.41,22.314326,-252.134903
828484,3932,17.372,19,5988.52,20.334084,-251.592324
829484,3933,3350.27,1000,5995.79,19.731853,-252.343682
830189,3934,2393.053,705,6006.57,21.523695,-252.581133
831189,3935,3290.53,1000,6013.68,21.076506,-252.262067
832003,3936,2915.631,814,6019.08,19.280214,-252.331422
832688,3937,2347.621,685,6023.69,19.7787,-252.208922
833532,3938,2942.719,844,6029.43,22.340221,-252.192411
834532,3939,3273.536,1000,6036.23,21.098839,-252.430238
835236,3940,2474.312,704,6041.27,16.438764,-252.792814
835814,3941,2048.84,578,6045.17,19.108645,-252.603686
836383,3942,1990.511,569,6049.3,21.322279,-252.342275
837383,3943,3286.974,1000,6056.26,18.594389,-252.702565
837821,3944,1562.48,438,6059.26,19.075316,-252.983737
838590,3945,2698.036,769,6064.52,19.552235,-252.769157
839059,3946,1483.803,469,6067.88,20.708441,-252.392331
839608,3947,1953.357,549,6071.43,20.423778,-252.307528
840260,3948,2327.292,652,6081.95,17.748314,-252.694209
841248,3949,3564.253,988,6088.63,20.660575,-253.141812
842248,3950,3494.344,1000,6096.41,22.31688,-252.604233
842769,3951,1800.946,521,6099.92,19.958126,-253.03498
843622,3952,2992.72,853,6105.5,21.106769,-252.890197
844437,3953,2933.924,815,6111.23,18.881549,-252.867074
845188,3954,2590.821,751,6116.13,20.620461,-252.653485
845842,3955,2288.285,654,6120.65,17.616987,-253.304553
846601,3956,2690.561,759,6125.5,22.063673,-252.732454
847105,3957,1723.89,504,6129.11,20.776705,-252.847409
848105,3958,3385.966,1000,6136.76,19.587919,-253.199975
849105,3959,3277.002,1000,6144.45,19.363263,-253.11259
850105,3960,3268.724,1000,6158.59,19.210354,-253.185493
850804,3961,2453.362,699,6164.39,19.819642,-253.415219
851251,3962,1573.898,447,6167.61,20.803134,-253.190747
851879,3963,2262.787,628,6172.58,19.65747,-253.956687
852494,3964,2177.543,615,6177.35,19.270667,-253.348263
853351,3965,3071.267,857,6183.87,17.819876,-253.531216
853738,3966,1208.11,387,6186.68,23.027036,-254.01532
854725,3967,3471.72,987,6193.74,20.317124,-253.527708
855655,3968,3288.156,930,6200.27,18.768619,-253.567726
856108,3969,1551.826,453,6203.56,23.367893,-253.863493
856643,3970,1854.464,535,6207.29,18.415047,-253.901018
857205,3971,1877.83,562,6211.32,18.555691,-253.857823
857747,3972,1755.111,542,6215.17,16.701142,-254.09903
858213,3973,1676.66,466,6218.43,21.791471,-253.642279
859213,3974,3462.968,1000,6225.5,21.002895,-253.950881
860213,3975,3331.772,1000,6237.83,22.838625,-254.26692
860858,3976,2258.831,645,6242.04,18.707341,-254.28534
861858,3977,3279.056,1000,6248.82,18.60807,-254.053796
862732,3978,2996.639,874,6255.5,18.148764,-254.282574
863732,3979,3265.194,1000,6262.94,22.94589,-254.450318
864732,3980,3430.205,1000,6269.96,19.250141,-254.369976
865724,3981,3447.412,992,6277.17,18.361919,-254.411781
866724,3982,3234.757,1000,6285.25,18.102051,-254.984234
867213,3983,1740.382,489,6289.07,23.334143,-254.980744
868213,3984,3394.879,1000,6296.99,20.767712,-255.129279
869135,3985,3135.393,922,6303.95,21.468543,-255.105779
869700,3986,1990.206,565,6308.09,21.716258,-254.832027
869933,3987,836.377,233,6309.59,21.540662,-255.305687
870933,3988,3271.834,1000,6322.03,18.566871,-255.360827
871456,3989,1909.316,523,6325.5,17.17712,-255.276289
871860,3990,1470.495,404,6328.33,22.121579,-255.076909
872480,3991,2134.532,620,6332.85,23.099708,-255.359326
873007,3992,1821.567,527,6336.54,18.235083,-255.354127
873415,3993,1519.216,408,6339.57,21.944308,-255.509443
874309,3994,3138.222,894,6346.1,19.84607,-255.474906
875111,3995,2777.866,802,6351.84,20.510609,-255.639785
875841,3996,2607.164,730,6356.75,19.581873,-255.643009
876841,3997,3578.646,1000,6363.7,21.884214,-255.158276
877841,3998,3306.131,1000,6371.37,19.009115,-256.211517
878166,3999,1150.68,325,6374.1,15.996141,-256.085224
878686,4000,1806.749,520,6378.19,17.023141,-255.926592
879275,4001,2027.072,589,6382.33,16.700761,-256.302271
880264,4002,3471.914,989,6395.05,17.35828,-255.823513
880695,4003,1526.036,431,6397.79,18.59262,-256.866546
881359,4004,2335.304,664,6402.31,19.058442,-256.07912
882359,4005,3327.313,1000,6409.46,19.045854,-256.285249
882862,4006,1829.51,503,6412.82,16.650501,-256.608001
883737,4007,3164.466,875,6419.17,16.005348,-256.258431
884417,4008,2421.419,680,6423.76,19.245103,-256.431974
885048,4009,2251.908,631,6427.91,19.728354,-256.22401
885694,4010,2349.686,646,6432.37,18.585303,-256.969424
886295,4011,2182.551,601,6436.83,21.23176,-255.979336
887295,4012,3361.491,1000,6443.32,19.055767,-256.164097
887704,4013,1522.544,409,6446.59,19.820211,-256.458269
888090,4014,1386.598,386,6449.0,18.991826,-256.433153
889090,4015,3534.126,1000,6455.64,18.743394,-256.430557
889485,4016,1393.596,395,6458.61,19.753691,-256.79023
889934,4017,1653.74,449,6461.65,23.396356,-256.675872
890875,4018,3355.266,941,6474.13,21.30746,-256.48393
891387,4019,1859.991,512,6477.36,19.337256,-257.129949
892262,4020,3001.16,875,6483.4,18.543758,-256.866891
892629,4021,1271.15,367,6485.99,18.640007,-256.524222
893629,4022,3238.891,1000,6493.36,19.760729,-256.838798
894629,4023,3319.245,1000,6500.6,19.99464,-257.419388
895170,4024,1934.85,541,6504.63,16.555898,-257.509175
896170,4025,3333.352,1000,6511.7,20.744736,-257.837722
897170,4026,3405.769,1000,6518.7,18.791693,-257.661315
897910,4027,2698.486,740,6523.57,21.162045,-257.967026
898274,4028,1230.873,364,6526.26,22.891657,-257.202944
898717,4029,1563.161,443,6529.11,21.9843,-257.311883
899490,4030,2680.276,773,6533.9,16.66502,-257.648282
900375,4031,3153.581,885,6545.49,18.142224,-258.220468
901375,4032,3430.624,1000,6552.58,19.889542,-258.210931
901881,4033,1812.71,506,6556.04,18.628455,-258.276192
902447,4034,1992.602,566,6560.1,16.124809,-257.588069
902788,4035,1224.443,341,6562.49,25.493719,-258.247533
903541,4036,2627.357,753,6567.89,23.229259,-258.249195
904541,4037,3271.861,1000,6574.99,18.005985,-258.046493
905541,4038,3385.58,1000,6582.01,21.200259,-258.15936
906016,4039,1771.949,475,6585.19,18.000458,-258.443524
907016,4040,3339.622,1000,6592.48,19.899087,-257.974256
907519,4041,1822.804,503,6596.15,17.098477,-258.472884
908438,4042,3287.303,919,6602.42,20.815128,-258.64425
909438,4043,3238.769,1000,6609.59,18.855083,-258.620174
909956,4044,1773.276,518,6613.44,16.407981,-258.993808
910565,4045,2067.984,609,6623.52,19.933846,-259.086146
911541,4046,3456.046,976,6630.53,19.092245,-259.046128
912541,4047,3307.508,1000,6638.06,18.503578,-259.072235
912909,4048,1308.953,368,6640.95,20.259936,-259.097674
913909,4049,3261.123,1000,6649.11,22.313088,-259.087001
914617,4050,2436.879,708,6654.71,16.570429,-259.129971
915617,4051,3331.41,1000,6662.81,17.310343,-259.343718
916617,4052,3387.649,1000,6670.33,17.620474,-259.513793
917617,4053,3346.028,1000,6677.16,21.794392,-259.382058
918617,4054,3422.658,1000,6684.02,16.329948,-259.82993
918975,4055,1290.703,358,6686.35,15.257405,-259.432741
919975,4056,3357.498,1000,6693.54,19.894596,-259.45769
920975,4057,3320.288,1000,6706.8,21.269557,-259.791941
921975,4058,3265.688,1000,6713.86,20.075366,-259.962562
922975,4059,3372.214,1000,6721.03,20.797581,-260.033506
923975,4060,3292.655,1000,6728.12,18.877017,-260.142536
924975,4061,3280.534,1000,6734.9,18.134379,-259.85394
925804,4062,2875.135,829,6740.45,15.82235,-260.242021
926269,4063,1468.645,465,6743.77,16.856581,-260.340084
927269,4064,3362.81,1000,6750.36,18.375501,-260.519324
928269,4065,3543.222,1000,6757.02,16.964694,-260.173153
929269,4066,3361.211,1000,6763.95,17.552009,-260.63412
929880,4067,2128.23,611,6768.14,19.413789,-260.60418
930880,4068,3290.516,1000,6780.86,19.270148,-260.147882
931880,4069,3366.095,1000,6787.96,19.493845,-260.294631
932880,4070,3360.284,1000,6794.72,18.791287,-261.071969
933880,4071,3314.664,1000,6801.34,17.718387,-260.912395
934880,4072,3274.617,1000,6808.35,17.37001,-261.27362
935413,4073,1898.562,533,6811.96,24.245747,-260.956117
935887,4074,1667.717,474,6815.37,20.89424,-260.839768
936887,4075,3403.786,1000,6821.89,21.596699,-260.871362
937451,4076,2003.308,564,6825.74,16.991123,-261.012314
938327,4077,3179.789,876,6831.55,18.985178,-261.286559
938850,4078,1786.427,523,6835.11,16.524738,-260.974485
939850,4079,3380.18,1000,6842.0,18.783351,-261.27103
940351,4080,1779.14,501,6851.03,16.572658,-261.405616
941351,4081,3432.321,1000,6858.51,20.593478,-261.790232
941770,4082,1439.227,419,6861.85,22.749532,-261.584289
942627,4083,2862.66,857,6868.13,16.131454,-261.544979
943627,4084,3295.867,1000,6875.6,18.096194,-261.567185
944627,4085,3403.871,1000,6882.6,16.339029,-262.009376
945627,4086,3420.108,1000,6890.51,23.258622,-261.963556
946627,4087,3340.461,1000,6898.43,21.845612,-261.572185
947289,4088,2198.464,662,6903.27,19.192824,-262.194517
948289,4089,3259.186,1000,6910.92,19.430721,-261.513068
949289,4090,3334.763,1000,6918.17,18.960816,-261.836941
950289,4091,3420.164,1000,6931.21,17.978696,-261.844775
950820,4092,1872.717,531,6935.07,20.806673,-261.35224
951820,4093,3263.277,1000,6942.06,17.225392,-262.279002
952820,4094,3353.056,1000,6948.91,17.29542,-261.966619
953391,4095,2045.689,571,6953.0,19.919042,-262.093849
954391,4096,3336.433,1000,6960.16,17.484104,-261.884007
955292,4097,3149.399,901,6966.19,19.068348,-261.878095
955809,4098,1774.837,517,6969.91,22.132891,-261.71816
956464,4099,2357.293,655,6974.86,18.071876,-262.097697
957464,4100,3355.517,1000,6982.09,19.04931,-261.701254
958020,4101,1982.268,556,6986.31,17.846144,-261.823275
958388,4102,1262.691,368,6988.7,20.46507,-261.352878
959388,4103,3281.438,1000,6996.15,18.609014,-262.041906
960388,4104,3397.241,1000,7011.75,17.953711,-261.778413
961092,4105,2468.937,704,7017.26,17.537095,-261.454117
962092,4106,3495.192,1000,7025.63,17.630638,-261.946456
963092,4107,3398.203,1000,7032.89,17.866367,-262.085397
964092,4108,3354.429,1000,7040.02,18.161295,-262.329583
965092,4109,3316.497,1000,7047.03,18.039879,-261.942355
966092,4110,3396.982,1000,7053.79,17.606216,-262.052423
966981,4111,3174.572,889,7060.06,21.085586,-261.788585
967981,4112,3417.091,1000,7067.35,21.299742,-261.946327
968565,4113,2084.066,584,7071.3,23.025085,-262.205057
969051,4114,1719.516,486,7074.89,20.242342,-262.206344
970022,4115,3562.411,971,7087.21,18.437228,-262.179476
970778,4116,2688.04,756,7092.52,17.238171,-262.351406
971778,4117,3393.173,1000,7099.23,18.241379,-262.183777
972538,4118,2661.014,760,7104.48,21.328192,-262.132155
973288,4119,2705.522,750,7109.86,18.427316,-262.319469
974172,4120,3046.536,884,7115.61,17.527899,-262.299332
975049,4121,3156.822,877,7121.45,19.152094,-262.563005
976049,4122,3370.104,1000,7128.5,17.759328,-262.428766
977049,4123,3380.599,1000,7135.29,19.655029,-262.834434
977489,4124,1566.13,440,7138.46,23.043748,-262.143362
978389,4125,3232.564,900,7144.66,17.748389,-262.665689
979317,4126,3216.899,928,7150.8,17.483137,-262.639178
979813,4127,1741.747,496,7154.4,17.590244,-263.190677
980813,4128,3256.766,1000,7166.85,18.12857,-262.729029
981813,4129,3403.29,1000,7173.84,18.515929,-262.799156
982478,4130,2315.073,665,7178.38,21.364751,-262.531789
982893,4131,1477.262,415,7181.38,20.535567,-262.98771
983893,4132,3305.637,1000,7187.87,19.250408,-262.818741
984535,4133,2349.631,642,7192.19,22.529484,-262.790579
985036,4134,1754.705,501,7195.48,16.965862,-262.327989
986036,4135,3473.579,1000,7202.34,18.15113,-262.520761
987036,4136,3470.116,1000,7209.43,20.542919,-262.825872
987716,4137,2353.623,680,7214.76,17.191927,-262.424034
988680,4138,3412.105,964,7221.93,18.068762,-262.755498
989097,4139,1485.11,417,7225.04,14.998696,-263.413334
989705,4140,2061.142,608,7229.52,17.139146,-262.567115
990640,4141,3279.981,935,7242.98,19.101297,-262.869629
991556,4142,3243.487,916,7250.22,17.647542,-263.000444
992556,4143,3440.968,1000,7258.3,18.822634,-262.4625
993337,4144,2701.589,781,7264.52,19.170917,-262.749126
994337,4145,3355.28,1000,7271.95,18.029368,-262.374576
995337,4146,3396.241,1000,7279.13,19.633006,-262.802101
996337,4147,3430.473,1000,7286.34,18.724726,-262.799668
997009,4148,2407.069,672,7291.18,17.057208,-263.014076
998009,4149,3308.776,1000,7299.21,17.482396,-262.620442
999009,4150,3298.693,1000,7306.14,20.650856,-262.928941
