timestep,episode,episode_reward,episode_length,wall_time,critic_loss,actor_loss,alpha_loss,alpha
29,0,24.547,29,0.01,,,,
45,1,10.659,16,0.01,,,,
85,2,37.688,40,0.02,,,,
104,3,13.955,19,0.02,,,,
120,4,13.203,16,0.02,,,,
137,5,7.106,17,0.02,,,,
151,6,12.086,14,0.02,,,,
178,7,15.678,27,0.03,,,,
195,8,6.375,17,0.03,,,,
240,9,16.528,45,0.04,,,,
271,10,12.603,31,0.04,,,,
286,11,12.774,15,0.05,,,,
299,12,6.861,13,0.05,,,,
311,13,8.634,12,0.05,,,,
329,14,10.523,18,0.05,,,,
345,15,14.025,16,0.05,,,,
358,16,8.393,13,0.06,,,,
379,17,12.995,21,0.06,,,,
389,18,5.255,10,0.06,,,,
409,19,11.567,20,0.06,,,,
426,20,13.469,17,0.07,,,,
460,21,26.914,34,0.07,,,,
480,22,16.425,20,0.08,,,,
499,23,8.898,19,0.08,,,,
517,24,5.564,18,0.08,,,,
543,25,9.268,26,0.09,,,,
552,26,3.866,9,0.09,,,,
570,27,13.86,18,0.09,,,,
582,28,8.075,12,0.09,,,,
600,29,15.678,18,0.09,,,,
624,30,22.395,24,0.1,,,,
634,31,6.952,10,0.1,,,,
651,32,16.549,17,0.1,,,,
664,33,9.756,13,0.1,,,,
679,34,6.651,15,0.11,,,,
708,35,32.112,29,0.11,,,,
731,36,13.948,23,0.11,,,,
762,37,35.911,31,0.12,,,,
780,38,12.742,18,0.12,,,,
803,39,24.051,23,0.12,,,,
832,40,12.164,29,0.13,,,,
857,41,10.586,25,0.13,,,,
901,42,59.015,44,0.14,,,,
942,43,39.749,41,0.14,,,,
961,44,16.753,19,0.15,,,,
997,45,47.742,36,0.15,,,,
1013,46,10.147,16,0.16,,,,
1035,47,13.22,22,0.16,,,,
1059,48,20.638,24,0.16,,,,
1075,49,9.336,16,0.17,,,,
1104,50,18.226,29,0.17,,,,
1148,51,24.315,44,0.18,,,,
1164,52,8.598,16,0.18,,,,
1178,53,7.042,14,0.18,,,,
1209,54,16.594,31,0.19,,,,
1226,55,8.16,17,0.19,,,,
1239,56,6.551,13,0.19,,,,
1254,57,9.436,15,0.19,,,,
1272,58,9.984,18,0.2,,,,
1281,59,5.095,9,0.2,,,,
1295,60,6.85,14,0.2,,,,
1310,61,9.762,15,0.2,,,,
1338,62,16.019,28,0.21,,,,
1398,63,82.248,60,0.22,,,,
1422,64,17.776,24,0.22,,,,
1455,65,33.229,33,0.22,,,,
1486,66,12.285,31,0.23,,,,
1499,67,9.736,13,0.23,,,,
1518,68,18.059,19,0.23,,,,
1539,69,9.688,21,0.24,,,,
1565,70,26.424,26,0.24,,,,
1586,71,20.634,21,0.24,,,,
1600,72,11.521,14,0.25,,,,
1611,73,8.389,11,0.25,,,,
1629,74,16.801,18,0.25,,,,
1648,75,9.545,19,0.25,,,,
1662,76,4.712,14,0.26,,,,
1677,77,9.18,15,0.26,,,,
1693,78,15.156,16,0.26,,,,
1705,79,6.91,12,0.26,,,,
1724,80,13.142,19,0.27,,,,
1749,81,24.018,25,0.27,,,,
1775,82,21.289,26,0.27,,,,
1785,83,5.309,10,0.28,,,,
1824,84,36.936,39,0.28,,,,
1846,85,21.366,22,0.28,,,,
1935,86,99.938,89,0.3,,,,
1951,87,9.668,16,0.3,,,,
1961,88,6.869,10,0.3,,,,
1984,89,14.324,23,0.31,,,,
2050,90,89.026,66,0.32,,,,
2072,91,14.795,22,0.32,,,,
2090,92,19.782,18,0.32,,,,
2115,93,17.693,25,0.32,,,,
2129,94,11.015,14,0.33,,,,
2142,95,7.22,13,0.33,,,,
2155,96,7.474,13,0.33,,,,
2201,97,35.187,46,0.34,,,,
2248,98,63.308,47,0.35,,,,
2292,99,35.693,44,0.35,,,,
2306,100,9.777,14,0.35,,,,
2322,101,10.174,16,0.36,,,,
2331,102,3.908,9,0.36,,,,
2343,103,6.77,12,0.36,,,,
2354,104,7.429,11,0.36,,,,
2375,105,23.908,21,0.36,,,,
2403,106,17.756,28,0.37,,,,
2432,107,32.045,29,0.37,,,,
2446,108,11.242,14,0.37,,,,
2458,109,8.925,12,0.38,,,,
2548,110,143.714,90,0.39,,,,
2559,111,8.509,11,0.39,,,,
2641,112,101.675,82,0.4,,,,
2682,113,46.155,41,0.41,,,,
2697,114,10.164,15,0.41,,,,
2709,115,7.952,12,0.41,,,,
2730,116,7.621,21,0.42,,,,
2759,117,19.031,29,0.42,,,,
2775,118,13.367,16,0.42,,,,
2787,119,6.267,12,0.42,,,,
2804,120,19.99,17,0.43,,,,
2849,121,44.312,45,0.43,,,,
2862,122,7.476,13,0.43,,,,
2877,123,11.619,15,0.44,,,,
2908,124,31.322,31,0.44,,,,
2920,125,7.415,12,0.44,,,,
2945,126,8.092,25,0.45,,,,
2963,127,6.579,18,0.45,,,,
2995,128,31.935,32,0.46,,,,
3046,129,66.788,51,0.46,,,,
3062,130,11.195,16,0.47,,,,
3076,131,5.291,14,0.47,,,,
3097,132,14.211,21,0.47,,,,
3107,133,6.981,10,0.47,,,,
3125,134,10.749,18,0.48,,,,
3148,135,13.377,23,0.48,,,,
3161,136,8.155,13,0.48,,,,
3194,137,23.948,33,0.49,,,,
3207,138,9.19,13,0.49,,,,
3221,139,11.132,14,0.49,,,,
3236,140,11.286,15,0.49,,,,
3247,141,7.895,11,0.49,,,,
3271,142,6.604,24,0.5,,,,
3337,143,79.537,66,0.51,,,,
3357,144,11.468,20,0.51,,,,
3374,145,12.772,17,0.51,,,,
3394,146,12.773,20,0.52,,,,
3425,147,25.665,31,0.52,,,,
3435,148,5.238,10,0.52,,,,
3462,149,24.753,27,0.53,,,,
3476,150,12.16,14,0.53,,,,
3488,151,9.852,12,0.53,,,,
3514,152,29.813,26,0.54,,,,
3524,153,7.227,10,0.54,,,,
3540,154,10.011,16,0.54,,,,
3561,155,9.815,21,0.54,,,,
3578,156,13.468,17,0.55,,,,
3588,157,7.751,10,0.55,,,,
3606,158,8.898,18,0.55,,,,
3620,159,7.304,14,0.55,,,,
3640,160,20.02,20,0.55,,,,
3666,161,24.309,26,0.56,,,,
3679,162,6.497,13,0.56,,,,
3692,163,8.559,13,0.56,,,,
3716,164,8.493,24,0.57,,,,
3736,165,11.273,20,0.57,,,,
3752,166,9.189,16,0.57,,,,
3767,167,12.945,15,0.57,,,,
3827,168,78.843,60,0.58,,,,
3907,169,128.497,80,0.59,,,,
3919,170,8.17,12,0.6,,,,
3935,171,9.091,16,0.6,,,,
3966,172,24.61,31,0.6,,,,
3979,173,6.343,13,0.6,,,,
3992,174,7.298,13,0.61,,,,
4023,175,27.86,31,0.61,,,,
4036,176,10.861,13,0.61,,,,
4049,177,8.701,13,0.62,,,,
4065,178,14.869,16,0.62,,,,
4079,179,9.754,14,0.62,,,,
4097,180,10.234,18,0.62,,,,
4112,181,5.801,15,0.63,,,,
4132,182,11.512,20,0.63,,,,
4174,183,51.006,42,0.63,,,,
4206,184,22.044,32,0.64,,,,
4218,185,7.446,12,0.64,,,,
4288,186,107.816,70,0.66,,,,
4341,187,40.925,53,0.66,,,,
4358,188,13.122,17,0.67,,,,
4378,189,19.424,20,0.67,,,,
4403,190,20.415,25,0.67,,,,
4431,191,22.493,28,0.68,,,,
4447,192,10.811,16,0.68,,,,
4464,193,10.654,17,0.68,,,,
4478,194,9.401,14,0.68,,,,
4505,195,28.043,27,0.69,,,,
4526,196,18.424,21,0.69,,,,
4539,197,10.714,13,0.69,,,,
4567,198,28.004,28,0.7,,,,
4603,199,43.659,36,0.71,,,,
4629,200,9.721,26,0.72,,,,
4642,201,8.232,13,0.72,,,,
4667,202,15.901,25,0.72,,,,
4694,203,10.087,27,0.73,,,,
4717,204,16.704,23,0.73,,,,
4792,205,83.716,75,0.75,,,,
4801,206,3.402,9,0.75,,,,
4811,207,6.35,10,0.75,,,,
4836,208,19.444,25,0.75,,,,
4848,209,7.885,12,0.76,,,,
4901,210,35.193,53,0.76,,,,
4922,211,16.555,21,0.77,,,,
4943,212,15.483,21,0.77,,,,
4957,213,9.862,14,0.77,,,,
4990,214,13.242,33,0.78,,,,
5006,215,12.64,16,1.32,13.231162,-2.399185,5.013191,0.997901
5020,216,11.102,14,1.51,6.74201,-3.472021,5.006628,0.993718
5053,217,32.244,33,1.96,3.35304,-4.651451,4.985056,0.983948
5077,218,9.928,24,2.3,2.437214,-5.00661,4.943017,0.97693
5140,219,118.903,63,3.13,1.727342,-5.438973,4.879773,0.958866
5167,220,13.705,27,3.49,1.502725,-5.868748,4.81571,0.951279
5189,221,20.15,22,3.79,1.567625,-6.013402,4.783107,0.945159
5204,222,12.22,15,3.99,1.511064,-6.161003,4.754514,0.941022
5254,223,50.809,50,4.69,1.627577,-6.436962,4.704832,0.927431
5290,224,19.528,36,5.28,1.711066,-6.735613,4.633095,0.917844
5323,225,22.843,33,5.78,1.860588,-7.039047,4.582595,0.909192
5342,226,19.468,19,6.03,1.924424,-7.234249,4.547554,0.904265
5363,227,5.342,21,6.31,1.802301,-7.454008,4.520434,0.898864
5373,228,4.882,10,6.45,2.091506,-7.495134,4.503071,0.896306
5388,229,13.237,15,6.66,1.997955,-7.694064,4.479075,0.892493
5408,230,7.767,20,6.96,2.026662,-7.760819,4.435749,0.887463
5453,231,61.25,45,7.6,2.05921,-8.074644,4.404876,0.876283
5488,232,42.07,35,8.11,2.200032,-8.409114,4.337801,0.867744
5501,233,6.401,13,8.28,2.10047,-8.582556,4.304785,0.864607
5583,234,82.113,82,9.43,2.551159,-9.034444,4.230214,0.845229
5608,235,27.027,25,9.78,2.328379,-9.510593,4.154749,0.839462
5629,236,13.478,21,10.11,2.625442,-9.719039,4.111188,0.834671
5654,237,19.507,25,10.5,2.718576,-9.889447,4.101181,0.829007
5727,238,89.06,73,11.62,2.777706,-10.357315,4.015376,0.812815
5776,239,18.842,49,12.34,3.061052,-10.879064,3.921676,0.802271
5811,240,34.69,35,12.83,2.938152,-11.265296,3.870015,0.794847
5891,241,79.09,80,14.01,3.550959,-11.672008,3.79092,0.77828
6000,242,131.04,109,15.48,3.338539,-12.571755,3.640174,0.756712
6041,243,71.803,41,16.08,3.697252,-13.278208,3.540241,0.74884
6163,244,176.399,122,18.08,4.036934,-13.968142,3.434257,0.726183
6250,245,164.195,87,19.41,4.493818,-14.941648,3.312643,0.710651
6298,246,79.488,48,20.18,4.395983,-15.656988,3.19002,0.702382
6419,247,232.099,121,21.82,4.775929,-16.464542,3.089836,0.68223
6490,248,128.634,71,22.72,5.362006,-17.38516,2.967468,0.670868
6527,249,61.243,37,23.16,5.913808,-17.916654,2.924797,0.665031
6565,250,62.64,38,23.62,5.620219,-18.284858,2.867863,0.659134
6602,251,60.307,37,24.1,5.570768,-18.609922,2.850862,0.65345
6638,252,58.122,36,24.53,6.630141,-19.04273,2.790293,0.648024
6716,253,166.635,78,25.55,6.282,-19.629247,2.704919,0.63655
6778,254,101.198,62,26.41,6.73969,-20.342656,2.66524,0.627628
6813,255,58.398,35,26.84,6.685489,-20.816296,2.606575,0.622664
6884,256,143.633,71,27.96,7.767019,-21.320457,2.548594,0.612808
6929,257,73.548,45,28.67,7.069975,-21.955814,2.504871,0.60667
6957,258,45.827,28,29.11,7.695644,-22.497252,2.408019,0.602946
7014,259,102.057,57,30.06,9.392876,-22.716601,2.411079,0.595452
7072,260,102.074,58,30.86,9.906748,-23.413347,2.323891,0.588017
7107,261,60.655,35,31.34,8.763047,-23.888073,2.302003,0.583592
7158,262,88.64,51,31.99,11.270842,-24.185798,2.240698,0.577247
7233,263,132.66,75,33.07,10.041955,-25.014074,2.214564,0.568065
7285,264,86.596,52,33.75,10.458037,-25.555221,2.125066,0.561891
7328,265,73.908,43,34.34,11.114318,-26.121769,2.102536,0.556851
7398,266,130.84,70,35.32,12.353322,-26.662093,2.077747,0.5487
7501,267,223.004,103,36.8,12.350887,-27.575135,1.976385,0.537156
7605,268,212.89,104,38.31,13.096039,-28.733682,1.884321,0.525929
7705,269,213.946,100,39.78,14.230228,-29.803639,1.813502,0.515482
7789,270,166.914,84,40.96,13.376764,-30.800129,1.744382,0.506973
7883,271,192.444,94,42.32,15.267478,-31.844438,1.652773,0.49784
7979,272,206.687,96,43.72,15.583883,-32.802068,1.594929,0.48872
8089,273,216.697,110,45.28,15.761323,-34.139132,1.521599,0.478647
8186,274,219.102,97,46.52,17.392541,-35.230919,1.473767,0.469931
8285,275,215.391,99,47.74,17.853614,-36.147519,1.443797,0.461126
8379,276,190.347,94,48.87,18.648455,-37.360379,1.362277,0.4531
8490,277,256.433,111,50.22,21.786987,-38.433788,1.345754,0.44368
8590,278,199.426,100,51.75,19.017583,-39.651505,1.292721,0.435431
8685,279,187.43,95,53.1,22.667288,-40.602501,1.257768,0.42767
8802,280,272.28,117,54.89,21.790667,-41.694276,1.21559,0.418297
8912,281,244.327,110,56.42,23.204098,-42.976265,1.180565,0.409671
9017,282,227.683,105,57.88,24.08567,-44.201685,1.134129,0.401653
9124,283,238.704,107,59.35,25.241797,-45.193906,1.104722,0.393554
9233,284,246.067,109,60.92,27.00822,-46.412203,1.078464,0.385449
9338,285,248.631,105,62.35,29.16467,-47.323329,1.050099,0.377743
9441,286,228.562,103,63.79,29.339669,-48.446058,1.011489,0.370387
9543,287,212.52,102,65.21,26.790775,-49.258092,1.020131,0.362966
9652,288,227.548,109,66.79,28.953894,-50.393889,0.994947,0.355146
9750,289,207.6,98,68.19,30.721464,-51.387794,0.94674,0.348413
9850,290,201.239,100,69.65,31.9981,-52.125757,0.927441,0.341572
9953,291,218.733,103,71.11,31.623896,-53.177223,0.917986,0.334592
10055,292,218.501,102,73.16,32.144092,-54.339318,0.881155,0.327911
10160,293,218.828,105,74.57,33.587254,-55.121729,0.860999,0.321091
10261,294,213.629,101,75.94,37.205811,-56.041611,0.829723,0.314736
10389,295,256.335,128,77.72,35.320846,-57.021255,0.825194,0.306651
10494,296,219.797,105,79.05,36.57664,-57.990274,0.791284,0.300235
10604,297,234.464,110,80.55,37.840818,-58.923488,0.736448,0.293909
10716,298,231.912,112,82.3,37.189916,-59.881392,0.703873,0.287675
10822,299,247.248,106,83.98,38.579443,-60.858005,0.681829,0.281921
10940,300,245.755,118,85.67,39.80324,-61.934822,0.643782,0.275768
11060,301,255.446,120,87.2,39.851986,-63.080627,0.610756,0.269724
11186,302,264.47,126,88.83,40.133373,-64.113934,0.60261,0.263448
11294,303,251.406,108,90.19,42.244811,-64.970778,0.576167,0.258174
11418,304,262.178,124,91.82,41.529955,-66.053932,0.568992,0.252148
11537,305,257.853,119,93.33,38.68377,-67.167266,0.536988,0.246606
11670,306,274.701,133,95.16,40.092267,-68.298991,0.514292,0.240541
11814,307,321.247,144,97.08,41.404609,-69.435194,0.484974,0.234272
11940,308,271.517,126,98.87,43.059487,-70.748841,0.447939,0.22913
12066,309,286.735,126,100.58,42.21787,-71.655726,0.419178,0.224206
12204,310,306.793,138,102.48,43.721998,-72.812666,0.412024,0.218807
12320,311,249.716,116,104.08,42.836535,-73.679306,0.374428,0.21456
12438,312,248.056,118,105.78,41.294795,-74.772214,0.366958,0.210296
12572,313,296.279,134,107.71,44.354296,-75.738963,0.343063,0.20564
12590,314,24.995,18,107.98,45.511047,-75.969479,0.351109,0.204989
12730,315,301.686,140,109.94,42.752477,-76.897388,0.313925,0.200383
12843,316,233.609,113,111.65,43.860357,-77.906064,0.289945,0.196864
12975,317,271.125,132,113.67,43.410085,-78.723753,0.298144,0.192577
13102,318,286.871,127,115.63,44.710411,-79.772195,0.278128,0.188662
13217,319,256.2,115,117.07,41.498644,-80.756367,0.271992,0.185092
13353,320,284.641,136,118.78,45.939768,-81.531222,0.256721,0.18098
13484,321,292.453,131,120.54,44.678958,-82.535078,0.236962,0.177241
13615,322,272.482,131,122.38,44.372199,-83.413386,0.225513,0.173602
13746,323,279.836,131,124.21,46.319562,-84.143843,0.208707,0.170129
13882,324,292.456,136,126.16,45.778333,-85.375439,0.200437,0.166585
13992,325,242.481,110,127.8,48.296785,-85.935169,0.196677,0.163729
14114,326,257.01,122,129.63,47.710203,-86.631075,0.177529,0.160719
14236,327,257.829,122,131.28,45.80256,-87.695433,0.162571,0.157941
14361,328,267.224,125,133.02,46.874865,-88.307733,0.150767,0.155204
14486,329,261.398,125,134.56,49.45023,-89.164786,0.140148,0.152545
14618,330,286.442,132,136.18,43.852593,-90.187186,0.137513,0.149811
14742,331,273.019,124,137.7,48.876708,-90.71789,0.130898,0.147196
14868,332,262.142,126,139.47,47.065401,-91.598062,0.125534,0.144573
14975,333,231.625,107,141.25,48.359518,-92.019146,0.127767,0.142292
15099,334,277.853,124,143.27,43.655853,-93.244624,0.120077,0.139702
15223,335,271.356,124,145.05,46.246419,-93.866884,0.115581,0.137117
15349,336,264.314,126,146.8,53.641808,-94.988784,0.100342,0.13476
15477,337,288.875,128,148.54,44.617046,-95.782396,0.09391,0.132511
15598,338,271.166,121,150.24,50.041611,-96.430626,0.081835,0.130554
15723,339,270.616,125,152.08,47.687192,-97.232245,0.069954,0.128756
15845,340,256.701,122,153.88,46.162011,-97.922501,0.082036,0.12668
15980,341,307.69,135,155.94,50.434065,-98.830961,0.073664,0.124515
16122,342,339.638,142,158.18,51.080069,-99.772507,0.079434,0.122032
16247,343,289.119,125,159.97,50.603156,-100.432743,0.074697,0.119819
16377,344,285.863,130,161.84,54.732531,-101.104946,0.069018,0.117639
16525,345,346.035,148,163.92,48.567998,-102.020781,0.062505,0.115362
16648,346,270.585,123,165.51,50.785111,-102.627297,0.059464,0.113483
16776,347,286.13,128,167.09,49.189552,-103.190308,0.052324,0.111632
16925,348,351.612,149,168.86,47.866573,-104.254662,0.047246,0.10974
17053,349,263.595,128,170.84,48.639488,-104.675515,0.036569,0.108394
17179,350,283.523,126,172.81,46.605878,-105.477811,0.036441,0.107044
17322,351,348.552,143,174.79,47.951754,-106.258551,0.037985,0.10536
17446,352,299.339,124,176.35,48.764601,-106.938262,0.035578,0.103867
17557,353,247.572,111,177.71,50.237948,-107.442596,0.027626,0.102834
17692,354,330.24,135,179.49,48.408927,-108.112012,0.025129,0.101658
17801,355,236.21,109,181.12,51.648275,-108.503898,0.022151,0.100768
17916,356,243.571,115,182.82,46.196593,-109.094026,0.025722,0.099637
18038,357,269.959,122,184.63,50.529813,-109.657111,0.014945,0.098881
18161,358,277.659,123,186.49,50.638087,-110.193234,0.015788,0.098085
18289,359,296.024,128,188.39,46.277333,-110.973888,0.019376,0.097026
18398,360,259.554,109,190.04,49.070089,-111.097678,0.019674,0.096074
18510,361,252.461,112,191.7,50.068005,-111.318227,0.021083,0.095116
18632,362,256.632,122,193.32,51.473006,-111.938727,0.017261,0.094009
18743,363,276.788,111,194.71,45.336083,-112.240509,0.019175,0.093025
18849,364,246.255,106,195.99,51.897497,-112.790343,0.028627,0.091508
18963,365,243.574,114,197.39,47.967582,-113.355911,0.013827,0.090645
19079,366,261.758,116,198.84,47.560203,-113.991482,0.013588,0.089727
19179,367,235.298,100,200.51,48.675806,-114.186706,0.016393,0.088875
19293,368,230.136,114,202.51,53.885986,-114.465509,0.00555,0.088489
19440,369,322.382,147,204.86,49.738759,-115.57983,0.012874,0.087565
19579,370,302.497,139,206.63,48.402562,-115.980184,0.011251,0.086527
19691,371,248.585,112,208.08,48.139828,-115.557358,0.010384,0.085709
19813,372,268.221,122,209.73,49.590037,-116.794001,0.006894,0.085139
19916,373,239.971,103,211.15,43.146261,-117.048686,0.004872,0.084773
20026,374,241.968,110,213.43,49.95014,-117.846846,-0.001387,0.084825
20144,375,273.338,118,215.21,45.407405,-117.921628,-0.001157,0.085089
20241,376,225.317,97,216.65,53.01294,-118.152735,0.001431,0.084965
20331,377,209.583,90,218.03,51.355177,-118.807453,0.007323,0.084456
20470,378,316.88,139,220.13,49.864498,-119.290342,0.00895,0.083452
20584,379,254.509,114,221.85,49.120382,-119.462953,0.003902,0.082969
20684,380,229.392,100,223.4,55.024995,-120.320235,0.000494,0.08298
20776,381,211.632,92,224.66,51.556926,-120.144835,0.007358,0.082427
20903,382,290.989,127,226.36,46.056861,-120.759828,0.005977,0.081758
21004,383,234.671,101,227.76,49.819857,-120.911825,0.00469,0.081385
21097,384,214.729,93,229.07,47.454155,-121.499793,0.007713,0.080613
21185,385,203.386,88,230.39,50.264545,-121.881906,0.002233,0.080494
21273,386,203.046,88,231.66,53.103164,-121.772639,-0.006585,0.081074
21375,387,216.822,102,233.21,51.57561,-122.039247,-0.005058,0.081393
21464,388,204.039,89,234.47,50.498729,-122.347552,0.00362,0.081136
21551,389,194.011,87,235.58,52.110747,-122.667331,0.005308,0.080864
21643,390,214.114,92,236.71,49.565584,-123.421865,0.006154,0.080191
21731,391,189.055,88,237.89,46.825993,-123.317185,0.001366,0.080121
21821,392,208.503,90,239.09,51.433196,-123.605701,0.002403,0.079863
21910,393,206.03,89,240.4,47.460715,-124.124275,0.005709,0.079425
22004,394,219.476,94,241.82,49.411377,-124.184837,0.003223,0.078901
22099,395,216.912,95,243.22,46.507271,-124.552016,-0.003006,0.079307
22192,396,219.617,93,244.57,57.160999,-125.069214,-0.004243,0.079607
22283,397,207.336,91,245.94,45.538614,-125.060043,-0.009936,0.080593
22425,398,320.674,142,247.69,50.125437,-125.417827,-0.001738,0.080938
22544,399,268.292,119,249.27,44.202798,-125.897947,0.001452,0.080931
22634,400,205.914,90,250.49,45.334592,-125.92389,0.002264,0.080572
22723,401,204.2,89,251.73,41.102336,-126.005184,0.000329,0.080489
22816,402,207.989,93,253.1,45.059926,-126.608357,-0.001518,0.080638
22941,403,291.294,125,255.0,46.01718,-127.227495,-0.004505,0.081253
23063,404,290.778,122,256.79,47.936539,-127.110978,-0.008336,0.082374
23217,405,342.984,154,259.11,48.839728,-127.428934,-0.012227,0.084657
23383,406,363.027,166,261.45,51.716076,-127.960189,-0.022414,0.088709
23509,407,268.328,126,263.16,44.673544,-128.303008,-0.022557,0.091829
23651,408,331.937,142,265.45,47.249573,-128.800244,-0.021497,0.094891
23830,409,359.181,179,268.37,46.615357,-128.739962,-0.015902,0.098067
23977,410,350.063,147,270.49,47.496594,-129.485845,-0.010212,0.099895
24175,411,402.881,198,273.34,48.702092,-129.441781,-0.008435,0.101454
24348,412,360.886,173,276.06,54.081791,-130.42855,-0.004468,0.102335
24532,413,370.502,184,279.3,45.827782,-130.418603,0.005372,0.101482
24561,414,33.668,29,279.83,38.894588,-130.716358,-0.013217,0.101578
24757,415,434.972,196,283.17,49.013514,-131.171463,0.006189,0.100677
24944,416,417.707,187,286.36,48.822904,-131.924658,-0.000463,0.10063
25138,417,413.712,194,289.37,45.468366,-132.209481,0.003994,0.099752
25336,418,422.618,198,292.43,50.616181,-132.299107,0.000133,0.099824
25539,419,396.354,203,295.89,47.118166,-132.705277,0.00827,0.097997
25730,420,384.019,191,298.88,52.170094,-133.077295,0.001435,0.097701
25925,421,426.929,195,301.94,48.114461,-133.695883,0.00531,0.096756
26074,422,342.979,149,304.48,44.90404,-133.552849,0.002724,0.096262
26205,423,302.15,131,306.42,52.459213,-133.983772,-0.001596,0.096226
26374,424,345.429,169,308.72,46.559718,-134.30267,0.002435,0.095721
26521,425,340.749,147,310.54,49.577706,-134.20274,0.006648,0.09486
26715,426,430.608,194,313.04,47.996863,-134.872285,0.001385,0.094542
26885,427,363.219,170,315.44,49.338456,-134.830202,0.004505,0.093741
27043,428,353.874,158,317.66,44.507906,-135.358093,0.005923,0.092621
27226,429,362.807,183,320.18,47.062839,-135.461165,0.000232,0.092621
27428,430,440.153,202,322.93,45.872753,-135.849844,-0.004336,0.093587
27547,431,256.359,119,324.63,49.225096,-136.255754,-0.001513,0.093726
27714,432,374.926,167,326.9,43.115424,-136.631901,0.010714,0.09191
27884,433,361.958,170,329.11,43.266625,-136.111188,0.00243,0.09125
28080,434,427.319,196,331.43,45.602444,-136.269089,0.004527,0.090302
28239,435,372.501,159,333.34,43.592597,-136.573674,0.005733,0.089068
28402,436,359.805,163,335.43,48.035768,-136.395863,0.008084,0.087581
28548,437,361.199,146,337.37,47.57856,-136.628867,-0.002337,0.087969
28729,438,406.827,181,339.91,48.776407,-136.575035,0.003314,0.087213
28884,439,354.826,155,342.1,44.850338,-137.046461,-0.012085,0.089349
29038,440,372.466,154,344.27,49.969155,-136.78736,-0.010428,0.091383
29196,441,355.369,158,346.56,48.953814,-137.296884,-0.010332,0.093342
29343,442,346.82,147,348.7,41.909604,-136.866798,-0.002068,0.093828
29480,443,322.779,137,350.48,44.59821,-137.092184,-0.005101,0.094614
29602,444,285.728,122,351.95,48.008854,-137.006112,0.007204,0.093488
29744,445,317.323,142,353.7,40.87597,-137.313002,0.004499,0.092796
29896,446,348.119,152,355.74,46.182222,-136.984326,0.002991,0.092136
30018,447,255.344,122,358.33,40.053939,-137.51749,0.005338,0.091409
30155,448,316.836,137,359.97,42.800434,-137.465002,-0.000863,0.091332
30283,449,268.261,128,361.52,48.053131,-137.303368,0.005924,0.090558
30417,450,312.25,134,363.23,43.461667,-137.037072,0.002588,0.090227
30559,451,334.331,142,365.26,51.577059,-137.381503,0.004306,0.089422
30684,452,284.89,125,367.04,40.366685,-137.240427,0.008205,0.08821
30822,453,338.52,138,369.16,39.177909,-137.320164,0.012196,0.086206
30959,454,333.259,137,371.3,41.865471,-137.4953,0.009425,0.084589
31100,455,354.377,141,373.43,42.685496,-136.90515,-0.00111,0.084645
31224,456,286.066,124,375.1,38.847553,-137.368393,0.004813,0.084108
31348,457,292.212,124,376.87,38.998694,-137.087135,-0.000681,0.084284
31473,458,298.611,125,378.73,40.97153,-137.282169,0.004833,0.083375
31615,459,350.17,142,380.94,36.521428,-137.497048,0.007452,0.082161
31713,460,225.889,98,382.45,34.187813,-137.131466,0.007959,0.081319
31834,461,265.454,121,384.26,41.227941,-137.263424,0.001492,0.081011
31958,462,277.15,124,386.04,38.986787,-137.269956,0.004636,0.080338
32086,463,295.206,128,387.91,37.496877,-137.000171,0.003376,0.079649
32211,464,301.38,125,389.79,40.508523,-136.937749,0.002219,0.079399
32336,465,286.57,125,391.77,35.198219,-137.11733,0.004276,0.078777
32473,466,326.642,137,393.94,33.147139,-136.928986,0.00138,0.078472
32605,467,303.317,132,395.72,39.411543,-136.748012,7.5e-05,0.078469
32728,468,321.95,123,397.57,38.74109,-136.525703,0.003169,0.07806
32871,469,334.909,143,399.75,35.781607,-137.275664,0.000156,0.078096
32959,470,195.462,88,401.01,33.411511,-136.563309,0.006643,0.077378
33082,471,299.373,123,402.79,40.028831,-136.853835,0.001619,0.077075
33209,472,298.762,127,404.72,36.518532,-137.409849,-0.006737,0.078082
33347,473,323.267,138,406.65,38.232098,-136.848287,-0.002468,0.078586
33473,474,328.892,126,408.42,38.691239,-136.970052,-0.000474,0.078742
33603,475,294.42,130,410.28,46.402659,-136.559009,-0.000227,0.078752
33740,476,280.557,137,412.34,40.523944,-137.109921,-0.004891,0.07942
33871,477,279.792,131,414.44,35.812476,-136.955738,-0.000631,0.079668
34003,478,318.627,132,416.55,39.849306,-136.843017,-0.005287,0.080478
34138,479,304.702,135,418.67,37.98814,-136.679139,-0.004508,0.081279
34279,480,318.046,141,420.85,40.402886,-137.225559,-0.000916,0.081522
34394,481,250.688,115,422.58,34.744049,-136.631571,0.00664,0.080552
34528,482,334.473,134,424.61,40.454767,-137.013389,-0.003231,0.081032
34658,483,315.912,130,426.55,34.375586,-136.964469,-0.003642,0.081605
34793,484,304.346,135,428.47,39.930221,-136.831739,-0.003335,0.082331
34918,485,276.143,125,430.24,38.725417,-137.125652,0.000812,0.082197
35042,486,283.815,124,431.91,34.271994,-137.271936,0.005363,0.08135
35172,487,327.194,130,433.52,34.607814,-136.903378,0.009189,0.07968
35296,488,286.499,124,435.07,37.229415,-136.291989,0.008702,0.078526
35407,489,246.19,111,436.5,39.466798,-136.557527,0.001028,0.078194
35526,490,268.196,119,438.16,36.741241,-137.093557,-0.000338,0.078213
35649,491,286.465,123,439.82,39.82661,-136.943877,0.007681,0.077077
35761,492,245.834,112,441.34,33.790575,-136.478064,0.006129,0.076297
35871,493,240.216,110,442.73,33.279589,-135.935228,-0.000469,0.076329
35986,494,257.095,115,444.32,34.694551,-136.120711,-0.002078,0.076487
36127,495,346.578,141,446.24,32.673422,-136.3741,-0.003359,0.07701
36240,496,249.114,113,447.86,39.561,-136.671497,-0.006324,0.07795
36379,497,363.961,139,449.86,39.0067,-136.705006,-0.001906,0.078384
36507,498,288.806,128,451.7,38.443116,-136.782695,-0.005842,0.079367
36644,499,326.829,137,453.65,32.707775,-136.189873,-0.000281,0.079504
36760,500,267.423,116,455.23,32.969023,-136.86588,-0.00162,0.079625
36884,501,266.984,124,456.94,37.670485,-136.198732,0.000729,0.079668
36995,502,252.024,111,458.43,33.127363,-136.345191,0.006024,0.078812
37111,503,259.323,116,460.03,28.888799,-136.491853,0.002344,0.078433
37230,504,262.02,119,461.76,32.074644,-136.419166,-0.00031,0.078314
37346,505,269.94,116,463.34,37.437266,-135.78377,3.3e-05,0.07839
37467,506,262.761,121,464.89,30.280097,-136.064479,0.001923,0.078007
37582,507,264.764,115,466.37,31.942624,-135.927613,0.003681,0.077433
37700,508,256.162,118,468.0,36.016635,-136.054318,-0.002657,0.077839
37813,509,258.124,113,469.63,32.878914,-136.859937,0.000425,0.077794
37946,510,311.401,133,471.58,32.497393,-135.837665,-4.6e-05,0.077808
38070,511,281.367,124,473.28,29.143302,-135.490546,0.00163,0.077555
38196,512,320.672,126,474.99,30.88595,-136.059788,0.002654,0.077164
38321,513,282.086,125,476.71,31.378629,-136.055798,0.008013,0.07568
38482,514,315.236,161,479.03,35.02083,-136.574034,-0.003237,0.076269
38614,515,332.949,132,480.91,30.688179,-135.860321,-0.003193,0.076936
38741,516,290.006,127,482.62,30.667303,-136.794384,-0.00047,0.077073
38871,517,294.669,130,484.22,34.198053,-135.962036,0.004318,0.076264
39002,518,280.253,131,485.84,35.555686,-136.438262,0.004491,0.075513
39131,519,295.225,129,487.44,31.42674,-136.29748,0.005785,0.074482
39276,520,292.371,145,489.4,32.99814,-136.220462,0.002787,0.073847
39407,521,280.984,131,491.17,32.72055,-136.444857,0.003098,0.073505
39540,522,317.423,133,492.97,32.407561,-135.960206,-6.8e-05,0.073335
39681,523,299.701,141,494.95,31.394362,-135.849148,0.002579,0.072952
39816,524,313.236,135,496.81,26.964095,-135.791765,0.000465,0.07284
39966,525,302.11,150,498.93,26.36709,-136.083792,-0.003382,0.073486
40106,526,309.011,140,501.81,26.18509,-136.250545,0.009323,0.071792
40246,527,302.178,140,503.74,26.623478,-136.379444,0.006435,0.07057
40389,528,300.84,143,505.61,29.510139,-136.164684,-0.000443,0.070739
40526,529,312.331,137,507.42,29.220218,-136.18711,0.000901,0.070643
40669,530,307.249,143,509.66,27.229253,-136.458589,0.004624,0.069787
40809,531,311.752,140,511.87,28.101683,-136.568433,0.001934,0.069403
40945,532,303.151,136,513.61,28.456926,-136.193601,0.002306,0.068969
41085,533,320.292,140,515.39,27.730686,-135.985589,0.005042,0.068097
41271,534,416.422,186,517.88,27.645223,-136.283647,0.007173,0.066462
41432,535,343.023,161,520.18,29.867726,-136.089712,0.008541,0.064598
41579,536,329.127,147,522.24,26.276542,-136.255776,0.002775,0.064055
41718,537,309.003,139,524.23,28.598926,-136.160162,0.003027,0.063522
41906,538,357.969,188,526.93,25.514748,-136.10116,0.000716,0.06334
42028,539,262.44,122,528.66,25.514832,-136.438389,0.006642,0.062277
42167,540,293.492,139,530.62,28.643608,-136.21985,-0.00044,0.062415
42291,541,273.391,124,532.23,29.687711,-135.689227,0.004087,0.06181
42427,542,285.657,136,533.99,24.60404,-136.105685,0.001157,0.061559
42554,543,274.858,127,535.59,30.554811,-136.114741,0.003007,0.061114
42686,544,292.61,132,537.37,28.519502,-135.888845,-0.002,0.061401
42826,545,318.852,140,539.4,24.83436,-135.76594,0.003611,0.060821
42985,546,354.733,159,541.56,26.11033,-135.867059,0.000586,0.06058
43121,547,299.773,136,543.39,26.974844,-135.746888,0.004368,0.059921
43261,548,326.524,140,545.31,24.094534,-135.357223,0.002836,0.05945
43405,549,313.509,144,547.35,27.249329,-135.873612,0.002848,0.0588
43543,550,295.99,138,549.34,26.905954,-136.112122,0.004169,0.05803
43666,551,257.312,123,551.1,25.696612,-135.348707,0.000785,0.05802
43815,552,329.51,149,553.2,26.953711,-135.783722,0.002965,0.057325
43980,553,406.863,165,555.41,24.735189,-135.62131,0.00281,0.056688
44105,554,270.117,125,557.04,26.147565,-134.703869,9.1e-05,0.056633
44228,555,292.632,123,558.67,24.433495,-135.874761,-0.002043,0.056951
44355,556,275.362,127,560.37,22.213069,-135.192616,-0.00189,0.057365
44477,557,324.042,122,561.9,25.412668,-135.09299,0.000252,0.057267
44594,558,254.4,117,563.33,28.055877,-135.100725,-0.004392,0.057867
44746,559,381.606,152,565.19,25.893276,-135.008078,-0.004761,0.058884
44887,560,340.112,141,567.07,24.843978,-134.734856,0.002134,0.058684
45006,561,284.672,119,568.85,27.408995,-134.265395,-0.002898,0.059124
45166,562,466.51,160,571.15,28.899378,-134.574167,-0.002355,0.059678
45291,563,288.884,125,572.93,25.882821,-134.635876,0.002097,0.059368
45434,564,337.573,143,574.98,23.501404,-134.37275,-0.000782,0.059473
45586,565,434.427,152,577.15,24.166286,-134.170827,-0.002403,0.059984
45730,566,341.588,144,579.18,27.014282,-134.646836,-0.002891,0.060619
45875,567,346.729,145,581.09,22.539723,-134.40391,-0.000971,0.060748
46004,568,281.036,129,582.68,27.908932,-134.074101,0.002375,0.060357
46141,569,303.183,137,584.4,25.067458,-134.511089,-0.002577,0.060819
46292,570,360.341,151,586.24,24.408606,-134.131026,4.9e-05,0.060779
46428,571,320.447,136,588.01,23.922392,-134.416926,0.002848,0.060359
46558,572,310.658,130,589.7,25.489979,-133.899382,0.003026,0.059696
46701,573,323.003,143,591.53,22.216392,-133.905023,0.00225,0.059238
46839,574,309.173,138,593.41,23.045371,-134.107856,-0.001636,0.059585
46994,575,339.916,155,595.5,24.503419,-133.854942,0.000681,0.059409
47133,576,334.888,139,597.53,21.759184,-134.120598,0.000139,0.059397
47273,577,336.526,140,599.53,20.564901,-134.123582,-0.000473,0.059492
47409,578,320.978,136,601.4,21.785749,-133.979278,0.000992,0.059294
47532,579,276.175,123,603.09,21.561708,-134.258999,-0.002277,0.059567
47669,580,329.672,137,604.78,23.35017,-134.323396,0.000707,0.059625
47779,581,121.281,110,606.21,20.799187,-134.529843,0.004691,0.05888
47986,582,433.583,207,609.21,21.319927,-134.080969,-0.000869,0.059085
48119,583,310.612,133,611.21,26.368644,-133.613408,0.001337,0.058822
48237,584,265.829,118,612.96,19.119986,-133.798041,-0.001336,0.059139
48278,585,36.368,41,613.59,19.843665,-134.176366,-0.005118,0.0592
48296,586,7.4,18,613.86,31.846992,-133.340633,0.001722,0.059298
48349,587,39.155,53,614.67,30.092863,-133.850719,0.004892,0.058914
48418,588,65.133,69,615.76,30.152087,-133.993598,-0.002296,0.059128
48469,589,35.962,51,616.52,31.951703,-133.573539,-0.004087,0.059388
48522,590,49.137,53,617.33,24.961387,-134.286613,0.004003,0.05922
48807,591,554.155,285,621.42,28.092778,-134.010379,0.002622,0.058226
48876,592,59.16,69,622.56,32.103115,-134.32443,0.001394,0.058001
49065,593,336.66,189,625.29,27.159839,-133.808651,0.005556,0.05662
49250,594,387.647,185,628.09,25.023933,-133.468492,0.00313,0.055778
49429,595,376.809,179,630.64,27.900689,-133.962534,-0.004911,0.056998
49575,596,362.954,146,632.9,29.433239,-133.69616,0.005208,0.055891
49705,597,305.525,130,634.88,24.978817,-133.09188,-0.000376,0.055953
49850,598,350.13,145,637.4,29.272063,-133.210537,0.001534,0.055775
50196,599,593.468,346,644.8,25.392248,-133.258113,0.00173,0.054909
50337,600,362.905,141,647.15,25.934686,-133.03439,0.002766,0.054445
50490,601,413.91,153,649.61,27.842945,-132.671968,-0.001391,0.054659
50631,602,371.78,141,652.09,27.156022,-133.330355,-0.00235,0.055014
50774,603,386.193,143,654.62,25.476433,-132.821299,-0.001081,0.055315
50797,604,34.292,23,655.03,21.816221,-133.249615,-0.00046,0.055371
50820,605,34.131,23,655.4,27.24819,-132.576257,0.003488,0.055278
50960,606,368.979,140,657.56,28.191854,-133.039707,-0.001611,0.055509
51104,607,394.694,144,659.59,25.33346,-132.857197,-0.004511,0.05649
51247,608,383.601,143,661.99,30.258591,-132.552944,-0.00997,0.05844
51395,609,390.064,148,664.55,28.682469,-132.889258,-0.013275,0.061137
51546,610,399.498,151,666.76,24.076755,-132.689707,-0.011947,0.063587
51687,611,360.369,141,668.41,23.359117,-132.717449,-0.007333,0.065081
51822,612,348.251,135,670.0,24.399955,-132.865591,-0.002017,0.065535
51959,613,343.798,137,671.77,25.323097,-132.936986,0.004925,0.064737
52101,614,377.19,142,673.73,23.046388,-133.068123,0.00136,0.064312
52240,615,357.187,139,675.75,21.577462,-132.236212,-0.002245,0.064831
52377,616,356.147,137,677.69,22.476408,-132.604227,-0.001652,0.065233
52539,617,457.696,162,679.99,23.680068,-132.774208,0.001237,0.06495
52677,618,350.537,138,681.92,26.49645,-132.750606,0.001732,0.064593
52846,619,462.885,169,684.33,25.145763,-132.705929,0.006946,0.063076
52996,620,413.924,150,686.36,23.539183,-132.626692,0.004686,0.062103
53155,621,444.398,159,688.34,26.108594,-132.277507,0.009119,0.060163
53303,622,399.479,148,690.16,22.668531,-132.303332,0.005518,0.059165
53455,623,406.633,152,692.13,26.779433,-131.817178,-0.001661,0.059466
53602,624,384.404,147,694.16,24.645274,-132.3737,-0.004784,0.06025
53747,625,388.168,145,696.1,22.755304,-132.526271,0.001738,0.059923
53893,626,389.44,146,697.98,22.867166,-131.930067,0.00152,0.059767
54074,627,504.543,181,700.48,23.152556,-132.107899,0.003097,0.058957
54226,628,408.232,152,702.65,23.399519,-132.298964,0.003545,0.058218
54397,629,479.331,171,705.12,23.755761,-131.878246,0.005551,0.056944
54564,630,451.212,167,707.48,20.836415,-131.776226,0.001692,0.056524
54720,631,434.079,156,709.68,24.722634,-131.769155,-0.00167,0.056801
54886,632,458.07,166,711.75,21.154938,-132.194764,0.004868,0.055816
55090,633,553.476,204,714.63,21.985945,-131.963171,-0.000874,0.056124
55238,634,398.829,148,716.64,21.801818,-131.682152,0.000685,0.055896
55403,635,457.631,165,718.65,19.316124,-132.242809,0.000492,0.055781
55564,636,435.822,161,720.64,23.074301,-131.712867,-0.002452,0.056334
55724,637,418.867,160,722.81,22.251379,-131.605276,0.001741,0.055976
55911,638,511.914,187,725.56,22.571782,-131.873794,-0.001489,0.056374
56083,639,446.931,172,728.02,21.396104,-131.750318,0.006357,0.054822
56236,640,422.184,153,730.3,20.789427,-131.801078,-0.001362,0.055125
56397,641,431.496,161,732.54,23.830502,-132.084098,0.002544,0.054541
56546,642,399.746,149,734.54,21.121254,-131.858812,0.003923,0.053761
56694,643,396.987,148,736.67,21.929473,-131.288,0.000189,0.053687
56849,644,418.075,155,739.05,19.566472,-131.216224,0.001471,0.053262
57063,645,603.602,214,742.26,19.341962,-131.721163,0.001332,0.052855
57263,646,549.114,200,745.22,17.982098,-132.023631,0.000858,0.05257
57428,647,429.183,165,747.68,21.08858,-132.018901,0.000471,0.052509
57684,648,557.757,256,751.56,20.297549,-131.737668,-0.001818,0.053141
57980,649,746.813,296,755.66,18.730683,-131.670487,-0.000349,0.053374
58149,650,460.588,169,758.23,16.859054,-132.038199,0.000763,0.053162
58372,651,628.737,223,761.56,20.644513,-132.030771,0.002426,0.052298
58527,652,424.52,155,763.98,18.244728,-131.865121,-0.000695,0.052564
58701,653,489.742,174,766.56,18.935747,-131.731011,-0.001739,0.052971
59080,654,796.027,379,772.5,20.336315,-132.160064,-0.001514,0.053857
59358,655,640.019,278,777.02,18.921458,-132.309771,-0.002314,0.054616
59515,656,437.079,157,779.56,17.68382,-131.965465,0.002489,0.054287
59687,657,484.981,172,782.19,18.971294,-132.157792,0.002193,0.053622
59843,658,427.51,156,784.53,17.847819,-132.094222,-0.000947,0.053796
60006,659,452.617,163,788.15,18.036342,-132.119406,-0.000584,0.054048
60148,660,391.787,142,790.19,19.669986,-132.273022,-0.000272,0.054064
60442,661,755.34,294,793.9,19.436854,-132.371105,-0.000834,0.054487
60599,662,431.449,157,795.98,16.574415,-132.839258,-0.003805,0.055317
60966,663,733.091,367,800.78,16.364822,-132.438982,-0.001796,0.056333
61465,664,1038.888,499,807.68,18.128596,-132.666251,-0.000704,0.056957
61719,665,562.51,254,811.39,17.063665,-133.168425,-0.000389,0.056919
62014,666,725.943,295,815.47,17.167513,-133.290627,-0.003231,0.058562
62207,667,359.827,193,818.19,17.736282,-133.241149,-0.001486,0.058916
62392,668,378.93,185,820.78,18.80361,-133.860055,-0.003306,0.059662
62691,669,720.731,299,824.5,17.993347,-133.548773,0.003524,0.058145
62955,670,557.45,264,828.04,19.559879,-133.715056,0.001315,0.057671
63187,671,409.942,232,831.32,16.508045,-134.25055,0.001714,0.057214
63450,672,505.882,263,835.01,18.510411,-134.24469,0.000592,0.057027
64084,673,1324.065,634,844.01,17.301417,-134.435316,0.001479,0.055744
64434,674,710.329,350,848.67,16.697012,-134.610177,-0.000418,0.055838
65153,675,1638.665,719,858.31,17.102928,-135.118359,3.4e-05,0.055885
65512,676,723.713,359,863.3,16.2202,-135.479429,0.002737,0.054471
65837,677,665.027,325,867.66,15.962598,-135.985961,0.002212,0.053592
66038,678,581.374,201,870.29,14.689796,-136.429418,-0.002018,0.054
66257,679,543.35,219,872.93,19.100333,-136.036035,0.00074,0.053846
66520,680,697.294,263,876.29,17.517873,-136.404049,0.002091,0.053042
66809,681,596.247,289,880.46,16.861429,-136.354023,0.000205,0.052969
67412,682,1445.631,603,889.24,17.399974,-136.966192,-0.002213,0.055053
67635,683,622.188,223,892.15,15.21113,-137.412858,0.002167,0.054331
67797,684,458.788,162,894.17,15.614526,-137.357494,-0.004385,0.055251
67963,685,460.785,166,896.37,17.389956,-137.437089,0.001432,0.055069
68363,686,925.065,400,901.66,15.737876,-138.114669,-0.001124,0.055574
68702,687,845.43,339,906.42,18.360822,-138.04148,0.001139,0.055017
68959,688,625.24,257,910.21,16.668787,-138.892941,0.000874,0.054625
69112,689,420.341,153,912.34,16.504626,-138.926388,-0.001797,0.055098
69367,690,674.84,255,915.75,16.675607,-138.97874,9.1e-05,0.055078
69541,691,505.552,174,918.14,16.397677,-139.354622,-0.001634,0.055487
69702,692,454.547,161,920.38,16.304254,-139.307244,0.000699,0.055373
69850,693,413.962,148,922.26,16.398797,-139.494251,0.000733,0.055124
70022,694,484.102,172,925.7,16.768551,-139.166458,0.002473,0.05461
70184,695,445.983,162,927.99,18.825182,-139.606228,-0.004815,0.055644
70359,696,491.381,175,930.51,17.157765,-139.831979,-0.002573,0.056347
70523,697,449.604,164,932.81,18.637918,-140.556239,0.001711,0.055954
70681,698,467.97,158,935.03,15.85036,-139.958434,0.002488,0.055458
70854,699,484.775,173,937.58,15.941106,-140.448264,-0.002033,0.055865
70977,700,197.308,123,939.36,18.74615,-140.636505,-0.000652,0.05596
71137,701,470.248,160,941.42,18.730211,-140.615454,-0.00079,0.056158
71303,702,480.103,166,943.43,20.126923,-140.929641,-0.001656,0.056507
71457,703,450.091,154,945.31,14.331428,-141.198983,0.002665,0.056086
71705,704,639.982,248,948.53,17.033156,-141.182705,0.000219,0.055894
71959,705,670.876,254,951.72,16.663849,-141.338573,-0.000215,0.055898
72062,706,169.705,103,953.11,16.639102,-141.974164,0.001966,0.055738
72260,707,559.722,198,955.95,17.664904,-141.758384,0.002411,0.054923
72427,708,467.944,167,958.39,18.988747,-142.0831,-0.001219,0.055186
72611,709,530.382,184,961.02,19.503959,-142.00862,-0.001329,0.055772
72789,710,539.4,178,963.46,16.646202,-142.160534,-0.001308,0.055937
72949,711,467.745,160,965.57,19.040587,-142.293955,0.000273,0.055988
73187,712,716.632,238,969.11,21.811942,-142.464706,-0.000938,0.056293
73483,713,742.862,296,973.63,17.76958,-143.150904,0.002313,0.055355
74033,714,1603.387,550,981.78,16.86641,-142.893028,-4e-05,0.055264
74581,715,1421.52,548,989.92,16.481002,-143.739,-0.001495,0.056578
75581,716,2506.421,1000,1006.13,17.100592,-144.752823,-0.000926,0.058056
75881,717,753.113,300,1011.29,18.394107,-145.596271,-0.000954,0.058351
76535,718,1649.487,654,1021.83,16.557701,-146.577303,-0.000383,0.058706
77535,719,2401.731,1000,1035.86,17.957368,-147.604167,-0.001725,0.061521
78028,720,1300.277,493,1042.92,17.721146,-148.268033,0.00371,0.058744
78194,721,501.537,166,1045.37,17.77587,-148.818404,0.00078,0.058651
78928,722,1846.028,734,1054.72,18.332279,-149.209327,0.001247,0.057333
79117,723,552.293,189,1057.08,16.304403,-150.025108,-0.000438,0.057221
79298,724,553.691,181,1059.49,17.347213,-149.858308,-0.001621,0.057603
79609,725,851.001,311,1064.26,18.002579,-150.103639,-0.000795,0.058206
79792,726,562.931,183,1066.91,17.854124,-150.368122,-0.001757,0.058642
79952,727,465.554,160,1069.19,19.989068,-150.380065,-0.000608,0.058836
80094,728,388.232,142,1073.32,22.000103,-150.454653,-0.001002,0.059124
80237,729,398.787,143,1075.26,18.939165,-150.449365,-0.003901,0.059934
80441,730,602.044,204,1077.85,18.029146,-151.048302,0.001449,0.059484
80670,731,742.521,229,1080.8,19.708159,-150.502396,3.3e-05,0.059462
80879,732,660.516,209,1083.68,18.669746,-151.021844,0.000642,0.059248
81065,733,578.455,186,1086.32,15.643416,-150.863336,0.002647,0.058445
81264,734,636.956,199,1089.21,17.866071,-151.059077,-0.001167,0.058725
81425,735,481.237,161,1091.57,18.357569,-151.131851,-0.000896,0.058983
81585,736,479.222,160,1093.73,17.590936,-151.397366,-0.001757,0.059423
81786,737,635.407,201,1096.6,16.815227,-151.872166,-0.000857,0.059705
82017,738,717.579,231,1100.23,17.880576,-151.40829,-0.002951,0.060905
82254,739,731.1,237,1103.75,20.240826,-151.982185,0.002351,0.06004
82488,740,735.624,234,1107.31,19.006132,-151.92043,0.000738,0.059655
82714,741,715.618,226,1110.79,19.98232,-152.433853,-0.001304,0.060154
82940,742,707.242,226,1113.99,18.822641,-152.584809,0.000569,0.060019
83151,743,657.379,211,1116.99,15.785004,-152.576299,-0.002373,0.06079
83348,744,619.765,197,1119.84,17.632928,-153.273076,0.001997,0.060177
83709,745,1100.112,361,1125.42,17.552459,-152.840042,-0.000497,0.060391
84004,746,898.398,295,1130.1,19.549295,-153.326116,-0.000254,0.060701
84298,747,933.994,294,1134.84,16.041428,-153.218427,-0.002567,0.061646
84516,748,667.217,218,1138.01,17.424682,-153.455441,0.001738,0.061184
84798,749,773.259,282,1142.23,17.313943,-153.913687,0.000265,0.061047
85073,750,850.614,275,1146.41,19.30624,-153.965139,-0.002341,0.062005
85359,751,875.394,286,1150.57,17.36951,-154.231041,-0.002058,0.062923
85627,752,851.703,268,1154.01,18.071713,-154.341725,0.001857,0.062202
86196,753,1506.079,569,1161.56,17.143846,-154.727509,-0.000949,0.062937
87196,754,2652.013,1000,1175.38,19.067787,-155.801507,0.00018,0.062709
87748,755,1478.515,552,1182.49,17.556349,-156.860815,-0.000931,0.063428
88748,756,2515.274,1000,1196.48,19.497149,-157.751146,-0.000476,0.064159
89748,757,2661.995,1000,1210.27,20.257612,-159.060556,0.000491,0.063345
90748,758,2711.397,1000,1229.57,18.204354,-160.227075,-0.000651,0.064583
91748,759,2643.814,1000,1242.97,18.036747,-161.567191,0.000254,0.064031
92058,760,982.339,310,1247.38,21.918319,-162.490138,0.00132,0.063519
92474,761,1111.396,416,1253.22,21.130504,-162.771229,0.000642,0.062934
92942,762,1487.906,468,1259.62,18.677632,-163.43807,-0.002515,0.064774
93942,763,2800.373,1000,1272.98,17.732435,-164.154701,0.000687,0.063902
94942,764,2790.88,1000,1286.97,18.709144,-165.734395,1e-05,0.063818
95942,765,2909.693,1000,1300.39,18.094938,-167.038545,-5.4e-05,0.063814
96207,766,862.545,265,1304.12,14.835659,-167.864107,-0.002186,0.064657
96575,767,1228.462,368,1309.0,16.27119,-168.11488,-0.001204,0.065492
96916,768,1142.885,341,1313.29,20.924233,-168.794681,0.000951,0.065111
97224,769,949.505,308,1317.29,18.852696,-168.907296,0.002178,0.063897
97508,770,935.826,284,1321.16,21.331663,-168.970869,0.001139,0.063394
98086,771,1864.974,578,1329.74,18.722523,-169.616912,-0.000532,0.063724
99086,772,3023.083,1000,1344.87,19.877308,-170.657373,-0.000955,0.06538
99862,773,2351.372,776,1356.49,17.202413,-171.826815,-0.000281,0.065819
100199,774,1103.932,337,1364.14,18.946344,-172.61396,0.000776,0.065272
100521,775,1055.126,322,1369.16,18.888441,-172.777275,0.001174,0.064766
101009,776,1469.124,488,1377.26,17.327436,-173.326443,9.9e-05,0.064606
101255,777,764.229,246,1381.12,21.49803,-173.976816,-0.000362,0.064776
101708,778,1391.415,453,1387.91,20.673638,-174.353632,-0.001347,0.065726
102193,779,1435.9,485,1394.24,16.356764,-174.908998,0.001047,0.06505
102453,780,828.254,260,1397.66,15.898664,-175.299164,-0.001102,0.065398
102690,781,731.706,237,1400.87,17.663971,-175.772354,0.001362,0.064986
103524,782,2535.894,834,1412.52,19.315742,-176.180768,0.000468,0.064333
104313,783,2350.797,789,1422.72,19.908983,-177.08009,-0.001178,0.065784
104590,784,849.143,277,1426.3,18.682952,-178.246508,0.001138,0.065385
105590,785,2662.485,1000,1440.45,17.865353,-178.764295,0.00016,0.064962
106590,786,2702.944,1000,1454.17,19.825214,-180.022493,-0.000492,0.065948
107590,787,2797.471,1000,1468.77,17.274499,-181.399158,-0.000674,0.066928
108140,788,1490.552,550,1477.06,19.142436,-182.433513,0.000701,0.066305
108399,789,686.598,259,1481.21,19.536265,-182.780849,0.00088,0.065931
108834,790,1366.347,435,1487.78,23.046767,-183.144349,-0.001361,0.066903
109327,791,1452.845,493,1495.21,16.377854,-183.927871,0.002012,0.065233
110327,792,2795.376,1000,1514.25,18.694108,-184.438246,0.00013,0.065052
110729,793,1202.812,402,1519.92,23.427059,-185.064625,-0.00094,0.065725
111729,794,2771.233,1000,1533.13,18.449975,-186.200957,-0.000344,0.066293
112573,795,2484.933,844,1545.25,19.581118,-187.209332,0.000481,0.065836
113296,796,2141.674,723,1555.04,16.565819,-188.020429,0.001306,0.064323
113659,797,954.446,363,1559.74,17.37826,-188.451116,0.000138,0.064131
113869,798,513.481,210,1562.81,18.60385,-188.622592,0.000354,0.063964
114329,799,1379.832,460,1569.37,19.386995,-189.218781,0.000296,0.063685
114999,800,2014.81,670,1578.12,19.852583,-189.967793,9e-05,0.063659
115766,801,2298.251,767,1588.62,19.488658,-190.28315,-0.000265,0.063958
116157,802,1253.643,391,1594.25,18.276316,-190.586188,0.000308,0.063725
116535,803,1040.381,378,1599.15,21.299342,-191.25529,0.001796,0.06279
116911,804,1198.253,376,1604.19,19.333868,-191.271842,-0.000613,0.063056
117527,805,1833.625,616,1612.51,18.893896,-191.830797,0.000119,0.06286
118463,806,2660.304,936,1625.5,22.055167,-192.39535,0.000328,0.062519
118717,807,684.969,254,1628.77,21.560331,-192.886742,-0.001114,0.062995
119636,808,2654.487,919,1641.74,22.412994,-193.375822,-4.9e-05,0.062912
120116,809,1408.686,480,1650.33,22.023221,-193.865642,-0.00065,0.063398
120545,810,1171.079,429,1655.87,22.64287,-194.0619,0.000201,0.063439
121540,811,2846.345,995,1669.72,17.762515,-194.783183,-0.00043,0.064039
121950,812,1237.187,410,1675.18,18.662754,-194.686145,0.001526,0.063045
122351,813,1138.989,401,1680.34,19.508161,-195.310346,-0.0,0.062835
123351,814,2956.192,1000,1694.26,20.721452,-195.529283,-0.00042,0.063635
124351,815,2954.192,1000,1709.61,19.590874,-196.387099,-0.000349,0.064352
125230,816,2607.711,879,1723.44,20.2688,-197.283239,-0.000582,0.065183
126230,817,2858.408,1000,1740.42,18.406181,-197.92919,0.000354,0.064495
127230,818,2955.893,1000,1755.15,19.014662,-198.514174,0.000462,0.063801
128230,819,2978.245,1000,1768.34,18.538245,-199.440098,-0.000255,0.064277
129230,820,2913.601,1000,1782.02,18.543468,-200.31957,0.000525,0.063313
130230,821,2984.074,1000,1801.51,17.644532,-201.149465,-0.000436,0.064097
131230,822,3122.073,1000,1816.38,17.631819,-201.998853,0.000644,0.062975
132058,823,2576.618,828,1828.72,19.263887,-202.400913,0.00074,0.062025
133058,824,3042.193,1000,1843.92,19.428162,-203.211095,-0.000539,0.062898
134058,825,3045.968,1000,1858.97,20.273299,-203.749615,-0.000247,0.063242
134954,826,2854.514,896,1871.88,16.853413,-204.98673,0.00025,0.062963
135954,827,2993.735,1000,1885.82,17.739562,-205.247361,0.000534,0.062158
136499,828,1781.245,545,1893.19,17.282666,-206.111492,0.000486,0.061773
137075,829,1855.026,576,1900.96,16.485239,-206.217158,0.001083,0.060558
137512,830,1410.903,437,1907.37,15.913474,-206.611119,-0.000634,0.061136
138512,831,3131.727,1000,1921.44,20.455643,-207.112878,0.000188,0.060695
139315,832,2608.625,803,1932.24,15.944217,-207.534388,-0.000849,0.061831
140085,833,2497.651,770,1947.19,17.292841,-208.416804,-4.4e-05,0.062009
140827,834,2315.983,742,1956.97,16.985279,-208.8157,0.000705,0.061102
141295,835,1550.622,468,1963.74,18.112222,-209.349072,-0.00026,0.061322
141657,836,1214.316,362,1968.91,19.475335,-209.419511,-0.001891,0.062525
142438,837,2552.56,781,1979.23,16.374851,-209.737902,0.00039,0.061782
142904,838,1546.704,466,1985.79,14.707462,-210.170038,0.000348,0.061845
143904,839,3103.068,1000,1999.53,15.464633,-210.613903,-0.000319,0.062303
144361,840,1510.891,457,2005.45,15.405841,-211.247228,-0.001614,0.063621
145066,841,2271.009,705,2015.58,16.637714,-211.453458,0.001071,0.062298
145777,842,2309.806,711,2024.92,15.500159,-212.273256,0.001269,0.060809
146254,843,1572.311,477,2031.17,17.370459,-212.477247,-0.000535,0.0611
147160,844,2926.579,906,2043.64,16.921485,-212.605776,5e-05,0.061117
147544,845,1278.276,384,2049.2,21.291027,-213.141537,0.00013,0.061067
148323,846,2534.989,779,2060.68,17.274606,-213.499917,0.000585,0.06029
149120,847,2519.61,797,2072.51,16.478068,-214.115772,0.000256,0.059982
149550,848,1371.928,430,2079.27,17.383675,-214.287654,-0.000973,0.060651
149958,849,1334.367,408,2085.32,16.367319,-214.366118,-0.000243,0.060792
150810,850,2724.02,852,2104.84,17.561078,-214.976907,8.7e-05,0.060592
151598,851,2580.531,788,2115.55,15.707835,-215.547515,0.000543,0.059888
152198,852,1980.955,600,2124.03,16.653913,-216.079684,0.000979,0.059002
153198,853,3254.627,1000,2137.13,14.890979,-216.657147,-0.00144,0.061363
153698,854,1649.726,500,2144.12,16.442116,-216.724291,0.001252,0.0603
154698,855,3126.315,1000,2157.57,16.823062,-217.392179,-0.000104,0.06043
155698,856,3196.188,1000,2171.1,15.685962,-218.339151,0.000318,0.059957
156357,857,2196.418,659,2180.91,18.292646,-218.954563,0.001368,0.058507
157175,858,2699.991,818,2193.28,17.243009,-219.109065,0.000166,0.058326
158175,859,3179.502,1000,2208.99,16.500665,-219.950501,-0.000739,0.059449
159048,860,2913.481,873,2222.49,18.975816,-220.469841,-3.8e-05,0.059626
159788,861,2478.257,740,2233.09,15.557344,-221.13876,-0.000793,0.06068
160403,862,2036.484,615,2245.79,16.122183,-221.595717,-0.001772,0.062426
161246,863,2808.534,843,2257.69,17.075446,-222.327201,0.00121,0.06056
161733,864,1630.557,487,2264.62,16.712681,-223.004232,0.001159,0.059712
162071,865,1138.645,338,2269.08,17.215812,-222.807342,0.000215,0.059637
162558,866,1613.277,487,2275.9,16.804315,-223.157583,-0.000319,0.059929
163352,867,2635.237,794,2287.47,18.014914,-223.036216,0.000643,0.058971
163820,868,1571.391,468,2293.51,18.016234,-223.70449,-0.000265,0.059238
164259,869,1454.845,439,2299.11,16.397318,-224.088148,0.000115,0.059243
164747,870,1598.149,488,2305.94,18.109791,-224.239526,-0.000338,0.059471
165209,871,1536.069,462,2312.38,15.121491,-224.622559,-0.000738,0.060068
165739,872,1739.835,530,2319.14,15.221167,-224.774138,0.000798,0.059355
166227,873,1655.951,488,2325.81,20.242949,-225.264679,0.001935,0.057897
166546,874,1065.031,319,2330.36,14.655385,-225.536986,-0.001625,0.058549
167121,875,1903.498,575,2338.2,17.876755,-225.497087,-0.001299,0.059782
167497,876,1262.691,376,2343.23,16.159514,-226.069516,0.000474,0.059514
167861,877,1207.131,364,2347.87,20.772402,-225.798197,-0.000582,0.059855
168443,878,1946.711,582,2356.13,15.252978,-226.213168,-0.00051,0.060451
169103,879,2209.674,660,2365.03,18.201123,-226.797075,-0.001288,0.061804
169623,880,1737.429,520,2371.91,16.582932,-226.936003,0.001075,0.060915
170010,881,1284.613,387,2380.61,15.243136,-226.813341,0.001851,0.059834
170629,882,2072.267,619,2389.22,16.935904,-227.360738,0.000607,0.059202
171071,883,1466.541,442,2394.63,18.564764,-227.453937,0.000552,0.05879
171566,884,1657.583,495,2401.18,19.267656,-227.855194,-0.000833,0.059515
171950,885,1289.73,384,2406.45,14.614831,-227.952638,-9.9e-05,0.059449
172467,886,1739.734,517,2414.22,15.501569,-228.118687,-0.000925,0.060452
173137,887,2220.013,670,2424.31,15.051338,-228.499585,3.2e-05,0.060363
174101,888,3215.95,964,2439.04,17.53392,-228.754506,0.000814,0.058897
174658,889,1844.363,557,2448.61,16.867523,-229.589142,-0.00044,0.059355
175128,890,1577.991,470,2456.21,16.049244,-229.599993,-0.000914,0.060186
175557,891,1364.042,429,2462.96,14.61216,-229.604937,0.001521,0.059083
175900,892,1172.686,343,2468.34,15.405226,-230.19296,2.3e-05,0.059003
176465,893,1874.696,565,2475.64,17.22879,-230.446306,0.000836,0.058239
177465,894,3235.759,1000,2488.86,15.809411,-230.669551,-0.00117,0.059991
178201,895,2428.733,736,2498.69,15.664036,-231.314329,-0.000552,0.060831
178335,896,290.697,134,2500.33,20.189721,-231.207966,0.003687,0.06005
178842,897,1646.902,507,2507.18,15.752472,-231.529638,2e-06,0.05999
179217,898,1243.994,375,2512.48,14.855628,-231.696635,0.000406,0.059716
179528,899,991.592,311,2516.89,18.963722,-232.035943,-0.000439,0.059985
179830,900,948.0,302,2520.66,16.370224,-232.278142,0.000491,0.059689
180451,901,1927.185,621,2535.25,22.308449,-232.224658,-0.00045,0.060291
181451,902,3220.246,1000,2549.47,16.131125,-232.866428,0.000801,0.058947
182273,903,2695.981,822,2560.75,16.922467,-233.580344,7.4e-05,0.058765
183255,904,3201.622,982,2574.62,16.586983,-234.214489,8e-05,0.058658
183996,905,2452.802,741,2585.87,17.701789,-234.851667,-7.5e-05,0.058647
184987,906,3221.988,991,2599.84,16.237839,-235.134453,-0.00032,0.059248
185751,907,2529.274,764,2609.96,15.552957,-235.618181,0.001019,0.057912
186136,908,1295.703,385,2615.41,16.666616,-236.178448,0.001491,0.057197
186516,909,1282.563,380,2620.94,15.161496,-236.277496,0.000165,0.056943
186892,910,1255.658,376,2626.46,15.260272,-235.892325,0.000936,0.056426
187546,911,2160.59,654,2635.01,16.092387,-236.481954,-0.001355,0.057791
187974,912,1384.238,428,2640.54,17.012586,-236.473704,-0.000444,0.058196
188549,913,1903.376,575,2648.57,19.739599,-236.751601,8.7e-05,0.058052
189445,914,2909.912,896,2660.47,15.609874,-237.417077,-1.5e-05,0.058102
190098,915,2179.718,653,2671.68,17.222932,-237.565873,0.000737,0.057259
190460,916,1159.872,362,2676.8,18.461919,-237.972338,-0.001164,0.05798
190850,917,1249.61,390,2681.94,14.738484,-238.173834,0.000313,0.05771
191298,918,1366.869,448,2687.63,17.25006,-238.48155,0.000366,0.057509
191655,919,1182.227,357,2692.68,15.884577,-238.361052,0.001563,0.056644
192073,920,1402.522,418,2698.64,17.393615,-238.646312,-0.000592,0.056955
192426,921,1171.816,353,2703.75,21.413986,-238.770513,-0.001141,0.057665
192827,922,1333.048,401,2708.76,14.22501,-239.083862,0.002155,0.056298
193767,923,3120.316,940,2721.69,14.939489,-239.099283,0.00033,0.055762
194104,924,1142.165,337,2726.38,13.620342,-239.367618,-0.000445,0.056013
194601,925,1641.765,497,2733.24,16.592403,-239.741745,0.000884,0.055318
194956,926,1174.995,355,2737.75,16.430009,-239.483361,-0.001373,0.056056
195527,927,1944.671,571,2745.64,18.420643,-239.689095,0.000636,0.055419
195904,928,1147.057,377,2750.87,18.482949,-240.0038,4.4e-05,0.055515
196364,929,1483.408,460,2756.54,17.316164,-240.26484,-0.000865,0.056111
196728,930,1172.771,364,2761.27,19.037122,-239.998175,-0.000927,0.056605
197580,931,2817.86,852,2773.4,17.453607,-240.516218,-0.00087,0.057989
197908,932,1079.352,328,2778.52,18.121635,-240.679673,-0.000122,0.058053
198292,933,1251.9,384,2784.38,13.90074,-240.686509,-0.000493,0.058301
198593,934,953.816,301,2789.12,15.177651,-240.504193,-0.001045,0.058798
198927,935,1095.699,334,2793.9,13.024914,-240.755495,0.000159,0.05866
199360,936,1423.951,433,2800.63,17.374032,-240.819627,0.000654,0.058394
199729,937,1181.981,369,2806.68,15.246359,-241.069739,-0.000656,0.058653
200084,938,1183.25,355,2815.05,13.382156,-241.391555,0.001554,0.057775
200474,939,1276.876,390,2821.5,15.865084,-241.120286,0.000571,0.05741
200823,940,1136.033,349,2827.2,12.183189,-241.761221,-0.001457,0.05812
201274,941,1418.591,451,2833.41,16.246186,-241.393637,-0.000704,0.058734
201781,942,1681.982,507,2840.04,18.365077,-241.701824,0.001579,0.057393
202325,943,1865.336,544,2847.31,13.970845,-241.714177,0.0007,0.056751
202648,944,1044.965,323,2851.85,15.314756,-242.034519,-0.00013,0.056931
202999,945,1174.364,351,2856.99,14.517264,-241.589212,0.000646,0.056501
203473,946,1542.545,474,2863.51,17.269029,-242.059816,-0.000211,0.05675
203800,947,1096.652,327,2867.94,15.574042,-241.62,-0.001305,0.057325
204150,948,1185.071,350,2872.55,18.087326,-242.082016,-4e-05,0.057426
204746,949,1960.356,596,2881.0,13.620455,-242.412468,-0.000643,0.058034
205206,950,1476.61,460,2887.54,17.895727,-242.396142,0.00044,0.057613
205566,951,1198.791,360,2893.12,18.997509,-242.146731,0.001232,0.057026
205901,952,1121.915,335,2897.93,17.250835,-241.87335,-0.001037,0.057455
206648,953,2431.797,747,2908.46,18.218344,-242.344773,0.00093,0.056352
206988,954,1155.939,340,2913.63,17.353693,-242.30596,0.000193,0.056237
207346,955,1178.907,358,2918.77,17.437029,-242.119361,-0.001923,0.057381
207423,956,149.777,77,2919.98,16.18964,-242.035498,0.000559,0.057368
207865,957,1466.991,442,2926.92,19.770562,-242.667932,-0.001088,0.058197
208221,958,1134.421,356,2932.32,17.062386,-242.8107,-0.000148,0.05819
208566,959,1136.947,345,2937.6,16.970969,-242.857852,0.000381,0.058003
208981,960,1399.164,415,2944.03,15.463483,-242.713616,0.001337,0.057103
209555,961,1913.419,574,2952.12,15.311764,-243.018374,0.0008,0.056329
209879,962,1043.883,324,2956.78,16.063404,-243.012974,-0.001366,0.057106
210413,963,1678.362,534,2967.57,21.825808,-242.966046,0.001754,0.055583
210702,964,920.135,289,2971.47,17.700915,-243.287133,-0.000744,0.055946
211011,965,996.233,309,2975.36,18.153406,-243.122748,-0.00207,0.056917
211145,966,282.167,134,2977.16,14.830742,-243.202567,-0.001888,0.057333
211528,967,1266.896,383,2982.69,16.974154,-243.300638,-0.001557,0.058329
211843,968,992.299,315,2987.26,19.736018,-243.426941,0.001289,0.057669
212159,969,1053.545,316,2991.99,17.267532,-243.62647,0.000771,0.057367
212661,970,1663.535,502,2998.63,14.972258,-243.577303,0.000675,0.056793
212734,971,141.119,73,2999.64,20.53903,-243.718543,0.003646,0.056331
213114,972,1256.01,380,3004.49,16.607306,-243.635668,-8.1e-05,0.05634
213409,973,952.373,295,3008.8,19.443966,-243.528364,-0.00028,0.056615
214409,974,3242.431,1000,3022.63,19.64327,-243.966486,-0.000642,0.057571
214773,975,1179.044,364,3027.4,15.084848,-243.708249,-0.002081,0.058735
215119,976,1101.263,346,3032.11,26.119946,-243.487425,0.001371,0.058063
215548,977,1437.117,429,3038.19,16.222903,-243.91045,-0.000306,0.058261
216069,978,1697.386,521,3045.36,17.258311,-244.411043,-0.000277,0.058464
217069,979,3353.822,1000,3059.05,18.77813,-244.261556,0.001119,0.056688
218069,980,3229.938,1000,3072.96,17.610521,-244.543738,-0.000896,0.05811
218374,981,931.456,305,3076.77,22.374897,-244.891591,0.002032,0.057212
218749,982,1206.775,375,3082.08,23.396907,-244.636307,6.3e-05,0.057144
219487,983,2413.22,738,3092.74,22.461745,-244.961224,0.000544,0.05639
219554,984,130.944,67,3093.55,15.948444,-244.4494,0.000714,0.056257
219896,985,1123.435,342,3097.87,21.395492,-245.006904,-0.001378,0.057143
220896,986,3239.128,1000,3117.04,23.498177,-245.199728,0.000139,0.056968
221261,987,1180.671,365,3122.03,18.556834,-245.388598,-4.3e-05,0.056835
222261,988,3104.79,1000,3136.4,16.807915,-245.775213,-0.00088,0.058357
222387,989,265.558,126,3138.16,19.336432,-245.400202,-0.001283,0.058657
223387,990,3062.6,1000,3153.2,18.343978,-246.066451,0.000899,0.057029
224387,991,3088.607,1000,3168.49,17.043502,-246.377462,-0.000881,0.058546
225387,992,3095.198,1000,3183.92,18.966824,-246.983734,0.000676,0.057496
226387,993,3121.775,1000,3198.08,16.956881,-247.268854,0.00032,0.057034
227387,994,3221.816,1000,3211.7,20.33587,-247.818624,9.3e-05,0.056877
228049,995,2133.556,662,3220.92,17.930209,-247.843735,-2.8e-05,0.056695
229049,996,3110.86,1000,3234.21,20.142856,-248.101609,0.000611,0.055801
229753,997,2271.886,704,3243.82,19.261353,-248.379075,-0.0002,0.05618
230238,998,1559.273,485,3257.1,17.963457,-248.435191,-0.000823,0.056626
230590,999,1085.293,352,3262.33,21.232973,-248.658234,0.00038,0.056617
231094,1000,1657.096,504,3269.79,16.763827,-248.604927,0.000609,0.056011
231637,1001,1835.459,543,3277.91,16.769097,-248.984387,0.000722,0.055369
232001,1002,1218.208,364,3283.45,21.796822,-249.214924,0.000338,0.055197
232377,1003,1225.892,376,3289.55,23.718687,-248.597617,0.000669,0.054756
232870,1004,1639.659,493,3297.25,19.286301,-248.988668,0.000512,0.054401
233370,1005,1657.863,500,3305.02,19.622471,-249.225499,0.0004,0.054015
233807,1006,1410.013,437,3311.21,20.938343,-249.532873,-0.001935,0.05546
234216,1007,1350.597,409,3316.71,16.498857,-249.364222,0.000721,0.054976
234492,1008,891.503,276,3320.21,15.779979,-249.642357,-0.000656,0.055221
234996,1009,1632.21,504,3327.23,18.258935,-249.738735,0.001754,0.053872
235297,1010,942.028,301,3331.54,19.78348,-249.604296,-0.000431,0.054011
235599,1011,975.67,302,3335.9,21.708064,-249.384637,-0.00198,0.054896
235908,1012,991.345,309,3339.66,16.731399,-249.684745,0.000649,0.054628
236340,1013,1381.696,432,3345.65,19.953068,-249.721735,-0.000159,0.054856
236700,1014,1166.7,360,3350.35,24.527888,-249.830218,0.000577,0.054439
236992,1015,911.648,292,3354.75,17.715964,-249.897413,-0.001137,0.054925
237432,1016,1428.661,440,3361.14,16.700504,-249.716157,0.000365,0.054606
237890,1017,1466.986,458,3367.42,18.74138,-249.845043,-0.001526,0.055828
238196,1018,964.759,306,3371.27,13.86866,-250.23492,0.001531,0.05516
238516,1019,1062.749,320,3375.77,14.879877,-250.016103,0.000194,0.054993
239350,1020,2779.888,834,3387.35,19.14819,-250.176286,0.001174,0.053363
239917,1021,1870.412,567,3394.75,18.198823,-250.355713,-0.000866,0.054289
240341,1022,1397.877,424,3404.0,20.435559,-250.148772,0.000999,0.053609
240718,1023,1251.491,377,3409.4,17.064661,-250.199452,0.001371,0.052818
241050,1024,1109.569,332,3414.26,17.435838,-250.422599,0.001872,0.051804
241387,1025,1122.82,337,3418.56,12.029681,-250.57985,-0.001443,0.05244
241716,1026,1101.069,329,3422.96,15.957351,-250.093524,-0.002619,0.053903
242085,1027,1198.365,369,3427.74,16.329593,-250.438339,-0.000791,0.054342
242740,1028,2202.657,655,3437.17,19.520412,-250.660297,-0.000205,0.054635
243088,1029,1170.08,348,3441.91,16.936497,-250.501527,-0.001892,0.055756
243392,1030,946.899,304,3445.89,18.070605,-250.487885,0.001677,0.05493
243899,1031,1658.701,507,3453.29,22.443074,-250.818571,0.000838,0.054198
244228,1032,1066.632,329,3457.77,15.583832,-250.732714,0.002285,0.053034
244521,1033,929.935,293,3462.23,14.244267,-250.959682,-5.5e-05,0.053127
244859,1034,1096.28,338,3466.62,21.387696,-250.809929,0.000357,0.052906
245223,1035,1176.088,364,3471.26,15.998764,-250.652382,-0.001204,0.053533
245579,1036,1185.849,356,3475.89,16.519981,-250.829976,0.000601,0.05312
245931,1037,1133.41,352,3480.89,16.610789,-250.978806,-0.002611,0.054826
246315,1038,1271.786,384,3486.39,17.93229,-250.667922,0.000219,0.054624
247315,1039,3267.795,1000,3501.76,16.860692,-251.144138,-0.000101,0.054802
247760,1040,1449.117,445,3508.19,17.152902,-251.11381,-0.001563,0.055932
248105,1041,1167.899,345,3512.91,18.786964,-251.308454,0.001158,0.05529
248877,1042,2562.389,772,3524.84,18.553562,-251.413711,0.00119,0.053746
249509,1043,2123.338,632,3534.91,15.735852,-251.64699,-0.000649,0.054483
250107,1044,1993.293,598,3546.84,18.076884,-251.618763,0.001306,0.053103
250433,1045,1097.444,326,3550.89,18.499471,-251.488079,-0.000106,0.053261
250789,1046,1164.298,356,3555.94,16.071708,-251.831727,-0.001135,0.053858
251219,1047,1401.669,430,3561.83,17.415271,-251.795492,0.001368,0.052974
251581,1048,1194.399,362,3567.05,19.455405,-251.872681,-0.001113,0.053612
251954,1049,1240.356,373,3572.33,18.746989,-251.680755,0.001758,0.05255
252440,1050,1644.683,486,3578.68,18.705725,-252.093156,-0.000779,0.053146
252942,1051,1648.847,502,3585.68,17.208852,-252.00341,5.8e-05,0.053099
253294,1052,1165.657,352,3590.64,18.332859,-252.190149,-0.000487,0.053399
253878,1053,1951.444,584,3598.6,15.493739,-252.477254,4.2e-05,0.053257
254878,1054,3120.457,1000,3612.61,17.585379,-251.992059,0.000622,0.052445
255878,1055,3092.331,1000,3627.48,15.43705,-252.243509,-1.9e-05,0.052344
256692,1056,2687.353,814,3639.89,21.127601,-252.529512,0.000268,0.052081
257047,1057,1191.459,355,3645.22,14.250906,-252.573536,-0.000221,0.052175
257747,1058,2335.062,700,3656.52,17.748716,-252.822648,-8.1e-05,0.052303
258266,1059,1795.527,519,3664.46,16.613633,-252.698191,-0.001034,0.053231
258845,1060,1939.426,579,3672.84,15.71177,-253.083465,0.000887,0.052358
259269,1061,1389.899,424,3678.44,14.269913,-253.120397,3.9e-05,0.052339
259855,1062,1984.675,586,3685.98,19.448414,-252.730266,0.00041,0.051991
260405,1063,1854.941,550,3700.02,15.741643,-253.259348,-0.000626,0.052507
260768,1064,1233.906,363,3705.13,20.356693,-252.862465,0.000244,0.052333
261097,1065,1134.74,329,3709.67,19.851809,-252.94081,0.000158,0.0523
261413,1066,1016.844,316,3713.63,14.485947,-253.208009,-0.00262,0.053615
261900,1067,1594.288,487,3720.54,16.714649,-253.475016,0.000336,0.053344
262234,1068,1096.178,334,3725.48,15.149493,-253.254864,0.000158,0.053218
262525,1069,936.335,291,3729.62,21.079544,-252.810303,0.000498,0.052963
262818,1070,999.924,293,3733.41,21.591682,-253.025852,0.002532,0.051921
263179,1071,1212.721,361,3738.27,18.455824,-253.290748,-0.000856,0.052294
263549,1072,1256.716,370,3742.83,19.482841,-253.313193,-0.000942,0.052928
263940,1073,1265.57,391,3748.23,16.052081,-253.499722,-0.001091,0.05362
264352,1074,1417.005,412,3753.94,21.723286,-252.953993,0.000569,0.053192
264714,1075,1155.377,362,3759.34,16.526158,-253.188383,-0.000809,0.053757
265299,1076,1988.764,585,3767.11,21.398002,-253.226459,0.001407,0.052362
265869,1077,1890.688,570,3775.07,19.695322,-253.267953,-0.001779,0.053958
266244,1078,1260.33,375,3780.51,14.716298,-253.095342,-0.001172,0.054713
266599,1079,1172.694,355,3785.2,17.305896,-253.421398,-0.000187,0.054833
267186,1080,1958.104,587,3792.72,17.559743,-253.528643,0.000452,0.054453
268121,1081,2985.566,935,3806.18,17.495923,-253.584404,0.000192,0.054078
268494,1082,1265.721,373,3811.09,17.50626,-253.577308,-0.000232,0.054253
268868,1083,1206.962,374,3816.1,15.929648,-253.552039,0.00078,0.053801
269260,1084,1226.649,392,3821.33,15.608261,-253.536031,-0.000106,0.053831
269627,1085,1242.796,367,3826.61,14.800364,-253.619267,0.000341,0.053705
270435,1086,2603.828,808,3840.43,18.921612,-253.789092,0.001189,0.052007
270780,1087,1089.896,345,3845.06,14.695242,-254.025663,-0.003276,0.05398
271210,1088,1422.647,430,3851.48,15.965805,-253.670667,-0.000935,0.054648
272210,1089,3156.762,1000,3866.49,18.144221,-254.012504,0.000642,0.053524
272541,1090,1112.629,331,3871.64,13.079059,-253.50071,-0.000331,0.053719
272878,1091,1121.639,337,3876.53,15.443951,-253.974453,-3.3e-05,0.053761
273237,1092,1237.755,359,3882.08,25.644084,-254.23285,0.001531,0.052829
273801,1093,1895.565,564,3891.57,15.444612,-254.059699,-0.001012,0.053739
274263,1094,1504.636,462,3899.35,13.309559,-254.210966,0.0002,0.053523
274617,1095,1176.701,354,3904.72,16.674609,-253.740715,-0.001318,0.054328
275202,1096,1927.092,585,3912.98,13.936427,-254.353814,0.000345,0.054018
275574,1097,1238.856,372,3917.72,17.23011,-254.3439,0.001672,0.053058
276206,1098,2105.186,632,3926.43,13.682165,-254.438241,-0.001381,0.054413
276526,1099,1003.388,320,3931.08,16.666685,-254.496618,0.000174,0.054363
276995,1100,1623.562,469,3937.73,17.884036,-254.572592,-0.000336,0.054667
277333,1101,1048.466,338,3942.2,15.51883,-254.147021,-0.000201,0.054763
277859,1102,1750.546,526,3948.85,21.605749,-254.625838,0.002691,0.052485
278266,1103,1396.242,407,3954.58,20.893393,-254.713326,0.000342,0.05226
278622,1104,1159.397,356,3959.74,15.291927,-254.210835,-0.000149,0.052318
278983,1105,1215.21,361,3964.61,13.800246,-254.799376,-0.002424,0.053762
279357,1106,1259.017,374,3969.97,18.380425,-254.454509,0.00115,0.053164
279681,1107,1121.889,324,3974.85,16.903677,-254.73665,2.6e-05,0.05307
280053,1108,1241.175,372,3983.5,14.397469,-254.930888,-0.001645,0.054072
280354,1109,914.784,301,3987.98,16.382862,-254.334267,-0.002408,0.055257
280811,1110,1520.741,457,3994.65,17.522974,-254.738874,0.001489,0.054232
281168,1111,1200.313,357,4000.06,17.586436,-254.430711,-0.000225,0.054261
281442,1112,914.389,274,4004.36,14.539347,-254.579024,-0.000103,0.054388
281757,1113,1105.533,315,4009.2,17.433192,-254.470969,0.000245,0.054284
282258,1114,1708.441,501,4016.73,17.396903,-254.669888,-0.000733,0.054913
282663,1115,1379.591,405,4022.44,13.232234,-254.736489,2.5e-05,0.054813
282982,1116,1104.508,319,4027.07,17.765962,-254.697312,0.001644,0.054026
283288,1117,963.903,306,4031.15,14.176972,-254.71945,-0.001015,0.054487
283945,1118,2149.046,657,4040.44,19.247812,-254.514053,0.001669,0.052779
284356,1119,1327.482,411,4046.2,17.265123,-254.690909,-0.001502,0.053694
285356,1120,3166.765,1000,4059.57,18.538485,-254.859205,7.7e-05,0.053535
286150,1121,2477.678,794,4070.93,16.805425,-255.021443,0.000716,0.05279
286977,1122,2685.378,827,4081.89,18.073916,-255.189726,-0.000441,0.053372
287551,1123,1941.332,574,4090.11,14.564435,-255.221339,-0.000743,0.054021
287970,1124,1349.494,419,4095.79,15.422945,-255.316783,0.000657,0.053533
288696,1125,2412.211,726,4105.15,14.188777,-255.172551,0.000553,0.052846
289072,1126,1195.051,376,4110.28,18.659399,-255.327492,-0.000759,0.053311
289369,1127,933.966,297,4114.52,13.485011,-255.071138,-0.00114,0.053846
289975,1128,1936.281,606,4122.89,16.57472,-255.211148,0.000511,0.053383
290975,1129,3120.47,1000,4138.26,17.833794,-255.631433,3.3e-05,0.053351
291267,1130,989.413,292,4142.44,13.565462,-255.471899,-0.002571,0.05456
291597,1131,1147.877,330,4146.99,14.122208,-255.715329,0.003565,0.052721
292270,1132,2234.921,673,4155.78,18.257611,-255.836758,-0.000706,0.053346
293270,1133,3128.916,1000,4170.23,15.041401,-255.830996,0.000212,0.053046
293770,1134,1658.157,500,4176.85,18.747408,-255.404877,0.001446,0.051972
294728,1135,3066.262,958,4189.92,15.023504,-255.931998,-0.000303,0.052423
295652,1136,2955.428,924,4202.19,15.217415,-255.845269,-1.6e-05,0.052544
296120,1137,1457.384,468,4208.4,17.887598,-255.922048,0.000235,0.052304
296645,1138,1781.13,525,4216.0,14.911542,-256.117466,-0.000928,0.053098
297645,1139,3036.966,1000,4230.54,18.711225,-256.310402,-0.000109,0.053277
297968,1140,1109.279,323,4235.32,13.861503,-256.506214,0.000815,0.052851
298968,1141,3075.9,1000,4250.68,17.588283,-256.104392,-0.000181,0.053141
299968,1142,3053.031,1000,4266.55,15.529284,-256.53904,-0.000855,0.054498
300968,1143,3056.738,1000,4283.83,17.036245,-256.923324,0.000612,0.053603
301968,1144,3041.441,1000,4297.13,15.827908,-256.908166,0.000477,0.052699
302968,1145,3053.021,1000,4310.53,15.90566,-257.289791,0.000147,0.052456
303968,1146,3098.131,1000,4324.54,12.66967,-257.188251,0.000161,0.052325
304383,1147,1414.224,415,4330.48,17.124555,-257.060205,0.000979,0.051621
305383,1148,3022.668,1000,4344.9,18.286149,-257.434731,0.000501,0.05077
306383,1149,3061.612,1000,4359.56,17.047859,-257.618447,-0.00043,0.051504
307383,1150,3067.943,1000,4374.57,15.17291,-257.924636,0.00025,0.051145
308383,1151,3057.01,1000,4389.24,15.096638,-258.144496,0.000473,0.050368
309383,1152,3072.399,1000,4403.2,16.932722,-258.444268,0.000125,0.050152
310383,1153,3050.587,1000,4422.84,13.909982,-258.284094,0.000168,0.049737
311383,1154,3028.704,1000,4437.43,17.153041,-258.460926,-0.00047,0.050596
312383,1155,3048.113,1000,4450.52,16.532408,-258.700451,0.000353,0.050049
313383,1156,3149.514,1000,4464.5,15.27633,-259.135778,0.000925,0.048407
314383,1157,3045.76,1000,4478.32,14.665121,-259.190579,-0.000423,0.049121
315383,1158,3062.979,1000,4492.09,14.132501,-259.275989,-0.000259,0.049653
316383,1159,3071.865,1000,4505.94,16.131851,-259.631791,0.000556,0.048719
317383,1160,3029.027,1000,4519.63,12.712068,-259.921749,-0.000856,0.050035
318383,1161,3069.403,1000,4533.66,15.337853,-260.008192,0.000715,0.048989
319383,1162,3088.871,1000,4546.74,15.035641,-260.143837,-0.000245,0.049329
320382,1163,3284.461,999,4563.15,16.117012,-260.412259,-0.000981,0.051009
320673,1164,1007.19,291,4567.21,19.874447,-260.617962,0.002007,0.050083
321673,1165,3195.158,1000,4582.21,14.781549,-260.609279,0.000592,0.049105
322275,1166,1997.589,602,4591.39,14.689126,-260.85295,-0.000743,0.049677
322744,1167,1531.404,469,4598.99,15.917736,-260.725633,0.000172,0.049672
323744,1168,3207.98,1000,4614.83,17.700489,-260.84483,0.000456,0.048914
324053,1169,1042.874,309,4620.02,17.530176,-260.850966,0.000769,0.048583
324709,1170,2117.791,656,4630.0,15.478744,-260.812769,-0.001678,0.050243
325044,1171,1140.749,335,4634.33,16.796,-261.216186,0.002748,0.048887
325363,1172,1017.271,319,4638.85,15.313024,-261.177255,0.000663,0.048479
325894,1173,1796.719,531,4646.04,14.631067,-261.066963,-0.000129,0.048636
326312,1174,1371.398,418,4651.53,13.345027,-260.820515,0.000587,0.048225
327229,1175,3051.662,917,4664.09,15.325915,-261.322153,0.001362,0.046158
328229,1176,3102.561,1000,4677.68,15.541399,-261.509296,-0.000665,0.047289
328712,1177,1650.798,483,4684.04,14.639665,-261.34656,-0.000599,0.04774
329088,1178,1322.364,376,4689.45,14.770089,-261.215396,-0.000463,0.048025
329424,1179,1155.207,336,4694.6,17.3345,-261.259978,-0.000125,0.048142
330424,1180,3137.63,1000,4715.95,13.550402,-261.551944,0.000799,0.046752
330859,1181,1493.888,435,4722.37,16.855532,-261.812354,-0.001176,0.047623
331455,1182,2013.633,596,4731.65,15.502973,-261.64593,0.000964,0.04671
332455,1183,3255.794,1000,4746.74,15.394381,-261.595473,-0.000218,0.047008
332830,1184,1335.794,375,4752.17,18.404181,-261.840866,0.001721,0.046016
333169,1185,1180.374,339,4756.83,14.130918,-261.44668,0.001395,0.04526
333470,1186,1045.392,301,4760.88,12.92965,-261.613264,-0.00082,0.045611
333839,1187,1295.001,369,4765.56,13.929172,-261.545257,-0.00139,0.046466
334192,1188,1111.769,353,4770.56,13.948468,-261.576765,-0.001026,0.047126
334439,1189,851.943,247,4774.1,12.520073,-261.557196,0.001986,0.046352
334459,1190,18.875,20,4774.39,15.741551,-261.615482,-0.001537,0.046321
334482,1191,23.811,23,4774.72,14.706145,-261.131898,0.000804,0.046307
334505,1192,23.418,23,4775.07,36.575371,-261.83261,-0.001584,0.04634
334526,1193,20.061,21,4775.38,36.531629,-261.426282,-0.001056,0.046376
334768,1194,827.898,242,4778.96,17.458156,-261.430845,0.001914,0.045655
335115,1195,1189.946,347,4783.53,13.263187,-261.62884,-0.000568,0.045938
335449,1196,1151.624,334,4787.98,19.984113,-261.458607,-0.001187,0.046544
335810,1197,1267.506,361,4792.71,13.810286,-261.746142,-0.000141,0.046729
336751,1198,3076.967,941,4805.93,16.676885,-261.383754,8.5e-05,0.046639
337256,1199,1700.432,505,4812.51,14.654616,-261.235417,-0.000419,0.04693
337548,1200,996.718,292,4816.19,16.063366,-261.655232,0.000482,0.046716
338123,1201,1913.078,575,4824.22,16.315164,-261.0743,-0.001162,0.04789
338553,1202,1461.48,430,4830.43,14.563027,-261.425977,0.000346,0.047628
338931,1203,1320.761,378,4835.08,20.254928,-261.553413,0.000405,0.047238
339182,1204,859.416,251,4838.38,15.577267,-261.21175,-0.000383,0.047466
339776,1205,1998.41,594,4846.47,17.085921,-261.306492,0.000104,0.047498
340776,1206,3170.844,1000,4862.48,16.485105,-261.47407,-0.000217,0.047764
341084,1207,1065.728,308,4866.61,18.267422,-262.072886,0.002055,0.046742
341355,1208,912.685,271,4870.35,13.247674,-261.518322,0.000279,0.04664
341740,1209,1295.246,385,4875.88,18.427931,-261.599759,-0.000525,0.04692
342060,1210,1123.254,320,4880.53,15.791049,-261.164237,-0.001287,0.047616
342391,1211,1140.768,331,4884.7,15.527475,-261.888671,0.000848,0.047087
342860,1212,1589.765,469,4890.84,15.509658,-261.442179,0.000619,0.04656
343860,1213,3161.767,1000,4904.54,17.282507,-261.768148,0.000352,0.046047
344860,1214,3262.505,1000,4917.42,15.779288,-261.638417,-0.000594,0.046951
345860,1215,3144.36,1000,4931.47,16.950786,-261.771957,0.00026,0.046566
346860,1216,3104.746,1000,4946.65,13.822766,-262.079505,0.000142,0.046453
347164,1217,1070.967,304,4951.16,14.68397,-261.75659,0.000411,0.046118
348164,1218,3100.89,1000,4968.04,16.114808,-262.140383,0.000982,0.044455
348892,1219,2378.718,728,4979.49,13.462998,-262.035692,-0.000807,0.045485
349672,1220,2557.656,780,4991.08,16.778409,-262.356369,-0.000414,0.046067
349951,1221,958.476,279,4994.78,14.056288,-262.25847,0.002158,0.045069
350951,1222,3143.849,1000,5014.45,13.198434,-262.312482,0.000204,0.044751
351951,1223,3079.613,1000,5027.8,14.482063,-262.316172,-3e-05,0.044691
352951,1224,3059.191,1000,5041.97,16.057488,-262.340538,0.0003,0.04429
353446,1225,1680.05,495,5048.55,16.858341,-262.125876,-0.002352,0.046275
353860,1226,1444.603,414,5054.72,15.401032,-262.544898,0.000549,0.045997
354860,1227,3098.365,1000,5069.07,13.786264,-262.694154,0.000412,0.045231
355860,1228,3100.807,1000,5084.46,14.583492,-262.98938,9.3e-05,0.045005
356860,1229,3091.551,1000,5099.78,16.03352,-263.171768,-0.000592,0.046048
357860,1230,3080.034,1000,5113.69,13.577746,-263.347652,0.000925,0.044441
358860,1231,3136.838,1000,5127.57,15.333351,-263.186094,0.00015,0.044257
359860,1232,3118.526,1000,5141.47,16.218346,-263.228703,0.000568,0.043235
360860,1233,3108.241,1000,5161.57,16.093059,-263.427665,0.000197,0.042892
361300,1234,1409.728,440,5167.52,13.908646,-263.509949,-0.000163,0.043083
361680,1235,1328.632,380,5172.95,12.805156,-263.861942,8e-06,0.043033
362221,1236,1847.571,541,5180.23,15.520739,-263.782353,-0.002069,0.044923
363221,1237,3105.966,1000,5193.62,12.499389,-263.669847,0.00012,0.044785
364221,1238,3168.046,1000,5207.22,13.850776,-263.819867,0.000375,0.04419
365221,1239,3092.832,1000,5220.71,16.64854,-263.938944,0.00033,0.043607
365842,1240,2066.038,621,5229.3,13.413288,-264.458421,0.000127,0.043527
366842,1241,3104.618,1000,5242.72,15.415206,-264.22734,-0.000278,0.043928
367314,1242,1649.652,472,5249.32,13.00719,-264.244905,-0.001074,0.044788
368314,1243,3092.462,1000,5262.85,16.76329,-264.368023,0.000259,0.044357
369314,1244,3116.032,1000,5276.58,13.651508,-264.413696,-0.001096,0.046224
370227,1245,2980.006,913,5295.48,13.695438,-264.51445,6.5e-05,0.046099
370673,1246,1504.517,446,5301.77,15.16678,-264.476367,-0.00034,0.04636
371673,1247,3082.33,1000,5316.82,14.478987,-264.655809,0.000877,0.044928
372673,1248,3057.262,1000,5333.12,14.754933,-264.737928,0.000298,0.044368
373130,1249,1552.02,457,5339.83,13.740459,-264.848302,-0.000369,0.044639
373794,1250,2228.094,664,5349.42,15.375269,-264.765922,-0.000596,0.045251
374780,1251,3207.945,986,5363.31,13.097633,-264.97283,0.000371,0.04467
375142,1252,1207.122,362,5367.88,15.454798,-265.176469,0.000978,0.044039
376142,1253,3299.021,1000,5381.76,15.509861,-265.165593,-0.000532,0.044978
377142,1254,3149.021,1000,5395.48,13.117419,-265.220514,-0.000779,0.046331
378142,1255,3081.952,1000,5409.6,13.895902,-265.31813,0.000902,0.044861
379142,1256,3206.657,1000,5424.19,11.901118,-265.696991,0.000519,0.043882
380142,1257,3084.496,1000,5446.85,13.914162,-265.663077,-0.000521,0.044825
380884,1258,2426.23,742,5458.34,13.520015,-265.772837,-0.000371,0.045313
381466,1259,1950.167,582,5467.46,13.651616,-265.969408,0.000783,0.044556
382466,1260,3126.836,1000,5481.01,13.452532,-265.960109,0.000667,0.043501
382890,1261,1411.608,424,5486.71,14.473583,-265.906541,-0.000757,0.043919
383302,1262,1382.784,412,5492.5,13.765087,-266.187729,-2.5e-05,0.044055
383724,1263,1415.576,422,5498.76,12.53656,-266.068478,0.001427,0.043059
384541,1264,2679.974,817,5509.65,13.288109,-266.490581,-7.8e-05,0.04314
385215,1265,2238.829,674,5519.2,13.333826,-266.15342,0.000208,0.042801
386070,1266,2832.615,855,5530.77,12.444907,-266.047348,-0.000325,0.043302
386479,1267,1394.398,409,5535.96,12.092857,-266.237884,-0.00119,0.044103
387479,1268,3150.445,1000,5549.93,12.585085,-266.366514,0.00067,0.043027
388059,1269,1959.163,580,5557.51,13.01441,-266.808993,0.000533,0.04256
389059,1270,3089.664,1000,5571.17,15.922697,-266.611758,-0.000818,0.043931
390059,1271,3157.111,1000,5588.22,13.637166,-266.693386,-0.00045,0.04458
390917,1272,2859.467,858,5600.39,13.214135,-267.017653,0.000498,0.043948
391917,1273,3118.556,1000,5613.46,14.185999,-267.035795,0.000204,0.043646
392444,1274,1755.711,527,5620.79,13.889105,-267.357138,0.000582,0.043067
392899,1275,1574.986,455,5627.12,10.728348,-267.709739,9.2e-05,0.043063
393269,1276,1193.42,370,5631.69,17.402441,-267.427611,-0.000277,0.043238
394138,1277,2875.419,869,5643.03,12.06495,-267.151216,0.000139,0.042906
394553,1278,1393.371,415,5649.31,15.687485,-267.358339,-1.1e-05,0.042983
394907,1279,1197.625,354,5654.71,13.547725,-267.411001,0.000844,0.042482
395383,1280,1650.273,476,5661.87,11.894068,-267.424964,-0.001055,0.043318
395885,1281,1714.216,502,5669.28,14.433512,-267.571456,0.000308,0.043073
396885,1282,3112.853,1000,5684.8,11.224765,-267.481527,1e-06,0.043047
397281,1283,1371.408,396,5691.2,17.460975,-267.893137,0.000179,0.042946
397813,1284,1849.544,532,5699.98,10.69116,-267.994654,-8e-05,0.043019
398813,1285,3177.606,1000,5713.85,12.456569,-267.807586,0.000505,0.042196
399267,1286,1551.547,454,5719.74,12.005942,-267.987637,-0.000811,0.042835
400267,1287,3123.754,1000,5739.43,13.734931,-267.919199,-7.7e-05,0.042942
400929,1288,2234.058,662,5747.96,12.389066,-268.082949,0.000921,0.041922
401613,1289,2250.841,684,5757.52,15.197814,-268.410505,0.000105,0.041833
402472,1290,2896.622,859,5769.26,12.72047,-268.147982,-0.000349,0.042399
402922,1291,1543.691,450,5775.82,15.002655,-268.426355,-0.000812,0.042929
403279,1292,1212.291,357,5780.94,10.745152,-268.332384,0.001095,0.042348
403750,1293,1566.023,471,5787.6,13.091202,-268.203998,-9.3e-05,0.042369
404166,1294,1386.234,416,5793.78,13.618987,-268.081087,0.000292,0.042213
405166,1295,3228.628,1000,5809.05,14.675257,-268.633176,0.000245,0.041758
405984,1296,2765.893,818,5821.58,13.261277,-268.987616,-0.000619,0.042616
406344,1297,1199.704,360,5826.99,12.130749,-268.777149,0.000282,0.042469
406769,1298,1454.136,425,5833.04,10.616115,-268.908409,0.000625,0.042029
407111,1299,1149.083,342,5837.88,13.719666,-268.991596,-0.000404,0.042252
407543,1300,1456.235,432,5843.79,13.606047,-268.694341,0.000122,0.042219
407865,1301,1117.314,322,5847.94,16.173453,-268.610676,0.000469,0.041849
408286,1302,1419.837,421,5853.53,12.337138,-268.324474,-0.001148,0.042699
408724,1303,1452.913,438,5859.85,15.832727,-269.14211,0.000143,0.042625
409167,1304,1508.607,443,5866.61,11.116651,-268.759819,-0.00054,0.042997
409988,1305,2692.62,821,5877.72,10.955782,-268.749004,0.001032,0.041624
410988,1306,3117.877,1000,5894.31,12.911938,-268.81502,0.000466,0.040879
411498,1307,1765.444,510,5901.04,10.286854,-268.898523,0.001347,0.03978
411901,1308,1370.811,403,5906.13,13.084752,-268.967997,-0.001456,0.040655
412326,1309,1459.018,425,5912.08,15.097849,-269.118781,-0.000677,0.041245
412721,1310,1348.877,395,5917.45,10.391979,-268.82679,9e-06,0.041199
413097,1311,1273.086,376,5922.54,8.687845,-269.0157,-0.000369,0.041424
413574,1312,1629.759,477,5928.57,9.631995,-268.754702,0.000317,0.041189
414265,1313,2329.32,691,5938.12,12.222976,-268.815931,-0.00022,0.041462
414942,1314,2334.309,677,5947.28,10.695044,-269.025536,0.000616,0.040694
415340,1315,1368.185,398,5952.53,10.433365,-268.888974,-0.001169,0.041447
415735,1316,1355.53,395,5957.75,13.097293,-268.962012,0.002042,0.040195
416237,1317,1745.532,502,5964.87,14.981251,-268.913197,-0.000385,0.040549
416630,1318,1342.796,393,5970.19,16.03372,-269.11569,-3.9e-05,0.040555
416987,1319,1220.567,357,5974.69,10.505046,-269.379108,-0.00127,0.041279
417003,1320,12.968,16,5974.89,8.569216,-267.010689,-0.001438,0.041312
417025,1321,22.193,22,5975.16,12.332125,-267.489939,-0.000186,0.041326
417681,1322,2224.151,656,5983.96,14.357587,-269.147197,-0.000376,0.041795
418076,1323,1325.143,395,5989.38,17.929995,-268.911977,0.000814,0.041278
418427,1324,1220.935,351,5994.08,15.789926,-269.12131,3e-06,0.041239
419178,1325,2509.547,751,6003.53,11.870469,-269.215179,-0.000865,0.042373
419631,1326,1518.2,453,6009.59,12.318648,-269.117732,-0.00043,0.042682
420015,1327,1346.225,384,6022.54,16.527687,-269.125223,0.000425,0.042395
420363,1328,1170.8,348,6027.8,12.519714,-269.359973,0.00044,0.042211
421341,1329,3302.529,978,6042.27,16.148212,-269.081796,0.000515,0.041294
422203,1330,2993.817,862,6056.45,14.412354,-269.311067,-0.00097,0.042725
423154,1331,3196.045,951,6071.45,13.607963,-269.453061,0.000275,0.042266
423522,1332,1220.352,368,6076.49,17.347638,-269.240142,-0.000881,0.042833
424013,1333,1626.87,491,6083.08,11.609145,-269.468602,0.000595,0.042335
424458,1334,1504.522,445,6088.54,10.796677,-269.283211,-0.000696,0.042898
424840,1335,1275.466,382,6093.7,13.744866,-269.078969,0.001214,0.042068
425840,1336,3300.366,1000,6107.45,14.80658,-269.083257,0.000338,0.041523
426198,1337,1207.074,358,6112.22,16.472541,-269.357956,-0.001709,0.042559
426539,1338,1146.332,341,6116.61,10.249511,-269.954881,-0.000307,0.042709
427539,1339,3248.224,1000,6130.96,13.683301,-269.625292,0.000304,0.042229
428539,1340,3167.638,1000,6145.6,10.922308,-269.745671,0.000308,0.041697
428867,1341,1100.039,328,6150.44,11.378012,-269.759344,0.000612,0.041376
429867,1342,3164.014,1000,6165.21,15.258441,-269.678922,-0.000481,0.042182
430654,1343,2648.068,787,6181.67,12.303091,-269.650825,-0.000348,0.042636
431654,1344,3221.935,1000,6195.21,13.097217,-270.0506,0.000392,0.041972
432149,1345,1684.884,495,6201.77,9.336766,-270.175014,0.000129,0.041917
432421,1346,922.372,272,6205.72,14.433095,-269.897108,-0.000384,0.042078
432923,1347,1718.293,502,6212.84,15.704272,-270.306342,0.000828,0.041365
433590,1348,2224.583,667,6221.53,11.385,-269.936679,-0.00062,0.042053
433925,1349,1146.625,335,6226.06,15.227121,-269.722644,0.000778,0.041602
434520,1350,2062.927,595,6234.82,11.323423,-270.116648,0.000277,0.041312
434978,1351,1571.633,458,6241.11,11.408977,-270.15112,0.000131,0.041297
435577,1352,1986.394,599,6248.86,12.176687,-270.14818,9.2e-05,0.041164
435945,1353,1230.68,368,6254.14,19.223584,-269.655549,0.000698,0.040668
436426,1354,1605.577,481,6260.94,12.027596,-269.964214,-0.000652,0.04125
437276,1355,2880.771,850,6272.11,14.608614,-270.043389,0.0001,0.041068
437562,1356,968.646,286,6275.87,15.731823,-270.191982,-0.000518,0.041404
438492,1357,3156.798,930,6288.84,13.033142,-269.975542,-1e-06,0.041318
439492,1358,3242.925,1000,6302.54,14.15363,-270.290323,-0.000193,0.041755
440128,1359,2232.245,636,6314.46,10.430935,-270.413907,-4.5e-05,0.041705
440520,1360,1349.959,392,6319.59,14.000244,-270.226968,-0.000367,0.041963
440953,1361,1464.723,433,6325.25,14.608951,-270.613533,9.3e-05,0.041849
441493,1362,1845.277,540,6332.91,11.15813,-270.462208,0.0006,0.041383
442493,1363,3161.775,1000,6346.19,13.68,-270.462783,-9.9e-05,0.041597
443493,1364,3166.23,1000,6359.79,12.843399,-270.536394,-0.000295,0.04211
443975,1365,1619.599,482,6366.17,13.80021,-270.813983,0.000471,0.04165
444285,1366,1086.327,310,6370.8,10.169533,-270.706638,0.000904,0.041171
444726,1367,1515.418,441,6377.86,13.257991,-270.934145,0.001416,0.040307
445197,1368,1688.218,471,6384.71,12.406165,-270.834137,-0.000637,0.040657
445620,1369,1508.195,423,6391.18,13.517717,-270.237654,-0.001217,0.041589
446338,1370,2399.234,718,6402.9,10.336013,-270.724726,0.000158,0.041411
447338,1371,3198.134,1000,6419.27,17.123193,-270.519302,0.00052,0.040475
448211,1372,2944.549,873,6431.85,14.830889,-270.996175,-0.000817,0.041696
448646,1373,1492.348,435,6438.04,13.811135,-270.582002,-0.000198,0.041882
449165,1374,1813.615,519,6445.07,12.49703,-270.922467,0.0008,0.041145
450162,1375,3313.925,997,6462.56,9.537546,-271.009303,2.3e-05,0.041073
451162,1376,3135.785,1000,6476.49,13.668548,-271.017083,0.000372,0.040484
452162,1377,3171.889,1000,6489.88,12.800029,-271.062225,0.000846,0.039113
453127,1378,3275.298,965,6503.82,12.33314,-271.209834,-0.001021,0.040833
453576,1379,1558.08,449,6510.4,12.983165,-271.535193,0.000173,0.040665
454246,1380,2283.683,670,6519.93,12.407787,-271.356812,-0.000228,0.04096
454661,1381,1436.28,415,6526.16,12.008855,-271.481832,0.001301,0.040059
455258,1382,2099.414,597,6535.54,13.680917,-271.486796,-0.000279,0.040261
456188,1383,3075.492,930,6549.38,10.885423,-271.582394,0.000256,0.03987
456841,1384,2236.724,653,6558.02,14.79834,-271.321754,0.000163,0.039706
457326,1385,1643.463,485,6564.35,15.005945,-271.819155,-0.001073,0.040509
457979,1386,2249.747,653,6573.73,12.223441,-271.640548,0.000575,0.039999
458505,1387,1824.87,526,6581.07,12.518433,-271.81755,-0.000285,0.040245
458874,1388,1299.975,369,6585.6,12.448565,-271.619189,5.6e-05,0.040169
459261,1389,1345.746,387,6591.2,9.186609,-271.617887,-5.8e-05,0.040178
459595,1390,1155.79,334,6595.97,11.622125,-271.84574,-0.000729,0.040642
459883,1391,995.339,288,6600.31,10.747541,-271.20314,0.000199,0.040524
460731,1392,2801.614,848,6617.66,14.328694,-271.675269,-0.000275,0.040922
461324,1393,2021.772,593,6625.62,13.031704,-271.604889,8.8e-05,0.040916
461695,1394,1311.891,371,6630.87,9.608074,-271.729276,0.000716,0.040456
462448,1395,2573.28,753,6640.82,12.486145,-271.947751,-8e-06,0.040401
463272,1396,2773.305,824,6652.2,9.879703,-271.71124,0.000486,0.039719
463650,1397,1341.405,378,6657.85,14.792464,-271.886955,-0.001479,0.04074
464650,1398,3191.646,1000,6670.88,12.851129,-271.971364,-0.000114,0.040886
465650,1399,3148.959,1000,6685.24,11.117217,-272.090007,0.000412,0.040138
466483,1400,2760.783,833,6696.4,12.79869,-272.308887,-0.000554,0.041036
466918,1401,1486.134,435,6702.29,14.279903,-272.251593,0.001303,0.040057
467862,1402,3228.129,944,6714.7,12.412383,-272.302829,0.000189,0.039702
468370,1403,1723.04,508,6721.27,11.172472,-272.213471,-0.0003,0.03998
468840,1404,1643.881,470,6728.05,11.125251,-272.558778,0.001004,0.039195
469840,1405,3171.275,1000,6743.53,13.560404,-272.457614,-0.000292,0.039688
470425,1406,2006.777,585,6758.81,12.939853,-272.792232,-0.000712,0.040343
471425,1407,3195.678,1000,6774.98,12.384209,-272.644977,-0.000171,0.040708
472338,1408,3035.328,913,6788.63,10.70169,-272.737184,-0.000545,0.041477
472772,1409,1508.241,434,6794.44,12.986765,-272.585542,0.001521,0.040459
473772,1410,3164.32,1000,6807.67,9.972459,-272.923658,0.000116,0.04024
474417,1411,2253.442,645,6816.94,13.041666,-272.973772,-2.3e-05,0.040217
475417,1412,3185.876,1000,6830.1,9.992212,-272.788754,0.000364,0.039681
476417,1413,3128.691,1000,6843.95,13.038569,-272.963257,-0.000223,0.040039
477417,1414,3201.481,1000,6858.4,11.539518,-273.277094,0.000374,0.039356
478417,1415,3126.852,1000,6872.94,11.238582,-273.324969,-0.000513,0.04025
479417,1416,3294.682,1000,6888.02,15.566715,-273.484402,0.000962,0.038632
480417,1417,3184.309,1000,6910.89,10.477802,-273.770021,0.00036,0.038089
480775,1418,1271.17,358,6915.51,12.363396,-273.898969,0.000896,0.03752
481138,1419,1296.053,363,6920.56,7.246605,-273.585721,0.000294,0.037401
482098,1420,3267.319,960,6933.89,10.054369,-273.76868,-4.5e-05,0.037423
482492,1421,1362.577,394,6939.07,10.405455,-273.804144,0.000489,0.03712
482875,1422,1329.751,383,6944.56,11.581017,-274.061142,-2.3e-05,0.037133
483875,1423,3291.722,1000,6958.6,9.166836,-274.060492,-0.000439,0.037879
484393,1424,1814.394,518,6965.58,14.001045,-274.080379,0.001328,0.036722
485010,1425,2107.094,617,6974.15,12.51018,-273.861687,-7e-05,0.036745
485867,1426,2838.196,857,6985.58,11.822012,-273.998569,-0.000862,0.038011
486867,1427,3201.125,1000,6999.09,10.708824,-274.07916,0.000435,0.037312
487864,1428,3435.837,997,7012.61,13.251651,-274.340893,-6.8e-05,0.037459
488315,1429,1567.954,451,7018.48,13.594,-274.411922,0.00021,0.037376
489315,1430,3181.953,1000,7032.46,10.18557,-274.549606,-0.00041,0.037994
490315,1431,3157.517,1000,7050.29,11.60956,-274.600048,0.000229,0.037633
490812,1432,1715.927,497,7057.39,13.212116,-274.324275,-0.000993,0.038426
491426,1433,2079.294,614,7065.4,10.584133,-274.642746,0.001255,0.037214
492098,1434,2238.078,672,7076.02,17.237741,-274.551538,0.000191,0.03694
492462,1435,1258.965,364,7081.18,8.361167,-275.065228,-0.000368,0.037228
492969,1436,1681.777,507,7088.48,11.409131,-274.509037,-0.001277,0.038179
493969,1437,3157.309,1000,7103.37,10.100885,-274.721909,0.00043,0.037517
494969,1438,3125.957,1000,7119.03,14.039705,-275.020452,0.000217,0.037195
495871,1439,2981.01,902,7133.18,9.637617,-274.991721,-4.5e-05,0.037238
496871,1440,3155.706,1000,7148.8,9.443222,-275.263523,-9.3e-05,0.037394
497433,1441,1900.74,562,7156.5,14.256913,-275.134323,0.000622,0.036786
498095,1442,2291.075,662,7166.08,10.717669,-275.454586,0.000746,0.036107
499095,1443,3177.483,1000,7180.1,10.338994,-275.428185,-0.000242,0.036404
499723,1444,2167.525,628,7189.04,10.215594,-275.484428,-0.000422,0.03686
500372,1445,2193.789,649,7203.3,8.186682,-275.653712,0.000404,0.036448
500743,1446,1266.246,371,7208.51,17.636418,-276.102212,-0.00109,0.037102
501324,1447,2041.395,581,7216.78,12.457971,-275.497073,-0.000241,0.037355
501710,1448,1323.811,386,7222.3,8.022975,-275.665902,0.000809,0.036822
502507,1449,2717.132,797,7234.13,10.147199,-275.591924,-0.000455,0.037401
503418,1450,3074.486,911,7247.77,11.977799,-275.722771,-4.2e-05,0.037469
504110,1451,2421.29,692,7258.54,11.800794,-275.7976,0.000893,0.036503
504503,1452,1369.556,393,7264.79,9.820614,-275.772033,-0.000895,0.037054
504948,1453,1533.111,445,7271.25,11.677856,-275.90151,0.000812,0.036459
505310,1454,1304.771,362,7276.28,9.712273,-275.928075,0.00096,0.035931
505773,1455,1649.651,463,7282.21,10.157065,-275.896393,0.001039,0.035054
506773,1456,3228.366,1000,7296.02,8.616793,-275.831315,-0.001123,0.03697
507206,1457,1518.71,433,7302.07,9.851993,-276.341896,0.000744,0.036489
507727,1458,1745.027,521,7309.08,10.433559,-276.024055,-0.000962,0.037321
508416,1459,2392.112,689,7318.73,11.309214,-276.073401,0.00038,0.03692
509267,1460,2850.927,851,7330.44,11.769051,-276.134984,-0.000285,0.03732
510211,1461,3183.789,944,7347.65,11.911869,-276.432061,0.000482,0.036474
510785,1462,1928.383,574,7355.5,10.802983,-276.178368,0.000681,0.035926
511317,1463,1714.638,532,7362.24,10.231252,-276.266813,-0.000197,0.036023
512317,1464,3123.401,1000,7376.12,10.085369,-276.472533,0.000769,0.034878
512738,1465,1394.709,421,7381.66,10.143629,-276.224013,-0.001836,0.035997
513643,1466,3048.145,905,7393.69,11.779256,-276.397577,6.7e-05,0.036015
514418,1467,2584.915,775,7404.41,9.063736,-276.519384,0.000677,0.035081
514843,1468,1429.244,425,7409.83,10.68594,-276.494122,-0.000657,0.03551
515385,1469,1835.839,542,7417.14,9.01589,-276.545668,-0.001333,0.036771
515805,1470,1432.36,420,7423.04,9.231548,-276.439354,0.000739,0.03625
516249,1471,1530.605,444,7428.97,13.203295,-276.826671,0.000466,0.035867
516880,1472,2123.664,631,7437.0,9.107583,-276.407895,-0.000247,0.036161
517277,1473,1308.54,397,7442.26,10.689934,-276.742829,0.001869,0.034935
517901,1474,2154.229,624,7451.51,14.353349,-276.298201,-0.0017,0.036674
518366,1475,1589.735,465,7458.47,9.041329,-276.764846,-0.000774,0.037264
518804,1476,1502.967,438,7465.1,9.450011,-276.415811,0.000487,0.036904
519804,1477,3168.947,1000,7480.13,9.579763,-276.581643,0.00036,0.036246
520477,1478,2279.581,673,7499.74,12.047788,-276.751373,-0.000213,0.036484
521477,1479,3155.249,1000,7514.66,11.418505,-276.617275,-7.4e-05,0.036662
522155,1480,2313.564,678,7523.29,11.292254,-276.603642,-0.000643,0.037351
523128,1481,3110.03,973,7537.05,11.955853,-276.669106,0.001031,0.0359
523568,1482,1517.772,440,7542.91,10.711771,-277.039459,9.8e-05,0.035773
524182,1483,1967.304,614,7550.95,9.562615,-276.743735,-0.000594,0.036304
524607,1484,1474.009,425,7556.87,11.930418,-276.928786,1.1e-05,0.036318
525607,1485,3174.514,1000,7571.15,10.877398,-276.692137,-4.4e-05,0.03638
526607,1486,3188.713,1000,7585.91,10.218597,-276.585782,-7.7e-05,0.036612
527607,1487,3207.909,1000,7600.49,10.343004,-276.812903,0.000946,0.035002
528221,1488,2070.5,614,7610.14,10.863328,-276.572733,-0.001279,0.036206
529221,1489,3164.348,1000,7625.58,10.439639,-276.740972,-0.000226,0.03665
529668,1490,1571.829,447,7631.52,10.762614,-276.718094,-0.00017,0.036741
530388,1491,2435.187,720,7647.85,10.101912,-276.701324,0.000419,0.036247
530967,1492,1924.167,579,7655.47,10.215263,-276.736352,0.000661,0.035632
531752,1493,2596.565,785,7666.39,11.202562,-276.790429,-0.000722,0.036586
532467,1494,2359.184,715,7676.32,12.27727,-276.849212,-0.000473,0.037177
533453,1495,3346.024,986,7689.69,9.832186,-277.090818,0.000648,0.036123
534453,1496,3144.411,1000,7703.28,10.582249,-276.809127,0.000367,0.035504
535453,1497,3148.518,1000,7716.86,10.770196,-276.988816,-3.9e-05,0.035607
536453,1498,3170.832,1000,7730.64,10.264452,-276.948654,-0.000242,0.036003
537032,1499,1982.744,579,7738.45,12.026294,-277.097118,-6.2e-05,0.036036
537621,1500,1996.349,589,7746.75,9.352115,-277.431778,0.000416,0.03567
538271,1501,2255.67,650,7755.35,9.828299,-277.025879,-1.1e-05,0.035667
538942,1502,2195.493,671,7764.31,12.885221,-277.183935,0.000696,0.034926
539942,1503,3189.585,1000,7778.35,10.291873,-277.029764,-0.000276,0.035297
540542,1504,1887.426,600,7791.27,8.594118,-277.092828,-0.000177,0.035564
541542,1505,3161.221,1000,7805.14,12.82991,-277.099734,0.000706,0.034435
542542,1506,3180.596,1000,7820.3,9.40607,-277.241043,-0.000416,0.035045
543185,1507,2151.92,643,7829.8,11.262826,-277.09621,-0.000895,0.036029
544185,1508,3205.049,1000,7845.68,10.275731,-277.169659,6.5e-05,0.035918
545185,1509,3229.433,1000,7862.52,11.440554,-277.302494,0.000178,0.035683
546185,1510,3120.687,1000,7876.76,9.037672,-277.282964,-0.000274,0.036076
547185,1511,3145.798,1000,7890.26,11.337994,-277.547641,-0.000196,0.036445
548185,1512,3227.021,1000,7903.57,10.386673,-277.38588,0.000926,0.03493
549185,1513,3165.258,1000,7916.75,8.962608,-277.356389,-2.9e-05,0.034833
550015,1514,2673.133,830,7934.93,10.129388,-277.451055,0.000576,0.034149
551015,1515,3168.249,1000,7949.51,7.964735,-277.43379,-7.1e-05,0.034215
551499,1516,1637.139,484,7956.88,9.516169,-277.802885,-0.000393,0.034612
552118,1517,2124.012,619,7966.42,11.42309,-277.674913,0.000893,0.033732
552533,1518,1412.569,415,7972.9,9.241851,-277.482425,0.000205,0.033578
552548,1519,11.205,15,7973.14,7.557536,-278.51308,0.001604,0.033512
553304,1520,2448.619,756,7984.95,11.738858,-277.576569,-0.000399,0.034
554205,1521,3028.717,901,7997.52,12.633332,-277.563199,-0.000212,0.03425
554715,1522,1831.425,510,8004.23,10.860261,-277.973232,-0.000321,0.034543
555715,1523,3185.143,1000,8018.13,9.957584,-277.665907,-5.9e-05,0.034677
556138,1524,1462.217,423,8024.01,15.295122,-277.705182,-0.000432,0.034941
556968,1525,2633.885,830,8035.26,9.486986,-277.773921,3e-06,0.034992
557372,1526,1329.25,404,8040.95,8.186632,-277.673905,0.000471,0.034672
557809,1527,1519.135,437,8047.1,10.245763,-277.772611,0.000874,0.034046
558809,1528,3150.527,1000,8060.23,10.848185,-277.856308,-0.000553,0.034953
559206,1529,1324.728,397,8065.8,9.498934,-277.901004,-0.001147,0.03567
560206,1530,3147.643,1000,8085.11,10.577721,-277.881474,6.3e-05,0.035618
560899,1531,2329.864,693,8094.8,9.540078,-277.777041,-0.000155,0.035832
561725,1532,2837.261,826,8106.04,12.823928,-277.75586,-0.00065,0.036686
562475,1533,2541.11,750,8116.08,11.144364,-278.175681,0.000576,0.03596
563233,1534,2486.23,758,8126.8,10.657815,-277.760016,-2.5e-05,0.035945
563661,1535,1456.554,428,8132.53,9.386323,-277.873151,-0.001514,0.037028
564661,1536,3204.399,1000,8146.24,9.444498,-277.910593,0.001475,0.034671
565661,1537,3145.696,1000,8159.26,9.588783,-277.756852,-0.000346,0.035171
566098,1538,1495.044,437,8164.87,9.298461,-277.92388,0.000358,0.034892
567098,1539,3173.133,1000,8179.91,9.040443,-277.968334,-7.8e-05,0.035098
568098,1540,3173.452,1000,8195.28,8.996143,-277.9485,-0.0,0.035094
569098,1541,3172.323,1000,8212.24,9.229243,-278.084102,0.000789,0.03384
570098,1542,3161.062,1000,8233.72,10.543963,-277.857394,-0.000446,0.034589
571098,1543,3183.76,1000,8246.6,11.863733,-278.274314,-6.1e-05,0.034682
572098,1544,3194.082,1000,8260.55,7.913324,-278.438646,4.9e-05,0.034588
573098,1545,3190.277,1000,8273.64,12.104682,-278.739259,-0.000186,0.034872
574098,1546,3166.072,1000,8287.97,8.639862,-278.411578,-0.000264,0.035356
574617,1547,1738.691,519,8295.7,8.201416,-278.757874,0.000714,0.034743
575394,1548,2550.505,777,8306.99,9.002139,-278.68952,0.000606,0.033913
576394,1549,3193.468,1000,8321.99,9.997443,-278.711765,-0.000312,0.034451
576807,1550,1396.538,413,8327.97,13.099937,-278.959234,-0.000235,0.034653
577299,1551,1720.6,492,8335.61,7.802603,-278.53054,0.000139,0.034504
577948,1552,2174.679,649,8345.3,9.3515,-279.068034,-4.7e-05,0.034636
578948,1553,3185.923,1000,8358.95,7.155092,-279.037974,0.001114,0.032836
579948,1554,3278.015,1000,8372.43,11.695858,-278.84736,0.00016,0.03249
580568,1555,2134.386,620,8384.3,10.213568,-278.989748,-0.000791,0.033335
581027,1556,1558.041,459,8390.96,9.167429,-278.85827,-0.000245,0.033443
582027,1557,3184.373,1000,8404.65,11.541842,-278.867122,-0.000436,0.034179
583027,1558,3179.464,1000,8418.62,8.722516,-279.188401,-0.000425,0.034926
583771,1559,2496.832,744,8428.29,8.51994,-279.173813,0.000616,0.034141
584482,1560,2413.794,711,8438.11,10.671409,-279.153478,0.000323,0.033796
585482,1561,3159.132,1000,8451.82,11.321967,-279.187292,-0.000285,0.034291
586409,1562,3084.066,927,8464.81,9.179335,-279.310974,0.000682,0.033228
587409,1563,3224.732,1000,8477.85,11.334555,-279.312694,0.000177,0.032937
588409,1564,3187.822,1000,8492.0,12.757614,-279.588413,-0.000382,0.033562
589036,1565,2161.438,627,8499.96,11.778145,-279.474127,-0.000363,0.033931
590036,1566,3180.458,1000,8519.06,10.209286,-279.602104,1.3e-05,0.033974
590854,1567,2738.684,818,8530.59,10.52581,-279.655932,0.00049,0.033334
591630,1568,2651.098,776,8542.18,9.335983,-279.733488,0.000126,0.033127
592628,1569,3374.015,998,8557.9,8.174921,-279.52504,0.000186,0.032847
593614,1570,3307.434,986,8574.07,9.974453,-279.80815,-0.000443,0.033595
594177,1571,1864.982,563,8583.67,13.082882,-279.742182,0.000288,0.033304
594798,1572,2119.549,621,8592.0,9.854382,-279.847501,0.000126,0.033164
595798,1573,3167.94,1000,8605.98,8.356955,-279.777002,-0.000219,0.033558
596798,1574,3283.073,1000,8619.21,10.056853,-279.742555,0.000321,0.033003
597484,1575,2298.367,686,8628.95,13.839207,-279.915861,0.000197,0.032795
598484,1576,3153.386,1000,8642.29,7.933048,-279.988251,-0.000171,0.033046
598920,1577,1524.431,436,8648.32,11.020871,-279.931163,-0.000897,0.033753
599595,1578,2321.95,675,8658.29,9.470599,-280.028869,-0.000284,0.034071
600359,1579,2550.306,764,8675.54,7.627512,-280.274098,0.000957,0.032915
601359,1580,3191.874,1000,8690.88,9.454652,-280.431246,0.00016,0.032636
601944,1581,1953.84,585,8700.16,13.542117,-280.143224,-0.000638,0.033109
601959,1582,10.73,15,8700.41,8.405404,-278.654838,-0.006563,0.033292
602508,1583,1890.5,549,8708.6,12.204767,-280.270214,0.000337,0.033111
603012,1584,1713.595,504,8715.59,9.489245,-280.302736,0.000511,0.032678
603386,1585,1268.212,374,8720.65,8.924145,-280.666758,0.000607,0.032264
604386,1586,3194.365,1000,8734.3,10.731363,-280.273629,5.1e-05,0.032205
604760,1587,1266.504,374,8739.78,12.825344,-280.340555,0.000889,0.031743
605340,1588,1960.985,580,8747.41,8.542099,-280.220355,-0.000641,0.032296
605941,1589,2054.496,601,8755.89,11.481634,-280.185572,-9.8e-05,0.032314
606345,1590,1353.072,404,8761.84,9.053012,-280.629657,-0.000249,0.032532
607000,1591,2234.949,655,8770.78,7.378102,-280.495702,-0.000294,0.032843
607374,1592,1272.657,374,8775.52,13.111555,-280.227641,-0.00039,0.033079
608374,1593,3198.645,1000,8789.55,7.782707,-280.49678,-1.1e-05,0.033127
608756,1594,1279.693,382,8794.38,11.245117,-280.256615,0.000405,0.032859
609756,1595,3208.192,1000,8808.33,9.526513,-280.410736,0.000449,0.032144
610292,1596,1840.053,536,8821.82,12.769297,-280.464175,-0.000897,0.032822
611010,1597,2443.273,718,8831.3,10.92086,-280.532649,-0.000212,0.033104
611852,1598,2791.325,842,8843.23,9.294336,-280.585223,0.000462,0.032539
612564,1599,2350.651,712,8852.74,9.141825,-280.686805,-0.000291,0.032809
613220,1600,2223.33,656,8862.0,10.090829,-280.518546,-0.000155,0.032982
613623,1601,1362.874,403,8867.66,11.045608,-280.649246,0.001133,0.032279
614600,1602,3218.378,977,8880.52,8.738209,-280.975542,-0.000141,0.032475
614984,1603,1304.746,384,8885.95,10.586553,-280.549375,-0.000127,0.032565
615943,1604,3191.48,959,8900.49,13.750039,-280.7447,0.0005,0.031781
616601,1605,2247.808,658,8910.48,13.768218,-281.147797,-0.000221,0.032059
617251,1606,2164.651,650,8920.87,11.22176,-281.061733,0.000122,0.031913
617621,1607,1242.522,370,8926.67,9.996519,-280.711242,-0.000637,0.032352
618012,1608,1332.545,391,8932.83,12.5993,-280.735198,7e-06,0.032251
618520,1609,1706.392,508,8941.49,10.157471,-280.961426,-0.000106,0.032415
619089,1610,1890.796,569,8949.97,8.059845,-280.725795,3e-06,0.032377
619523,1611,1452.704,434,8955.72,10.75053,-280.638039,-0.001053,0.03312
620199,1612,2251.953,676,8966.58,8.99085,-280.716374,2.7e-05,0.033082
620580,1613,1303.611,381,8972.21,10.482685,-281.025723,0.001461,0.03218
620978,1614,1361.199,398,8977.79,6.301878,-280.442381,-0.000544,0.032497
621413,1615,1499.926,435,8983.61,11.169017,-280.900716,0.000631,0.032102
621912,1616,1694.834,499,8989.95,10.194244,-281.202308,-0.001566,0.033368
622714,1617,2683.108,802,9001.33,9.717966,-281.190921,-5e-05,0.033471
623145,1618,1468.1,431,9007.16,10.388839,-281.468184,-0.000295,0.033673
623659,1619,1711.922,514,9014.78,8.679684,-281.283121,0.000599,0.033132
624210,1620,1858.297,551,9022.47,11.607172,-280.925669,-0.000741,0.033848
624594,1621,1314.609,384,9028.2,10.006443,-280.792173,0.000618,0.033405
625146,1622,1908.461,552,9036.43,8.824244,-281.109961,0.000212,0.033319
626146,1623,3212.67,1000,9051.86,8.72173,-281.327049,0.000341,0.032686
626665,1624,1805.525,519,9060.11,9.979149,-281.26803,8e-05,0.032613
627256,1625,1946.97,591,9068.76,6.630256,-280.831904,-0.000541,0.033169
627647,1626,1334.363,391,9074.31,10.483006,-280.769324,5.7e-05,0.033092
628074,1627,1450.008,427,9080.44,10.712167,-281.017618,-0.000981,0.033821
628597,1628,1735.47,523,9087.52,10.238988,-281.191119,-0.000918,0.034575
629064,1629,1624.214,467,9093.55,10.014662,-280.975312,0.001707,0.033384
629476,1630,1414.575,412,9099.45,9.269208,-280.939344,0.000726,0.032854
629876,1631,1351.587,400,9105.26,12.227831,-281.144379,-0.001254,0.033621
630279,1632,1355.664,403,9114.81,10.043811,-280.654058,-0.000496,0.034001
630675,1633,1366.634,396,9120.13,8.573148,-281.251094,0.001076,0.033355
631166,1634,1701.805,491,9126.9,7.83627,-281.084509,0.000753,0.032674
631611,1635,1512.98,445,9133.24,9.013475,-281.388908,-0.000826,0.033305
631975,1636,1198.301,364,9138.13,8.194203,-280.990863,0.000185,0.033181
632391,1637,1424.735,416,9143.52,9.69561,-280.810888,-0.001189,0.033962
632762,1638,1235.215,371,9148.36,7.885044,-281.041992,-0.000299,0.034188
633146,1639,1293.596,384,9153.81,10.0165,-280.936123,0.000396,0.033917
633579,1640,1462.968,433,9159.79,8.813631,-281.060665,0.000659,0.033427
634090,1641,1698.73,511,9166.74,10.783832,-280.822396,-0.000625,0.034001
634563,1642,1571.924,473,9172.97,11.583615,-280.899307,0.001195,0.033064
634908,1643,1175.949,345,9177.89,8.600119,-281.138334,0.000249,0.032902
635399,1644,1690.928,491,9184.94,7.68793,-281.243089,0.000449,0.032578
635820,1645,1432.173,421,9190.16,11.430491,-280.887907,-0.001105,0.033342
636192,1646,1249.12,372,9195.17,10.099765,-281.008838,0.000862,0.032762
636625,1647,1476.26,433,9200.97,9.667233,-280.969463,-0.000705,0.033314
637532,1648,3034.669,907,9213.48,9.250649,-280.952004,8.9e-05,0.033189
637895,1649,1203.809,363,9217.98,6.97878,-281.006502,-9.8e-05,0.033206
638507,1650,2040.947,612,9226.08,7.449204,-281.088175,0.00038,0.032872
638935,1651,1420.203,428,9231.95,9.967969,-281.154563,-0.000579,0.033243
639514,1652,1943.16,579,9239.57,11.367544,-281.174832,0.000146,0.033088
640241,1653,2456.914,727,9252.25,10.206167,-280.825887,0.000353,0.032727
640604,1654,1188.622,363,9257.89,9.811609,-280.853732,0.001057,0.032112
641258,1655,2164.033,654,9267.48,10.812477,-281.139505,-1.4e-05,0.032052
641689,1656,1428.123,431,9273.82,10.817623,-280.877149,-0.001077,0.032864
642037,1657,1170.138,348,9279.0,12.321165,-280.574399,0.000413,0.032645
642514,1658,1605.49,477,9286.82,9.75168,-280.869051,-2.2e-05,0.032624
642866,1659,1184.444,352,9292.24,11.97365,-280.884593,-0.000718,0.033041
643571,1660,2372.552,705,9303.72,10.41585,-280.99236,-0.000729,0.033913
643978,1661,1404.102,407,9309.65,7.384738,-280.986523,1.2e-05,0.033931
644430,1662,1548.257,452,9316.09,11.353868,-280.909936,-0.000745,0.034384
644784,1663,1163.475,354,9320.53,8.140496,-280.897949,0.000377,0.034298
645153,1664,1236.087,369,9325.27,8.222444,-281.160418,0.001244,0.033519
645558,1665,1409.859,405,9330.8,12.182886,-280.799664,0.00054,0.033083
645932,1666,1236.837,374,9336.09,9.167757,-280.471218,-0.000854,0.033689
646342,1667,1406.212,410,9341.64,8.909299,-280.803816,-0.000884,0.034305
646713,1668,1249.724,371,9346.53,8.369361,-281.214538,0.000127,0.034158
647243,1669,1809.39,530,9353.16,9.756955,-281.014386,0.000838,0.033504
647596,1670,1161.381,353,9358.25,9.022545,-280.966332,2.7e-05,0.033517
648053,1671,1575.451,457,9364.76,9.362925,-281.115041,9e-05,0.033366
648418,1672,1201.975,365,9370.21,11.694299,-280.977621,0.000496,0.033147
648989,1673,1887.892,571,9378.69,9.61984,-280.728171,-0.000557,0.033616
649343,1674,1215.78,354,9384.11,7.387317,-280.773009,4e-05,0.033587
649848,1675,1667.069,505,9391.54,10.573467,-280.552976,3.6e-05,0.033611
650248,1676,1389.883,400,9400.45,10.01915,-281.108945,0.001082,0.032894
650593,1677,1144.69,345,9405.96,10.339796,-280.946319,0.000722,0.032437
650987,1678,1371.262,394,9411.83,6.317719,-280.770165,-0.001513,0.033441
651322,1679,1123.472,335,9416.88,13.848867,-280.465727,-0.000594,0.033908
651657,1680,1136.198,335,9422.02,6.072128,-280.823726,0.001287,0.033128
652035,1681,1273.325,378,9427.69,10.174948,-280.642548,0.001208,0.032363
652461,1682,1416.344,426,9433.33,10.571359,-280.568118,-0.001465,0.03339
652830,1683,1239.254,369,9438.55,7.973038,-281.043305,-0.00123,0.034063
653268,1684,1481.045,438,9445.27,10.339118,-280.880777,9.2e-05,0.034109
653657,1685,1314.121,389,9450.63,10.203813,-280.555717,0.001293,0.033186
654013,1686,1163.674,356,9455.73,9.243114,-280.961484,-0.001089,0.033838
654520,1687,1675.958,507,9462.96,10.360135,-280.778552,0.000348,0.033516
654866,1688,1153.402,346,9467.53,12.322984,-280.596951,-0.000392,0.033751
655208,1689,1129.588,342,9472.55,8.925194,-280.573863,0.000203,0.033643
655566,1690,1191.37,358,9477.4,9.017772,-280.140228,0.000466,0.033358
655927,1691,1187.17,361,9482.8,8.307715,-280.730325,0.000568,0.033065
656356,1692,1451.335,429,9488.99,11.709925,-280.681242,-0.000649,0.033517
656774,1693,1408.451,418,9494.57,8.105893,-280.81797,-0.000422,0.033801
657115,1694,1152.411,341,9499.62,8.14542,-280.528154,0.000526,0.033486
657468,1695,1160.252,353,9504.41,10.789883,-280.39227,0.001038,0.032934
657822,1696,1177.957,354,9508.92,10.013365,-280.677794,0.000369,0.032661
658444,1697,2129.096,622,9517.83,9.23226,-280.340315,-0.000335,0.033019
658784,1698,1136.223,340,9523.06,7.005644,-280.501225,0.000164,0.032983
659182,1699,1388.775,398,9528.44,8.729443,-280.335684,-0.000194,0.033109
659578,1700,1362.908,396,9533.83,8.268685,-280.588455,0.000678,0.03261
660352,1701,2585.425,774,9547.11,9.593034,-280.533486,-0.000351,0.033084
660719,1702,1214.542,367,9551.97,6.827449,-280.614715,-0.000364,0.033256
661157,1703,1465.663,438,9558.46,10.639119,-280.397534,0.00028,0.033109
661548,1704,1336.897,391,9564.01,7.944985,-280.376289,-0.000172,0.033142
662095,1705,1877.293,547,9571.45,8.336181,-280.473252,-0.00091,0.034068
662845,1706,2498.454,750,9581.63,10.177493,-280.735266,-8e-06,0.034048
663603,1707,2544.421,758,9592.54,13.443337,-280.43129,0.000318,0.033639
664013,1708,1381.741,410,9598.9,8.192631,-280.357223,0.000593,0.033203
664419,1709,1384.826,406,9605.02,5.809321,-280.546767,-0.000743,0.033725
664797,1710,1266.117,378,9610.6,13.87195,-280.415031,1.1e-05,0.033739
665618,1711,2733.768,821,9621.31,8.9607,-280.373395,0.000317,0.033325
666000,1712,1268.219,382,9626.83,12.15691,-280.145501,0.000402,0.03304
666546,1713,1876.115,546,9634.17,6.537651,-280.383008,-0.000272,0.033306
666965,1714,1410.095,419,9639.85,10.621344,-279.963099,-0.000364,0.033523
667564,1715,2014.837,599,9648.26,9.29897,-280.44324,-0.00025,0.033835
668273,1716,2367.49,709,9658.14,8.266992,-280.09672,0.000467,0.033274
668698,1717,1432.236,425,9663.9,8.228949,-280.352202,0.000451,0.033011
669502,1718,2731.5,804,9674.99,10.379185,-280.329422,0.000496,0.032343
669977,1719,1610.31,475,9682.03,7.96213,-280.240343,-0.001166,0.033284
670536,1720,1965.114,559,9695.36,9.280354,-280.290174,-0.000813,0.033962
671536,1721,3203.912,1000,9709.29,8.557578,-280.259945,0.000502,0.033193
671941,1722,1393.473,405,9714.54,7.4193,-280.412812,-0.000103,0.033242
672381,1723,1479.576,440,9720.27,15.135713,-280.403642,-0.000301,0.03348
672865,1724,1656.601,484,9726.89,8.649185,-280.170878,0.000199,0.033302
673300,1725,1478.562,435,9733.16,9.799051,-280.254942,-0.001544,0.034443
673903,1726,2035.837,603,9741.99,9.203796,-280.140825,0.001118,0.033384
674295,1727,1318.486,392,9747.83,10.360291,-280.207262,0.000947,0.032685
674803,1728,1747.715,508,9755.31,8.64826,-280.504537,-9.3e-05,0.032807
675291,1729,1591.27,488,9762.72,11.030882,-280.031169,-0.001298,0.03383
675965,1730,2272.076,674,9773.31,10.136301,-280.183523,0.001205,0.032555
676357,1731,1339.494,392,9779.67,11.465428,-279.907668,-0.001454,0.033469
676786,1732,1447.359,429,9785.82,12.374121,-280.108464,0.001272,0.032568
677230,1733,1486.978,444,9791.81,8.993352,-279.860854,-0.000348,0.032822
677655,1734,1424.116,425,9797.84,10.814241,-280.177471,-4.7e-05,0.032823
678091,1735,1463.897,436,9804.05,9.327464,-280.07059,0.000124,0.032863
678528,1736,1475.594,437,9810.17,7.654022,-280.153491,0.001042,0.032013
679343,1737,2739.889,815,9821.07,7.646545,-280.10148,-0.001189,0.033623
679782,1738,1476.431,439,9826.72,8.094437,-279.987807,8e-06,0.033664
680362,1739,1934.932,580,9840.81,7.459731,-279.997623,-0.000407,0.034052
681022,1740,2212.881,660,9849.71,7.210554,-279.646362,-0.000177,0.034286
681443,1741,1435.194,421,9855.25,9.9655,-279.868212,0.001376,0.033271
682443,1742,3191.27,1000,9869.34,9.689783,-280.244024,0.000114,0.033028
683443,1743,3229.37,1000,9882.87,9.493269,-280.186889,-0.00019,0.033465
684443,1744,3138.635,1000,9897.08,8.165322,-280.272108,-0.00012,0.03369
684917,1745,1637.175,474,9903.3,8.004302,-280.446142,-0.000142,0.03372
685723,1746,2760.826,806,9914.9,7.411007,-280.240648,0.000255,0.033416
686152,1747,1451.444,429,9921.01,9.862697,-280.134837,0.000708,0.03283
686790,1748,2112.612,638,9929.55,8.164618,-280.219505,-6.4e-05,0.032901
687330,1749,1741.129,540,9937.2,9.493847,-280.138445,0.000254,0.032762
688294,1750,3200.623,964,9950.52,7.606047,-280.080351,0.000429,0.032046
689294,1751,3182.519,1000,9964.37,8.700829,-280.150889,-0.001154,0.03391
689825,1752,1686.114,531,9972.32,7.963278,-280.382077,0.00087,0.033205
690128,1753,951.868,303,9982.64,14.558652,-280.087522,-9.2e-05,0.033253
690547,1754,1394.109,419,9989.07,12.837739,-280.045272,0.001293,0.032368
690994,1755,1457.166,447,9995.75,7.719217,-280.342176,-0.000718,0.032838
691622,1756,2122.861,628,10005.86,8.788698,-280.277258,-0.000228,0.033087
692053,1757,1455.877,431,10013.4,6.833476,-280.250648,-0.000552,0.033507
692385,1758,1108.089,332,10019.14,10.702059,-280.277822,-0.00106,0.034063
692900,1759,1767.9,515,10026.61,8.856422,-280.379723,0.001177,0.033058
693248,1760,1155.788,348,10031.4,9.962999,-280.161113,0.000698,0.032726
693702,1761,1536.159,454,10037.25,5.897749,-280.021007,-0.000186,0.032801
694148,1762,1541.116,446,10043.13,8.075964,-279.727102,-5e-05,0.032797
694564,1763,1418.439,416,10048.98,8.469765,-280.379059,0.00034,0.032636
695055,1764,1636.511,491,10055.61,11.546735,-279.921668,-8e-06,0.032624
695422,1765,1105.119,367,10060.36,6.244422,-280.018982,-0.000727,0.033076
695858,1766,1481.54,436,10066.12,11.597096,-280.012255,0.000373,0.032802
696595,1767,2472.057,737,10076.58,11.895103,-280.078781,8.9e-05,0.032668
697029,1768,1482.371,434,10082.43,7.284074,-280.08355,-0.000641,0.033133
698023,1769,3309.856,994,10096.79,11.494376,-279.877886,0.0005,0.032381
698658,1770,2109.862,635,10106.09,9.014113,-280.103942,-0.000398,0.03278
699301,1771,2116.058,643,10115.87,8.98791,-279.912824,-0.000307,0.033098
700030,1772,2450.791,729,10133.1,6.439541,-280.17823,-4.9e-05,0.033156
700338,1773,992.465,308,10137.74,10.536832,-279.829417,0.000632,0.032824
700998,1774,2208.481,660,10147.7,9.050496,-279.800262,0.000348,0.032456
701998,1775,3165.803,1000,10161.68,9.8015,-280.039196,-0.000466,0.033288
702998,1776,3149.81,1000,10174.91,9.351011,-280.179631,-0.000362,0.033844
703826,1777,2795.37,828,10186.81,9.227402,-280.015298,0.000336,0.03343
704407,1778,1903.921,581,10194.8,11.126469,-280.207209,-0.000142,0.033492
704976,1779,1880.521,569,10202.65,7.803668,-280.376569,-0.00039,0.033966
705976,1780,3178.465,1000,10216.32,9.166264,-280.233511,0.000136,0.033712
706587,1781,2057.881,611,10224.41,9.774399,-280.336417,0.000839,0.032857
707587,1782,3205.622,1000,10238.5,10.524768,-280.655472,-0.000274,0.033304
708587,1783,3214.714,1000,10251.84,9.586637,-280.29472,-0.000257,0.033715
709147,1784,1856.442,560,10259.79,9.800763,-280.607678,0.000326,0.033507
709678,1785,1839.544,531,10266.87,10.051148,-280.53289,9e-05,0.033383
710678,1786,3186.256,1000,10286.11,9.84157,-280.664573,-8e-06,0.033346
711649,1787,3233.869,971,10299.55,10.828889,-280.442889,-3e-06,0.033427
712649,1788,3213.915,1000,10312.92,9.58569,-280.693731,-7.7e-05,0.033504
713566,1789,3091.59,917,10324.94,8.747549,-280.846196,-0.000369,0.034126
714096,1790,1817.246,530,10333.09,8.304645,-280.536821,-0.00075,0.034797
714866,1791,2663.537,770,10344.68,9.782109,-280.545878,-7.3e-05,0.034942
715602,1792,2510.387,736,10355.91,9.19461,-280.789676,0.00012,0.0347
716602,1793,3217.144,1000,10371.79,9.409884,-280.798837,6.5e-05,0.034616
717602,1794,3220.366,1000,10388.29,9.262279,-281.062689,0.000478,0.033843
718506,1795,3033.279,904,10400.53,11.032194,-280.919448,-3.8e-05,0.033861
719017,1796,1714.752,511,10407.1,7.324694,-281.149349,0.000449,0.033524
720017,1797,3183.342,1000,10424.84,9.394018,-280.9708,0.000459,0.032812
720421,1798,1367.956,404,10430.19,10.149269,-281.015057,-0.001294,0.033672
720964,1799,1832.598,543,10437.22,8.701331,-281.120935,-0.000299,0.033911
721943,1800,3215.907,979,10451.06,9.813507,-281.225756,0.000585,0.033008
722943,1801,3177.933,1000,10466.19,8.093143,-280.995983,2.6e-05,0.032896
723943,1802,3222.537,1000,10480.71,11.094954,-281.094457,-2e-06,0.032966
724480,1803,1793.35,537,10489.01,8.6064,-281.319076,-0.000182,0.033091
725043,1804,1888.734,563,10497.62,7.625482,-281.078998,-0.000416,0.03346
725655,1805,2063.181,612,10506.56,8.992639,-281.49754,0.000831,0.032698
726084,1806,1433.661,429,10512.13,7.749235,-281.326299,-0.000859,0.033259
726790,1807,2359.073,706,10521.85,10.962984,-281.076995,0.00039,0.032823
727790,1808,3288.852,1000,10535.87,8.592614,-281.174531,-0.000291,0.033288
728790,1809,3195.682,1000,10549.73,9.447698,-281.099459,-0.000215,0.033694
729790,1810,3201.419,1000,10563.34,8.465943,-281.297121,-0.000305,0.034166
730790,1811,3204.371,1000,10581.96,8.370627,-281.037875,-0.00015,0.034397
731591,1812,2735.084,801,10592.59,8.895939,-280.968925,-0.000215,0.034604
732591,1813,3187.884,1000,10606.53,8.731591,-281.190813,-0.000426,0.03541
733591,1814,3193.071,1000,10619.75,7.453768,-281.164964,0.000741,0.034161
734591,1815,3243.786,1000,10633.98,10.694251,-281.268443,-0.000126,0.034382
735591,1816,3172.809,1000,10647.13,9.873677,-281.188317,-0.000201,0.034796
736591,1817,3182.114,1000,10661.32,11.699924,-281.024707,-4e-06,0.034753
737591,1818,3225.561,1000,10674.73,8.807141,-281.343525,0.000903,0.033265
738591,1819,3180.689,1000,10688.45,8.315726,-281.377262,0.000149,0.033042
739591,1820,3229.978,1000,10703.45,10.898293,-281.670527,0.000478,0.032241
740226,1821,2157.991,635,10717.97,9.271966,-282.008339,0.001346,0.030864
740962,1822,2537.039,736,10730.39,10.612553,-281.579768,-0.000962,0.032003
741863,1823,3032.031,901,10744.78,10.282486,-282.00983,-7.4e-05,0.032113
742863,1824,3227.36,1000,10758.34,8.490625,-281.810415,-0.000731,0.033301
743863,1825,3231.461,1000,10772.01,8.471018,-281.619157,-0.00012,0.033508
744863,1826,3246.564,1000,10785.91,10.095727,-281.915357,0.000536,0.032589
745863,1827,3338.464,1000,10799.65,8.681566,-281.961127,8.6e-05,0.032474
746208,1828,1178.747,345,10804.13,8.141361,-282.056528,0.000457,0.032303
746997,1829,2669.219,789,10815.33,9.643461,-282.081827,0.00026,0.031916
747802,1830,2742.915,805,10827.22,10.464904,-282.136299,-0.00039,0.032342
748147,1831,1197.874,345,10832.48,5.93707,-281.964157,-0.000291,0.032574
749147,1832,3235.335,1000,10847.31,9.104335,-282.269667,0.000486,0.031776
749793,1833,2232.777,646,10857.56,9.139361,-282.066901,-0.00072,0.03252
750528,1834,2529.634,735,10876.05,7.711835,-282.284653,-0.000186,0.032782
750899,1835,1305.126,371,10881.02,6.737372,-282.30433,0.001607,0.031767
751392,1836,1748.004,493,10887.53,11.518111,-282.357466,0.000913,0.030979
752392,1837,3342.438,1000,10901.55,8.315784,-282.227503,-0.000439,0.031772
753392,1838,3364.476,1000,10915.22,8.393717,-282.037221,-1.2e-05,0.031734
754305,1839,2994.17,913,10928.4,7.004637,-282.160227,-0.000392,0.032342
755305,1840,3187.625,1000,10941.38,7.996888,-282.300022,-1.3e-05,0.032347
755729,1841,1462.028,424,10947.44,8.634417,-282.261065,0.000152,0.032289
756411,1842,2337.691,682,10956.8,12.057319,-282.397631,0.000252,0.031995
757354,1843,3196.908,943,10969.5,6.82583,-282.184477,0.000337,0.031465
758205,1844,2939.53,851,10981.25,8.678945,-282.426737,0.000548,0.030635
759205,1845,3214.352,1000,10994.84,7.634122,-282.530489,-0.000325,0.03122
760180,1846,3234.829,975,11014.36,9.226986,-282.276036,0.000165,0.030968
761180,1847,3223.767,1000,11027.72,7.624569,-282.544221,-9.9e-05,0.031054
762180,1848,3255.083,1000,11041.03,6.629543,-282.519483,0.00038,0.030522
762834,1849,2229.009,654,11050.33,7.344804,-282.590845,-0.000731,0.031329
763822,1850,3335.753,988,11064.86,9.785157,-282.344428,0.000235,0.030913
764822,1851,3232.563,1000,11079.63,9.253581,-282.512556,-0.000495,0.031681
765222,1852,1430.021,400,11086.3,7.791277,-282.805866,0.000414,0.031509
766222,1853,3221.39,1000,11102.72,10.552256,-282.652521,1e-06,0.031484
767222,1854,3262.61,1000,11116.86,9.211243,-282.711279,-0.000593,0.032426
767803,1855,1979.777,581,11124.25,8.047372,-282.597268,-0.000182,0.032641
768803,1856,3214.968,1000,11137.9,9.601106,-282.486704,-1.4e-05,0.032626
769803,1857,3434.499,1000,11151.21,8.479433,-282.549726,0.000677,0.031511
770462,1858,2238.12,659,11166.14,8.783448,-282.807937,-7.8e-05,0.031538
771462,1859,3269.442,1000,11180.53,9.534314,-282.654929,-0.00023,0.031954
772306,1860,2882.645,844,11192.54,8.271828,-282.700449,0.000696,0.031039
773042,1861,2575.35,736,11203.27,10.695577,-282.819279,0.000129,0.030879
773590,1862,1904.266,548,11210.72,6.280345,-283.087825,-0.000229,0.031052
774590,1863,3359.886,1000,11224.73,9.925858,-282.748507,-0.000339,0.031692
775269,1864,2340.093,679,11234.38,6.643204,-282.814113,0.000547,0.031095
776159,1865,2990.419,890,11246.51,9.32926,-283.143741,0.000358,0.0305
777159,1866,3309.292,1000,11260.27,5.978577,-283.015836,-0.000258,0.030966
777780,1867,2104.629,621,11269.59,7.71363,-282.999108,-0.000564,0.031541
778780,1868,3248.841,1000,11283.23,7.718807,-282.884866,0.000193,0.031205
779435,1869,2262.537,655,11292.85,11.820511,-282.995487,4.7e-05,0.031213
779916,1870,1646.689,481,11299.48,10.609794,-282.936264,0.000668,0.030673
780916,1871,3276.977,1000,11319.5,6.755744,-283.335379,-5.6e-05,0.03073
781544,1872,2176.689,628,11327.96,7.635459,-283.20311,-0.000609,0.031396
782419,1873,3050.061,875,11340.05,7.461522,-283.483803,0.000786,0.030227
783057,1874,2203.528,638,11349.92,6.90074,-283.347949,0.000173,0.030034
783445,1875,1383.693,388,11354.66,8.675076,-283.159567,-0.000318,0.030245
784069,1876,2200.297,624,11363.77,7.448605,-283.15521,-0.000689,0.030942
784680,1877,2128.595,611,11372.1,8.387365,-283.223039,9.9e-05,0.030838
785212,1878,1885.339,532,11379.94,10.272599,-283.54422,4e-05,0.03077
785781,1879,2009.892,569,11388.03,10.951691,-283.248331,-0.000517,0.031322
786157,1880,1330.906,376,11393.26,10.373986,-283.262132,0.001333,0.030473
787157,1881,3262.31,1000,11407.38,7.1949,-283.464346,4e-06,0.030476
787931,1882,2657.69,774,11418.1,9.70128,-283.404189,-0.000893,0.031646
788341,1883,1452.729,410,11424.05,8.899726,-283.506819,0.000948,0.031022
788840,1884,1697.85,499,11431.35,7.350073,-283.811391,0.000325,0.030712
789286,1885,1607.289,446,11437.51,7.997344,-283.325976,-0.001707,0.031995
790250,1886,3319.953,964,11454.04,7.203865,-283.344704,0.00078,0.030859
790681,1887,1469.023,431,11460.26,6.581402,-283.595514,0.001396,0.029893
791176,1888,1715.021,495,11467.55,5.97544,-283.479535,0.000163,0.029731
791626,1889,1630.813,450,11473.72,8.424825,-283.653705,-0.000169,0.029837
792105,1890,1682.888,479,11480.52,8.833079,-283.830519,-0.000775,0.030501
792753,1891,2242.129,648,11488.83,8.465116,-283.560751,-0.000813,0.031315
793193,1892,1416.542,440,11494.3,8.025489,-283.338612,0.000114,0.031265
793620,1893,1498.614,427,11500.42,10.91035,-283.632455,0.0004,0.031004
794413,1894,2644.458,793,11511.24,9.364929,-283.437841,-0.000501,0.031607
795174,1895,2619.958,761,11521.18,7.531853,-283.691773,0.001,0.030363
795666,1896,1707.063,492,11528.03,6.009837,-283.523551,-3.1e-05,0.030433
796666,1897,3293.636,1000,11542.94,7.610854,-283.697407,0.000236,0.030019
797228,1898,1907.448,562,11551.14,8.961183,-283.926534,0.000181,0.02986
797980,1899,2574.639,752,11562.61,8.578206,-283.690302,-0.000215,0.030106
798852,1900,2964.099,872,11575.94,7.862953,-283.727952,0.000492,0.02935
799599,1901,2525.467,747,11586.97,9.853867,-283.764847,-0.000711,0.030231
800017,1902,1466.436,418,11598.21,11.273749,-283.760568,0.000564,0.029905
800285,1903,901.489,268,11601.75,8.891148,-284.049613,0.000844,0.029551
801226,1904,3238.827,941,11614.83,8.568682,-283.789574,0.000209,0.029176
801810,1905,1972.002,584,11622.72,9.005076,-283.880288,-8.3e-05,0.029325
802724,1906,3145.719,914,11635.27,9.182527,-283.688559,-0.000711,0.030353
803184,1907,1614.16,460,11642.06,9.050746,-283.955747,0.00017,0.030268
804184,1908,3357.628,1000,11654.96,9.707884,-283.78472,-2.3e-05,0.030285
805056,1909,2978.498,872,11667.34,9.120068,-283.520448,-0.001184,0.032015
805545,1910,1689.588,489,11673.69,9.686873,-283.833183,0.000821,0.031407
806545,1911,3222.413,1000,11687.62,7.99919,-284.020854,2.9e-05,0.03132
807545,1912,3221.936,1000,11701.27,8.474131,-283.723981,-0.000111,0.031517
808545,1913,3217.846,1000,11715.27,9.254236,-283.837664,0.000192,0.031168
808946,1914,1359.197,401,11720.92,7.63539,-284.024592,3.3e-05,0.031168
809309,1915,1241.709,363,11725.58,8.627441,-283.737909,-0.001059,0.031796
810309,1916,3246.887,1000,11744.7,8.920709,-283.857038,0.000387,0.031212
811309,1917,3216.178,1000,11757.77,10.142553,-284.019021,0.000116,0.031012
811943,1918,2181.997,634,11766.73,7.141932,-283.993841,0.000813,0.030209
812943,1919,3296.041,1000,11781.89,9.029739,-284.181348,-9.1e-05,0.03037
813943,1920,3326.736,1000,11797.16,8.788769,-284.316046,-0.000165,0.030555
814943,1921,3220.061,1000,11814.5,10.623228,-284.200412,9.5e-05,0.030408
815335,1922,1382.149,392,11820.71,9.422947,-284.168969,-0.000188,0.030528
815684,1923,1220.404,349,11826.55,10.813817,-283.891922,-0.001313,0.031314
816569,1924,2995.506,885,11837.65,9.220639,-284.41368,0.000799,0.030138
817569,1925,3258.024,1000,11851.45,8.215646,-284.427675,-0.000765,0.031446
817955,1926,1366.563,386,11856.44,10.89795,-284.118126,-0.000255,0.031544
818323,1927,1314.171,368,11861.52,9.24581,-284.284431,-8e-05,0.031622
818824,1928,1695.946,501,11868.21,6.536206,-284.245204,-0.000194,0.031838
819810,1929,3349.785,986,11881.8,7.86088,-284.301278,0.00104,0.030108
820161,1930,1197.067,351,11891.16,8.188052,-284.782905,-0.000365,0.030371
820488,1931,1115.301,327,11896.13,6.843191,-284.509536,-0.000848,0.030772
820826,1932,1169.12,338,11900.81,7.555831,-284.566003,-0.000904,0.031285
821423,1933,2055.665,597,11909.8,8.487161,-284.284562,0.000535,0.0308
821815,1934,1387.678,392,11915.64,8.738105,-284.816049,-0.000147,0.030833
822188,1935,1310.435,373,11921.58,7.189427,-284.433248,-0.000718,0.031301
823000,1936,2797.141,812,11934.02,8.842693,-284.45277,7.6e-05,0.031222
823370,1937,1295.262,370,11939.98,7.885099,-284.744462,0.000387,0.031011
823696,1938,1104.01,326,11944.8,10.991308,-284.482804,-0.0008,0.031407
824208,1939,1745.151,512,11951.94,7.765495,-284.513147,0.000487,0.030984
824564,1940,1217.718,356,11957.18,7.336948,-284.696209,0.000609,0.030626
824895,1941,1146.63,331,11961.68,8.571894,-284.443935,0.000282,0.030493
825415,1942,1775.928,520,11968.59,8.102325,-284.56467,0.000109,0.030365
826053,1943,2223.166,638,11977.38,7.560965,-284.319797,0.000415,0.029956
826603,1944,1960.77,550,11985.45,10.051168,-284.385525,-0.000196,0.030114
827013,1945,1460.009,410,11990.82,8.747521,-284.394993,0.001272,0.029272
827506,1946,1723.401,493,11997.68,7.983133,-284.437886,0.001157,0.028394
828242,1947,2502.707,736,12008.03,9.190503,-284.575774,-0.000326,0.028758
829242,1948,3273.629,1000,12021.36,7.179962,-284.544371,-0.00012,0.02891
829636,1949,1406.683,394,12027.01,10.636448,-284.284454,-0.000658,0.029382
830100,1950,1576.241,464,12036.03,9.013933,-284.523525,-5.2e-05,0.029419
830644,1951,1897.083,544,12043.4,10.694872,-284.576866,-0.00026,0.029663
831021,1952,1355.813,377,12048.28,7.323609,-284.564746,0.000373,0.029386
831401,1953,1358.049,380,12053.61,7.102143,-284.427574,0.000473,0.029095
831804,1954,1436.202,403,12059.49,7.65882,-284.478144,-0.001678,0.030228
832590,1955,2758.514,786,12070.19,6.515271,-284.223476,0.000682,0.029376
833239,1956,2226.088,649,12079.05,7.895121,-284.755454,-0.000401,0.029824
834059,1957,2799.91,820,12090.62,7.019789,-284.494775,1.3e-05,0.029799
834948,1958,3038.115,889,12102.45,10.828027,-284.329,0.000264,0.02944
835453,1959,1737.472,505,12109.45,8.42319,-284.430887,-8.7e-05,0.029493
835848,1960,1386.509,395,12114.88,6.227586,-284.267992,-0.000271,0.029672
836218,1961,1293.866,370,12119.44,6.008015,-284.470411,-0.001321,0.030515
836800,1962,2020.023,582,12127.44,9.304492,-284.524959,5.6e-05,0.03049
837628,1963,2835.247,828,12140.08,7.592554,-284.439506,0.000751,0.029449
837974,1964,1203.929,346,12145.28,8.864849,-284.517778,-0.000515,0.029726
838974,1965,3312.691,1000,12160.32,7.712659,-284.47907,-0.000161,0.029978
839528,1966,1887.852,554,12169.59,7.68975,-284.708962,-0.00026,0.030221
840188,1967,2343.756,660,12187.42,8.561672,-283.980776,4.4e-05,0.030165
840204,1968,12.864,16,12187.64,7.484217,-284.44063,9.5e-05,0.030163
840663,1969,1651.195,459,12194.03,7.423654,-284.398288,0.000538,0.0298
840679,1970,12.28,16,12194.25,5.165446,-283.582411,0.004749,0.029682
841133,1971,1570.025,454,12200.44,7.824015,-284.369799,0.000395,0.029325
841524,1972,1389.827,391,12205.19,11.309388,-284.374871,-7.4e-05,0.029444
842309,1973,2504.49,785,12215.58,9.860071,-284.390037,-8e-05,0.029474
842888,1974,2071.543,579,12223.72,8.123419,-284.402718,0.00037,0.029139
843243,1975,1239.319,355,12228.51,8.181443,-284.937515,0.001591,0.02826
844045,1976,2717.075,802,12239.13,7.528075,-284.481411,-0.000765,0.029207
844374,1977,1007.123,329,12243.72,13.298149,-284.339515,-0.000969,0.02973
845374,1978,3232.164,1000,12258.28,8.064443,-284.443659,0.000753,0.028484
845698,1979,1134.869,324,12263.21,8.878814,-284.632581,-0.000587,0.028839
846698,1980,3331.479,1000,12277.83,9.662989,-284.229324,-0.000701,0.029955
847198,1981,1745.446,500,12285.55,9.352102,-284.551141,-9.4e-05,0.030122
847957,1982,2593.647,759,12296.79,8.72932,-284.534894,-0.000433,0.030534
848957,1983,3274.649,1000,12311.2,7.784023,-284.667167,0.000181,0.030299
849369,1984,1416.36,412,12316.78,8.663702,-284.667866,-6.5e-05,0.030347
849760,1985,1386.532,391,12322.4,11.161633,-284.763922,-0.001251,0.03118
850169,1986,1469.926,409,12332.91,9.143388,-284.673049,-0.000667,0.031617
851169,1987,3274.065,1000,12346.29,10.319098,-284.71333,0.001053,0.029961
852169,1988,3231.126,1000,12360.86,10.515943,-284.505864,-0.000112,0.030104
853169,1989,3257.124,1000,12374.12,9.35771,-284.407449,-0.000499,0.03093
854169,1990,3248.812,1000,12387.8,8.50037,-284.697279,0.000269,0.030517
855061,1991,3010.414,892,12399.79,9.56773,-284.97217,0.000139,0.030261
855578,1992,1708.041,517,12407.15,6.082579,-284.948214,0.001209,0.02932
856109,1993,1859.129,531,12414.14,7.86966,-284.911193,-0.000649,0.029878
856572,1994,1621.859,463,12420.41,9.969981,-285.100276,0.000259,0.02972
857572,1995,3254.601,1000,12434.45,11.889861,-284.787577,0.000849,0.028304
858332,1996,2602.556,760,12444.28,8.594678,-284.827701,0.00035,0.027917
858753,1997,1470.17,421,12450.51,5.661323,-285.028824,-0.000833,0.028493
859330,1998,1999.364,577,12458.58,10.08675,-284.975083,-0.000242,0.028652
860330,1999,3242.265,1000,12475.69,7.606919,-285.001946,-0.000316,0.029248
860910,2000,1977.11,580,12483.7,7.512073,-285.075846,-8.7e-05,0.029333
861854,2001,3249.224,944,12497.89,8.429661,-285.009776,-0.000288,0.029751
862228,2002,1263.519,374,12503.68,9.635342,-285.429348,0.000706,0.029392
862718,2003,1691.59,490,12510.84,9.826132,-285.377625,-0.000348,0.029626
863111,2004,1405.124,393,12516.96,10.769524,-285.06004,-0.000854,0.030167
864111,2005,3250.8,1000,12533.24,9.264056,-285.293417,0.000601,0.029202
864647,2006,1832.261,536,12541.54,6.920989,-285.109808,-0.000254,0.029404
865111,2007,1534.936,464,12548.32,6.324406,-285.387007,-0.000885,0.030081
865548,2008,1531.843,437,12554.14,10.073667,-284.97089,0.000582,0.029638
866180,2009,2206.355,632,12563.18,6.069411,-285.395334,0.000669,0.029013
866730,2010,1894.737,550,12570.87,7.315379,-285.048795,-5.5e-05,0.029048
867300,2011,1962.528,570,12578.65,7.847882,-284.998021,0.000248,0.028823
867707,2012,1459.878,407,12584.46,7.467604,-285.110966,-0.000261,0.028998
868581,2013,3017.795,874,12596.35,9.346486,-285.422994,0.000202,0.028648
868970,2014,1373.19,389,12601.44,9.425268,-285.409099,-0.000862,0.029238
869474,2015,1727.25,504,12608.83,7.710535,-285.362527,0.000221,0.029104
869956,2016,1663.781,482,12615.55,8.041592,-285.277666,-0.000831,0.02975
870956,2017,3226.101,1000,12634.72,8.108327,-285.474026,0.000503,0.028908
871956,2018,3210.486,1000,12649.44,9.59596,-285.312213,-0.000334,0.029373
872309,2019,1242.413,353,12654.76,10.183262,-285.298064,0.000629,0.029077
872858,2020,1977.634,549,12663.37,10.052743,-285.475213,0.00039,0.02874
873858,2021,3273.175,1000,12677.31,7.575001,-285.31272,6e-06,0.028736
874858,2022,3243.252,1000,12690.74,7.270346,-285.391602,-0.000247,0.029117
875652,2023,2730.79,794,12701.98,7.628366,-285.428977,-0.00023,0.029437
876463,2024,2816.547,811,12713.11,8.804228,-285.489011,0.001044,0.028115
877026,2025,2032.392,563,12721.1,11.403106,-285.22366,-0.000705,0.028691
877714,2026,2335.235,688,12730.49,6.495973,-285.698559,-0.000333,0.029079
878102,2027,1381.826,388,12735.79,10.159164,-285.186733,-0.000683,0.029576
878583,2028,1722.642,481,12742.47,9.75535,-285.664042,0.000631,0.029037
879196,2029,2130.905,613,12750.5,10.72576,-285.361936,6.1e-05,0.029024
879744,2030,1913.621,548,12757.62,8.487516,-285.336194,-0.000439,0.02935
880248,2031,1720.287,504,12769.02,7.647702,-285.135513,0.000293,0.02908
881248,2032,3203.074,1000,12783.21,7.845795,-285.45546,0.000419,0.028525
882148,2033,3079.705,900,12795.19,7.734572,-285.428705,-0.00022,0.028838
883148,2034,3274.091,1000,12808.79,7.9617,-285.638654,9.1e-05,0.028696
884093,2035,3274.98,945,12821.76,7.745756,-285.476496,0.000138,0.028429
884495,2036,1426.858,402,12827.3,7.927263,-285.585981,-0.001348,0.029312
885174,2037,2345.528,679,12835.8,7.708617,-285.517264,0.000557,0.028756
885777,2038,2157.674,603,12844.04,10.429525,-285.455579,0.000224,0.028497
886706,2039,3249.872,929,12857.85,9.779235,-285.430919,1.7e-05,0.028486
887300,2040,2077.788,594,12866.96,7.856942,-285.497883,-0.001488,0.029906
887633,2041,1141.715,333,12871.74,6.649866,-285.471084,-0.000627,0.030262
888234,2042,2128.332,601,12881.07,8.54049,-285.388419,0.000726,0.029565
889003,2043,2645.452,769,12894.16,9.761593,-285.320513,0.000816,0.028562
889424,2044,1502.039,421,12901.14,9.087136,-285.694595,0.000555,0.028167
889777,2045,1238.27,353,12906.86,6.080422,-285.66229,0.000295,0.02798
890463,2046,2372.931,686,12919.74,10.466744,-285.482359,-0.000945,0.029063
890967,2047,1742.976,504,12926.61,8.548838,-285.64386,0.000179,0.028946
891378,2048,1433.712,411,12932.51,6.441125,-285.346328,-0.000242,0.029132
891911,2049,1879.958,533,12939.62,5.737733,-285.691206,0.000508,0.028658
892624,2050,2460.779,713,12948.89,9.704212,-285.695612,0.000294,0.028328
893624,2051,3235.493,1000,12962.93,8.381542,-285.722302,-0.000222,0.028695
894016,2052,1380.007,392,12968.54,7.089007,-285.800353,0.000579,0.028282
894676,2053,2285.287,660,12978.17,8.013495,-285.608062,-0.000205,0.02851
895147,2054,1671.338,471,12984.94,8.951821,-285.042845,0.00072,0.02798
896147,2055,3270.597,1000,12999.95,9.757249,-285.647503,0.000144,0.027761
896431,2056,957.448,284,13004.15,9.481911,-285.58725,-0.0001,0.027807
896969,2057,1858.76,538,13012.07,7.935874,-285.530565,-0.000685,0.028366
897891,2058,3162.069,922,13026.37,7.020874,-285.712034,0.000143,0.028146
898246,2059,1244.381,355,13031.4,5.973899,-285.829289,-0.000718,0.028596
898782,2060,1876.606,536,13039.06,9.443496,-285.82188,-0.000185,0.02874
899782,2061,3303.777,1000,13052.23,7.89971,-285.488047,0.000122,0.028608
900556,2062,2656.69,774,13067.24,9.307925,-285.666148,-3.3e-05,0.028606
901556,2063,3314.624,1000,13080.83,9.488382,-285.553023,-8.4e-05,0.028718
902556,2064,3252.058,1000,13095.04,8.418764,-285.639226,-8.3e-05,0.028876
903556,2065,3250.349,1000,13108.15,7.675854,-285.733688,-0.000184,0.029212
904556,2066,3232.394,1000,13121.91,10.128967,-285.820885,-0.000205,0.029543
905556,2067,3223.191,1000,13135.48,9.301911,-285.750959,0.000114,0.029368
906492,2068,3240.131,936,13148.5,7.223026,-285.811085,0.000288,0.028898
907492,2069,3331.815,1000,13162.18,11.106475,-285.976766,0.000464,0.02815
908022,2070,1851.819,530,13169.91,8.816133,-285.962728,1.1e-05,0.028157
908577,2071,1951.189,555,13177.22,6.417908,-286.170814,0.000162,0.02799
909144,2072,1996.724,567,13184.74,10.969621,-286.062764,-0.000658,0.028653
909864,2073,2474.608,720,13194.84,6.260733,-286.130586,0.000735,0.027814
910670,2074,2838.866,806,13212.34,6.578082,-286.190885,-0.00032,0.028189
911266,2075,1968.912,596,13221.36,5.145331,-286.32309,-0.00037,0.028541
911750,2076,1662.754,484,13228.42,9.687104,-286.286753,-0.000609,0.029033
912133,2077,1361.037,383,13234.28,6.220048,-286.33314,0.000346,0.028814
912493,2078,1239.284,360,13239.97,9.05655,-286.138944,6e-05,0.02875
913029,2079,1920.204,536,13248.84,7.76876,-286.111437,0.000724,0.028143
914029,2080,3282.539,1000,13265.35,9.253619,-286.139071,0.000336,0.027597
914477,2081,1522.54,448,13271.67,9.001189,-286.417742,8.6e-05,0.027479
915433,2082,3311.481,956,13284.62,9.514381,-285.824649,-0.000719,0.028713
916433,2083,3267.972,1000,13298.36,7.862754,-286.036477,-0.000654,0.029767
916910,2084,1655.379,477,13305.03,8.887265,-286.094017,0.000555,0.029396
917570,2085,2311.501,660,13313.46,9.947393,-286.210075,7.7e-05,0.029208
918346,2086,2646.046,776,13323.96,5.63615,-286.479004,0.000748,0.028404
918761,2087,1518.537,415,13329.88,9.899615,-286.763,0.000889,0.027792
919461,2088,2479.726,700,13340.48,8.323002,-286.334301,-0.000102,0.027865
919778,2089,1103.802,317,13345.22,5.666348,-286.517903,-0.000189,0.028017
920553,2090,2672.066,775,13361.19,9.979324,-286.539621,-0.000327,0.028411
920931,2091,1344.768,378,13367.34,6.1177,-286.68749,0.000941,0.027841
921255,2092,1150.051,324,13372.23,6.62355,-286.537401,0.00025,0.027669
922030,2093,2698.899,775,13384.3,6.547863,-286.673525,-1.6e-05,0.027695
923030,2094,3258.429,1000,13397.56,7.220473,-286.573007,0.000316,0.027199
923992,2095,3343.36,962,13411.4,8.805917,-286.68016,-0.000982,0.028769
924700,2096,2488.25,708,13420.96,7.399513,-286.760781,0.000985,0.027645
925700,2097,3253.74,1000,13434.92,6.941243,-286.707168,-0.000534,0.028461
926423,2098,2517.337,723,13444.92,6.101131,-286.842019,0.000365,0.028063
926774,2099,1204.728,351,13449.43,8.69223,-286.783916,-0.000665,0.028464
927774,2100,3359.809,1000,13463.38,8.711152,-287.054856,0.00031,0.027944
928175,2101,1343.168,401,13468.45,7.62911,-286.974352,-0.000141,0.028045
929175,2102,3247.572,1000,13482.14,8.57834,-286.818449,-0.000639,0.029095
930175,2103,3259.454,1000,13499.18,9.544338,-286.957577,0.0008,0.027814
930535,2104,1280.851,360,13503.78,8.638422,-286.900506,0.000899,0.027338
931381,2105,2950.317,846,13515.79,9.401302,-286.948803,-0.000319,0.027748
931751,2106,1319.873,370,13520.8,11.107491,-286.919731,0.000241,0.027542
932751,2107,3261.373,1000,13534.28,7.645516,-286.480219,-0.000183,0.027908
933751,2108,3224.203,1000,13547.64,8.611388,-286.891956,-0.000181,0.028219
934720,2109,3356.868,969,13561.16,8.695418,-287.009817,0.000246,0.027796
935720,2110,3300.252,1000,13575.99,8.532152,-286.969506,-0.000197,0.028108
936720,2111,3237.026,1000,13590.72,8.340524,-286.989638,0.000831,0.026785
937107,2112,1391.207,387,13596.73,5.866551,-287.005396,-0.000643,0.0272
937727,2113,2135.073,620,13606.56,8.695347,-287.00603,-8e-06,0.02722
938043,2114,1059.336,316,13611.65,12.344506,-286.814677,-0.000639,0.027519
938656,2115,2117.675,613,13620.28,8.58455,-286.820639,-0.000658,0.028172
939439,2116,2668.012,783,13631.04,6.050269,-287.173937,-5.5e-05,0.028322
940439,2117,3281.76,1000,13648.49,8.730553,-286.923384,0.000689,0.027102
941439,2118,3279.123,1000,13661.41,8.485335,-286.937677,-0.00015,0.027404
942439,2119,3243.87,1000,13674.98,6.703701,-287.479382,0.000109,0.02722
943439,2120,3234.329,1000,13688.52,8.279779,-287.318894,-0.000605,0.028227
944439,2121,3273.035,1000,13703.19,7.488222,-287.321965,0.000364,0.027651
945439,2122,3242.136,1000,13717.83,8.248134,-287.390811,0.000512,0.026803
946123,2123,2409.495,684,13728.73,6.716024,-287.405832,-0.00032,0.027137
946853,2124,2567.568,730,13740.21,9.067794,-287.620291,-0.0,0.027116
947348,2125,1734.537,495,13747.71,6.456235,-287.33704,0.000109,0.027068
948348,2126,3270.339,1000,13760.82,6.894196,-287.679752,-0.000784,0.028359
949348,2127,3271.735,1000,13775.18,8.753455,-287.732705,0.000742,0.027189
949896,2128,1884.674,548,13782.26,9.063626,-287.922368,0.000292,0.026851
950809,2129,3118.14,913,13801.47,9.027723,-287.998411,0.000268,0.026538
951503,2130,2413.403,694,13811.07,8.524394,-287.871964,0.000373,0.026104
952503,2131,3258.216,1000,13824.55,8.607762,-287.870489,-0.000608,0.027094
953503,2132,3271.375,1000,13838.14,6.546278,-288.30848,0.000313,0.02662
954410,2133,3156.565,907,13850.64,8.949568,-288.182164,-0.000153,0.0268
955344,2134,3242.148,934,13863.58,7.529944,-288.055174,-0.000464,0.027572
956344,2135,3398.318,1000,13877.36,7.39315,-288.175974,0.000661,0.026489
956912,2136,1964.207,568,13885.34,7.319908,-288.091946,-0.000375,0.026817
957400,2137,1751.952,488,13891.81,9.48015,-288.357749,0.000385,0.026508
958400,2138,3278.822,1000,13905.69,9.180171,-288.133829,0.000382,0.025966
958738,2139,1183.259,338,13910.0,11.960089,-288.106301,0.000667,0.025592
959357,2140,2193.399,619,13918.0,6.516282,-288.573547,-6.9e-05,0.025674
960357,2141,3273.06,1000,13939.27,8.221403,-288.492677,-0.000518,0.026408
960725,2142,1295.933,368,13944.85,7.106893,-288.046734,0.000447,0.026133
961725,2143,3246.159,1000,13959.54,7.826783,-288.587405,-0.000407,0.026884
962103,2144,1345.639,378,13965.66,10.585626,-288.230187,0.001254,0.026107
962706,2145,2018.329,603,13975.38,7.005439,-288.419288,0.000461,0.0256
963414,2146,2467.612,708,13986.92,8.962325,-288.286671,-7e-05,0.025711
963806,2147,1342.794,392,13992.24,9.416934,-288.427853,-0.000223,0.025858
964191,2148,1377.637,385,13997.49,7.387131,-288.554742,0.000418,0.025579
964532,2149,1170.97,341,14001.75,6.328231,-288.330826,2.6e-05,0.02557
965387,2150,2923.324,855,14013.55,8.442459,-288.464976,-0.001305,0.027442
966320,2151,3171.345,933,14025.78,6.298601,-288.126259,0.000765,0.026252
967301,2152,3346.036,981,14039.15,6.770028,-288.525785,0.000578,0.025316
968210,2153,3106.164,909,14052.19,6.832469,-288.86086,-0.000402,0.025916
968655,2154,1598.728,445,14058.53,9.08809,-288.470209,0.00063,0.025533
969333,2155,2344.589,678,14068.2,7.277613,-288.819045,-0.000426,0.025999
970333,2156,3258.281,1000,14091.97,8.616221,-288.554405,-0.000478,0.026766
971333,2157,3272.238,1000,14106.93,6.961841,-288.58757,0.000368,0.026182
972333,2158,3259.402,1000,14120.32,6.798,-288.668484,0.000208,0.025814
973192,2159,2967.664,859,14132.33,9.996016,-288.583294,-0.000715,0.02685
973873,2160,2407.661,681,14141.12,7.360558,-288.763818,0.000521,0.026224
974554,2161,2358.1,681,14151.08,6.968143,-288.74344,6.2e-05,0.026159
974922,2162,1292.144,368,14156.34,5.174954,-288.961247,0.000657,0.025782
975280,2163,1286.413,358,14161.02,7.238226,-289.040226,0.000332,0.025574
976280,2164,3250.877,1000,14174.65,8.212847,-289.011791,-0.000559,0.026513
977280,2165,3317.335,1000,14187.88,8.229795,-289.076548,0.000248,0.026094
978185,2166,3047.743,905,14200.43,8.058181,-289.180149,-4.5e-05,0.026156
978801,2167,2133.008,616,14208.93,9.268876,-289.085141,-0.000911,0.027049
979801,2168,3321.913,1000,14222.42,5.791225,-289.294436,0.000535,0.026173
980371,2169,2004.334,570,14234.0,7.559442,-289.052496,-0.00021,0.026412
980977,2170,2122.742,606,14241.83,7.054012,-289.139246,0.000443,0.02599
981977,2171,3270.526,1000,14256.0,8.087627,-289.14628,-0.000842,0.027276
982540,2172,2006.211,563,14263.39,7.445936,-289.282832,-0.000474,0.027776
982949,2173,1434.072,409,14268.59,4.827234,-289.249094,0.001244,0.026901
983949,2174,3244.822,1000,14282.48,8.698295,-289.152466,6.4e-05,0.026754
984870,2175,3116.917,921,14295.78,7.77321,-289.170297,-4e-05,0.026869
985471,2176,2000.353,601,14304.94,7.992566,-289.020455,-0.000357,0.027215
986471,2177,3244.52,1000,14320.46,8.244253,-289.185781,-4.9e-05,0.027315
987261,2178,2701.54,790,14332.86,7.89214,-289.322052,0.000764,0.026354
988261,2179,3259.028,1000,14347.83,7.52437,-289.341661,0.000108,0.026192
989261,2180,3277.9,1000,14362.02,6.266927,-289.555126,0.000454,0.025416
989878,2181,2263.428,617,14369.74,8.761534,-289.462579,6e-05,0.025383
990878,2182,3254.068,1000,14389.16,7.030336,-289.563619,9.8e-05,0.025235
991878,2183,3294.429,1000,14402.42,6.384337,-289.636658,-0.001335,0.027474
992251,2184,1341.997,373,14407.64,6.24811,-289.274339,-3.8e-05,0.027492
993251,2185,3260.574,1000,14422.12,8.598007,-289.703937,0.000385,0.026824
994237,2186,3348.898,986,14436.61,6.466293,-289.519616,-0.000156,0.027035
995185,2187,3254.474,948,14451.13,7.650363,-289.572976,0.00029,0.026611
996185,2188,3259.692,1000,14466.71,7.113816,-289.573868,-0.000146,0.026866
997185,2189,3241.307,1000,14480.11,6.741646,-289.578821,0.000304,0.026406
998092,2190,3075.295,907,14492.93,8.976089,-289.575824,0.000297,0.026
998567,2191,1664.382,475,14499.24,9.159978,-289.719135,-0.000741,0.026514
999567,2192,3268.85,1000,14512.88,6.410337,-289.563986,0.000475,0.025782
