timestep,episode,episode_reward,episode_length,wall_time,critic_loss,actor_loss,alpha_loss,alpha
24,0,2.579,24,0.01,,,,
44,1,2.807,20,0.01,,,,
76,2,2.977,32,0.01,,,,
86,3,-3.304,10,0.02,,,,
116,4,-2.87,30,0.02,,,,
131,5,0.867,15,0.02,,,,
152,6,-3.038,21,0.03,,,,
164,7,-1.971,12,0.03,,,,
179,8,1.967,15,0.03,,,,
215,9,10.378,36,0.04,,,,
238,10,-6.731,23,0.04,,,,
250,11,-2.711,12,0.04,,,,
264,12,-5.804,14,0.04,,,,
280,13,-2.169,16,0.05,,,,
311,14,10.039,31,0.05,,,,
332,15,0.068,21,0.06,,,,
366,16,14.057,34,0.06,,,,
374,17,-5.383,8,0.06,,,,
391,18,1.445,17,0.07,,,,
402,19,-0.407,11,0.07,,,,
431,20,5.803,29,0.08,,,,
444,21,1.332,13,0.08,,,,
484,22,-0.323,40,0.09,,,,
504,23,1.551,20,0.09,,,,
516,24,-3.635,12,0.1,,,,
546,25,0.512,30,0.1,,,,
587,26,2.948,41,0.11,,,,
608,27,-0.988,21,0.11,,,,
627,28,-2.846,19,0.11,,,,
641,29,-5.716,14,0.11,,,,
669,30,6.25,28,0.12,,,,
683,31,0.897,14,0.12,,,,
700,32,-1.126,17,0.12,,,,
718,33,1.822,18,0.13,,,,
743,34,-2.744,25,0.13,,,,
773,35,7.122,30,0.14,,,,
801,36,16.074,28,0.14,,,,
816,37,-5.053,15,0.14,,,,
831,38,-2.363,15,0.14,,,,
844,39,-2.961,13,0.15,,,,
854,40,-4.903,10,0.15,,,,
882,41,3.013,28,0.15,,,,
901,42,0.028,19,0.16,,,,
910,43,-1.596,9,0.16,,,,
931,44,7.24,21,0.16,,,,
943,45,-6.561,12,0.16,,,,
964,46,-5.27,21,0.17,,,,
1006,47,17.918,42,0.17,,,,
1025,48,1.789,19,0.17,,,,
1050,49,4.476,25,0.18,,,,
1065,50,-1.664,15,0.18,,,,
1088,51,8.678,23,0.18,,,,
1110,52,5.892,22,0.19,,,,
1120,53,-2.136,10,0.19,,,,
1145,54,9.48,25,0.19,,,,
1165,55,-1.112,20,0.2,,,,
1178,56,-4.387,13,0.2,,,,
1199,57,7.564,21,0.2,,,,
1212,58,-1.053,13,0.21,,,,
1239,59,-5.841,27,0.21,,,,
1252,60,-2.574,13,0.21,,,,
1297,61,10.149,45,0.22,,,,
1314,62,-6.436,17,0.22,,,,
1323,63,-3.989,9,0.22,,,,
1360,64,16.822,37,0.23,,,,
1373,65,2.675,13,0.23,,,,
1400,66,12.403,27,0.23,,,,
1426,67,-0.518,26,0.24,,,,
1450,68,-2.259,24,0.24,,,,
1478,69,3.097,28,0.25,,,,
1488,70,-3.281,10,0.25,,,,
1509,71,-3.218,21,0.25,,,,
1539,72,2.347,30,0.26,,,,
1554,73,0.532,15,0.26,,,,
1581,74,9.39,27,0.26,,,,
1602,75,-2.513,21,0.27,,,,
1619,76,-8.066,17,0.27,,,,
1631,77,0.042,12,0.27,,,,
1664,78,10.538,33,0.27,,,,
1686,79,-4.727,22,0.28,,,,
1704,80,2.578,18,0.28,,,,
1722,81,0.96,18,0.28,,,,
1736,82,-0.442,14,0.29,,,,
1751,83,2.505,15,0.29,,,,
1785,84,13.426,34,0.29,,,,
1808,85,2.92,23,0.3,,,,
1823,86,-0.052,15,0.3,,,,
1852,87,11.654,29,0.31,,,,
1870,88,-1.246,18,0.31,,,,
1894,89,5.993,24,0.31,,,,
1922,90,15.957,28,0.32,,,,
1943,91,-5.908,21,0.32,,,,
1962,92,-3.137,19,0.32,,,,
1988,93,5.502,26,0.33,,,,
2005,94,3.336,17,0.33,,,,
2021,95,4.75,16,0.33,,,,
2048,96,5.641,27,0.34,,,,
2061,97,0.06,13,0.34,,,,
2086,98,3.299,25,0.34,,,,
2106,99,0.004,20,0.35,,,,
2139,100,11.303,33,0.35,,,,
2153,101,-1.177,14,0.35,,,,
2170,102,-2.879,17,0.36,,,,
2199,103,1.537,29,0.36,,,,
2216,104,-1.42,17,0.36,,,,
2226,105,-3.615,10,0.37,,,,
2256,106,-2.775,30,0.37,,,,
2276,107,0.798,20,0.37,,,,
2296,108,5.217,20,0.38,,,,
2330,109,1.894,34,0.38,,,,
2357,110,6.861,27,0.39,,,,
2373,111,-2.098,16,0.39,,,,
2390,112,5.795,17,0.39,,,,
2413,113,4.708,23,0.4,,,,
2432,114,-7.629,19,0.4,,,,
2456,115,5.837,24,0.4,,,,
2474,116,5.554,18,0.41,,,,
2503,117,-2.186,29,0.41,,,,
2525,118,-11.512,22,0.41,,,,
2556,119,-0.054,31,0.42,,,,
2584,120,0.095,28,0.42,,,,
2613,121,10.544,29,0.43,,,,
2631,122,-1.949,18,0.43,,,,
2643,123,-0.424,12,0.43,,,,
2671,124,-0.08,28,0.44,,,,
2689,125,-9.989,18,0.44,,,,
2707,126,0.255,18,0.44,,,,
2725,127,-4.375,18,0.45,,,,
2736,128,1.002,11,0.45,,,,
2745,129,-2.626,9,0.45,,,,
2756,130,1.179,11,0.45,,,,
2774,131,5.221,18,0.45,,,,
2795,132,5.138,21,0.46,,,,
2824,133,-1.148,29,0.46,,,,
2843,134,-7.891,19,0.47,,,,
2871,135,6.9,28,0.47,,,,
2882,136,-1.766,11,0.47,,,,
2895,137,0.806,13,0.48,,,,
2909,138,3.101,14,0.48,,,,
2918,139,-2.409,9,0.48,,,,
2930,140,-3.655,12,0.48,,,,
2961,141,-5.154,31,0.49,,,,
2972,142,-0.576,11,0.49,,,,
2983,143,-1.266,11,0.49,,,,
3021,144,27.607,38,0.5,,,,
3039,145,-2.468,18,0.5,,,,
3059,146,2.296,20,0.5,,,,
3085,147,1.431,26,0.51,,,,
3107,148,3.29,22,0.51,,,,
3131,149,-4.724,24,0.51,,,,
3152,150,-1.955,21,0.52,,,,
3183,151,10.696,31,0.52,,,,
3208,152,-5.123,25,0.53,,,,
3237,153,1.237,29,0.53,,,,
3251,154,-0.199,14,0.53,,,,
3274,155,8.203,23,0.54,,,,
3287,156,-1.395,13,0.54,,,,
3306,157,-4.005,19,0.54,,,,
3324,158,4.59,18,0.54,,,,
3338,159,-0.081,14,0.55,,,,
3352,160,2.006,14,0.55,,,,
3363,161,-7.977,11,0.55,,,,
3374,162,-1.156,11,0.55,,,,
3397,163,-4.853,23,0.56,,,,
3410,164,-0.284,13,0.56,,,,
3433,165,-0.734,23,0.56,,,,
3455,166,-1.625,22,0.56,,,,
3473,167,-0.802,18,0.57,,,,
3491,168,3.781,18,0.57,,,,
3513,169,7.666,22,0.57,,,,
3527,170,-1.152,14,0.58,,,,
3547,171,-1.973,20,0.58,,,,
3563,172,-0.543,16,0.58,,,,
3576,173,-1.164,13,0.58,,,,
3591,174,-2.53,15,0.59,,,,
3606,175,-3.046,15,0.59,,,,
3628,176,-3.211,22,0.59,,,,
3644,177,-2.616,16,0.59,,,,
3670,178,-2.908,26,0.6,,,,
3684,179,1.931,14,0.6,,,,
3696,180,1.074,12,0.6,,,,
3714,181,-3.609,18,0.61,,,,
3734,182,1.516,20,0.61,,,,
3747,183,-0.517,13,0.61,,,,
3762,184,0.786,15,0.61,,,,
3774,185,-0.502,12,0.62,,,,
3789,186,-2.232,15,0.62,,,,
3803,187,2.601,14,0.62,,,,
3831,188,-1.431,28,0.63,,,,
3881,189,6.345,50,0.64,,,,
3895,190,1.652,14,0.65,,,,
3940,191,6.129,45,0.66,,,,
3957,192,-0.324,17,0.66,,,,
3976,193,6.013,19,0.66,,,,
3988,194,-5.381,12,0.67,,,,
4020,195,3.615,32,0.67,,,,
4037,196,4.133,17,0.67,,,,
4069,197,9.657,32,0.68,,,,
4090,198,2.327,21,0.68,,,,
4110,199,-0.155,20,0.69,,,,
4133,200,-0.752,23,0.69,,,,
4170,201,7.651,37,0.7,,,,
4198,202,4.151,28,0.7,,,,
4224,203,-6.816,26,0.7,,,,
4249,204,-0.342,25,0.71,,,,
4273,205,11.016,24,0.71,,,,
4305,206,4.297,32,0.72,,,,
4325,207,1.628,20,0.72,,,,
4342,208,-0.95,17,0.72,,,,
4354,209,-3.495,12,0.73,,,,
4372,210,2.101,18,0.73,,,,
4415,211,15.617,43,0.73,,,,
4434,212,4.091,19,0.74,,,,
4452,213,-7.462,18,0.74,,,,
4471,214,-4.525,19,0.74,,,,
4487,215,3.054,16,0.75,,,,
4500,216,0.966,13,0.75,,,,
4524,217,3.883,24,0.75,,,,
4541,218,-3.609,17,0.75,,,,
4569,219,-0.787,28,0.76,,,,
4589,220,-7.748,20,0.76,,,,
4618,221,5.042,29,0.77,,,,
4640,222,-3.133,22,0.77,,,,
4658,223,1.219,18,0.77,,,,
4683,224,-8.366,25,0.78,,,,
4697,225,-0.39,14,0.78,,,,
4712,226,0.396,15,0.78,,,,
4738,227,-0.002,26,0.78,,,,
4750,228,-1.146,12,0.79,,,,
4766,229,-1.533,16,0.79,,,,
4800,230,7.268,34,0.8,,,,
4825,231,5.204,25,0.8,,,,
4836,232,-3.518,11,0.8,,,,
4854,233,-0.737,18,0.8,,,,
4874,234,4.418,20,0.81,,,,
4908,235,7.225,34,0.81,,,,
4934,236,5.276,26,0.82,,,,
4957,237,8.758,23,0.82,,,,
4987,238,11.955,30,0.82,,,,
5002,239,-1.326,15,1.17,21.702012,-3.729216,9.257929,0.9991
5034,240,6.525,32,1.68,9.404159,-7.071898,9.904057,0.98949
5044,241,-1.683,10,1.83,7.11642,-7.702714,9.909144,0.986509
5078,242,-0.178,34,2.43,7.144517,-8.084592,9.854603,0.976489
5090,243,0.401,12,2.62,7.360591,-8.373327,9.793082,0.972994
5109,244,-7.191,19,2.87,7.117442,-8.598858,9.749862,0.967501
5143,245,5.169,34,3.31,6.7163,-8.883858,9.678577,0.957794
5160,246,-0.461,17,3.52,6.54441,-9.189996,9.618193,0.952992
5180,247,0.263,20,3.8,5.991193,-9.400058,9.539394,0.947399
5196,248,-2.132,16,4.04,5.474044,-9.546848,9.497243,0.942965
5226,249,-3.168,30,4.45,5.078794,-9.80853,9.420645,0.934735
5261,250,1.838,35,5.06,4.384701,-10.097746,9.324116,0.925276
5310,251,2.055,49,5.8,4.149398,-10.519865,9.202158,0.912283
5330,252,1.902,20,6.09,4.139178,-10.775392,9.097169,0.907059
5362,253,-0.773,32,6.51,4.056066,-11.041509,9.017245,0.898802
5376,254,0.265,14,6.7,4.334327,-11.201764,8.936741,0.895229
5414,255,1.349,38,7.19,3.743635,-11.505141,8.857085,0.885653
5452,256,23.584,38,7.73,4.144862,-11.776755,8.749577,0.876226
5512,257,4.838,60,8.54,3.973975,-12.28105,8.597743,0.861678
5538,258,-2.401,26,8.92,4.36203,-12.624218,8.467995,0.85549
5604,259,9.255,66,9.77,4.301204,-13.146309,8.315527,0.840128
5711,260,0.752,107,11.24,4.439323,-13.976515,8.079567,0.816102
5781,261,-3.528,70,12.12,4.246079,-14.9577,7.809333,0.800994
5864,262,4.924,83,13.25,4.645775,-15.696218,7.563036,0.783726
5920,263,4.879,56,14.03,5.038332,-16.409068,7.35837,0.772424
5969,264,13.383,49,14.82,4.826763,-17.012383,7.217549,0.762742
6086,265,-11.626,117,16.49,5.093301,-17.782784,7.026192,0.740314
6245,266,2.073,159,18.63,5.315422,-19.242835,6.664564,0.711527
6360,267,-1.281,115,20.13,5.861595,-20.662105,6.323194,0.691807
6477,268,-20.052,117,21.98,5.976454,-21.75953,6.082911,0.672535
6639,269,256.048,162,24.34,6.127701,-23.2101,5.785191,0.647149
6777,270,-19.312,138,26.28,6.904011,-24.872746,5.488121,0.626634
6936,271,52.614,159,28.39,7.208548,-26.287053,5.217881,0.604101
7023,272,-15.892,87,29.47,6.907214,-27.584511,4.979164,0.59232
7140,273,-3.874,117,31.3,7.807682,-28.395779,4.801585,0.576989
7763,274,684.203,623,40.14,8.672527,-32.248449,4.277358,0.50338
7909,275,244.558,146,42.35,10.398773,-36.364994,3.761583,0.487945
8288,276,237.265,379,48.01,12.21419,-38.892985,3.513001,0.450094
8432,277,263.267,144,50.07,12.164171,-41.361134,3.287211,0.436467
8618,278,302.381,186,52.89,13.900276,-42.948024,3.155553,0.419446
8933,279,183.312,315,57.13,15.389898,-45.144664,2.950603,0.392215
9161,280,341.999,228,60.01,15.787091,-46.98834,2.788057,0.373409
9325,281,48.692,164,62.5,16.145521,-48.733708,2.657699,0.360433
9697,282,480.617,372,67.94,18.515476,-50.419011,2.480249,0.33272
9986,283,390.111,289,72.34,20.167281,-52.921281,2.31516,0.312465
10185,284,293.609,199,76.62,20.644474,-54.471222,2.17937,0.299239
10392,285,309.505,207,79.47,23.030089,-55.684889,2.07491,0.286085
10567,286,270.038,175,82.15,23.01688,-57.108981,1.998226,0.275354
10721,287,43.03,154,84.45,24.025887,-57.905628,1.905147,0.266298
10845,288,39.223,124,86.34,25.990343,-58.494251,1.86028,0.259171
10991,289,43.594,146,88.65,24.23591,-58.961977,1.793317,0.251062
11221,290,325.659,230,92.21,24.645653,-59.649717,1.714628,0.238789
11461,291,87.75,240,95.73,26.188672,-60.619497,1.632109,0.226555
11597,292,26.316,136,97.68,25.896689,-61.088875,1.527198,0.220023
11725,293,218.028,128,99.69,26.142829,-61.547117,1.483952,0.214057
11899,294,286.565,174,102.03,25.751195,-62.141035,1.417687,0.206248
12148,295,363.326,249,105.74,24.747635,-62.970318,1.347489,0.195558
12372,296,281.011,224,109.02,27.576655,-63.674995,1.26548,0.186434
12514,297,223.646,142,111.15,25.449946,-64.306681,1.180643,0.181006
12662,298,199.451,148,113.28,27.517931,-64.850431,1.147021,0.175464
12758,299,6.323,96,114.65,30.470036,-65.052169,1.082053,0.172046
12956,300,71.661,198,117.11,27.139168,-65.270084,1.037512,0.165238
13153,301,-9.84,197,119.9,27.953332,-65.535634,0.964243,0.15884
13436,302,126.396,283,124.38,25.853923,-65.757263,0.898494,0.150129
13595,303,30.318,159,126.74,24.931036,-65.819293,0.835105,0.145493
13922,304,420.002,327,131.6,24.861205,-66.123614,0.778052,0.136418
14042,305,33.176,120,133.35,28.459485,-66.521505,0.720705,0.133257
14309,306,83.431,267,136.78,25.502956,-66.593842,0.684734,0.126493
14447,307,25.33,138,138.6,25.665743,-66.620085,0.635671,0.123172
14573,308,-12.825,126,140.35,26.240938,-66.849609,0.606414,0.120249
14720,309,23.909,147,142.62,25.500419,-67.004811,0.573403,0.116947
14907,310,58.752,187,145.45,25.977298,-66.89659,0.540435,0.112942
15087,311,31.091,180,147.7,25.478112,-66.910755,0.518935,0.109163
15209,312,-10.755,122,149.26,26.33808,-66.836323,0.478951,0.106748
15614,313,290.348,405,154.76,26.575552,-66.974779,0.437809,0.099174
15743,314,-12.08,129,156.48,28.274562,-67.005008,0.407682,0.096834
15929,315,52.304,186,159.15,26.926751,-67.106694,0.389067,0.093565
16088,316,11.247,159,161.38,27.026337,-67.111174,0.359929,0.090917
16361,317,426.486,273,165.32,27.372142,-67.274528,0.335777,0.086551
16566,318,350.852,205,168.2,29.123208,-67.949798,0.307746,0.083432
16865,319,503.452,299,173.08,30.761478,-68.46483,0.27599,0.079215
17106,320,423.44,241,176.54,30.823502,-69.354503,0.248987,0.076005
17233,321,198.155,127,178.32,30.460647,-69.787645,0.22508,0.074427
17397,322,352.25,164,180.76,32.606724,-70.095081,0.222012,0.072357
17564,323,243.939,167,183.13,31.67446,-70.748315,0.200778,0.070407
17772,324,333.387,208,185.93,32.768446,-71.445917,0.183344,0.068095
18081,325,447.405,309,190.18,33.452939,-72.227641,0.162877,0.064895
18237,326,253.847,156,192.4,35.779669,-72.677162,0.137454,0.063463
18422,327,330.307,185,195.13,35.456652,-73.312285,0.129813,0.061791
18608,328,304.37,186,197.79,34.702946,-73.869714,0.120203,0.060157
18805,329,349.63,197,200.8,35.241166,-74.851093,0.099588,0.058637
19003,330,396.804,198,203.74,35.040728,-75.272539,0.093567,0.057144
19185,331,291.396,182,206.45,33.999914,-76.062563,0.088349,0.055777
19300,332,189.582,115,207.99,34.216874,-76.61187,0.071652,0.055034
19494,333,300.764,194,210.7,34.920518,-77.111779,0.061679,0.053928
19695,334,340.918,201,213.6,34.331328,-77.601286,0.058233,0.052751
19902,335,370.079,207,216.59,34.188857,-78.43068,0.054524,0.051546
20902,336,1082.637,1000,234.9,34.116717,-80.444043,0.037204,0.046792
21285,337,632.05,383,240.76,33.641431,-82.947868,0.016071,0.045759
21580,338,504.227,295,245.38,34.170447,-84.431423,0.007355,0.045326
21913,339,613.45,333,250.55,33.382649,-85.882852,0.006102,0.044909
22187,340,453.13,274,254.31,33.899734,-87.304584,0.003637,0.044663
22488,341,563.969,301,258.75,33.835467,-88.41111,0.002928,0.044415
22847,342,630.255,359,264.33,34.156602,-90.11787,-5.7e-05,0.044351
22968,343,214.005,121,266.3,33.817235,-90.769407,-0.002723,0.04453
23151,344,289.223,183,269.26,33.979755,-91.358409,-0.002646,0.044651
23304,345,288.231,153,271.65,34.516457,-92.167343,-0.003261,0.044883
23488,346,306.214,184,274.56,34.532294,-92.813034,-0.005096,0.045326
23667,347,334.107,179,277.44,33.964574,-93.509073,-0.001327,0.045425
23948,348,518.409,281,281.56,34.487878,-94.514487,0.001332,0.045191
24106,349,278.421,158,283.71,34.659175,-95.281628,0.002607,0.044977
24298,350,351.777,192,286.47,34.906036,-95.863284,0.003949,0.044596
24515,351,437.234,217,289.69,33.288209,-96.575458,-0.00266,0.044866
24753,352,473.614,238,293.08,33.492981,-97.763931,-0.000596,0.045011
24906,353,27.666,153,295.43,33.486037,-98.209377,-0.002043,0.045252
25130,354,406.767,224,298.87,33.226745,-98.722445,-0.001743,0.045532
25393,355,498.524,263,303.05,33.060805,-99.456758,0.00312,0.045001
25563,356,306.346,170,305.74,33.906929,-100.23445,-0.002627,0.045312
25752,357,375.97,189,308.62,33.047406,-100.606388,-0.002712,0.045621
26031,358,340.735,279,312.61,31.912806,-101.013861,0.00466,0.044709
26188,359,313.933,157,315.12,32.16251,-101.444927,0.006037,0.043954
26504,360,229.745,316,319.72,32.236689,-102.263617,0.002354,0.043399
26719,361,399.788,215,322.75,32.5336,-102.732348,0.003165,0.042966
26891,362,341.66,172,325.26,32.513173,-103.185499,0.000653,0.042738
27005,363,208.779,114,326.94,33.117367,-103.584911,-0.003558,0.043124
27121,364,221.585,116,328.64,32.851458,-103.91749,0.00046,0.043023
27264,365,257.758,143,330.69,33.3353,-104.100245,-0.000395,0.043029
27622,366,642.3,358,336.21,33.880808,-104.366856,0.001088,0.042925
27836,367,475.067,214,339.47,33.147361,-105.046417,0.000156,0.042746
28062,368,465.798,226,342.77,32.475965,-105.162703,0.002545,0.042402
28234,369,368.306,172,345.26,32.633129,-105.813667,0.001493,0.042186
28414,370,353.223,180,347.95,32.073623,-105.856071,0.000946,0.042028
28559,371,295.493,145,349.74,32.53692,-106.273922,0.000505,0.041924
28713,372,373.215,154,351.62,31.941505,-106.357453,4e-06,0.042008
28818,373,38.7,105,353.03,33.603533,-106.59573,0.000166,0.041932
29129,374,601.58,311,357.26,32.008549,-107.199476,0.001947,0.041503
29284,375,17.157,155,359.4,32.010064,-107.311955,-0.003346,0.04191
29557,376,511.414,273,363.39,33.026384,-107.428432,-0.000961,0.04207
29815,377,143.877,258,367.15,33.723182,-107.802535,0.003085,0.04146
29956,378,74.385,141,368.99,33.962085,-107.986497,-0.002342,0.041745
30356,379,340.403,400,375.44,33.698707,-108.47206,0.002005,0.041097
30704,380,403.687,348,380.29,35.460695,-108.738442,0.001448,0.040768
30906,381,327.984,202,383.25,35.149519,-108.799046,-0.000661,0.040728
31090,382,330.818,184,385.73,35.454595,-108.976112,0.004484,0.04026
31478,383,579.355,388,391.5,37.029712,-109.491592,0.000898,0.039891
31681,384,334.841,203,394.45,37.586606,-110.004415,-0.000379,0.039968
31853,385,313.92,172,396.91,34.738733,-109.949632,-0.002382,0.040273
32077,386,382.544,224,400.88,36.307213,-110.177499,-0.002817,0.040788
32337,387,395.876,260,404.67,36.59982,-110.596005,-0.002268,0.041206
32546,388,315.295,209,407.74,36.426443,-110.906827,-0.002214,0.041586
32699,389,312.874,153,409.89,36.935238,-110.464669,0.002761,0.041345
33092,390,459.931,393,415.73,38.188535,-111.156611,0.00231,0.040551
33305,391,385.406,213,419.02,37.588175,-111.043113,-0.00036,0.040608
33528,392,345.625,223,422.25,37.833458,-111.381238,-0.00138,0.040804
33666,393,195.342,138,424.37,37.386698,-111.469956,-0.004423,0.041287
33841,394,-32.545,175,426.92,37.785489,-111.69147,0.000243,0.04133
34041,395,371.496,200,429.82,37.913732,-111.45458,0.000264,0.041221
34259,396,221.476,218,433.06,39.514555,-111.825321,0.002398,0.040848
34523,397,171.916,264,437.17,38.112876,-111.961837,0.002477,0.040259
34700,398,0.539,177,439.81,39.973055,-111.863193,-0.001417,0.040514
34862,399,289.166,162,442.19,39.731711,-111.902158,0.001097,0.04036
34991,400,218.531,129,444.05,39.427386,-111.916574,0.000301,0.040236
35185,401,381.421,194,446.83,40.147886,-112.013222,2.1e-05,0.040229
35398,402,427.38,213,449.72,40.198007,-112.251888,-0.000202,0.04029
35585,403,358.753,187,452.18,40.692975,-112.187737,-0.002108,0.040647
35720,404,250.445,135,453.83,39.640363,-112.327544,0.007343,0.039928
35935,405,250.416,215,456.74,38.652379,-112.541976,0.003375,0.039301
36080,406,300.935,145,458.7,39.024157,-112.497997,0.00243,0.039001
36232,407,222.547,152,460.81,40.278199,-112.718677,-0.000632,0.039142
36476,408,88.748,244,464.2,39.570322,-112.518179,-0.000461,0.039117
36921,409,631.429,445,470.59,41.007291,-112.624419,-0.000141,0.039183
37094,410,289.664,173,472.85,40.065139,-112.574784,-0.001307,0.039433
37310,411,379.392,216,475.82,39.230709,-112.852433,0.000828,0.039187
37589,412,247.858,279,479.8,40.099829,-112.678829,-0.002328,0.039597
38129,413,-60.689,540,487.55,41.064638,-112.90624,0.001507,0.039125
38295,414,298.526,166,489.97,43.064178,-112.518723,0.001508,0.03901
38460,415,329.059,165,492.35,42.589785,-112.448047,0.000972,0.038784
38704,416,339.635,244,495.95,43.29834,-112.406596,0.000262,0.038711
38935,417,17.107,231,499.19,43.569265,-112.150826,-0.004328,0.03955
39117,418,330.582,182,501.46,43.442873,-111.958562,-6e-05,0.039583
39224,419,199.201,107,502.75,44.879819,-111.970767,-0.000943,0.039659
39425,420,340.231,201,505.43,44.57718,-112.005145,-0.003928,0.040344
39653,421,38.566,228,508.7,43.344351,-111.671921,-0.004611,0.041146
39816,422,249.45,163,510.88,43.880123,-111.896088,-0.003027,0.041583
40047,423,390.297,231,516.0,43.488652,-111.709981,-0.000113,0.041619
40184,424,199.004,137,517.97,43.40312,-111.451667,0.004268,0.041237
40351,425,274.108,167,520.39,43.624577,-111.494737,0.002339,0.040849
40645,426,372.943,294,524.94,42.287434,-111.356135,-0.004547,0.041853
40981,427,163.013,336,530.32,41.813643,-111.403612,0.002553,0.041289
41147,428,259.46,166,533.12,43.923666,-111.086798,-0.003234,0.04156
41379,429,373.09,232,537.16,42.869991,-111.047401,0.00071,0.041554
41583,430,388.993,204,540.66,43.62434,-110.816631,0.003262,0.04104
41841,431,465.524,258,545.42,42.11661,-110.928787,0.002274,0.040523
42079,432,387.846,238,550.89,41.160637,-110.960903,-0.000405,0.040576
42277,433,361.512,198,555.82,42.300177,-110.744006,-0.003628,0.041153
42553,434,449.913,276,562.88,41.495586,-110.950152,0.00035,0.041092
42710,435,248.954,157,566.69,41.008647,-111.036544,0.001875,0.040826
42951,436,371.659,241,571.96,42.109524,-111.251464,-0.001431,0.04114
43475,437,733.781,524,582.71,40.764428,-110.891078,0.001602,0.040391
43678,438,365.042,203,585.37,41.152446,-110.763786,-0.00511,0.041141
43811,439,217.749,133,587.28,39.296641,-110.840396,-0.007941,0.042124
44194,440,739.812,383,592.97,39.783319,-111.126578,-0.000842,0.042469
44427,441,433.844,233,596.56,39.953795,-110.967285,0.006349,0.041179
44629,442,433.681,202,599.44,39.37608,-111.001179,-0.002924,0.041629
44783,443,318.168,154,601.38,40.060653,-111.082033,0.003288,0.041323
44998,444,443.121,215,604.3,39.022404,-110.771417,0.005282,0.040393
45211,445,322.257,213,607.22,38.489923,-110.875252,-4.5e-05,0.040478
45377,446,364.769,166,609.39,38.649999,-110.503836,-0.000709,0.040588
45586,447,410.902,209,612.37,37.898283,-110.964335,-0.003812,0.041068
45762,448,313.153,176,614.99,37.951746,-110.818253,0.00456,0.04052
45878,449,158.645,116,616.73,36.50997,-111.036648,-0.003246,0.040827
46085,450,395.143,207,619.76,37.660419,-111.116324,0.001659,0.040476
46311,451,486.931,226,623.12,37.314043,-110.63742,-0.005656,0.041498
46538,452,478.788,227,626.36,36.35022,-110.899302,-0.002241,0.041876
46755,453,412.933,217,629.55,36.370654,-111.000938,0.000776,0.041737
46958,454,342.978,203,632.72,34.967378,-110.970077,0.002599,0.041347
47222,455,486.05,264,636.65,34.758241,-110.96002,-0.00222,0.041804
47455,456,406.955,233,639.82,36.188757,-111.041505,-0.001116,0.042088
47766,457,520.632,311,644.57,35.09513,-111.220018,-0.002229,0.042567
47914,458,273.235,148,646.56,33.807251,-111.408245,-0.002078,0.042883
48063,459,268.831,149,648.7,35.315585,-111.137326,0.002673,0.042566
48317,460,486.153,254,652.88,34.357555,-111.303278,4.1e-05,0.042623
48503,461,305.963,186,655.79,34.33888,-111.291236,0.000516,0.042425
48721,462,394.553,218,658.96,33.288257,-111.661308,0.004955,0.041603
49108,463,562.046,387,665.0,33.689336,-111.403172,-0.001053,0.041849
49304,464,409.627,196,667.98,33.461928,-111.287728,0.001241,0.041735
49470,465,267.312,166,670.67,33.102042,-111.425291,0.003873,0.041176
49704,466,452.838,234,674.17,32.876509,-111.777103,0.000908,0.040925
49851,467,239.817,147,676.2,32.710934,-111.771125,0.000594,0.040949
50025,468,341.607,174,681.13,31.977457,-111.641906,-0.003366,0.041338
50240,469,389.822,215,684.24,31.671861,-111.833889,-0.001523,0.041674
50449,470,314.798,209,687.23,33.034238,-111.756076,0.000217,0.041636
50632,471,369.052,183,689.84,32.019692,-111.82553,0.002241,0.041398
50800,472,293.88,168,692.2,31.605157,-112.16614,0.000853,0.041319
50962,473,278.977,162,694.54,31.780143,-112.15609,0.000385,0.041135
51277,474,511.957,315,699.23,31.156497,-112.092218,-0.001956,0.041598
51526,475,409.491,249,702.94,30.618571,-112.127443,0.000932,0.041504
51759,476,416.279,233,706.3,30.993845,-112.143946,-0.000149,0.04157
51906,477,222.808,147,708.28,31.39307,-112.059585,0.004221,0.040995
52114,478,371.704,208,710.96,30.573559,-112.315386,0.008008,0.039759
52563,479,817.045,449,716.43,29.835532,-112.442061,-0.000262,0.039791
52786,480,388.049,223,719.38,29.452519,-112.828141,0.000269,0.039719
53063,481,464.941,277,723.07,29.250884,-112.615169,-0.000568,0.039823
53237,482,309.757,174,725.39,28.236651,-112.73289,-0.001144,0.039942
53403,483,56.842,166,727.6,29.064262,-112.617999,-0.000778,0.040196
53592,484,362.607,189,730.23,29.016003,-112.941936,-0.000634,0.040219
53791,485,281.531,199,732.64,28.727801,-112.54457,-0.00197,0.040612
54072,486,504.715,281,736.05,28.723429,-112.956764,-0.002474,0.041153
54287,487,319.113,215,739.1,28.14303,-112.89879,-0.00036,0.041164
54486,488,357.705,199,742.13,28.507701,-112.879796,0.002988,0.040695
54694,489,309.424,208,745.44,27.11064,-113.017921,0.000256,0.040719
54968,490,474.554,274,749.7,27.261696,-112.899046,0.005235,0.039554
55138,491,411.851,170,752.36,26.926496,-113.213175,0.000475,0.039498
55332,492,298.451,194,755.5,27.598682,-112.877778,-0.002213,0.039802
55489,493,256.856,157,758.04,26.034611,-112.949131,0.001643,0.039668
55706,494,388.854,217,761.47,25.866231,-112.963336,0.002587,0.03911
55901,495,338.672,195,764.5,26.261689,-113.364702,-0.001861,0.039396
55993,496,50.186,92,766.01,25.652875,-112.789618,-0.005485,0.03983
56232,497,416.411,239,769.95,26.612975,-113.064824,0.001803,0.03951
56431,498,350.708,199,773.45,25.865139,-113.195354,0.001485,0.039267
56760,499,559.297,329,778.97,26.507786,-113.092155,0.003244,0.038509
56923,500,315.014,163,781.85,26.084248,-113.196873,0.005576,0.037689
57092,501,274.676,169,784.76,24.864872,-113.229575,0.00383,0.037258
57326,502,479.755,234,788.63,24.98795,-113.012005,0.003015,0.036677
57613,503,459.677,287,793.64,24.684628,-113.133575,-0.002,0.037118
57791,504,374.642,178,796.76,24.75729,-112.931958,-0.00142,0.037279
57928,505,285.53,137,798.61,23.608565,-113.100485,0.002239,0.037078
58225,506,478.018,297,802.37,23.937274,-113.333871,0.001367,0.036734
58438,507,459.654,213,805.34,24.100046,-113.07122,0.000766,0.036693
58655,508,472.276,217,808.42,23.1099,-113.099423,0.002369,0.03619
58845,509,307.0,190,811.08,22.945285,-112.854365,-0.002072,0.036511
59142,510,522.651,297,815.24,23.29366,-113.027058,-0.001871,0.037032
59389,511,507.118,247,818.45,22.69729,-112.853064,0.001358,0.036752
59523,512,231.003,134,820.11,23.062242,-112.808297,-0.001501,0.036802
59733,513,417.19,210,822.78,22.193955,-112.756169,0.00299,0.036391
60039,514,597.922,306,828.93,22.125641,-113.013018,0.000898,0.036214
60182,515,264.715,143,831.0,22.593029,-112.692331,0.001721,0.036034
60354,516,282.516,172,833.56,22.248301,-113.105558,-0.001566,0.036201
60490,517,249.76,136,835.51,21.180869,-113.124643,0.004483,0.035749
60630,518,227.83,140,837.55,22.160219,-113.039352,-0.002221,0.035979
60896,519,483.413,266,841.28,22.037339,-112.756063,-0.000404,0.036033
61059,520,299.086,163,843.67,21.422657,-113.010151,0.002142,0.035888
61405,521,578.283,346,848.24,21.65888,-112.878898,-3.3e-05,0.035735
61587,522,278.127,182,850.79,21.056379,-112.765466,0.001072,0.035634
61893,523,556.504,306,855.09,21.323758,-112.879926,-0.002895,0.036308
62082,524,371.639,189,857.7,21.631532,-112.678513,0.004286,0.035695
62347,525,354.102,265,861.23,21.159629,-112.763255,0.000865,0.035504
62568,526,394.611,221,864.25,20.746871,-112.691583,-0.001792,0.035797
62741,527,335.519,173,866.65,20.993825,-112.439684,-0.000957,0.035887
63004,528,564.339,263,870.03,20.468147,-112.34645,0.002103,0.035474
63246,529,470.305,242,873.2,20.496813,-112.651245,0.000202,0.035509
63507,530,427.897,261,876.57,21.148132,-112.387716,0.001757,0.035018
63771,531,451.226,264,880.28,20.29029,-112.561142,-0.001353,0.035356
63930,532,295.52,159,882.78,19.848966,-112.625082,-0.003376,0.035751
64212,533,452.255,282,887.28,20.267083,-112.419772,0.00207,0.035415
64334,534,240.925,122,889.08,20.292141,-112.171865,-0.002503,0.035617
64616,535,591.485,282,893.46,20.043806,-112.478492,-0.001223,0.03581
64764,536,244.749,148,895.59,20.387366,-112.602767,0.003306,0.035423
64954,537,353.008,190,898.08,19.37873,-112.134569,0.000672,0.035401
65174,538,418.613,220,900.91,20.318871,-112.646429,0.001127,0.035155
65582,539,612.354,408,906.6,19.93043,-112.406724,-0.001604,0.035704
65842,540,478.902,260,910.4,19.810861,-112.41713,-0.002297,0.036219
66064,541,415.925,222,913.54,20.30713,-112.131674,-0.001371,0.036405
66369,542,520.499,305,917.65,19.955138,-112.484724,0.002759,0.035752
66647,543,457.025,278,921.74,19.653801,-112.251021,0.000823,0.035616
66960,544,493.76,313,925.87,19.102808,-112.193389,-0.000235,0.035573
67156,545,409.183,196,928.56,19.405985,-112.199074,0.001298,0.035359
67406,546,456.928,250,932.2,19.392395,-112.107524,7.6e-05,0.035433
67595,547,364.367,189,934.86,18.709306,-112.276016,0.002636,0.034994
67844,548,492.293,249,938.32,18.898372,-112.378849,0.004241,0.034137
68134,549,522.834,290,942.42,19.3535,-111.956493,0.001313,0.033886
68522,550,739.886,388,947.57,18.552064,-112.135773,0.001361,0.033337
68820,551,524.797,298,951.6,18.685214,-112.264923,-0.001138,0.033698
69100,552,514.509,280,955.47,18.762531,-112.026042,-0.00314,0.034312
69344,553,401.192,244,958.88,18.541655,-112.022628,-0.00159,0.034655
69554,554,374.887,210,961.86,18.828342,-112.310283,0.002762,0.0342
70287,555,1202.377,733,974.11,18.473619,-112.320301,0.000377,0.033939
70513,556,467.323,226,977.13,18.213066,-112.460834,-0.000353,0.03403
70741,557,398.492,228,980.53,17.632548,-112.261407,9e-06,0.034026
70981,558,402.318,240,984.11,17.83084,-112.628981,0.001313,0.033829
71214,559,453.526,233,987.75,18.303424,-112.093129,-0.001986,0.034136
71379,560,337.085,165,990.09,18.213748,-112.449289,-8.1e-05,0.034156
71713,561,608.692,334,995.0,17.808996,-112.513765,0.00048,0.034058
71963,562,482.539,250,999.28,17.968261,-112.601288,0.001276,0.033854
72315,563,433.974,352,1004.86,17.148665,-112.690657,0.000871,0.033579
72614,564,494.706,299,1009.44,17.420839,-112.519269,-0.001385,0.033832
73045,565,794.116,431,1016.24,18.116391,-112.685215,-0.000541,0.034036
73334,566,529.007,289,1020.72,17.805887,-112.491137,-0.000635,0.034255
73516,567,376.114,182,1023.78,17.516262,-112.773447,0.001695,0.03402
74516,568,1494.646,1000,1039.36,17.308836,-113.093568,-0.000883,0.034728
74759,569,390.783,243,1042.77,17.146611,-113.68543,-0.000786,0.034867
75231,570,619.512,472,1049.35,17.179732,-113.5183,0.001979,0.03421
75434,571,372.886,203,1051.79,17.282758,-113.538215,-3e-05,0.034183
75694,572,547.197,260,1055.23,17.227038,-113.403527,0.001261,0.033912
76011,573,601.477,317,1059.32,17.131711,-113.7304,0.002881,0.033249
76782,574,1197.242,771,1070.22,17.222152,-113.743294,-0.001463,0.034139
77030,575,488.293,248,1073.54,16.656988,-113.852797,0.00195,0.03367
77257,576,433.158,227,1076.49,16.999562,-114.264074,0.000291,0.0337
77482,577,477.718,225,1079.23,17.471823,-114.040591,8.8e-05,0.033642
77818,578,687.101,336,1083.44,16.719989,-114.148022,-0.00071,0.033869
78550,579,1182.313,732,1093.47,16.657187,-114.466007,0.001096,0.033223
78744,580,366.473,194,1096.15,16.552971,-114.822763,-0.004261,0.033757
79502,581,1717.6,758,1107.88,16.528189,-115.014016,0.000621,0.033456
79708,582,401.187,206,1111.11,16.501864,-115.002416,-0.001447,0.033646
80052,583,786.223,344,1122.15,16.267852,-115.07382,0.002327,0.033081
80378,584,440.929,326,1127.22,16.616593,-115.307115,0.000623,0.032877
80605,585,559.283,227,1130.81,16.704104,-115.547961,-0.002242,0.033252
81495,586,1837.972,890,1144.82,16.970667,-115.610495,5.6e-05,0.033279
81887,587,816.761,392,1151.1,16.726103,-116.329165,-0.001254,0.033715
82103,588,492.24,216,1154.52,16.799301,-116.384705,0.003606,0.033063
82950,589,1902.601,847,1165.92,16.918023,-116.446004,-0.002177,0.034462
83595,590,1222.772,645,1174.44,17.150525,-116.996341,0.00228,0.033425
83961,591,563.321,366,1179.73,17.444065,-117.410292,-0.001577,0.033804
84195,592,490.727,234,1182.85,17.90748,-117.644441,0.000207,0.033804
84623,593,501.086,428,1188.54,17.082201,-117.63981,-0.000695,0.034063
84945,594,770.125,322,1192.9,17.43616,-117.924468,0.000371,0.033914
85397,595,589.457,452,1199.62,17.669906,-118.217617,-0.000355,0.034121
86370,596,1571.981,973,1213.23,17.979827,-118.886425,-0.000352,0.034322
86635,597,578.522,265,1216.96,17.622233,-119.411402,-0.000794,0.03446
86852,598,402.122,217,1220.0,17.970185,-119.458748,-0.002759,0.034931
87066,599,416.899,214,1223.07,18.689257,-119.710392,-0.001831,0.035258
87323,600,548.532,257,1227.17,18.891063,-119.887423,-0.003062,0.035838
87517,601,304.205,194,1230.26,18.916794,-119.797991,0.001445,0.035717
87769,602,326.848,252,1233.95,18.379435,-119.79377,0.001807,0.03536
87987,603,188.521,218,1237.13,18.957202,-120.25604,0.003998,0.034559
88396,604,688.101,409,1242.58,19.533381,-120.371694,0.00212,0.033913
88904,605,915.562,508,1249.79,19.548412,-120.479912,-0.000596,0.034159
89115,606,277.876,211,1252.89,18.500577,-120.757073,0.002001,0.033814
89215,607,207.625,100,1254.31,18.726445,-121.107353,-0.004464,0.034166
90196,608,1353.614,981,1271.21,19.881478,-121.261566,-0.000424,0.034521
90734,609,895.529,538,1279.41,20.09867,-121.796486,0.000699,0.034291
91053,610,809.413,319,1283.84,20.466893,-122.143086,0.000325,0.034119
91268,611,481.322,215,1286.71,19.543102,-122.155109,0.001478,0.03389
91758,612,1002.694,490,1293.02,20.286402,-122.385264,-0.001225,0.034422
92052,613,741.265,294,1297.02,20.454222,-122.44494,0.000136,0.03437
92581,614,1245.288,529,1304.23,20.992239,-122.732566,0.000537,0.034117
93581,615,1731.417,1000,1317.93,21.265568,-123.285107,-0.001007,0.034906
94075,616,1076.637,494,1324.88,21.320688,-123.784599,0.001487,0.034382
94410,617,711.918,335,1329.57,21.559809,-123.981588,-0.00141,0.034707
94677,618,504.227,267,1333.41,22.292263,-124.426569,-0.001873,0.035113
95201,619,1129.059,524,1340.84,22.897838,-124.70198,-0.001712,0.035841
96201,620,2211.21,1000,1354.73,22.237214,-125.401215,-0.001523,0.037149
97201,621,2340.029,1000,1369.53,22.156302,-126.199924,0.000651,0.036764
98201,622,2406.639,1000,1384.95,21.836367,-126.972304,0.000596,0.036212
98929,623,2082.862,728,1396.44,21.671757,-127.879295,-0.000551,0.036517
99830,624,2388.317,901,1408.74,22.114947,-128.704567,0.000571,0.036079
100077,625,634.409,247,1415.32,22.35932,-129.21988,-0.000482,0.036262
101077,626,2235.918,1000,1428.63,22.034318,-129.918295,-0.000944,0.037016
101403,627,754.031,326,1432.92,22.586259,-130.845673,-0.002479,0.037749
101682,628,633.685,279,1436.91,21.925301,-131.302269,-0.001366,0.038078
101907,629,476.135,225,1439.97,22.539116,-131.132185,0.004985,0.037128
102341,630,965.605,434,1445.75,22.947705,-131.508322,-0.001672,0.037714
103002,631,1646.277,661,1453.88,22.549277,-132.315512,0.001263,0.03702
103392,632,867.952,390,1459.56,22.359171,-132.922774,0.00079,0.036652
103753,633,883.113,361,1465.38,22.55221,-133.336733,-0.001288,0.03718
104011,634,581.906,258,1469.58,23.355486,-133.5845,0.001071,0.036947
104318,635,739.254,307,1474.51,22.653464,-133.915719,0.000562,0.036715
104669,636,756.891,351,1480.19,22.96449,-134.134259,1.9e-05,0.036824
104815,637,374.911,146,1482.7,23.270542,-134.580654,0.001546,0.036612
105125,638,885.426,310,1487.72,22.097974,-134.796623,0.000316,0.036433
105532,639,920.272,407,1493.91,22.386243,-135.275442,-0.000767,0.036723
105725,640,337.62,193,1497.04,22.108042,-135.377593,0.001529,0.036546
106346,641,1671.996,621,1507.14,22.527602,-136.02855,-0.002459,0.037696
106848,642,1294.362,502,1514.46,23.081333,-136.346738,-0.002788,0.038915
107211,643,942.883,363,1519.79,22.139793,-137.187302,0.00021,0.038868
107650,644,1103.826,439,1526.17,22.638362,-137.449494,-0.001981,0.039597
107879,645,561.456,229,1529.29,23.21041,-137.800938,0.002119,0.039176
108304,646,944.533,425,1534.72,23.20325,-138.114904,6.7e-05,0.039154
108584,647,649.357,280,1538.67,24.129135,-138.422909,-0.004181,0.040132
108990,648,987.075,406,1544.36,23.602393,-139.035227,-0.000921,0.040466
109990,649,2868.99,1000,1558.05,23.792925,-139.709095,0.000271,0.040248
110342,650,851.421,352,1564.35,23.289827,-140.587806,-0.00288,0.041079
110784,651,1051.989,442,1570.86,23.99451,-141.177737,0.000264,0.041035
111397,652,1783.72,613,1579.58,24.064392,-141.63856,-0.000585,0.04116
111883,653,1376.652,486,1585.63,24.239959,-142.24725,0.002042,0.040452
112020,654,281.347,137,1587.48,23.73612,-142.606354,0.001959,0.04025
112373,655,824.701,353,1592.23,24.52756,-143.060172,-0.000913,0.040583
113041,656,1952.699,668,1602.21,23.695561,-143.785776,-1.7e-05,0.04054
113420,657,1014.809,379,1607.51,24.001348,-144.563333,-0.000663,0.040745
113600,658,359.999,180,1609.99,24.454335,-144.978696,-0.002263,0.041143
113813,659,539.748,213,1612.7,24.384319,-145.064065,0.00094,0.040966
113983,660,426.636,170,1614.95,24.577258,-145.325635,-0.003476,0.041386
114225,661,609.319,242,1618.57,23.919718,-145.161396,0.000129,0.041318
114602,662,930.508,377,1624.17,25.062001,-145.824409,-0.001532,0.041958
114781,663,493.703,179,1626.79,24.489665,-145.933558,-0.000946,0.042022
115203,664,1104.056,422,1632.54,24.515028,-146.447934,-0.000428,0.042175
115910,665,2034.773,707,1642.08,24.415924,-147.313204,-0.000138,0.042287
116799,666,2417.511,889,1654.28,24.569524,-148.529595,-4.4e-05,0.042218
116893,667,158.678,94,1655.53,24.623703,-148.892789,-0.006872,0.042734
117049,668,394.414,156,1657.72,24.154378,-149.232524,-0.000471,0.042873
117458,669,1029.448,409,1662.89,25.089691,-149.471075,0.004467,0.041432
118458,670,2763.314,1000,1676.72,25.098446,-150.046197,-0.000158,0.041595
118873,671,1101.813,415,1682.27,25.009163,-151.028416,-0.001266,0.041894
119064,672,584.649,191,1684.94,25.02128,-151.513818,-0.001097,0.042057
119447,673,929.386,383,1690.2,25.473177,-151.609028,-0.002317,0.042757
119587,674,293.058,140,1692.11,24.888569,-152.281397,9e-05,0.042717
119901,675,820.706,314,1696.3,25.457034,-152.162809,-0.003652,0.043772
120901,676,2902.622,1000,1718.78,25.777695,-152.930313,-0.000953,0.044579
121081,677,368.388,180,1721.6,24.885653,-153.537749,0.00253,0.044145
121200,678,177.906,119,1723.41,25.865067,-153.442005,-0.001621,0.044233
122200,679,2888.386,1000,1738.72,25.887148,-154.261592,-0.000901,0.045088
123200,680,2873.288,1000,1752.73,25.882218,-155.603408,0.000671,0.04456
123504,681,814.841,304,1757.68,25.62248,-156.11599,-0.002767,0.045245
123773,682,654.935,269,1761.38,25.191517,-156.426638,-0.000591,0.045333
123951,683,425.768,178,1763.74,24.854701,-157.376639,-0.00078,0.04542
124200,684,597.517,249,1767.02,25.064409,-156.859448,-0.000392,0.045452
124737,685,1476.967,537,1773.71,25.403911,-157.222654,-0.002426,0.046457
125058,686,859.012,321,1778.19,26.214522,-157.554121,0.004034,0.04558
125462,687,1016.11,404,1783.82,25.095139,-158.254598,0.000145,0.045497
125743,688,765.661,281,1787.9,26.245619,-158.236444,-0.000693,0.045511
126743,689,2910.684,1000,1802.58,25.936948,-159.017848,-0.001274,0.04657
127282,690,1349.046,539,1810.4,25.836367,-159.844689,7e-05,0.046546
128282,691,2870.586,1000,1824.0,26.023233,-160.675365,-0.000926,0.047357
128576,692,649.109,294,1828.07,26.684334,-161.225718,-0.003002,0.048096
128940,693,854.964,364,1833.8,25.973055,-161.477044,0.000956,0.047695
129383,694,1281.868,443,1840.73,26.063676,-161.959219,-0.002659,0.048805
129771,695,1069.921,388,1846.47,25.959831,-162.206186,0.001198,0.048403
130158,696,1107.638,387,1856.31,26.030254,-162.80019,0.000414,0.048209
131158,697,2712.388,1000,1871.08,26.282397,-163.14781,-0.000178,0.04845
131789,698,1728.223,631,1879.98,26.348667,-163.770657,-0.001965,0.049473
132789,699,2773.253,1000,1894.39,26.339108,-164.762174,-0.000613,0.049818
133789,700,2829.017,1000,1907.55,25.994556,-165.75018,-0.000348,0.050045
134155,701,944.233,366,1912.68,26.663257,-166.32885,0.000874,0.049841
134817,702,2054.215,662,1922.42,26.636388,-166.747563,-0.002855,0.051364
135292,703,1263.787,475,1929.45,27.184824,-166.847478,-0.002903,0.052421
136292,704,2828.821,1000,1943.85,26.533045,-167.594832,0.001032,0.051619
137292,705,2773.38,1000,1958.05,26.41043,-168.605235,0.000754,0.051096
138292,706,2601.149,1000,1972.63,26.414751,-169.477514,-0.000452,0.051451
139292,707,2627.42,1000,1985.87,26.345636,-170.551633,0.000661,0.051009
140292,708,2729.936,1000,2004.42,25.835186,-171.465833,-0.001486,0.052134
141292,709,2790.642,1000,2017.78,26.421097,-172.127229,0.001212,0.051001
142292,710,2817.182,1000,2031.68,26.769301,-173.227587,-0.001141,0.051979
142674,711,824.044,382,2036.93,26.091113,-174.070772,0.001532,0.0517
143674,712,2773.416,1000,2050.97,26.425766,-174.599514,0.000443,0.051218
144674,713,2702.77,1000,2065.68,26.243525,-175.352978,0.001489,0.050151
145298,714,1699.376,624,2075.2,26.069197,-176.172077,-0.000592,0.050346
145817,715,1250.995,519,2083.35,25.923897,-176.750095,0.001125,0.049847
146817,716,2798.574,1000,2098.79,25.833014,-177.22297,-0.002349,0.051676
147817,717,2675.229,1000,2114.81,25.819543,-178.121299,0.001555,0.050727
148817,718,2776.09,1000,2129.06,26.404806,-178.860045,-0.001607,0.051975
149817,719,2867.082,1000,2141.84,26.380455,-179.779596,0.001662,0.050604
150462,720,1990.907,645,2157.07,26.283499,-180.7625,-0.000221,0.050771
151462,721,3011.741,1000,2169.87,25.996481,-181.56947,0.0011,0.049866
152462,722,2832.57,1000,2183.94,26.626307,-182.131175,-0.002057,0.051468
153462,723,2789.69,1000,2198.92,25.68452,-182.972247,-0.001351,0.052655
154462,724,2879.794,1000,2213.92,25.964325,-183.774101,-0.000289,0.052917
155462,725,2656.722,1000,2229.97,25.980984,-184.625794,0.002743,0.050524
156462,726,2851.543,1000,2243.91,26.070989,-185.361406,0.000216,0.050419
157462,727,2905.797,1000,2257.16,26.005405,-186.314252,-0.001413,0.051474
158462,728,2871.039,1000,2270.83,26.268785,-186.994053,0.002712,0.049545
159462,729,2880.902,1000,2284.29,25.855525,-188.028759,-0.001065,0.050181
160462,730,2792.646,1000,2304.46,26.230171,-188.822781,-0.000792,0.050768
161462,731,2884.332,1000,2318.73,26.292089,-189.560092,0.000979,0.049946
162264,732,2395.296,802,2329.94,26.249006,-189.956613,0.001397,0.048951
163264,733,2767.026,1000,2343.47,25.966853,-190.53342,-0.000357,0.049371
164022,734,2307.436,758,2353.85,25.202735,-191.249838,-0.000494,0.049712
164460,735,1207.348,438,2359.71,26.033918,-191.825413,-0.002982,0.050806
165016,736,1656.918,556,2367.63,26.709137,-191.915362,-0.000612,0.051045
166016,737,2976.893,1000,2381.21,26.178541,-192.265756,2e-05,0.051067
166591,738,1692.932,575,2389.52,25.908475,-193.046992,-0.001166,0.051585
167591,739,2851.852,1000,2403.53,26.001974,-193.308526,-0.000401,0.051786
168591,740,2853.205,1000,2417.77,26.253744,-194.040656,0.002323,0.050113
169591,741,2782.636,1000,2433.33,25.574607,-194.697574,-0.001772,0.05155
170591,742,3038.765,1000,2454.97,25.457485,-195.568505,0.001144,0.050625
171591,743,2873.803,1000,2470.13,25.393642,-196.307597,-0.000839,0.051205
172591,744,2874.529,1000,2484.25,25.679949,-196.967857,-0.001234,0.052347
173591,745,2770.248,1000,2497.43,25.131328,-197.608296,0.001939,0.050651
174591,746,2789.18,1000,2510.75,25.683654,-198.331862,0.000279,0.050584
175167,747,1708.002,576,2518.04,24.822791,-198.951076,-0.000389,0.050733
176167,748,2849.718,1000,2531.46,26.211696,-199.411132,-0.000984,0.051515
177167,749,2929.231,1000,2546.53,25.639147,-200.012313,0.001212,0.050534
178167,750,3059.57,1000,2563.49,25.71423,-200.900847,-0.000236,0.050723
179167,751,3142.255,1000,2580.62,25.431707,-201.661976,-0.001144,0.051688
180167,752,2885.324,1000,2603.74,25.616877,-202.561764,0.000958,0.050854
181167,753,3187.382,1000,2617.19,25.132918,-203.185115,-0.001737,0.052333
182167,754,3053.289,1000,2630.32,25.855754,-203.843946,0.002397,0.050581
183167,755,3093.851,1000,2644.17,25.158642,-204.696886,-0.00035,0.050631
184167,756,3272.322,1000,2657.64,24.495257,-205.611063,0.000554,0.050355
185167,757,3178.622,1000,2671.79,24.842364,-206.517668,0.001092,0.049335
185960,758,2509.642,793,2682.18,24.233583,-207.22892,-0.002734,0.051155
186960,759,3219.577,1000,2696.46,24.589713,-207.835491,-0.000883,0.052056
187960,760,2983.282,1000,2709.98,24.845273,-208.570683,0.000278,0.051772
188960,761,3064.866,1000,2724.01,24.270524,-209.269759,4.4e-05,0.05165
189960,762,3259.486,1000,2737.32,24.730223,-209.878354,0.001833,0.050262
190960,763,3012.731,1000,2756.24,24.110687,-210.696533,6e-05,0.050092
191960,764,3181.12,1000,2769.4,24.586584,-211.343718,-8.2e-05,0.050266
192960,765,3175.669,1000,2783.98,24.546554,-212.006967,-5.4e-05,0.050144
193960,766,3194.684,1000,2800.06,24.410323,-212.661333,-0.000119,0.050327
194960,767,3372.868,1000,2815.3,24.299926,-213.443563,0.000863,0.049745
195245,768,853.606,285,2818.98,24.067104,-214.121723,-0.004128,0.050701
195508,769,733.44,263,2822.45,23.758753,-213.884471,0.002272,0.05017
196508,770,3293.672,1000,2837.51,24.958447,-214.525077,-0.001382,0.051361
196876,771,1081.755,368,2842.39,24.533669,-214.976447,7.3e-05,0.051348
197876,772,3241.212,1000,2856.38,24.852907,-215.401206,-0.000361,0.051664
198876,773,3430.058,1000,2869.65,24.725579,-215.94282,0.00016,0.051506
199101,774,683.543,225,2872.86,25.291456,-216.633722,-0.004446,0.052303
200101,775,3105.156,1000,2889.58,24.205828,-216.763313,-0.001543,0.053693
200135,776,20.869,34,2890.0,24.385619,-216.658419,-0.006571,0.053884
200449,777,986.259,314,2894.12,27.649075,-216.989148,0.000782,0.053772
201449,778,3328.23,1000,2908.92,25.414386,-217.360594,0.00084,0.052933
202449,779,3113.518,1000,2923.25,25.080262,-217.994471,0.001657,0.051486
202798,780,1037.908,349,2928.24,24.966358,-218.745637,0.001357,0.051136
203798,781,3242.469,1000,2943.62,25.072475,-218.802827,-0.000792,0.051936
204361,782,1698.095,563,2951.89,25.354122,-219.492858,0.001049,0.051474
204401,783,29.278,40,2952.48,26.335704,-219.53403,0.005277,0.051156
204721,784,932.728,320,2957.35,24.513451,-219.534469,-0.001976,0.05168
205406,785,1997.209,685,2966.3,25.464074,-219.886016,-0.000984,0.052225
205649,786,727.836,243,2969.24,24.691621,-219.459282,-0.000922,0.052408
205756,787,194.067,107,2970.54,24.312144,-219.765165,0.006064,0.052015
206015,788,684.053,259,2974.05,25.285497,-219.922124,0.007006,0.050329
206126,789,209.288,111,2975.66,24.274515,-220.052629,-0.003441,0.05065
206829,790,2427.893,703,2985.43,26.265493,-220.128894,-0.003749,0.053037
206926,791,125.514,97,2986.73,25.151775,-220.243091,-0.007363,0.053669
207430,792,1405.593,504,2993.62,25.807787,-220.222028,-0.00334,0.055088
207847,793,1191.97,417,2999.4,26.290706,-220.476296,0.003498,0.053783
208157,794,950.396,310,3003.8,24.682471,-220.499163,0.001671,0.053511
209111,795,3185.818,954,3017.6,27.286361,-220.725864,-1.3e-05,0.053345
209495,796,1118.02,384,3023.03,26.286107,-221.056382,-0.001995,0.054165
209619,797,265.897,124,3024.91,25.044152,-221.267874,-0.000554,0.0541
209760,798,300.537,141,3027.05,25.080985,-221.38181,-0.002401,0.054424
210537,799,2690.396,777,3040.66,27.766092,-221.391272,0.002276,0.05276
211537,800,3522.152,1000,3054.71,26.243506,-221.924808,-0.000574,0.053428
211929,801,1134.752,392,3060.25,26.34372,-222.250356,0.001506,0.052843
212101,802,514.265,172,3062.66,27.842961,-222.020388,-0.001788,0.053156
212868,803,2541.97,767,3072.74,27.775598,-222.367558,0.000448,0.052884
213319,804,1446.688,451,3078.73,25.832213,-222.523571,0.000486,0.052733
213396,805,58.837,77,3079.77,27.692791,-221.777234,-0.006136,0.053004
214396,806,3472.997,1000,3093.45,27.702625,-222.874428,-0.001079,0.054094
214521,807,225.588,125,3095.21,33.124872,-222.765574,0.006158,0.053433
214638,808,224.89,117,3096.65,31.832416,-223.299616,-0.002498,0.053505
214863,809,693.584,225,3099.51,29.392946,-223.126642,-0.000989,0.053818
215130,810,802.662,267,3103.41,27.399832,-222.871084,-0.00641,0.055455
216130,811,3499.083,1000,3117.27,27.50694,-223.021893,0.000994,0.054509
217130,812,3192.786,1000,3131.33,29.021971,-223.402584,-0.000429,0.054781
217272,813,303.765,142,3133.39,31.188743,-223.860556,0.001786,0.054594
217748,814,1451.077,476,3140.54,27.036835,-223.967737,0.00349,0.053101
217871,815,200.095,123,3142.52,28.439338,-223.820324,-0.003104,0.053352
218871,816,2971.669,1000,3156.81,27.817857,-223.725523,-0.000694,0.054051
219204,817,1081.468,333,3161.87,27.067676,-223.740457,-0.00437,0.055445
220002,818,2541.364,798,3178.08,27.967093,-223.872956,0.000436,0.055037
220115,819,240.597,113,3179.84,27.802771,-223.334394,-0.008308,0.055613
220444,820,787.181,329,3184.85,30.783741,-223.934757,-0.003015,0.056724
221444,821,3335.58,1000,3199.18,28.50174,-224.066269,0.002678,0.054419
222444,822,3229.706,1000,3212.6,28.521561,-224.354268,-0.003919,0.05776
223361,823,2860.442,917,3225.31,29.760716,-224.353,0.001311,0.056726
223576,824,629.519,215,3228.06,30.846304,-224.509154,0.001418,0.056441
223696,825,251.01,120,3229.6,29.071131,-224.600061,-0.003022,0.056729
224696,826,3268.015,1000,3243.38,28.368665,-224.802385,0.001368,0.055665
225696,827,2994.472,1000,3256.2,29.415971,-225.067505,0.000998,0.05465
225768,828,88.486,72,3257.16,29.110209,-225.188723,-0.006553,0.055021
226768,829,3287.399,1000,3271.64,28.896528,-225.139261,-0.001568,0.056385
227053,830,854.345,285,3276.05,28.222875,-225.489973,0.003996,0.05541
227502,831,1413.074,449,3283.33,27.999817,-225.454349,-0.00204,0.05614
227715,832,584.798,213,3286.18,28.28406,-225.97828,0.002917,0.055571
228473,833,2472.086,758,3297.89,30.289238,-225.483558,-0.000906,0.056156
229473,834,3199.298,1000,3313.84,29.611821,-225.620318,0.000292,0.055921
230473,835,3022.216,1000,3332.51,29.823051,-225.884707,-0.00085,0.056698
231473,836,3157.191,1000,3346.5,28.715372,-226.386142,-0.000861,0.05745
232302,837,2950.575,829,3357.99,28.694404,-226.73736,-0.000216,0.057574
232801,838,1504.396,499,3364.9,30.905739,-227.110992,0.005214,0.055453
233042,839,703.182,241,3368.35,28.519934,-226.695735,-0.00264,0.055791
234042,840,3361.509,1000,3382.66,28.915987,-227.076053,0.000297,0.055737
235042,841,3327.76,1000,3396.19,29.498956,-227.426021,-0.000155,0.055772
235462,842,1340.872,420,3403.03,27.890458,-227.963553,-0.003535,0.057128
236462,843,3341.259,1000,3416.49,28.748014,-228.133979,0.001825,0.055513
237462,844,3368.102,1000,3430.77,29.635895,-228.370104,-0.000842,0.056215
238039,845,1780.488,577,3438.4,28.286664,-228.662467,-0.000322,0.056402
238218,846,454.828,179,3440.63,29.268115,-228.995054,0.000394,0.05613
238382,847,425.769,164,3442.71,29.117667,-228.735027,-0.002522,0.056798
239382,848,3118.94,1000,3456.71,29.449567,-228.921728,-0.000836,0.057493
239734,849,1018.846,352,3461.37,28.584588,-229.106622,-0.000953,0.057917
240414,850,2026.712,680,3473.66,28.670171,-229.156824,-0.002476,0.059338
241414,851,3254.136,1000,3487.87,29.010004,-229.402648,0.002581,0.056965
241719,852,1031.136,305,3492.02,28.547293,-229.733462,0.000857,0.056762
241924,853,605.273,205,3494.98,27.248343,-229.576952,-0.005286,0.057741
242924,854,3152.952,1000,3509.04,28.661351,-229.825799,0.000637,0.057228
243679,855,2534.61,755,3519.62,28.129683,-230.171044,0.001708,0.056008
244679,856,3297.851,1000,3534.26,28.193236,-230.440152,-0.000829,0.05702
245124,857,1437.924,445,3541.37,29.75026,-230.364764,-0.000719,0.05721
246124,858,3237.972,1000,3556.5,29.428433,-230.756065,0.00154,0.055754
246616,859,1638.529,492,3563.48,27.866535,-230.951096,-0.001926,0.05667
247616,860,3291.552,1000,3576.56,27.673074,-231.011044,-0.001752,0.058294
248616,861,3220.042,1000,3590.56,27.872535,-231.018294,0.000917,0.057487
249616,862,3318.363,1000,3604.85,29.517366,-231.61643,0.001628,0.056143
250616,863,3312.324,1000,3620.73,28.049237,-231.695494,-0.001444,0.057301
251338,864,2374.687,722,3630.73,27.867281,-232.069492,-0.001158,0.05791
252338,865,3345.626,1000,3644.9,28.531938,-232.317128,0.00398,0.05479
252542,866,536.698,204,3647.83,29.076392,-232.552172,0.005947,0.053793
252666,867,281.01,124,3649.69,27.522994,-232.114038,-0.006603,0.054242
253666,868,3323.634,1000,3664.82,29.170714,-232.67199,-0.001322,0.055389
253870,869,560.874,204,3667.94,28.946538,-232.996358,-0.00312,0.056072
254870,870,3308.356,1000,3682.47,28.194367,-232.982378,-0.002791,0.058507
255870,871,3332.465,1000,3696.27,28.354843,-233.276926,0.001883,0.05683
256870,872,3454.212,1000,3709.62,27.525608,-233.660005,-3.4e-05,0.056935
257816,873,3326.621,946,3722.65,28.389246,-234.041746,-0.000337,0.057187
258816,874,3295.542,1000,3736.31,27.612495,-234.339313,0.000729,0.05657
259816,875,3244.258,1000,3750.0,27.959886,-234.665939,-0.000123,0.056627
260431,876,1967.253,615,3764.09,27.609237,-234.87952,-0.003673,0.058614
261431,877,3273.95,1000,3777.97,26.854848,-234.901812,0.003076,0.055952
262431,878,3433.053,1000,3791.1,27.866063,-235.464324,-0.001034,0.056797
263431,879,3390.365,1000,3804.42,27.715747,-235.665086,-0.001009,0.0578
264431,880,3258.005,1000,3818.39,26.850712,-236.165848,-0.000675,0.058605
264665,881,687.503,234,3821.58,26.422408,-236.107887,-0.000713,0.058584
265665,882,3502.301,1000,3834.93,27.40699,-236.403134,0.001576,0.057207
266665,883,3370.388,1000,3849.17,28.063492,-236.724877,-0.001682,0.058937
267665,884,3360.081,1000,3862.97,27.240587,-237.193117,4.1e-05,0.058649
268665,885,3243.838,1000,3876.58,26.827916,-237.166392,-0.000177,0.058848
269665,886,3500.873,1000,3891.94,26.489559,-237.644834,0.001798,0.057223
270665,887,3467.49,1000,3913.11,26.725103,-238.329822,0.000473,0.056768
271665,888,3855.914,1000,3927.43,26.965292,-238.684545,0.001359,0.055578
272665,889,3625.426,1000,3940.71,27.034745,-239.184621,-0.00175,0.057038
273665,890,3634.305,1000,3954.53,26.26428,-239.514816,-0.000401,0.057488
274301,891,2147.027,636,3962.86,26.105417,-239.715428,-0.001393,0.058314
275301,892,3524.203,1000,3976.49,25.980574,-239.972514,0.001255,0.05716
275511,893,569.504,210,3979.38,26.832776,-240.638923,0.00161,0.056836
275722,894,621.354,211,3982.48,26.186276,-240.499328,-0.000429,0.057011
276031,895,932.517,309,3986.99,26.134046,-240.326658,-0.002195,0.057635
276375,896,1022.285,344,3992.0,28.140431,-240.152618,0.002171,0.056864
277024,897,2236.7,649,4001.45,26.017684,-240.445391,-0.003278,0.058918
278024,898,3675.508,1000,4017.38,26.702225,-240.812008,-0.001017,0.060012
278175,899,381.775,151,4019.75,27.294616,-240.976401,0.003022,0.059512
278496,900,1090.694,321,4024.96,26.188378,-241.044479,-0.00126,0.059938
279496,901,3615.942,1000,4040.1,26.192359,-241.325767,0.003324,0.056939
280496,902,3538.315,1000,4057.48,26.442192,-241.768277,-0.000705,0.057476
280736,903,679.083,240,4060.95,27.455016,-241.691575,-0.001523,0.057907
281352,904,2092.049,616,4069.63,25.971537,-242.0998,-0.00016,0.058004
281611,905,762.774,259,4072.82,25.614474,-242.383068,-0.006769,0.059466
281831,906,608.986,220,4075.59,25.99029,-242.665897,0.004663,0.058801
282644,907,2885.538,813,4086.57,26.730683,-242.399373,0.001036,0.05788
283644,908,3482.404,1000,4100.79,27.011901,-242.813038,-0.001634,0.059516
284644,909,3541.962,1000,4114.85,27.32929,-242.860298,0.001571,0.057975
285644,910,3751.708,1000,4128.47,26.661567,-243.487753,-8.7e-05,0.058159
286547,911,3161.073,903,4142.33,26.777876,-243.71451,-0.001772,0.059584
286888,912,1062.836,341,4147.68,27.14046,-243.954406,0.004021,0.058361
287138,913,736.546,250,4151.05,26.658982,-243.992808,-0.000515,0.058596
288138,914,3318.83,1000,4164.85,27.220569,-244.414438,-0.000616,0.059086
289138,915,3690.657,1000,4177.97,27.206054,-244.534829,0.000248,0.058799
289240,916,160.216,102,4179.44,31.628638,-245.060649,0.001095,0.058776
290240,917,3589.75,1000,4198.05,27.019401,-244.902467,-0.002547,0.061044
291240,918,3620.271,1000,4212.08,27.341178,-245.280254,0.001709,0.059348
292240,919,3369.307,1000,4227.38,27.519556,-245.580831,-0.000508,0.05998
292330,920,168.531,90,4228.82,27.627858,-245.268443,-0.004676,0.060284
292508,921,469.312,178,4231.65,26.737904,-245.683158,0.004894,0.059612
293508,922,3662.047,1000,4246.65,27.249674,-245.78157,-0.000926,0.060319
294508,923,3710.967,1000,4261.94,27.433226,-246.177345,-0.000123,0.060595
294759,924,778.737,251,4265.33,26.402779,-246.666734,-0.0037,0.061382
295032,925,807.117,273,4269.71,28.285333,-246.682995,-0.00062,0.061504
295277,926,795.076,245,4273.17,27.572927,-246.141769,-0.000304,0.06159
295401,927,247.744,124,4274.95,26.991975,-246.407378,-0.002954,0.061996
296401,928,3762.321,1000,4288.2,27.436219,-246.567632,0.002811,0.059356
296677,929,741.287,276,4292.01,27.636904,-246.348824,-0.003563,0.060253
297677,930,3675.468,1000,4305.12,27.496388,-246.896829,-0.00069,0.060883
298677,931,3961.78,1000,4319.42,27.898324,-247.011264,0.000333,0.060625
299677,932,3839.087,1000,4333.55,27.546431,-247.494469,-0.001412,0.061838
300677,933,3818.43,1000,4353.47,26.941837,-247.791821,-0.000287,0.062336
301677,934,3849.225,1000,4368.29,27.276879,-248.42554,0.000749,0.061677
301878,935,539.276,201,4371.24,26.627551,-248.610037,-0.000365,0.061738
302878,936,3676.136,1000,4385.99,27.469327,-248.638069,0.000843,0.060848
303878,937,3884.311,1000,4400.97,27.714417,-249.291133,-0.002422,0.063105
304878,938,3683.087,1000,4414.36,27.737442,-249.46602,0.00407,0.059416
305195,939,879.693,317,4418.89,27.335303,-249.600668,-0.002265,0.0601
306195,940,3705.577,1000,4432.81,27.720523,-249.78904,-0.000899,0.06089
306529,941,1009.637,334,4437.56,27.957582,-250.26777,0.004817,0.059456
307529,942,3663.965,1000,4451.55,28.089183,-250.149788,-0.000997,0.060396
308529,943,3842.658,1000,4464.95,27.948167,-250.315898,-0.001674,0.062001
309529,944,3702.735,1000,4479.11,26.736071,-250.888382,0.00224,0.059957
310529,945,3885.674,1000,4497.74,27.224415,-251.282727,0.001411,0.058661
310696,946,436.404,167,4499.93,27.369651,-251.220282,-0.005074,0.059258
311696,947,3796.52,1000,4513.83,27.251989,-251.84788,-0.000306,0.059695
311983,948,897.648,287,4517.66,26.971286,-252.31999,-0.002892,0.060438
312983,949,3587.528,1000,4531.29,26.364915,-252.304331,0.000558,0.059974
313983,950,3788.333,1000,4544.79,27.341165,-252.903711,-0.000638,0.06067
314186,951,613.528,203,4547.55,27.465641,-253.340838,-8.9e-05,0.060573
315186,952,3688.357,1000,4561.84,28.181405,-253.143553,-0.000336,0.061078
316186,953,3879.676,1000,4575.73,27.649498,-253.472305,2.9e-05,0.060951
317186,954,3837.709,1000,4590.38,26.774416,-253.854619,0.000298,0.060699
318186,955,3773.696,1000,4605.85,26.270536,-254.289252,0.000228,0.060442
319186,956,3819.433,1000,4620.11,26.374143,-254.736051,-0.001465,0.061984
320186,957,3885.267,1000,4640.49,27.186461,-255.29897,0.001212,0.060781
321186,958,3760.434,1000,4654.28,27.214787,-255.760716,-0.000736,0.061509
322186,959,3836.552,1000,4668.1,26.997818,-255.967878,-0.00016,0.061619
323186,960,3755.47,1000,4681.13,26.778992,-256.390213,0.002068,0.059665
324186,961,3789.719,1000,4694.9,26.996541,-257.043445,-0.001853,0.061373
324360,962,442.938,174,4697.24,27.214549,-257.072913,-0.001278,0.061786
325360,963,3817.065,1000,4712.49,28.358256,-257.419856,-0.000316,0.061867
325456,964,188.683,96,4713.79,25.744976,-257.862003,0.00058,0.061708
326456,965,3956.111,1000,4728.23,27.438632,-257.88811,-8.4e-05,0.06189
327456,966,3799.103,1000,4743.59,27.07215,-258.171477,0.000785,0.061095
328456,967,3749.576,1000,4759.21,27.368987,-258.807078,0.002131,0.059086
329456,968,3841.841,1000,4772.94,27.422679,-259.068873,-0.000278,0.059493
329792,969,1103.929,336,4777.67,28.352738,-259.63026,0.002772,0.058601
330792,970,3763.403,1000,4795.53,28.250099,-259.753972,-0.002764,0.061193
331792,971,3790.428,1000,4809.2,27.252104,-260.196947,0.000537,0.060748
331972,972,350.888,180,4811.32,24.842549,-260.489064,0.005494,0.059718
332972,973,3925.224,1000,4824.5,27.291251,-260.465987,-1.8e-05,0.059765
333972,974,3945.704,1000,4838.2,27.153976,-260.891567,-0.001183,0.060826
334972,975,3992.979,1000,4852.04,27.067,-261.277873,-0.00125,0.062149
335972,976,3871.087,1000,4865.3,27.104242,-261.78253,0.000382,0.061637
336291,977,1024.529,319,4869.86,28.073593,-261.851173,-0.001377,0.062091
337291,978,3642.323,1000,4884.42,28.700525,-262.095854,0.001841,0.060527
338291,979,3974.683,1000,4897.78,27.236577,-262.476428,0.001687,0.058994
339291,980,3766.955,1000,4911.69,26.926447,-263.19569,-0.003788,0.062612
339359,981,18.547,68,4912.58,27.098775,-262.694503,-0.00478,0.062758
340359,982,3615.074,1000,4933.26,27.831087,-263.218093,0.001766,0.061203
341359,983,3883.998,1000,4948.5,27.828799,-263.640595,-0.00091,0.062035
342359,984,4002.601,1000,4963.99,27.704872,-264.263988,0.002439,0.059811
343359,985,3540.175,1000,4979.58,28.148369,-264.661398,-0.000506,0.060259
344359,986,3882.435,1000,4994.08,28.005264,-265.222068,-0.00141,0.061515
345359,987,3795.519,1000,5007.7,28.130504,-265.484458,0.000373,0.061231
346359,988,3985.23,1000,5021.42,27.758004,-265.763506,-0.000425,0.061689
347359,989,3853.155,1000,5035.28,28.251551,-266.224948,0.001414,0.060382
348359,990,4021.886,1000,5049.77,26.970899,-266.656453,-0.002392,0.06267
349359,991,3951.753,1000,5064.21,28.400011,-267.018556,0.000849,0.061819
350359,992,3896.029,1000,5084.26,28.586332,-267.395167,-0.000287,0.062031
351359,993,3898.167,1000,5098.96,28.896906,-267.860567,0.000161,0.061965
352359,994,3780.622,1000,5114.22,28.123722,-268.315427,-0.000344,0.062273
353359,995,4117.259,1000,5128.9,28.492002,-268.399027,-0.002711,0.064821
354359,996,3880.068,1000,5142.24,28.437038,-268.89303,0.000379,0.06437
354704,997,953.361,345,5147.15,26.820674,-269.344699,0.001421,0.064048
355003,998,966.328,299,5151.46,29.741558,-268.847234,-0.002193,0.064554
356003,999,3871.258,1000,5165.49,29.319156,-269.532445,0.000925,0.063953
357003,1000,3990.331,1000,5179.7,28.88319,-269.877935,-0.001178,0.064912
358003,1001,3934.361,1000,5193.46,28.504747,-270.151339,0.002817,0.062127
359003,1002,3933.027,1000,5208.25,27.993596,-270.6265,0.001215,0.061088
360003,1003,4053.117,1000,5226.26,28.33964,-270.920596,-0.001583,0.062745
361003,1004,3939.986,1000,5240.12,28.866107,-271.360491,-0.0001,0.062854
362003,1005,4036.334,1000,5253.91,28.364359,-271.903835,-0.000376,0.063125
363003,1006,3956.866,1000,5267.05,27.979079,-272.176405,0.001289,0.061983
364003,1007,3897.421,1000,5280.72,27.64356,-272.58584,-0.000555,0.062296
365003,1008,3986.663,1000,5294.27,27.570238,-273.012304,-0.000313,0.062809
366003,1009,3644.237,1000,5309.0,28.652051,-273.220091,2.7e-05,0.062658
367003,1010,4057.837,1000,5324.49,27.559391,-273.46392,0.000368,0.062382
367997,1011,4073.784,994,5340.03,27.32691,-273.567577,-8e-06,0.062353
368997,1012,4260.383,1000,5354.13,28.089608,-274.183828,-0.00226,0.064639
369997,1013,3801.954,1000,5368.24,28.78547,-274.352327,0.000308,0.064189
370147,1014,339.463,150,5375.15,27.552425,-274.449483,-0.005708,0.065092
371147,1015,4167.4,1000,5388.66,27.780195,-274.549642,0.001175,0.063936
372147,1016,4066.676,1000,5401.81,27.182457,-274.856832,0.001708,0.062341
373147,1017,3991.244,1000,5415.61,27.835107,-275.19659,-0.001542,0.063684
374147,1018,3974.865,1000,5431.13,27.138879,-275.696889,-0.000799,0.064475
374277,1019,239.648,130,5433.21,27.469273,-275.61265,-0.003919,0.064927
375035,1020,3201.573,758,5445.33,30.075229,-275.77835,0.001552,0.064049
376035,1021,4050.96,1000,5460.98,27.386291,-275.809571,-0.0016,0.065584
376138,1022,244.695,103,5462.42,27.82938,-275.660091,-0.005019,0.065948
377138,1023,3988.301,1000,5477.93,27.928886,-276.136476,0.000979,0.064973
377948,1024,3149.55,810,5488.79,27.083912,-276.679503,-0.00066,0.065533
378948,1025,4059.669,1000,5502.6,27.872837,-276.444358,0.000349,0.065282
379948,1026,3731.03,1000,5516.07,28.794552,-276.650308,0.00131,0.064148
380948,1027,3801.78,1000,5536.71,28.649673,-277.029841,-0.000946,0.064846
381090,1028,304.307,142,5538.69,27.119284,-277.005297,-0.000159,0.064859
381396,1029,915.804,306,5543.61,28.131127,-276.611349,-0.00259,0.065668
382175,1030,2919.674,779,5554.76,28.486466,-276.940426,-0.000941,0.066442
383175,1031,4114.49,1000,5568.77,28.243456,-277.038709,0.000759,0.065882
384175,1032,3973.111,1000,5582.75,28.247889,-277.060147,-0.001902,0.067607
385175,1033,3933.765,1000,5596.08,29.192511,-277.391583,-0.000867,0.068232
385712,1034,2011.367,537,5603.85,28.921097,-277.149616,0.002475,0.067144
386712,1035,3902.741,1000,5616.7,27.940248,-277.168827,-0.000833,0.067914
387712,1036,3902.325,1000,5630.49,27.72597,-277.408852,0.002813,0.065314
388712,1037,3998.607,1000,5644.04,29.493759,-277.800489,-0.002087,0.067215
389712,1038,3775.67,1000,5658.23,28.23403,-278.054593,0.001684,0.065669
390712,1039,3876.139,1000,5680.07,28.438317,-278.185391,-0.000382,0.066158
390834,1040,172.809,122,5681.67,27.583301,-278.058369,0.000721,0.06588
391834,1041,4218.466,1000,5696.49,28.651096,-278.504559,0.000318,0.065673
392563,1042,2852.759,729,5708.0,27.887292,-278.622354,-0.001068,0.066238
393563,1043,3811.647,1000,5722.57,27.980164,-278.544328,-0.000456,0.066902
393670,1044,192.798,107,5724.06,25.584936,-278.679828,-0.005086,0.067358
394670,1045,3939.939,1000,5737.99,27.913144,-278.969561,0.002855,0.064713
395670,1046,4053.07,1000,5750.73,27.801749,-279.071582,-0.001797,0.066526
396670,1047,3955.333,1000,5764.6,28.130162,-279.409471,0.001173,0.065272
397670,1048,3966.849,1000,5777.49,29.068639,-279.407983,0.001198,0.064295
398670,1049,3944.925,1000,5791.3,28.264492,-279.784504,-0.002418,0.066474
399670,1050,3833.016,1000,5806.12,27.673491,-279.81346,0.000971,0.065659
399739,1051,108.455,69,5807.15,27.019416,-280.783572,-0.004799,0.065799
400739,1052,3857.125,1000,5828.36,27.919914,-279.943306,-0.000447,0.066491
401739,1053,3981.269,1000,5843.02,28.268737,-280.294088,2.5e-05,0.06644
402739,1054,4050.314,1000,5856.35,28.409643,-280.443465,-0.000645,0.067011
402928,1055,482.048,189,5858.79,26.536286,-280.381924,-0.003671,0.067674
403928,1056,4180.065,1000,5872.77,28.203703,-280.77764,0.001317,0.066404
404928,1057,3990.597,1000,5886.97,29.051108,-280.815239,0.000698,0.065812
405241,1058,1070.643,313,5891.48,27.25297,-280.899467,0.006365,0.063964
405469,1059,672.727,228,5894.95,29.860917,-280.676351,-0.003328,0.064524
405814,1060,1145.069,345,5899.83,27.785132,-281.011236,-0.005386,0.066305
406814,1061,4214.758,1000,5912.73,29.218519,-280.689459,0.000451,0.065986
407814,1062,4121.22,1000,5927.44,27.967713,-281.124735,0.000495,0.065581
408814,1063,4127.514,1000,5940.79,28.513836,-281.383539,-0.000338,0.065774
409814,1064,4014.756,1000,5954.53,29.091733,-281.594188,-0.001577,0.067359
410023,1065,404.263,209,5962.44,29.52858,-281.15764,0.002721,0.06676
411023,1066,4108.54,1000,5976.15,28.069351,-281.732629,-0.000809,0.067531
411278,1067,805.442,255,5979.65,30.496539,-281.485215,0.002354,0.066841
411404,1068,336.756,126,5981.3,28.682767,-282.145186,-0.00367,0.067429
411525,1069,251.968,121,5982.88,28.372993,-281.775834,0.001627,0.067233
412525,1070,4210.114,1000,5996.73,27.410793,-282.055403,-0.00262,0.069917
413209,1071,2560.561,684,6006.19,28.16097,-281.995289,0.00208,0.068453
413528,1072,1149.099,319,6010.45,27.741108,-281.692506,-0.005604,0.070144
414528,1073,4024.874,1000,6025.86,28.655014,-282.091108,0.002461,0.067793
415528,1074,4059.764,1000,6041.28,28.351999,-282.622739,-6.2e-05,0.067795
416528,1075,4179.523,1000,6057.52,28.860581,-282.633703,-0.001222,0.069145
417528,1076,3965.714,1000,6071.83,29.190299,-282.661647,0.000279,0.069048
418528,1077,4225.127,1000,6085.95,29.492473,-282.88928,-0.001446,0.07029
418844,1078,1068.742,316,6089.84,28.362539,-282.95141,0.001709,0.069824
419666,1079,3325.103,822,6101.27,28.658145,-282.74577,0.000597,0.069366
420351,1080,2703.213,685,6114.19,30.566469,-282.749518,-0.001777,0.070563
420468,1081,225.983,117,6115.69,31.117384,-281.793054,0.008873,0.069484
421468,1082,4087.208,1000,6129.4,29.219582,-282.994599,0.002559,0.066931
422468,1083,3856.949,1000,6143.29,29.249982,-283.388602,-0.003267,0.070188
423229,1084,2957.888,761,6153.61,28.433406,-283.555374,-0.000759,0.070741
424229,1085,3953.319,1000,6168.32,28.621225,-283.128385,0.003727,0.067188
424459,1086,766.627,230,6172.1,27.619107,-283.93109,-0.000974,0.067547
425459,1087,4121.7,1000,6189.16,29.406899,-283.502654,-0.000253,0.067725
425562,1088,143.973,103,6190.9,28.88215,-283.532416,-0.001901,0.067837
426562,1089,3950.492,1000,6205.07,31.155082,-283.798832,-0.000326,0.068205
427562,1090,4013.403,1000,6218.68,29.428417,-283.775868,-0.001763,0.069826
428562,1091,4321.219,1000,6231.92,29.783039,-284.072059,-6.3e-05,0.070109
429562,1092,4117.629,1000,6246.26,29.648914,-284.065887,0.000749,0.069136
430562,1093,4111.618,1000,6266.99,29.078875,-284.286159,-0.000844,0.070138
430874,1094,1043.523,312,6271.47,30.470907,-284.408432,-0.00011,0.070149
430973,1095,233.875,99,6272.91,30.081471,-284.55356,0.012629,0.069102
431511,1096,2077.837,538,6280.0,30.539963,-284.601383,0.00103,0.068414
432494,1097,4215.247,983,6293.9,30.477657,-284.913231,0.000369,0.068109
433494,1098,4146.614,1000,6307.13,29.688397,-285.069183,-0.002099,0.069985
433588,1099,184.717,94,6308.28,28.319279,-285.560245,0.003843,0.069826
434588,1100,4115.287,1000,6322.46,29.952784,-284.985725,-0.002298,0.072053
435588,1101,4068.452,1000,6335.33,32.769624,-285.148778,0.002308,0.069849
436588,1102,4192.959,1000,6349.18,30.865778,-285.66083,-0.002081,0.071889
437588,1103,4137.615,1000,6362.84,30.045435,-285.742646,0.001791,0.070223
438588,1104,4207.985,1000,6376.99,29.440151,-286.053141,-0.001765,0.071975
439588,1105,4217.925,1000,6393.03,31.237737,-285.945418,8.5e-05,0.071785
440588,1106,4302.136,1000,6416.16,30.193155,-286.27099,-0.001233,0.073054
441588,1107,4199.278,1000,6431.81,30.103765,-286.280796,0.001663,0.071511
442588,1108,3934.489,1000,6445.6,29.394576,-286.97605,-0.000594,0.072072
442840,1109,905.055,252,6448.87,29.198701,-286.936431,0.009614,0.069678
442861,1110,-3.317,21,6449.14,32.126198,-287.430157,0.007456,0.069565
442960,1111,183.642,99,6450.51,29.000881,-286.950899,0.000651,0.069385
443076,1112,256.687,116,6452.1,30.336686,-287.042584,-0.00316,0.069803
444076,1113,4328.679,1000,6465.32,29.70466,-287.116988,-0.000539,0.070518
445076,1114,4123.752,1000,6479.33,30.094231,-287.322419,0.001353,0.069272
446076,1115,4341.471,1000,6493.39,29.743554,-287.784848,-0.000963,0.070013
447076,1116,4288.044,1000,6506.89,29.840032,-288.285282,-0.000547,0.070448
448076,1117,2527.241,1000,6521.0,30.267378,-288.040632,-0.001756,0.072218
449076,1118,4207.614,1000,6534.81,30.52402,-287.95033,-2e-05,0.072289
450076,1119,4198.721,1000,6557.38,30.782576,-288.300267,0.0032,0.069249
451076,1120,4168.452,1000,6571.59,30.270406,-288.658487,-0.002314,0.071435
452076,1121,4219.769,1000,6584.99,30.864911,-288.83388,-0.000557,0.071962
453076,1122,4331.114,1000,6599.15,30.762284,-289.116475,0.001734,0.070318
454076,1123,4202.774,1000,6613.06,30.565221,-289.112143,-0.000752,0.070933
455076,1124,3971.711,1000,6626.8,30.271818,-289.89521,-0.002055,0.072885
456076,1125,4219.27,1000,6640.81,29.968938,-289.977992,0.002845,0.070298
456418,1126,779.486,342,6645.29,30.779822,-290.210289,0.002143,0.069695
457418,1127,3989.999,1000,6658.47,30.540827,-290.172044,-0.001805,0.071559
458418,1128,4168.308,1000,6672.11,30.134226,-290.372919,0.002416,0.069124
459418,1129,4183.004,1000,6685.45,30.242963,-290.778576,-0.000835,0.069998
460418,1130,4107.484,1000,6704.76,31.024335,-290.990933,-0.002231,0.072145
461418,1131,4230.953,1000,6718.77,30.203149,-291.27558,-0.000305,0.072514
462418,1132,4143.294,1000,6732.59,30.583881,-291.698948,-5.5e-05,0.072723
462453,1133,-4.889,35,6733.11,31.288912,-290.039628,0.019799,0.072033
462561,1134,-54.449,108,6734.71,28.02655,-291.921748,0.004836,0.071355
463561,1135,4039.131,1000,6750.04,31.494827,-292.10214,-0.002263,0.073308
464561,1136,4172.418,1000,6765.55,31.447649,-292.206835,0.00196,0.071681
465561,1137,4140.571,1000,6782.1,32.138474,-292.509288,0.000782,0.070944
466561,1138,4064.571,1000,6798.43,30.866587,-292.464325,-0.001657,0.072549
467561,1139,4158.184,1000,6811.47,31.018681,-292.823505,0.001603,0.071089
468561,1140,4123.039,1000,6824.57,29.906961,-292.601685,0.002112,0.069079
469561,1141,4205.916,1000,6838.87,30.624664,-293.190077,-0.001457,0.070451
469809,1142,849.708,248,6842.49,30.121604,-293.311588,0.001369,0.070353
470809,1143,4087.035,1000,6861.85,30.83007,-293.386687,-0.001687,0.071927
471809,1144,4208.77,1000,6876.95,29.498728,-293.553349,0.001312,0.070605
472809,1145,3736.425,1000,6891.84,29.402503,-293.951921,-0.000836,0.071404
473299,1146,1765.611,490,6899.2,30.030214,-294.021532,0.005407,0.068879
474107,1147,3262.6,808,6911.13,30.08691,-294.051802,0.000389,0.068609
475107,1148,4179.643,1000,6925.23,28.751373,-294.673958,-0.000263,0.06883
476107,1149,4176.144,1000,6939.21,29.56892,-294.665748,-0.001246,0.070166
477107,1150,4205.407,1000,6952.75,30.202932,-295.127521,-0.000797,0.070814
478107,1151,4220.611,1000,6967.26,29.53346,-295.188582,0.000882,0.070097
478295,1152,499.351,188,6969.81,30.229599,-294.890873,0.003744,0.069519
479295,1153,4249.897,1000,6983.76,29.913597,-295.474904,-1.1e-05,0.06932
480295,1154,4132.819,1000,7004.92,29.313691,-295.670529,0.000319,0.069194
481295,1155,4129.505,1000,7018.74,29.686032,-295.944674,0.000907,0.068305
482295,1156,4280.689,1000,7032.44,28.711437,-296.068008,-0.001724,0.069797
482810,1157,2119.795,515,7039.34,30.456821,-296.370135,-0.002534,0.071175
483810,1158,4227.984,1000,7052.96,28.428044,-296.071743,-0.000272,0.07144
484810,1159,4273.476,1000,7066.1,29.335725,-296.563681,-0.001407,0.07311
485810,1160,4237.743,1000,7079.72,29.530386,-296.574459,0.002555,0.070382
486810,1161,4007.788,1000,7093.84,29.001706,-297.109669,-5.1e-05,0.070612
487810,1162,4216.125,1000,7109.28,29.726492,-297.30171,-0.001547,0.072095
488810,1163,4298.94,1000,7125.09,29.59706,-297.281612,0.000737,0.071311
489810,1164,4225.308,1000,7141.32,28.58556,-297.484835,-0.000685,0.072056
490810,1165,4164.154,1000,7164.12,28.213637,-297.749855,-0.000502,0.072605
491810,1166,4244.67,1000,7177.94,29.671042,-298.156584,0.001414,0.071044
492810,1167,4117.122,1000,7192.14,28.492202,-298.265676,-0.000196,0.071273
493810,1168,4273.963,1000,7206.12,28.63179,-298.648386,0.000225,0.071166
494810,1169,4270.714,1000,7220.19,29.967647,-298.636575,0.00186,0.069348
495810,1170,4175.791,1000,7236.68,28.4512,-299.094175,-0.001373,0.07066
496810,1171,4248.27,1000,7253.38,28.645103,-299.322794,0.001533,0.069278
497782,1172,4013.713,972,7269.52,29.103197,-299.825866,-0.001694,0.07083
498782,1173,4174.574,1000,7284.34,28.775753,-299.796668,-0.000686,0.071541
499782,1174,4301.455,1000,7297.54,28.067298,-299.884911,-0.000184,0.07172
500782,1175,4270.982,1000,7317.7,29.65894,-300.208815,0.000175,0.071606
501490,1176,2981.864,708,7327.72,28.34897,-300.197042,-0.000799,0.072073
502490,1177,3967.983,1000,7342.69,29.541285,-300.70972,-0.001374,0.073705
503490,1178,4351.555,1000,7359.35,28.777545,-300.500265,-0.000219,0.073914
504490,1179,4215.062,1000,7376.64,29.223814,-300.653138,0.000989,0.072826
505490,1180,4149.322,1000,7393.09,29.894233,-300.987867,-0.000277,0.072905
506490,1181,4294.135,1000,7407.55,28.782474,-301.132817,0.002218,0.070618
507490,1182,4304.594,1000,7421.5,27.921177,-301.583468,-0.000141,0.071045
508490,1183,4279.983,1000,7435.71,29.555407,-301.71437,-0.001572,0.07255
509197,1184,2848.746,707,7445.94,27.640783,-301.856365,0.000464,0.072305
510197,1185,4139.842,1000,7464.81,27.929857,-302.024802,0.001579,0.070674
511197,1186,4206.052,1000,7480.34,28.950313,-302.219557,0.000789,0.069874
512197,1187,4284.034,1000,7495.86,28.869965,-302.308797,-0.000427,0.070438
513197,1188,4339.159,1000,7511.5,29.222166,-302.336228,-0.00135,0.071678
514197,1189,4175.72,1000,7525.81,29.53888,-302.599873,-0.0034,0.075309
515197,1190,4163.244,1000,7538.79,29.366099,-302.901837,0.001833,0.073303
516197,1191,4178.499,1000,7552.64,28.843278,-303.114225,0.001795,0.071534
517197,1192,4267.599,1000,7566.65,29.45857,-302.942507,-0.000551,0.072081
518197,1193,4388.604,1000,7581.35,28.648934,-303.370582,0.000823,0.071382
519197,1194,4274.368,1000,7597.96,28.854876,-303.2995,-0.000909,0.072319
520167,1195,3684.217,970,7621.55,28.979117,-304.047598,0.000958,0.071524
521167,1196,4258.976,1000,7637.83,28.59393,-304.135218,0.000146,0.071376
522167,1197,4347.391,1000,7650.99,29.342055,-304.110977,-0.000166,0.071473
523167,1198,4333.927,1000,7664.06,28.731759,-304.528195,0.000403,0.070973
524167,1199,4142.078,1000,7678.46,28.69558,-304.957196,0.000405,0.070555
525167,1200,4297.167,1000,7692.64,28.794555,-304.893992,-0.001476,0.072205
526167,1201,4220.218,1000,7706.54,29.521826,-304.906163,0.000599,0.071564
527167,1202,4265.566,1000,7720.91,29.608756,-305.490133,-0.000402,0.071735
528167,1203,4191.586,1000,7737.56,29.569268,-306.056474,-0.001412,0.073476
529167,1204,3799.609,1000,7757.09,28.607419,-305.569561,0.000377,0.072888
530167,1205,4266.141,1000,7791.48,28.774625,-306.131617,-0.001906,0.0751
531167,1206,4208.448,1000,7806.33,29.14439,-306.410146,0.001909,0.073191
531992,1207,3422.201,825,7818.07,28.126211,-306.495418,-0.000312,0.073134
532992,1208,4296.662,1000,7834.07,27.572533,-306.857498,0.002396,0.070967
533094,1209,192.178,102,7835.7,27.888312,-306.134808,-0.000267,0.070908
534094,1210,4246.126,1000,7851.95,28.306661,-306.81457,-0.002091,0.07291
535094,1211,4359.086,1000,7868.71,28.367994,-306.850778,0.000723,0.072413
536094,1212,4479.652,1000,7883.85,28.056691,-307.365701,-0.000738,0.07313
537094,1213,4280.637,1000,7896.4,28.37447,-307.423616,-0.00113,0.074407
538094,1214,4269.603,1000,7909.67,28.171176,-307.576534,0.003986,0.070365
539094,1215,4350.995,1000,7922.71,28.656619,-307.494557,-0.003402,0.073691
540094,1216,4323.221,1000,7942.78,28.85975,-307.825545,0.001815,0.071942
541094,1217,4299.515,1000,7958.41,28.672189,-308.210115,-0.000241,0.072249
542094,1218,4355.914,1000,7974.07,27.509706,-308.192291,-7.4e-05,0.072182
543094,1219,4324.295,1000,7990.13,28.263797,-308.751553,-0.000831,0.072868
544094,1220,4312.973,1000,8004.64,27.714496,-308.778019,0.001024,0.071951
545094,1221,4286.594,1000,8017.8,27.914198,-308.972565,-0.001335,0.073308
546094,1222,4366.836,1000,8031.22,28.511024,-309.07948,-0.001031,0.074451
547094,1223,4223.663,1000,8045.49,28.886425,-309.220847,0.000828,0.073685
548094,1224,4233.229,1000,8059.69,27.752348,-309.786983,0.000648,0.072997
549094,1225,4296.023,1000,8074.27,28.512956,-309.624502,-2e-05,0.073019
550094,1226,4379.362,1000,8094.33,27.551146,-309.855819,-0.000313,0.073438
551094,1227,4298.508,1000,8108.34,27.771398,-310.272278,-0.000433,0.073708
552094,1228,4301.24,1000,8121.56,27.92921,-310.359043,0.000328,0.073408
553094,1229,4303.303,1000,8135.24,26.070456,-310.167392,0.00022,0.073324
554094,1230,4241.558,1000,8148.86,27.675747,-310.528254,0.001155,0.072197
555094,1231,4355.959,1000,8162.96,26.301001,-310.749034,-0.000513,0.072453
555476,1232,1432.466,382,8167.93,25.317017,-310.830632,0.001963,0.07189
556476,1233,4213.203,1000,8182.13,26.287526,-310.933222,0.001129,0.070718
557476,1234,4180.364,1000,8197.63,27.679067,-310.738228,-0.000733,0.071509
558476,1235,4189.513,1000,8214.08,27.68529,-311.377339,-0.000895,0.07233
559476,1236,4347.741,1000,8229.9,26.956032,-311.456703,0.000415,0.072146
560476,1237,4367.649,1000,8249.69,27.021037,-311.66244,-0.001101,0.073211
561476,1238,4322.014,1000,8262.85,26.611226,-311.755794,0.00236,0.070556
562476,1239,4386.072,1000,8277.29,26.748908,-312.352633,-0.002426,0.073223
563476,1240,4305.052,1000,8291.89,27.226596,-312.515764,0.001536,0.071772
564476,1241,4343.783,1000,8306.95,25.615589,-313.023537,0.000785,0.070729
565476,1242,4301.202,1000,8323.54,25.568427,-313.219692,0.000216,0.07063
566476,1243,4233.909,1000,8339.77,25.844515,-313.307197,0.000315,0.070225
567476,1244,4349.553,1000,8356.82,26.927144,-313.740678,-2.8e-05,0.070419
568476,1245,4266.532,1000,8370.78,26.201702,-313.48043,-0.00271,0.073121
569476,1246,4362.798,1000,8383.97,26.58763,-313.759798,-0.001444,0.074511
570476,1247,4399.655,1000,8404.17,27.002402,-313.854915,0.002446,0.071941
571476,1248,4229.193,1000,8417.26,26.263757,-314.441697,-0.001219,0.073283
572476,1249,4252.045,1000,8431.22,26.745825,-314.100123,0.001374,0.071964
573476,1250,4273.809,1000,8444.36,26.21384,-314.358963,-0.000234,0.072211
574476,1251,4348.102,1000,8457.89,26.551919,-314.968466,0.00096,0.071193
575476,1252,4393.642,1000,8471.77,25.745994,-315.299828,-0.000881,0.071985
576476,1253,4435.258,1000,8485.42,25.544707,-315.309423,0.000932,0.071086
577476,1254,4289.132,1000,8499.15,25.482172,-315.297621,-0.00056,0.071786
578476,1255,4221.802,1000,8512.65,25.721787,-315.628916,7.5e-05,0.071582
579476,1256,4280.269,1000,8526.67,25.477093,-316.039115,0.001246,0.07035
580476,1257,4385.198,1000,8546.85,27.017936,-316.100661,-0.00559,0.076076
581476,1258,4442.077,1000,8561.79,25.08145,-316.263476,0.002884,0.073256
582476,1259,4316.252,1000,8576.37,25.501483,-316.261916,-0.00011,0.073293
582609,1260,234.893,133,8578.4,26.110419,-316.693111,0.006111,0.072624
583609,1261,4409.687,1000,8592.99,25.359727,-316.637607,-0.000704,0.073329
584609,1262,4190.571,1000,8607.49,25.354756,-317.057365,0.001432,0.071861
585609,1263,4198.029,1000,8620.92,25.592286,-317.306453,0.000602,0.071041
586609,1264,4442.04,1000,8634.87,25.622414,-317.55654,-0.002953,0.074215
587609,1265,4095.226,1000,8647.75,25.053868,-317.536221,0.004475,0.069772
588609,1266,4486.832,1000,8661.98,25.70901,-317.851495,-0.002391,0.072092
589609,1267,4487.615,1000,8677.35,24.572997,-317.966439,0.001871,0.07014
590609,1268,4392.246,1000,8699.2,25.176579,-318.167984,-0.00309,0.073508
591609,1269,4444.664,1000,8715.0,25.888358,-318.322054,0.00031,0.073361
592609,1270,4266.995,1000,8728.86,25.638088,-318.430159,0.001991,0.071141
593609,1271,4378.254,1000,8742.48,25.156617,-318.429248,-0.000325,0.071499
594609,1272,4369.871,1000,8756.04,24.640475,-318.872282,0.00066,0.070819
595609,1273,4474.108,1000,8769.71,26.069749,-319.258408,-0.002771,0.073721
596609,1274,4452.76,1000,8783.16,25.322957,-319.188039,0.001252,0.072404
597609,1275,4471.525,1000,8796.78,25.107653,-319.343306,1.5e-05,0.07253
598609,1276,4381.5,1000,8810.59,26.468631,-319.646557,-0.000246,0.072663
599609,1277,4457.611,1000,8824.75,25.3307,-319.883745,0.001752,0.07102
600609,1278,4414.142,1000,8842.3,25.928727,-320.012616,-0.000683,0.071509
601609,1279,4448.532,1000,8855.95,25.165529,-320.137608,-0.000278,0.071921
602609,1280,4325.841,1000,8869.59,24.80516,-320.410409,-0.001166,0.073088
603609,1281,4393.392,1000,8883.08,24.927637,-320.527969,0.003386,0.069586
604609,1282,4387.309,1000,8896.76,24.836165,-320.669332,-0.000219,0.069805
605609,1283,4435.938,1000,8911.72,24.437116,-321.189949,-0.000683,0.070611
606609,1284,4440.676,1000,8926.89,25.21091,-320.857102,-0.000917,0.071404
607609,1285,4420.431,1000,8942.41,24.624538,-321.259973,-0.001381,0.072787
608609,1286,4347.343,1000,8956.99,25.600878,-321.306006,0.002468,0.070314
609609,1287,4240.522,1000,8970.02,24.812613,-321.457723,-0.000209,0.070446
609906,1288,1067.484,297,8974.34,25.017183,-321.729945,-0.004272,0.071679
610026,1289,261.059,120,8980.95,24.763629,-321.875687,0.01566,0.070136
611026,1290,4508.298,1000,8994.31,24.753156,-321.764581,-0.002922,0.072951
612026,1291,4359.337,1000,9008.06,25.347207,-322.201949,0.002142,0.070671
613026,1292,4484.3,1000,9021.54,24.946368,-322.412659,-0.001402,0.072272
614026,1293,4246.008,1000,9036.07,24.889703,-322.181013,-7.9e-05,0.072137
615026,1294,4532.94,1000,9051.24,24.600611,-322.635072,-0.001353,0.073541
616026,1295,4330.093,1000,9066.61,25.084367,-322.96077,0.00239,0.071375
617026,1296,4388.045,1000,9081.94,24.331754,-322.763878,-0.003026,0.0742
618026,1297,4421.013,1000,9095.76,23.81832,-322.932935,0.00394,0.070428
619026,1298,4267.618,1000,9109.59,25.273404,-323.00757,0.00045,0.070071
620026,1299,4397.301,1000,9128.92,24.762765,-323.290019,-0.001099,0.071191
621026,1300,4496.607,1000,9142.73,24.380589,-323.738284,0.000561,0.07057
622026,1301,4242.358,1000,9155.66,24.743833,-323.517052,0.00031,0.070252
623026,1302,4500.548,1000,9169.48,24.857396,-323.743928,-0.00156,0.071903
624026,1303,4447.732,1000,9182.58,22.974386,-324.146312,0.00015,0.071612
625026,1304,4378.334,1000,9196.54,24.402138,-324.305564,-0.001492,0.073339
626026,1305,4436.819,1000,9210.61,24.199283,-324.246971,-0.000577,0.073792
627026,1306,4515.503,1000,9224.43,24.174564,-324.576137,-0.000115,0.07397
628026,1307,4406.481,1000,9238.06,23.546712,-324.694017,0.000328,0.073658
629026,1308,4459.415,1000,9251.82,23.392504,-324.981451,0.004608,0.069132
630026,1309,4481.826,1000,9270.83,23.823911,-324.84922,-0.000565,0.069753
631026,1310,4314.117,1000,9286.04,24.406844,-325.20029,-0.002872,0.072624
632026,1311,4512.884,1000,9300.66,24.035005,-325.356315,-0.000607,0.073284
633026,1312,4407.738,1000,9315.96,24.863541,-325.69087,0.001199,0.072187
634026,1313,4314.551,1000,9330.55,23.918129,-325.933809,-0.000333,0.072547
635026,1314,4417.921,1000,9343.84,24.920213,-326.158758,0.001243,0.071226
636026,1315,4286.355,1000,9357.68,24.010054,-326.105347,-0.000538,0.071724
636117,1316,195.53,91,9358.89,23.123448,-326.28669,-0.006309,0.072173
637117,1317,4511.064,1000,9372.41,23.616574,-326.497532,0.000481,0.071882
638117,1318,4297.386,1000,9387.18,23.429219,-326.789073,0.002328,0.069616
638226,1319,204.327,109,9388.78,23.500878,-326.457583,0.00145,0.069334
639226,1320,4411.277,1000,9403.85,23.950517,-326.679003,-0.004375,0.073979
640226,1321,4427.962,1000,9426.83,24.230408,-327.006537,-0.000687,0.074683
641226,1322,4320.114,1000,9441.87,23.672495,-327.076441,0.000688,0.074022
642226,1323,4388.329,1000,9454.84,24.790674,-327.214914,0.001294,0.0727
643226,1324,4439.462,1000,9468.71,23.665282,-327.223753,0.002956,0.069755
644226,1325,4370.383,1000,9482.38,24.553703,-327.323177,-0.001767,0.071459
645226,1326,4578.029,1000,9496.29,24.088918,-327.585378,0.000944,0.070552
646226,1327,4293.607,1000,9509.56,25.233271,-327.543455,-0.004594,0.075284
647226,1328,4488.521,1000,9523.09,24.328887,-328.07894,0.003406,0.071922
648226,1329,4347.441,1000,9536.64,24.119168,-328.047895,-0.000644,0.07259
649226,1330,4494.038,1000,9550.0,24.396678,-327.869644,0.000827,0.071829
650226,1331,4539.071,1000,9568.15,24.192368,-328.178781,0.000225,0.071418
651226,1332,4683.886,1000,9581.41,23.985307,-328.565109,0.000807,0.070624
652226,1333,4609.063,1000,9595.46,24.272188,-328.895298,-0.001255,0.071939
653226,1334,4498.104,1000,9608.63,24.33787,-328.921336,5.3e-05,0.072002
654226,1335,4564.294,1000,9623.13,23.685881,-329.262942,0.002056,0.069959
655226,1336,4339.371,1000,9638.23,23.569084,-329.449115,-0.003344,0.073198
655404,1337,426.929,178,9640.67,25.475494,-329.416736,0.005492,0.072203
656404,1338,4331.562,1000,9655.99,23.926781,-329.686861,0.004326,0.067961
657404,1339,4646.03,1000,9670.84,23.816465,-330.059968,-0.0009,0.068846
658404,1340,4418.809,1000,9685.04,24.173954,-330.049755,-0.000152,0.06899
658498,1341,171.934,94,9686.26,22.509406,-329.975677,0.001407,0.069031
659498,1342,4639.244,1000,9700.74,23.918231,-330.299006,-0.002302,0.071137
660498,1343,4522.86,1000,9719.44,23.728135,-330.577111,-0.000189,0.071541
661498,1344,4308.319,1000,9733.17,23.340943,-330.77539,0.002771,0.068556
662498,1345,4324.13,1000,9747.36,24.365866,-330.525324,-0.003775,0.072459
663498,1346,4182.826,1000,9761.78,23.673632,-330.892053,0.00199,0.070318
664498,1347,4409.188,1000,9777.17,24.489244,-331.067113,-0.000127,0.070547
665498,1348,4417.085,1000,9793.38,23.451679,-331.100752,0.001389,0.069199
666498,1349,4264.474,1000,9808.06,23.205334,-331.322939,-0.001981,0.071244
667498,1350,4578.592,1000,9820.93,23.728741,-331.401738,-0.001682,0.073112
668498,1351,4405.505,1000,9835.07,23.657923,-331.291384,0.00169,0.0714
669498,1352,4512.511,1000,9848.29,24.591128,-331.285701,0.000142,0.07124
670498,1353,4635.597,1000,9866.72,24.239236,-331.579658,-0.001101,0.072355
671498,1354,4455.994,1000,9879.98,23.618051,-331.896272,0.000688,0.071635
672498,1355,4601.557,1000,9893.7,23.43515,-331.86455,0.001767,0.069954
673498,1356,4652.177,1000,9907.18,23.805369,-332.11776,-0.001195,0.071001
674498,1357,4559.31,1000,9920.72,24.602412,-332.32158,-0.001063,0.072234
675498,1358,4490.885,1000,9934.63,22.620469,-332.34828,0.002067,0.070085
676498,1359,4725.778,1000,9947.96,23.655594,-332.371325,-0.000462,0.070517
677498,1360,4500.656,1000,9962.2,24.297782,-332.993867,-0.000419,0.070825
678498,1361,4585.799,1000,9977.47,23.509778,-333.011023,-0.000969,0.071905
679498,1362,4545.07,1000,9991.95,24.13791,-333.12463,0.001115,0.07101
680498,1363,4290.31,1000,10014.59,23.920322,-333.173738,0.000423,0.070585
681498,1364,4656.542,1000,10029.91,23.977901,-333.452922,-0.000153,0.070851
682498,1365,4569.505,1000,10045.04,24.291443,-333.865843,0.00066,0.07006
683498,1366,4449.849,1000,10058.36,23.619843,-334.046949,-8e-05,0.070049
684498,1367,4473.585,1000,10072.39,23.946378,-333.983286,-0.001414,0.07153
685498,1368,4574.145,1000,10085.26,23.399636,-334.41341,0.001487,0.069953
686498,1369,4647.378,1000,10099.35,23.457656,-334.44128,-0.001107,0.07121
687498,1370,4415.499,1000,10114.21,23.704759,-334.487758,-0.000273,0.071548
688498,1371,4226.859,1000,10129.3,23.324864,-334.959704,-0.000322,0.07165
689498,1372,4422.355,1000,10145.34,23.445638,-335.022236,0.000212,0.071466
690498,1373,4369.846,1000,10166.11,23.589955,-335.112663,0.001613,0.069811
691498,1374,4359.083,1000,10179.46,23.531972,-335.265526,-0.000783,0.070994
692498,1375,4709.22,1000,10193.27,23.473379,-335.366445,6.8e-05,0.070591
693498,1376,4515.565,1000,10207.1,23.617289,-335.541747,-0.001411,0.072052
693570,1377,85.311,72,10208.08,22.035494,-336.383357,0.005396,0.071824
694570,1378,4400.668,1000,10221.49,24.407045,-335.395945,-0.001243,0.073119
695570,1379,4566.42,1000,10235.26,24.043409,-335.751474,0.001975,0.070846
696570,1380,4610.291,1000,10248.23,22.947139,-336.155118,0.001568,0.0695
697570,1381,4406.727,1000,10262.53,24.479164,-336.045398,-0.001361,0.071018
698570,1382,4348.436,1000,10275.75,23.96285,-336.389646,0.000722,0.070089
699570,1383,4144.511,1000,10289.52,23.134068,-336.364963,0.000554,0.069481
700570,1384,4497.995,1000,10308.66,23.917209,-336.239541,-0.001456,0.071006
701570,1385,4602.345,1000,10322.48,23.184502,-336.595821,-0.000887,0.072194
702570,1386,4665.576,1000,10335.99,24.087641,-336.62678,-0.00016,0.072029
703570,1387,4167.433,1000,10350.7,23.821342,-336.852892,-0.000418,0.072564
703708,1388,264.869,138,10352.78,21.973208,-336.098621,-0.00426,0.073246
704708,1389,4402.509,1000,10367.46,23.860192,-337.024408,-0.000292,0.07351
705708,1390,4488.096,1000,10382.97,24.073163,-336.827311,-0.000332,0.074022
706708,1391,4543.294,1000,10398.6,23.341528,-337.123268,0.003492,0.070485
707708,1392,4607.832,1000,10411.77,23.567128,-336.930003,-0.001313,0.071643
708708,1393,4478.237,1000,10426.11,24.249185,-337.260995,0.00273,0.069103
709708,1394,4239.908,1000,10439.26,24.186018,-337.564269,-0.001755,0.070876
710708,1395,4691.53,1000,10458.76,25.052664,-337.848824,-0.001813,0.072399
711708,1396,4611.124,1000,10473.22,23.769105,-337.915945,-0.001039,0.073676
712708,1397,4473.612,1000,10488.03,23.607172,-337.766377,0.00144,0.072189
713172,1398,1871.52,464,10494.65,23.989872,-338.092802,-0.006304,0.075197
714172,1399,4534.351,1000,10509.93,23.08937,-338.119748,0.005725,0.069732
714274,1400,221.85,102,10511.49,25.126354,-338.327475,-0.006558,0.070389
715274,1401,4679.03,1000,10526.23,24.1024,-338.203927,-0.0025,0.072826
716274,1402,4510.373,1000,10540.12,23.665658,-338.455907,-0.000271,0.073244
717274,1403,4282.03,1000,10554.62,23.609482,-338.468775,0.001596,0.071384
718274,1404,4696.869,1000,10568.21,23.613825,-338.677088,-0.000544,0.072109
719274,1405,4275.651,1000,10582.72,24.60411,-338.251214,0.00074,0.071194
720274,1406,4701.672,1000,10603.0,23.551002,-338.861098,-0.000253,0.071405
721274,1407,4741.265,1000,10617.22,23.387803,-338.78054,-0.000838,0.072546
722274,1408,4624.489,1000,10631.8,25.400663,-338.986284,0.001092,0.071245
723274,1409,4323.962,1000,10645.63,23.472035,-338.637223,-0.000146,0.071513
723707,1410,1672.711,433,10651.12,25.465233,-338.972482,0.000463,0.071361
724707,1411,4555.365,1000,10665.77,23.187951,-339.054588,0.000294,0.071145
725217,1412,2101.665,510,10672.81,22.474044,-339.512376,-0.001491,0.071795
726214,1413,4345.711,997,10686.22,24.332303,-339.255924,-0.001006,0.072911
727214,1414,3961.555,1000,10700.39,24.999724,-339.309838,-0.001412,0.074186
728214,1415,4523.82,1000,10714.03,24.806641,-339.40575,-0.001723,0.076169
729214,1416,4654.311,1000,10728.35,25.108336,-339.047887,0.00202,0.074039
730214,1417,4582.485,1000,10748.35,23.348904,-339.517192,0.00118,0.072857
731214,1418,4714.642,1000,10762.39,24.056491,-339.444597,-0.001452,0.074274
732214,1419,4575.371,1000,10776.5,24.731948,-339.549148,-0.000187,0.07453
733214,1420,4568.23,1000,10790.31,24.085195,-339.49985,-9.8e-05,0.074776
734214,1421,4463.873,1000,10803.83,23.463391,-339.818774,0.000408,0.074259
735214,1422,4604.729,1000,10817.27,23.711224,-339.771119,0.000448,0.073768
736214,1423,4455.019,1000,10832.66,24.348938,-339.848293,-0.002293,0.075937
737214,1424,4468.898,1000,10847.68,25.148983,-339.853339,0.003056,0.073002
738189,1425,4496.997,975,10863.18,23.692608,-339.870144,-0.002155,0.075088
739189,1426,4495.732,1000,10878.65,24.362591,-340.01687,0.002473,0.072773
740189,1427,4208.208,1000,10897.24,25.282939,-339.863326,-0.002215,0.074862
741189,1428,4439.666,1000,10911.24,23.106035,-339.921512,0.001348,0.07366
742189,1429,4495.217,1000,10924.47,22.934318,-339.82645,-0.001877,0.075376
743189,1430,4573.17,1000,10938.42,24.684789,-339.511766,0.001524,0.073862
744189,1431,4740.864,1000,10951.36,23.293636,-339.851435,-0.002455,0.076438
745189,1432,4534.433,1000,10964.87,23.924195,-339.844978,0.001894,0.074433
746189,1433,4625.374,1000,10978.28,23.844154,-339.768247,-0.001552,0.076098
747189,1434,4731.484,1000,10991.94,24.466387,-340.085547,0.001346,0.074887
747311,1435,244.418,122,10993.61,23.50265,-340.172986,0.003318,0.074396
748311,1436,4631.664,1000,11007.61,24.553976,-340.126287,-0.001654,0.075785
749311,1437,4671.229,1000,11020.99,24.228184,-340.110233,-0.000895,0.0769
750028,1438,3089.479,717,11037.11,25.674081,-340.344057,-0.002249,0.078656
751028,1439,4604.044,1000,11050.46,23.821948,-340.145124,0.001943,0.076543
752028,1440,4569.735,1000,11064.79,23.666475,-340.210117,0.00229,0.074269
753028,1441,4573.508,1000,11079.99,24.672801,-340.147125,-0.001343,0.075534
754028,1442,4653.021,1000,11095.18,24.187004,-340.234467,0.000311,0.075402
754252,1443,580.42,224,11098.69,25.580892,-340.789441,0.006018,0.073962
755252,1444,4661.736,1000,11114.07,23.37035,-340.480697,-0.000131,0.073945
756252,1445,4645.539,1000,11127.72,23.386336,-340.391929,-0.000921,0.07503
757252,1446,4605.453,1000,11141.47,23.250885,-340.792008,0.002311,0.072558
757787,1447,2188.446,535,11148.92,24.07218,-340.441937,-0.003631,0.074692
758787,1448,4568.378,1000,11162.22,23.894642,-341.090484,0.000619,0.074082
759787,1449,4580.127,1000,11175.8,24.089309,-341.039705,-0.000747,0.074809
760787,1450,4346.501,1000,11195.74,23.384035,-340.860171,-0.001214,0.076084
761787,1451,4768.074,1000,11211.68,23.779841,-341.193833,0.000386,0.075894
762787,1452,4335.914,1000,11227.17,23.567303,-341.355874,-0.000243,0.076067
763787,1453,4668.747,1000,11241.51,23.67483,-341.332151,0.00124,0.07459
764787,1454,4653.043,1000,11255.81,22.862282,-341.607404,0.00172,0.072981
765787,1455,4507.08,1000,11268.84,22.810254,-342.011386,-0.00018,0.073114
766787,1456,4689.14,1000,11282.92,23.211299,-341.893439,0.000536,0.072753
767787,1457,4658.29,1000,11296.25,23.586071,-342.260724,-0.002997,0.075801
768787,1458,4698.053,1000,11310.11,23.226833,-342.192705,-0.000418,0.075885
769787,1459,4603.691,1000,11324.29,23.794703,-342.392493,0.002024,0.074109
770787,1460,4751.36,1000,11343.97,23.702767,-342.515683,0.000395,0.073522
771787,1461,4541.318,1000,11357.52,23.438361,-342.781073,-0.000102,0.073705
772787,1462,4634.827,1000,11370.85,23.417399,-342.838826,4e-06,0.073814
773787,1463,4684.662,1000,11385.19,24.400657,-342.707788,-8.6e-05,0.073754
774787,1464,4467.662,1000,11398.65,23.259722,-343.328967,-0.000389,0.07432
775787,1465,4299.113,1000,11413.34,23.047629,-343.579741,-0.001698,0.076022
776787,1466,4704.808,1000,11428.05,24.010132,-343.109317,-0.000839,0.076932
777787,1467,4606.664,1000,11443.06,23.997551,-343.39802,-0.001816,0.078677
778787,1468,4580.118,1000,11457.85,23.340807,-343.509917,0.00202,0.076536
779271,1469,2001.91,484,11465.43,24.384686,-343.091089,-0.000608,0.076968
779426,1470,217.023,155,11467.68,23.602854,-343.697773,-0.002139,0.077091
779540,1471,148.807,114,11469.36,22.824826,-343.42546,-0.001124,0.077456
780540,1472,4473.653,1000,11490.03,23.832103,-343.310939,0.001726,0.075524
781540,1473,4480.649,1000,11503.73,23.698187,-343.516391,0.000874,0.074864
782540,1474,4577.969,1000,11517.44,23.901609,-343.883219,-0.001835,0.076533
783540,1475,4589.73,1000,11531.02,24.00184,-343.630976,0.000252,0.076249
784540,1476,4507.134,1000,11545.64,23.42887,-343.823697,-0.000337,0.076781
785540,1477,4611.608,1000,11560.19,23.304614,-343.710426,-0.000927,0.077869
786540,1478,4570.608,1000,11575.59,24.182877,-343.520756,-2.1e-05,0.077478
787540,1479,4518.514,1000,11591.6,23.703362,-343.54372,0.003311,0.074305
788540,1480,4640.058,1000,11605.93,23.231169,-343.978163,-0.001774,0.076154
789540,1481,4554.445,1000,11619.35,23.434872,-344.186672,0.00218,0.07393
790540,1482,4329.478,1000,11639.49,23.3029,-344.372658,-0.000262,0.07426
791540,1483,4496.024,1000,11653.07,22.85721,-344.340175,-0.0031,0.077282
792540,1484,4627.773,1000,11666.41,23.8844,-344.04282,0.001277,0.076231
793540,1485,4719.565,1000,11680.13,23.249737,-344.452535,-0.000939,0.077171
794540,1486,4735.618,1000,11693.18,23.293441,-344.426894,-0.000187,0.077177
795540,1487,4251.887,1000,11707.28,23.393324,-344.359689,0.000217,0.077196
795681,1488,431.655,141,11709.24,23.248567,-345.092469,0.003261,0.076739
796681,1489,4681.618,1000,11722.07,23.326788,-344.620485,-0.001321,0.078056
797681,1490,4556.505,1000,11735.97,23.828727,-344.789099,0.002097,0.075837
798681,1491,4654.014,1000,11749.24,22.734517,-344.88116,-0.001866,0.07761
799681,1492,4682.194,1000,11762.73,23.670333,-345.146909,0.001507,0.076242
800681,1493,4580.319,1000,11782.44,23.091969,-345.109929,-0.00094,0.077234
801681,1494,4690.551,1000,11797.67,23.862138,-345.012158,-0.00079,0.077883
802681,1495,4681.402,1000,11813.14,23.392534,-345.036749,0.000329,0.077503
803681,1496,4590.212,1000,11829.04,22.654895,-345.003316,-0.001594,0.079381
804681,1497,4311.949,1000,11843.63,23.093156,-344.916133,0.002044,0.077162
805681,1498,4482.296,1000,11856.82,23.145425,-344.980362,0.000477,0.076627
806681,1499,4721.41,1000,11871.25,24.565533,-345.384758,0.001865,0.074573
807681,1500,4717.379,1000,11884.97,23.489996,-345.362533,-0.00144,0.076119
808681,1501,4418.982,1000,11899.04,23.354558,-345.494498,-0.002173,0.078748
809681,1502,4566.908,1000,11913.95,22.659523,-345.604225,0.002185,0.076308
810681,1503,4528.226,1000,11934.93,23.817579,-346.260241,-0.000842,0.077136
811681,1504,4659.235,1000,11950.32,23.967525,-345.957065,-3.1e-05,0.07723
812681,1505,4408.333,1000,11964.16,23.338295,-346.543602,0.002343,0.074718
813681,1506,4734.305,1000,11978.46,23.168007,-346.836479,0.00061,0.074115
814681,1507,4621.848,1000,11992.57,22.547394,-346.864076,-0.000657,0.074855
815681,1508,4463.21,1000,12006.75,22.941034,-347.281575,-0.000217,0.075178
816681,1509,4515.749,1000,12020.09,23.479498,-347.25849,-0.001676,0.076907
817681,1510,4506.445,1000,12033.76,23.265497,-347.095545,0.00144,0.075576
818681,1511,4361.935,1000,12047.24,22.421043,-347.367941,0.000433,0.075058
819681,1512,4521.172,1000,12060.78,22.456136,-347.981106,0.0015,0.073623
820681,1513,4447.247,1000,12081.33,23.474441,-347.989893,-0.000744,0.074304
821681,1514,4582.138,1000,12094.44,23.441428,-347.955579,-0.002974,0.077541
822681,1515,4751.512,1000,12108.64,23.460883,-347.88969,-0.00019,0.07763
823681,1516,4421.174,1000,12122.68,23.233105,-348.220967,0.002894,0.074759
824681,1517,4577.754,1000,12136.97,22.918899,-348.48469,-0.001234,0.07599
825681,1518,4476.955,1000,12151.77,22.661614,-348.504904,-0.000217,0.076309
826681,1519,4714.307,1000,12167.22,22.61353,-348.411971,-0.000874,0.077122
827681,1520,4663.29,1000,12182.11,22.796446,-348.723578,0.001666,0.075355
828681,1521,4517.97,1000,12197.65,21.941363,-348.975152,0.00247,0.072842
829681,1522,4486.518,1000,12211.74,22.47928,-349.148148,-0.001262,0.074035
830681,1523,4496.101,1000,12231.28,22.294677,-349.528331,6.9e-05,0.074179
831681,1524,4525.377,1000,12245.3,22.301775,-349.809272,-0.00061,0.074762
832681,1525,4579.05,1000,12257.95,23.050059,-349.891407,-0.000782,0.075686
833681,1526,4750.596,1000,12272.23,23.016085,-350.084723,0.001088,0.07458
834681,1527,4607.873,1000,12287.29,23.024898,-350.150837,-0.002766,0.077387
835681,1528,4668.361,1000,12301.83,22.322059,-350.194556,0.003683,0.073454
836681,1529,4693.815,1000,12317.36,23.174743,-350.530619,-0.001361,0.074983
837681,1530,4485.354,1000,12331.19,23.562161,-350.502167,0.001131,0.073916
838681,1531,4707.694,1000,12345.12,22.770559,-350.618802,-0.002161,0.075974
839681,1532,4448.457,1000,12358.46,22.683143,-350.79656,0.002258,0.073793
840681,1533,4453.773,1000,12378.99,21.726257,-350.874481,-0.00051,0.07427
841681,1534,4594.053,1000,12392.14,21.860042,-351.023506,-0.000831,0.074878
842681,1535,4514.321,1000,12406.31,22.658706,-351.310013,0.002844,0.072246
843681,1536,4645.569,1000,12419.64,22.22451,-351.395091,-0.001153,0.073274
844681,1537,4580.329,1000,12433.5,22.086709,-351.638287,0.001244,0.072062
845681,1538,4704.106,1000,12446.93,22.358214,-351.647068,-0.000253,0.07216
846681,1539,4563.153,1000,12460.68,21.927905,-351.763766,-2e-05,0.07232
847681,1540,4566.573,1000,12474.35,21.522936,-352.063089,-0.002426,0.074833
848681,1541,4709.817,1000,12488.4,22.7871,-352.122815,0.001571,0.07334
849681,1542,4460.818,1000,12502.39,22.313808,-352.228166,-0.000521,0.0737
850681,1543,4697.037,1000,12524.08,22.282876,-351.815159,-0.001688,0.075407
851681,1544,4705.729,1000,12538.94,23.369214,-352.234156,0.001468,0.074169
852681,1545,4523.581,1000,12554.22,22.965788,-352.659149,0.001835,0.072236
853681,1546,4617.586,1000,12568.58,22.532688,-352.983401,0.00231,0.06983
854681,1547,4438.677,1000,12582.21,22.437895,-352.879852,-0.003283,0.073186
855681,1548,4638.649,1000,12596.08,22.198276,-353.742562,-7.4e-05,0.073503
856681,1549,4544.307,1000,12609.92,22.813955,-353.519224,0.000279,0.07295
857681,1550,4542.744,1000,12624.2,21.509877,-353.484254,-0.001586,0.07475
858681,1551,4798.684,1000,12638.61,22.988294,-353.565633,0.002324,0.07232
859681,1552,4745.665,1000,12653.54,21.759386,-353.837917,-0.002206,0.074603
860681,1553,4757.424,1000,12677.19,21.983081,-353.674942,-0.000765,0.075316
861681,1554,4489.282,1000,12690.22,22.390082,-353.998745,-3e-05,0.075633
862681,1555,4679.399,1000,12704.26,21.643245,-354.081957,0.001948,0.073637
863681,1556,4613.387,1000,12717.46,22.44293,-354.345515,0.001493,0.072141
864681,1557,4662.901,1000,12731.55,21.732067,-354.435244,-0.00199,0.074205
865681,1558,4591.867,1000,12744.72,21.874223,-354.667204,0.000592,0.073384
866681,1559,4669.034,1000,12758.15,22.027734,-354.974837,-0.002088,0.075664
867681,1560,4674.288,1000,12771.65,22.144263,-354.907502,0.002332,0.073265
868681,1561,4778.222,1000,12784.99,22.537408,-354.916723,-0.001107,0.074401
869681,1562,4612.746,1000,12798.91,21.958198,-354.896207,0.001403,0.072811
870681,1563,4659.997,1000,12817.8,20.19664,-355.389712,0.000866,0.072059
871681,1564,4788.985,1000,12831.85,21.732148,-355.525597,-0.001619,0.07362
872681,1565,4721.437,1000,12845.25,22.478706,-355.448227,-7e-05,0.073798
873681,1566,4713.716,1000,12859.55,22.278915,-355.765745,0.000136,0.07359
874681,1567,4644.422,1000,12874.58,22.140391,-355.931859,-0.001669,0.075375
875681,1568,4599.562,1000,12889.5,22.136655,-355.930151,-0.000466,0.075948
876681,1569,4410.755,1000,12904.83,21.461873,-355.978023,0.001625,0.074216
877681,1570,4778.049,1000,12919.91,21.882727,-355.849897,-0.00027,0.07451
878681,1571,4674.411,1000,12933.71,21.229791,-356.295079,0.001818,0.072572
879681,1572,4376.434,1000,12947.12,21.825967,-356.489749,-3e-06,0.072621
880681,1573,4725.44,1000,12967.27,20.745861,-356.83958,-0.000803,0.073414
881681,1574,4534.552,1000,12980.73,21.798924,-357.127505,0.001774,0.071531
882681,1575,4426.066,1000,12995.8,21.92607,-357.099091,-0.002301,0.074116
883681,1576,4392.273,1000,13011.32,20.999079,-357.108221,0.002143,0.071868
884681,1577,4558.276,1000,13027.01,21.844104,-357.301905,-0.000304,0.072272
885681,1578,4405.803,1000,13042.22,21.043107,-357.539322,-0.00113,0.073509
886681,1579,4587.334,1000,13055.6,21.124697,-357.40517,-0.000487,0.0739
887681,1580,4710.715,1000,13069.83,22.996425,-357.65796,0.003079,0.071002
888681,1581,4693.981,1000,13083.44,22.338256,-357.725823,-0.002524,0.073556
889681,1582,4523.9,1000,13097.44,21.789609,-357.739155,0.002379,0.070926
890681,1583,4196.915,1000,13116.73,21.122883,-357.88235,-0.002023,0.073032
891681,1584,4706.663,1000,13130.51,21.945341,-358.118073,0.000956,0.072154
892681,1585,4710.839,1000,13143.57,21.853383,-357.812056,-0.001676,0.07398
893681,1586,4539.424,1000,13157.65,20.937405,-358.152972,0.000333,0.073513
894681,1587,4487.694,1000,13170.9,21.579522,-357.809939,-0.002016,0.075694
895681,1588,4712.349,1000,13184.55,22.080833,-357.842764,0.000744,0.07501
896681,1589,4510.531,1000,13198.44,22.362009,-358.035349,0.001492,0.073365
897681,1590,4513.196,1000,13211.93,21.655479,-358.374466,0.000394,0.073062
898681,1591,4687.787,1000,13226.26,21.319302,-358.102506,-0.000547,0.073471
899681,1592,4751.86,1000,13240.35,21.568307,-358.192902,-0.001309,0.074932
900681,1593,4542.189,1000,13259.99,21.962078,-358.475379,0.002045,0.072935
901681,1594,4786.884,1000,13273.54,21.173455,-358.48072,0.000973,0.071857
902681,1595,4703.485,1000,13287.67,21.500082,-358.549227,0.000858,0.070959
903681,1596,4612.762,1000,13300.97,20.91776,-358.953958,-0.002495,0.073599
903919,1597,761.757,238,13304.35,23.613025,-359.191689,0.005742,0.072361
904919,1598,4695.073,1000,13318.6,21.082497,-358.852802,0.000926,0.071531
905919,1599,4730.853,1000,13332.2,20.660923,-358.965983,-0.002555,0.073782
906919,1600,4651.927,1000,13346.99,20.717682,-359.221922,0.00259,0.071471
907758,1601,3644.398,839,13359.51,21.315144,-359.379899,-0.001057,0.072445
908758,1602,4677.936,1000,13374.83,20.678778,-359.561377,-0.000719,0.072999
909758,1603,4792.911,1000,13390.49,20.947843,-359.224728,0.000136,0.072862
910758,1604,4565.063,1000,13410.86,21.438583,-359.759615,0.000434,0.072347
911758,1605,4562.39,1000,13425.24,21.564194,-359.703842,-0.000671,0.073245
912758,1606,4723.084,1000,13438.42,21.982495,-359.686063,-0.002402,0.075691
913758,1607,4767.909,1000,13452.55,21.250338,-360.001061,0.001283,0.07423
914758,1608,4684.473,1000,13466.26,21.274714,-359.694828,-0.000959,0.075284
915758,1609,4718.41,1000,13479.75,21.570629,-360.042419,0.002204,0.073068
916758,1610,4583.845,1000,13493.43,22.048625,-359.928383,-0.001805,0.07488
917758,1611,4795.481,1000,13507.02,21.605078,-360.041241,0.001449,0.073384
918758,1612,4841.573,1000,13521.16,20.645536,-360.611056,-0.000516,0.073977
919758,1613,4735.406,1000,13534.49,21.650973,-360.577644,0.001302,0.07267
920758,1614,4752.693,1000,13554.59,21.368843,-360.490641,-0.001465,0.074075
921758,1615,4788.531,1000,13567.81,21.184174,-361.012382,0.000902,0.073179
922758,1616,4705.196,1000,13582.31,21.090286,-360.942794,0.001291,0.07203
923758,1617,4674.953,1000,13597.57,22.419947,-361.502244,-0.000773,0.072654
924758,1618,4804.446,1000,13612.31,21.276785,-361.178907,0.000408,0.072304
925758,1619,4726.025,1000,13625.77,22.146463,-361.472616,-0.000517,0.072999
926758,1620,4787.038,1000,13639.72,22.714777,-361.688344,0.001974,0.070778
927758,1621,4835.021,1000,13653.73,21.43454,-361.384401,-0.004085,0.075033
928758,1622,4892.23,1000,13667.97,21.530636,-361.608125,0.001288,0.073855
929758,1623,4813.58,1000,13682.12,22.410167,-361.759227,0.002272,0.071374
930758,1624,4591.735,1000,13701.3,21.776434,-361.949144,-0.001535,0.07305
931758,1625,4728.523,1000,13715.77,22.494845,-361.982786,-0.000727,0.073565
932758,1626,4511.01,1000,13730.3,21.430759,-362.337414,0.001586,0.072354
933758,1627,4645.304,1000,13743.63,21.651875,-362.229876,-0.001832,0.074138
934758,1628,4576.154,1000,13757.76,21.704184,-362.565618,-0.001047,0.075249
935758,1629,4742.34,1000,13771.66,22.580726,-362.559473,0.002377,0.072725
936758,1630,4543.672,1000,13785.99,21.717646,-362.457055,-0.003683,0.076402
937758,1631,4828.977,1000,13799.66,21.423049,-362.507024,0.001904,0.074541
938758,1632,4753.783,1000,13814.15,22.345409,-362.58363,0.000957,0.073674
939758,1633,4773.27,1000,13828.57,22.600161,-362.901277,-0.00031,0.07396
940758,1634,4782.843,1000,13848.63,22.19342,-363.308853,0.001574,0.072336
941758,1635,4500.617,1000,13861.88,21.431898,-363.318773,-0.000983,0.073407
941807,1636,36.419,49,13862.56,20.946043,-362.284973,0.01519,0.072638
941918,1637,129.969,111,13864.16,20.719087,-363.550187,-0.011817,0.073589
942014,1638,99.217,96,13865.51,21.390187,-363.83749,-0.003245,0.074278
943014,1639,4741.755,1000,13879.36,22.891252,-363.736297,6.4e-05,0.07439
944014,1640,4529.593,1000,13892.93,22.274697,-363.672112,0.00284,0.071442
944090,1641,86.599,76,13894.0,21.019625,-363.608453,-0.001532,0.071442
945090,1642,4523.201,1000,13907.42,22.204386,-363.879504,-0.001051,0.07263
945126,1643,23.134,36,13907.88,21.54905,-363.120956,0.013314,0.072119
946126,1644,4685.743,1000,13922.06,24.74939,-364.078126,0.00086,0.071226
947126,1645,4649.784,1000,13935.09,22.243289,-364.152809,-0.002895,0.074221
948126,1646,4634.256,1000,13949.75,22.605974,-364.254909,-0.001426,0.075551
949126,1647,4719.056,1000,13965.03,22.377771,-363.969395,0.000804,0.074647
950126,1648,4511.524,1000,13988.2,21.128249,-364.413994,-0.000378,0.0752
951126,1649,4862.52,1000,14003.4,21.394644,-364.203901,-0.000411,0.075702
952126,1650,4424.353,1000,14016.82,22.148132,-364.172939,0.004172,0.071491
953126,1651,4918.878,1000,14030.83,21.572485,-364.587338,6.4e-05,0.071412
954126,1652,4788.439,1000,14044.06,20.842495,-364.950501,-0.002791,0.074439
955126,1653,4669.78,1000,14057.87,21.563549,-364.795062,0.00233,0.071996
956126,1654,4878.157,1000,14072.77,19.927515,-365.34481,-0.000624,0.072503
957126,1655,4741.472,1000,14087.55,23.174892,-365.335354,0.001372,0.070887
958126,1656,4751.995,1000,14103.16,20.505367,-365.353516,-0.003463,0.07442
959126,1657,4897.515,1000,14118.63,20.074098,-365.495988,0.00373,0.071043
960126,1658,4932.069,1000,14138.2,20.663219,-365.675761,0.002124,0.068891
961126,1659,4699.5,1000,14152.25,22.34844,-365.956851,0.000162,0.068726
962126,1660,4828.688,1000,14166.07,21.468482,-366.013959,-0.000304,0.069027
963126,1661,4658.138,1000,14179.51,21.019268,-366.482104,-0.001536,0.070526
964126,1662,4869.847,1000,14193.29,21.372207,-366.471985,-0.001226,0.071822
965126,1663,4887.968,1000,14207.25,22.250586,-366.889359,0.000898,0.070891
966126,1664,4856.011,1000,14221.45,21.690851,-366.687078,-0.001573,0.072542
967126,1665,4831.404,1000,14234.68,20.909116,-366.889745,-0.002167,0.07493
968126,1666,4896.051,1000,14248.52,20.436418,-366.691583,0.003985,0.070873
969126,1667,4749.241,1000,14262.38,20.314608,-366.887153,-0.002873,0.073674
970126,1668,4917.572,1000,14282.17,23.241932,-366.994083,0.000439,0.073169
971126,1669,4717.907,1000,14296.02,20.26005,-366.882239,0.000801,0.072403
972126,1670,4836.172,1000,14310.82,20.434023,-367.016144,0.001495,0.070911
973126,1671,4584.012,1000,14326.0,21.278344,-367.476215,-0.000331,0.07148
974126,1672,4769.79,1000,14341.54,20.720147,-367.511864,0.001062,0.070252
975126,1673,4870.788,1000,14356.37,20.429809,-367.695543,-0.001467,0.071971
976126,1674,4910.162,1000,14369.61,19.985357,-367.817117,0.000826,0.070885
977126,1675,4913.133,1000,14383.73,22.51331,-367.937639,0.000281,0.070741
978126,1676,4457.683,1000,14396.98,20.531307,-368.094217,-0.000124,0.070946
979126,1677,4747.249,1000,14410.78,20.319747,-368.193486,-2.5e-05,0.070637
980126,1678,4698.767,1000,14430.59,21.801373,-368.380177,-0.001764,0.07255
981126,1679,4807.956,1000,14445.54,20.491935,-368.13733,-0.00085,0.073606
982126,1680,4862.494,1000,14460.66,20.273587,-368.194641,0.000986,0.07244
983126,1681,4748.077,1000,14476.12,20.321129,-368.371913,-0.001647,0.074149
984126,1682,4861.215,1000,14490.52,20.788854,-368.513031,0.001328,0.072743
985126,1683,4838.61,1000,14503.74,20.497656,-368.356137,0.002652,0.069889
986126,1684,4861.522,1000,14517.93,21.722768,-368.543632,-0.003072,0.073215
987126,1685,4651.364,1000,14531.93,21.194628,-368.428971,7.9e-05,0.073212
988126,1686,4768.714,1000,14546.12,21.689584,-368.354703,0.001986,0.071183
989126,1687,4711.917,1000,14560.38,21.365771,-368.613012,-0.002889,0.074208
990126,1688,4760.347,1000,14580.32,20.320508,-368.785353,0.002483,0.071666
991126,1689,4804.327,1000,14594.46,21.067304,-369.151487,0.00063,0.07115
992126,1690,4834.638,1000,14608.69,20.320372,-369.17063,-0.001197,0.072421
993126,1691,4754.964,1000,14622.75,21.692365,-369.228804,-0.001481,0.074154
994126,1692,4939.315,1000,14637.45,19.868008,-369.501032,0.001777,0.072195
995126,1693,4809.901,1000,14651.46,20.198612,-369.850476,-0.002059,0.074261
996126,1694,4777.738,1000,14665.62,21.429793,-369.726111,0.003913,0.070146
997126,1695,4795.468,1000,14679.73,20.798917,-370.108542,-0.001722,0.072033
998126,1696,4719.93,1000,14693.6,19.486986,-370.271215,0.003115,0.069092
999126,1697,4862.484,1000,14707.3,20.532898,-370.379545,-0.000576,0.069412
