timestep,episode,episode_reward,episode_length,wall_time,policy_loss,value_loss,entropy,approx_kl
18,0,7.026,18,0.27,,,,
32,1,3.928,14,0.29,,,,
48,2,-6.075,16,0.31,,,,
63,3,0.908,15,0.34,,,,
82,4,1.34,19,0.37,,,,
106,5,0.966,24,0.41,,,,
123,6,0.979,17,0.43,,,,
141,7,0.744,18,0.46,,,,
161,8,-1.645,20,0.5,,,,
180,9,-1.231,19,0.53,,,,
192,10,-1.444,12,0.55,,,,
216,11,-1.34,24,0.59,,,,
237,12,-2.22,21,0.63,,,,
251,13,0.29,14,0.66,,,,
275,14,-0.981,24,0.7,,,,
290,15,-0.978,15,0.72,,,,
305,16,-0.711,15,0.74,,,,
337,17,2.24,32,0.79,,,,
347,18,-0.901,10,0.8,,,,
381,19,2.536,34,0.86,,,,
401,20,1.432,20,0.9,,,,
419,21,2.124,18,0.95,,,,
434,22,0.758,15,1.0,,,,
460,23,-0.725,26,1.04,,,,
487,24,-0.307,27,1.1,,,,
510,25,0.566,23,1.14,,,,
526,26,0.29,16,1.17,,,,
551,27,-0.815,25,1.21,,,,
562,28,-0.737,11,1.23,,,,
573,29,-0.063,11,1.25,,,,
602,30,2.046,29,1.29,,,,
615,31,-1.707,13,1.31,,,,
643,32,3.356,28,1.36,,,,
664,33,-2.067,21,1.39,,,,
685,34,-2.539,21,1.43,,,,
709,35,-0.105,24,1.47,,,,
722,36,-0.181,13,1.49,,,,
760,37,2.213,38,1.55,,,,
770,38,-1.563,10,1.57,,,,
780,39,-1.511,10,1.58,,,,
793,40,-0.699,13,1.6,,,,
811,41,-2.781,18,1.63,,,,
827,42,-2.388,16,1.66,,,,
844,43,-0.713,17,1.68,,,,
862,44,-3.041,18,1.71,,,,
881,45,0.403,19,1.74,,,,
893,46,-0.963,12,1.77,,,,
909,47,0.854,16,1.8,,,,
935,48,2.135,26,1.87,,,,
955,49,0.699,20,1.9,,,,
975,50,0.798,20,1.93,,,,
1008,51,-0.539,33,2.0,,,,
1023,52,-2.433,15,2.02,,,,
1049,53,-0.768,26,2.06,,,,
1063,54,-2.363,14,2.08,,,,
1081,55,1.142,18,2.11,,,,
1094,56,-0.965,13,2.13,,,,
1111,57,-2.287,17,2.16,,,,
1130,58,1.64,19,2.19,,,,
1143,59,-0.266,13,2.21,,,,
1158,60,0.202,15,2.25,,,,
1173,61,-0.248,15,2.27,,,,
1181,62,-1.518,8,2.29,,,,
1204,63,-1.921,23,2.32,,,,
1237,64,-0.83,33,2.37,,,,
1253,65,-2.71,16,2.4,,,,
1277,66,0.291,24,2.44,,,,
1300,67,1.632,23,2.47,,,,
1314,68,0.336,14,2.49,,,,
1326,69,-1.877,12,2.51,,,,
1338,70,-0.471,12,2.53,,,,
1350,71,0.197,12,2.55,,,,
1378,72,4.045,28,2.59,,,,
1388,73,-0.207,10,2.61,,,,
1398,74,-0.652,10,2.62,,,,
1408,75,-1.309,10,2.64,,,,
1428,76,-0.307,20,2.68,,,,
1441,77,-1.101,13,2.72,,,,
1469,78,-0.382,28,2.76,,,,
1488,79,-0.223,19,2.79,,,,
1499,80,-1.092,11,2.81,,,,
1511,81,-1.362,12,2.84,,,,
1524,82,-0.287,13,2.88,,,,
1556,83,2.175,32,2.95,,,,
1567,84,0.052,11,2.97,,,,
1583,85,-0.939,16,2.99,,,,
1606,86,0.13,23,3.03,,,,
1619,87,-1.244,13,3.05,,,,
1646,88,1.042,27,3.09,,,,
1681,89,-1.209,35,3.14,,,,
1697,90,0.582,16,3.17,,,,
1719,91,-0.408,22,3.21,,,,
1732,92,-1.861,13,3.24,,,,
1741,93,-0.94,9,3.26,,,,
1749,94,-0.99,8,3.27,,,,
1785,95,-1.304,36,3.33,,,,
1796,96,-0.198,11,3.35,,,,
1810,97,-0.768,14,3.37,,,,
1836,98,1.098,26,3.41,,,,
1846,99,-0.455,10,3.42,,,,
1860,100,-0.756,14,3.44,,,,
1882,101,-0.412,22,3.48,,,,
1901,102,-1.795,19,3.51,,,,
1913,103,0.519,12,3.53,,,,
1921,104,-0.858,8,3.54,,,,
1933,105,-3.538,12,3.57,,,,
1953,106,-2.622,20,3.6,,,,
1984,107,-0.279,31,3.65,,,,
2020,108,-0.159,36,3.71,,,,
2040,109,-1.539,20,3.75,,,,
2053,110,0.371,13,6.26,,,,
2073,111,0.771,20,6.3,,,,
2107,112,0.541,34,6.35,,,,
2117,113,-1.028,10,6.38,,,,
2127,114,-0.582,10,6.41,,,,
2138,115,-0.669,11,6.45,,,,
2169,116,1.532,31,6.5,,,,
2182,117,-0.227,13,6.52,,,,
2217,118,3.325,35,6.59,,,,
2237,119,1.566,20,6.62,,,,
2266,120,0.877,29,6.68,,,,
2286,121,-0.909,20,6.71,,,,
2302,122,-0.133,16,6.74,,,,
2336,123,2.134,34,6.8,,,,
2350,124,-0.251,14,6.82,,,,
2369,125,-2.087,19,6.86,,,,
2386,126,-3.119,17,6.88,,,,
2406,127,-1.279,20,6.94,,,,
2418,128,0.26,12,6.95,,,,
2453,129,3.564,35,7.02,,,,
2485,130,-1.553,32,7.07,,,,
2514,131,-1.514,29,7.12,,,,
2533,132,0.612,19,7.15,,,,
2552,133,0.684,19,7.19,,,,
2578,134,0.255,26,7.24,,,,
2616,135,-2.006,38,7.31,,,,
2648,136,-1.144,32,7.38,,,,
2671,137,0.293,23,7.41,,,,
2686,138,1.484,15,7.44,,,,
2707,139,-3.217,21,7.47,,,,
2747,140,3.953,40,7.54,,,,
2780,141,-0.102,33,7.63,,,,
2793,142,0.418,13,7.66,,,,
2813,143,1.43,20,7.7,,,,
2827,144,-0.81,14,7.72,,,,
2857,145,1.495,30,7.77,,,,
2882,146,-0.192,25,7.81,,,,
2915,147,2.865,33,7.88,,,,
2936,148,2.037,21,7.93,,,,
2961,149,1.822,25,7.97,,,,
3005,150,1.137,44,8.04,,,,
3015,151,-1.482,10,8.06,,,,
3046,152,2.062,31,8.14,,,,
3068,153,1.202,22,8.18,,,,
3090,154,1.815,22,8.22,,,,
3101,155,-0.359,11,8.24,,,,
3122,156,-2.962,21,8.28,,,,
3131,157,-1.431,9,8.29,,,,
3164,158,5.035,33,8.34,,,,
3180,159,0.562,16,8.37,,,,
3199,160,1.362,19,8.4,,,,
3209,161,-0.02,10,8.42,,,,
3229,162,2.662,20,8.46,,,,
3251,163,0.312,22,8.49,,,,
3279,164,0.726,28,8.54,,,,
3302,165,-2.006,23,8.58,,,,
3341,166,1.921,39,8.65,,,,
3365,167,1.254,24,8.69,,,,
3378,168,-0.284,13,8.71,,,,
3406,169,2.191,28,8.76,,,,
3422,170,0.316,16,8.79,,,,
3468,171,0.849,46,8.9,,,,
3495,172,1.014,27,8.95,,,,
3506,173,-1.213,11,8.98,,,,
3528,174,2.161,22,9.01,,,,
3554,175,3.201,26,9.06,,,,
3572,176,-1.306,18,9.09,,,,
3591,177,-1.509,19,9.14,,,,
3616,178,0.93,25,9.2,,,,
3647,179,-0.067,31,9.27,,,,
3657,180,-1.485,10,9.3,,,,
3672,181,0.694,15,9.34,,,,
3691,182,-1.696,19,9.4,,,,
3740,183,3.179,49,9.48,,,,
3790,184,6.283,50,9.57,,,,
3815,185,-0.152,25,9.61,,,,
3844,186,2.846,29,9.66,,,,
3859,187,-0.179,15,9.68,,,,
3873,188,0.477,14,9.71,,,,
3885,189,-1.392,12,9.73,,,,
3920,190,0.885,35,9.79,,,,
3934,191,0.436,14,9.81,,,,
3946,192,-1.023,12,9.83,,,,
3994,193,1.488,48,9.91,,,,
4017,194,-0.738,23,9.95,,,,
4058,195,3.562,41,10.02,,,,
4137,196,-0.554,79,12.62,,,,
4174,197,2.564,37,12.7,,,,
4193,198,-2.384,19,12.76,,,,
4217,199,2.67,24,12.81,,,,
4234,200,-0.299,17,12.86,,,,
4269,201,-1.426,35,12.97,,,,
4305,202,2.343,36,13.07,,,,
4330,203,-0.714,25,13.13,,,,
4355,204,-0.102,25,13.17,,,,
4401,205,2.889,46,13.24,,,,
4442,206,2.868,41,13.32,,,,
4484,207,0.58,42,13.39,,,,
4512,208,1.066,28,13.44,,,,
4539,209,0.547,27,13.49,,,,
4567,210,1.111,28,13.55,,,,
4590,211,1.171,23,13.59,,,,
4617,212,1.783,27,13.64,,,,
4633,213,1.077,16,13.66,,,,
4662,214,3.066,29,13.71,,,,
4698,215,5.097,36,13.78,,,,
4724,216,1.779,26,13.82,,,,
4748,217,0.731,24,13.86,,,,
4761,218,-0.957,13,13.88,,,,
4774,219,-0.127,13,13.9,,,,
4787,220,0.825,13,13.92,,,,
4817,221,-1.132,30,13.99,,,,
4868,222,6.412,51,14.13,,,,
4895,223,3.335,27,14.19,,,,
4936,224,2.033,41,14.26,,,,
4967,225,0.5,31,14.31,,,,
4999,226,1.635,32,14.36,,,,
5014,227,0.018,15,14.39,,,,
5030,228,-0.046,16,14.42,,,,
5050,229,1.136,20,14.47,,,,
5066,230,0.498,16,14.52,,,,
5079,231,0.015,13,14.55,,,,
5114,232,-0.749,35,14.65,,,,
5132,233,-0.026,18,14.68,,,,
5153,234,1.534,21,14.72,,,,
5178,235,-0.001,25,14.76,,,,
5196,236,-0.539,18,14.79,,,,
5238,237,3.691,42,14.86,,,,
5251,238,-0.224,13,14.89,,,,
5263,239,0.05,12,14.91,,,,
5281,240,0.139,18,14.94,,,,
5299,241,0.324,18,14.98,,,,
5341,242,1.564,42,15.05,,,,
5354,243,-0.234,13,15.07,,,,
5402,244,6.808,48,15.17,,,,
5416,245,-0.1,14,15.2,,,,
5442,246,4.355,26,15.25,,,,
5481,247,1.508,39,15.32,,,,
5517,248,2.393,36,15.39,,,,
5554,249,2.648,37,15.47,,,,
5593,250,3.296,39,15.54,,,,
5602,251,-0.793,9,15.55,,,,
5648,252,0.552,46,15.63,,,,
5660,253,-0.906,12,15.65,,,,
5688,254,1.297,28,15.7,,,,
5714,255,3.753,26,15.75,,,,
5731,256,-0.944,17,15.78,,,,
5751,257,0.734,20,15.81,,,,
5770,258,0.006,19,15.85,,,,
5797,259,3.286,27,15.9,,,,
5894,260,14.345,97,16.07,,,,
5918,261,1.226,24,16.12,,,,
5943,262,0.465,25,16.16,,,,
5961,263,0.536,18,16.19,,,,
5988,264,1.561,27,16.24,,,,
5999,265,-0.967,11,16.26,,,,
6016,266,-0.132,17,16.29,,,,
6025,267,-0.834,9,16.3,,,,
6062,268,2.711,37,16.37,,,,
6099,269,2.85,37,16.43,,,,
6126,270,1.978,27,16.49,,,,
6140,271,0.4,14,16.51,,,,
6153,272,0.258,13,18.99,,,,
6191,273,0.173,38,19.06,,,,
6213,274,-0.291,22,19.1,,,,
6233,275,0.408,20,19.13,,,,
6258,276,2.17,25,19.18,,,,
6277,277,1.132,19,19.21,,,,
6339,278,4.61,62,19.32,,,,
6374,279,0.463,35,19.37,,,,
6405,280,2.543,31,19.43,,,,
6449,281,2.914,44,19.5,,,,
6495,282,2.188,46,19.6,,,,
6508,283,0.04,13,19.62,,,,
6522,284,-0.001,14,19.66,,,,
6577,285,4.863,55,19.79,,,,
6598,286,1.002,21,19.83,,,,
6643,287,3.004,45,19.9,,,,
6696,288,2.61,53,19.99,,,,
6720,289,1.883,24,20.03,,,,
6747,290,0.818,27,20.08,,,,
6760,291,0.493,13,20.1,,,,
6808,292,1.828,48,20.18,,,,
6833,293,1.237,25,20.22,,,,
6867,294,2.376,34,20.29,,,,
6895,295,0.936,28,20.34,,,,
6977,296,-5.504,82,20.52,,,,
7013,297,0.633,36,20.58,,,,
7071,298,6.903,58,20.68,,,,
7116,299,-0.304,45,20.77,,,,
7222,300,13.524,106,20.95,,,,
7236,301,0.027,14,20.97,,,,
7251,302,0.71,15,21.0,,,,
7278,303,0.413,27,21.06,,,,
7293,304,-0.502,15,21.08,,,,
7319,305,1.131,26,21.13,,,,
7331,306,0.232,12,21.15,,,,
7354,307,0.529,23,21.19,,,,
7418,308,3.211,64,21.33,,,,
7457,309,3.107,39,21.39,,,,
7510,310,3.21,53,21.48,,,,
7570,311,2.988,60,21.59,,,,
7608,312,4.06,38,21.66,,,,
7640,313,2.452,32,21.72,,,,
7708,314,1.979,68,21.83,,,,
7733,315,0.402,25,21.87,,,,
7747,316,0.336,14,21.9,,,,
7771,317,0.978,24,21.94,,,,
7786,318,-0.103,15,21.96,,,,
7811,319,-0.764,25,22.01,,,,
7891,320,0.045,80,22.16,,,,
7932,321,0.056,41,22.23,,,,
7943,322,-0.531,11,22.25,,,,
7993,323,2.235,50,22.34,,,,
8005,324,-0.029,12,22.36,,,,
8062,325,5.253,57,22.46,,,,
8096,326,0.447,34,22.52,,,,
8120,327,0.983,24,22.56,,,,
8134,328,-0.317,14,22.59,,,,
8191,329,3.429,57,22.68,,,,
8243,330,3.404,52,25.24,,,,
8296,331,1.735,53,25.33,,,,
8341,332,2.997,45,25.4,,,,
8377,333,2.311,36,25.47,,,,
8444,334,6.775,67,25.6,,,,
8471,335,1.38,27,25.64,,,,
8482,336,0.17,11,25.66,,,,
8513,337,2.88,31,25.71,,,,
8523,338,-0.474,10,25.73,,,,
8606,339,5.901,83,25.86,,,,
8712,340,2.356,106,26.06,,,,
8755,341,2.15,43,26.14,,,,
8831,342,3.131,76,26.35,,,,
8861,343,1.09,30,26.43,,,,
8881,344,0.42,20,26.47,,,,
8957,345,4.128,76,26.6,,,,
8998,346,3.21,41,26.69,,,,
9064,347,4.498,66,26.8,,,,
9108,348,0.712,44,26.89,,,,
9176,349,4.418,68,27.0,,,,
9192,350,-0.04,16,27.03,,,,
9266,351,1.06,74,27.16,,,,
9344,352,5.715,78,27.31,,,,
9362,353,0.45,18,27.34,,,,
9379,354,0.476,17,27.37,,,,
9471,355,4.75,92,27.52,,,,
9497,356,0.354,26,27.57,,,,
9610,357,10.385,113,27.87,,,,
9700,358,1.987,90,28.05,,,,
9764,359,1.219,64,28.16,,,,
9808,360,1.869,44,28.24,,,,
9894,361,0.785,86,28.39,,,,
9976,362,5.004,82,28.53,,,,
10092,363,3.34,116,29.88,,,,
10118,364,0.587,26,29.92,,,,
10195,365,3.043,77,30.06,,,,
10207,366,0.197,12,30.08,,,,
10294,367,4.253,87,32.8,,,,
10396,368,1.635,102,33.0,,,,
10503,369,2.722,107,33.19,,,,
10561,370,2.782,58,33.29,,,,
10667,371,2.907,106,33.47,,,,
10762,372,0.681,95,33.65,,,,
10872,373,10.176,110,33.85,,,,
10982,374,1.224,110,34.06,,,,
11004,375,-0.371,22,34.12,,,,
11024,376,0.325,20,34.17,,,,
11132,377,-1.912,108,34.37,,,,
11195,378,2.799,63,34.47,,,,
11254,379,2.498,59,34.59,,,,
11266,380,-0.151,12,34.62,,,,
11413,381,8.389,147,34.9,,,,
11432,382,0.419,19,34.93,,,,
11476,383,1.481,44,35.01,,,,
11628,384,5.295,152,35.27,,,,
11701,385,3.257,73,35.4,,,,
11842,386,20.427,141,35.65,,,,
12004,387,7.437,162,35.94,,,,
12080,388,2.552,76,36.12,,,,
12106,389,0.265,26,36.18,,,,
12146,390,1.011,40,36.26,,,,
12263,391,-0.948,117,36.47,,,,
12337,392,2.223,74,39.15,,,,
12465,393,-0.91,128,39.41,,,,
12556,394,1.388,91,39.63,,,,
12680,395,13.826,124,39.84,,,,
12816,396,3.477,136,40.08,,,,
12975,397,5.246,159,40.39,,,,
13136,398,3.678,161,40.69,,,,
13292,399,3.647,156,40.97,,,,
13389,400,10.779,97,41.15,,,,
13475,401,2.786,86,41.3,,,,
13696,402,22.896,221,41.69,,,,
13834,403,4.267,138,41.94,,,,
13967,404,2.08,133,42.17,,,,
14031,405,1.173,64,42.28,,,,
14168,406,-0.099,137,42.51,,,,
14305,407,1.55,137,42.75,,,,
14377,408,1.863,72,45.07,,,,
14448,409,1.086,71,45.2,,,,
14603,410,3.655,155,45.46,,,,
14827,411,5.529,224,45.86,,,,
14874,412,1.097,47,45.94,,,,
15090,413,2.065,216,46.32,,,,
15140,414,2.098,50,46.41,,,,
15264,415,0.865,124,46.62,,,,
15460,416,14.58,196,46.97,,,,
15590,417,11.023,130,47.2,,,,
15670,418,2.566,80,47.33,,,,
15838,419,5.371,168,47.63,,,,
15989,420,2.4,151,47.89,,,,
16081,421,0.985,92,48.05,,,,
16225,422,1.133,144,48.29,,,,
16269,423,1.005,44,48.36,,,,
16336,424,1.785,67,48.48,,,,
16412,425,0.903,76,50.44,,,,
16531,426,2.905,119,50.66,,,,
16602,427,2.885,71,50.78,,,,
16822,428,5.432,220,51.15,,,,
16985,429,11.082,163,51.43,,,,
17124,430,10.8,139,51.68,,,,
17210,431,1.567,86,51.83,,,,
17339,432,9.18,129,52.06,,,,
17442,433,-0.389,103,52.24,,,,
17538,434,3.882,96,52.4,,,,
17686,435,9.254,148,52.65,,,,
18028,436,16.612,342,53.24,,,,
18146,437,8.534,118,53.44,,,,
18265,438,0.581,119,53.65,,,,
18378,439,3.206,113,53.84,,,,
18523,440,1.586,145,55.99,,,,
18688,441,1.62,165,56.26,,,,
18834,442,8.134,146,56.51,,,,
19087,443,14.463,253,56.95,,,,
19258,444,8.641,171,57.26,,,,
19422,445,9.232,164,57.55,,,,
19647,446,11.198,225,57.94,,,,
19804,447,8.392,157,58.22,,,,
19991,448,1.698,187,58.55,,,,
20096,449,1.805,105,59.93,,,,
20218,450,8.466,122,60.14,,,,
20337,451,0.644,119,60.35,,,,
20490,452,8.868,153,62.55,,,,
20674,453,2.625,184,62.86,,,,
20892,454,4.049,218,63.23,,,,
21022,455,0.495,130,63.46,,,,
21167,456,2.786,145,63.72,,,,
21376,457,2.272,209,64.1,,,,
21556,458,2.722,180,64.41,,,,
21688,459,7.715,132,64.64,,,,
21916,460,2.405,228,65.02,,,,
22099,461,9.572,183,65.33,,,,
22550,462,17.242,451,68.44,,,,
22738,463,2.914,188,68.77,,,,
22905,464,0.823,167,69.07,,,,
23132,465,3.811,227,69.46,,,,
23286,466,8.626,154,69.73,,,,
23435,467,1.679,149,69.99,,,,
23573,468,8.024,138,70.23,,,,
23720,469,1.203,147,70.5,,,,
24069,470,13.263,349,71.1,,,,
24226,471,8.844,157,71.38,,,,
24388,472,7.875,162,71.66,,,,
24584,473,9.728,196,74.29,,,,
24766,474,8.689,182,74.63,,,,
24957,475,2.32,191,74.95,,,,
25139,476,2.538,182,75.27,,,,
25388,477,11.495,249,75.71,,,,
25634,478,5.409,246,76.15,,,,
25763,479,6.232,129,76.37,,,,
26056,480,5.213,293,76.89,,,,
26220,481,0.28,164,77.18,,,,
26418,482,9.469,198,77.52,,,,
26579,483,2.168,161,77.8,,,,
26727,484,6.875,148,80.34,,,,
26878,485,7.922,151,80.6,,,,
27066,486,0.494,188,80.92,,,,
27488,487,15.937,422,81.67,,,,
27658,488,8.217,170,81.97,,,,
27860,489,8.63,202,82.31,,,,
28432,490,15.2,572,83.29,,,,
28757,491,4.395,325,86.15,,,,
29007,492,10.304,250,86.57,,,,
29165,493,7.616,158,86.85,,,,
29324,494,6.875,159,87.13,,,,
29473,495,7.263,149,87.39,,,,
29786,496,6.442,313,87.94,,,,
29960,497,4.56,174,88.24,,,,
30209,498,9.282,249,89.9,,,,
30769,499,18.034,560,93.21,,,,
30986,500,9.633,217,93.59,,,,
31118,501,6.315,132,93.82,,,,
31513,502,6.518,395,94.53,,,,
31661,503,6.963,148,94.79,,,,
31827,504,7.317,166,95.07,,,,
31945,505,6.005,118,95.28,,,,
32145,506,2.639,200,95.63,,,,
32285,507,6.571,140,95.87,,,,
32773,508,16.169,488,99.06,,,,
32926,509,6.715,153,99.34,,,,
33177,510,9.308,251,99.78,,,,
33356,511,6.931,179,100.09,,,,
33494,512,5.992,138,100.33,,,,
33700,513,8.028,206,100.72,,,,
33865,514,7.052,165,100.99,,,,
34122,515,9.135,257,101.54,,,,
34273,516,6.708,151,101.92,,,,
34467,517,7.316,194,102.3,,,,
34701,518,9.611,234,102.76,,,,
34928,519,2.952,227,105.63,,,,
35057,520,6.096,129,105.88,,,,
35252,521,8.035,195,106.24,,,,
35456,522,8.331,204,106.64,,,,
35636,523,7.309,180,107.03,,,,
35871,524,8.984,235,107.43,,,,
35959,525,4.118,88,107.58,,,,
35999,526,0.83,40,107.65,,,,
36174,527,7.227,175,107.95,,,,
36351,528,7.376,177,108.31,,,,
36650,529,9.863,299,108.89,,,,
36844,530,1.986,194,109.27,,,,
37019,531,6.808,175,111.93,,,,
37189,532,7.202,170,112.25,,,,
37325,533,5.074,136,112.49,,,,
37600,534,3.609,275,113.0,,,,
37785,535,7.508,185,113.36,,,,
37963,536,7.426,178,113.67,,,,
38303,537,4.623,340,114.31,,,,
38415,538,5.247,112,114.5,,,,
38548,539,5.599,133,114.72,,,,
38699,540,6.85,151,114.98,,,,
38836,541,6.161,137,115.22,,,,
39037,542,8.054,201,117.59,,,,
39207,543,6.956,170,117.91,,,,
39595,544,6.009,388,118.6,,,,
39745,545,6.336,150,118.88,,,,
39999,546,8.935,254,119.34,,,,
40216,547,8.311,217,121.07,,,,
40384,548,6.834,168,121.38,,,,
40555,549,7.792,171,121.67,,,,
40691,550,5.973,136,121.9,,,,
40898,551,7.954,207,122.33,,,,
40922,552,0.308,24,122.37,,,,
41237,553,10.663,315,124.9,,,,
41443,554,7.941,206,125.29,,,,
41582,555,5.838,139,125.59,,,,
41759,556,1.614,177,125.95,,,,
41984,557,8.824,225,126.39,,,,
42268,558,8.697,284,127.0,,,,
42533,559,8.933,265,127.52,,,,
42891,560,11.781,358,128.28,,,,
43111,561,1.659,220,130.84,,,,
43257,562,6.009,146,131.09,,,,
43677,563,13.145,420,131.97,,,,
43871,564,7.388,194,132.32,,,,
44070,565,1.454,199,132.76,,,,
44363,566,9.251,293,133.28,,,,
44661,567,9.996,298,133.89,,,,
44801,568,5.924,140,134.17,,,,
44960,569,6.391,159,134.46,,,,
45150,570,7.344,190,137.12,,,,
45344,571,7.458,194,137.47,,,,
45482,572,5.238,138,137.71,,,,
45642,573,6.327,160,138.07,,,,
45825,574,7.183,183,138.45,,,,
46006,575,7.157,181,138.85,,,,
46221,576,7.933,215,139.3,,,,
46387,577,6.782,166,139.58,,,,
46554,578,6.826,167,139.91,,,,
46905,579,5.662,351,140.5,,,,
47042,580,5.855,137,140.75,,,,
47240,581,7.575,198,143.41,,,,
47469,582,8.44,229,143.82,,,,
47661,583,7.437,192,144.21,,,,
47913,584,9.126,252,144.69,,,,
48125,585,7.685,212,145.13,,,,
48311,586,7.325,186,145.44,,,,
48438,587,5.155,127,145.66,,,,
48603,588,6.738,165,145.97,,,,
48789,589,7.108,186,146.33,,,,
48983,590,7.579,194,146.69,,,,
49138,591,5.902,155,146.99,,,,
49336,592,2.095,198,149.5,,,,
49495,593,6.069,159,149.79,,,,
49734,594,8.213,239,150.29,,,,
49940,595,7.703,206,150.69,,,,
50078,596,6.344,138,152.43,,,,
50390,597,10.287,312,153.01,,,,
50618,598,8.515,228,153.43,,,,
50753,599,5.538,135,153.66,,,,
50887,600,5.816,134,153.97,,,,
51059,601,6.674,172,154.32,,,,
51227,602,6.648,168,157.01,,,,
51382,603,6.188,155,157.31,,,,
51497,604,5.161,115,157.63,,,,
51675,605,7.188,178,158.04,,,,
51801,606,4.905,126,158.26,,,,
51955,607,6.212,154,158.56,,,,
52174,608,7.714,219,158.95,,,,
52335,609,6.514,161,159.22,,,,
52594,610,8.699,259,159.72,,,,
52802,611,8.062,208,160.1,,,,
52947,612,5.758,145,160.38,,,,
53157,613,7.837,210,160.77,,,,
53294,614,6.207,137,162.89,,,,
53493,615,7.552,199,163.24,,,,
53656,616,6.225,163,163.52,,,,
53946,617,9.5,290,164.04,,,,
54227,618,9.213,281,164.55,,,,
54377,619,6.232,150,164.8,,,,
54519,620,5.696,142,165.04,,,,
54695,621,6.812,176,165.34,,,,
54920,622,8.455,225,165.73,,,,
55094,623,7.051,174,166.04,,,,
55253,624,7.191,159,166.31,,,,
55407,625,7.115,154,168.78,,,,
55693,626,9.109,286,169.28,,,,
55868,627,7.099,175,169.59,,,,
56053,628,7.034,185,169.9,,,,
56260,629,7.652,207,170.3,,,,
56440,630,6.894,180,170.61,,,,
56663,631,8.07,223,171.01,,,,
56844,632,6.87,181,171.35,,,,
56997,633,6.372,153,171.61,,,,
57182,634,7.063,185,171.96,,,,
57418,635,2.592,236,174.65,,,,
57644,636,8.3,226,175.05,,,,
58008,637,5.729,364,175.7,,,,
58174,638,6.433,166,176.0,,,,
58316,639,5.357,142,176.27,,,,
58508,640,7.446,192,176.61,,,,
58677,641,1.355,169,176.94,,,,
58875,642,7.191,198,177.29,,,,
59018,643,5.393,143,177.56,,,,
59212,644,7.19,194,177.89,,,,
59321,645,4.566,109,178.11,,,,
59494,646,6.959,173,180.69,,,,
59644,647,5.947,150,180.97,,,,
59848,648,7.754,204,181.33,,,,
60009,649,6.454,161,183.09,,,,
60163,650,6.209,154,183.38,,,,
60500,651,10.493,337,184.0,,,,
60669,652,6.531,169,184.29,,,,
60849,653,7.006,180,184.62,,,,
61099,654,8.827,250,185.05,,,,
61244,655,6.131,145,185.3,,,,
61414,656,6.986,170,185.61,,,,
61614,657,8.29,200,188.23,,,,
61757,658,5.916,143,188.46,,,,
61937,659,6.716,180,188.78,,,,
62092,660,6.255,155,189.05,,,,
62277,661,7.029,185,189.39,,,,
62496,662,7.576,219,189.81,,,,
62668,663,6.994,172,190.14,,,,
62855,664,6.542,187,190.46,,,,
63053,665,7.634,198,190.79,,,,
63242,666,6.913,189,191.13,,,,
63423,667,8.122,181,191.43,,,,
63625,668,7.831,202,193.74,,,,
63817,669,7.181,192,194.07,,,,
64010,670,7.144,193,194.4,,,,
64202,671,7.611,192,194.74,,,,
64387,672,7.304,185,195.06,,,,
64540,673,6.78,153,195.34,,,,
64705,674,7.129,165,195.64,,,,
64859,675,6.648,154,195.91,,,,
65046,676,7.593,187,196.25,,,,
65204,677,6.833,158,196.54,,,,
65404,678,7.527,200,196.88,,,,
65631,679,8.775,227,199.43,,,,
65906,680,9.681,275,199.9,,,,
66132,681,8.933,226,200.35,,,,
66322,682,7.481,190,200.7,,,,
66506,683,6.913,184,201.03,,,,
66720,684,7.286,214,201.44,,,,
66877,685,6.167,157,201.75,,,,
67026,686,5.809,149,202.0,,,,
67284,687,8.804,258,202.48,,,,
67445,688,5.771,161,202.75,,,,
67695,689,9.143,250,205.27,,,,
67886,690,7.868,191,205.59,,,,
68043,691,6.326,157,205.86,,,,
68370,692,10.774,327,206.45,,,,
68529,693,6.046,159,206.73,,,,
68754,694,8.197,225,207.11,,,,
68881,695,5.146,127,207.35,,,,
69045,696,6.296,164,207.64,,,,
69350,697,9.703,305,208.18,,,,
69525,698,7.066,175,208.5,,,,
69678,699,6.492,153,210.58,,,,
69821,700,6.119,143,210.83,,,,
69965,701,5.831,144,211.07,,,,
70125,702,6.461,160,213.01,,,,
70331,703,7.382,206,213.37,,,,
70617,704,9.756,286,213.88,,,,
70747,705,5.391,130,214.11,,,,
70884,706,5.709,137,214.34,,,,
71067,707,7.405,183,214.67,,,,
71323,708,9.792,256,215.13,,,,
71635,709,4.045,312,215.68,,,,
71848,710,7.12,213,217.95,,,,
72125,711,9.711,277,218.43,,,,
72300,712,7.88,175,218.74,,,,
72514,713,8.188,214,219.1,,,,
72694,714,7.744,180,219.43,,,,
72882,715,7.214,188,219.76,,,,
73089,716,8.15,207,220.11,,,,
73285,717,6.722,196,220.46,,,,
73473,718,6.904,188,220.8,,,,
73625,719,6.082,152,221.06,,,,
73786,720,6.773,161,223.58,,,,
73935,721,6.368,149,223.84,,,,
74171,722,7.956,236,224.24,,,,
74322,723,6.248,151,224.51,,,,
74496,724,8.203,174,224.81,,,,
74651,725,6.176,155,225.08,,,,
74943,726,10.117,292,225.6,,,,
75316,727,12.032,373,226.26,,,,
75514,728,8.197,198,226.62,,,,
75670,729,6.052,156,226.89,,,,
75838,730,6.56,168,229.54,,,,
76061,731,8.388,223,229.94,,,,
76272,732,7.928,211,230.31,,,,
76517,733,9.521,245,230.74,,,,
76765,734,9.414,248,231.19,,,,
77023,735,9.586,258,231.64,,,,
77210,736,7.637,187,231.95,,,,
77561,737,4.903,351,232.57,,,,
77738,738,7.037,177,232.87,,,,
77912,739,6.966,174,235.43,,,,
78092,740,7.072,180,235.75,,,,
78290,741,6.878,198,236.1,,,,
78487,742,7.247,197,236.47,,,,
78729,743,8.363,242,236.9,,,,
78900,744,6.614,171,237.2,,,,
79089,745,7.749,189,237.53,,,,
79306,746,8.547,217,237.94,,,,
79535,747,8.407,229,238.34,,,,
79695,748,6.755,160,238.63,,,,
79895,749,1.815,200,241.22,,,,
80090,750,7.49,195,243.26,,,,
80379,751,9.838,289,243.87,,,,
80544,752,7.227,165,244.22,,,,
80678,753,5.943,134,244.52,,,,
80880,754,8.069,202,244.9,,,,
81055,755,6.938,175,245.2,,,,
81266,756,8.614,211,245.57,,,,
81469,757,7.828,203,246.05,,,,
81656,758,7.834,187,246.43,,,,
81787,759,5.545,131,246.68,,,,
81951,760,6.725,164,248.89,,,,
82199,761,8.701,248,249.32,,,,
82423,762,7.592,224,249.7,,,,
82590,763,6.529,167,250.01,,,,
82799,764,7.772,209,250.38,,,,
83016,765,8.52,217,250.77,,,,
83203,766,7.429,187,251.09,,,,
83389,767,7.156,186,251.42,,,,
83608,768,8.619,219,251.8,,,,
83804,769,7.466,196,252.14,,,,
84035,770,8.845,231,254.64,,,,
84232,771,8.531,197,254.97,,,,
84414,772,8.196,182,255.28,,,,
84620,773,8.304,206,255.62,,,,
84814,774,7.863,194,255.95,,,,
84980,775,7.305,166,256.23,,,,
85239,776,9.519,259,256.68,,,,
85461,777,9.102,222,257.07,,,,
85679,778,8.804,218,257.45,,,,
85894,779,7.965,215,257.83,,,,
86111,780,7.843,217,260.45,,,,
86288,781,6.592,177,260.77,,,,
86524,782,8.612,236,261.18,,,,
86710,783,7.582,186,261.5,,,,
86927,784,8.107,217,261.89,,,,
87100,785,7.168,173,262.19,,,,
87295,786,7.147,195,262.52,,,,
87545,787,9.499,250,262.96,,,,
87767,788,8.61,222,263.36,,,,
87953,789,7.317,186,263.69,,,,
88188,790,8.103,235,265.85,,,,
88387,791,7.598,199,266.19,,,,
88629,792,9.209,242,266.61,,,,
88838,793,7.483,209,266.97,,,,
89095,794,9.542,257,267.42,,,,
89292,795,7.366,197,267.77,,,,
89492,796,7.955,200,268.13,,,,
89694,797,7.859,202,268.49,,,,
89928,798,8.816,234,268.9,,,,
90070,799,5.374,142,270.84,,,,
90247,800,6.911,177,272.96,,,,
90468,801,8.358,221,273.33,,,,
90684,802,8.67,216,273.7,,,,
90879,803,7.569,195,274.06,,,,
91087,804,7.889,208,274.43,,,,
91298,805,7.349,211,274.79,,,,
91526,806,7.948,228,275.19,,,,
91703,807,6.764,177,275.52,,,,
91896,808,7.361,193,275.85,,,,
92116,809,8.207,220,276.23,,,,
92330,810,7.958,214,278.74,,,,
92526,811,8.251,196,279.09,,,,
92820,812,3.607,294,279.61,,,,
93003,813,7.333,183,279.93,,,,
93213,814,8.197,210,280.29,,,,
93460,815,8.633,247,280.73,,,,
93636,816,6.72,176,281.05,,,,
93876,817,8.666,240,281.48,,,,
94068,818,7.897,192,281.8,,,,
94300,819,8.73,232,284.58,,,,
94506,820,7.871,206,284.93,,,,
94681,821,7.087,175,285.23,,,,
94850,822,6.928,169,285.52,,,,
95075,823,8.355,225,285.92,,,,
95334,824,8.623,259,286.36,,,,
95605,825,8.702,271,286.82,,,,
95879,826,9.987,274,287.34,,,,
96083,827,7.861,204,287.69,,,,
96303,828,8.548,220,290.07,,,,
96474,829,6.385,171,290.37,,,,
96664,830,6.921,190,290.71,,,,
96942,831,9.031,278,291.18,,,,
97115,832,6.638,173,291.49,,,,
97301,833,7.188,186,291.83,,,,
97503,834,8.006,202,292.19,,,,
97718,835,7.26,215,292.55,,,,
97938,836,8.188,220,292.93,,,,
98123,837,7.072,185,293.24,,,,
98339,838,8.3,216,295.89,,,,
98531,839,7.592,192,296.23,,,,
98751,840,8.103,220,296.63,,,,
98944,841,7.68,193,296.98,,,,
99161,842,8.331,217,297.36,,,,
99352,843,7.654,191,297.69,,,,
99557,844,7.879,205,298.05,,,,
99759,845,7.751,202,298.41,,,,
99961,846,7.613,202,298.78,,,,
100157,847,6.736,196,300.86,,,,
100342,848,7.753,185,301.2,,,,
100509,849,6.651,167,303.57,,,,
100711,850,7.778,202,303.92,,,,
100937,851,8.502,226,304.3,,,,
101162,852,8.099,225,304.69,,,,
101443,853,3.245,281,305.19,,,,
101656,854,8.368,213,305.57,,,,
101853,855,7.785,197,305.93,,,,
102044,856,7.027,191,306.28,,,,
102255,857,8.146,211,306.65,,,,
102469,858,7.847,214,309.13,,,,
102724,859,9.073,255,309.56,,,,
102936,860,8.113,212,309.94,,,,
103127,861,7.147,191,310.26,,,,
103373,862,8.344,246,310.7,,,,
103615,863,8.637,242,311.14,,,,
103811,864,7.849,196,311.5,,,,
104023,865,8.134,212,311.88,,,,
104259,866,8.549,236,312.29,,,,
104440,867,7.191,181,312.61,,,,
104673,868,9.031,233,315.13,,,,
104887,869,8.435,214,315.5,,,,
105068,870,7.281,181,315.81,,,,
105279,871,7.917,211,316.19,,,,
105489,872,7.66,210,316.55,,,,
105728,873,9.149,239,316.96,,,,
105899,874,6.739,171,317.25,,,,
106117,875,8.031,218,317.62,,,,
106321,876,7.588,204,317.97,,,,
106537,877,8.25,216,320.25,,,,
106714,878,5.952,177,320.56,,,,
106912,879,7.279,198,320.9,,,,
107103,880,7.291,191,321.22,,,,
107303,881,7.6,200,321.56,,,,
107513,882,8.074,210,321.94,,,,
107699,883,7.011,186,322.26,,,,
107880,884,6.341,181,322.57,,,,
108071,885,8.159,191,322.9,,,,
108277,886,6.591,206,323.26,,,,
108463,887,7.417,186,323.58,,,,
108647,888,7.294,184,325.66,,,,
108860,889,7.888,213,326.02,,,,
109163,890,9.988,303,326.54,,,,
109363,891,7.895,200,326.88,,,,
109591,892,8.516,228,327.29,,,,
109783,893,7.299,192,327.63,,,,
109996,894,7.406,213,328.0,,,,
110185,895,7.608,189,330.07,,,,
110479,896,3.474,294,330.59,,,,
110670,897,7.401,191,332.83,,,,
110883,898,7.397,213,333.23,,,,
111076,899,7.14,193,333.58,,,,
111294,900,8.058,218,333.95,,,,
111495,901,7.005,201,334.3,,,,
111775,902,9.183,280,334.77,,,,
112026,903,8.614,251,335.2,,,,
112233,904,7.646,207,335.56,,,,
112451,905,7.249,218,335.95,,,,
112647,906,8.013,196,338.44,,,,
112864,907,7.412,217,338.84,,,,
113123,908,8.863,259,339.28,,,,
113323,909,8.04,200,339.63,,,,
113513,910,1.507,190,339.96,,,,
113700,911,6.884,187,340.3,,,,
113915,912,7.817,215,340.75,,,,
114131,913,8.026,216,341.21,,,,
114322,914,7.188,191,341.63,,,,
114529,915,7.732,207,342.06,,,,
114719,916,7.452,190,344.77,,,,
114937,917,8.57,218,345.2,,,,
115185,918,8.035,248,345.71,,,,
115378,919,7.209,193,346.11,,,,
115598,920,8.201,220,346.52,,,,
115845,921,8.581,247,347.0,,,,
116111,922,8.797,266,347.52,,,,
116396,923,10.42,285,348.08,,,,
116851,924,12.789,455,351.48,,,,
117067,925,7.113,216,351.98,,,,
117273,926,8.119,206,352.41,,,,
117452,927,7.024,179,352.75,,,,
117637,928,7.263,185,353.12,,,,
117820,929,6.869,183,353.48,,,,
118049,930,2.185,229,353.96,,,,
118280,931,8.814,231,354.45,,,,
118480,932,6.764,200,354.82,,,,
118693,933,8.052,213,355.25,,,,
118884,934,6.937,191,358.01,,,,
119128,935,8.471,244,358.5,,,,
119346,936,8.103,218,358.99,,,,
119577,937,8.72,231,359.49,,,,
119804,938,8.578,227,360.0,,,,
120011,939,7.524,207,362.26,,,,
120243,940,7.628,232,362.68,,,,
120438,941,7.327,195,363.06,,,,
120673,942,2.269,235,363.43,,,,
120892,943,8.177,219,366.06,,,,
121094,944,6.888,202,366.41,,,,
121252,945,6.458,158,366.67,,,,
121436,946,7.203,184,366.98,,,,
121650,947,7.757,214,367.43,,,,
121881,948,7.744,231,367.85,,,,
122074,949,7.292,193,368.27,,,,
122345,950,9.018,271,368.83,,,,
122594,951,8.347,249,369.28,,,,
122810,952,7.882,216,369.66,,,,
123011,953,7.38,201,372.56,,,,
123267,954,9.053,256,373.02,,,,
123473,955,7.087,206,373.41,,,,
123727,956,8.502,254,374.0,,,,
123920,957,7.266,193,374.45,,,,
124165,958,8.495,245,374.97,,,,
124395,959,8.33,230,375.46,,,,
124614,960,7.989,219,375.9,,,,
124821,961,7.296,207,376.34,,,,
125032,962,7.64,211,379.31,,,,
125226,963,7.366,194,379.65,,,,
125428,964,7.635,202,380.05,,,,
125638,965,7.413,210,380.41,,,,
125906,966,8.666,268,380.93,,,,
126109,967,7.362,203,381.31,,,,
126332,968,8.153,223,381.7,,,,
126526,969,7.38,194,382.08,,,,
126719,970,7.074,193,382.46,,,,
126902,971,6.951,183,382.9,,,,
127100,972,6.869,198,385.84,,,,
127294,973,7.09,194,386.17,,,,
127522,974,8.464,228,386.57,,,,
127743,975,8.427,221,386.97,,,,
127958,976,7.812,215,387.42,,,,
128155,977,7.203,197,387.87,,,,
128374,978,7.873,219,388.28,,,,
128599,979,8.026,225,388.75,,,,
128858,980,8.785,259,389.21,,,,
129036,981,6.909,178,392.15,,,,
129282,982,8.162,246,392.62,,,,
129504,983,7.798,222,393.12,,,,
129738,984,7.835,234,393.6,,,,
129992,985,8.641,254,394.13,,,,
130214,986,7.988,222,396.46,,,,
130436,987,7.668,222,396.85,,,,
130667,988,8.217,231,397.4,,,,
130943,989,8.853,276,397.92,,,,
131144,990,7.345,201,400.77,,,,
131385,991,8.331,241,401.19,,,,
131601,992,7.617,216,401.58,,,,
131825,993,7.813,224,401.96,,,,
132049,994,7.91,224,402.36,,,,
132284,995,8.635,235,402.77,,,,
132542,996,8.793,258,403.21,,,,
132754,997,7.827,212,403.59,,,,
132953,998,7.789,199,403.94,,,,
133177,999,7.961,224,406.59,,,,
133445,1000,9.352,268,407.05,,,,
133626,1001,7.146,181,407.36,,,,
133859,1002,8.337,233,407.76,,,,
134071,1003,8.134,212,408.13,,,,
134277,1004,7.753,206,408.49,,,,
134498,1005,8.228,221,408.87,,,,
134718,1006,8.71,220,409.24,,,,
134899,1007,6.295,181,409.56,,,,
135111,1008,7.537,212,409.93,,,,
135394,1009,8.887,283,412.52,,,,
135576,1010,6.561,182,412.84,,,,
135805,1011,7.719,229,413.29,,,,
136028,1012,7.972,223,413.68,,,,
136241,1013,7.321,213,414.06,,,,
136464,1014,7.542,223,414.45,,,,
136685,1015,8.009,221,414.82,,,,
136907,1016,8.424,222,415.21,,,,
137127,1017,7.904,220,415.58,,,,
137335,1018,7.306,208,417.84,,,,
137550,1019,8.35,215,418.19,,,,
137766,1020,7.575,216,418.57,,,,
137947,1021,7.154,181,418.88,,,,
138147,1022,7.155,200,419.23,,,,
138362,1023,8.113,215,419.61,,,,
138574,1024,7.038,212,419.98,,,,
138788,1025,7.83,214,420.35,,,,
139001,1026,7.264,213,420.72,,,,
139214,1027,7.3,213,421.1,,,,
139429,1028,8.035,215,423.58,,,,
139638,1029,8.126,209,423.93,,,,
139855,1030,7.995,217,424.29,,,,
140071,1031,7.783,216,426.4,,,,
140279,1032,7.524,208,426.76,,,,
140502,1033,8.008,223,427.16,,,,
140689,1034,7.136,187,427.49,,,,
140905,1035,8.366,216,427.87,,,,
141166,1036,9.119,261,428.33,,,,
141387,1037,7.174,221,430.89,,,,
141621,1038,8.803,234,431.3,,,,
141846,1039,8.207,225,431.7,,,,
142096,1040,8.651,250,432.13,,,,
142304,1041,7.375,208,432.5,,,,
142499,1042,6.997,195,432.85,,,,
142743,1043,8.356,244,433.27,,,,
142934,1044,7.034,191,433.61,,,,
143152,1045,7.594,218,433.99,,,,
143366,1046,7.935,214,436.72,,,,
143568,1047,7.225,202,437.09,,,,
143780,1048,7.677,212,437.45,,,,
143977,1049,7.032,197,437.8,,,,
144156,1050,5.938,179,438.11,,,,
144372,1051,7.344,216,438.49,,,,
144727,1052,10.909,355,439.11,,,,
144979,1053,8.691,252,439.55,,,,
145205,1054,9.369,226,439.94,,,,
145366,1055,6.536,161,440.22,,,,
145588,1056,8.231,222,442.91,,,,
145819,1057,7.442,231,443.32,,,,
146064,1058,8.782,245,443.76,,,,
146284,1059,7.647,220,444.17,,,,
146502,1060,7.925,218,444.55,,,,
146703,1061,6.917,201,444.9,,,,
146886,1062,7.224,183,445.23,,,,
147105,1063,8.033,219,445.61,,,,
147321,1064,8.213,216,445.98,,,,
147548,1065,8.163,227,448.68,,,,
147735,1066,6.145,187,449.02,,,,
147970,1067,8.562,235,449.43,,,,
148176,1068,7.236,206,449.79,,,,
148383,1069,6.928,207,450.16,,,,
148596,1070,7.558,213,450.54,,,,
148822,1071,8.345,226,450.94,,,,
149048,1072,8.388,226,451.33,,,,
149243,1073,7.372,195,451.68,,,,
149466,1074,8.544,223,452.07,,,,
149709,1075,8.622,243,454.91,,,,
149989,1076,9.766,280,455.39,,,,
150200,1077,7.486,211,457.47,,,,
150385,1078,6.035,185,457.8,,,,
150583,1079,6.979,198,458.16,,,,
150840,1080,8.597,257,458.68,,,,
151121,1081,9.443,281,459.2,,,,
151326,1082,7.847,205,459.56,,,,
151551,1083,7.544,225,459.97,,,,
151766,1084,7.344,215,462.31,,,,
151986,1085,8.197,220,462.72,,,,
152198,1086,7.876,212,463.11,,,,
152416,1087,7.645,218,463.48,,,,
152624,1088,8.008,208,463.9,,,,
152813,1089,6.122,189,464.31,,,,
153033,1090,7.395,220,464.76,,,,
153230,1091,7.425,197,465.17,,,,
153456,1092,8.583,226,465.62,,,,
153693,1093,8.464,237,468.05,,,,
153909,1094,7.428,216,468.42,,,,
154137,1095,8.862,228,468.86,,,,
154320,1096,6.262,183,469.18,,,,
154552,1097,7.524,232,469.62,,,,
154874,1098,9.72,322,470.26,,,,
155086,1099,7.626,212,470.68,,,,
155292,1100,7.553,206,471.06,,,,
155501,1101,7.553,209,471.42,,,,
155699,1102,7.118,198,474.08,,,,
155988,1103,8.636,289,474.6,,,,
156224,1104,8.447,236,475.03,,,,
156421,1105,7.355,197,475.44,,,,
156655,1106,9.296,234,475.89,,,,
156869,1107,8.49,214,476.25,,,,
157080,1108,7.563,211,476.61,,,,
157292,1109,8.269,212,477.05,,,,
157497,1110,7.691,205,477.5,,,,
157718,1111,8.076,221,480.04,,,,
157929,1112,7.273,211,480.42,,,,
158172,1113,8.258,243,480.9,,,,
158384,1114,8.274,212,481.34,,,,
158590,1115,7.7,206,481.7,,,,
158791,1116,7.329,201,482.07,,,,
158987,1117,7.381,196,482.43,,,,
159210,1118,8.577,223,482.88,,,,
159414,1119,1.628,204,483.24,,,,
159632,1120,8.44,218,483.67,,,,
159859,1121,7.939,227,486.07,,,,
160069,1122,7.596,210,488.39,,,,
160286,1123,8.179,217,488.78,,,,
160496,1124,7.166,210,489.17,,,,
160709,1125,7.814,213,489.56,,,,
160941,1126,8.412,232,489.97,,,,
161163,1127,8.03,222,490.35,,,,
161396,1128,8.35,233,490.75,,,,
161614,1129,8.154,218,491.14,,,,
161855,1130,8.498,241,493.77,,,,
162090,1131,7.897,235,494.23,,,,
162302,1132,8.106,212,494.66,,,,
162528,1133,8.064,226,495.12,,,,
162770,1134,8.787,242,495.59,,,,
162987,1135,8.026,217,496.02,,,,
163194,1136,8.107,207,496.37,,,,
163420,1137,8.329,226,496.76,,,,
163668,1138,9.051,248,497.21,,,,
163910,1139,7.991,242,500.0,,,,
164154,1140,7.871,244,500.47,,,,
164351,1141,6.956,197,500.86,,,,
164570,1142,7.877,219,501.27,,,,
164848,1143,9.332,278,501.82,,,,
165031,1144,6.647,183,502.18,,,,
165242,1145,7.621,211,502.56,,,,
165470,1146,8.335,228,503.1,,,,
165692,1147,8.237,222,503.53,,,,
165916,1148,7.604,224,506.11,,,,
166136,1149,8.144,220,506.57,,,,
166387,1150,9.423,251,507.06,,,,
166616,1151,8.486,229,507.49,,,,
166908,1152,9.4,292,508.05,,,,
167156,1153,7.568,248,508.5,,,,
167395,1154,8.825,239,508.92,,,,
167607,1155,7.411,212,509.33,,,,
167812,1156,7.471,205,509.72,,,,
168034,1157,8.364,222,512.43,,,,
168266,1158,7.892,232,512.94,,,,
168442,1159,6.83,176,513.3,,,,
168667,1160,7.804,225,513.74,,,,
168887,1161,7.802,220,514.19,,,,
169100,1162,7.904,213,514.59,,,,
169325,1163,8.169,225,515.12,,,,
169570,1164,8.864,245,515.56,,,,
169780,1165,7.313,210,515.99,,,,
169990,1166,7.598,210,518.71,,,,
170211,1167,7.596,221,521.06,,,,
170418,1168,7.403,207,521.41,,,,
170677,1169,9.148,259,521.87,,,,
170895,1170,8.293,218,522.25,,,,
171107,1171,7.245,212,522.63,,,,
171333,1172,7.866,226,523.05,,,,
171575,1173,8.656,242,523.47,,,,
171809,1174,8.638,234,523.9,,,,
172057,1175,9.147,248,526.68,,,,
172251,1176,6.276,194,527.01,,,,
172502,1177,8.776,251,527.47,,,,
172729,1178,8.159,227,527.89,,,,
172976,1179,9.658,247,528.34,,,,
173216,1180,9.433,240,528.76,,,,
173437,1181,8.043,221,529.15,,,,
173645,1182,7.839,208,529.5,,,,
173852,1183,7.632,207,529.91,,,,
174093,1184,8.127,241,532.12,,,,
174331,1185,8.183,238,532.53,,,,
174549,1186,8.044,218,532.91,,,,
174717,1187,6.105,168,533.2,,,,
174944,1188,7.702,227,533.59,,,,
175161,1189,8.074,217,533.96,,,,
175355,1190,7.294,194,534.3,,,,
175600,1191,8.925,245,534.72,,,,
175818,1192,8.007,218,535.09,,,,
176055,1193,7.713,237,535.5,,,,
176300,1194,9.116,245,537.76,,,,
176522,1195,7.712,222,538.16,,,,
176744,1196,7.133,222,538.56,,,,
176961,1197,7.98,217,538.94,,,,
177195,1198,8.216,234,539.36,,,,
177414,1199,7.663,219,539.75,,,,
177651,1200,8.488,237,540.19,,,,
177861,1201,7.374,210,540.56,,,,
178090,1202,8.401,229,540.96,,,,
178481,1203,10.598,391,543.84,,,,
178662,1204,6.631,181,544.15,,,,
178874,1205,7.525,212,544.54,,,,
179099,1206,7.871,225,544.97,,,,
179338,1207,8.275,239,545.39,,,,
179587,1208,8.215,249,545.82,,,,
179786,1209,7.894,199,546.15,,,,
180038,1210,8.688,252,548.43,,,,
180351,1211,11.98,313,551.07,,,,
180566,1212,8.291,215,551.45,,,,
180807,1213,8.212,241,551.86,,,,
181023,1214,8.397,216,552.22,,,,
181270,1215,9.068,247,552.66,,,,
181566,1216,9.538,296,553.17,,,,
181819,1217,9.844,253,553.61,,,,
182116,1218,10.954,297,554.15,,,,
182418,1219,11.497,302,556.93,,,,
182637,1220,7.665,219,557.33,,,,
182835,1221,6.736,198,557.67,,,,
183049,1222,7.326,214,558.05,,,,
183291,1223,8.226,242,558.52,,,,
183515,1224,7.282,224,558.94,,,,
183716,1225,7.746,201,559.36,,,,
183945,1226,8.665,229,559.76,,,,
184167,1227,7.623,222,560.14,,,,
184396,1228,7.775,229,562.68,,,,
184601,1229,7.262,205,563.04,,,,
184833,1230,8.285,232,563.44,,,,
185073,1231,8.821,240,563.85,,,,
185312,1232,9.268,239,564.31,,,,
185544,1233,8.572,232,564.72,,,,
185784,1234,8.635,240,565.18,,,,
186048,1235,9.528,264,565.65,,,,
186276,1236,8.084,228,566.05,,,,
186512,1237,9.738,236,568.65,,,,
186771,1238,10.285,259,569.1,,,,
187027,1239,9.666,256,569.58,,,,
187224,1240,5.698,197,569.97,,,,
187467,1241,8.768,243,570.39,,,,
187703,1242,8.646,236,570.81,,,,
187944,1243,9.518,241,571.23,,,,
188179,1244,8.361,235,571.64,,,,
188410,1245,8.175,231,572.03,,,,
188647,1246,8.602,237,574.86,,,,
188880,1247,8.053,233,575.33,,,,
189238,1248,11.618,358,575.95,,,,
189504,1249,8.683,266,576.41,,,,
189769,1250,9.221,265,576.89,,,,
190000,1251,7.124,231,577.3,,,,
190253,1252,8.841,253,579.64,,,,
190497,1253,8.574,244,582.36,,,,
190749,1254,8.557,252,582.81,,,,
190969,1255,8.711,220,583.2,,,,
191220,1256,8.962,251,583.63,,,,
191417,1257,7.402,197,584.0,,,,
191667,1258,9.13,250,584.43,,,,
191974,1259,12.023,307,584.96,,,,
192219,1260,8.39,245,585.42,,,,
192447,1261,8.396,228,585.82,,,,
192725,1262,10.345,278,588.21,,,,
192996,1263,10.773,271,588.69,,,,
193243,1264,9.864,247,589.14,,,,
193495,1265,9.064,252,589.6,,,,
193734,1266,7.686,239,590.02,,,,
193923,1267,6.67,189,590.35,,,,
194182,1268,9.864,259,590.8,,,,
194430,1269,8.647,248,591.24,,,,
194660,1270,8.309,230,593.44,,,,
194897,1271,8.25,237,593.85,,,,
195133,1272,8.358,236,594.25,,,,
195411,1273,9.838,278,594.72,,,,
195610,1274,6.862,199,595.07,,,,
195878,1275,9.226,268,595.56,,,,
196107,1276,7.663,229,595.96,,,,
196339,1277,7.569,232,596.36,,,,
196574,1278,7.762,235,596.77,,,,
196796,1279,7.736,222,599.27,,,,
197029,1280,8.904,233,599.66,,,,
197246,1281,7.222,217,600.03,,,,
197501,1282,2.418,255,600.47,,,,
197805,1283,10.921,304,600.99,,,,
198120,1284,9.955,315,601.55,,,,
198354,1285,8.307,234,601.96,,,,
198638,1286,10.881,284,602.45,,,,
198889,1287,7.324,251,605.09,,,,
199111,1288,7.655,222,605.48,,,,
199332,1289,7.425,221,605.89,,,,
199553,1290,8.297,221,606.3,,,,
199826,1291,9.439,273,606.77,,,,
200062,1292,8.234,236,608.99,,,,
200322,1293,2.499,260,609.45,,,,
200603,1294,11.701,281,609.97,,,,
200831,1295,7.651,228,612.53,,,,
201076,1296,8.637,245,612.96,,,,
201325,1297,8.002,249,613.4,,,,
201540,1298,7.455,215,613.77,,,,
201748,1299,7.215,208,614.12,,,,
202070,1300,12.057,322,614.69,,,,
202273,1301,6.972,203,615.06,,,,
202535,1302,9.765,262,615.51,,,,
202773,1303,9.151,238,618.14,,,,
203018,1304,9.578,245,618.58,,,,
203233,1305,7.65,215,618.96,,,,
203495,1306,8.502,262,619.42,,,,
203766,1307,9.955,271,619.91,,,,
204020,1308,9.94,254,620.36,,,,
204247,1309,8.967,227,620.76,,,,
204470,1310,7.577,223,621.15,,,,
204700,1311,8.325,230,621.54,,,,
204919,1312,8.155,219,624.17,,,,
205138,1313,7.119,219,624.56,,,,
205386,1314,9.081,248,625.0,,,,
205586,1315,7.444,200,625.34,,,,
205820,1316,8.084,234,625.76,,,,
206029,1317,7.059,209,626.13,,,,
206333,1318,11.309,304,626.65,,,,
206607,1319,9.951,274,627.12,,,,
206904,1320,11.731,297,629.96,,,,
207139,1321,8.844,235,630.4,,,,
207460,1322,10.683,321,630.96,,,,
207675,1323,7.41,215,631.34,,,,
207908,1324,8.836,233,631.73,,,,
208109,1325,7.232,201,632.09,,,,
208353,1326,8.788,244,632.51,,,,
208586,1327,8.431,233,632.93,,,,
208826,1328,8.597,240,633.34,,,,
209076,1329,8.938,250,636.05,,,,
209271,1330,7.664,195,636.39,,,,
209463,1331,6.526,192,636.72,,,,
209705,1332,9.065,242,637.16,,,,
209912,1333,7.493,207,637.53,,,,
210125,1334,7.584,213,640.38,,,,
210359,1335,8.413,234,640.79,,,,
210599,1336,9.604,240,641.21,,,,
210828,1337,7.936,229,641.62,,,,
211032,1338,6.868,204,644.19,,,,
211298,1339,9.037,266,644.65,,,,
211548,1340,9.02,250,645.08,,,,
211737,1341,6.502,189,645.41,,,,
211954,1342,7.54,217,645.8,,,,
212154,1343,7.057,200,646.15,,,,
212384,1344,8.088,230,646.56,,,,
212622,1345,9.129,238,646.97,,,,
212848,1346,7.478,226,647.37,,,,
213049,1347,6.421,201,649.51,,,,
213263,1348,7.326,214,649.88,,,,
213489,1349,8.084,226,650.28,,,,
213682,1350,6.318,193,650.61,,,,
214015,1351,12.237,333,651.2,,,,
214246,1352,8.108,231,651.6,,,,
214553,1353,11.174,307,652.14,,,,
214730,1354,7.352,177,652.45,,,,
214943,1355,7.669,213,652.83,,,,
215166,1356,1.819,223,655.02,,,,
215404,1357,8.108,238,655.43,,,,
215627,1358,7.922,223,655.81,,,,
216035,1359,16.351,408,656.53,,,,
216336,1360,11.639,301,657.04,,,,
216648,1361,11.545,312,657.58,,,,
216875,1362,7.755,227,657.98,,,,
217121,1363,8.791,246,660.62,,,,
217328,1364,7.392,207,661.0,,,,
217557,1365,8.15,229,661.4,,,,
217789,1366,8.678,232,661.82,,,,
218096,1367,11.728,307,662.35,,,,
218377,1368,10.909,281,662.86,,,,
218606,1369,7.946,229,663.25,,,,
218812,1370,6.434,206,663.61,,,,
219001,1371,7.034,189,663.93,,,,
219234,1372,7.767,233,666.48,,,,
219465,1373,7.721,231,666.9,,,,
219727,1374,10.785,262,667.36,,,,
219957,1375,7.764,230,667.77,,,,
220219,1376,9.36,262,671.31,,,,
220429,1377,7.635,210,671.67,,,,
220675,1378,8.484,246,672.11,,,,
220908,1379,8.398,233,672.58,,,,
221171,1380,10.234,263,673.03,,,,
221399,1381,8.373,228,675.65,,,,
221640,1382,8.929,241,676.07,,,,
221865,1383,8.005,225,676.47,,,,
222115,1384,9.361,250,676.91,,,,
222353,1385,9.25,238,677.32,,,,
222721,1386,13.906,368,677.95,,,,
223053,1387,12.146,332,678.51,,,,
223344,1388,11.602,291,681.04,,,,
223631,1389,10.964,287,681.53,,,,
223917,1390,11.647,286,682.02,,,,
224212,1391,11.462,295,682.53,,,,
224492,1392,9.768,280,683.01,,,,
224709,1393,6.975,217,683.39,,,,
224943,1394,8.471,234,683.8,,,,
225200,1395,9.332,257,684.24,,,,
225412,1396,7.23,212,686.55,,,,
225687,1397,9.551,275,687.02,,,,
225939,1398,8.875,252,687.45,,,,
226174,1399,8.42,235,687.86,,,,
226412,1400,7.995,238,688.27,,,,
226852,1401,15.581,440,689.02,,,,
227104,1402,8.604,252,689.46,,,,
227339,1403,7.813,235,692.07,,,,
227613,1404,10.11,274,692.56,,,,
227964,1405,13.866,351,693.18,,,,
228239,1406,9.123,275,693.67,,,,
228475,1407,7.614,236,694.07,,,,
228688,1408,6.109,213,694.44,,,,
228911,1409,7.904,223,694.82,,,,
229144,1410,9.344,233,695.23,,,,
229357,1411,7.445,213,695.6,,,,
229643,1412,10.32,286,698.25,,,,
229949,1413,11.542,306,698.79,,,,
230312,1414,14.555,363,705.05,,,,
230604,1415,9.653,292,705.62,,,,
230905,1416,12.308,301,706.23,,,,
231183,1417,10.635,278,706.74,,,,
231416,1418,7.628,233,707.19,,,,
231769,1419,13.639,353,710.36,,,,
232058,1420,10.994,289,710.89,,,,
232276,1421,7.487,218,711.29,,,,
232579,1422,11.515,303,711.88,,,,
232956,1423,13.731,377,712.63,,,,
233464,1424,19.404,508,713.65,,,,
233713,1425,9.588,249,716.44,,,,
234035,1426,11.866,322,717.02,,,,
234372,1427,12.849,337,717.69,,,,
234595,1428,7.976,223,718.12,,,,
235099,1429,16.482,504,719.08,,,,
235351,1430,8.565,252,719.59,,,,
235562,1431,7.691,211,722.31,,,,
235835,1432,10.667,273,722.82,,,,
236114,1433,9.978,279,723.34,,,,
236382,1434,9.598,268,723.91,,,,
236703,1435,10.905,321,724.52,,,,
236926,1436,7.169,223,725.02,,,,
237192,1437,9.404,266,725.65,,,,
237618,1438,16.74,426,728.85,,,,
237929,1439,10.364,311,729.44,,,,
238412,1440,17.673,483,730.4,,,,
238673,1441,9.523,261,730.87,,,,
238906,1442,8.663,233,731.43,,,,
239193,1443,11.042,287,731.99,,,,
239420,1444,7.556,227,732.44,,,,
239927,1445,18.421,507,736.15,,,,
240250,1446,12.177,323,741.98,,,,
240500,1447,10.314,250,742.44,,,,
240717,1448,7.377,217,742.85,,,,
241007,1449,9.925,290,743.39,,,,
241184,1450,5.948,177,743.83,,,,
241417,1451,8.049,233,744.35,,,,
241608,1452,6.657,191,744.75,,,,
241888,1453,10.919,280,747.92,,,,
242404,1454,19.814,516,749.03,,,,
242718,1455,12.347,314,749.58,,,,
242925,1456,7.376,207,750.04,,,,
243123,1457,6.834,198,750.44,,,,
243369,1458,9.37,246,750.9,,,,
243610,1459,7.476,241,751.37,,,,
244231,1460,20.755,621,755.28,,,,
244433,1461,7.024,202,755.68,,,,
244632,1462,6.856,199,756.04,,,,
244844,1463,6.983,212,756.41,,,,
245033,1464,5.709,189,756.74,,,,
245292,1465,9.403,259,757.32,,,,
245510,1466,7.361,218,757.71,,,,
245718,1467,7.391,208,758.08,,,,
245953,1468,8.244,235,760.97,,,,
246445,1469,17.934,492,761.82,,,,
246726,1470,10.591,281,762.31,,,,
247050,1471,10.756,324,762.89,,,,
247221,1472,4.924,171,763.18,,,,
247428,1473,5.807,207,763.55,,,,
247678,1474,8.479,250,763.98,,,,
247911,1475,8.795,233,766.58,,,,
248356,1476,14.04,445,767.34,,,,
248649,1477,11.22,293,767.85,,,,
248971,1478,12.318,322,768.4,,,,
249282,1479,11.2,311,768.95,,,,
250011,1480,23.76,729,778.79,,,,
250305,1481,10.58,294,779.32,,,,
250599,1482,10.683,294,779.84,,,,
250979,1483,13.855,380,780.5,,,,
251383,1484,13.792,404,781.21,,,,
251841,1485,15.618,458,782.01,,,,
252061,1486,7.726,220,784.15,,,,
252381,1487,11.666,320,784.7,,,,
252780,1488,14.459,399,785.37,,,,
252992,1489,7.088,212,785.74,,,,
253528,1490,17.992,536,786.67,,,,
253878,1491,9.711,350,787.3,,,,
254316,1492,14.603,438,789.94,,,,
254567,1493,8.474,251,790.36,,,,
254981,1494,14.44,414,791.09,,,,
255267,1495,10.056,286,791.6,,,,
255655,1496,13.485,388,792.27,,,,
255910,1497,8.805,255,792.71,,,,
256282,1498,14.02,372,795.68,,,,
256588,1499,11.269,306,796.21,,,,
256931,1500,11.967,343,796.8,,,,
257281,1501,12.759,350,797.41,,,,
257502,1502,7.207,221,797.79,,,,
257796,1503,10.521,294,798.3,,,,
258354,1504,18.061,558,801.55,,,,
258588,1505,7.596,234,801.97,,,,
258907,1506,11.434,319,802.54,,,,
259533,1507,17.467,626,803.64,,,,
259742,1508,6.938,209,804.0,,,,
260028,1509,10.723,286,807.83,,,,
260263,1510,8.197,235,810.62,,,,
260811,1511,17.739,548,811.58,,,,
261113,1512,11.582,302,812.09,,,,
261627,1513,15.694,514,812.98,,,,
261826,1514,6.095,199,813.32,,,,
262143,1515,11.716,317,813.87,,,,
262744,1516,20.315,601,817.22,,,,
263283,1517,17.176,539,818.2,,,,
263868,1518,17.161,585,819.22,,,,
264723,1519,25.811,855,823.13,,,,
264990,1520,9.82,267,823.61,,,,
265267,1521,9.768,277,824.14,,,,
265513,1522,8.202,246,824.58,,,,
265810,1523,10.903,297,825.07,,,,
266160,1524,12.566,350,825.7,,,,
266388,1525,7.029,228,828.2,,,,
267099,1526,23.375,711,829.46,,,,
267321,1527,7.505,222,829.87,,,,
267567,1528,8.747,246,830.3,,,,
267846,1529,9.867,279,830.83,,,,
268213,1530,12.278,367,831.51,,,,
268430,1531,7.967,217,833.93,,,,
268808,1532,13.615,378,834.59,,,,
269201,1533,14.269,393,835.38,,,,
269511,1534,10.739,310,835.93,,,,
269791,1535,9.935,280,836.55,,,,
270071,1536,9.967,280,845.4,,,,
270593,1537,17.808,522,848.46,,,,
270835,1538,8.325,242,848.86,,,,
271151,1539,11.315,316,849.4,,,,
271370,1540,7.669,219,849.81,,,,
271631,1541,8.382,261,850.32,,,,
271863,1542,8.351,232,850.72,,,,
272164,1543,9.767,301,851.28,,,,
272409,1544,8.079,245,853.9,,,,
273009,1545,21.361,600,855.13,,,,
273269,1546,8.935,260,855.61,,,,
273446,1547,6.18,177,855.96,,,,
273662,1548,7.933,216,856.38,,,,
273963,1549,10.485,301,856.88,,,,
274227,1550,9.737,264,857.38,,,,
274656,1551,15.617,429,860.57,,,,
274867,1552,7.238,211,861.0,,,,
275144,1553,10.205,277,861.62,,,,
275383,1554,8.093,239,862.14,,,,
275628,1555,8.958,245,862.58,,,,
276384,1556,26.858,756,864.06,,,,
276677,1557,10.261,293,866.95,,,,
276956,1558,9.517,279,867.5,,,,
277289,1559,12.706,333,868.14,,,,
277628,1560,12.423,339,868.78,,,,
277856,1561,7.466,228,869.2,,,,
278110,1562,9.019,254,869.66,,,,
278447,1563,12.088,337,870.35,,,,
278682,1564,8.911,235,873.04,,,,
278903,1565,7.838,221,873.46,,,,
279109,1566,7.145,206,873.86,,,,
279349,1567,7.52,240,874.31,,,,
279586,1568,8.106,237,874.77,,,,
279799,1569,7.598,213,875.19,,,,
280085,1570,10.6,286,879.54,,,,
280383,1571,10.709,298,880.13,,,,
280763,1572,13.201,380,883.19,,,,
280937,1573,5.854,174,883.48,,,,
281239,1574,10.896,302,884.03,,,,
281523,1575,10.726,284,884.52,,,,
281732,1576,7.79,209,884.89,,,,
282018,1577,9.788,286,885.38,,,,
282400,1578,12.715,382,886.03,,,,
282867,1579,15.55,467,888.71,,,,
283136,1580,9.3,269,889.18,,,,
283424,1581,10.606,288,889.72,,,,
283657,1582,8.313,233,890.12,,,,
283869,1583,6.972,212,890.49,,,,
284137,1584,8.936,268,890.95,,,,
284469,1585,12.957,332,891.53,,,,
284753,1586,9.921,284,893.78,,,,
285072,1587,11.753,319,894.32,,,,
285322,1588,8.324,250,894.77,,,,
285570,1589,7.537,248,895.2,,,,
285833,1590,9.782,263,895.65,,,,
286162,1591,10.953,329,896.24,,,,
286543,1592,14.074,381,896.9,,,,
286778,1593,8.664,235,899.48,,,,
287050,1594,9.716,272,899.98,,,,
287274,1595,7.853,224,900.42,,,,
287453,1596,5.181,179,900.74,,,,
287703,1597,8.218,250,901.18,,,,
287915,1598,7.212,212,901.56,,,,
288158,1599,7.86,243,901.98,,,,
288598,1600,15.779,440,902.71,,,,
288797,1601,6.71,199,905.23,,,,
289063,1602,9.969,266,905.74,,,,
289307,1603,8.194,244,906.16,,,,
289603,1604,9.724,296,906.69,,,,
289795,1605,5.835,192,907.04,,,,
290175,1606,12.913,380,911.58,,,,
290400,1607,7.623,225,911.96,,,,
290704,1608,10.694,304,912.49,,,,
291029,1609,11.354,325,915.17,,,,
291409,1610,13.036,380,915.82,,,,
291685,1611,9.536,276,916.31,,,,
291959,1612,8.438,274,916.78,,,,
292179,1613,7.564,220,917.16,,,,
292431,1614,8.307,252,917.59,,,,
292732,1615,10.881,301,918.1,,,,
293001,1616,9.389,269,920.89,,,,
293294,1617,10.576,293,921.4,,,,
293858,1618,17.957,564,922.43,,,,
294130,1619,9.674,272,922.91,,,,
294384,1620,9.269,254,923.35,,,,
295384,1621,28.291,1000,927.2,,,,
295750,1622,12.324,366,927.85,,,,
296049,1623,10.03,299,928.37,,,,
296384,1624,11.933,335,928.97,,,,
296607,1625,7.236,223,929.35,,,,
297143,1626,18.777,536,932.47,,,,
297456,1627,11.345,313,933.02,,,,
297894,1628,13.513,438,933.79,,,,
298296,1629,15.127,402,934.49,,,,
298596,1630,10.335,300,935.04,,,,
298917,1631,11.081,321,935.61,,,,
299457,1632,16.017,540,938.79,,,,
299757,1633,10.556,300,939.31,,,,
300136,1634,12.706,379,947.23,,,,
300360,1635,7.163,224,947.62,,,,
300615,1636,8.328,255,948.06,,,,
300887,1637,9.369,272,948.55,,,,
301283,1638,13.625,396,951.41,,,,
301823,1639,19.137,540,952.36,,,,
302040,1640,7.089,217,952.75,,,,
302357,1641,10.451,317,953.29,,,,
302648,1642,9.985,291,953.78,,,,
303115,1643,15.461,467,956.37,,,,
303325,1644,7.174,210,956.73,,,,
303642,1645,10.177,317,957.27,,,,
304155,1646,18.02,513,958.17,,,,
304461,1647,10.774,306,958.72,,,,
305087,1648,19.025,626,959.79,,,,
305402,1649,11.318,315,962.18,,,,
305673,1650,8.688,271,962.67,,,,
305962,1651,10.328,289,963.15,,,,
306266,1652,11.017,304,963.69,,,,
306575,1653,9.976,309,964.23,,,,
306831,1654,8.583,256,964.67,,,,
307103,1655,9.683,272,965.15,,,,
307464,1656,12.134,361,967.66,,,,
307684,1657,7.533,220,968.02,,,,
308073,1658,11.448,389,968.72,,,,
308399,1659,11.546,326,969.29,,,,
308781,1660,13.288,382,969.95,,,,
309062,1661,9.565,281,970.44,,,,
309384,1662,12.011,322,973.01,,,,
309792,1663,14.695,408,973.73,,,,
310434,1664,16.775,642,978.77,,,,
310758,1665,10.176,324,979.35,,,,
311037,1666,9.21,279,979.84,,,,
311321,1667,9.897,284,982.61,,,,
311922,1668,19.53,601,983.65,,,,
312172,1669,8.137,250,984.1,,,,
312487,1670,10.794,315,984.64,,,,
312771,1671,9.94,284,985.14,,,,
313091,1672,10.664,320,985.68,,,,
313556,1673,15.4,465,988.86,,,,
313794,1674,7.622,238,989.28,,,,
314029,1675,7.434,235,989.7,,,,
314304,1676,9.554,275,990.18,,,,
314573,1677,8.461,269,990.63,,,,
314911,1678,11.718,338,991.21,,,,
315207,1679,10.609,296,991.72,,,,
315514,1680,10.379,307,994.44,,,,
315930,1681,14.706,416,995.16,,,,
316203,1682,9.604,273,995.63,,,,
316583,1683,12.708,380,996.29,,,,
316850,1684,8.728,267,996.78,,,,
317136,1685,9.7,286,997.29,,,,
317400,1686,9.108,264,997.79,,,,
317827,1687,14.136,427,1000.8,,,,
318215,1688,13.524,388,1001.47,,,,
318731,1689,14.147,516,1002.38,,,,
319013,1690,9.436,282,1002.87,,,,
319370,1691,13.455,357,1003.51,,,,
319696,1692,11.297,326,1006.29,,,,
320092,1693,13.225,396,1009.94,,,,
320334,1694,7.503,242,1010.36,,,,
320705,1695,12.835,371,1011.03,,,,
321016,1696,10.609,311,1011.57,,,,
321270,1697,8.231,254,1012.02,,,,
321595,1698,11.239,325,1014.74,,,,
321869,1699,9.18,274,1015.21,,,,
322200,1700,11.11,331,1015.79,,,,
322509,1701,10.493,309,1016.34,,,,
322837,1702,12.449,328,1016.9,,,,
323420,1703,18.239,583,1017.92,,,,
323703,1704,9.557,283,1020.62,,,,
323989,1705,9.986,286,1021.13,,,,
324755,1706,24.962,766,1022.48,,,,
325101,1707,11.018,346,1023.08,,,,
325350,1708,7.721,249,1023.51,,,,
325905,1709,18.651,555,1026.28,,,,
326125,1710,6.526,220,1026.66,,,,
327125,1711,27.566,1000,1028.42,,,,
327376,1712,7.856,251,1028.87,,,,
327659,1713,8.956,283,1029.38,,,,
328093,1714,13.003,434,1032.02,,,,
328538,1715,15.528,445,1032.78,,,,
328895,1716,12.439,357,1033.4,,,,
329272,1717,13.104,377,1034.03,,,,
329645,1718,13.399,373,1034.69,,,,
329999,1719,12.776,354,1037.5,,,,
330399,1720,14.129,400,1045.88,,,,
330652,1721,6.775,253,1046.32,,,,
331266,1722,19.01,614,1047.39,,,,
331611,1723,11.921,345,1048.0,,,,
331825,1724,6.88,214,1050.58,,,,
332596,1725,25.562,771,1051.97,,,,
332887,1726,9.734,291,1052.47,,,,
333256,1727,12.929,369,1053.11,,,,
333638,1728,14.012,382,1053.77,,,,
333953,1729,11.096,315,1056.35,,,,
334290,1730,10.85,337,1056.92,,,,
334586,1731,10.197,296,1057.46,,,,
335230,1732,20.6,644,1058.6,,,,
335500,1733,9.045,270,1059.05,,,,
335777,1734,9.815,277,1059.55,,,,
336077,1735,9.636,300,1062.4,,,,
336348,1736,9.87,271,1062.94,,,,
336568,1737,6.948,220,1063.35,,,,
336811,1738,7.505,243,1063.83,,,,
337031,1739,6.726,220,1064.27,,,,
337379,1740,11.4,348,1064.92,,,,
337679,1741,10.442,300,1065.61,,,,
337971,1742,9.691,292,1068.54,,,,
338314,1743,10.522,343,1069.19,,,,
338587,1744,9.259,273,1069.76,,,,
338891,1745,10.147,304,1070.38,,,,
339221,1746,11.285,330,1071.08,,,,
339492,1747,9.324,271,1071.62,,,,
339788,1748,8.899,296,1072.18,,,,
340027,1749,7.368,239,1079.56,,,,
340264,1750,7.493,237,1080.0,,,,
340929,1751,14.008,665,1081.36,,,,
341252,1752,10.849,323,1081.94,,,,
341483,1753,7.631,231,1082.41,,,,
341739,1754,8.852,256,1082.96,,,,
342036,1755,10.48,297,1085.89,,,,
342254,1756,7.086,218,1086.33,,,,
342575,1757,11.443,321,1086.94,,,,
342882,1758,11.004,307,1087.63,,,,
343169,1759,9.534,287,1088.19,,,,
343438,1760,8.898,269,1088.72,,,,
343692,1761,7.604,254,1089.24,,,,
344211,1762,14.43,519,1092.75,,,,
344719,1763,16.598,508,1093.74,,,,
345134,1764,14.203,415,1094.71,,,,
345365,1765,7.289,231,1095.18,,,,
345812,1766,14.448,447,1096.07,,,,
346073,1767,7.798,261,1096.63,,,,
346400,1768,10.802,327,1099.76,,,,
346649,1769,7.831,249,1100.21,,,,
347258,1770,20.29,609,1101.39,,,,
347632,1771,13.035,374,1102.13,,,,
347875,1772,7.627,243,1102.73,,,,
348189,1773,10.658,314,1105.85,,,,
348605,1774,14.167,416,1106.7,,,,
348899,1775,10.228,294,1107.4,,,,
349148,1776,8.217,249,1107.87,,,,
349415,1777,9.309,267,1108.32,,,,
349833,1778,14.579,418,1109.07,,,,
350052,1779,6.779,219,1117.67,,,,
350348,1780,10.114,296,1120.8,,,,
350665,1781,11.611,317,1121.37,,,,
350897,1782,6.318,232,1121.77,,,,
351163,1783,9.441,266,1122.24,,,,
351669,1784,14.893,506,1123.14,,,,
351917,1785,7.768,248,1123.57,,,,
352248,1786,10.232,331,1124.16,,,,
353008,1787,23.636,760,1127.66,,,,
353403,1788,13.863,395,1128.36,,,,
354403,1789,27.422,1000,1132.26,,,,
354825,1790,15.072,422,1132.99,,,,
355171,1791,11.908,346,1133.6,,,,
355461,1792,9.716,290,1134.12,,,,
355978,1793,17.089,517,1135.02,,,,
356230,1794,7.013,252,1135.45,,,,
356532,1795,10.042,302,1137.78,,,,
357092,1796,17.627,560,1138.77,,,,
357918,1797,26.527,826,1140.27,,,,
358257,1798,10.389,339,1140.89,,,,
358570,1799,8.124,313,1143.29,,,,
358817,1800,7.535,247,1143.72,,,,
359254,1801,6.959,437,1144.5,,,,
359494,1802,6.863,240,1144.91,,,,
360225,1803,24.926,731,1152.89,,,,
360700,1804,16.057,475,1156.05,,,,
361062,1805,12.693,362,1156.69,,,,
361293,1806,6.333,231,1157.09,,,,
361826,1807,15.466,533,1158.01,,,,
362474,1808,19.539,648,1159.14,,,,
362806,1809,11.968,332,1162.02,,,,
363227,1810,8.582,421,1162.75,,,,
363610,1811,13.055,383,1163.42,,,,
363823,1812,6.047,213,1163.79,,,,
364101,1813,9.27,278,1164.27,,,,
364333,1814,7.005,232,1164.67,,,,
365333,1815,28.416,1000,1168.67,,,,
365653,1816,10.7,320,1169.23,,,,
365957,1817,10.423,304,1169.77,,,,
366304,1818,10.957,347,1170.38,,,,
366629,1819,10.659,325,1173.22,,,,
366956,1820,10.167,327,1173.79,,,,
367333,1821,12.616,377,1174.45,,,,
367585,1822,7.623,252,1174.89,,,,
368125,1823,18.606,540,1175.84,,,,
368437,1824,11.117,312,1176.38,,,,
368983,1825,19.715,546,1179.67,,,,
369396,1826,14.142,413,1180.38,,,,
369738,1827,10.888,342,1181.09,,,,
370187,1828,15.425,449,1188.57,,,,
370591,1829,13.201,404,1189.37,,,,
370916,1830,10.361,325,1192.29,,,,
371190,1831,9.02,274,1192.75,,,,
371405,1832,6.82,215,1193.12,,,,
371639,1833,6.632,234,1193.55,,,,
371966,1834,10.732,327,1194.17,,,,
372275,1835,9.887,309,1194.72,,,,
372590,1836,10.031,315,1195.27,,,,
372895,1837,9.833,305,1198.18,,,,
373126,1838,6.986,231,1198.62,,,,
373394,1839,9.153,268,1199.09,,,,
373693,1840,9.629,299,1199.61,,,,
373881,1841,5.618,188,1199.97,,,,
374219,1842,12.153,338,1200.57,,,,
374509,1843,9.097,290,1201.13,,,,
375044,1844,10.686,535,1204.31,,,,
375894,1845,23.822,850,1205.9,,,,
376388,1846,16.778,494,1206.8,,,,
376653,1847,8.067,265,1207.38,,,,
377227,1848,11.572,574,1210.44,,,,
377512,1849,9.388,285,1210.92,,,,
378288,1850,24.54,776,1212.43,,,,
378571,1851,9.791,283,1212.96,,,,
378839,1852,7.314,268,1213.46,,,,
379139,1853,10.472,300,1216.55,,,,
379483,1854,11.367,344,1217.15,,,,
379798,1855,10.844,315,1217.77,,,,
380088,1856,10.01,290,1224.96,,,,
380677,1857,20.714,589,1226.22,,,,
380996,1858,10.692,319,1229.12,,,,
381295,1859,8.868,299,1229.76,,,,
382295,1860,26.981,1000,1231.68,,,,
382643,1861,11.373,348,1232.31,,,,
383443,1862,25.028,800,1236.26,,,,
383628,1863,5.424,185,1236.61,,,,
383827,1864,5.839,199,1236.97,,,,
384050,1865,7.449,223,1237.39,,,,
384274,1866,6.695,224,1237.78,,,,
384512,1867,7.933,238,1238.21,,,,
384883,1868,12.83,371,1238.89,,,,
385137,1869,7.989,254,1241.53,,,,
385654,1870,16.941,517,1242.43,,,,
386579,1871,26.948,925,1244.13,,,,
387003,1872,14.262,424,1244.86,,,,
387239,1873,6.844,236,1247.55,,,,
387631,1874,12.737,392,1248.29,,,,
387868,1875,6.331,237,1248.69,,,,
388742,1876,27.248,874,1250.24,,,,
389123,1877,12.508,381,1253.33,,,,
389537,1878,13.534,414,1254.06,,,,
389905,1879,13.296,368,1254.71,,,,
390234,1880,10.928,329,1258.51,,,,
390546,1881,10.439,312,1259.06,,,,
390857,1882,10.239,311,1259.63,,,,
391048,1883,5.346,191,1259.95,,,,
391608,1884,16.805,560,1262.82,,,,
392395,1885,22.547,787,1264.18,,,,
392680,1886,9.809,285,1264.69,,,,
393354,1887,19.197,674,1267.82,,,,
393676,1888,9.792,322,1268.39,,,,
393986,1889,10.834,310,1268.93,,,,
394377,1890,12.958,391,1269.6,,,,
394730,1891,8.124,353,1270.23,,,,
395014,1892,9.461,284,1270.73,,,,
395235,1893,5.947,221,1271.13,,,,
395609,1894,11.308,374,1273.91,,,,
396609,1895,28.865,1000,1275.77,,,,
396863,1896,8.435,254,1276.21,,,,
397170,1897,9.893,307,1276.75,,,,
397903,1898,19.711,733,1279.88,,,,
398418,1899,16.346,515,1280.78,,,,
398810,1900,13.806,392,1281.5,,,,
399055,1901,7.387,245,1281.94,,,,
399531,1902,16.123,476,1284.99,,,,
399867,1903,9.987,336,1285.57,,,,
400220,1904,11.301,353,1292.2,,,,
400594,1905,10.261,374,1292.86,,,,
400934,1906,12.486,340,1293.45,,,,
401150,1907,6.434,216,1293.84,,,,
401477,1908,10.277,327,1296.75,,,,
401697,1909,6.134,220,1297.14,,,,
402023,1910,10.75,326,1297.72,,,,
402379,1911,11.411,356,1298.38,,,,
402603,1912,6.251,224,1298.79,,,,
402893,1913,10.152,290,1299.3,,,,
403315,1914,12.847,422,1300.04,,,,
403923,1915,18.365,608,1303.42,,,,
404124,1916,5.258,201,1303.77,,,,
404480,1917,11.717,356,1304.44,,,,
404769,1918,9.605,289,1304.97,,,,
405103,1919,10.393,334,1305.58,,,,
405454,1920,12.162,351,1306.17,,,,
405655,1921,5.913,201,1308.8,,,,
406630,1922,25.642,975,1310.54,,,,
407404,1923,23.839,774,1311.89,,,,
407933,1924,15.2,529,1315.12,,,,
408208,1925,9.121,275,1315.6,,,,
408443,1926,6.58,235,1316.02,,,,
409443,1927,29.631,1000,1317.75,,,,
409716,1928,8.963,273,1320.28,,,,
409943,1929,6.436,227,1320.66,,,,
410310,1930,11.721,367,1324.37,,,,
410530,1931,6.81,220,1324.78,,,,
410708,1932,5.586,178,1325.09,,,,
410966,1933,7.413,258,1325.57,,,,
411189,1934,7.078,223,1325.97,,,,
411377,1935,5.801,188,1326.3,,,,
411588,1936,6.468,211,1326.67,,,,
411827,1937,6.787,239,1329.22,,,,
412073,1938,6.371,246,1329.67,,,,
412413,1939,11.204,340,1330.27,,,,
412707,1940,9.061,294,1330.83,,,,
412954,1941,8.267,247,1331.27,,,,
413586,1942,20.183,632,1332.38,,,,
413978,1943,12.918,392,1334.9,,,,
414255,1944,8.685,277,1335.38,,,,
414490,1945,6.966,235,1335.8,,,,
414731,1946,7.066,241,1336.23,,,,
414985,1947,7.278,254,1336.67,,,,
415299,1948,10.046,314,1337.23,,,,
415735,1949,12.904,436,1337.99,,,,
416170,1950,14.623,435,1340.6,,,,
416488,1951,10.427,318,1341.16,,,,
417047,1952,18.717,559,1342.15,,,,
417347,1953,9.947,300,1342.67,,,,
417691,1954,11.821,344,1343.28,,,,
417922,1955,6.788,231,1345.84,,,,
418270,1956,12.105,348,1346.45,,,,
418507,1957,7.019,237,1346.88,,,,
419151,1958,19.236,644,1348.01,,,,
419364,1959,6.205,213,1348.43,,,,
420364,1960,27.387,1000,1355.36,,,,
420579,1961,6.48,215,1355.74,,,,
420768,1962,5.276,189,1356.09,,,,
421235,1963,14.634,467,1356.92,,,,
421643,1964,13.881,408,1357.63,,,,
421893,1965,7.939,250,1360.39,,,,
422392,1966,15.026,499,1361.28,,,,
422853,1967,13.892,461,1362.12,,,,
423291,1968,15.272,438,1362.88,,,,
423699,1969,13.307,408,1363.57,,,,
423952,1970,8.412,253,1366.35,,,,
424288,1971,11.395,336,1366.95,,,,
424636,1972,11.217,348,1367.59,,,,
424893,1973,7.389,257,1368.04,,,,
425238,1974,11.498,345,1368.66,,,,
425468,1975,6.606,230,1369.05,,,,
426020,1976,16.315,552,1372.25,,,,
426403,1977,12.167,383,1372.95,,,,
426792,1978,7.022,389,1373.62,,,,
427019,1979,6.602,227,1374.02,,,,
427679,1980,21.548,660,1375.21,,,,
427974,1981,10.029,295,1375.76,,,,
428291,1982,10.451,317,1378.58,,,,
428676,1983,13.782,385,1379.26,,,,
429033,1984,11.043,357,1379.89,,,,
429246,1985,6.454,213,1380.27,,,,
430005,1986,23.824,759,1389.46,,,,
430764,1987,21.969,759,1392.83,,,,
431384,1988,19.432,620,1393.92,,,,
431647,1989,8.326,263,1394.36,,,,
432647,1990,27.467,1000,1398.14,,,,
432891,1991,7.291,244,1398.57,,,,
433469,1992,17.566,578,1399.58,,,,
433746,1993,8.758,277,1400.06,,,,
434129,1994,12.454,383,1400.71,,,,
434372,1995,7.044,243,1402.9,,,,
434845,1996,15.405,473,1403.69,,,,
435238,1997,12.35,393,1404.37,,,,
435569,1998,11.393,331,1404.95,,,,
435787,1999,6.388,218,1405.35,,,,
436419,2000,20.501,632,1408.46,,,,
437029,2001,17.779,610,1409.5,,,,
437709,2002,18.918,680,1410.69,,,,
437915,2003,6.005,206,1411.06,,,,
438508,2004,18.854,593,1414.27,,,,
438821,2005,9.911,313,1414.81,,,,
439117,2006,9.793,296,1415.33,,,,
439416,2007,9.955,299,1415.84,,,,
439759,2008,11.218,343,1416.42,,,,
439948,2009,5.931,189,1416.74,,,,
440275,2010,10.879,327,1423.47,,,,
440510,2011,7.809,235,1426.33,,,,
441142,2012,21.084,632,1427.5,,,,
441367,2013,6.429,225,1427.94,,,,
441743,2014,11.781,376,1428.66,,,,
442096,2015,11.823,353,1429.34,,,,
442421,2016,10.808,325,1432.36,,,,
443036,2017,15.841,615,1433.52,,,,
443442,2018,12.625,406,1434.42,,,,
443666,2019,5.836,224,1434.86,,,,
443950,2020,9.66,284,1435.39,,,,
444269,2021,9.999,319,1436.02,,,,
444929,2022,20.23,660,1439.67,,,,
445354,2023,14.476,425,1440.53,,,,
445586,2024,7.431,232,1440.97,,,,
446393,2025,25.749,807,1442.46,,,,
446750,2026,10.825,357,1445.5,,,,
447060,2027,8.832,310,1446.26,,,,
447420,2028,11.203,360,1447.01,,,,
447691,2029,8.679,271,1447.57,,,,
448031,2030,11.527,340,1448.29,,,,
448387,2031,10.044,356,1448.96,,,,
449387,2032,26.967,1000,1453.29,,,,
449654,2033,8.971,267,1453.79,,,,
450017,2034,12.513,363,1459.85,,,,
450367,2035,11.202,350,1460.58,,,,
451167,2036,22.85,800,1464.81,,,,
451880,2037,23.805,713,1466.2,,,,
452627,2038,19.474,747,1470.16,,,,
452878,2039,6.759,251,1470.61,,,,
453215,2040,10.981,337,1471.27,,,,
453525,2041,10.435,310,1471.84,,,,
454106,2042,17.873,581,1472.9,,,,
454293,2043,5.177,187,1473.26,,,,
454562,2044,9.023,269,1473.75,,,,
455345,2045,23.158,783,1477.91,,,,
455857,2046,14.142,512,1478.93,,,,
456239,2047,11.857,382,1479.62,,,,
456551,2048,9.361,312,1480.25,,,,
456817,2049,8.878,266,1482.73,,,,
456989,2050,5.148,172,1483.02,,,,
457275,2051,8.697,286,1483.5,,,,
457724,2052,13.905,449,1484.28,,,,
458703,2053,26.862,979,1485.96,,,,
459499,2054,26.18,796,1489.58,,,,
460086,2055,17.378,587,1496.17,,,,
460378,2056,9.676,292,1496.68,,,,
461226,2057,23.857,848,1500.06,,,,
462226,2058,26.103,1000,1501.88,,,,
462824,2059,18.535,598,1502.93,,,,
463239,2060,13.005,415,1505.6,,,,
463881,2061,18.38,642,1506.71,,,,
464567,2062,17.111,686,1507.92,,,,
464875,2063,10.0,308,1508.45,,,,
465199,2064,10.276,324,1511.24,,,,
465588,2065,11.615,389,1511.91,,,,
466019,2066,14.399,431,1512.66,,,,
466308,2067,8.987,289,1513.16,,,,
466590,2068,8.763,282,1513.66,,,,
466846,2069,6.781,256,1514.1,,,,
467262,2070,13.567,416,1517.18,,,,
467548,2071,9.751,286,1517.69,,,,
468189,2072,19.885,641,1518.83,,,,
468670,2073,15.717,481,1519.68,,,,
468971,2074,9.511,301,1520.2,,,,
469252,2075,8.927,281,1522.95,,,,
469627,2076,11.819,375,1523.61,,,,
469922,2077,9.399,295,1524.13,,,,
470232,2078,8.743,310,1527.65,,,,
470747,2079,15.957,515,1528.56,,,,
471017,2080,8.511,270,1529.05,,,,
471379,2081,12.227,362,1531.97,,,,
471913,2082,17.934,534,1532.91,,,,
472378,2083,15.439,465,1533.73,,,,
472669,2084,9.74,291,1534.23,,,,
473223,2085,16.809,554,1537.48,,,,
473715,2086,15.899,492,1538.33,,,,
474103,2087,12.37,388,1539.03,,,,
474724,2088,19.04,621,1540.16,,,,
475110,2089,12.394,386,1540.92,,,,
475440,2090,10.239,330,1543.41,,,,
475646,2091,6.086,206,1543.76,,,,
475998,2092,10.002,352,1544.41,,,,
476325,2093,10.798,327,1544.98,,,,
477290,2094,27.529,965,1548.8,,,,
477587,2095,9.629,297,1549.29,,,,
477842,2096,8.362,255,1549.71,,,,
478047,2097,6.181,205,1550.09,,,,
478325,2098,8.757,278,1550.66,,,,
478646,2099,10.125,321,1551.25,,,,
478950,2100,9.567,304,1551.77,,,,
479348,2101,12.639,398,1554.82,,,,
480342,2102,30.23,994,1560.44,,,,
480775,2103,13.608,433,1561.29,,,,
481046,2104,6.811,271,1561.78,,,,
481769,2105,21.364,723,1565.01,,,,
482440,2106,22.602,671,1566.26,,,,
482774,2107,10.868,334,1566.85,,,,
483038,2108,7.916,264,1567.34,,,,
483476,2109,13.497,438,1570.48,,,,
484096,2110,19.122,620,1571.76,,,,
484810,2111,20.408,714,1573.25,,,,
485123,2112,9.497,313,1573.85,,,,
485401,2113,7.626,278,1576.87,,,,
485818,2114,12.714,417,1577.69,,,,
486068,2115,7.522,250,1578.15,,,,
486644,2116,20.224,576,1579.29,,,,
486972,2117,11.357,328,1579.87,,,,
487761,2118,21.012,789,1583.72,,,,
487958,2119,5.632,197,1584.09,,,,
488550,2120,17.814,592,1585.4,,,,
488723,2121,4.768,173,1585.76,,,,
489173,2122,14.531,450,1586.6,,,,
489587,2123,14.123,414,1589.84,,,,
490511,2124,27.068,924,1598.34,,,,
490776,2125,8.939,265,1598.88,,,,
491776,2126,27.887,1000,1603.05,,,,
492459,2127,18.332,683,1604.28,,,,
492712,2128,6.779,253,1604.72,,,,
492970,2129,7.431,258,1605.17,,,,
493237,2130,9.161,267,1605.64,,,,
493523,2131,9.263,286,1606.14,,,,
493762,2132,6.989,239,1608.89,,,,
494541,2133,23.174,779,1610.28,,,,
495038,2134,15.697,497,1611.15,,,,
495249,2135,5.585,211,1611.54,,,,
495841,2136,18.287,592,1614.91,,,,
496208,2137,12.011,367,1615.56,,,,
496527,2138,10.75,319,1616.15,,,,
496828,2139,8.974,301,1616.67,,,,
497135,2140,10.231,307,1617.2,,,,
497525,2141,11.363,390,1617.88,,,,
497799,2142,8.752,274,1620.7,,,,
497970,2143,5.125,171,1621.02,,,,
498156,2144,5.345,186,1621.37,,,,
499156,2145,27.5,1000,1623.18,,,,
499791,2146,18.593,635,1626.19,,,,
500425,2147,18.601,634,1632.72,,,,
500719,2148,9.893,294,1633.26,,,,
500921,2149,5.929,202,1633.62,,,,
501276,2150,11.817,355,1634.24,,,,
501617,2151,11.107,341,1634.84,,,,
501972,2152,12.498,355,1637.64,,,,
502207,2153,6.323,235,1638.08,,,,
502547,2154,11.277,340,1638.74,,,,
503046,2155,17.238,499,1639.63,,,,
503410,2156,11.235,364,1640.3,,,,
503798,2157,13.253,388,1640.98,,,,
504009,2158,6.234,211,1643.14,,,,
504356,2159,12.165,347,1643.74,,,,
504557,2160,5.965,201,1644.12,,,,
504823,2161,9.012,266,1644.62,,,,
505066,2162,8.227,243,1645.11,,,,
505276,2163,5.45,210,1645.47,,,,
505818,2164,17.377,542,1646.45,,,,
506034,2165,5.729,216,1648.86,,,,
506569,2166,14.703,535,1649.79,,,,
506901,2167,11.046,332,1650.42,,,,
507142,2168,6.586,241,1650.89,,,,
507635,2169,11.932,493,1651.76,,,,
508169,2170,17.862,534,1654.88,,,,
508514,2171,9.64,345,1655.47,,,,
509287,2172,23.291,773,1656.84,,,,
509620,2173,11.174,333,1657.42,,,,
510341,2174,20.913,721,1666.43,,,,
510726,2175,12.364,385,1667.12,,,,
510956,2176,6.815,230,1667.53,,,,
511125,2177,5.307,169,1667.82,,,,
511647,2178,16.006,522,1668.76,,,,
511997,2179,11.577,350,1669.38,,,,
512293,2180,9.361,296,1672.13,,,,
512510,2181,6.168,217,1672.5,,,,
512822,2182,9.098,312,1673.05,,,,
513435,2183,19.809,613,1674.12,,,,
513634,2184,6.395,199,1674.48,,,,
514133,2185,14.571,499,1677.62,,,,
514867,2186,21.714,734,1678.91,,,,
515080,2187,6.168,213,1679.29,,,,
515357,2188,8.761,277,1679.77,,,,
515794,2189,13.875,437,1680.54,,,,
516238,2190,14.827,444,1683.55,,,,
516690,2191,15.946,452,1684.34,,,,
516888,2192,5.659,198,1684.69,,,,
517109,2193,6.854,221,1685.1,,,,
517826,2194,22.114,717,1686.34,,,,
518043,2195,6.412,217,1686.72,,,,
518423,2196,10.772,380,1689.23,,,,
519423,2197,27.767,1000,1690.99,,,,
519674,2198,6.751,251,1691.43,,,,
520226,2199,16.218,552,1697.17,,,,
520546,2200,10.811,320,1697.72,,,,
521084,2201,16.817,538,1698.67,,,,
521291,2202,5.794,207,1699.09,,,,
521939,2203,19.988,648,1700.25,,,,
522250,2204,10.695,311,1702.55,,,,
523040,2205,24.749,790,1703.93,,,,
524040,2206,27.858,1000,1705.68,,,,
524356,2207,10.986,316,1708.43,,,,
524784,2208,13.089,428,1709.18,,,,
525456,2209,19.465,672,1710.36,,,,
526456,2210,28.225,1000,1713.92,,,,
526760,2211,8.853,304,1714.45,,,,
526993,2212,7.819,233,1714.85,,,,
527509,2213,15.445,516,1715.76,,,,
527749,2214,7.619,240,1716.18,,,,
527947,2215,5.853,198,1716.54,,,,
528376,2216,14.433,429,1717.3,,,,
529357,2217,28.788,981,1721.24,,,,
529905,2218,17.679,548,1722.17,,,,
530118,2219,5.492,213,1725.93,,,,
530344,2220,7.012,226,1726.33,,,,
530805,2221,15.099,461,1729.36,,,,
531131,2222,10.286,326,1729.94,,,,
531452,2223,10.161,321,1730.52,,,,
531673,2224,6.872,221,1730.9,,,,
531899,2225,6.451,226,1731.31,,,,
532208,2226,9.611,309,1731.84,,,,
532681,2227,14.412,473,1734.93,,,,
532989,2228,11.394,308,1735.46,,,,
533286,2229,9.826,297,1735.96,,,,
533707,2230,11.634,421,1736.69,,,,
534009,2231,10.072,302,1737.22,,,,
535009,2232,27.551,1000,1741.28,,,,
535417,2233,13.603,408,1742.01,,,,
535768,2234,11.045,351,1742.62,,,,
536082,2235,7.306,314,1743.16,,,,
536801,2236,21.831,719,1746.66,,,,
537008,2237,5.539,207,1747.03,,,,
537328,2238,9.976,320,1747.6,,,,
537549,2239,7.135,221,1747.99,,,,
538445,2240,26.222,896,1749.52,,,,
538824,2241,11.833,379,1751.96,,,,
539240,2242,13.957,416,1752.67,,,,
539549,2243,9.705,309,1753.21,,,,
539800,2244,8.458,251,1753.64,,,,
540270,2245,16.352,470,1757.54,,,,
540978,2246,22.687,708,1760.76,,,,
541188,2247,5.84,210,1761.13,,,,
541398,2248,5.503,210,1761.49,,,,
541915,2249,16.523,517,1762.4,,,,
542288,2250,12.226,373,1763.05,,,,
542573,2251,8.663,285,1763.57,,,,
542778,2252,6.134,205,1765.73,,,,
543039,2253,8.649,261,1766.18,,,,
543305,2254,9.257,266,1766.63,,,,
543636,2255,10.855,331,1767.21,,,,
544015,2256,13.267,379,1767.88,,,,
545015,2257,33.604,1000,1771.68,,,,
545360,2258,11.323,345,1772.26,,,,
546360,2259,28.06,1000,1773.99,,,,
546709,2260,11.699,349,1774.59,,,,
546905,2261,5.849,196,1777.15,,,,
547287,2262,12.046,382,1777.81,,,,
547934,2263,18.704,647,1778.94,,,,
548138,2264,6.143,204,1779.28,,,,
548500,2265,11.601,362,1779.9,,,,
548861,2266,11.713,361,1780.53,,,,
549269,2267,14.466,408,1783.7,,,,
550038,2268,21.312,769,1790.54,,,,
550490,2269,15.149,452,1791.37,,,,
551110,2270,19.981,620,1794.89,,,,
551599,2271,16.038,489,1795.85,,,,
551794,2272,6.277,195,1796.23,,,,
552355,2273,16.343,561,1797.42,,,,
552750,2274,13.7,395,1798.13,,,,
553056,2275,10.543,306,1801.04,,,,
553558,2276,17.547,502,1801.96,,,,
554558,2277,28.288,1000,1803.82,,,,
554898,2278,11.596,340,1804.51,,,,
555091,2279,5.84,193,1807.3,,,,
555628,2280,14.453,537,1808.29,,,,
556047,2281,13.56,419,1809.04,,,,
556411,2282,12.875,364,1809.76,,,,
556882,2283,15.364,471,1810.79,,,,
557143,2284,9.155,261,1813.85,,,,
557960,2285,27.997,817,1815.62,,,,
558376,2286,12.741,416,1816.35,,,,
558799,2287,13.206,423,1817.25,,,,
558994,2288,5.766,195,1817.59,,,,
559201,2289,6.881,207,1820.49,,,,
559494,2290,9.696,293,1821.06,,,,
559873,2291,12.42,379,1821.77,,,,
560357,2292,14.971,484,1826.71,,,,
560594,2293,7.744,237,1827.13,,,,
561032,2294,12.52,438,1828.06,,,,
561417,2295,13.197,385,1831.52,,,,
561846,2296,11.837,429,1832.55,,,,
562156,2297,10.94,310,1833.19,,,,
562584,2298,15.157,428,1833.95,,,,
562870,2299,9.958,286,1834.48,,,,
563163,2300,9.506,293,1835.03,,,,
563382,2301,6.627,219,1837.97,,,,
563540,2302,4.648,158,1838.24,,,,
564304,2303,25.966,764,1839.72,,,,
565105,2304,21.51,801,1841.11,,,,
565317,2305,5.821,212,1843.7,,,,
565467,2306,3.973,150,1843.96,,,,
566015,2307,18.408,548,1844.92,,,,
566673,2308,19.123,658,1846.04,,,,
567059,2309,12.735,386,1846.7,,,,
567846,2310,23.35,787,1849.88,,,,
568846,2311,29.537,1000,1851.66,,,,
569163,2312,10.544,317,1852.21,,,,
570014,2313,27.276,851,1860.64,,,,
570208,2314,5.149,194,1860.98,,,,
570519,2315,10.485,311,1861.51,,,,
570711,2316,5.45,192,1861.86,,,,
571252,2317,16.552,541,1862.82,,,,
571959,2318,20.518,707,1866.06,,,,
572255,2319,8.637,296,1866.57,,,,
573101,2320,28.168,846,1868.04,,,,
573333,2321,6.104,232,1868.43,,,,
573508,2322,5.162,175,1870.47,,,,
574309,2323,22.527,801,1871.82,,,,
574783,2324,13.992,474,1872.65,,,,
575214,2325,13.88,431,1873.41,,,,
575536,2326,9.247,322,1876.31,,,,
576259,2327,22.666,723,1877.57,,,,
577259,2328,27.027,1000,1879.28,,,,
578057,2329,21.485,798,1883.02,,,,
579057,2330,29.447,1000,1884.8,,,,
579407,2331,11.365,350,1885.4,,,,
579854,2332,13.783,447,1888.52,,,,
580669,2333,22.933,815,1893.48,,,,
581258,2334,18.266,589,1894.52,,,,
581511,2335,7.781,253,1894.98,,,,
582352,2336,25.949,841,1898.82,,,,
582576,2337,6.982,224,1899.21,,,,
582901,2338,10.541,325,1899.77,,,,
583108,2339,5.709,207,1900.15,,,,
583307,2340,6.708,199,1900.49,,,,
583597,2341,9.762,290,1900.99,,,,
583769,2342,5.054,172,1903.21,,,,
584028,2343,8.147,259,1903.72,,,,
584231,2344,5.422,203,1904.07,,,,
584811,2345,18.793,580,1905.16,,,,
585434,2346,19.237,623,1906.22,,,,
585698,2347,8.601,264,1906.7,,,,
586056,2348,11.405,358,1909.6,,,,
586319,2349,7.7,263,1910.08,,,,
586631,2350,10.792,312,1910.72,,,,
586800,2351,4.7,169,1911.02,,,,
587014,2352,5.817,214,1911.41,,,,
587576,2353,18.266,562,1912.42,,,,
587891,2354,10.785,315,1915.22,,,,
588374,2355,15.732,483,1916.11,,,,
588639,2356,8.667,265,1916.62,,,,
589034,2357,12.059,395,1917.38,,,,
589267,2358,7.297,233,1917.8,,,,
589569,2359,10.215,302,1918.47,,,,
590172,2360,19.577,603,1928.5,,,,
590601,2361,13.03,429,1929.29,,,,
590939,2362,10.95,338,1929.94,,,,
591724,2363,24.888,785,1931.46,,,,
592057,2364,10.588,333,1934.48,,,,
592394,2365,11.493,337,1935.15,,,,
592685,2366,9.263,291,1935.67,,,,
593115,2367,13.178,430,1936.47,,,,
594115,2368,28.644,1000,1940.72,,,,
594345,2369,6.082,230,1941.18,,,,
594636,2370,10.569,291,1941.75,,,,
594870,2371,7.78,234,1942.16,,,,
595275,2372,13.698,405,1942.95,,,,
595467,2373,5.681,192,1943.32,,,,
595661,2374,6.212,194,1943.7,,,,
596115,2375,12.022,454,1946.76,,,,
596328,2376,5.868,213,1947.16,,,,
596580,2377,8.77,252,1947.64,,,,
597031,2378,13.236,451,1948.48,,,,
597560,2379,17.841,529,1949.48,,,,
597981,2380,14.052,421,1950.25,,,,
598635,2381,22.29,654,1953.92,,,,
598934,2382,10.452,299,1954.49,,,,
599141,2383,6.677,207,1954.86,,,,
599366,2384,6.222,225,1955.3,,,,
599572,2385,6.938,206,1955.68,,,,
599750,2386,5.17,178,1956.0,,,,
600067,2387,11.361,317,1965.96,,,,
600417,2388,11.864,350,1966.57,,,,
600963,2389,16.563,546,1967.53,,,,
601651,2390,22.395,688,1968.74,,,,
601892,2391,8.09,241,1969.16,,,,
602209,2392,9.978,317,1971.98,,,,
603209,2393,28.601,1000,1973.74,,,,
604130,2394,29.903,921,1975.31,,,,
604554,2395,14.772,424,1978.39,,,,
605041,2396,15.285,487,1979.27,,,,
605366,2397,10.65,325,1979.85,,,,
605739,2398,12.398,373,1980.52,,,,
606225,2399,13.839,486,1983.59,,,,
606425,2400,5.236,200,1983.96,,,,
607402,2401,31.531,977,1985.68,,,,
607864,2402,14.601,462,1986.5,,,,
608046,2403,5.717,182,1986.81,,,,
608261,2404,6.109,215,1989.22,,,,
608763,2405,15.727,502,1990.09,,,,
609412,2406,21.459,649,1991.23,,,,
609606,2407,5.834,194,1991.58,,,,
610168,2408,17.049,562,2000.75,,,,
610692,2409,15.736,524,2003.53,,,,
611139,2410,15.572,447,2004.29,,,,
611540,2411,13.155,401,2004.98,,,,
611936,2412,13.949,396,2005.68,,,,
612284,2413,11.127,348,2006.29,,,,
612609,2414,10.906,325,2008.98,,,,
613012,2415,11.147,403,2009.72,,,,
613653,2416,19.486,641,2010.83,,,,
613925,2417,8.468,272,2011.3,,,,
614384,2418,15.067,459,2012.09,,,,
614594,2419,6.203,210,2014.4,,,,
615202,2420,18.988,608,2015.45,,,,
615736,2421,16.135,534,2016.38,,,,
616080,2422,11.299,344,2016.99,,,,
616823,2423,25.079,743,2019.98,,,,
617333,2424,17.176,510,2020.85,,,,
617504,2425,5.019,171,2021.14,,,,
618109,2426,17.675,605,2022.19,,,,
618909,2427,24.636,800,2025.76,,,,
619317,2428,12.083,408,2026.47,,,,
620210,2429,27.609,893,2034.89,,,,
621125,2430,27.693,915,2038.78,,,,
621297,2431,5.086,172,2039.08,,,,
622297,2432,27.5,1000,2040.8,,,,
623236,2433,30.781,939,2044.59,,,,
623476,2434,8.045,240,2045.03,,,,
623746,2435,9.065,270,2045.49,,,,
624438,2436,21.334,692,2046.67,,,,
624699,2437,8.287,261,2049.28,,,,
624858,2438,4.702,159,2049.56,,,,
625204,2439,11.7,346,2050.15,,,,
625861,2440,20.31,657,2051.33,,,,
626168,2441,10.286,307,2051.87,,,,
626600,2442,14.009,432,2052.63,,,,
627258,2443,20.524,658,2056.01,,,,
627585,2444,11.454,327,2056.56,,,,
627930,2445,11.772,345,2057.15,,,,
628511,2446,18.054,581,2058.13,,,,
629330,2447,27.124,819,2061.75,,,,
630313,2448,30.998,983,2068.79,,,,
630798,2449,15.679,485,2071.53,,,,
630986,2450,5.923,188,2071.86,,,,
631614,2451,18.989,628,2072.93,,,,
632168,2452,16.594,554,2073.89,,,,
632834,2453,20.924,666,2077.17,,,,
633296,2454,15.978,462,2078.0,,,,
634223,2455,28.463,927,2079.59,,,,
634636,2456,12.772,413,2080.29,,,,
635575,2457,30.097,939,2084.05,,,,
635879,2458,10.453,304,2084.56,,,,
636011,2459,3.474,132,2084.8,,,,
636881,2460,29.163,870,2086.29,,,,
637355,2461,16.093,474,2089.15,,,,
637552,2462,5.715,197,2089.51,,,,
637707,2463,4.718,155,2089.79,,,,
637996,2464,9.071,289,2090.3,,,,
638157,2465,4.741,161,2090.58,,,,
638542,2466,12.82,385,2091.24,,,,
638736,2467,5.569,194,2091.58,,,,
639165,2468,14.925,429,2094.65,,,,
639401,2469,7.563,236,2095.06,,,,
639519,2470,3.153,118,2095.26,,,,
640519,2471,30.909,1000,2101.51,,,,
640816,2472,10.223,297,2102.02,,,,
641138,2473,9.938,322,2104.76,,,,
641477,2474,10.83,339,2105.35,,,,
642105,2475,18.772,628,2106.47,,,,
642628,2476,15.542,523,2107.37,,,,
643328,2477,22.621,700,2110.63,,,,
643493,2478,5.182,165,2110.92,,,,
643746,2479,8.214,253,2111.38,,,,
643994,2480,8.644,248,2111.81,,,,
644214,2481,7.226,220,2112.18,,,,
644844,2482,21.094,630,2113.25,,,,
645025,2483,5.239,181,2113.57,,,,
645237,2484,7.183,212,2116.09,,,,
645637,2485,12.914,400,2116.79,,,,
645857,2486,7.156,220,2117.17,,,,
646035,2487,5.099,178,2117.49,,,,
646251,2488,5.187,216,2117.88,,,,
646727,2489,14.194,476,2118.71,,,,
647126,2490,14.005,399,2119.39,,,,
648012,2491,29.623,886,2123.03,,,,
648411,2492,13.282,399,2123.74,,,,
648809,2493,14.239,398,2124.41,,,,
649383,2494,15.248,574,2127.16,,,,
649567,2495,5.752,184,2127.47,,,,
650052,2496,15.975,485,2134.35,,,,
650741,2497,22.706,689,2135.56,,,,
651160,2498,14.237,419,2136.31,,,,
651278,2499,3.006,118,2138.59,,,,
651600,2500,10.155,322,2139.14,,,,
651944,2501,11.097,344,2139.71,,,,
652231,2502,9.892,287,2140.22,,,,
652454,2503,7.071,223,2140.62,,,,
652619,2504,4.583,165,2140.94,,,,
653357,2505,24.218,738,2144.71,,,,
654357,2506,31.407,1000,2146.69,,,,
654653,2507,9.148,296,2147.34,,,,
654892,2508,8.121,239,2147.78,,,,
655105,2509,6.417,213,2148.17,,,,
655359,2510,8.109,254,2148.62,,,,
656043,2511,22.699,684,2152.26,,,,
656512,2512,15.76,469,2153.12,,,,
656721,2513,6.602,209,2153.49,,,,
656978,2514,7.962,257,2154.01,,,,
657696,2515,23.668,718,2157.78,,,,
657840,2516,4.306,144,2158.05,,,,
658132,2517,9.52,292,2158.6,,,,
658307,2518,5.317,175,2158.98,,,,
658482,2519,5.054,175,2159.38,,,,
658829,2520,12.09,347,2160.05,,,,
659139,2521,11.322,310,2160.64,,,,
659397,2522,8.96,258,2161.15,,,,
659861,2523,13.747,464,2164.39,,,,
660169,2524,10.423,308,2168.62,,,,
660529,2525,10.732,360,2169.37,,,,
661280,2526,25.365,751,2170.83,,,,
661555,2527,9.085,275,2173.87,,,,
661722,2528,4.774,167,2174.17,,,,
661894,2529,5.182,172,2174.46,,,,
662409,2530,16.163,515,2175.57,,,,
663202,2531,25.438,793,2177.02,,,,
663644,2532,15.12,442,2180.38,,,,
663807,2533,4.967,163,2180.69,,,,
664007,2534,5.41,200,2181.06,,,,
664151,2535,4.04,144,2181.35,,,,
664785,2536,20.313,634,2182.56,,,,
665095,2537,10.11,310,2183.22,,,,
665410,2538,10.449,315,2183.8,,,,
665860,2539,13.756,450,2187.32,,,,
666389,2540,16.675,529,2188.36,,,,
667107,2541,22.663,718,2189.92,,,,
667742,2542,20.356,635,2193.64,,,,
667914,2543,5.706,172,2193.98,,,,
668096,2544,5.316,182,2194.32,,,,
668585,2545,15.867,489,2195.16,,,,
668733,2546,4.05,148,2195.49,,,,
668968,2547,7.954,235,2195.94,,,,
669205,2548,7.847,237,2196.35,,,,
670205,2549,29.47,1000,2202.95,,,,
670730,2550,17.206,525,2203.88,,,,
670924,2551,4.839,194,2204.24,,,,
671334,2552,14.07,410,2204.95,,,,
671893,2553,17.346,559,2207.77,,,,
672647,2554,23.939,754,2209.06,,,,
672825,2555,5.185,178,2209.36,,,,
673002,2556,5.223,177,2209.66,,,,
673026,2557,-0.011,24,2209.7,,,,
673360,2558,11.38,334,2210.29,,,,
673806,2559,13.633,446,2213.21,,,,
674043,2560,7.589,237,2213.64,,,,
674356,2561,10.965,313,2214.16,,,,
674478,2562,3.46,122,2214.42,,,,
675008,2563,16.523,530,2215.35,,,,
675606,2564,18.217,598,2216.38,,,,
675631,2565,0.017,25,2216.42,,,,
675836,2566,6.591,205,2216.77,,,,
675973,2567,3.91,137,2219.23,,,,
676751,2568,23.678,778,2220.6,,,,
677233,2569,15.304,482,2221.44,,,,
677869,2570,19.068,636,2222.52,,,,
678504,2571,19.348,635,2225.48,,,,
678825,2572,10.462,321,2226.04,,,,
678943,2573,3.318,118,2226.25,,,,
679287,2574,11.564,344,2226.85,,,,
679544,2575,8.044,257,2227.29,,,,
679838,2576,9.865,294,2227.79,,,,
680057,2577,7.599,219,2236.86,,,,
680514,2578,13.495,457,2237.66,,,,
680809,2579,9.918,295,2238.19,,,,
681443,2580,21.401,634,2239.28,,,,
681856,2581,12.979,413,2240.02,,,,
682043,2582,5.291,187,2242.68,,,,
682194,2583,4.53,151,2242.95,,,,
682348,2584,4.523,154,2243.21,,,,
682899,2585,17.676,551,2244.17,,,,
683697,2586,25.696,798,2245.56,,,,
683872,2587,4.749,175,2245.85,,,,
684203,2588,10.575,331,2248.73,,,,
684678,2589,15.286,475,2249.55,,,,
685060,2590,11.548,382,2250.22,,,,
685245,2591,5.645,185,2250.55,,,,
685926,2592,22.186,681,2251.74,,,,
686102,2593,5.066,176,2254.32,,,,
686721,2594,18.428,619,2255.39,,,,
686927,2595,5.517,206,2255.76,,,,
687361,2596,14.317,434,2256.52,,,,
687502,2597,4.085,141,2256.76,,,,
687709,2598,6.634,207,2257.12,,,,
688241,2599,16.481,532,2260.33,,,,
688946,2600,22.242,705,2261.68,,,,
689192,2601,8.154,246,2262.2,,,,
689817,2602,19.726,625,2263.4,,,,
689969,2603,4.231,152,2263.67,,,,
690350,2604,12.734,381,2272.37,,,,
691011,2605,21.267,661,2273.57,,,,
691172,2606,4.763,161,2273.87,,,,
691645,2607,15.369,473,2274.72,,,,
691911,2608,8.722,266,2275.26,,,,
692357,2609,14.585,446,2278.48,,,,
693357,2610,28.527,1000,2280.64,,,,
693793,2611,15.845,436,2281.59,,,,
693930,2612,3.874,137,2281.91,,,,
694102,2613,5.124,172,2282.22,,,,
694411,2614,10.16,309,2285.12,,,,
694979,2615,17.603,568,2286.23,,,,
695081,2616,2.564,102,2286.41,,,,
695227,2617,4.233,146,2286.69,,,,
695487,2618,7.803,260,2287.14,,,,
695741,2619,7.382,254,2287.56,,,,
695890,2620,4.017,149,2287.85,,,,
696277,2621,12.645,387,2288.57,,,,
696694,2622,13.578,417,2291.34,,,,
696849,2623,4.43,155,2291.61,,,,
697489,2624,20.771,640,2292.73,,,,
697732,2625,7.659,243,2293.15,,,,
698224,2626,15.635,492,2293.99,,,,
698684,2627,14.033,460,2297.19,,,,
699204,2628,16.804,520,2298.25,,,,
699583,2629,12.018,379,2299.03,,,,
699933,2630,11.326,350,2299.79,,,,
700277,2631,10.54,344,2306.03,,,,
700831,2632,17.966,554,2309.59,,,,
701179,2633,10.765,348,2310.36,,,,
701660,2634,14.436,481,2311.25,,,,
702106,2635,14.41,446,2312.07,,,,
703043,2636,29.493,937,2316.07,,,,
703449,2637,12.16,406,2316.91,,,,
704041,2638,17.887,592,2318.07,,,,
704501,2639,14.814,460,2318.95,,,,
705032,2640,16.085,531,2322.1,,,,
705501,2641,15.977,469,2322.9,,,,
706049,2642,17.176,548,2323.85,,,,
706302,2643,8.808,253,2324.28,,,,
706495,2644,5.838,193,2324.61,,,,
706917,2645,13.836,422,2327.11,,,,
707622,2646,22.171,705,2328.35,,,,
707764,2647,4.126,142,2328.61,,,,
708302,2648,16.569,538,2329.55,,,,
708737,2649,13.657,435,2332.52,,,,
708995,2650,8.804,258,2332.96,,,,
709369,2651,11.864,374,2333.61,,,,
709516,2652,4.295,147,2333.89,,,,
710042,2653,17.456,526,2339.28,,,,
710576,2654,16.955,534,2340.25,,,,
710801,2655,7.255,225,2342.9,,,,
711577,2656,23.665,776,2344.27,,,,
712065,2657,16.055,488,2345.14,,,,
712667,2658,19.532,602,2346.2,,,,
712826,2659,4.52,159,2348.81,,,,
713116,2660,8.702,290,2349.34,,,,
713280,2661,4.795,164,2349.66,,,,
714012,2662,22.32,732,2350.95,,,,
714473,2663,13.78,461,2351.73,,,,
714660,2664,5.136,187,2352.05,,,,
714808,2665,4.133,148,2354.55,,,,
715086,2666,9.445,278,2355.09,,,,
715282,2667,6.007,196,2355.43,,,,
715706,2668,13.472,424,2356.2,,,,
716251,2669,17.686,545,2357.14,,,,
716347,2670,1.93,96,2357.31,,,,
716827,2671,14.758,480,2360.31,,,,
717482,2672,20.533,655,2361.53,,,,
717943,2673,14.286,461,2362.41,,,,
718438,2674,14.809,495,2363.28,,,,
718898,2675,15.073,460,2365.96,,,,
719218,2676,10.688,320,2366.54,,,,
719396,2677,5.351,178,2366.85,,,,
719803,2678,12.652,407,2367.57,,,,
720188,2679,12.055,385,2374.79,,,,
720475,2680,9.814,287,2375.34,,,,
720944,2681,14.379,469,2378.37,,,,
721357,2682,13.178,413,2379.13,,,,
722223,2683,26.871,866,2380.67,,,,
722687,2684,14.239,464,2381.48,,,,
723049,2685,11.518,362,2384.27,,,,
723486,2686,13.593,437,2385.02,,,,
724041,2687,17.69,555,2386.01,,,,
724804,2688,23.401,763,2387.34,,,,
725131,2689,10.263,327,2389.65,,,,
725561,2690,13.968,430,2390.39,,,,
725773,2691,6.481,212,2390.75,,,,
726414,2692,18.821,641,2391.92,,,,
726885,2693,15.589,471,2392.73,,,,
727251,2694,12.693,366,2395.31,,,,
728073,2695,25.4,822,2396.77,,,,
728294,2696,7.106,221,2397.16,,,,
729007,2697,20.98,713,2398.42,,,,
729136,2698,3.533,129,2400.95,,,,
729385,2699,8.415,249,2401.4,,,,
729541,2700,4.445,156,2401.68,,,,
730195,2701,20.158,654,2409.68,,,,
730697,2702,16.467,502,2410.61,,,,
730887,2703,5.519,190,2410.95,,,,
731230,2704,11.446,343,2413.86,,,,
731367,2705,3.917,137,2414.1,,,,
731952,2706,18.861,585,2415.16,,,,
732411,2707,15.346,459,2415.97,,,,
732927,2708,16.777,516,2416.86,,,,
733091,2709,4.842,164,2417.14,,,,
733531,2710,13.777,440,2420.18,,,,
733737,2711,6.592,206,2420.53,,,,
734369,2712,18.278,632,2421.65,,,,
735280,2713,27.241,911,2425.46,,,,
735431,2714,4.187,151,2425.72,,,,
736234,2715,25.413,803,2427.1,,,,
736678,2716,14.694,444,2427.88,,,,
737113,2717,14.767,435,2428.62,,,,
737475,2718,10.58,362,2431.44,,,,
737803,2719,10.476,328,2432.02,,,,
738508,2720,21.743,705,2433.25,,,,
738731,2721,7.015,223,2433.67,,,,
739351,2722,20.01,620,2436.54,,,,
739636,2723,9.54,285,2437.03,,,,
740270,2724,19.26,634,2443.77,,,,
740594,2725,10.227,324,2444.35,,,,
741083,2726,15.741,489,2445.21,,,,
741840,2727,21.796,757,2448.5,,,,
742088,2728,6.823,248,2448.91,,,,
742464,2729,10.83,376,2449.58,,,,
743205,2730,23.083,741,2450.89,,,,
743353,2731,4.148,148,2451.14,,,,
743922,2732,15.937,569,2454.31,,,,
744303,2733,12.05,381,2454.99,,,,
744440,2734,3.791,137,2455.23,,,,
744778,2735,10.099,338,2455.82,,,,
745218,2736,13.655,440,2456.57,,,,
745589,2737,11.974,371,2459.17,,,,
746278,2738,20.383,689,2460.41,,,,
747133,2739,24.367,855,2461.94,,,,
747567,2740,14.475,434,2464.94,,,,
748048,2741,14.993,481,2465.76,,,,
748462,2742,13.294,414,2466.47,,,,
748630,2743,5.072,168,2466.76,,,,
749242,2744,18.311,612,2467.86,,,,
749605,2745,12.088,363,2470.76,,,,
749769,2746,5.006,164,2471.05,,,,
750275,2747,15.962,506,2476.74,,,,
750451,2748,5.232,176,2477.06,,,,
750810,2749,11.778,359,2477.69,,,,
751286,2750,14.77,476,2478.51,,,,
752028,2751,22.651,742,2481.66,,,,
752605,2752,18.569,577,2482.69,,,,
752723,2753,2.839,118,2482.91,,,,
752976,2754,7.452,253,2483.36,,,,
753098,2755,3.184,122,2483.56,,,,
753270,2756,4.848,172,2483.87,,,,
753628,2757,10.674,358,2484.49,,,,
753954,2758,9.897,326,2486.97,,,,
754193,2759,7.251,239,2487.37,,,,
754585,2760,12.064,392,2488.03,,,,
754664,2761,1.526,79,2488.16,,,,
754802,2762,3.706,138,2488.4,,,,
754940,2763,3.766,138,2488.64,,,,
755615,2764,19.471,675,2489.81,,,,
756088,2765,13.962,473,2492.83,,,,
756277,2766,5.757,189,2493.16,,,,
757102,2767,26.149,825,2494.61,,,,
757526,2768,12.777,424,2495.33,,,,
757631,2769,2.51,105,2495.51,,,,
758160,2770,15.921,529,2498.44,,,,
758687,2771,16.125,527,2499.34,,,,
759687,2772,30.914,1000,2501.28,,,,
760156,2773,15.01,469,2509.21,,,,
760298,2774,3.921,142,2509.48,,,,
760822,2775,15.819,524,2510.47,,,,
761646,2776,25.675,824,2512.11,,,,
761810,2777,4.717,164,2512.4,,,,
761977,2778,4.921,167,2515.08,,,,
762307,2779,10.42,330,2515.79,,,,
763307,2780,29.07,1000,2517.68,,,,
763751,2781,14.271,444,2518.56,,,,
764133,2782,11.871,382,2521.7,,,,
764558,2783,13.428,425,2522.48,,,,
765034,2784,14.206,476,2523.44,,,,
765190,2785,4.503,156,2523.78,,,,
765575,2786,11.85,385,2524.54,,,,
765981,2787,11.916,406,2527.64,,,,
766436,2788,13.87,455,2528.49,,,,
767051,2789,18.752,615,2529.7,,,,
767416,2790,11.294,365,2530.43,,,,
767929,2791,17.5,513,2531.46,,,,
768463,2792,15.92,534,2535.12,,,,
768601,2793,3.736,138,2535.42,,,,
769426,2794,24.406,825,2537.0,,,,
769586,2795,4.563,160,2537.37,,,,
769948,2796,12.429,362,2538.12,,,,
770360,2797,13.026,412,2546.4,,,,
771192,2798,26.089,832,2547.88,,,,
771653,2799,14.173,461,2548.78,,,,
772221,2800,17.558,568,2552.59,,,,
772750,2801,17.0,529,2553.56,,,,
773070,2802,9.581,320,2554.14,,,,
773517,2803,14.301,447,2554.95,,,,
773972,2804,14.742,455,2555.82,,,,
774467,2805,14.507,495,2559.3,,,,
774909,2806,13.87,442,2560.17,,,,
775304,2807,13.028,395,2560.87,,,,
775766,2808,14.009,462,2561.67,,,,
776280,2809,16.41,514,2564.7,,,,
776698,2810,12.734,418,2565.41,,,,
777088,2811,12.534,390,2566.11,,,,
777629,2812,16.758,541,2567.04,,,,
778120,2813,13.808,491,2567.9,,,,
778599,2814,14.89,479,2570.61,,,,
779086,2815,14.915,487,2571.45,,,,
779623,2816,16.611,537,2572.38,,,,
780113,2817,15.105,490,2578.0,,,,
780457,2818,11.187,344,2580.87,,,,
781155,2819,21.036,698,2582.06,,,,
781539,2820,11.612,384,2582.71,,,,
781872,2821,10.166,333,2583.29,,,,
782062,2822,5.765,190,2583.61,,,,
782469,2823,13.444,407,2586.24,,,,
782949,2824,14.674,480,2587.06,,,,
783134,2825,5.621,185,2587.38,,,,
783253,2826,2.935,119,2587.59,,,,
783761,2827,16.616,508,2588.48,,,,
784159,2828,13.279,398,2589.18,,,,
785159,2829,31.312,1000,2593.01,,,,
785385,2830,7.243,226,2593.4,,,,
785768,2831,11.623,383,2594.1,,,,
786353,2832,19.519,585,2595.12,,,,
786701,2833,11.73,348,2598.06,,,,
786995,2834,9.137,294,2598.56,,,,
787381,2835,12.171,386,2599.23,,,,
787783,2836,11.693,402,2599.92,,,,
788163,2837,13.466,380,2600.58,,,,
788554,2838,12.577,391,2603.56,,,,
789207,2839,20.254,653,2604.69,,,,
789378,2840,4.962,171,2604.99,,,,
789632,2841,7.387,254,2605.43,,,,
790433,2842,24.677,801,2610.43,,,,
790760,2843,9.541,327,2613.24,,,,
791359,2844,17.59,599,2614.28,,,,
792089,2845,20.058,730,2615.54,,,,
792454,2846,11.88,365,2616.15,,,,
792746,2847,9.501,292,2619.0,,,,
792967,2848,7.318,221,2619.38,,,,
793044,2849,1.487,77,2619.52,,,,
793403,2850,11.205,359,2620.15,,,,
793735,2851,11.433,332,2620.74,,,,
794177,2852,13.186,442,2621.59,,,,
794621,2853,14.461,444,2622.39,,,,
795175,2854,16.861,554,2625.63,,,,
795367,2855,5.269,192,2625.96,,,,
795746,2856,12.321,379,2626.65,,,,
796405,2857,19.559,659,2627.83,,,,
796875,2858,14.052,470,2630.93,,,,
797364,2859,13.779,489,2631.88,,,,
797713,2860,11.118,349,2632.52,,,,
798202,2861,15.123,489,2633.4,,,,
798750,2862,15.88,548,2636.32,,,,
799463,2863,21.781,713,2637.53,,,,
799862,2864,12.855,399,2638.29,,,,
800303,2865,13.459,441,2644.02,,,,
800962,2866,19.288,659,2647.49,,,,
801434,2867,14.598,472,2648.4,,,,
801749,2868,9.702,315,2648.98,,,,
802002,2869,7.617,253,2649.5,,,,
802702,2870,21.486,700,2650.81,,,,
802873,2871,4.833,171,2653.42,,,,
803018,2872,4.012,145,2653.68,,,,
803481,2873,14.322,463,2654.53,,,,
804233,2874,23.095,752,2656.08,,,,
804675,2875,13.849,442,2656.83,,,,
804945,2876,8.611,270,2659.84,,,,
805383,2877,12.925,438,2660.69,,,,
805550,2878,4.514,167,2660.97,,,,
805687,2879,3.846,137,2661.24,,,,
806163,2880,14.579,476,2662.26,,,,
806506,2881,10.414,343,2662.89,,,,
806680,2882,4.903,174,2663.22,,,,
806821,2883,3.909,141,2663.56,,,,
807230,2884,11.499,409,2666.51,,,,
807483,2885,8.454,253,2667.03,,,,
807696,2886,6.895,213,2667.46,,,,
807792,2887,1.86,96,2667.69,,,,
808281,2888,16.368,489,2668.71,,,,
808738,2889,14.412,457,2669.59,,,,
809060,2890,10.078,322,2672.57,,,,
809552,2891,13.981,492,2673.47,,,,
809852,2892,9.632,300,2674.04,,,,
810057,2893,6.371,205,2679.93,,,,
810607,2894,16.627,550,2680.99,,,,
810792,2895,5.873,185,2681.31,,,,
811379,2896,18.657,587,2684.6,,,,
811836,2897,13.987,457,2685.4,,,,
812263,2898,14.181,427,2686.17,,,,
812401,2899,3.655,138,2686.41,,,,
812855,2900,14.641,454,2687.19,,,,
813306,2901,14.118,451,2689.75,,,,
813650,2902,11.536,344,2690.36,,,,
814191,2903,16.175,541,2691.28,,,,
814782,2904,17.396,591,2692.3,,,,
815239,2905,14.791,457,2694.96,,,,
815462,2906,7.291,223,2695.33,,,,
815959,2907,15.725,497,2696.21,,,,
816670,2908,21.807,711,2697.47,,,,
817063,2909,12.205,393,2698.16,,,,
817229,2910,4.7,166,2700.81,,,,
817720,2911,14.518,491,2701.67,,,,
818076,2912,11.873,356,2702.28,,,,
818525,2913,14.832,449,2703.08,,,,
818821,2914,9.826,296,2703.57,,,,
818989,2915,4.697,168,2703.86,,,,
819069,2916,1.493,80,2704.0,,,,
819417,2917,10.893,348,2706.96,,,,
819558,2918,3.772,141,2707.21,,,,
819686,2919,3.388,128,2707.43,,,,
820103,2920,13.286,417,2713.68,,,,
820500,2921,12.878,397,2714.37,,,,
821148,2922,21.173,648,2715.53,,,,
821514,2923,12.323,366,2718.32,,,,
822008,2924,14.553,494,2719.18,,,,
822608,2925,19.246,600,2720.28,,,,
822839,2926,7.241,231,2720.69,,,,
823367,2927,15.808,528,2723.98,,,,
823973,2928,17.631,606,2725.13,,,,
824670,2929,20.22,697,2726.37,,,,
825123,2930,14.001,453,2727.21,,,,
825533,2931,12.285,410,2730.25,,,,
825701,2932,4.688,168,2730.54,,,,
825819,2933,3.092,118,2730.74,,,,
826741,2934,29.76,922,2732.44,,,,
827481,2935,23.246,740,2735.68,,,,
828052,2936,17.623,571,2736.72,,,,
828452,2937,12.374,400,2737.43,,,,
828731,2938,8.143,279,2737.91,,,,
828914,2939,4.853,183,2738.24,,,,
829034,2940,3.103,120,2738.46,,,,
829440,2941,12.464,406,2739.18,,,,
829838,2942,12.755,398,2741.79,,,,
830091,2943,7.737,253,2746.91,,,,
830327,2944,7.296,236,2747.36,,,,
830861,2945,15.795,534,2748.31,,,,
831244,2946,10.552,383,2748.99,,,,
831706,2947,14.233,462,2751.55,,,,
832193,2948,15.623,487,2752.38,,,,
832597,2949,11.892,404,2753.1,,,,
833533,2950,27.168,936,2754.76,,,,
833947,2951,12.521,414,2757.27,,,,
834081,2952,3.719,134,2757.49,,,,
834715,2953,19.296,634,2758.61,,,,
834837,2954,3.26,122,2758.84,,,,
835217,2955,11.138,380,2759.51,,,,
835293,2956,1.388,76,2759.65,,,,
835857,2957,17.45,564,2762.79,,,,
836308,2958,13.678,451,2763.62,,,,
836622,2959,9.66,314,2764.17,,,,
836928,2960,10.178,306,2764.76,,,,
837411,2961,15.407,483,2765.61,,,,
838054,2962,18.799,643,2769.04,,,,
838235,2963,5.394,181,2769.35,,,,
838880,2964,19.918,645,2770.52,,,,
839435,2965,16.56,555,2771.49,,,,
840141,2966,21.348,706,2780.05,,,,
840686,2967,17.102,545,2781.0,,,,
841034,2968,10.609,348,2781.62,,,,
841337,2969,10.161,303,2782.16,,,,
841446,2970,2.692,109,2782.35,,,,
841814,2971,11.858,368,2785.37,,,,
842136,2972,10.014,322,2785.93,,,,
842482,2973,11.28,346,2786.53,,,,
842619,2974,3.711,137,2786.77,,,,
843100,2975,15.186,481,2787.62,,,,
843422,2976,9.835,322,2788.16,,,,
844050,2977,19.099,628,2791.54,,,,
844751,2978,21.485,701,2792.76,,,,
845298,2979,16.662,547,2793.72,,,,
845370,2980,1.296,72,2793.86,,,,
845487,2981,3.021,117,2794.08,,,,
845812,2982,10.24,325,2794.64,,,,
846395,2983,17.044,583,2797.49,,,,
846574,2984,4.897,179,2797.8,,,,
847190,2985,20.055,616,2798.93,,,,
847396,2986,6.394,206,2799.31,,,,
847890,2987,15.941,494,2802.3,,,,
848024,2988,3.586,134,2802.53,,,,
848517,2989,13.972,493,2803.39,,,,
848659,2990,3.917,142,2803.63,,,,
848823,2991,4.415,164,2803.92,,,,
849267,2992,14.537,444,2804.69,,,,
849427,2993,4.397,160,2804.98,,,,
849999,2994,17.312,572,2808.12,,,,
850375,2995,12.488,376,2814.21,,,,
850491,2996,2.894,116,2814.42,,,,
850680,2997,4.895,189,2814.76,,,,
851061,2998,12.316,381,2815.46,,,,
851623,2999,17.579,562,2816.45,,,,
851756,3000,3.704,133,2816.68,,,,
851994,3001,7.395,238,2818.91,,,,
852178,3002,4.954,184,2819.23,,,,
852270,3003,1.873,92,2819.38,,,,
852586,3004,9.503,316,2819.92,,,,
852672,3005,1.721,86,2820.07,,,,
853110,3006,13.128,438,2820.84,,,,
853522,3007,12.171,412,2821.55,,,,
853679,3008,4.244,157,2821.82,,,,
854392,3009,21.16,713,2825.28,,,,
854569,3010,4.833,177,2825.59,,,,
854848,3011,9.225,279,2826.1,,,,
854974,3012,3.142,126,2826.31,,,,
855246,3013,8.0,272,2826.78,,,,
855641,3014,11.791,395,2827.45,,,,
856024,3015,12.278,383,2828.13,,,,
856161,3016,3.651,137,2830.74,,,,
856559,3017,12.329,398,2831.44,,,,
857211,3018,19.488,652,2832.58,,,,
857777,3019,17.275,566,2833.55,,,,
858262,3020,14.152,485,2836.35,,,,
858718,3021,14.314,456,2837.14,,,,
858824,3022,2.485,106,2837.32,,,,
859147,3023,9.269,323,2837.88,,,,
859672,3024,16.096,525,2838.78,,,,
859866,3025,5.981,194,2839.12,,,,
860226,3026,11.152,360,2848.76,,,,
860349,3027,3.022,123,2848.98,,,,
860950,3028,19.385,601,2850.0,,,,
861378,3029,14.361,428,2850.92,,,,
861629,3030,7.777,251,2851.42,,,,
861955,3031,9.339,326,2852.05,,,,
862402,3032,13.237,447,2854.94,,,,
862701,3033,10.065,299,2855.44,,,,
863017,3034,9.768,316,2855.99,,,,
863479,3035,13.995,462,2856.77,,,,
863588,3036,2.245,109,2856.96,,,,
863776,3037,5.887,188,2857.29,,,,
864579,3038,25.008,803,2861.08,,,,
864827,3039,7.323,248,2861.51,,,,
865753,3040,30.042,926,2863.18,,,,
866115,3041,11.44,362,2863.79,,,,
866282,3042,4.861,167,2864.08,,,,
866426,3043,3.914,144,2866.89,,,,
866627,3044,6.256,201,2867.29,,,,
866894,3045,8.284,267,2867.74,,,,
867043,3046,4.185,149,2868.07,,,,
867221,3047,4.981,178,2868.37,,,,
867320,3048,2.215,99,2868.62,,,,
867488,3049,4.145,168,2869.0,,,,
868119,3050,19.781,631,2870.41,,,,
868636,3051,16.089,517,2873.8,,,,
869178,3052,16.538,542,2874.81,,,,
869671,3053,15.541,493,2875.66,,,,
870059,3054,13.114,388,2882.95,,,,
870539,3055,15.355,480,2886.27,,,,
871052,3056,14.74,513,2887.35,,,,
871205,3057,4.236,153,2887.72,,,,
871828,3058,19.542,623,2888.99,,,,
872155,3059,10.417,327,2889.55,,,,
872440,3060,9.332,285,2890.04,,,,
872766,3061,10.285,326,2892.93,,,,
872941,3062,4.828,175,2893.25,,,,
873274,3063,9.769,333,2893.84,,,,
873457,3064,5.046,183,2894.17,,,,
873632,3065,4.883,175,2894.47,,,,
874059,3066,12.864,427,2895.19,,,,
874355,3067,9.712,296,2895.68,,,,
874726,3068,12.982,371,2898.78,,,,
875314,3069,18.73,588,2899.87,,,,
875546,3070,7.122,232,2900.27,,,,
876037,3071,15.451,491,2901.31,,,,
876515,3072,14.285,478,2902.31,,,,
877106,3073,18.188,591,2905.75,,,,
878029,3074,28.805,923,2907.41,,,,
878322,3075,9.289,293,2907.92,,,,
878613,3076,9.203,291,2910.87,,,,
878759,3077,4.109,146,2911.14,,,,
879321,3078,17.484,562,2912.13,,,,
880022,3079,21.891,701,2918.91,,,,
880393,3080,11.74,371,2919.58,,,,
880546,3081,4.258,153,2919.86,,,,
880827,3082,9.439,281,2922.6,,,,
881324,3083,16.088,497,2923.48,,,,
881475,3084,3.926,151,2923.74,,,,
881560,3085,1.727,85,2923.88,,,,
881727,3086,4.718,167,2924.18,,,,
882000,3087,9.088,273,2924.68,,,,
883000,3088,29.143,1000,2928.18,,,,
883142,3089,3.883,142,2928.42,,,,
883776,3090,18.728,634,2929.53,,,,
883862,3091,1.567,86,2929.69,,,,
884374,3092,15.574,512,2930.6,,,,
884969,3093,17.652,595,2933.82,,,,
885272,3094,8.066,303,2934.37,,,,
885680,3095,12.889,408,2935.09,,,,
886228,3096,16.523,548,2936.06,,,,
886365,3097,3.756,137,2936.3,,,,
886683,3098,9.543,318,2936.86,,,,
887132,3099,14.868,449,2939.73,,,,
887318,3100,4.993,186,2940.06,,,,
887767,3101,13.709,449,2940.86,,,,
888056,3102,8.943,289,2941.37,,,,
888395,3103,10.437,339,2941.99,,,,
888566,3104,4.622,171,2942.29,,,,
889054,3105,14.638,488,2944.96,,,,
889292,3106,7.285,238,2945.36,,,,
889632,3107,10.008,340,2945.96,,,,
890159,3108,16.179,527,2952.9,,,,
890532,3109,12.069,373,2953.58,,,,
891294,3110,22.73,762,2957.25,,,,
891808,3111,15.748,514,2958.15,,,,
892065,3112,8.747,257,2958.61,,,,
892496,3113,13.97,431,2959.42,,,,
892684,3114,5.338,188,2959.75,,,,
893043,3115,12.245,359,2962.71,,,,
893351,3116,9.189,308,2963.26,,,,
893817,3117,15.17,466,2964.09,,,,
893980,3118,4.647,163,2964.39,,,,
894704,3119,22.524,724,2965.65,,,,
895143,3120,13.479,439,2968.71,,,,
895629,3121,15.35,486,2969.58,,,,
895932,3122,9.665,303,2970.13,,,,
896247,3123,9.635,315,2970.71,,,,
896653,3124,10.413,406,2971.5,,,,
896981,3125,10.331,328,2972.11,,,,
897654,3126,21.081,673,2975.59,,,,
897789,3127,3.521,135,2975.83,,,,
898132,3128,10.471,343,2976.43,,,,
898376,3129,7.27,244,2976.87,,,,
898911,3130,16.395,535,2977.83,,,,
899025,3131,2.5,114,2978.05,,,,
899565,3132,16.027,540,2981.39,,,,
900345,3133,25.145,780,2990.91,,,,
901162,3134,24.2,817,2994.75,,,,
901480,3135,9.611,318,2995.34,,,,
901888,3136,11.622,408,2996.06,,,,
902428,3137,16.861,540,2997.04,,,,
902593,3138,4.516,165,2997.31,,,,
903138,3139,16.818,545,2998.4,,,,
903736,3140,16.973,598,3001.71,,,,
904627,3141,26.205,891,3003.41,,,,
904940,3142,9.075,313,3003.97,,,,
905342,3143,11.95,402,3007.08,,,,
905463,3144,3.139,121,3007.29,,,,
905956,3145,14.743,493,3008.22,,,,
906329,3146,11.221,373,3009.02,,,,
906899,3147,17.006,570,3010.15,,,,
907407,3148,16.248,508,3013.33,,,,
907919,3149,16.032,512,3014.25,,,,
908229,3150,9.557,310,3014.89,,,,
908684,3151,14.302,455,3015.72,,,,
908825,3152,3.773,141,3015.98,,,,
909270,3153,13.803,445,3016.79,,,,
909658,3154,11.919,388,3019.84,,,,
909793,3155,3.561,135,3020.06,,,,
910188,3156,12.756,395,3027.48,,,,
910572,3157,11.289,384,3028.2,,,,
910917,3158,11.184,345,3028.86,,,,
911614,3159,21.682,697,3032.49,,,,
911999,3160,11.038,385,3033.29,,,,
912541,3161,16.601,542,3034.32,,,,
912640,3162,2.223,99,3034.53,,,,
913083,3163,13.624,443,3035.42,,,,
913852,3164,23.422,769,3039.15,,,,
914239,3165,12.02,387,3039.86,,,,
914746,3166,15.12,507,3040.8,,,,
915121,3167,11.909,375,3041.49,,,,
916016,3168,27.297,895,3045.38,,,,
916152,3169,3.616,136,3045.61,,,,
916830,3170,20.523,678,3046.78,,,,
917336,3171,15.003,506,3047.64,,,,
917808,3172,13.53,472,3050.43,,,,
918161,3173,10.996,353,3051.04,,,,
918325,3174,4.689,164,3051.33,,,,
918747,3175,12.244,422,3052.09,,,,
919228,3176,14.293,481,3052.9,,,,
919868,3177,19.039,640,3055.82,,,,
920221,3178,10.293,353,3063.53,,,,
920521,3179,8.797,300,3064.04,,,,
921024,3180,14.696,503,3064.96,,,,
921697,3181,20.436,673,3068.26,,,,
921841,3182,3.936,144,3068.5,,,,
922047,3183,5.196,206,3068.84,,,,
922585,3184,16.605,538,3069.77,,,,
922898,3185,9.626,313,3070.3,,,,
923483,3186,17.678,585,3071.34,,,,
923950,3187,13.707,467,3074.29,,,,
924697,3188,21.988,747,3075.59,,,,
925393,3189,20.795,696,3076.8,,,,
925761,3190,10.944,368,3079.33,,,,
925938,3191,4.795,177,3079.64,,,,
926490,3192,17.5,552,3080.62,,,,
926845,3193,9.907,355,3081.24,,,,
927460,3194,18.874,615,3082.31,,,,
927938,3195,13.88,478,3085.32,,,,
928222,3196,8.08,284,3085.81,,,,
928381,3197,4.234,159,3086.08,,,,
929084,3198,23.281,703,3087.3,,,,
929225,3199,3.974,141,3087.55,,,,
929655,3200,13.441,430,3088.27,,,,
929843,3201,4.898,188,3090.93,,,,
929995,3202,3.987,152,3091.2,,,,
930155,3203,4.488,160,3098.43,,,,
930637,3204,14.329,482,3099.31,,,,
930901,3205,7.394,264,3099.78,,,,
931271,3206,11.635,370,3100.44,,,,
931599,3207,9.636,328,3101.03,,,,
931796,3208,6.03,197,3101.38,,,,
932386,3209,18.064,590,3104.62,,,,
932689,3210,9.929,303,3105.15,,,,
932862,3211,4.632,173,3105.45,,,,
933457,3212,17.642,595,3106.5,,,,
934082,3213,20.722,625,3109.69,,,,
934440,3214,11.496,358,3110.32,,,,
934982,3215,15.746,542,3111.29,,,,
935249,3216,7.683,267,3111.76,,,,
935636,3217,10.956,387,3112.43,,,,
936041,3218,11.888,405,3115.05,,,,
936344,3219,9.214,303,3115.57,,,,
936749,3220,12.337,405,3116.25,,,,
937110,3221,11.617,361,3116.88,,,,
937346,3222,7.015,236,3117.29,,,,
937978,3223,18.148,632,3118.44,,,,
938251,3224,7.927,273,3121.04,,,,
938956,3225,22.829,705,3122.27,,,,
939587,3226,18.041,631,3123.37,,,,
939905,3227,9.593,318,3123.93,,,,
940266,3228,11.243,361,3133.19,,,,
940617,3229,11.413,351,3133.81,,,,
941336,3230,23.189,719,3135.06,,,,
941703,3231,10.907,367,3135.71,,,,
942191,3232,15.614,488,3138.4,,,,
942749,3233,16.611,558,3139.35,,,,
943100,3234,10.191,351,3139.96,,,,
943538,3235,13.34,438,3140.72,,,,
944115,3236,17.736,577,3141.74,,,,
944386,3237,8.115,271,3144.15,,,,
944504,3238,2.955,118,3144.35,,,,
944603,3239,1.864,99,3144.52,,,,
944821,3240,6.323,218,3144.9,,,,
945104,3241,8.813,283,3145.38,,,,
945696,3242,17.592,592,3146.42,,,,
946060,3243,11.826,364,3147.06,,,,
946228,3244,4.516,168,3149.4,,,,
946457,3245,6.752,229,3149.81,,,,
946738,3246,8.98,281,3150.29,,,,
947265,3247,15.95,527,3151.21,,,,
947652,3248,12.218,387,3151.88,,,,
948011,3249,11.173,359,3152.52,,,,
948201,3250,4.977,190,3152.85,,,,
948776,3251,16.925,575,3156.08,,,,
949086,3252,8.841,310,3156.69,,,,
949703,3253,19.002,617,3157.86,,,,
950137,3254,14.022,434,3163.64,,,,
950355,3255,6.733,218,3166.24,,,,
950603,3256,7.693,248,3166.67,,,,
950787,3257,5.081,184,3166.99,,,,
951206,3258,12.725,419,3167.74,,,,
951715,3259,15.045,509,3168.64,,,,
951866,3260,4.153,151,3168.91,,,,
952363,3261,14.251,497,3172.01,,,,
952814,3262,13.856,451,3172.81,,,,
953146,3263,10.151,332,3173.4,,,,
953795,3264,18.901,649,3174.54,,,,
954310,3265,16.048,515,3175.43,,,,
954658,3266,10.803,348,3178.13,,,,
954815,3267,4.327,157,3178.41,,,,
955161,3268,10.359,346,3179.04,,,,
955698,3269,16.319,537,3180.0,,,,
956161,3270,12.828,463,3180.83,,,,
956496,3271,9.709,335,3183.22,,,,
957266,3272,23.672,770,3184.58,,,,
957786,3273,14.471,520,3185.5,,,,
958063,3274,8.783,277,3185.98,,,,
958577,3275,16.037,514,3189.06,,,,
959024,3276,14.682,447,3189.83,,,,
959326,3277,9.228,302,3190.37,,,,
959573,3278,7.718,247,3190.8,,,,
960236,3279,19.615,663,3196.5,,,,
960505,3280,8.363,269,3196.98,,,,
960748,3281,7.529,243,3199.27,,,,
960850,3282,2.403,102,3199.46,,,,
961099,3283,8.119,249,3199.91,,,,
961446,3284,10.068,347,3200.53,,,,
961672,3285,6.925,226,3200.93,,,,
961957,3286,9.085,285,3201.43,,,,
962095,3287,3.739,138,3201.68,,,,
962332,3288,6.672,237,3202.1,,,,
962637,3289,9.061,305,3204.45,,,,
962968,3290,10.283,331,3205.0,,,,
963207,3291,6.973,239,3205.42,,,,
963413,3292,6.393,206,3205.77,,,,
963940,3293,15.713,527,3206.68,,,,
964581,3294,19.223,641,3207.78,,,,
964893,3295,9.525,312,3210.53,,,,
965264,3296,11.598,371,3211.19,,,,
965354,3297,1.634,90,3211.34,,,,
965644,3298,8.871,290,3211.85,,,,
966166,3299,16.028,522,3212.76,,,,
966493,3300,9.357,327,3213.33,,,,
966747,3301,7.72,254,3215.86,,,,
967322,3302,16.912,575,3216.86,,,,
967489,3303,4.427,167,3217.17,,,,
967646,3304,4.261,157,3217.45,,,,
967993,3305,11.335,347,3218.06,,,,
968344,3306,11.319,351,3218.67,,,,
968625,3307,8.65,281,3219.18,,,,
968929,3308,9.38,304,3222.02,,,,
969311,3309,11.471,382,3222.85,,,,
969638,3310,10.057,327,3223.49,,,,
969917,3311,8.746,279,3224.15,,,,
970524,3312,18.283,607,3229.79,,,,
971000,3313,13.706,476,3233.18,,,,
971165,3314,4.437,165,3233.48,,,,
971327,3315,4.436,162,3233.77,,,,
971817,3316,16.863,490,3234.79,,,,
972210,3317,11.285,393,3235.61,,,,
972522,3318,9.712,312,3236.19,,,,
972690,3319,4.937,168,3236.57,,,,
972962,3320,8.866,272,3239.56,,,,
973307,3321,11.3,345,3240.2,,,,
973476,3322,4.502,169,3240.5,,,,
973685,3323,6.4,209,3240.9,,,,
973793,3324,2.366,108,3241.12,,,,
974059,3325,8.533,266,3241.63,,,,
974368,3326,9.427,309,3242.22,,,,
974812,3327,14.235,444,3243.05,,,,
975325,3328,15.671,513,3246.61,,,,
975594,3329,8.911,269,3247.16,,,,
976014,3330,13.693,420,3247.95,,,,
976498,3331,15.015,484,3249.02,,,,
976879,3332,11.569,381,3249.72,,,,
977231,3333,10.658,352,3252.81,,,,
977709,3334,14.829,478,3253.74,,,,
977866,3335,4.274,157,3254.02,,,,
978146,3336,8.865,280,3254.51,,,,
978776,3337,18.742,630,3255.68,,,,
979142,3338,11.543,366,3258.83,,,,
979635,3339,14.795,493,3259.76,,,,
980308,3340,20.058,673,3265.87,,,,
980475,3341,4.734,167,3266.17,,,,
980544,3342,1.215,69,3266.31,,,,
980712,3343,4.716,168,3266.67,,,,
981068,3344,10.594,356,3269.8,,,,
981731,3345,18.323,663,3270.99,,,,
981963,3346,6.87,232,3271.41,,,,
982124,3347,4.359,161,3271.68,,,,
982279,3348,4.24,155,3271.95,,,,
982502,3349,6.963,223,3272.44,,,,
982850,3350,11.316,348,3273.22,,,,
983154,3351,9.616,304,3276.29,,,,
983443,3352,8.921,289,3276.81,,,,
984094,3353,20.383,651,3277.9,,,,
984231,3354,3.631,137,3278.13,,,,
984619,3355,11.726,388,3278.78,,,,
985051,3356,12.779,432,3279.49,,,,
985200,3357,4.07,149,3282.22,,,,
985513,3358,9.021,313,3282.75,,,,
985710,3359,5.905,197,3283.09,,,,
985784,3360,1.363,74,3283.21,,,,
986071,3361,8.946,287,3283.69,,,,
986377,3362,8.852,306,3284.2,,,,
986668,3363,8.886,291,3284.68,,,,
986912,3364,7.087,244,3285.09,,,,
987371,3365,13.935,459,3287.63,,,,
987536,3366,4.601,165,3287.94,,,,
987913,3367,11.924,377,3288.55,,,,
988215,3368,9.288,302,3289.06,,,,
988350,3369,3.396,135,3289.29,,,,
988947,3370,18.134,597,3290.29,,,,
989302,3371,11.693,355,3292.64,,,,
990017,3372,20.054,715,3297.58,,,,
990177,3373,4.674,160,3297.85,,,,
990465,3374,8.789,288,3298.35,,,,
990996,3375,16.545,531,3299.26,,,,
991217,3376,6.841,221,3299.63,,,,
991615,3377,12.257,398,3302.29,,,,
991931,3378,9.232,316,3302.81,,,,
992077,3379,3.936,146,3303.04,,,,
992427,3380,11.614,350,3303.63,,,,
992886,3381,13.369,459,3304.47,,,,
993107,3382,6.873,221,3304.87,,,,
993526,3383,12.585,419,3307.81,,,,
993802,3384,7.639,276,3308.28,,,,
994055,3385,7.24,253,3308.71,,,,
994270,3386,6.529,215,3309.09,,,,
994649,3387,10.704,379,3309.73,,,,
994953,3388,9.302,304,3310.25,,,,
995096,3389,3.711,143,3310.54,,,,
995390,3390,8.944,294,3313.42,,,,
995666,3391,8.976,276,3313.89,,,,
995785,3392,2.886,119,3314.09,,,,
996236,3393,13.695,451,3314.87,,,,
996748,3394,15.151,512,3315.76,,,,
997030,3395,8.982,282,3316.25,,,,
997321,3396,9.366,291,3316.76,,,,
997594,3397,8.78,273,3319.5,,,,
997818,3398,6.947,224,3319.89,,,,
998175,3399,10.97,357,3320.5,,,,
998372,3400,5.784,197,3320.85,,,,
998777,3401,11.931,405,3321.55,,,,
999316,3402,17.137,539,3322.47,,,,
999575,3403,7.427,259,3325.23,,,,
999955,3404,11.763,380,3325.88,,,,
1000287,3405,9.376,332,3329.93,,,,
1000465,3406,5.079,178,3330.24,,,,
1000981,3407,16.411,516,3331.15,,,,
1001332,3408,10.88,351,3331.76,,,,
