timestep,episode,episode_reward,episode_length,wall_time,critic_loss,actor_loss,alpha_loss,alpha
41,0,35.49,41,0.01,,,,
66,1,10.797,25,0.01,,,,
140,2,73.506,74,0.02,,,,
153,3,7.986,13,0.03,,,,
170,4,10.796,17,0.03,,,,
179,5,6.167,9,0.03,,,,
201,6,18.909,22,0.03,,,,
228,7,29.941,27,0.04,,,,
239,8,6.016,11,0.04,,,,
284,9,41.748,45,0.05,,,,
295,10,6.571,11,0.05,,,,
334,11,13.793,39,0.05,,,,
347,12,9.758,13,0.06,,,,
358,13,5.491,11,0.06,,,,
378,14,14.753,20,0.06,,,,
395,15,14.639,17,0.06,,,,
407,16,8.867,12,0.07,,,,
419,17,9.014,12,0.07,,,,
434,18,9.609,15,0.07,,,,
455,19,21.224,21,0.07,,,,
485,20,8.426,30,0.09,,,,
536,21,25.209,51,0.1,,,,
569,22,24.038,33,0.11,,,,
588,23,20.222,19,0.11,,,,
600,24,7.916,12,0.11,,,,
616,25,13.073,16,0.11,,,,
632,26,7.992,16,0.11,,,,
659,27,22.172,27,0.12,,,,
680,28,19.59,21,0.12,,,,
696,29,12.598,16,0.12,,,,
719,30,10.993,23,0.13,,,,
737,31,10.418,18,0.13,,,,
755,32,7.262,18,0.13,,,,
786,33,16.811,31,0.14,,,,
807,34,15.863,21,0.14,,,,
836,35,14.129,29,0.15,,,,
849,36,11.258,13,0.15,,,,
866,37,13.937,17,0.15,,,,
889,38,10.349,23,0.16,,,,
899,39,7.367,10,0.16,,,,
933,40,30.176,34,0.16,,,,
975,41,41.916,42,0.17,,,,
1017,42,21.171,42,0.18,,,,
1035,43,13.688,18,0.18,,,,
1054,44,17.418,19,0.18,,,,
1065,45,6.929,11,0.18,,,,
1076,46,7.133,11,0.19,,,,
1085,47,4.295,9,0.19,,,,
1100,48,13.085,15,0.19,,,,
1114,49,10.208,14,0.19,,,,
1123,50,5.361,9,0.19,,,,
1141,51,15.124,18,0.2,,,,
1162,52,21.755,21,0.2,,,,
1181,53,15.665,19,0.2,,,,
1228,54,70.948,47,0.21,,,,
1246,55,13.936,18,0.22,,,,
1260,56,11.764,14,0.22,,,,
1271,57,6.686,11,0.22,,,,
1284,58,10.559,13,0.22,,,,
1307,59,17.594,23,0.23,,,,
1317,60,5.566,10,0.23,,,,
1335,61,15.612,18,0.23,,,,
1353,62,9.685,18,0.24,,,,
1369,63,14.037,16,0.24,,,,
1390,64,18.146,21,0.24,,,,
1400,65,4.633,10,0.24,,,,
1420,66,14.818,20,0.25,,,,
1437,67,11.619,17,0.25,,,,
1474,68,22.791,37,0.26,,,,
1512,69,29.989,38,0.26,,,,
1534,70,14.603,22,0.27,,,,
1547,71,7.87,13,0.27,,,,
1555,72,5.288,8,0.27,,,,
1567,73,7.206,12,0.27,,,,
1586,74,19.154,19,0.28,,,,
1597,75,7.956,11,0.28,,,,
1635,76,35.892,38,0.28,,,,
1644,77,6.857,9,0.28,,,,
1656,78,10.569,12,0.29,,,,
1690,79,16.611,34,0.29,,,,
1717,80,10.021,27,0.3,,,,
1733,81,13.589,16,0.3,,,,
1749,82,12.25,16,0.3,,,,
1758,83,6.414,9,0.3,,,,
1813,84,83.236,55,0.31,,,,
1832,85,12.854,19,0.31,,,,
1846,86,11.7,14,0.32,,,,
1883,87,26.285,37,0.32,,,,
1897,88,9.181,14,0.33,,,,
1932,89,31.098,35,0.33,,,,
1965,90,17.357,33,0.34,,,,
1984,91,12.323,19,0.35,,,,
1998,92,12.855,14,0.35,,,,
2016,93,16.199,18,0.35,,,,
2035,94,10.188,19,0.36,,,,
2065,95,22.523,30,0.36,,,,
2094,96,18.584,29,0.37,,,,
2126,97,21.075,32,0.37,,,,
2143,98,12.182,17,0.38,,,,
2163,99,17.397,20,0.38,,,,
2189,100,29.958,26,0.39,,,,
2202,101,9.536,13,0.39,,,,
2242,102,54.97,40,0.4,,,,
2256,103,11.335,14,0.4,,,,
2281,104,12.106,25,0.4,,,,
2290,105,5.438,9,0.4,,,,
2304,106,6.94,14,0.41,,,,
2327,107,21.15,23,0.41,,,,
2346,108,12.137,19,0.41,,,,
2372,109,29.509,26,0.42,,,,
2386,110,7.982,14,0.42,,,,
2400,111,12.158,14,0.42,,,,
2413,112,5.058,13,0.43,,,,
2435,113,22.912,22,0.43,,,,
2466,114,37.286,31,0.43,,,,
2513,115,59.218,47,0.44,,,,
2530,116,8.691,17,0.44,,,,
2552,117,10.703,22,0.45,,,,
2583,118,31.68,31,0.45,,,,
2600,119,12.666,17,0.46,,,,
2613,120,11.213,13,0.46,,,,
2632,121,13.601,19,0.46,,,,
2656,122,11.515,24,0.46,,,,
2671,123,10.79,15,0.47,,,,
2689,124,19.672,18,0.47,,,,
2721,125,13.094,32,0.47,,,,
2734,126,7.355,13,0.48,,,,
2763,127,21.064,29,0.48,,,,
2773,128,7.036,10,0.48,,,,
2789,129,12.564,16,0.48,,,,
2807,130,19.06,18,0.49,,,,
2829,131,16.536,22,0.49,,,,
2845,132,9.303,16,0.49,,,,
2861,133,9.186,16,0.5,,,,
2872,134,7.377,11,0.5,,,,
2898,135,30.968,26,0.5,,,,
2917,136,19.558,19,0.51,,,,
2951,137,8.455,34,0.51,,,,
2986,138,33.934,35,0.52,,,,
3019,139,24.753,33,0.52,,,,
3037,140,15.123,18,0.52,,,,
3053,141,12.564,16,0.53,,,,
3070,142,8.037,17,0.53,,,,
3105,143,39.309,35,0.54,,,,
3128,144,11.351,23,0.54,,,,
3151,145,13.238,23,0.54,,,,
3165,146,11.942,14,0.54,,,,
3179,147,12.751,14,0.55,,,,
3195,148,10.293,16,0.55,,,,
3249,149,95.97,54,0.56,,,,
3261,150,5.873,12,0.56,,,,
3276,151,12.749,15,0.56,,,,
3290,152,9.819,14,0.56,,,,
3311,153,13.229,21,0.57,,,,
3324,154,5.865,13,0.57,,,,
3336,155,10.427,12,0.57,,,,
3344,156,3.786,8,0.57,,,,
3355,157,7.5,11,0.57,,,,
3371,158,6.562,16,0.58,,,,
3386,159,12.802,15,0.58,,,,
3399,160,9.026,13,0.58,,,,
3411,161,8.85,12,0.58,,,,
3435,162,21.975,24,0.59,,,,
3453,163,19.111,18,0.59,,,,
3510,164,61.678,57,0.6,,,,
3533,165,9.083,23,0.6,,,,
3554,166,13.59,21,0.61,,,,
3568,167,10.851,14,0.61,,,,
3588,168,11.03,20,0.61,,,,
3610,169,14.881,22,0.62,,,,
3624,170,7.991,14,0.62,,,,
3673,171,53.416,49,0.63,,,,
3685,172,9.953,12,0.63,,,,
3695,173,7.021,10,0.63,,,,
3715,174,11.896,20,0.63,,,,
3741,175,25.796,26,0.64,,,,
3765,176,22.004,24,0.64,,,,
3774,177,4.48,9,0.64,,,,
3793,178,13.034,19,0.64,,,,
3804,179,7.64,11,0.65,,,,
3840,180,46.682,36,0.65,,,,
3852,181,8.718,12,0.65,,,,
3866,182,9.84,14,0.66,,,,
3884,183,13.282,18,0.66,,,,
3901,184,12.96,17,0.66,,,,
3914,185,9.606,13,0.66,,,,
3931,186,11.512,17,0.67,,,,
3956,187,13.315,25,0.67,,,,
3985,188,21.784,29,0.67,,,,
4013,189,31.566,28,0.68,,,,
4039,190,14.0,26,0.68,,,,
4059,191,23.45,20,0.69,,,,
4075,192,8.636,16,0.69,,,,
4084,193,6.041,9,0.69,,,,
4096,194,8.099,12,0.69,,,,
4131,195,40.565,35,0.7,,,,
4144,196,10.591,13,0.7,,,,
4171,197,7.909,27,0.7,,,,
4200,198,21.812,29,0.71,,,,
4212,199,6.809,12,0.71,,,,
4233,200,10.112,21,0.71,,,,
4265,201,36.624,32,0.72,,,,
4278,202,6.978,13,0.72,,,,
4289,203,7.07,11,0.72,,,,
4313,204,16.569,24,0.73,,,,
4330,205,10.401,17,0.73,,,,
4346,206,9.334,16,0.73,,,,
4358,207,7.867,12,0.73,,,,
4390,208,6.98,32,0.74,,,,
4400,209,5.578,10,0.74,,,,
4420,210,11.206,20,0.74,,,,
4428,211,5.189,8,0.74,,,,
4441,212,8.285,13,0.75,,,,
4496,213,44.122,55,0.75,,,,
4511,214,8.179,15,0.76,,,,
4530,215,12.527,19,0.76,,,,
4544,216,9.47,14,0.76,,,,
4570,217,14.898,26,0.77,,,,
4600,218,40.292,30,0.77,,,,
4663,219,70.144,63,0.78,,,,
4702,220,9.89,39,0.79,,,,
4725,221,23.295,23,0.79,,,,
4755,222,21.4,30,0.8,,,,
4775,223,20.428,20,0.8,,,,
4804,224,17.487,29,0.81,,,,
4827,225,21.149,23,0.81,,,,
4847,226,7.967,20,0.81,,,,
4885,227,26.161,38,0.82,,,,
4908,228,6.577,23,0.82,,,,
4939,229,8.817,31,0.83,,,,
4952,230,6.449,13,0.83,,,,
4968,231,7.748,16,0.83,,,,
4986,232,11.824,18,0.83,,,,
5004,233,18.534,18,1.2,13.802399,-2.277073,5.02275,0.998502
5024,234,15.579,20,1.5,7.174703,-3.392472,5.012668,0.992531
5035,235,6.559,11,1.67,4.281891,-4.51007,4.995246,0.989267
5071,236,36.201,36,2.16,2.975573,-4.657951,4.964186,0.978686
5085,237,10.137,14,2.36,2.056945,-5.003632,4.921526,0.974618
5124,238,34.655,39,2.91,1.7308,-5.249,4.887948,0.96342
5145,239,24.878,21,3.2,1.55981,-5.509723,4.843991,0.957468
5161,240,13.358,16,3.41,1.588766,-5.653379,4.810147,0.952974
5177,241,16.13,16,3.64,1.670513,-5.787679,4.802397,0.948508
5209,242,40.72,32,4.09,1.678052,-5.949049,4.756374,0.939672
5228,243,9.659,19,4.34,1.625929,-6.163187,4.716716,0.934489
5276,244,33.766,48,5.0,1.820805,-6.404554,4.672362,0.921576
5299,245,14.331,23,5.34,1.778609,-6.698216,4.610471,0.915492
5346,246,64.364,47,6.04,1.984163,-6.967757,4.564584,0.903247
5372,247,20.198,26,6.4,1.947555,-7.272656,4.507972,0.896578
5397,248,15.418,25,6.75,1.998585,-7.475227,4.486008,0.890231
5417,249,12.964,20,7.03,2.251597,-7.657149,4.43641,0.885209
5443,250,20.623,26,7.36,2.178643,-7.863519,4.403789,0.87875
5457,251,10.928,14,7.52,2.203916,-7.991377,4.372315,0.875303
5513,252,88.261,56,8.26,2.31724,-8.289275,4.323791,0.86172
5541,253,21.545,28,8.62,2.241106,-8.692309,4.24731,0.855068
5627,254,114.481,86,9.75,2.598828,-9.133012,4.163345,0.835152
5720,255,73.738,93,11.03,2.883052,-9.859582,4.033758,0.814434
5789,256,116.784,69,11.97,2.75155,-10.597377,3.915994,0.799583
5829,257,19.066,40,12.51,3.252892,-11.091447,3.839446,0.791178
5865,258,59.102,36,12.98,3.378622,-11.356756,3.788964,0.783721
5931,259,84.996,66,13.9,3.436843,-11.810522,3.716663,0.770346
5982,260,81.58,51,14.57,4.116001,-12.305825,3.617554,0.760314
6020,261,60.494,38,15.07,3.73734,-12.798351,3.573478,0.752953
6058,262,62.481,38,15.6,3.766599,-13.125235,3.500283,0.745733
6091,263,53.447,33,16.04,4.08866,-13.357635,3.471328,0.73955
6151,264,79.171,60,16.84,4.36027,-13.863787,3.405952,0.728484
6236,265,119.021,85,18.0,4.362763,-14.527526,3.318271,0.713268
6284,266,85.81,48,18.65,4.922256,-15.078153,3.22415,0.704914
6321,267,60.894,37,19.15,4.901281,-15.517199,3.181308,0.698565
6350,268,46.955,29,19.57,6.138552,-15.818139,3.147436,0.693649
6375,269,41.339,25,19.93,4.996873,-16.066723,3.086445,0.689474
6434,270,83.559,59,20.79,5.494685,-16.43054,3.064415,0.679738
6471,271,61.215,37,21.32,6.405112,-16.856783,3.008549,0.673747
6502,272,50.188,31,21.76,6.423137,-17.185077,2.950966,0.668801
6532,273,49.094,30,22.2,6.311862,-17.377771,2.95652,0.664044
6565,274,54.121,33,22.67,7.339888,-17.832962,2.909176,0.658873
6596,275,53.319,31,23.1,6.524571,-18.084683,2.831785,0.654126
6627,276,52.007,31,23.58,7.274021,-18.351626,2.807738,0.649431
6652,277,41.58,25,23.94,7.993415,-18.738673,2.776483,0.645681
6689,278,63.924,37,24.5,6.995156,-18.886125,2.7371,0.6402
6714,279,40.402,25,24.86,8.969622,-19.200757,2.730509,0.636532
6744,280,49.186,30,25.26,7.992539,-19.518538,2.675985,0.632168
6770,281,43.407,26,25.59,5.748509,-19.879695,2.614728,0.628461
6814,282,74.159,44,26.14,7.143527,-20.131513,2.607234,0.622248
6894,283,171.036,80,27.15,7.57228,-20.722688,2.562057,0.611137
6972,284,164.075,78,28.11,7.738234,-21.505899,2.456879,0.600689
7053,285,154.745,81,29.12,8.794877,-22.219374,2.352415,0.590251
7138,286,185.48,85,30.28,9.051202,-22.985683,2.278078,0.57954
7225,287,167.149,87,31.44,8.861202,-23.824071,2.192041,0.568997
7306,288,167.738,81,32.52,8.023573,-24.871065,2.086084,0.559556
7389,289,175.091,83,33.65,9.491456,-25.696851,2.021858,0.550103
7478,290,191.398,89,34.81,10.27197,-26.441796,1.966419,0.540252
7557,291,156.572,79,35.78,10.313488,-27.43698,1.858026,0.531813
7643,292,171.874,86,36.87,10.778942,-28.410718,1.804211,0.522873
7732,293,186.335,89,38.06,11.842062,-29.296778,1.744443,0.51385
7818,294,174.506,86,39.29,12.396298,-30.312994,1.689768,0.505294
7908,295,187.727,90,40.61,13.737291,-31.287201,1.607311,0.496685
7983,296,137.571,75,41.72,13.384106,-32.025503,1.591763,0.489533
8069,297,176.912,86,42.97,13.41891,-33.093668,1.531093,0.48159
8155,298,170.579,86,44.24,15.252678,-33.951262,1.523448,0.473582
8240,299,164.038,85,45.43,14.001211,-34.80132,1.470267,0.465859
8325,300,182.755,85,46.62,16.271108,-35.683042,1.454386,0.458179
8411,301,179.243,86,47.83,15.629869,-36.554815,1.405975,0.450544
8500,302,201.516,89,49.08,17.52056,-37.563024,1.386181,0.442759
8585,303,187.479,85,50.25,17.162065,-38.461288,1.338446,0.435481
8669,304,175.996,84,51.38,16.977559,-39.275372,1.312958,0.428352
8756,305,188.821,87,52.54,18.464628,-40.060435,1.291513,0.421063
8842,306,190.779,86,53.72,20.308525,-40.834853,1.269725,0.413878
8928,307,183.419,86,54.82,19.516033,-41.870377,1.215282,0.406962
9016,308,192.215,88,55.94,19.105291,-42.601489,1.202605,0.399923
9109,309,195.388,93,57.08,19.567221,-43.57713,1.190511,0.392494
9195,310,179.855,86,58.14,22.07807,-44.450316,1.167091,0.385747
9282,311,191.634,87,59.26,21.438053,-45.239971,1.122919,0.379085
9380,312,211.231,98,60.57,21.156548,-46.19235,1.084873,0.371782
9476,313,196.125,96,61.88,23.372777,-47.166938,1.065221,0.364728
9579,314,234.823,103,63.38,26.159033,-48.074867,1.011467,0.357441
9674,315,206.114,95,64.71,23.967057,-49.091638,1.005805,0.350732
9765,316,201.098,91,65.98,24.213259,-50.074118,0.963557,0.344522
9858,317,205.485,93,67.24,25.762643,-50.992279,0.947154,0.338225
9946,318,191.662,88,68.45,27.491355,-51.483897,0.9289,0.33231
10032,319,188.6,86,70.24,27.92178,-52.291452,0.906558,0.326651
10126,320,204.064,94,71.58,28.58601,-53.137767,0.881554,0.320581
10219,321,208.333,93,72.97,28.352528,-53.929856,0.876715,0.314614
10311,322,192.806,92,74.32,28.175847,-54.745725,0.837371,0.308879
10397,323,185.375,86,75.43,30.370574,-55.55473,0.835148,0.303539
10484,324,197.744,87,76.53,27.543295,-56.21703,0.807549,0.298265
10570,325,187.298,86,77.61,29.988281,-57.021589,0.780018,0.293171
10657,326,196.603,87,78.72,30.098925,-57.782544,0.753337,0.28817
10754,327,221.135,97,80.05,29.109453,-58.44268,0.741476,0.282665
10843,328,203.78,89,81.31,30.471511,-59.40735,0.693604,0.277866
10943,329,230.901,100,82.83,32.870122,-60.034098,0.680882,0.272528
11042,330,230.656,99,84.27,31.065995,-60.873133,0.643687,0.267476
11133,331,205.669,91,85.47,32.319876,-61.795466,0.61108,0.263048
11232,332,214.165,99,86.95,31.419784,-62.60132,0.609696,0.258179
11320,333,202.84,88,88.13,32.83345,-63.352607,0.600588,0.253863
11410,334,209.084,90,89.37,33.761271,-64.149562,0.573133,0.249594
11498,335,203.836,88,90.62,34.228217,-64.859478,0.552276,0.245542
11589,336,212.703,91,91.9,33.874881,-65.555825,0.555314,0.241292
11680,337,203.397,91,93.18,32.184376,-66.222825,0.52437,0.237208
11778,338,228.109,98,94.54,34.135285,-66.98042,0.50976,0.232912
11861,339,191.274,83,95.76,34.758928,-67.607308,0.502067,0.229282
11961,340,225.065,100,97.15,36.93367,-68.175176,0.483435,0.225049
12055,341,202.549,94,98.46,33.295525,-69.00558,0.467994,0.221148
12146,342,212.727,91,99.73,36.99016,-69.847639,0.452304,0.217448
12239,343,200.239,93,100.95,35.780482,-70.535577,0.418508,0.213857
12332,344,213.169,93,102.21,36.814451,-71.152452,0.43327,0.210163
12422,345,196.471,90,103.37,34.384499,-71.991301,0.411499,0.206679
12508,346,196.594,86,104.46,35.661018,-72.561014,0.399815,0.203449
12593,347,193.2,85,105.5,36.149735,-73.28071,0.384879,0.200327
12688,348,217.94,95,106.67,37.503179,-73.809259,0.38392,0.196841
12777,349,203.904,89,107.75,38.32275,-74.331727,0.3602,0.1937
12869,350,211.648,92,109.01,38.560734,-75.035363,0.36141,0.190422
12957,351,200.403,88,110.18,37.283595,-75.712674,0.358977,0.187284
13046,352,202.738,89,111.45,38.383232,-76.153142,0.361537,0.18404
13137,353,208.506,91,112.67,41.428013,-76.525272,0.338942,0.180917
13230,354,212.837,93,113.98,35.894115,-77.411074,0.315763,0.17789
13323,355,213.838,93,115.19,37.850789,-78.183476,0.314082,0.174848
13422,356,231.212,99,116.78,39.963675,-78.718727,0.295021,0.171729
13512,357,209.144,90,118.19,39.122725,-79.068912,0.295856,0.168895
13597,358,181.258,85,119.32,37.050639,-79.413564,0.295791,0.166202
13683,359,194.95,86,120.46,41.590418,-80.123519,0.288398,0.163499
13775,360,207.369,92,121.73,39.767348,-80.594734,0.264451,0.160822
13868,361,213.426,93,122.99,39.823317,-80.88216,0.256325,0.158191
13961,362,209.115,93,124.42,39.24331,-81.291877,0.24514,0.155613
14060,363,223.384,99,125.93,37.143003,-81.964238,0.2484,0.152789
14152,364,205.22,92,127.39,41.120807,-82.311528,0.245276,0.15018
14244,365,200.261,92,128.81,39.557923,-83.041307,0.238777,0.147596
14330,366,189.771,86,130.12,39.587274,-83.521813,0.239928,0.145189
14418,367,191.454,88,131.45,41.036847,-83.930216,0.22351,0.142834
14509,368,191.316,91,132.83,39.883442,-84.395211,0.210443,0.140486
14602,369,205.284,93,134.22,43.607343,-85.1269,0.19912,0.138215
14690,370,193.604,88,135.63,37.12574,-85.308307,0.194827,0.136105
14782,371,212.351,92,137.02,40.035065,-86.059894,0.177658,0.134025
14874,372,208.949,92,138.45,41.35133,-86.518971,0.171292,0.132029
14963,373,196.51,89,139.85,44.536493,-86.959153,0.156593,0.130195
15060,374,222.353,97,141.24,39.490123,-87.581057,0.152702,0.12821
15154,375,204.642,94,142.66,44.0392,-87.858271,0.147845,0.126342
15244,376,200.185,90,144.09,41.841965,-88.584636,0.141276,0.12458
15340,377,217.329,96,145.63,44.982958,-89.12266,0.139023,0.122725
15437,378,215.991,97,147.14,42.779232,-89.521678,0.134541,0.120856
15534,379,218.401,97,148.68,42.247021,-90.154402,0.127317,0.119034
15633,380,200.581,99,150.27,37.213954,-90.704603,0.11839,0.117315
15733,381,220.846,100,151.98,43.822689,-91.384261,0.111639,0.115561
15824,382,197.384,91,153.49,46.676308,-91.82522,0.09819,0.114177
15925,383,230.104,101,154.98,46.62054,-92.385849,0.090864,0.112677
16018,384,201.048,93,156.48,46.141766,-92.366351,0.084431,0.111413
16108,385,192.063,90,158.05,44.787606,-93.478723,0.086857,0.110096
16202,386,199.514,94,159.73,44.394477,-93.704022,0.075653,0.108822
16296,387,212.136,94,161.36,42.764867,-94.336234,0.070395,0.107683
16392,388,215.428,96,162.93,47.795178,-94.415125,0.076052,0.106321
16487,389,199.936,95,164.4,45.95788,-94.983126,0.072163,0.105037
16581,390,205.513,94,165.95,47.975671,-95.524017,0.066747,0.103824
16674,391,205.808,93,167.55,45.805459,-95.714503,0.068869,0.102587
16772,392,214.757,98,169.12,42.893811,-96.334521,0.068996,0.101218
16868,393,213.55,96,170.64,48.973383,-96.774506,0.063797,0.099912
16960,394,207.404,92,171.9,47.029081,-97.356176,0.061144,0.098724
17064,395,198.686,104,173.33,49.014485,-97.853204,0.046086,0.097666
17158,396,187.75,94,174.71,44.257948,-97.937297,0.048906,0.096619
17249,397,195.417,91,176.06,47.995745,-98.788415,0.046773,0.095626
17341,398,188.15,92,177.4,44.338149,-99.042971,0.04442,0.094669
17436,399,195.925,95,178.72,48.864846,-99.367203,0.041873,0.093694
17530,400,204.618,94,179.85,51.168014,-100.01109,0.030477,0.092964
17625,401,213.589,95,181.02,48.572552,-100.515568,0.029133,0.092219
17718,402,202.675,93,182.17,50.607514,-100.644608,0.027425,0.091502
17815,403,199.168,97,183.38,47.419103,-101.432655,0.027709,0.090791
17907,404,189.311,92,184.62,44.890818,-101.539765,0.030429,0.089962
18002,405,194.763,95,185.88,49.264897,-102.131159,0.031568,0.089071
18096,406,207.395,94,187.14,50.277905,-102.564541,0.027352,0.088239
18204,407,207.35,108,188.56,51.113164,-102.775292,0.021121,0.087494
18305,408,203.389,101,189.8,48.889133,-103.14192,0.023867,0.08676
18398,409,198.869,93,190.95,49.598453,-103.482423,0.023147,0.086052
18493,410,216.344,95,192.27,46.919139,-104.192062,0.02336,0.085267
18586,411,198.534,93,193.6,49.777106,-104.52402,0.008617,0.084885
18694,412,224.148,108,195.17,46.65842,-104.540534,0.01506,0.084302
18786,413,196.898,92,196.49,46.03901,-105.003414,0.013965,0.083821
18885,414,220.392,99,197.92,46.112496,-104.868177,0.019533,0.083046
18978,415,208.625,93,199.25,45.992861,-105.521036,0.017724,0.082379
19075,416,213.18,97,200.61,46.398528,-105.705181,0.015577,0.081721
19170,417,214.219,95,201.94,48.120639,-105.894337,0.01318,0.081131
19265,418,204.752,95,203.22,47.061891,-106.461701,0.012943,0.080602
19359,419,204.438,94,204.44,48.419044,-106.296075,0.010494,0.080114
19453,420,195.689,94,205.76,52.562535,-106.479571,0.0033,0.079831
19543,421,197.179,90,207.02,45.669469,-107.325201,0.008365,0.07957
19637,422,203.868,94,208.32,52.416949,-107.078539,0.006891,0.0792
19728,423,200.577,91,209.52,50.059996,-107.146931,-0.001092,0.079273
19817,424,189.766,89,210.63,45.587571,-107.986062,-0.003513,0.07937
19906,425,184.332,89,211.71,44.615552,-108.000118,-0.005587,0.079627
19993,426,183.655,87,212.79,53.015001,-108.258757,0.001624,0.079584
20078,427,191.26,85,214.53,50.973805,-108.749818,-0.011604,0.080084
20168,428,193.093,90,215.74,46.756214,-108.788025,-0.015381,0.081087
20253,429,174.138,85,216.95,49.322349,-109.236463,-0.013302,0.08178
20346,430,184.063,93,218.27,45.845355,-109.384882,-0.004402,0.082122
20441,431,197.088,95,219.61,48.911003,-109.310911,0.011614,0.08146
20540,432,211.802,99,221.0,47.060921,-110.127644,0.011115,0.080486
20637,433,221.622,97,222.37,45.658126,-110.274273,-0.000447,0.080689
20736,434,218.648,99,223.75,48.401748,-110.098173,-0.003291,0.080965
20838,435,213.301,102,225.23,45.726776,-110.376977,0.013389,0.079951
20930,436,199.308,92,226.54,48.451374,-110.879773,0.013688,0.078949
21030,437,212.1,100,227.93,49.447843,-110.305984,0.010116,0.078211
21128,438,203.256,98,229.29,48.724373,-110.832175,0.012955,0.077011
21225,439,209.882,97,230.52,45.161746,-111.28831,0.005372,0.076531
21323,440,203.014,98,231.97,43.364504,-111.209154,0.002393,0.076316
21427,441,210.809,104,233.58,46.673609,-111.251279,0.002542,0.07617
21523,442,193.483,96,235.0,48.282791,-111.838353,0.002472,0.076027
21608,443,172.685,85,236.24,43.973435,-111.430013,0.002894,0.075718
21704,444,199.15,96,237.62,46.561916,-111.75256,-0.006587,0.076247
21804,445,204.236,100,239.1,43.389886,-112.49544,0.008615,0.075661
21922,446,212.194,118,240.96,44.495124,-112.618201,0.004042,0.07509
21977,447,92.645,55,241.78,44.523627,-112.990398,0.003198,0.074881
22083,448,207.079,106,243.39,47.269079,-113.216901,0.008491,0.07408
22186,449,203.472,103,244.87,47.532944,-113.086061,0.001704,0.073851
22278,450,191.648,92,246.13,47.610066,-113.317384,0.009454,0.073019
22402,451,225.555,124,247.82,51.880984,-112.930053,0.011068,0.071783
22508,452,205.007,106,249.25,48.054413,-113.421646,0.00965,0.070775
22610,453,211.644,102,250.76,50.492589,-113.651463,0.009277,0.069747
22774,454,247.717,164,253.22,45.60672,-113.811022,0.009506,0.068166
22875,455,223.376,101,254.74,47.275707,-114.00899,0.0093,0.067299
22993,456,224.376,118,256.49,49.335413,-114.397741,0.005832,0.066505
23113,457,217.824,120,258.25,49.951106,-114.291869,0.000938,0.066306
23252,458,130.961,139,260.31,45.304719,-114.38848,0.000635,0.066345
23298,459,49.022,46,261.02,46.830162,-114.415943,0.005891,0.066075
23352,460,54.633,54,261.94,41.655621,-115.452471,0.003154,0.065903
23423,461,66.103,71,263.11,53.537923,-114.537395,-0.002513,0.066016
23539,462,209.117,116,264.99,49.363253,-115.265135,-0.005213,0.066597
23641,463,214.779,102,266.58,52.501958,-115.10699,-0.007138,0.067565
23775,464,137.049,134,268.62,49.060474,-115.117992,0.001703,0.067309
23880,465,201.823,105,270.25,43.301994,-115.24033,0.000121,0.067188
23975,466,201.889,95,271.71,43.812328,-115.289275,-0.002984,0.067617
24076,467,211.753,101,273.22,47.269386,-115.13346,0.000617,0.067689
24174,468,205.743,98,274.77,47.901058,-115.355267,0.003406,0.067092
24324,469,284.367,150,277.02,48.949266,-115.485595,-0.001051,0.067248
24424,470,202.253,100,278.59,43.252875,-115.387584,-0.006914,0.0681
24518,471,194.885,94,280.13,46.94522,-115.967213,-0.002985,0.068482
24618,472,195.905,100,281.72,43.716635,-115.674552,0.000189,0.068476
24718,473,198.85,100,283.37,52.149015,-115.534272,0.000787,0.068441
24818,474,207.971,100,285.03,47.11108,-115.866478,0.001359,0.068078
24942,475,262.054,124,287.11,41.574807,-116.161133,0.004121,0.067592
25067,476,259.596,125,289.11,48.459358,-116.125067,-0.0084,0.068668
25190,477,253.146,123,290.95,45.660629,-115.73045,-0.005804,0.069719
25310,478,248.584,120,292.57,41.215593,-115.873905,-0.004393,0.07046
25430,479,252.632,120,294.11,43.054934,-115.297509,-0.003768,0.071261
25546,480,249.589,116,295.56,40.318395,-116.238185,-0.001219,0.071326
25662,481,243.497,116,297.17,43.289936,-116.07345,-0.006611,0.072345
25793,482,245.507,131,298.99,43.608956,-115.764086,0.000758,0.072428
25959,483,299.404,166,301.43,42.195082,-115.835456,-0.005066,0.073607
26081,484,250.479,122,303.15,42.398042,-115.646059,-0.001753,0.073709
26208,485,264.905,127,304.94,41.950552,-116.209105,-0.002788,0.074261
26330,486,254.105,122,306.66,45.120068,-116.212357,-0.003874,0.075149
26467,487,270.535,137,308.44,42.583152,-115.514318,0.001557,0.074683
26596,488,275.131,129,310.19,42.376918,-116.180847,-0.00931,0.07648
26721,489,271.32,125,311.88,39.513696,-115.164668,0.003924,0.075895
26864,490,295.69,143,313.82,43.065438,-115.565799,-0.009887,0.077493
26996,491,245.989,132,315.48,39.097652,-115.729073,-0.000631,0.078008
27061,492,106.3,65,316.29,40.090841,-115.853682,0.010993,0.076948
27125,493,98.021,64,317.09,41.404887,-116.441279,0.004304,0.07649
27185,494,97.69,60,317.84,40.283839,-116.551849,-0.006057,0.076969
27246,495,96.466,61,318.61,37.763078,-116.109009,0.002958,0.076889
27421,496,311.584,175,321.05,41.255717,-116.383692,-0.01007,0.079097
27534,497,201.576,113,322.73,44.551328,-116.453572,-0.010547,0.080752
27704,498,301.723,170,325.14,43.700242,-116.793025,0.000541,0.08076
27798,499,149.406,94,326.44,43.321242,-116.355611,0.000513,0.080733
27862,500,96.485,64,327.33,50.389758,-116.318033,0.011034,0.079779
27927,501,98.003,65,328.22,41.99678,-116.950996,-0.002986,0.079999
28020,502,139.005,93,329.55,57.421909,-116.689432,0.00122,0.079768
28176,503,280.849,156,331.82,49.039306,-117.02052,-0.003114,0.080409
28341,504,306.334,165,334.08,54.30902,-117.349986,-0.005047,0.081314
28513,505,314.25,172,336.22,53.383461,-117.448916,-0.001438,0.081832
28619,506,195.777,106,337.58,48.056807,-117.70207,0.006223,0.081034
28805,507,329.688,186,340.04,49.546081,-117.496248,0.006105,0.07959
28971,508,331.403,166,342.25,49.897632,-117.886956,-0.00074,0.079702
29333,509,646.866,362,347.18,43.038743,-118.557629,-0.007061,0.082591
29663,510,507.072,330,351.95,44.584297,-119.162197,-0.010291,0.087162
29736,511,94.393,73,352.98,38.834443,-119.52827,-0.015367,0.088637
29801,512,70.243,65,353.89,52.292938,-119.639432,-0.00082,0.088741
29866,513,66.145,65,354.78,39.511119,-119.9601,-0.000322,0.088834
29909,514,29.191,43,355.37,56.657177,-120.009027,-0.004524,0.089085
29959,515,38.942,50,356.06,51.843644,-120.188057,-0.004683,0.089416
30007,516,35.474,48,357.08,50.204215,-120.680937,-0.011774,0.089965
30049,517,27.29,42,357.64,50.71048,-120.519135,-0.001211,0.090042
30099,518,37.528,50,358.24,57.154435,-120.262759,-0.006677,0.090767
30149,519,38.776,50,358.93,47.107417,-121.074508,0.012404,0.089995
30206,520,48.424,57,359.71,68.515728,-120.443751,0.002076,0.089839
30249,521,27.511,43,360.29,63.912386,-121.180156,0.002598,0.089591
30324,522,65.88,75,361.33,59.255558,-120.83474,0.008076,0.088937
30357,523,38.321,33,361.78,74.280012,-120.706437,-0.01067,0.089173
30477,524,118.477,120,363.42,54.840493,-121.530848,-0.00047,0.089122
30550,525,62.371,73,364.33,60.998754,-121.286361,-0.003972,0.089915
30664,526,128.114,114,365.78,57.234762,-121.892772,0.011299,0.088405
30721,527,60.128,57,366.5,65.62537,-122.177247,-0.010605,0.08869
30753,528,29.4,32,366.89,58.89919,-122.656264,0.0047,0.088744
30788,529,33.888,35,367.34,57.393013,-122.396372,-0.003427,0.088796
30884,530,136.443,96,368.59,54.324638,-122.679535,-0.00991,0.089749
30914,531,25.945,30,368.98,53.942828,-123.044912,-0.008999,0.090178
30945,532,30.946,31,369.4,61.744933,-123.15648,0.017866,0.089779
31042,533,89.985,97,370.77,70.649288,-123.120045,0.005214,0.089304
31120,534,71.21,78,371.85,68.461991,-123.11331,0.000231,0.089212
31220,535,113.671,100,373.23,56.965599,-123.462668,-3.2e-05,0.088864
31309,536,100.149,89,374.47,59.378622,-123.351006,-0.002772,0.089352
31408,537,87.668,99,375.84,63.160261,-123.750268,0.004566,0.088807
31502,538,79.558,94,377.12,61.23703,-123.742714,-0.007572,0.089438
31617,539,101.194,115,378.72,60.426513,-123.82499,0.004321,0.088944
31725,540,101.485,108,380.25,66.35256,-124.269472,-0.001336,0.089212
31785,541,45.118,60,381.11,67.209391,-123.69865,-0.006878,0.089495
31985,542,206.981,200,383.82,63.268427,-124.53367,-0.004285,0.090687
32059,543,59.376,74,384.75,53.602014,-124.828505,0.000395,0.090616
32157,544,93.932,98,386.01,62.007031,-125.06973,0.004154,0.090279
32258,545,110.7,101,387.27,54.141196,-124.891008,-0.004344,0.090499
32447,546,362.848,189,389.85,60.535296,-125.244774,0.006771,0.08935
32548,547,103.072,101,391.23,56.747639,-125.276714,0.004477,0.088839
32664,548,123.68,116,392.82,59.142054,-125.831115,0.007619,0.087794
33166,549,1093.644,502,399.72,55.71656,-125.838897,0.003189,0.085789
33386,550,533.31,220,402.87,56.175111,-126.194529,0.004424,0.084692
33477,551,117.589,91,404.12,50.913112,-126.090295,-0.004689,0.08493
33586,552,127.494,109,405.65,60.479362,-126.642261,0.003013,0.084833
33748,553,290.5,162,407.7,52.743853,-126.366195,-0.000481,0.084922
33906,554,348.661,158,409.87,51.976749,-126.768057,-0.002119,0.08519
34205,555,596.895,299,413.78,53.264137,-127.060215,0.001733,0.08464
34482,556,440.872,277,417.26,54.354104,-127.498813,-0.006195,0.086687
34726,557,412.933,244,420.71,58.53365,-127.825985,-0.000251,0.086957
34894,558,322.385,168,423.15,58.801025,-127.810149,0.004403,0.086013
35087,559,350.341,193,425.86,55.290056,-128.09302,0.005305,0.084407
35281,560,351.277,194,428.62,49.51637,-128.563157,-0.000453,0.084763
35454,561,321.982,173,431.09,52.604563,-128.633141,0.00137,0.084369
35603,562,291.763,149,433.07,56.047987,-128.609203,-0.000286,0.084399
35733,563,265.259,130,434.68,52.161942,-128.927039,-0.001753,0.084797
35879,564,289.088,146,436.55,54.076336,-128.711186,-0.000919,0.085068
36028,565,300.594,149,438.5,52.721849,-128.857034,0.00873,0.0833
36252,566,375.344,224,441.45,49.307234,-128.814313,0.000897,0.082924
36380,567,265.988,128,443.08,48.877188,-129.023974,0.000793,0.082749
36531,568,294.721,151,445.13,58.515066,-128.910175,0.007328,0.081462
36679,569,285.123,148,447.15,55.471985,-129.061165,0.008683,0.079676
36817,570,273.324,138,449.1,52.505357,-129.041421,0.008412,0.078295
36945,571,262.742,128,450.91,48.413092,-129.524818,0.00296,0.077567
37138,572,362.324,193,453.56,58.435155,-128.991864,0.003354,0.076926
37276,573,266.179,138,455.37,48.049905,-129.140932,0.000764,0.07664
37510,574,388.266,234,458.35,50.892981,-129.620699,-0.00325,0.077744
37600,575,181.039,90,459.55,48.132455,-129.615735,0.011283,0.076516
37753,576,320.541,153,461.58,46.622298,-129.340249,0.00816,0.074789
37882,577,250.037,129,463.23,55.298355,-129.528408,0.003603,0.074266
37995,578,199.738,113,464.66,50.472351,-129.603942,0.004061,0.073581
38084,579,179.842,89,465.82,56.427994,-129.744598,0.00512,0.072961
38222,580,283.637,138,467.62,56.10222,-129.364595,0.00826,0.071481
38376,581,289.52,154,469.77,51.447752,-129.479451,0.004641,0.070567
38534,582,295.984,158,471.98,50.568152,-129.661232,0.005804,0.069423
38695,583,400.03,161,474.46,52.276188,-129.833933,-0.001212,0.06958
38841,584,278.585,146,476.71,51.177145,-129.75849,-0.003014,0.070095
38971,585,309.518,130,478.52,46.240757,-130.139579,0.003,0.06977
39110,586,333.103,139,480.52,53.900128,-130.170939,0.00796,0.068255
39247,587,325.098,137,482.59,55.210662,-130.082624,0.00112,0.067871
39401,588,360.135,154,485.04,48.535714,-130.031907,0.001574,0.06769
39517,589,248.304,116,486.86,50.859762,-129.842511,-0.008622,0.068886
39657,590,336.235,140,489.0,45.037081,-130.530565,-0.004868,0.069831
39798,591,330.431,141,491.12,53.183802,-130.613325,-0.00507,0.070788
39974,592,316.905,176,493.77,49.633758,-130.691379,-0.002655,0.071412
40122,593,371.519,148,497.31,53.485824,-130.33663,-0.005783,0.072716
40224,594,211.068,102,498.77,48.233905,-130.961924,-0.000532,0.072891
40422,595,390.811,198,501.68,48.401938,-130.629335,-0.002991,0.07366
40583,596,343.532,161,504.29,50.569841,-131.076017,-0.003132,0.074268
40745,597,346.97,162,506.73,52.904945,-131.052539,-0.005949,0.075653
40896,598,351.302,151,509.11,50.868923,-130.753271,0.003581,0.074988
41068,599,420.45,172,512.1,50.32456,-131.345624,0.001524,0.074689
41268,600,391.721,200,515.44,45.987334,-131.074138,-0.001022,0.07477
41441,601,378.956,173,518.57,41.642012,-131.426682,-0.004855,0.075952
41680,602,482.756,239,522.73,51.128414,-131.495167,-0.003524,0.077215
41921,603,532.296,241,526.57,46.514907,-131.918421,0.001866,0.076587
42150,604,444.694,229,530.26,48.41049,-132.460585,-0.006338,0.078575
42315,605,338.447,165,532.56,50.707338,-132.626,-0.004897,0.079721
42535,606,425.448,220,535.66,45.248296,-132.948765,-0.003554,0.080876
42724,607,405.517,189,538.18,44.186592,-132.956835,-0.003869,0.081847
42936,608,408.534,212,540.76,47.400177,-133.156099,-0.003486,0.082903
43171,609,431.138,235,543.85,49.376487,-133.730339,-0.004132,0.084201
43402,610,419.228,231,547.04,44.83503,-134.09787,-0.003559,0.085388
43811,611,633.892,409,552.44,44.839273,-134.62605,-0.003188,0.087244
43978,612,339.554,167,554.8,45.350968,-135.172043,-0.001793,0.087453
44176,613,372.192,198,557.58,46.259442,-135.873312,-0.003218,0.088557
44374,614,394.71,198,560.34,47.270357,-136.1678,-0.002973,0.089328
44603,615,437.761,229,563.27,46.140393,-136.419652,-0.000248,0.089477
44829,616,457.021,226,566.31,45.55678,-136.981743,-0.001495,0.089914
44996,617,345.805,167,568.46,42.673862,-137.159368,-0.00458,0.090864
45019,618,31.916,23,568.73,51.577296,-137.303841,0.016878,0.090677
45166,619,304.307,147,570.5,51.782768,-137.884488,-0.001264,0.090794
45331,620,342.198,165,572.56,49.85268,-137.680882,0.00466,0.089657
45518,621,330.464,187,575.27,48.655598,-138.252147,0.000208,0.089525
45655,622,299.569,137,577.22,45.14315,-138.011306,0.004994,0.088635
45804,623,326.848,149,579.27,47.404904,-137.995676,0.000337,0.088506
45955,624,310.609,151,581.39,41.423978,-138.543221,-0.000227,0.088419
46087,625,276.721,132,583.23,51.374666,-138.595838,-0.005434,0.089588
46231,626,304.773,144,585.25,47.54048,-138.905755,0.001699,0.089264
46352,627,243.977,121,586.85,43.682741,-138.862863,0.008404,0.087963
46489,628,274.028,137,588.62,43.793676,-138.857691,0.00535,0.086689
46626,629,266.122,137,590.34,44.455672,-139.198404,-0.004249,0.087232
46754,630,255.516,128,592.26,45.528126,-139.565428,0.000707,0.087387
46882,631,258.626,128,594.16,40.909791,-139.428869,0.008693,0.085791
47034,632,296.887,152,596.4,45.887315,-139.61182,0.003746,0.085007
47156,633,292.901,122,598.22,51.795528,-139.589501,-0.005433,0.085833
47309,634,289.359,153,600.55,48.127295,-139.293658,0.008928,0.084023
47449,635,267.702,140,602.66,48.772839,-139.733602,0.001198,0.083767
47590,636,277.996,141,604.61,50.335761,-139.537968,0.005287,0.082566
47725,637,338.148,135,606.48,42.102516,-139.668101,0.004185,0.081789
47840,638,261.336,115,608.1,49.399831,-140.006653,-0.004052,0.082528
47968,639,311.522,128,610.07,49.569168,-139.613881,-0.000452,0.082967
48094,640,250.101,126,612.07,44.84748,-139.59496,0.006117,0.081553
48235,641,353.068,141,614.24,54.153751,-139.868948,0.005193,0.080614
48362,642,298.285,127,616.12,44.979798,-139.87318,0.003848,0.079962
48481,643,278.056,119,617.88,44.761755,-139.688274,0.008138,0.078707
48602,644,291.211,121,619.73,44.698895,-140.082747,0.00077,0.078616
48734,645,332.078,132,621.87,46.246295,-139.77685,-0.001341,0.078672
48855,646,283.913,121,623.82,48.303928,-139.878482,-0.002257,0.079251
48976,647,297.962,121,625.75,42.119088,-139.630773,0.004152,0.078537
49096,648,287.65,120,627.73,53.168654,-139.90342,0.008599,0.077046
49215,649,284.88,119,629.57,42.869971,-139.624001,0.004299,0.076345
49343,650,277.557,128,631.39,42.429781,-140.629325,0.006293,0.075304
49466,651,303.536,123,633.15,52.549797,-140.013639,0.010671,0.073386
49585,652,284.388,119,634.91,45.982315,-139.975218,0.002883,0.072857
49707,653,295.372,122,636.76,45.197632,-140.054626,0.000638,0.072789
49831,654,304.668,124,638.66,42.387872,-139.80718,-0.004897,0.073565
49949,655,287.655,118,640.46,45.947361,-140.46337,0.004446,0.073069
50073,656,302.636,124,642.97,50.225538,-139.266317,-0.00217,0.07312
50199,657,308.169,126,644.79,41.36215,-139.788349,0.008564,0.071934
50321,658,297.901,122,646.6,46.316462,-139.786243,0.001427,0.071468
50441,659,293.454,120,648.38,47.52178,-140.094152,0.001956,0.071281
50565,660,314.914,124,650.22,43.43389,-139.935545,0.002547,0.07079
50683,661,286.435,118,651.8,42.546349,-139.706024,0.001089,0.070642
50806,662,297.975,123,653.51,42.891367,-140.514199,0.003993,0.069974
50926,663,292.078,120,655.15,40.698318,-140.202049,0.004575,0.06917
51046,664,291.084,120,656.85,40.37049,-140.458134,0.004821,0.068412
51166,665,293.466,120,658.59,42.520586,-140.101882,0.004104,0.067867
51292,666,307.142,126,660.39,48.287369,-139.560531,0.000708,0.067598
51421,667,318.162,129,662.17,48.465068,-140.26652,-0.00543,0.068592
51548,668,313.665,127,663.92,42.071262,-139.882935,-0.002403,0.068875
51670,669,299.676,122,665.45,39.856728,-140.336485,-0.000307,0.0691
51794,670,304.35,124,667.18,40.050076,-140.061107,0.003154,0.068555
51917,671,301.922,123,668.87,39.812218,-140.536919,0.001083,0.068325
52037,672,294.593,120,670.58,40.091089,-140.14689,-0.000886,0.06841
52158,673,296.662,121,672.13,39.501015,-140.132968,-0.002931,0.068881
52277,674,293.838,119,673.64,37.84301,-140.158229,-0.002494,0.069463
52396,675,292.244,119,675.14,39.009571,-140.500188,-0.002558,0.069791
52534,676,332.451,138,677.03,39.842133,-140.791642,-0.003953,0.070734
52658,677,294.561,124,678.82,41.27453,-140.171946,-0.004375,0.071557
52785,678,305.38,127,680.64,33.824091,-140.133414,0.002669,0.070978
52912,679,306.044,127,682.43,40.927928,-140.247165,0.00019,0.071075
53188,680,450.258,276,686.51,37.9983,-140.753969,-0.000293,0.071115
53315,681,289.581,127,688.32,37.620012,-140.408224,-0.004494,0.07202
53464,682,373.607,149,690.38,40.252573,-140.587259,0.000636,0.071872
53629,683,421.137,165,692.49,41.169569,-140.739955,-0.003054,0.072684
53842,684,521.764,213,695.19,36.856082,-141.200381,0.002502,0.071868
54025,685,479.26,183,697.7,42.660017,-140.98589,-0.004955,0.073062
54181,686,380.684,156,699.91,44.585742,-140.819219,-0.003504,0.074135
54353,687,436.502,172,702.23,35.484867,-141.273913,0.003623,0.073062
54484,688,283.744,131,704.08,34.599332,-140.978107,-0.001771,0.073457
54627,689,337.398,143,706.1,39.951152,-141.355597,0.001035,0.073277
54768,690,285.815,141,708.11,39.966384,-141.453351,-0.001213,0.073351
54971,691,511.394,203,711.0,39.536042,-141.625618,-0.003867,0.074723
55162,692,479.436,191,713.65,40.865889,-141.753415,-0.001647,0.075182
55339,693,443.554,177,715.91,38.391151,-141.281025,-0.002135,0.075775
55505,694,404.43,166,718.13,40.988861,-141.729881,0.001759,0.075421
55667,695,391.415,162,720.3,37.771576,-141.845972,-0.003369,0.076021
55795,696,298.44,128,721.9,36.224348,-141.711226,0.001895,0.075776
55922,697,280.465,127,723.49,35.491601,-141.919949,-0.002334,0.076092
56082,698,388.815,160,725.59,38.160469,-141.92701,-0.00397,0.076866
56214,699,310.592,132,727.49,40.135857,-142.189663,-0.00242,0.077429
56376,700,402.502,162,729.82,41.852008,-141.849705,0.004565,0.076569
56518,701,350.247,142,731.77,42.349076,-141.870865,-0.003996,0.0773
56620,702,223.36,102,733.2,36.676909,-142.385596,0.003716,0.076724
56752,703,311.901,132,735.03,35.325003,-142.500734,0.002485,0.07612
56877,704,301.519,125,736.78,42.529261,-142.152303,0.006278,0.07528
57018,705,336.946,141,738.67,36.085769,-141.748899,-0.002662,0.075494
57152,706,310.104,134,740.43,38.21729,-142.509286,-0.000621,0.075723
57279,707,301.008,127,742.03,39.415992,-142.824067,0.00436,0.075088
57407,708,300.456,128,743.73,38.980423,-142.051419,-0.003167,0.075475
57533,709,298.5,126,745.39,36.139021,-142.457665,-0.001434,0.075917
57631,710,220.28,98,746.69,40.321291,-142.450123,0.004367,0.075307
57738,711,248.522,107,748.11,36.612069,-142.067427,0.007492,0.074131
57832,712,203.183,94,749.36,37.976632,-142.487485,-0.000201,0.074237
57952,713,280.291,120,751.01,38.572215,-141.756203,-0.00503,0.074915
58065,714,266.197,113,752.56,42.005348,-142.252048,-0.001311,0.07524
58177,715,259.623,112,754.07,33.266628,-142.407432,-0.005446,0.075905
58290,716,266.494,113,755.69,43.746606,-142.325367,-0.003455,0.076446
58443,717,397.85,153,757.94,40.549247,-142.347474,0.002469,0.076159
58591,718,373.116,148,760.16,33.879986,-142.217054,0.007463,0.074568
58709,719,276.041,118,761.65,34.314675,-142.4616,0.001252,0.07449
58836,720,302.814,127,763.42,37.979074,-142.112122,0.000541,0.074241
58971,721,322.57,135,765.16,34.070634,-142.236756,0.00135,0.073949
59095,722,287.492,124,766.82,39.660789,-142.734201,-0.003663,0.074538
59214,723,280.443,119,768.42,39.132298,-142.516546,0.000382,0.074525
59341,724,301.539,127,770.22,33.967304,-142.856423,0.005482,0.07362
59460,725,284.122,119,771.79,37.395228,-142.266436,0.001022,0.073524
59584,726,311.095,124,773.45,36.248065,-142.187783,0.001776,0.073222
59731,727,398.015,147,775.48,34.544609,-142.611566,6e-06,0.073207
59861,728,307.307,130,777.32,39.188975,-142.541194,0.006728,0.071997
60012,729,378.124,151,780.17,34.762624,-142.575979,0.000659,0.071873
60119,730,252.338,107,781.65,42.851292,-142.627953,-0.003971,0.072279
60244,731,283.242,125,783.35,37.506874,-142.011822,0.000156,0.072371
60359,732,272.896,115,784.96,35.689412,-142.582531,-0.006012,0.073288
60470,733,248.176,111,786.57,42.65857,-141.838861,-0.005345,0.074199
60587,734,260.429,117,788.16,41.497505,-142.531168,-0.000737,0.074249
60723,735,293.71,136,789.92,39.502938,-142.667671,0.006151,0.073344
60857,736,295.99,134,791.61,36.922759,-142.293227,-0.002519,0.073596
60982,737,289.291,125,793.18,43.038186,-142.602921,0.000527,0.073618
61109,738,290.569,127,794.84,35.294551,-142.451353,0.003071,0.072961
61228,739,279.471,119,796.38,42.168922,-142.644143,0.009056,0.071615
61349,740,274.05,121,797.99,35.337822,-141.92921,-0.004779,0.072322
61474,741,301.125,125,799.64,32.79588,-142.524686,0.007224,0.071154
61592,742,261.66,118,801.29,30.145324,-141.8687,0.004336,0.070409
61720,743,298.83,128,803.06,40.904125,-142.368013,0.000873,0.070212
61845,744,280.438,125,804.79,33.010383,-142.115056,-0.008274,0.071489
61987,745,329.482,142,806.82,35.576565,-142.405201,-0.000598,0.071586
62120,746,301.969,133,808.71,33.074104,-141.998754,-0.003841,0.072362
62252,747,299.638,132,810.49,36.077548,-142.128399,-0.003739,0.072985
62515,748,610.631,263,813.76,34.278723,-142.087282,0.002769,0.07214
62734,749,546.118,219,816.7,35.079875,-142.482063,0.004308,0.070798
62868,750,300.357,134,818.57,36.055372,-141.788449,0.003286,0.070307
63059,751,489.609,191,820.88,33.963214,-142.687933,-0.001229,0.07055
63203,752,325.217,144,822.63,39.973437,-143.011968,-0.003686,0.071339
63420,753,566.711,217,825.54,34.767613,-142.674053,0.001786,0.070596
63530,754,171.627,110,827.05,38.866279,-142.618435,-0.001808,0.070967
63710,755,367.793,180,829.53,37.231908,-142.896783,0.000758,0.070841
63846,756,264.425,136,831.42,34.087735,-142.516609,0.000139,0.070811
64067,757,554.609,221,834.74,38.328368,-142.963477,0.000229,0.070795
64364,758,675.378,297,839.28,38.741298,-142.287188,0.002979,0.069547
64564,759,348.744,200,842.39,38.372011,-142.371029,0.004923,0.068211
64810,760,583.84,246,846.16,34.565274,-142.752737,0.000569,0.068024
65032,761,450.432,222,849.37,37.955383,-142.74863,-0.000166,0.068111
65211,762,412.631,179,852.23,32.050075,-142.738075,0.004115,0.067133
65484,763,525.383,273,856.42,35.73427,-142.948936,-0.001187,0.067484
66040,764,1206.028,556,864.56,35.871973,-143.308066,0.001058,0.066725
66223,765,390.635,183,867.64,31.92436,-143.574204,0.000354,0.066537
66827,766,1386.607,604,877.47,32.09042,-143.399138,-0.000412,0.066914
66980,767,337.965,153,880.07,31.567911,-143.632886,-0.000188,0.066905
67108,768,205.04,128,882.3,35.273134,-143.835666,0.001282,0.066894
67232,769,212.186,124,884.29,30.817056,-144.29829,-0.001322,0.06708
67584,770,670.118,352,889.65,32.743469,-143.921664,-0.001147,0.067493
67967,771,656.087,383,894.98,31.102215,-144.211557,-0.004216,0.069733
68121,772,331.03,154,896.87,37.839207,-144.972592,0.001484,0.069429
68949,773,1219.385,828,907.85,34.544025,-144.787874,-0.000277,0.069725
69355,774,599.011,406,913.66,35.276503,-145.422782,-0.002017,0.071048
69725,775,688.661,370,918.41,35.607747,-145.667932,-0.003765,0.07301
69850,776,189.58,125,920.07,36.118866,-146.59637,-0.001919,0.07328
70018,777,394.196,168,928.21,37.219576,-146.148608,-0.000875,0.073359
70169,778,331.855,151,930.27,41.308012,-146.324843,0.001444,0.073197
70876,779,1351.262,707,939.93,35.582914,-146.899052,0.002941,0.070326
71876,780,1952.732,1000,953.8,34.80545,-148.254184,0.000575,0.069594
72295,781,942.266,419,960.1,31.510698,-149.227036,-0.000524,0.069839
72471,782,471.336,176,962.63,33.027223,-149.494878,-9.8e-05,0.069859
73011,783,1142.364,540,970.24,32.159938,-150.101215,0.000721,0.06917
74011,784,2242.715,1000,985.06,32.50607,-150.617915,0.000121,0.068898
74631,785,1444.79,620,994.34,32.868543,-151.7347,0.001349,0.067966
74998,786,1001.461,367,999.77,33.213706,-152.340686,0.002246,0.066775
75644,787,1717.324,646,1009.79,32.798999,-152.795148,0.000114,0.066692
75999,788,1083.6,355,1014.92,32.142204,-153.47989,-0.000837,0.06709
76409,789,1156.691,410,1020.63,33.020325,-153.446149,2e-05,0.067038
76625,790,682.792,216,1023.82,30.349156,-153.483762,0.003264,0.0659
76865,791,736.938,240,1026.93,36.180996,-153.598122,-0.00081,0.06628
77075,792,588.257,210,1029.61,34.006794,-153.90358,-7.9e-05,0.066404
77255,793,518.899,180,1032.1,33.626646,-153.645876,0.001648,0.06588
77509,794,784.887,254,1035.54,29.451042,-154.104503,0.003276,0.064854
77755,795,762.237,246,1038.94,31.325142,-154.099177,-0.003604,0.065778
78062,796,814.853,307,1043.43,32.175786,-153.68926,0.000778,0.065726
78339,797,769.831,277,1047.44,33.849589,-154.542966,-0.00138,0.066196
78644,798,882.99,305,1051.58,29.713776,-154.259184,0.002009,0.065155
78910,799,753.961,266,1055.18,32.233865,-154.465213,-0.004315,0.066878
79116,800,608.486,206,1057.76,34.934165,-154.612358,-0.000305,0.067076
79294,801,512.411,178,1060.01,28.776066,-154.691918,0.005645,0.065642
79504,802,609.896,210,1063.01,28.061487,-154.892699,0.001731,0.065095
79717,803,624.661,213,1066.15,32.055378,-154.783066,-0.000307,0.065163
79901,804,555.692,184,1068.7,30.218292,-154.65893,-0.001497,0.065516
80128,805,669.482,227,1073.37,36.657584,-154.774507,0.000138,0.065619
80318,806,561.198,190,1075.98,29.14654,-154.868723,-0.000333,0.065712
80565,807,779.58,247,1079.09,27.560796,-155.283356,0.003909,0.064197
80836,808,798.216,271,1082.76,28.669059,-155.362997,-0.003516,0.065577
81065,809,689.873,229,1085.9,28.582744,-155.65774,-0.00158,0.066108
81314,810,707.115,249,1089.12,28.116255,-155.791482,0.003314,0.064983
81541,811,686.629,227,1092.74,29.355009,-155.656703,-0.003578,0.065966
81781,812,738.512,240,1096.19,31.162397,-155.877508,0.002472,0.065222
81893,813,268.574,112,1097.69,29.723294,-156.082696,-0.002036,0.065492
82005,814,270.372,112,1099.19,29.434197,-156.088008,0.00276,0.065114
82292,815,855.422,287,1103.11,30.47675,-156.397567,0.001557,0.064439
82524,816,680.468,232,1106.33,29.922181,-156.618497,-0.002508,0.065293
82868,817,1077.362,344,1111.22,27.188885,-156.72729,0.002257,0.064245
83004,818,313.432,136,1113.03,31.198982,-156.911736,0.005129,0.063142
83229,819,652.585,225,1116.21,30.096954,-157.52322,-0.002796,0.064092
83551,820,990.574,322,1120.78,28.466716,-157.769055,0.000853,0.063718
83800,821,715.859,249,1124.49,27.703041,-157.962179,-0.000532,0.063837
84169,822,1160.577,369,1129.12,30.114812,-157.923451,-0.003644,0.065854
84491,823,975.892,322,1133.42,31.627989,-158.470358,-0.001917,0.066646
84948,824,1381.409,457,1139.37,30.494627,-159.081196,-0.000731,0.067165
85191,825,704.435,243,1142.86,25.864871,-159.845693,-0.003415,0.068483
86004,826,2210.938,813,1154.1,30.797248,-160.445815,0.00113,0.067163
86420,827,1244.1,416,1159.41,29.044088,-161.266064,-0.000678,0.067386
86843,828,1249.425,423,1165.28,29.000516,-161.889366,-9.4e-05,0.06749
87364,829,1450.262,521,1172.61,28.367145,-162.489127,-0.001724,0.068906
87896,830,1399.856,532,1179.3,29.237899,-163.551562,-0.004489,0.072569
87918,831,21.989,22,1179.58,17.357123,-163.499867,0.006132,0.072302
88166,832,674.611,248,1182.88,28.662518,-164.338963,-0.001768,0.072809
88909,833,2094.474,743,1192.77,30.062343,-164.726521,0.002794,0.06984
89345,834,1232.224,436,1199.47,32.186573,-165.416488,-0.002949,0.071707
89708,835,1015.928,363,1205.02,31.445106,-165.563678,-0.00022,0.072084
89732,836,26.767,24,1205.39,22.425645,-166.799174,0.005333,0.071758
90375,837,1671.103,643,1220.44,27.98098,-166.287736,0.001553,0.07031
90786,838,1154.063,411,1226.54,30.633038,-166.845541,0.002301,0.068813
90809,839,24.536,23,1226.86,30.41593,-166.581043,-0.004493,0.068953
91172,840,1031.713,363,1232.83,27.351485,-166.918278,0.000953,0.068646
91441,841,810.121,269,1237.33,30.28637,-167.19936,0.00276,0.06742
91660,842,614.598,219,1240.96,27.681014,-167.653108,0.000911,0.066994
92221,843,1540.748,561,1249.69,29.465106,-168.01751,2e-06,0.067056
92506,844,854.427,285,1253.8,26.439632,-168.108453,0.000179,0.067008
92683,845,485.935,177,1256.34,33.603285,-168.046729,0.000286,0.066875
92945,846,769.484,262,1259.75,30.199089,-168.03708,0.002643,0.065857
93204,847,717.541,259,1263.03,30.100968,-168.483143,-0.002328,0.06656
93664,848,1347.817,460,1268.89,28.995452,-168.917633,0.000475,0.066467
93917,849,701.143,253,1272.37,25.095791,-169.422404,-0.000482,0.06655
94175,850,803.902,258,1276.1,28.720357,-169.514808,-0.00264,0.067754
94419,851,676.746,244,1279.54,27.19128,-169.562328,-0.000102,0.067757
94679,852,805.573,260,1283.17,31.064918,-169.730408,-0.000122,0.06785
94926,853,671.868,247,1286.74,36.701819,-169.734647,0.002171,0.067085
95137,854,607.667,211,1289.47,29.927901,-170.233523,0.00309,0.066087
95350,855,629.92,213,1292.24,28.685064,-170.567786,-0.00154,0.066583
95579,856,678.92,229,1295.37,31.125078,-170.243655,-0.002278,0.067402
95927,857,1043.522,348,1300.23,27.217996,-170.62136,-0.000762,0.067637
96309,858,1197.201,382,1305.75,30.836429,-171.232785,-0.001711,0.06863
96659,859,1038.481,350,1310.44,26.267785,-171.663821,-0.003878,0.070634
96976,860,955.788,317,1315.08,25.472156,-171.696306,0.000727,0.070356
97191,861,706.452,215,1318.2,26.621879,-172.449925,0.001352,0.06993
97428,862,726.447,237,1321.77,24.35675,-172.671731,-0.000946,0.070135
97763,863,1080.9,335,1326.3,31.424347,-172.800486,0.00043,0.07018
97997,864,756.378,234,1329.68,29.219848,-173.267956,0.000972,0.069763
98246,865,774.878,249,1333.24,30.256284,-173.477914,-0.004594,0.071409
98464,866,698.381,218,1336.38,29.857581,-173.435137,-0.001166,0.071773
98705,867,711.514,241,1340.08,27.267851,-173.994347,0.000249,0.0719
98959,868,804.727,254,1344.04,30.528202,-173.957936,-0.001103,0.072361
99211,869,825.735,252,1347.84,27.751224,-174.234804,0.001278,0.071669
99601,870,1233.869,390,1353.6,28.705355,-174.686673,0.001455,0.070914
99845,871,776.346,244,1357.5,28.809111,-174.886128,-0.003003,0.071922
100077,872,753.673,232,1362.6,31.090376,-175.159879,0.00103,0.071506
100281,873,626.967,204,1365.76,30.897144,-175.687148,-0.001341,0.071965
100477,874,607.421,196,1368.74,23.782535,-175.398508,-0.003807,0.073013
100709,875,751.224,232,1372.04,27.837829,-175.532615,-0.002623,0.074031
100945,876,781.474,236,1375.07,25.83045,-176.085507,0.00199,0.07335
101372,877,1395.762,427,1381.2,31.265053,-176.468642,-0.001648,0.074472
101629,878,819.487,257,1384.76,31.096987,-177.097078,0.001453,0.07394
101886,879,863.294,257,1388.34,28.502025,-177.473214,-0.000778,0.074157
102285,880,1286.816,399,1393.51,30.774758,-178.045323,-0.001372,0.074949
102489,881,643.885,204,1396.18,30.522075,-178.173935,-0.004024,0.076292
102827,882,1107.451,338,1400.82,27.626627,-178.520354,0.001356,0.075513
103074,883,797.404,247,1404.28,33.813453,-178.734048,0.002235,0.074729
103306,884,760.541,232,1407.55,29.533301,-179.165456,0.000901,0.074475
103547,885,794.633,241,1411.05,25.371053,-179.484224,0.00038,0.074325
103790,886,809.596,243,1414.23,27.738173,-180.338662,-0.001169,0.07479
104070,887,862.387,280,1417.88,29.737281,-180.635041,-0.001792,0.075511
104467,888,1320.423,397,1422.92,27.834229,-180.710302,0.00229,0.074173
104788,889,1046.745,321,1427.4,29.090248,-181.604632,-0.001127,0.074546
105026,890,790.762,238,1430.97,26.571044,-182.144867,0.002019,0.073936
105359,891,1119.736,333,1435.58,29.526783,-182.465481,-0.002039,0.074939
105643,892,902.924,284,1439.42,31.812984,-182.743312,0.000745,0.074658
106000,893,1131.966,357,1444.01,31.958101,-182.671801,0.001443,0.073952
106248,894,802.463,248,1447.31,32.556173,-183.315196,-0.000199,0.073906
106500,895,854.109,252,1450.78,28.221539,-183.866387,0.000675,0.073766
106763,896,872.207,263,1454.34,27.256027,-184.045255,-0.002423,0.074527
107027,897,875.951,264,1458.13,28.326013,-184.186631,-0.000597,0.074995
107488,898,1454.479,461,1464.34,30.034131,-184.787424,-0.000875,0.075565
107774,899,915.719,286,1468.38,29.571188,-185.444904,-0.001317,0.075955
108135,900,1189.42,361,1473.28,26.523851,-185.829033,0.000323,0.075883
108465,901,1085.711,330,1478.03,27.910994,-185.742168,-0.002137,0.076901
108807,902,1109.186,342,1482.77,27.986378,-187.299696,-2.6e-05,0.076996
109202,903,1278.11,395,1488.19,27.325229,-187.325826,-0.001608,0.077913
109382,904,326.225,180,1490.62,29.035538,-187.665019,0.000239,0.078031
109674,905,931.032,292,1494.27,25.377543,-188.209325,-0.001615,0.078522
110259,906,1924.14,585,1504.83,30.584842,-188.550371,0.001236,0.077479
110523,907,851.151,264,1508.63,30.482564,-189.188526,0.001859,0.076916
110850,908,1071.28,327,1513.01,33.078942,-189.903936,-0.001186,0.077301
111118,909,855.804,268,1516.78,29.546952,-189.866677,0.000122,0.077474
111498,910,1237.428,380,1521.68,33.027102,-190.509827,-0.000145,0.077495
111840,911,1105.731,342,1526.26,27.863432,-190.711558,-0.000614,0.077901
112522,912,2196.434,682,1535.71,28.617462,-191.428877,-0.000167,0.077856
112818,913,935.908,296,1539.56,29.075731,-191.964582,0.001966,0.077092
113142,914,1036.947,324,1543.66,30.448058,-192.466576,0.000549,0.076788
113580,915,1375.092,438,1549.52,31.172979,-192.796283,-0.000959,0.07729
113889,916,958.022,309,1554.07,29.689362,-193.05536,0.000529,0.077119
114156,917,825.234,267,1557.76,27.445837,-192.906822,-0.000752,0.077425
114451,918,924.579,295,1562.31,28.36994,-193.702436,0.00169,0.076679
114703,919,817.158,252,1566.06,28.023268,-194.124242,-0.00131,0.07712
115059,920,1059.355,356,1571.58,30.225154,-194.085027,-0.002152,0.078467
115347,921,882.859,288,1575.82,27.69346,-194.380407,-0.001307,0.079003
115643,922,922.664,296,1580.02,31.901514,-194.496121,-0.000349,0.079139
115936,923,900.284,293,1584.8,27.604725,-194.915917,0.000793,0.078825
116376,924,1380.613,440,1592.16,27.113155,-195.685782,-0.002939,0.080774
116636,925,831.418,260,1596.79,31.508974,-195.705985,-0.004724,0.082603
116909,926,868.28,273,1601.23,26.651438,-196.407653,-0.000358,0.082864
117401,927,1545.801,492,1608.81,27.517511,-196.088238,0.001131,0.082037
117678,928,851.694,277,1612.97,28.319262,-196.833068,0.0022,0.081155
118064,929,1246.99,386,1617.96,28.077839,-196.835252,0.001171,0.080467
118367,930,932.325,303,1621.95,25.888418,-197.250686,-0.000215,0.080662
118633,931,868.227,266,1625.44,27.100373,-197.127793,-0.003198,0.081747
118982,932,1111.177,349,1630.08,24.10177,-197.488493,-0.000424,0.08205
119271,933,884.288,289,1634.18,25.685882,-197.910218,-0.004616,0.083936
119618,934,1136.061,347,1638.93,26.576391,-198.071962,-5.9e-05,0.084173
119915,935,944.45,297,1642.96,25.026976,-198.689131,0.001207,0.08368
120187,936,887.645,272,1649.05,27.769941,-198.785768,0.00271,0.082528
120882,937,2225.604,695,1658.31,27.031772,-198.978426,-0.001073,0.08369
121674,938,2497.086,792,1669.31,23.913152,-199.691017,-0.000318,0.083957
122674,939,2913.362,1000,1683.92,27.019772,-200.424398,0.00102,0.082482
122949,940,852.519,275,1688.0,27.444601,-201.380718,-0.001972,0.083352
123272,941,941.656,323,1692.34,25.544398,-201.519334,-0.00364,0.085233
123566,942,881.959,294,1696.69,24.799574,-201.856112,0.003865,0.083499
124437,943,2755.253,871,1709.73,25.892958,-202.134405,0.000905,0.081954
124692,944,731.466,255,1713.71,25.780746,-202.861465,-0.002296,0.083122
124989,945,915.306,297,1718.16,27.167477,-203.117669,0.001229,0.082516
125550,946,1706.919,561,1726.54,24.376026,-203.176366,-0.000477,0.082975
125827,947,768.236,277,1730.96,29.718644,-203.542355,-0.001294,0.083598
126332,948,1488.681,505,1737.99,28.577417,-203.745555,0.001257,0.082676
126580,949,723.431,248,1741.41,23.006242,-203.992438,-0.003838,0.083884
126829,950,721.065,249,1744.97,28.565896,-204.181348,0.006108,0.081799
127125,951,872.768,296,1748.78,27.280377,-204.562067,-0.003019,0.082938
128053,952,2758.184,928,1761.2,25.213572,-204.583803,-0.000361,0.083457
128373,953,939.104,320,1765.81,24.395092,-204.954485,0.000377,0.083433
129373,954,3095.37,1000,1779.3,27.630148,-205.627835,0.000607,0.082414
129655,955,795.242,282,1783.05,25.324681,-205.976788,-0.001397,0.082996
129954,956,864.131,299,1787.39,27.902806,-206.258245,0.003349,0.081558
130447,957,1383.325,493,1795.87,26.374272,-206.509381,-0.001971,0.083098
130706,958,717.46,259,1799.14,27.71205,-206.383506,0.00091,0.08274
131368,959,1881.637,662,1807.56,27.148947,-206.96658,0.000484,0.082102
132368,960,2711.092,1000,1821.24,26.569852,-207.418049,0.00129,0.080215
132859,961,1381.128,491,1827.79,22.691424,-208.232119,0.00075,0.079637
133859,962,2874.651,1000,1841.88,26.611653,-208.415009,5.1e-05,0.079475
134659,963,2537.591,800,1852.72,26.903601,-208.794521,0.001201,0.078066
134984,964,1034.508,325,1857.16,26.822485,-209.209614,0.000501,0.077764
135984,965,3044.341,1000,1871.03,25.971717,-209.632157,-0.000886,0.079246
136783,966,2254.759,799,1881.45,26.885246,-210.26249,0.00057,0.078501
137657,967,2472.379,874,1894.04,25.062297,-210.94039,-0.000348,0.07907
138657,968,2974.761,1000,1906.96,26.061111,-211.188421,0.000461,0.078348
138908,969,731.16,251,1910.41,26.759079,-211.996992,-0.000623,0.078399
139908,970,2976.21,1000,1925.28,23.935778,-212.534178,0.000947,0.077152
140221,971,967.695,313,1934.23,25.561324,-213.042073,-0.002638,0.078301
141221,972,3055.731,1000,1950.31,24.66254,-213.494936,0.000411,0.07771
141453,973,748.643,232,1954.09,24.80322,-213.641975,0.000821,0.077402
141986,974,1718.68,533,1962.93,28.977396,-214.057812,-0.00171,0.078994
142986,975,3044.283,1000,1978.05,26.891287,-214.445022,-0.000485,0.079634
143586,976,1815.001,600,1985.64,25.782318,-215.454187,0.002603,0.077131
144253,977,2199.884,667,1994.8,24.840682,-215.607671,-0.001063,0.078112
144525,978,909.737,272,1998.69,26.534295,-216.478937,-0.002552,0.079218
145251,979,2326.989,726,2008.58,23.854996,-216.410001,0.001833,0.077381
145516,980,885.63,265,2011.93,23.689493,-216.461432,-0.000638,0.077473
145760,981,820.527,244,2015.22,25.079777,-216.790672,-0.003152,0.07852
146057,982,982.366,297,2019.46,25.354163,-217.187221,0.001262,0.078154
146289,983,750.776,232,2022.82,28.45235,-217.166454,0.004928,0.076382
146700,984,1262.987,411,2028.56,28.511916,-216.949414,0.001785,0.075465
147022,985,1089.533,322,2032.97,28.989793,-217.050732,-0.002616,0.076556
147340,986,1068.368,318,2037.64,24.439305,-217.521867,-0.001034,0.077086
147594,987,847.052,254,2041.45,25.465713,-217.144807,-0.001356,0.077596
147870,988,928.597,276,2045.56,25.017759,-217.940342,0.000112,0.077558
148477,989,1863.668,607,2053.92,24.317501,-217.768072,0.002019,0.075802
148784,990,1025.304,307,2058.4,26.623693,-217.972459,0.000682,0.075519
149018,991,754.578,234,2062.07,22.749294,-218.310321,0.001455,0.074898
149413,992,1322.635,395,2068.29,24.010729,-218.056845,-0.000489,0.075217
149770,993,1135.786,357,2073.8,25.892524,-218.292269,-0.001526,0.075955
150026,994,845.212,256,2079.65,24.126296,-218.243758,-0.001716,0.076642
150250,995,739.203,224,2083.16,23.498051,-218.309691,0.001427,0.076221
150609,996,1190.589,359,2088.73,24.031015,-218.671466,-0.001733,0.077219
151074,997,1496.347,465,2095.44,22.770782,-219.003881,0.0004,0.076883
151314,998,805.004,240,2098.84,30.534732,-218.686755,-0.00059,0.077239
151627,999,970.841,313,2103.37,24.886893,-218.685532,0.000458,0.076954
151978,1000,1159.538,351,2108.25,24.101557,-219.141097,-0.002045,0.077942
152978,1001,3167.83,1000,2121.56,24.918591,-219.072619,0.000413,0.077437
153272,1002,975.867,294,2125.7,27.457018,-219.785546,0.000159,0.077065
154204,1003,2816.992,932,2138.57,22.372798,-219.900146,-2.5e-05,0.077444
155136,1004,2906.692,932,2151.52,24.874501,-220.084574,0.001102,0.075778
156041,1005,2697.592,905,2163.65,25.439584,-220.64881,-0.001104,0.077261
156471,1006,1322.621,430,2169.2,24.33472,-221.09204,-0.000379,0.077499
157019,1007,1583.192,548,2176.8,23.686508,-221.37263,-0.000746,0.078112
157489,1008,1461.976,470,2183.22,21.917123,-220.89105,0.002996,0.076181
157786,1009,926.705,297,2187.0,21.112555,-221.318744,0.001878,0.075305
158461,1010,2007.647,675,2196.13,22.386087,-221.553202,0.000934,0.074352
158960,1011,1579.497,499,2203.23,20.061789,-221.413236,0.000174,0.074322
159960,1012,2953.784,1000,2216.26,24.392061,-221.889381,-0.000739,0.075395
160668,1013,2066.891,708,2230.78,24.045013,-221.952158,0.001973,0.073273
161668,1014,2848.248,1000,2244.02,20.531,-222.568098,0.001087,0.071508
161926,1015,748.449,258,2247.52,22.049308,-222.567374,-2.8e-05,0.071539
162298,1016,1183.315,372,2252.67,25.587142,-222.914386,0.001281,0.070918
162546,1017,732.713,248,2256.15,25.474523,-222.799405,-0.003797,0.072335
162851,1018,962.497,305,2260.24,22.456491,-222.859223,-0.000386,0.07253
163102,1019,746.777,251,2263.45,22.09232,-223.092478,-0.000112,0.072657
163339,1020,706.402,237,2266.54,22.00946,-222.731236,-0.000126,0.072662
163594,1021,727.623,255,2269.82,26.635867,-222.8258,0.000539,0.072324
163845,1022,692.398,251,2273.52,24.038273,-222.470511,-0.003642,0.073769
164085,1023,631.097,240,2276.85,26.994403,-222.615011,0.000303,0.073703
164365,1024,809.32,280,2280.9,23.117318,-222.847205,0.000628,0.073511
164680,1025,943.128,315,2285.75,20.765076,-222.475039,0.001754,0.072434
165680,1026,2918.913,1000,2300.59,22.183022,-223.006676,0.001,0.070991
165950,1027,876.007,270,2304.8,23.545158,-223.28367,-0.002095,0.071864
166419,1028,1463.789,469,2312.51,21.231485,-223.193908,0.000548,0.071583
166671,1029,772.633,252,2316.85,23.027725,-223.245181,-0.003113,0.072877
167295,1030,1894.713,624,2326.81,22.297391,-223.141813,0.001465,0.071311
167603,1031,1013.051,308,2331.79,21.909974,-223.490455,0.00194,0.070484
167970,1032,1204.221,367,2336.9,22.172448,-223.650324,0.001943,0.069251
168232,1033,798.282,262,2340.35,19.359947,-223.157141,-0.00166,0.069911
168708,1034,1473.038,476,2346.43,21.87251,-223.407796,0.001202,0.069014
169185,1035,1417.063,477,2352.74,25.507457,-223.595543,-0.000957,0.069824
169784,1036,1820.651,599,2361.33,23.991207,-223.488289,0.000589,0.069345
170471,1037,2177.841,687,2374.89,22.296796,-223.817311,0.000614,0.068584
170714,1038,731.53,243,2378.04,24.389269,-223.485139,-0.000361,0.068798
171028,1039,940.867,314,2382.44,25.408511,-223.449378,0.001103,0.068329
171291,1040,811.46,263,2386.1,21.494359,-223.707591,-0.000996,0.068572
171534,1041,694.304,243,2389.5,22.408389,-223.691041,-0.000398,0.068746
172032,1042,1530.354,498,2396.91,21.061047,-223.561983,0.00063,0.068334
172507,1043,1394.547,475,2403.89,22.932536,-223.327513,0.000232,0.068145
172790,1044,936.629,283,2408.21,22.46702,-223.558096,2e-06,0.068142
173058,1045,889.419,268,2411.89,24.044384,-223.197025,0.001311,0.067603
173365,1046,968.253,307,2416.42,21.74648,-224.016472,0.003773,0.065782
174082,1047,2308.861,717,2426.21,21.574832,-223.640393,0.000266,0.065405
174641,1048,1741.079,559,2434.8,23.03105,-223.89148,0.000501,0.065111
175038,1049,1325.858,397,2440.74,19.946099,-223.626192,-0.000797,0.06551
175758,1050,2316.041,720,2451.71,21.941329,-224.184461,0.00059,0.064896
176064,1051,998.657,306,2455.77,22.787996,-224.156226,0.000748,0.06462
176427,1052,1199.578,363,2460.72,24.959426,-224.118061,0.000395,0.064216
176960,1053,1752.902,533,2468.35,20.298232,-224.287381,-0.001045,0.065161
177274,1054,976.704,314,2472.67,19.866475,-224.17425,0.000444,0.065054
178274,1055,3030.762,1000,2486.65,22.693067,-224.459706,1.8e-05,0.064957
178720,1056,1453.238,446,2493.13,23.3054,-224.272824,-0.002064,0.066317
179365,1057,2002.894,645,2501.67,22.158878,-224.826209,-0.000711,0.067107
180365,1058,3221.364,1000,2519.26,22.114261,-224.779678,0.002879,0.062814
180825,1059,1494.577,460,2525.77,21.59516,-225.211446,-0.000737,0.063333
181178,1060,1120.747,353,2530.41,21.330353,-225.230084,0.000433,0.063222
181461,1061,950.842,283,2534.18,24.26499,-225.242327,-0.000614,0.063402
181760,1062,980.092,299,2538.25,22.787737,-225.04838,-0.000966,0.06383
182045,1063,885.348,285,2542.28,21.142309,-225.528499,-2e-06,0.063832
182512,1064,1534.28,467,2548.66,23.340813,-225.361156,0.000459,0.063378
182920,1065,1362.237,408,2554.03,24.575348,-225.554917,-0.001576,0.064501
183389,1066,1524.765,469,2560.44,22.602376,-225.041423,-0.000493,0.06491
183767,1067,1257.47,378,2565.79,23.828398,-225.489625,0.000582,0.064533
184074,1068,1005.9,307,2570.22,19.326916,-225.320805,0.00032,0.064301
184384,1069,1009.316,310,2574.25,22.618652,-225.590367,0.001208,0.063868
185129,1070,2458.966,745,2584.08,20.356604,-225.689319,0.000628,0.063088
185465,1071,1151.13,336,2588.89,19.460959,-225.636168,0.000507,0.062816
186182,1072,2352.693,717,2598.97,22.108217,-225.843646,-0.000152,0.062992
186517,1073,1084.736,335,2603.25,23.789112,-225.883406,-0.000441,0.063192
186859,1074,1138.659,342,2607.6,20.972078,-225.861812,-0.00138,0.064058
187859,1075,3120.223,1000,2621.39,19.435585,-226.435843,0.000857,0.06273
188635,1076,2568.548,776,2631.4,21.183165,-226.737963,-0.00033,0.062984
189014,1077,1233.332,379,2637.17,21.87693,-226.962775,0.002375,0.061666
189302,1078,948.288,288,2641.29,24.264429,-227.323404,0.001585,0.061048
189591,1079,957.18,289,2645.81,20.673442,-226.753556,-0.001168,0.061551
190591,1080,3104.909,1000,2665.0,19.442717,-227.265496,-0.000378,0.062082
190885,1081,965.635,294,2669.91,20.06722,-227.871129,0.000271,0.062049
191493,1082,2036.862,608,2679.3,19.928422,-227.618883,0.000288,0.061709
192493,1083,3142.983,1000,2694.54,21.293863,-228.023729,-8.3e-05,0.061805
193493,1084,3131.07,1000,2708.02,22.348117,-228.292198,0.000569,0.060954
193986,1085,1684.203,493,2714.52,21.790641,-228.84668,-0.000369,0.06126
194340,1086,1155.319,354,2719.35,19.135777,-228.8363,-0.001538,0.062038
194791,1087,1479.353,451,2725.67,21.264618,-229.233956,0.000246,0.061913
195203,1088,1366.105,412,2730.94,20.04426,-229.070278,0.001824,0.060741
195983,1089,2469.962,780,2740.96,21.78276,-229.105652,0.000748,0.059858
196536,1090,1741.314,553,2748.75,19.078675,-229.440568,0.000616,0.059431
196860,1091,1047.278,324,2753.44,18.324084,-229.265332,0.002338,0.058199
197296,1092,1434.659,436,2759.88,18.243301,-229.314898,6.4e-05,0.058077
197633,1093,1119.772,337,2764.79,19.953548,-230.007131,-0.001212,0.058823
198138,1094,1733.664,505,2772.38,20.576985,-229.856038,-0.000661,0.059262
198531,1095,1286.178,393,2778.29,21.041292,-229.955862,-0.001056,0.059876
199235,1096,2309.562,704,2789.05,20.199012,-230.21233,-0.001347,0.061437
199650,1097,1402.694,415,2795.51,18.905043,-230.47269,0.002279,0.060001
200650,1098,3055.471,1000,2814.28,19.648833,-230.827921,0.000476,0.059094
200894,1099,807.771,244,2817.58,21.728854,-230.837325,-0.001628,0.059694
201358,1100,1507.985,464,2823.63,19.119461,-231.566013,0.002113,0.058394
201902,1101,1801.061,544,2831.4,20.331659,-231.427587,-0.000342,0.058702
202170,1102,909.095,268,2835.13,20.18446,-230.862632,-0.000356,0.058771
202805,1103,2079.178,635,2843.44,19.187235,-231.649091,-0.000278,0.058987
203439,1104,2065.83,634,2852.31,21.113619,-231.70365,-0.000261,0.059292
203739,1105,997.876,300,2856.73,19.631156,-232.334191,0.001214,0.058677
204060,1106,1094.594,321,2861.1,19.079812,-232.15279,0.000672,0.058416
204301,1107,783.62,241,2864.44,19.264554,-232.181382,0.000344,0.05822
204883,1108,1939.587,582,2872.44,19.657698,-232.39393,7.7e-05,0.058173
205151,1109,906.088,268,2876.16,18.334371,-232.328148,-0.000404,0.058418
205443,1110,978.905,292,2880.1,23.478576,-232.012225,-0.000577,0.058571
205894,1111,1514.837,451,2886.41,19.32752,-231.939882,0.000313,0.058321
206325,1112,1463.23,431,2891.87,19.68703,-232.520543,0.000999,0.057646
206636,1113,1004.329,311,2896.03,20.546247,-232.883834,0.000199,0.057595
206935,1114,992.805,299,2900.26,20.265488,-233.039806,-0.001039,0.058124
207269,1115,1116.172,334,2905.14,20.816152,-232.683899,0.000203,0.057967
207607,1116,1159.846,338,2909.74,18.08444,-232.750688,0.000541,0.057713
207943,1117,1094.34,336,2914.2,22.242232,-233.014231,0.000133,0.057673
208796,1118,2854.989,853,2925.97,19.274534,-233.296751,-3e-06,0.05758
209135,1119,1086.085,339,2930.74,19.739664,-233.335112,-0.002374,0.058836
209493,1120,1180.36,358,2935.68,18.86785,-233.59613,0.002818,0.057405
209875,1121,1251.377,382,2940.53,18.441202,-233.551654,-0.001669,0.058242
210267,1122,1278.187,392,2948.4,18.5234,-233.493381,-5.6e-05,0.058237
210703,1123,1433.692,436,2954.67,20.662062,-233.805006,0.002342,0.056839
211256,1124,1799.529,553,2962.21,20.404128,-234.379224,-0.000475,0.05716
212256,1125,3134.435,1000,2975.24,21.256403,-234.31018,-0.001707,0.059795
212660,1126,1281.903,404,2980.86,22.03357,-234.53024,0.001138,0.059067
212906,1127,787.907,246,2984.34,21.667667,-235.0304,0.004263,0.057543
213361,1128,1478.171,455,2989.98,17.888998,-235.071986,-0.002693,0.059441
213903,1129,1788.992,542,2998.19,18.534418,-234.874719,0.001669,0.058088
214818,1130,2941.8,915,3011.92,19.533814,-235.151324,8.1e-05,0.057899
215208,1131,1273.9,390,3017.73,19.366377,-235.703362,0.000799,0.057488
215622,1132,1365.017,414,3024.32,21.494404,-235.48624,-0.001463,0.058381
215937,1133,1028.176,315,3029.31,21.078055,-235.598823,-0.000199,0.058458
216192,1134,810.84,255,3033.16,18.554014,-235.490978,-0.000717,0.058722
216726,1135,1793.389,534,3041.92,20.258453,-235.630665,0.000776,0.057989
217726,1136,3252.049,1000,3057.25,19.076698,-235.832428,0.00122,0.056242
218036,1137,1017.35,310,3061.67,16.350353,-235.553398,-0.000383,0.056413
219036,1138,3112.959,1000,3074.51,19.522802,-236.468056,-0.000146,0.056592
219528,1139,1638.727,492,3081.3,19.197837,-236.320573,-0.001167,0.057424
219858,1140,1093.559,330,3085.92,20.646727,-236.117717,0.001952,0.0566
220858,1141,3013.724,1000,3103.82,18.289127,-236.715113,0.000524,0.05566
221033,1142,483.838,175,3106.27,20.687752,-236.479188,-0.00094,0.055999
222033,1143,3007.982,1000,3120.38,17.801444,-237.314533,-0.000611,0.056964
222420,1144,1267.573,387,3126.16,17.038769,-237.534443,0.000151,0.056841
222902,1145,1551.274,482,3133.26,17.297707,-237.837589,-8.8e-05,0.056996
223902,1146,3030.8,1000,3147.57,19.021745,-237.729855,0.000732,0.05579
224454,1147,1810.232,552,3156.33,17.866756,-238.135779,-0.000971,0.056609
225454,1148,3018.52,1000,3171.13,18.649793,-238.225465,0.000532,0.055821
225819,1149,1218.473,365,3175.84,17.730062,-238.378131,-0.000553,0.056071
226133,1150,998.124,314,3180.07,17.586777,-238.226887,-0.001025,0.056491
226917,1151,2511.645,784,3190.98,16.362882,-239.044609,6.8e-05,0.056476
227917,1152,3306.228,1000,3204.37,20.067034,-238.932806,0.001343,0.054578
228917,1153,3211.925,1000,3218.41,17.82981,-239.375609,9.1e-05,0.054429
229376,1154,1522.296,459,3224.75,17.317092,-239.557117,-0.000376,0.054524
230110,1155,2369.273,734,3236.01,17.239001,-239.843052,-0.000437,0.055035
230592,1156,1554.767,482,3242.77,19.706658,-239.695963,0.000379,0.054792
231115,1157,1760.454,523,3249.99,19.163532,-240.077601,-0.002,0.056368
231581,1158,1540.216,466,3255.96,16.935517,-240.171373,-0.000295,0.056543
232038,1159,1539.25,457,3262.32,20.1248,-240.388421,-2e-05,0.056594
232559,1160,1733.514,521,3269.73,16.252255,-240.634474,0.001027,0.055831
232835,1161,920.847,276,3273.38,19.50671,-240.480416,0.000555,0.055504
233556,1162,2367.152,721,3282.78,18.692665,-240.574882,0.001143,0.054262
234035,1163,1559.472,479,3289.63,19.23741,-241.061681,-0.000518,0.054686
235035,1164,3119.439,1000,3303.26,17.258992,-241.261925,0.00033,0.054202
235905,1165,2812.657,870,3315.25,17.63905,-241.726076,0.000217,0.053828
236314,1166,1332.636,409,3321.08,17.501367,-241.857378,-0.001562,0.054911
236813,1167,1471.644,499,3327.34,16.763272,-242.038372,-0.000785,0.055441
237641,1168,2737.603,828,3338.48,18.150855,-242.27135,0.000329,0.055059
238061,1169,1360.939,420,3344.17,18.132285,-242.51622,0.000128,0.054928
238444,1170,1294.256,383,3349.02,18.365893,-242.049177,-0.00051,0.055196
238830,1171,1320.061,386,3354.65,18.264583,-242.4942,0.001135,0.054513
239233,1172,1332.344,403,3360.46,16.196588,-242.605506,-0.001615,0.055647
239934,1173,2338.382,701,3370.61,19.189023,-242.486691,-0.000255,0.055845
240372,1174,1457.924,438,3380.81,17.848923,-242.6821,-0.00018,0.055925
241043,1175,2221.038,671,3392.29,15.525949,-242.651692,0.000141,0.055741
241564,1176,1699.526,521,3399.9,16.392823,-242.726145,0.00021,0.055807
241958,1177,1284.026,394,3406.65,17.471763,-242.982913,7.6e-05,0.055691
242357,1178,1269.357,399,3412.78,17.561794,-243.201998,0.001411,0.054991
242924,1179,1877.222,567,3420.49,15.786502,-243.241945,0.001337,0.053721
243334,1180,1308.357,410,3426.23,19.056611,-243.165871,-0.000864,0.054342
244026,1181,2279.411,692,3435.22,16.803943,-243.199874,0.000834,0.053432
244394,1182,1219.876,368,3439.87,17.870174,-243.361509,0.00106,0.05283
245060,1183,2118.56,666,3449.35,18.306238,-243.246328,-0.000812,0.053717
245807,1184,2380.943,747,3459.17,16.96987,-243.56691,-0.000652,0.05437
246470,1185,2201.113,663,3468.25,17.130086,-243.743936,0.000733,0.053674
246990,1186,1723.753,520,3475.61,17.098708,-243.860445,-0.000758,0.054286
247753,1187,2501.314,763,3486.91,16.428965,-243.883957,0.000298,0.053945
248234,1188,1521.09,481,3493.79,16.976793,-243.63467,0.000963,0.053296
249124,1189,2903.163,890,3507.13,17.554231,-244.121519,-0.001168,0.054857
249567,1190,1473.002,443,3514.03,15.637382,-244.031012,-0.000278,0.05504
249807,1191,812.687,240,3517.62,17.518254,-243.909449,0.001186,0.054549
250353,1192,1809.985,546,3530.41,17.250151,-244.125134,0.000154,0.054408
250717,1193,1195.948,364,3535.53,14.489571,-244.228083,-0.002123,0.055672
251436,1194,2364.676,719,3544.91,15.910021,-243.978076,0.000139,0.055533
251817,1195,1287.445,381,3550.06,18.43472,-244.269816,0.001075,0.054876
252224,1196,1299.07,407,3555.78,16.250039,-244.486009,-0.000273,0.055094
252618,1197,1289.084,394,3561.22,16.336266,-244.379751,-3.8e-05,0.055233
253370,1198,2483.086,752,3571.43,15.248365,-244.554243,-0.000461,0.055682
253762,1199,1292.411,392,3577.2,15.523787,-244.601645,5.6e-05,0.055617
254149,1200,1291.7,387,3582.7,17.756426,-244.696048,0.000491,0.055265
254528,1201,1251.978,379,3588.07,17.580407,-244.581296,-0.003296,0.057288
255096,1202,1815.319,568,3595.36,17.228056,-244.383306,0.001005,0.056426
255489,1203,1288.675,393,3600.81,16.430318,-244.421561,-0.000128,0.056393
255885,1204,1265.983,396,3606.42,15.17135,-244.520316,0.000661,0.05608
256288,1205,1287.065,403,3611.69,16.974744,-244.431257,-0.000301,0.05637
256604,1206,1017.521,316,3615.92,17.708848,-244.946912,0.000465,0.056039
256999,1207,1326.584,395,3620.95,17.895037,-244.609065,0.000796,0.055601
257418,1208,1376.206,419,3626.89,15.346119,-244.634736,0.001095,0.054831
257898,1209,1600.724,480,3633.64,16.16202,-244.665631,-0.000862,0.055458
258384,1210,1609.858,486,3639.97,15.863881,-245.110394,0.001155,0.054715
258758,1211,1268.469,374,3644.92,15.108014,-244.986395,0.000738,0.054222
259152,1212,1286.641,394,3650.48,18.175616,-244.852486,-0.002468,0.055832
259551,1213,1261.668,399,3656.2,16.051996,-245.124076,0.000415,0.055525
259928,1214,1272.549,377,3661.11,15.705276,-245.122061,-0.001371,0.056323
260324,1215,1307.323,396,3668.56,15.60177,-244.592784,0.000108,0.056255
260717,1216,1306.862,393,3673.89,16.451249,-245.124515,0.000573,0.055898
261297,1217,1941.033,580,3682.12,18.3191,-244.970654,-0.001833,0.057438
261635,1218,1102.834,338,3686.91,16.159523,-244.970251,0.001702,0.056638
262036,1219,1266.562,401,3692.13,17.012657,-245.118048,0.001429,0.055917
262398,1220,1209.607,362,3696.84,16.871181,-245.646799,-0.001149,0.056533
262923,1221,1760.882,525,3704.16,16.896115,-245.147102,0.001635,0.055091
263491,1222,1829.163,568,3711.95,17.776405,-245.226992,-0.000593,0.05564
263894,1223,1333.54,403,3717.98,16.213084,-245.276231,0.002372,0.054182
264189,1224,960.14,295,3722.41,15.320785,-244.989593,-0.003679,0.055772
264602,1225,1383.724,413,3728.34,15.880564,-245.082573,-0.001055,0.05655
264974,1226,1208.16,372,3733.81,18.45204,-244.91064,0.000748,0.056198
265577,1227,2017.921,603,3743.06,15.556387,-244.877582,0.000915,0.055216
265968,1228,1280.649,391,3749.02,14.279645,-245.28822,0.000112,0.055176
266336,1229,1230.277,368,3754.92,15.651782,-245.403738,0.001616,0.054265
266748,1230,1298.467,412,3761.78,15.592182,-245.014182,-0.000641,0.054634
267144,1231,1272.838,396,3768.32,14.818591,-245.27281,-0.000847,0.055093
267739,1232,1950.165,595,3776.5,18.917797,-245.225126,-0.000566,0.055628
268177,1233,1464.189,438,3782.63,14.354097,-245.371608,-0.000823,0.0563
268563,1234,1267.425,386,3788.02,16.04012,-245.553215,0.000941,0.055702
268914,1235,1162.557,351,3792.54,16.551543,-244.950868,-0.000225,0.055849
269182,1236,907.777,268,3795.95,17.098412,-245.12396,0.00216,0.054918
269595,1237,1365.061,413,3801.66,15.312492,-245.150196,0.000368,0.054665
270032,1238,1436.645,437,3810.27,16.059509,-245.398192,5e-06,0.054672
270776,1239,2402.323,744,3820.4,16.781887,-245.169708,8.1e-05,0.054641
271776,1240,3190.254,1000,3834.02,16.110586,-245.628009,0.000356,0.054062
272258,1241,1632.397,482,3840.76,15.17762,-245.61661,-0.000141,0.054227
272745,1242,1512.941,487,3848.1,18.266915,-245.42714,-8.8e-05,0.054187
273354,1243,2008.211,609,3857.25,14.622028,-245.860836,-0.0007,0.05478
274033,1244,2243.392,679,3867.04,16.630386,-245.902064,-0.000191,0.055126
275033,1245,3136.234,1000,3882.08,16.299683,-245.951948,-8.4e-05,0.055282
275516,1246,1522.992,483,3889.25,15.577271,-246.263208,0.000513,0.054837
276249,1247,2350.943,733,3899.27,17.201733,-245.827853,0.000251,0.054607
277102,1248,2826.734,853,3910.62,15.01971,-246.363185,9.9e-05,0.054401
277579,1249,1570.91,477,3917.27,15.832995,-246.323074,0.00081,0.053811
277945,1250,1213.747,366,3922.4,18.459785,-246.525112,0.000235,0.053752
278430,1251,1598.78,485,3928.56,16.549182,-246.815951,-0.000412,0.054101
278834,1252,1287.503,404,3934.29,14.305994,-246.718732,0.000191,0.053888
279239,1253,1308.265,405,3940.18,16.583702,-246.978223,-0.001694,0.054874
279800,1254,1841.804,561,3947.72,16.494212,-246.886896,0.001638,0.053622
280719,1255,2899.824,919,3965.32,16.677039,-247.292536,-0.001183,0.055234
281294,1256,1852.983,575,3973.19,16.283948,-247.196915,0.001667,0.05363
282294,1257,3143.771,1000,3986.12,15.559553,-246.938848,-0.001149,0.055506
282980,1258,2254.04,686,3995.78,17.079371,-247.395469,0.000267,0.055227
283980,1259,3150.561,1000,4009.01,15.387739,-247.778573,-4.7e-05,0.055287
284746,1260,2522.012,766,4019.64,16.855276,-247.995522,2e-05,0.055279
285746,1261,3176.905,1000,4032.87,16.381199,-248.062928,0.000968,0.053797
286746,1262,3197.63,1000,4046.78,14.907586,-248.352308,0.001132,0.052009
287746,1263,3225.226,1000,4059.65,16.448473,-248.61149,-0.000131,0.052181
288242,1264,1633.553,496,4066.53,14.727291,-248.642791,-0.001963,0.053767
288648,1265,1367.836,406,4072.29,15.548352,-248.815181,0.000647,0.053336
288910,1266,828.898,262,4076.28,15.349646,-248.583782,-0.001119,0.05373
289154,1267,790.523,244,4079.89,16.755596,-248.688341,0.00168,0.053142
290154,1268,3157.323,1000,4098.45,16.262585,-248.77645,0.000178,0.052984
291154,1269,3159.45,1000,4114.57,16.719717,-249.260472,-0.000252,0.053266
292028,1270,2842.25,874,4128.58,14.34511,-249.680715,0.000893,0.05204
293028,1271,3183.013,1000,4141.96,16.498452,-249.644848,-0.00029,0.052465
294008,1272,3217.34,980,4155.52,15.950124,-249.545769,0.000776,0.05141
294581,1273,1854.114,573,4163.07,16.428859,-249.93267,-0.000342,0.051681
294981,1274,1294.123,400,4168.22,14.218895,-250.41405,0.001636,0.050648
295297,1275,1003.737,316,4172.75,19.709779,-249.672586,8e-05,0.050632
295793,1276,1637.482,496,4179.61,16.177235,-250.129099,-9e-05,0.050768
296117,1277,1069.957,324,4183.88,15.727706,-250.118972,0.000541,0.050399
296530,1278,1360.836,413,4188.99,15.127526,-249.880127,-0.001379,0.051272
296934,1279,1272.455,404,4194.67,15.972383,-249.906034,0.000401,0.051005
297360,1280,1402.377,426,4200.83,14.827564,-250.170383,-0.000471,0.051364
297744,1281,1285.935,384,4206.47,14.390848,-250.263434,0.001598,0.050333
298152,1282,1378.607,408,4212.48,15.216999,-250.399414,-0.000538,0.050566
298562,1283,1391.502,410,4218.7,14.690186,-250.361576,-0.000579,0.051054
299029,1284,1541.908,467,4225.46,15.445454,-250.47832,0.000719,0.050621
299492,1285,1548.838,463,4232.28,16.442764,-250.213013,-0.000225,0.050761
299889,1286,1271.405,397,4238.4,15.247219,-250.845567,0.001142,0.050023
300460,1287,1864.554,571,4254.21,16.059559,-250.570852,0.000848,0.049278
300851,1288,1294.494,391,4259.71,15.710772,-250.547271,0.001473,0.048298
301401,1289,1806.145,550,4267.16,14.722079,-250.45946,-0.000247,0.048622
302076,1290,2238.176,675,4276.23,15.475922,-250.820965,-0.000289,0.048984
302901,1291,2687.935,825,4288.22,14.510399,-250.824155,-0.000373,0.049416
303455,1292,1815.561,554,4295.59,14.931012,-250.87348,0.000997,0.048539
303761,1293,984.594,306,4299.47,14.25356,-250.783061,-0.000146,0.048656
304088,1294,1085.991,327,4304.12,17.367766,-250.710599,-0.002281,0.049753
304485,1295,1299.307,397,4309.84,16.423314,-250.92014,0.000368,0.049542
305210,1296,2451.193,725,4319.66,15.666356,-250.852584,0.000335,0.049231
305616,1297,1336.575,406,4325.44,16.083724,-251.030211,-0.000289,0.049321
306008,1298,1287.275,392,4330.9,17.250318,-250.818348,-0.000277,0.049537
306724,1299,2335.988,716,4340.58,15.049687,-251.101877,-0.000233,0.049775
307524,1300,2672.861,800,4351.16,15.499792,-251.019432,-0.001328,0.05152
307807,1301,941.898,283,4355.24,16.848164,-251.465393,0.000539,0.051133
308713,1302,2955.622,906,4367.57,16.407978,-251.220281,0.001271,0.04957
309115,1303,1302.339,402,4372.76,17.048209,-251.273508,-0.000373,0.049634
309912,1304,2635.298,797,4384.1,15.661423,-251.52261,-0.000647,0.050595
310338,1305,1427.396,426,4394.72,16.510251,-251.50871,-0.000536,0.050915
311105,1306,2544.278,767,4404.69,15.120719,-251.918834,0.000928,0.049783
311382,1307,917.587,277,4408.46,18.143618,-251.919874,0.00084,0.049421
312124,1308,2474.354,742,4418.6,16.545193,-251.664648,0.000103,0.049378
312431,1309,990.377,307,4422.74,15.500651,-251.938177,0.000196,0.049208
312855,1310,1448.177,424,4428.14,15.369293,-251.857682,-0.001559,0.050228
313137,1311,952.009,282,4432.2,15.971022,-252.31981,-0.000237,0.050278
313600,1312,1512.922,463,4439.48,13.925457,-252.127894,0.00036,0.050133
313862,1313,868.299,262,4443.29,15.654517,-251.9475,0.000206,0.050091
314199,1314,1122.375,337,4448.42,14.255695,-251.811452,0.000891,0.049522
314551,1315,1176.098,352,4453.65,15.227597,-252.109635,-9e-06,0.049571
314796,1316,830.44,245,4457.4,16.481556,-252.06377,0.000756,0.049355
315430,1317,2071.186,634,4467.43,14.53698,-252.096437,-0.000645,0.04998
315834,1318,1346.107,404,4473.69,13.233971,-251.814091,-0.000846,0.050579
316139,1319,1000.021,305,4478.41,17.219094,-251.777241,0.000697,0.050184
316365,1320,745.911,226,4482.16,18.361971,-252.235132,-0.001465,0.050599
316751,1321,1304.214,386,4488.76,13.465419,-252.09685,-0.000127,0.050786
317052,1322,945.088,301,4493.17,14.162152,-251.759183,0.002463,0.049624
317371,1323,1041.124,319,4497.64,13.930077,-251.726983,0.001392,0.048938
317696,1324,1106.149,325,4501.65,15.490639,-252.64604,-0.000986,0.049481
317956,1325,879.563,260,4504.96,15.589738,-251.931651,0.002215,0.048634
318247,1326,986.357,291,4508.89,16.67675,-252.031784,0.001609,0.047962
318889,1327,2148.122,642,4517.95,16.330378,-252.079239,-0.00038,0.048243
319758,1328,2868.771,869,4529.25,15.670467,-252.329928,-0.000408,0.048783
320067,1329,991.964,309,4535.85,13.87068,-252.072696,0.00117,0.048169
321067,1330,3214.057,1000,4549.77,14.982019,-252.616065,-5e-06,0.048314
321364,1331,996.912,297,4554.02,17.001746,-252.831197,-0.001149,0.048758
321694,1332,1096.601,330,4558.95,16.148007,-252.620085,0.000769,0.048327
322181,1333,1613.091,487,4566.0,14.498816,-252.460828,-0.000868,0.049043
322546,1334,1220.653,365,4571.33,14.350102,-252.610844,0.000402,0.048827
323042,1335,1674.403,496,4578.74,16.101594,-253.134365,-0.001358,0.049763
324042,1336,3279.165,1000,4593.71,14.478896,-252.898858,-0.000138,0.050013
324764,1337,2348.261,722,4605.19,15.139834,-252.903775,0.000387,0.049562
325099,1338,1102.655,335,4610.39,12.685655,-253.220332,-0.001048,0.050148
325819,1339,2350.912,720,4620.48,15.709866,-253.261466,0.000656,0.049296
326207,1340,1253.555,388,4626.06,15.148962,-252.911324,0.001284,0.048756
326900,1341,2279.964,693,4635.34,15.540735,-253.00695,0.000502,0.048022
327900,1342,3110.084,1000,4649.51,14.932062,-253.188072,-0.000604,0.048972
328248,1343,1179.861,348,4654.29,13.084359,-253.455863,-0.001075,0.049737
329248,1344,3202.522,1000,4668.14,15.014456,-253.314923,-9.3e-05,0.04979
330248,1345,3205.687,1000,4686.71,14.343619,-253.47569,-0.000302,0.050226
330514,1346,911.715,266,4690.23,13.553469,-253.757013,0.001749,0.049564
330936,1347,1403.432,422,4695.84,13.607345,-253.636737,-0.000338,0.049719
331242,1348,986.883,306,4700.11,16.222785,-253.695597,0.000366,0.04955
331635,1349,1316.392,393,4705.63,16.362564,-253.387415,0.000329,0.049356
331945,1350,1005.343,310,4710.28,13.84092,-253.561881,0.001213,0.048842
332670,1351,2382.241,725,4719.75,13.157917,-253.946266,5.4e-05,0.048775
333670,1352,3143.64,1000,4734.3,15.135215,-253.85705,-0.000288,0.049139
334026,1353,1199.223,356,4739.54,16.415413,-254.261682,-0.000875,0.049557
335026,1354,3125.515,1000,4753.37,14.397273,-253.856966,0.000378,0.049089
335836,1355,2673.533,810,4763.97,15.721462,-254.065747,-0.001035,0.050377
336836,1356,3189.364,1000,4777.88,15.990676,-253.849963,0.000743,0.049258
337836,1357,3186.376,1000,4791.03,13.84448,-254.185537,-0.000318,0.049752
338836,1358,3184.162,1000,4806.03,14.271999,-254.640103,0.001075,0.048172
339836,1359,3200.378,1000,4820.95,15.95752,-254.621344,-0.000968,0.049635
340171,1360,1163.557,335,4834.91,14.208087,-254.946236,0.001779,0.048704
341171,1361,3180.381,1000,4851.54,13.975928,-254.819048,-0.000348,0.049189
342171,1362,3182.456,1000,4865.19,15.581313,-255.186802,0.000378,0.048698
342567,1363,1267.75,396,4870.38,13.568487,-255.097218,-0.000892,0.049163
343567,1364,3171.496,1000,4883.5,13.554075,-255.275904,0.00076,0.048057
344567,1365,3182.632,1000,4897.28,14.543032,-255.581047,0.000263,0.047588
345304,1366,2424.227,737,4907.19,14.068899,-255.447882,-0.000346,0.048023
346001,1367,2285.165,697,4917.26,15.422304,-255.540504,-0.001238,0.049275
347001,1368,3191.982,1000,4931.87,14.101064,-255.894663,3.7e-05,0.049333
348001,1369,3185.103,1000,4946.49,14.429238,-256.011811,0.000329,0.048864
349001,1370,3135.828,1000,4961.45,14.98344,-256.281701,-0.000273,0.049265
350001,1371,3145.349,1000,4982.2,13.789601,-256.554526,0.000913,0.047901
351001,1372,3144.379,1000,4995.87,15.067169,-256.257689,-0.000486,0.048462
352001,1373,3162.034,1000,5009.24,13.443654,-256.731578,0.000294,0.048074
353001,1374,3174.17,1000,5023.85,14.858307,-256.59459,-8.6e-05,0.048322
353778,1375,2443.349,777,5034.29,14.437112,-256.877791,-8e-05,0.0483
354778,1376,3184.061,1000,5047.86,14.427347,-257.265546,0.000267,0.047928
355778,1377,3100.718,1000,5061.3,15.035268,-257.57739,0.001204,0.046101
356778,1378,3147.841,1000,5075.22,14.164099,-257.806113,-0.000628,0.046989
357778,1379,3099.934,1000,5088.32,16.751192,-257.808496,-0.000352,0.047536
358778,1380,3101.548,1000,5102.62,12.229223,-257.782894,0.000645,0.046564
359778,1381,3136.205,1000,5115.83,14.108992,-258.351953,-0.000227,0.046853
360778,1382,3169.228,1000,5135.45,13.620153,-258.323641,9.6e-05,0.046753
361106,1383,1129.302,328,5139.73,13.374102,-258.296796,0.0006,0.046352
362106,1384,3162.371,1000,5153.81,13.488519,-258.305697,0.000443,0.045748
363106,1385,3191.134,1000,5168.86,13.846794,-258.810862,-0.000414,0.046378
364106,1386,3158.42,1000,5183.84,13.993903,-258.810686,0.000388,0.045771
365106,1387,3180.042,1000,5200.07,13.001244,-259.267742,-0.000245,0.046173
366106,1388,3097.187,1000,5215.32,14.320279,-259.025289,-0.000274,0.046581
366900,1389,2485.043,794,5226.06,13.321022,-259.498122,0.000284,0.046231
367900,1390,3146.157,1000,5239.52,14.514198,-259.45048,0.000556,0.0454
368900,1391,3180.523,1000,5253.12,11.617414,-259.773331,-0.000881,0.046687
369900,1392,3138.012,1000,5266.7,14.357138,-259.642188,0.000545,0.045906
370900,1393,3144.464,1000,5287.33,14.264357,-259.908516,0.000861,0.044623
371900,1394,3136.39,1000,5301.98,16.25842,-259.880025,-0.000432,0.045149
372660,1395,2483.936,760,5313.52,14.912968,-260.087764,-0.00047,0.045804
373660,1396,3121.873,1000,5328.99,14.646448,-260.106086,0.000962,0.044252
374660,1397,3260.886,1000,5343.34,13.127889,-260.459671,-0.000225,0.044533
375660,1398,3152.956,1000,5356.69,14.948208,-260.552002,-0.000433,0.045291
376068,1399,1395.544,408,5362.45,11.779284,-260.631212,-0.000538,0.045634
377068,1400,3179.308,1000,5376.01,13.77776,-260.57237,-0.000151,0.045889
377374,1401,997.252,306,5380.12,17.95783,-260.542371,-0.000701,0.046182
378374,1402,3160.72,1000,5394.28,13.893096,-260.674467,0.00062,0.04517
378661,1403,949.777,287,5398.11,15.11407,-261.098987,-0.000106,0.04523
378984,1404,1096.545,323,5402.1,15.97865,-260.58855,-0.001924,0.046284
379984,1405,3174.272,1000,5415.92,13.468432,-261.00681,0.000712,0.045133
380296,1406,1061.453,312,5423.15,15.45559,-261.032932,0.000781,0.044801
381296,1407,3181.926,1000,5436.5,13.872843,-261.234096,0.000341,0.044236
382296,1408,3161.06,1000,5450.0,13.63656,-261.259441,-0.000832,0.045588
382651,1409,1189.665,355,5454.64,13.38817,-261.320283,0.000242,0.045428
383205,1410,1878.779,554,5462.28,17.299776,-261.558308,0.000317,0.04533
383523,1411,1009.159,318,5466.94,13.520655,-261.67302,4.1e-05,0.045305
384523,1412,3121.535,1000,5480.03,13.659899,-261.690142,0.001278,0.043243
385523,1413,3133.264,1000,5494.04,13.059368,-261.858463,-0.000121,0.043465
386523,1414,3122.074,1000,5506.99,13.449127,-262.022264,-0.00083,0.044742
387523,1415,3117.645,1000,5521.07,14.470469,-262.19496,9.4e-05,0.044503
388523,1416,3179.126,1000,5535.97,15.287634,-262.402584,-0.000671,0.045681
389523,1417,3144.573,1000,5551.45,12.862082,-262.648794,0.00068,0.044635
390523,1418,3128.061,1000,5573.44,12.514867,-262.812649,0.000377,0.044058
391523,1419,3130.082,1000,5586.66,13.576724,-263.021393,-0.000385,0.044628
392523,1420,3130.003,1000,5600.31,13.518005,-263.334645,0.00058,0.043712
393523,1421,3137.127,1000,5613.61,12.483238,-263.427944,-4.2e-05,0.043751
393877,1422,1162.379,354,5618.76,12.244649,-263.444571,-0.001783,0.044779
394877,1423,3144.614,1000,5632.88,12.357471,-263.542001,0.000527,0.04399
395877,1424,3144.654,1000,5647.33,13.206861,-263.809845,0.000448,0.043259
396877,1425,3165.234,1000,5661.8,13.482369,-263.832557,-0.000565,0.044061
397877,1426,3154.516,1000,5676.79,12.964689,-264.049526,0.000214,0.04377
398877,1427,3155.41,1000,5692.24,14.033974,-264.494831,0.000641,0.042825
399877,1428,3176.538,1000,5706.46,11.875213,-264.445301,-0.000206,0.04305
400877,1429,3188.234,1000,5725.09,14.6817,-264.641994,0.000364,0.04255
401877,1430,3176.576,1000,5739.47,12.854257,-264.822452,0.000826,0.041298
402877,1431,3199.944,1000,5753.07,14.352506,-265.213493,-0.000692,0.042372
403337,1432,1503.279,460,5759.45,11.665757,-264.87007,-0.001322,0.043237
403687,1433,1165.569,350,5764.07,15.363061,-265.22988,2.4e-05,0.043341
404687,1434,3172.71,1000,5777.51,12.54411,-265.377481,-0.000233,0.0437
405687,1435,3178.815,1000,5791.12,12.008749,-265.478431,0.000206,0.043371
406687,1436,3174.416,1000,5804.46,12.487943,-265.857592,0.000841,0.042097
407687,1437,3162.212,1000,5817.71,14.409706,-265.96942,-0.000566,0.042938
408687,1438,3173.786,1000,5831.47,11.268689,-266.08835,0.000363,0.042405
409319,1439,2066.365,632,5839.82,11.720297,-266.166733,-0.00064,0.042963
409656,1440,1141.13,337,5844.07,13.841692,-266.124847,-0.000359,0.043136
409761,1441,245.791,105,5845.4,13.210581,-266.433505,-0.003996,0.04374
409872,1442,254.706,111,5846.93,12.401068,-266.655159,-0.000736,0.043907
410433,1443,1784.235,561,5858.79,15.407837,-266.178842,-0.000917,0.044696
410787,1444,1156.651,354,5863.46,12.697888,-266.271103,0.000586,0.044452
411787,1445,3189.324,1000,5877.1,14.190357,-266.401086,-0.00067,0.045323
412787,1446,3160.023,1000,5892.1,11.336078,-266.545934,0.001488,0.043241
413787,1447,3178.676,1000,5907.38,13.764568,-266.641144,0.000996,0.041718
414742,1448,3061.496,955,5922.92,13.382324,-266.939816,-0.000429,0.042235
415742,1449,3171.463,1000,5938.35,13.069884,-266.788375,-0.000737,0.043466
416742,1450,3162.32,1000,5951.5,14.011091,-266.697385,0.000702,0.042547
417742,1451,3141.198,1000,5965.52,14.480209,-266.995798,-0.001351,0.04445
418742,1452,3127.076,1000,5978.24,15.542051,-267.232187,0.000867,0.043131
419000,1453,827.239,258,5981.87,11.941323,-266.870726,-0.00174,0.04378
420000,1454,3176.187,1000,5996.05,15.049532,-267.222363,0.001393,0.041848
421000,1455,3138.422,1000,6012.81,13.728472,-267.40177,-0.001462,0.043859
421818,1456,2566.81,818,6024.91,12.747606,-267.7179,0.000244,0.043514
422325,1457,1687.001,507,6032.72,16.977725,-267.644467,-0.001195,0.044419
423325,1458,3160.491,1000,6047.99,11.490745,-267.843502,0.000234,0.044135
423709,1459,1202.568,384,6053.47,13.835407,-268.594259,-0.000622,0.04447
424016,1460,996.379,307,6057.64,17.314023,-268.20708,-0.000139,0.044493
424981,1461,3156.742,965,6071.13,14.392145,-268.059441,-2e-05,0.04449
425332,1462,1132.373,351,6075.86,11.99268,-268.336542,0.001312,0.043859
426332,1463,3126.489,1000,6089.68,13.365172,-267.89362,-0.000702,0.0449
427332,1464,3145.445,1000,6103.32,15.0617,-268.2567,0.001196,0.043168
428279,1465,3065.559,947,6116.54,12.818704,-268.162672,8.9e-05,0.043046
429279,1466,3184.77,1000,6129.82,14.304151,-268.321647,-0.000173,0.043283
430279,1467,3102.603,1000,6147.65,15.35194,-268.493822,-0.000267,0.043773
431279,1468,3144.416,1000,6160.88,12.744437,-268.496212,0.000793,0.042481
431867,1469,1940.429,588,6169.2,11.637299,-268.485696,-5.1e-05,0.042602
432121,1470,855.553,254,6172.78,13.51025,-268.855023,-0.000115,0.04261
432416,1471,970.129,295,6176.89,15.487108,-268.773577,0.00163,0.041933
433416,1472,3177.35,1000,6190.18,12.981084,-268.538806,0.000275,0.041568
434416,1473,3165.434,1000,6203.82,11.214129,-268.657002,0.000515,0.040805
435416,1474,3087.027,1000,6217.05,16.116651,-268.817157,-0.000942,0.042233
436416,1475,3178.01,1000,6230.37,12.816274,-268.62994,0.000726,0.041188
437416,1476,3169.913,1000,6245.31,13.071102,-268.746006,-7.4e-05,0.041255
437623,1477,638.997,207,6248.46,11.592176,-268.21024,-0.000291,0.041317
438623,1478,3195.264,1000,6264.19,14.968484,-268.445627,-0.000628,0.042321
439623,1479,3199.656,1000,6280.6,12.695354,-268.832581,-0.000452,0.043057
440623,1480,3163.331,1000,6302.38,11.957938,-268.782578,0.000749,0.04193
441623,1481,3144.346,1000,6315.79,12.170004,-268.703097,-8e-05,0.042017
442623,1482,3159.819,1000,6329.44,12.829892,-268.661723,-0.000455,0.042688
443623,1483,3136.285,1000,6342.73,12.605479,-268.622349,0.000928,0.041244
443646,1484,39.145,23,6343.01,16.1546,-269.916883,-0.000302,0.041335
443955,1485,1065.808,309,6347.12,16.54554,-268.702745,-0.000183,0.041346
444214,1486,875.566,259,6350.83,12.549245,-268.487522,-0.00243,0.042376
444530,1487,1058.728,316,6355.51,13.48287,-268.672778,0.001935,0.041478
444805,1488,914.463,275,6359.2,18.006934,-268.719184,0.000649,0.04118
445133,1489,1089.921,328,6364.1,14.407958,-268.948842,-0.000891,0.041568
446133,1490,3144.223,1000,6378.56,12.840091,-268.61858,-0.000304,0.042166
447133,1491,3172.636,1000,6393.51,10.973052,-269.038722,0.00086,0.040804
448133,1492,3175.174,1000,6408.78,11.934818,-268.581597,-0.000629,0.04165
449133,1493,3168.261,1000,6422.31,12.468019,-268.680856,0.00014,0.041496
450133,1494,3152.477,1000,6441.72,12.88173,-269.104715,0.000589,0.040604
451133,1495,3190.85,1000,6454.95,12.710594,-269.13617,0.000472,0.039924
451401,1496,921.596,268,6458.78,12.59167,-268.87676,-0.002213,0.040819
451809,1497,1351.41,408,6464.49,11.988152,-268.878803,0.000824,0.040277
452809,1498,3159.277,1000,6478.08,12.446908,-269.204808,-0.000709,0.041428
453809,1499,3147.805,1000,6491.95,12.212314,-269.154029,0.000568,0.040532
454809,1500,3185.182,1000,6504.83,12.509284,-269.454348,-0.00047,0.041272
455138,1501,1093.648,329,6509.61,12.807747,-269.18651,6.9e-05,0.041092
456138,1502,3211.884,1000,6523.28,10.656204,-269.488736,1.9e-05,0.041239
457138,1503,3172.634,1000,6536.95,10.786207,-269.57303,0.000766,0.040056
457572,1504,1427.129,434,6543.01,13.871068,-269.239217,-0.000424,0.040367
458572,1505,3145.129,1000,6556.23,12.880847,-269.364538,-0.000961,0.041752
459572,1506,3175.701,1000,6570.11,12.354556,-269.61343,0.000158,0.041501
460572,1507,3166.367,1000,6589.51,14.473309,-269.636715,0.000196,0.04125
461572,1508,3202.711,1000,6604.18,10.953287,-270.142127,-0.000606,0.042181
461930,1509,1190.22,358,6609.58,16.712944,-270.10223,-0.000404,0.042434
462222,1510,973.139,292,6614.14,12.053137,-270.224326,-0.000977,0.042873
463222,1511,3221.79,1000,6629.71,12.441743,-270.212003,0.001339,0.040857
464222,1512,3214.688,1000,6646.53,14.06872,-270.220937,-0.000727,0.042009
465222,1513,3181.385,1000,6660.35,13.088985,-270.269074,0.000191,0.041727
465710,1514,1536.738,488,6666.62,11.08845,-270.430244,0.000601,0.04122
466377,1515,2139.206,667,6676.09,10.940164,-270.347896,0.000148,0.041072
467377,1516,3125.144,1000,6689.2,15.461574,-270.475458,-0.00043,0.041717
468206,1517,2655.638,829,6700.99,14.140994,-270.525379,-0.000444,0.04229
469206,1518,3160.6,1000,6714.43,11.91491,-270.699219,-0.000839,0.043499
469506,1519,985.673,300,6718.92,9.635599,-270.804347,0.000911,0.043129
470506,1520,3137.172,1000,6739.88,11.797184,-270.801462,0.000437,0.042418
471506,1521,3201.519,1000,6755.75,11.135549,-270.959315,0.000826,0.041155
472506,1522,3149.886,1000,6771.19,14.293344,-271.055762,0.001062,0.039519
473506,1523,3168.22,1000,6785.37,11.606451,-271.304553,-0.000845,0.040831
474506,1524,3181.059,1000,6798.49,11.573501,-271.120724,0.00041,0.040133
475506,1525,3196.998,1000,6812.87,12.214461,-270.999108,0.000786,0.039003
476506,1526,3197.937,1000,6826.71,12.02544,-271.39843,-0.000775,0.040168
477506,1527,3208.711,1000,6840.57,12.377353,-271.584433,0.00039,0.039586
477861,1528,1181.882,355,6845.31,13.998371,-271.549473,-3.9e-05,0.039526
478861,1529,3163.706,1000,6858.84,12.544518,-271.662289,-0.000587,0.040507
479861,1530,3180.161,1000,6872.2,12.744409,-271.863282,-0.000334,0.040981
480861,1531,3168.909,1000,6892.53,11.568405,-271.779503,-0.000422,0.041722
481861,1532,3170.908,1000,6905.44,12.024952,-271.956032,0.000757,0.040504
482861,1533,3156.031,1000,6919.6,11.867962,-272.18157,0.000229,0.040176
483377,1534,1730.664,516,6926.18,13.229926,-272.802769,0.00039,0.03989
484377,1535,3169.365,1000,6939.54,10.528037,-272.36479,-0.000353,0.040479
485377,1536,3228.711,1000,6952.85,12.519536,-272.343296,0.000951,0.038982
486377,1537,3175.245,1000,6968.16,13.579702,-272.714515,-0.000327,0.039468
486780,1538,1359.351,403,6974.15,10.06946,-273.078641,-6.7e-05,0.039548
487106,1539,1097.099,326,6979.29,12.884992,-272.295362,4.5e-05,0.039531
487632,1540,1645.294,526,6987.63,12.688208,-272.732779,0.00075,0.03881
488163,1541,1782.805,531,6996.72,10.800691,-272.687429,-0.000694,0.039486
488531,1542,1223.246,368,7003.06,10.488579,-272.98821,-2.3e-05,0.039539
489531,1543,3219.143,1000,7018.44,10.436281,-272.691489,0.000642,0.038463
490531,1544,3246.604,1000,7034.59,11.942037,-273.038833,-0.000284,0.03899
490905,1545,1245.718,374,7039.62,12.713011,-272.870863,-0.001041,0.039578
491229,1546,1109.828,324,7044.15,11.060345,-273.090883,0.002335,0.038387
492229,1547,3202.478,1000,7057.59,10.976856,-273.120087,2.8e-05,0.038363
493229,1548,3205.972,1000,7071.43,12.532888,-273.086485,-0.000834,0.039602
494229,1549,3198.419,1000,7086.04,12.778974,-273.26292,0.00027,0.039158
495229,1550,3174.469,1000,7100.59,11.014879,-273.557828,-0.000137,0.0394
496229,1551,3204.515,1000,7115.94,12.034492,-273.591994,9.1e-05,0.039223
496544,1552,1015.039,315,7120.81,11.714885,-273.431468,-0.000473,0.039538
497544,1553,3165.899,1000,7135.1,12.206304,-273.835668,0.00051,0.038689
498544,1554,3196.213,1000,7148.97,13.302364,-273.526831,-0.000592,0.039641
499544,1555,3188.238,1000,7162.51,11.691869,-273.714617,4.1e-05,0.039614
500544,1556,3197.71,1000,7183.13,12.551853,-274.056892,-0.000197,0.039907
501544,1557,3160.316,1000,7196.53,10.423616,-273.971495,0.000335,0.039374
502379,1558,2715.986,835,7208.1,12.312914,-274.265006,-0.000229,0.039754
502678,1559,999.05,299,7211.89,14.201165,-274.091534,0.000374,0.039544
503678,1560,3187.294,1000,7225.23,11.12291,-274.08296,-0.000183,0.039836
504678,1561,3187.921,1000,7239.1,12.389878,-274.382818,0.000547,0.038962
505678,1562,3194.506,1000,7252.62,10.993295,-274.230136,-0.000798,0.040253
506678,1563,3208.22,1000,7266.06,13.723712,-274.559463,0.000342,0.03977
507678,1564,3220.312,1000,7279.95,10.114104,-274.673221,0.000872,0.038418
508678,1565,3222.627,1000,7292.72,12.458581,-274.789948,-0.000377,0.03897
509678,1566,3192.196,1000,7306.45,10.858392,-274.764633,0.000663,0.037973
510678,1567,3206.25,1000,7327.66,11.265958,-275.114257,0.00042,0.037219
511678,1568,3186.426,1000,7342.99,11.482279,-275.282072,0.00016,0.037013
512678,1569,3203.636,1000,7359.74,12.373142,-275.546684,-0.000623,0.038004
513678,1570,3210.386,1000,7374.74,12.516828,-275.530438,0.000455,0.037272
514678,1571,3196.372,1000,7388.48,10.217632,-275.795714,0.000827,0.035993
515049,1572,1219.9,371,7393.54,10.937216,-276.077227,0.001167,0.035376
516049,1573,3222.548,1000,7406.63,13.010973,-275.712687,-0.000825,0.036599
517049,1574,3182.606,1000,7420.64,10.503004,-275.912854,-0.000777,0.037937
518049,1575,3211.887,1000,7434.37,11.291114,-276.226238,-0.000127,0.038058
518497,1576,1503.974,448,7440.46,10.038909,-276.067691,7.4e-05,0.038082
519032,1577,1739.192,535,7448.45,12.22183,-276.416341,0.000228,0.037831
520032,1578,3205.842,1000,7469.1,10.077651,-276.334836,0.000682,0.036764
521032,1579,3217.204,1000,7484.14,11.649876,-276.366121,-0.00059,0.037643
521676,1580,2158.249,644,7493.93,15.411244,-276.192824,-0.000505,0.038238
522194,1581,1743.494,518,7501.22,9.225735,-276.453163,4e-06,0.038234
523194,1582,3196.012,1000,7514.43,12.25551,-276.584268,0.000324,0.03771
523566,1583,1242.255,372,7519.64,10.331025,-276.816989,0.000328,0.037543
524566,1584,3201.788,1000,7533.53,10.781917,-276.922996,0.000432,0.036799
524841,1585,909.278,275,7537.0,10.792339,-276.561232,-0.000349,0.036977
525418,1586,1947.926,577,7545.36,11.915863,-276.628841,-0.000422,0.037279
526418,1587,3137.467,1000,7558.97,9.977584,-276.926393,-0.000559,0.038201
527418,1588,3199.899,1000,7572.68,12.448991,-277.052039,5e-05,0.038173
528418,1589,3175.777,1000,7585.8,10.414687,-276.868947,-0.000161,0.038402
529307,1590,2880.603,889,7598.22,13.962855,-277.022683,-0.000165,0.038662
530307,1591,3163.821,1000,7616.99,9.450354,-277.282223,0.000581,0.037711
530797,1592,1559.832,490,7623.9,10.342442,-277.118838,0.000381,0.037402
531797,1593,3199.436,1000,7637.51,9.947196,-276.878372,-0.000657,0.03849
532797,1594,3218.108,1000,7651.01,11.150568,-277.224576,0.000752,0.037325
533797,1595,3206.155,1000,7663.94,11.0466,-277.324259,-4.5e-05,0.037212
534797,1596,3222.07,1000,7678.1,9.992332,-277.413946,0.000657,0.036366
535324,1597,1766.744,527,7686.18,13.103894,-277.080499,0.001291,0.035254
536324,1598,3225.958,1000,7700.97,9.768719,-277.471632,-0.001262,0.03724
537324,1599,3211.806,1000,7716.03,10.297803,-277.665039,0.000303,0.036736
538324,1600,3207.771,1000,7732.06,11.863572,-277.813221,-0.000177,0.036971
539324,1601,3215.861,1000,7744.97,14.172858,-277.903338,-0.000602,0.037959
540324,1602,3213.771,1000,7764.65,9.988319,-277.933944,0.000221,0.037557
541324,1603,3195.815,1000,7778.19,11.020263,-278.067117,0.000607,0.036665
541631,1604,972.659,307,7782.63,9.404864,-277.994064,0.000386,0.036555
542631,1605,3161.644,1000,7797.22,11.133391,-278.407794,-0.000386,0.037057
543171,1606,1771.791,540,7805.24,11.502785,-278.347576,0.000317,0.036868
544171,1607,3200.119,1000,7819.69,10.403592,-278.253281,-0.000195,0.037092
545171,1608,3204.968,1000,7835.17,12.171831,-278.567312,0.000657,0.036096
546171,1609,3204.645,1000,7850.88,10.821547,-278.390269,-0.000558,0.036903
547171,1610,3195.622,1000,7865.02,12.473916,-278.653297,0.00073,0.035698
548171,1611,3195.583,1000,7878.26,13.318524,-278.805629,-0.000647,0.036835
549171,1612,3190.706,1000,7892.54,9.248898,-278.703155,0.0001,0.036651
550171,1613,3211.823,1000,7911.69,9.464906,-278.989766,-8.1e-05,0.036727
551171,1614,3215.877,1000,7925.26,10.06632,-279.351617,-0.000496,0.037571
552147,1615,3184.219,976,7937.93,10.618402,-279.279228,-2e-06,0.037546
553147,1616,3248.825,1000,7951.7,12.056915,-279.295608,0.000726,0.036459
554147,1617,3195.786,1000,7965.05,9.449165,-279.092407,-0.001061,0.038084
555147,1618,3282.811,1000,7978.56,12.283779,-279.192622,-3.6e-05,0.038199
556147,1619,3295.898,1000,7992.28,11.822067,-279.39323,0.0006,0.037294
556844,1620,2332.055,697,8001.49,8.990342,-279.346385,0.000354,0.03686
557844,1621,3163.831,1000,8014.7,9.649165,-279.207517,0.000148,0.036659
558844,1622,3152.196,1000,8027.94,9.955455,-279.342528,-0.00055,0.037471
559844,1623,3155.658,1000,8042.37,11.307864,-279.300244,-0.000313,0.037949
560497,1624,2074.224,653,8057.95,12.325802,-279.52481,0.000428,0.037513
561497,1625,3189.106,1000,8074.39,9.366064,-279.613305,0.000495,0.036792
562310,1626,2671.123,813,8087.97,10.655064,-279.439451,-0.000663,0.037582
562486,1627,537.58,176,8091.0,11.362812,-279.707517,-0.001136,0.037955
563486,1628,3176.205,1000,8104.93,12.678658,-279.590704,0.000301,0.037483
564486,1629,3222.182,1000,8117.76,12.676393,-279.523371,-0.000155,0.03773
565486,1630,3192.651,1000,8131.63,10.017125,-279.713331,0.000456,0.036936
566486,1631,3169.236,1000,8144.84,10.188157,-279.75351,0.000192,0.03665
567486,1632,3186.063,1000,8159.25,9.903821,-279.594059,-0.000371,0.037264
568486,1633,3189.626,1000,8174.16,11.544868,-279.675884,0.000637,0.036308
569486,1634,3214.933,1000,8188.78,9.210573,-279.951989,0.000104,0.036098
570486,1635,3207.088,1000,8210.73,10.089886,-280.133402,-0.000207,0.036586
571486,1636,3189.24,1000,8223.98,10.086373,-280.363215,0.000315,0.036017
572486,1637,3191.176,1000,8238.03,10.641401,-280.284934,8.5e-05,0.035921
573486,1638,3183.977,1000,8250.87,12.468525,-280.473499,0.00058,0.03491
574013,1639,1737.507,527,8258.5,8.781508,-280.280494,-0.000929,0.035775
575013,1640,3207.105,1000,8272.12,10.811705,-280.668905,0.000259,0.035325
575715,1641,2321.978,702,8281.47,11.427208,-280.404784,9.1e-05,0.035215
576464,1642,2440.524,749,8291.74,11.57131,-280.713141,-0.000572,0.035895
577464,1643,3228.284,1000,8305.33,10.602503,-280.876588,0.000436,0.035306
578176,1644,2353.416,712,8315.03,11.67441,-280.676143,-0.00024,0.035432
579176,1645,3225.407,1000,8328.75,11.896579,-280.721455,0.000345,0.03497
580176,1646,3222.644,1000,8345.77,9.841845,-280.833021,5.9e-05,0.034839
580782,1647,1990.775,606,8353.6,9.587008,-281.165639,-0.000312,0.035227
581782,1648,3177.057,1000,8367.38,12.799248,-280.798305,-0.001376,0.037402
582391,1649,1979.286,609,8375.27,10.157193,-280.765738,0.001576,0.035941
583391,1650,3185.929,1000,8388.95,10.086492,-280.826707,-0.000366,0.036452
584391,1651,3189.028,1000,8403.93,10.152384,-280.894556,0.000336,0.035886
585391,1652,3192.561,1000,8418.75,11.097894,-280.989277,0.000345,0.035427
586391,1653,3211.771,1000,8435.01,9.318646,-280.98402,-0.000843,0.036707
586772,1654,1257.255,381,8441.26,8.464389,-281.090463,0.00197,0.035582
587190,1655,1410.616,418,8447.66,11.180572,-280.785087,-0.000126,0.035579
588001,1656,2684.842,811,8458.96,7.914485,-281.044434,-0.000724,0.036562
588781,1657,2529.124,780,8469.85,11.091352,-280.918145,-0.000256,0.036867
589781,1658,3181.673,1000,8482.56,11.33599,-280.839836,-0.000247,0.037357
590781,1659,3194.22,1000,8501.0,12.015785,-281.111761,8e-05,0.037149
591781,1660,3200.363,1000,8514.39,8.46837,-281.231087,0.000591,0.036229
592781,1661,3179.83,1000,8528.9,10.925883,-281.203777,5.8e-05,0.036204
593781,1662,3202.189,1000,8543.58,8.545591,-281.186325,-0.000238,0.036565
594781,1663,3168.624,1000,8559.08,10.708579,-281.274171,0.000905,0.035145
595142,1664,1180.307,361,8564.74,9.826832,-281.093194,-0.001367,0.035913
595778,1665,2089.317,636,8574.22,8.825674,-281.148933,0.000253,0.035712
596778,1666,3201.849,1000,8587.53,10.418145,-281.332621,0.001197,0.033891
597548,1667,2553.871,770,8598.48,8.516709,-281.479805,-0.000179,0.034157
598548,1668,3188.792,1000,8612.16,10.012055,-281.379135,-0.000528,0.035012
599548,1669,3165.906,1000,8626.42,7.948599,-281.364017,0.00023,0.034611
600548,1670,3165.979,1000,8645.12,10.019012,-281.466016,-0.001066,0.03634
601548,1671,3111.044,1000,8659.19,8.239273,-281.490268,4.6e-05,0.036264
602548,1672,3199.7,1000,8672.53,8.94056,-281.563012,0.001157,0.034473
603548,1673,3195.455,1000,8686.31,10.040705,-281.555302,-0.000509,0.035214
604548,1674,3196.166,1000,8699.93,8.463028,-281.956377,0.000791,0.034041
605131,1675,1931.223,583,8708.04,10.464227,-281.602211,-0.000299,0.03434
606131,1676,3204.951,1000,8721.38,9.291366,-281.813128,-0.000277,0.034719
607131,1677,3180.89,1000,8734.76,11.849195,-281.753583,-0.000231,0.035174
607938,1678,2595.416,807,8745.14,9.884525,-282.107908,-0.001271,0.036685
608938,1679,3204.366,1000,8759.79,10.640499,-282.084063,-1e-05,0.03673
609938,1680,3227.812,1000,8775.11,10.026162,-281.835182,0.00121,0.034892
610528,1681,1919.6,590,8788.72,9.820613,-282.053005,-0.001123,0.035836
611528,1682,3185.882,1000,8805.34,10.691008,-281.746987,0.000577,0.034983
612528,1683,3172.127,1000,8820.1,9.92791,-281.882863,-0.00037,0.035507
613528,1684,3197.409,1000,8833.33,9.627276,-281.918432,9.6e-05,0.035425
614528,1685,3204.69,1000,8846.6,10.012332,-282.156936,0.000753,0.03424
615528,1686,3172.767,1000,8860.52,10.37586,-282.191425,-0.000196,0.034591
616528,1687,3199.467,1000,8873.93,10.659211,-282.248439,0.000189,0.034235
617528,1688,3214.063,1000,8888.42,9.42279,-282.228691,0.000236,0.033912
618528,1689,3188.56,1000,8903.09,10.77617,-282.223771,0.000418,0.033299
619528,1690,3209.021,1000,8918.31,8.110121,-282.535824,-0.000599,0.034139
620055,1691,1785.225,527,8933.42,10.683832,-282.198116,-0.000143,0.034284
621055,1692,3214.538,1000,8947.55,9.521252,-282.337033,-0.000294,0.034745
622055,1693,3240.42,1000,8960.89,9.513925,-282.53333,0.000637,0.03371
623055,1694,3260.656,1000,8975.31,9.450133,-282.226851,-0.000548,0.034574
624055,1695,3196.23,1000,8988.87,9.631031,-282.363845,0.000203,0.034301
625055,1696,3212.311,1000,9002.75,9.927386,-282.402176,-0.000301,0.034742
626055,1697,3217.543,1000,9016.23,11.268024,-282.471948,-0.000302,0.035284
627055,1698,3203.404,1000,9029.62,12.16759,-282.516523,0.000498,0.034496
628055,1699,3217.116,1000,9043.51,8.58576,-282.677186,-0.000528,0.035275
629055,1700,3219.439,1000,9056.92,9.089401,-282.458423,0.000254,0.034872
630055,1701,3208.613,1000,9076.94,8.09066,-282.661645,0.00083,0.033569
631055,1702,3208.086,1000,9090.19,10.099749,-282.539167,-0.000191,0.033884
632055,1703,3221.164,1000,9103.79,9.448731,-282.799811,3.1e-05,0.033771
633055,1704,3211.407,1000,9117.49,11.130628,-282.753126,0.000632,0.032901
634055,1705,3226.377,1000,9132.54,9.685885,-282.997873,-0.000652,0.033896
635055,1706,3211.901,1000,9147.72,9.041564,-282.808796,0.000232,0.033622
636055,1707,3206.469,1000,9164.71,9.402395,-283.058387,0.000283,0.033079
636112,1708,105.724,57,9165.63,6.378069,-283.300198,0.00028,0.033031
637112,1709,3214.395,1000,9180.67,9.029432,-283.041673,-0.00115,0.034893
638112,1710,3224.516,1000,9193.5,9.265307,-283.289853,0.000613,0.033924
639112,1711,3227.615,1000,9207.65,11.338147,-283.268765,5.5e-05,0.033721
640112,1712,3210.587,1000,9225.27,10.058623,-283.390131,-2e-06,0.033853
641112,1713,3203.483,1000,9239.3,8.693837,-283.547066,2.9e-05,0.03371
642112,1714,3219.957,1000,9253.61,11.859382,-283.302843,0.00031,0.033252
642427,1715,1036.9,315,9258.16,11.048157,-283.529431,0.001752,0.032444
643427,1716,3229.092,1000,9273.25,7.532864,-283.750238,-0.000514,0.033259
644427,1717,3187.126,1000,9288.02,10.575261,-283.82921,-9.7e-05,0.033454
645427,1718,3210.376,1000,9301.6,10.120251,-283.830939,0.000457,0.032723
646427,1719,3168.439,1000,9315.61,7.641266,-283.777499,-0.000161,0.033014
647427,1720,3196.943,1000,9329.02,9.696207,-283.835527,6e-06,0.033
648427,1721,3222.339,1000,9342.98,10.242434,-283.89778,0.000174,0.032694
649427,1722,3205.041,1000,9356.36,7.512131,-283.934207,-0.000389,0.033248
650427,1723,3199.95,1000,9376.21,9.59314,-284.063552,0.000193,0.033038
651427,1724,3201.881,1000,9389.63,9.04161,-284.129689,-4.2e-05,0.033081
652427,1725,3222.153,1000,9403.42,9.034306,-284.260033,0.000258,0.032721
653427,1726,3224.972,1000,9417.59,9.822489,-284.156565,-9e-05,0.032844
654427,1727,3201.612,1000,9430.5,10.7089,-284.497986,-0.000214,0.033076
655427,1728,3224.671,1000,9444.63,8.589079,-284.444794,-0.000633,0.03398
656427,1729,3220.749,1000,9457.28,9.494797,-284.298812,0.00058,0.033291
657427,1730,3223.981,1000,9470.79,12.057608,-284.077212,-0.000358,0.033776
658427,1731,3208.029,1000,9485.75,8.414869,-284.204409,0.000503,0.033023
659427,1732,3200.758,1000,9501.06,9.267693,-284.618696,-0.000385,0.033678
660427,1733,3224.203,1000,9524.25,9.311288,-284.77708,-4e-06,0.033644
661427,1734,3227.575,1000,9538.51,9.055877,-284.512118,0.000613,0.0327
661832,1735,1362.701,405,9543.99,12.414883,-284.629633,-0.000716,0.033138
662832,1736,3241.959,1000,9557.68,12.26928,-284.517768,0.000372,0.032526
663832,1737,3238.609,1000,9571.13,9.52458,-284.605072,-0.000499,0.033358
664832,1738,3219.238,1000,9584.85,8.766411,-284.647012,0.000219,0.033039
665832,1739,3197.243,1000,9598.2,10.177296,-284.496292,0.000867,0.031607
666832,1740,3212.634,1000,9612.79,8.323047,-284.631235,-0.000567,0.032502
667832,1741,3197.0,1000,9627.8,10.716767,-284.806658,9.5e-05,0.032393
668832,1742,3219.21,1000,9642.91,9.137995,-284.794852,-0.000586,0.033294
669832,1743,3200.23,1000,9657.34,10.689101,-284.925813,0.000991,0.031804
670832,1744,3236.006,1000,9677.09,8.87632,-284.643711,-0.000651,0.032836
671294,1745,1512.111,462,9683.57,9.936071,-284.934202,0.001909,0.03151
671931,1746,2051.809,637,9692.35,10.949297,-285.022813,-0.00126,0.032692
672931,1747,3224.917,1000,9706.13,7.810536,-285.220261,-0.000126,0.032968
673931,1748,3220.938,1000,9719.75,9.356893,-285.262284,-2e-06,0.033017
674851,1749,3119.03,920,9732.51,8.987281,-285.29558,-0.000413,0.033564
675851,1750,3209.782,1000,9745.82,9.94826,-285.345596,-3.4e-05,0.033664
676851,1751,3216.235,1000,9759.76,9.139869,-285.264221,0.001002,0.032057
677790,1752,3111.455,939,9772.1,8.380096,-285.379925,-0.000977,0.033431
678243,1753,1507.185,453,9778.41,9.933029,-285.323574,0.000562,0.033081
678740,1754,1661.679,497,9785.51,9.46019,-285.46436,0.000452,0.032716
679740,1755,3245.528,1000,9798.97,8.944669,-285.469252,-0.000722,0.033809
680740,1756,3227.696,1000,9818.56,10.160419,-285.469801,0.00108,0.032218
681740,1757,3199.562,1000,9831.99,10.105519,-285.552376,-0.000329,0.032764
682740,1758,3238.825,1000,9846.9,8.685911,-285.388883,0.000356,0.032273
683740,1759,3221.765,1000,9861.78,11.227377,-285.700562,0.00037,0.03165
684740,1760,3193.498,1000,9877.71,9.102258,-285.806145,-0.000254,0.032073
685740,1761,3194.529,1000,9893.43,9.410671,-286.036086,0.000502,0.031297
686740,1762,3192.836,1000,9906.62,7.534109,-285.738839,-9.2e-05,0.031505
687740,1763,3224.422,1000,9920.71,10.675997,-286.028911,-0.000536,0.03228
688740,1764,3215.793,1000,9933.96,8.956489,-285.912586,-3.5e-05,0.032356
689740,1765,3170.393,1000,9947.86,9.278843,-286.225593,0.000543,0.031468
690740,1766,3203.327,1000,9969.04,9.895556,-286.13147,-0.000568,0.032442
691740,1767,3217.547,1000,9983.68,9.279897,-286.060354,-0.000147,0.032564
692740,1768,3230.664,1000,9999.0,9.201677,-286.439286,5.2e-05,0.032495
693136,1769,1299.406,396,10004.86,9.279083,-286.557563,-0.000241,0.032734
694136,1770,3227.532,1000,10019.14,10.213012,-286.245128,-0.000259,0.033105
695136,1771,3210.476,1000,10033.05,9.161662,-286.614337,7.4e-05,0.032905
696136,1772,3224.907,1000,10046.58,9.499313,-286.634057,0.001017,0.031371
696542,1773,1376.848,406,10052.31,10.831694,-286.366891,-0.000558,0.031721
697542,1774,3224.843,1000,10065.97,11.208442,-286.507472,-0.000243,0.032074
698542,1775,3211.179,1000,10079.97,9.370559,-286.822975,0.000847,0.030862
699542,1776,3190.961,1000,10092.91,9.486289,-286.797567,-0.00114,0.032564
700542,1777,3221.293,1000,10113.14,8.173217,-286.948117,0.000829,0.03128
701542,1778,3221.483,1000,10126.76,7.811526,-286.583902,0.000575,0.03038
702542,1779,3220.176,1000,10140.54,9.283076,-286.984203,2e-06,0.030345
702946,1780,1369.494,404,10145.85,7.097116,-286.996555,0.000716,0.029861
703671,1781,2339.939,725,10156.23,9.573809,-286.922136,-0.000818,0.030837
704671,1782,3233.975,1000,10169.25,9.411927,-286.85423,-0.000817,0.032091
705566,1783,2973.972,895,10181.54,8.455616,-287.158069,-0.000126,0.032358
706566,1784,3250.589,1000,10195.22,9.62509,-287.062602,-0.000163,0.032583
707237,1785,2276.797,671,10205.11,7.895351,-287.2579,0.000204,0.032394
708180,1786,3184.665,943,10219.51,9.021552,-287.092364,0.000128,0.032159
708738,1787,1811.985,558,10228.57,6.41541,-287.155595,0.000781,0.031513
709738,1788,3217.069,1000,10245.26,8.981686,-287.193062,0.000721,0.030395
710738,1789,3212.374,1000,10265.26,7.695744,-287.059665,0.000123,0.030168
711738,1790,3217.063,1000,10278.58,10.362247,-287.191423,-0.001202,0.03206
712738,1791,3234.504,1000,10292.49,10.123889,-287.263338,0.000757,0.030861
713738,1792,3220.056,1000,10305.48,9.335718,-287.349823,-0.000495,0.031654
714738,1793,3206.292,1000,10319.61,8.789228,-287.332555,0.000454,0.030974
715524,1794,2596.782,786,10331.35,10.289619,-287.335989,-5.3e-05,0.031028
716524,1795,3241.851,1000,10346.02,7.959751,-287.25845,-0.000189,0.031355
717524,1796,3217.643,1000,10361.49,9.115381,-287.403506,-0.0003,0.03187
718524,1797,3230.05,1000,10375.67,7.967424,-287.28649,0.000792,0.030584
719173,1798,2060.483,649,10384.15,9.224631,-287.524284,-0.001568,0.032191
720173,1799,3219.597,1000,10404.36,9.333447,-287.598705,0.001084,0.030475
721173,1800,3230.785,1000,10418.22,8.230331,-287.457783,0.000177,0.030259
722173,1801,3228.46,1000,10431.92,8.526947,-287.064403,0.000135,0.030049
723173,1802,3205.308,1000,10446.58,8.776035,-287.513008,-0.000591,0.030941
724173,1803,3211.112,1000,10459.9,9.258552,-287.409739,0.00069,0.029914
725173,1804,3217.581,1000,10473.9,8.214036,-287.539719,-8.9e-05,0.03012
726173,1805,3233.777,1000,10487.28,9.56084,-287.512863,-0.000497,0.030868
726844,1806,2148.086,671,10496.66,8.970823,-287.451012,8e-05,0.030804
727844,1807,3227.543,1000,10510.16,9.939933,-287.534267,0.000337,0.030205
728844,1808,3230.63,1000,10524.17,8.352148,-287.838452,0.000478,0.029582
729844,1809,3232.018,1000,10537.08,9.681899,-287.671953,-0.000127,0.029697
730844,1810,3226.452,1000,10557.05,6.642503,-287.793736,-0.000947,0.031198
731844,1811,3235.731,1000,10572.35,8.682168,-287.964772,0.000383,0.030545
732844,1812,3231.169,1000,10588.49,10.054089,-287.846431,3.5e-05,0.030539
733844,1813,3204.125,1000,10605.34,10.507511,-287.946948,0.000487,0.029801
734844,1814,3224.834,1000,10619.16,8.809576,-288.119821,-1.9e-05,0.029885
735844,1815,3183.18,1000,10632.56,7.171339,-288.299403,-0.000309,0.030333
736844,1816,3222.541,1000,10645.59,11.630492,-288.156801,-1.8e-05,0.030406
737844,1817,3252.014,1000,10659.51,8.97213,-288.21879,-0.000599,0.031321
738844,1818,3240.342,1000,10672.71,7.891091,-288.28423,5e-06,0.031364
739586,1819,2415.583,742,10683.4,9.393907,-288.188055,0.000772,0.030458
740586,1820,3216.138,1000,10705.12,8.771868,-288.560754,-0.00027,0.030866
741586,1821,3238.505,1000,10720.32,8.793118,-288.434374,0.000138,0.030655
742586,1822,3219.166,1000,10735.17,8.638699,-288.697001,-6e-05,0.030788
743586,1823,3222.0,1000,10749.0,9.324317,-288.751402,0.00103,0.029146
744586,1824,3221.184,1000,10762.36,8.010674,-288.651567,-0.000934,0.030643
745586,1825,3224.287,1000,10775.94,8.677954,-288.886012,0.000442,0.02994
746586,1826,3238.186,1000,10790.03,8.004786,-288.761127,-0.000411,0.030598
747532,1827,3150.936,946,10802.72,6.987804,-288.595213,0.000222,0.030253
748532,1828,3226.795,1000,10816.43,8.812533,-288.803377,-3e-06,0.030324
749344,1829,2640.297,812,10827.37,8.508581,-288.849761,8.6e-05,0.030147
750344,1830,3206.308,1000,10847.75,9.4268,-288.802249,8.5e-05,0.030048
751344,1831,3246.129,1000,10860.91,8.594877,-288.693338,-0.00063,0.031055
751912,1832,1881.078,568,10869.01,7.583633,-288.913378,0.000713,0.030387
752480,1833,1906.632,568,10876.89,8.351393,-288.80618,0.000455,0.029974
753127,1834,2177.064,647,10885.01,6.722334,-288.636066,-7.2e-05,0.029966
754127,1835,3238.169,1000,10898.74,10.139209,-288.912511,-0.000327,0.030588
755127,1836,3225.375,1000,10911.71,6.741879,-289.144989,0.000884,0.029136
755766,1837,2099.208,639,10921.17,10.363711,-288.926506,-0.001902,0.031166
756725,1838,3185.4,959,10935.64,8.595716,-289.01667,0.000457,0.030424
757286,1839,1809.889,561,10944.19,6.901577,-289.046934,0.000701,0.029797
758286,1840,3321.842,1000,10960.62,7.93026,-289.060193,-0.000688,0.030814
758999,1841,2366.533,713,10972.18,9.137552,-289.092675,0.00041,0.030461
759882,1842,2932.853,883,10984.02,9.026803,-289.011864,4.8e-05,0.030377
760882,1843,3230.052,1000,11003.27,8.444347,-289.08216,-0.000179,0.03071
761882,1844,3244.013,1000,11016.43,8.330642,-289.113435,-0.000373,0.031264
762882,1845,3213.363,1000,11030.21,8.981051,-289.055809,0.000595,0.030341
763882,1846,3221.183,1000,11045.06,11.877678,-289.143458,-0.000139,0.030524
764882,1847,3225.126,1000,11059.16,8.431012,-289.273393,0.000522,0.029746
765882,1848,3274.08,1000,11074.22,6.680974,-289.30749,-0.000676,0.030779
766772,1849,2916.357,890,11087.44,7.497498,-289.291738,0.000122,0.030651
767772,1850,3203.296,1000,11101.37,9.235925,-289.061046,-0.000115,0.030854
768444,1851,2147.523,672,11110.93,9.017557,-289.384348,-0.000393,0.031257
769444,1852,3210.618,1000,11124.38,9.231134,-289.303445,-0.000233,0.031607
770444,1853,3231.652,1000,11144.02,10.315371,-289.241357,0.000331,0.031112
771444,1854,3225.044,1000,11157.6,7.420512,-289.49886,0.000465,0.030435
772444,1855,3239.015,1000,11171.13,8.791215,-289.414125,-0.000129,0.030569
773444,1856,3236.328,1000,11184.68,8.297211,-289.225824,-0.000253,0.031025
774444,1857,3283.712,1000,11198.15,7.901642,-289.201403,0.000534,0.030193
775444,1858,3223.166,1000,11212.0,9.165369,-289.415198,-0.000377,0.030765
776444,1859,3248.761,1000,11225.11,9.908669,-289.491136,0.000177,0.030462
777444,1860,3245.269,1000,11239.19,9.160072,-289.574451,-0.000255,0.030891
778444,1861,3243.66,1000,11251.87,9.546687,-289.650867,-4.6e-05,0.030931
779444,1862,3240.777,1000,11265.53,10.676773,-289.515103,-0.000251,0.031334
780444,1863,3238.61,1000,11285.63,6.457015,-289.75206,0.000272,0.030878
781008,1864,1844.208,564,11294.09,7.791537,-289.642047,0.00069,0.030277
782008,1865,3254.678,1000,11308.82,10.534154,-289.467408,-0.00088,0.03168
783008,1866,3241.088,1000,11325.18,6.923939,-289.603457,0.000602,0.030761
784008,1867,3221.054,1000,11339.45,9.372863,-289.769807,0.000583,0.02981
785008,1868,3217.971,1000,11353.01,9.092792,-289.768258,-0.000271,0.03025
786008,1869,3235.103,1000,11366.72,8.142954,-289.827993,0.000311,0.029729
787008,1870,3236.291,1000,11380.35,7.279657,-289.854105,5.1e-05,0.029653
788008,1871,3232.612,1000,11394.33,8.039373,-290.070979,-0.000571,0.030655
789008,1872,3212.431,1000,11408.96,8.128726,-289.929196,0.000273,0.030185
790008,1873,3251.905,1000,11430.54,8.034145,-290.187296,-0.000235,0.030528
790744,1874,2395.358,736,11442.06,7.933284,-290.199048,-9.7e-05,0.030702
791744,1875,3237.132,1000,11456.93,8.544293,-290.19795,0.000784,0.029446
792744,1876,3245.622,1000,11470.29,10.694275,-290.263322,-0.001086,0.031199
793364,1877,2019.837,620,11479.1,11.141341,-289.986542,0.000669,0.030508
794364,1878,3251.951,1000,11492.9,7.162708,-290.201541,0.00021,0.030131
795364,1879,3220.077,1000,11507.06,9.421326,-290.211047,-4.9e-05,0.030267
796364,1880,3231.313,1000,11520.37,8.369534,-290.247203,-0.000549,0.031164
797338,1881,3283.267,974,11533.91,8.241242,-290.24258,0.000365,0.030621
798338,1882,3245.283,1000,11547.14,10.268437,-290.315276,0.000785,0.029402
799338,1883,3189.307,1000,11560.93,10.448711,-290.37966,-0.00016,0.029609
800338,1884,3210.926,1000,11580.26,9.173468,-290.320957,-4.9e-05,0.029673
801338,1885,3226.65,1000,11593.64,6.318411,-290.515931,-0.000377,0.030309
802338,1886,3240.458,1000,11607.45,10.220765,-290.454414,-0.000338,0.030894
803338,1887,3250.1,1000,11620.65,7.520502,-290.597227,0.000982,0.029307
804338,1888,3229.705,1000,11634.83,7.777654,-290.6534,-0.001009,0.030886
805338,1889,3221.221,1000,11650.16,7.564808,-290.539644,0.000337,0.030362
806338,1890,3218.123,1000,11665.45,8.225698,-290.620018,-0.000425,0.031048
807338,1891,3247.894,1000,11682.18,10.027619,-290.514914,0.000299,0.030641
808338,1892,3229.692,1000,11696.33,8.197493,-290.707026,4.6e-05,0.030517
809338,1893,3222.523,1000,11709.81,7.280601,-290.546581,0.000575,0.02957
810338,1894,3226.26,1000,11729.14,8.40724,-290.648356,0.000523,0.028797
811338,1895,3238.432,1000,11742.82,8.475475,-290.768281,-5.4e-05,0.028819
811430,1896,178.166,92,11744.09,4.924481,-290.632589,-0.002835,0.029152
812430,1897,3204.313,1000,11758.66,8.969505,-290.676453,1.2e-05,0.029208
813430,1898,3202.465,1000,11773.0,8.835219,-290.879639,-3.1e-05,0.029274
814430,1899,3239.487,1000,11787.91,8.667494,-290.789985,-6.2e-05,0.029339
815430,1900,3250.707,1000,11802.99,9.209345,-291.087537,-0.000516,0.030197
816430,1901,3249.35,1000,11817.86,10.289133,-290.883914,-0.000736,0.03135
817430,1902,3196.317,1000,11831.5,10.47549,-291.115851,1.7e-05,0.03133
818430,1903,3298.845,1000,11845.43,7.301445,-291.11605,0.000716,0.030208
819430,1904,3210.274,1000,11859.02,8.36413,-291.266187,-0.000838,0.031588
820430,1905,3199.729,1000,11877.03,9.901357,-291.273545,0.000135,0.031352
821430,1906,3253.322,1000,11890.09,7.159268,-291.324381,-8e-06,0.031329
822147,1907,2349.205,717,11900.36,12.601612,-291.318683,0.000393,0.030921
822723,1908,1907.237,576,11908.07,8.554681,-291.212574,0.00058,0.030441
823723,1909,3221.655,1000,11921.56,8.199317,-291.502848,0.000604,0.029438
824013,1910,986.758,290,11925.23,8.242248,-291.389585,-0.00064,0.029711
824650,1911,2096.196,637,11934.32,7.816,-291.637344,0.000279,0.029435
825650,1912,3219.736,1000,11948.86,7.721313,-291.652395,-0.000121,0.029665
826373,1913,2381.958,723,11958.66,6.29424,-291.240953,0.000403,0.029221
826848,1914,1552.25,475,11964.84,8.810072,-291.740113,-0.00036,0.02948
827848,1915,3270.301,1000,11978.76,11.130544,-291.298021,8.6e-05,0.029354
828848,1916,3213.639,1000,11991.83,10.224571,-291.407424,3.8e-05,0.029305
829848,1917,3247.332,1000,12006.4,8.847731,-291.406508,-0.000744,0.030475
830848,1918,3240.061,1000,12029.0,9.157196,-291.487878,-2.8e-05,0.030511
831848,1919,3210.66,1000,12045.03,8.891132,-291.300811,0.000685,0.02946
832848,1920,3231.831,1000,12059.81,6.238927,-291.533748,-0.000336,0.029981
833356,1921,1699.846,508,12066.67,9.765766,-291.347295,0.000652,0.029478
834356,1922,3214.856,1000,12079.93,6.295307,-291.518173,-0.000768,0.030622
835356,1923,3197.052,1000,12094.01,9.533404,-291.42482,0.000651,0.029668
836356,1924,3207.448,1000,12107.43,8.435075,-291.551626,0.000802,0.028467
837356,1925,3208.412,1000,12121.93,8.0493,-291.496908,-5.8e-05,0.028528
838356,1926,3211.926,1000,12136.25,8.347016,-291.791755,-0.000755,0.029708
839356,1927,3215.707,1000,12151.72,8.35278,-291.693375,-0.000512,0.030469
840356,1928,3210.581,1000,12175.37,7.388692,-291.783662,0.000602,0.029593
841356,1929,3207.658,1000,12188.82,7.165919,-291.579257,0.000366,0.028962
842356,1930,3220.9,1000,12203.04,8.17257,-291.782787,9.8e-05,0.028784
843356,1931,3228.769,1000,12216.4,8.963063,-292.013091,-0.000312,0.029338
844356,1932,3236.293,1000,12230.13,10.637161,-292.036041,0.000194,0.029014
845356,1933,3228.747,1000,12243.76,7.975024,-292.021515,-0.00015,0.029278
846356,1934,3231.227,1000,12257.19,6.983737,-291.878523,0.000311,0.028796
847356,1935,3213.51,1000,12270.96,9.540567,-292.008147,-0.000228,0.029111
848356,1936,3225.253,1000,12284.41,8.052611,-291.95078,0.00013,0.028931
849356,1937,3208.335,1000,12298.53,8.033418,-291.827854,-8.8e-05,0.029064
850356,1938,3240.649,1000,12317.82,6.637688,-291.930574,-0.000331,0.029587
851356,1939,3222.746,1000,12331.83,10.132999,-292.151057,0.0007,0.028498
852356,1940,3232.052,1000,12345.17,9.680944,-292.170568,-0.000524,0.029328
853356,1941,3216.755,1000,12359.91,7.806608,-292.005122,0.000279,0.028849
854356,1942,3221.606,1000,12374.54,11.400828,-292.183435,-5.8e-05,0.02893
855356,1943,3220.348,1000,12390.43,6.68902,-292.110604,0.0001,0.028751
856356,1944,3238.253,1000,12406.82,7.65562,-292.06956,-0.000206,0.029111
857137,1945,2631.997,781,12417.8,7.626529,-292.067874,-0.000396,0.029625
858137,1946,3237.939,1000,12431.38,7.643822,-292.467156,-7.6e-05,0.029736
859137,1947,3205.412,1000,12444.32,9.171034,-292.384477,-6.8e-05,0.029845
860137,1948,3189.499,1000,12461.18,8.049376,-292.465459,3.8e-05,0.029802
861137,1949,3228.3,1000,12474.42,7.401493,-292.390785,0.000248,0.029429
862137,1950,3230.168,1000,12488.88,8.526432,-292.544794,-0.000135,0.029624
863137,1951,3230.529,1000,12503.76,6.493518,-292.5992,0.000238,0.029304
864137,1952,3241.436,1000,12518.96,7.840316,-292.597439,0.000303,0.028787
865137,1953,3231.566,1000,12534.14,8.983981,-292.499828,-8e-06,0.028782
866137,1954,3223.748,1000,12547.52,6.785535,-292.718701,5.2e-05,0.028725
867137,1955,3236.85,1000,12561.35,6.676507,-292.925522,0.000286,0.028224
868137,1956,3234.252,1000,12574.77,7.830484,-292.986078,-0.000305,0.028739
869137,1957,3231.363,1000,12589.07,8.163224,-292.996352,-9e-06,0.028729
870137,1958,3212.45,1000,12608.11,7.454878,-292.944703,-0.000372,0.029322
871137,1959,3248.608,1000,12621.68,7.710384,-292.984943,0.000978,0.027898
871941,1960,2639.04,804,12632.27,11.350891,-292.88576,-0.000153,0.028127
872941,1961,3234.764,1000,12646.44,8.167864,-292.806823,-0.000282,0.028497
873941,1962,3191.26,1000,12659.79,8.792723,-293.063654,7.1e-05,0.028422
874941,1963,3232.411,1000,12673.54,9.276919,-292.955903,0.000499,0.02775
875941,1964,3202.537,1000,12687.01,8.226955,-293.03617,5.5e-05,0.027607
876941,1965,3216.559,1000,12700.44,6.376012,-293.102529,-0.000278,0.028072
877941,1966,3210.387,1000,12713.82,9.835333,-292.943609,-0.000223,0.02845
878941,1967,3209.512,1000,12728.93,7.218104,-293.004988,-0.000102,0.028587
879941,1968,3228.664,1000,12744.24,8.365607,-293.081738,0.00016,0.028373
880630,1969,2319.985,689,12760.35,8.779529,-293.005834,-6.6e-05,0.028409
881630,1970,3220.26,1000,12776.38,7.769275,-293.083546,0.000632,0.027467
882630,1971,3228.458,1000,12789.15,11.104212,-293.193642,-0.000637,0.028374
883630,1972,3242.904,1000,12802.95,7.498859,-293.375009,0.000314,0.027954
884630,1973,3227.756,1000,12815.9,8.438707,-293.212819,0.000647,0.026933
885630,1974,3267.796,1000,12829.74,6.930118,-293.56697,0.000123,0.026782
886630,1975,3219.969,1000,12844.74,9.555528,-293.513364,-0.000362,0.027306
887630,1976,3232.999,1000,12859.49,8.018896,-293.452552,-0.000675,0.028466
888630,1977,3242.667,1000,12874.47,7.050792,-293.550846,-0.000365,0.029118
889630,1978,3244.242,1000,12889.66,7.857195,-293.62231,0.000182,0.02881
890630,1979,3233.421,1000,12910.09,6.420312,-293.623032,0.000821,0.027566
890931,1980,994.13,301,12914.12,7.373254,-293.838398,-0.000123,0.027622
891931,1981,3227.851,1000,12927.56,9.309863,-293.79625,-0.000133,0.027818
892808,1982,2959.535,877,12940.03,9.071597,-293.575402,-0.000368,0.028286
893808,1983,3230.83,1000,12953.5,7.94867,-293.925536,0.000191,0.027997
894808,1984,3237.639,1000,12967.02,7.208072,-293.846831,-2.8e-05,0.028044
895808,1985,3256.332,1000,12980.56,9.203341,-294.003526,0.000205,0.027763
896093,1986,973.069,285,12984.51,5.174455,-294.376225,0.001173,0.027246
897093,1987,3243.736,1000,12997.56,8.165535,-294.055003,-0.000561,0.028106
898093,1988,3250.539,1000,13011.76,6.650417,-294.152515,0.000209,0.027808
899093,1989,3247.055,1000,13024.74,8.986393,-294.129617,-0.00025,0.028165
900093,1990,3228.428,1000,13044.66,8.08292,-294.098832,0.000214,0.027846
901093,1991,3227.184,1000,13057.77,7.340685,-293.991307,0.000658,0.02679
902093,1992,3224.418,1000,13071.09,7.027506,-294.157335,-0.000551,0.027741
903093,1993,3214.148,1000,13086.09,8.502439,-294.020173,-0.000326,0.028068
903167,1994,152.944,74,13087.12,12.672212,-294.453094,-0.006894,0.028905
903644,1995,1567.309,477,13094.31,6.391974,-294.088277,0.001032,0.028209
904280,1996,2084.354,636,13104.28,8.195197,-294.085563,0.000378,0.027889
905280,1997,3218.624,1000,13120.71,7.556772,-294.083376,-0.000393,0.028414
906280,1998,3238.871,1000,13136.51,7.014089,-294.116804,0.000888,0.027216
907280,1999,3216.19,1000,13150.01,8.423048,-294.29827,0.000384,0.026606
908280,2000,3214.613,1000,13163.43,8.931513,-294.235054,-0.000773,0.027815
909280,2001,3214.632,1000,13176.92,6.964509,-294.393815,9.9e-05,0.027619
910280,2002,3221.326,1000,13197.0,7.187822,-294.245529,-0.000212,0.028018
910950,2003,2225.514,670,13206.64,8.1645,-294.506547,0.000698,0.027254
911950,2004,3237.7,1000,13221.15,7.03564,-294.531565,-0.000356,0.027877
912950,2005,3240.548,1000,13236.09,9.152358,-294.619456,0.000845,0.026596
913950,2006,3233.489,1000,13251.27,7.668752,-294.568382,-0.000343,0.027091
914950,2007,3228.221,1000,13264.62,8.581541,-294.485388,-0.001608,0.029669
915423,2008,1562.112,473,13271.06,8.046132,-294.858411,0.000781,0.029071
915733,2009,1037.834,310,13275.5,8.454484,-294.278157,0.001879,0.028225
916733,2010,3254.018,1000,13289.43,6.168222,-294.71287,0.000108,0.028079
917733,2011,3252.711,1000,13303.81,9.956117,-294.583216,-0.000135,0.028205
918733,2012,3221.788,1000,13317.09,8.173199,-294.829801,-0.000131,0.028469
919733,2013,3221.361,1000,13331.02,7.384314,-294.858924,0.00097,0.026972
920733,2014,3233.21,1000,13349.46,7.869159,-294.782605,-0.00044,0.027602
921127,2015,1255.295,394,13355.03,6.881421,-294.608463,-5.2e-05,0.027692
921465,2016,1055.494,338,13359.7,12.374865,-294.815185,6.3e-05,0.027604
922018,2017,1821.576,553,13366.95,9.420536,-294.872495,-0.000156,0.027776
923018,2018,3239.939,1000,13380.84,6.796342,-294.754136,0.000364,0.027209
924018,2019,3253.163,1000,13393.96,6.733023,-294.746056,-0.000407,0.027828
925018,2020,3207.75,1000,13407.76,7.004331,-294.996047,0.000395,0.027227
926018,2021,3196.901,1000,13420.64,8.153969,-295.034224,-0.000232,0.02754
926668,2022,2164.511,650,13429.66,7.465392,-295.090236,0.00061,0.026993
927668,2023,3208.034,1000,13444.47,8.997389,-295.04915,-0.000341,0.027494
928668,2024,3208.219,1000,13459.43,9.881327,-295.142617,-0.000396,0.028128
929668,2025,3216.288,1000,13475.94,6.157144,-295.352359,-0.000192,0.028407
930156,2026,1567.564,488,13492.4,9.542876,-294.860991,0.000695,0.027958
930480,2027,994.522,324,13496.88,11.160155,-295.007986,0.000536,0.027674
931480,2028,3218.162,1000,13509.91,7.758925,-294.963028,-0.000462,0.028374
932480,2029,3195.498,1000,13523.91,8.504228,-294.800069,0.000948,0.027031
933388,2030,2972.462,908,13536.09,9.879669,-294.903022,2.3e-05,0.026914
934388,2031,3228.803,1000,13549.75,6.759971,-294.854618,-0.000162,0.027199
935221,2032,2751.284,833,13561.66,8.560052,-295.196783,5.9e-05,0.027137
936221,2033,3220.54,1000,13575.96,8.696309,-294.996953,-0.000758,0.028356
936973,2034,2471.746,752,13587.14,8.048806,-295.134502,0.000378,0.027892
937267,2035,997.205,294,13591.41,6.243233,-294.603383,0.000711,0.027543
938267,2036,3210.2,1000,13606.83,8.024778,-294.784716,-0.000349,0.028135
939267,2037,3237.471,1000,13621.51,7.78091,-294.831408,-1.4e-05,0.028096
940267,2038,3234.177,1000,13641.0,7.694975,-294.787386,0.000452,0.027461
941267,2039,3201.39,1000,13655.71,6.721372,-294.715501,0.000152,0.027213
942267,2040,3246.573,1000,13669.23,8.114125,-294.908608,-0.000606,0.028167
943267,2041,3225.773,1000,13682.98,8.214287,-295.130829,0.000956,0.026729
944246,2042,3216.002,979,13696.21,8.524443,-294.741396,-0.000965,0.028218
945246,2043,3210.885,1000,13709.66,10.358637,-295.076079,-8.8e-05,0.028281
946246,2044,3235.324,1000,13723.22,6.830987,-295.078711,0.000236,0.027918
947246,2045,3225.69,1000,13736.85,8.987645,-295.123988,-0.000386,0.028579
948246,2046,3202.373,1000,13750.54,7.854398,-294.982618,0.000737,0.027436
949246,2047,3241.783,1000,13763.9,6.436156,-294.971949,-0.000444,0.02808
950191,2048,3105.845,945,13783.05,9.077334,-295.106271,-0.000821,0.029278
951191,2049,3216.018,1000,13796.76,7.798292,-295.188776,0.000927,0.02792
952191,2050,3220.69,1000,13811.54,7.04643,-295.172982,9.7e-05,0.027763
952823,2051,2100.234,632,13821.3,6.429062,-295.089544,-0.000148,0.027876
953823,2052,3201.557,1000,13837.87,8.567601,-295.194204,0.000413,0.027272
954823,2053,3239.195,1000,13853.85,9.465275,-295.234675,-0.00071,0.028401
955823,2054,3227.634,1000,13867.6,6.640692,-295.141776,0.000946,0.026913
956823,2055,3204.279,1000,13880.78,7.632105,-295.223861,-0.000236,0.027302
957823,2056,3229.138,1000,13894.46,6.678816,-295.323538,-0.00069,0.028348
958823,2057,3239.862,1000,13908.13,9.194432,-295.16798,0.001253,0.026572
959823,2058,3201.92,1000,13922.85,7.786247,-295.265809,-0.00065,0.027499
960823,2059,3227.264,1000,13943.9,8.426233,-295.243486,-6.8e-05,0.027697
961823,2060,3231.05,1000,13959.5,7.896463,-295.459119,-0.00024,0.028055
962823,2061,3232.233,1000,13974.44,8.307076,-295.408035,-0.000346,0.028531
963823,2062,3232.892,1000,13987.63,6.196344,-295.551958,3e-05,0.028493
964823,2063,3236.232,1000,14001.54,6.783079,-295.320209,0.000144,0.028265
965823,2064,3213.953,1000,14015.01,8.383918,-295.405583,-0.000193,0.028567
966823,2065,3221.478,1000,14029.23,9.068696,-295.443156,-0.000151,0.028833
967823,2066,3236.594,1000,14042.62,5.819172,-295.354291,0.000793,0.027616
968823,2067,3242.109,1000,14055.91,7.652455,-295.409821,0.000246,0.027196
969823,2068,3224.125,1000,14069.76,8.218277,-295.284103,4.8e-05,0.027151
970823,2069,3232.007,1000,14089.1,8.090091,-295.735583,-0.000326,0.02762
971823,2070,3214.258,1000,14102.94,7.767753,-295.706775,-0.000589,0.028561
972823,2071,3219.119,1000,14116.46,7.508938,-295.648228,0.0001,0.028415
973823,2072,3228.927,1000,14130.32,8.285576,-295.607828,0.000569,0.027504
974823,2073,3222.995,1000,14143.48,8.81736,-295.702931,0.000279,0.027093
975823,2074,3222.723,1000,14158.05,8.941211,-295.781019,-0.000755,0.02826
976823,2075,3235.028,1000,14173.11,8.123048,-295.633452,0.000591,0.027309
977823,2076,3199.919,1000,14188.13,5.941184,-295.78037,0.000623,0.026381
978823,2077,3217.672,1000,14204.91,7.054431,-295.931068,-0.000258,0.026755
979823,2078,3230.968,1000,14218.89,8.641676,-295.911349,-0.000124,0.026961
980823,2079,3232.07,1000,14238.98,7.885351,-295.935804,0.000441,0.026263
981823,2080,3217.677,1000,14252.53,9.203838,-295.983973,-0.000442,0.02706
982823,2081,3237.195,1000,14266.7,8.584793,-296.05641,-3e-06,0.027032
983823,2082,3235.314,1000,14280.8,7.757946,-296.268768,2e-05,0.026935
984823,2083,3245.359,1000,14295.3,8.331574,-296.253861,-0.000446,0.027641
985823,2084,3217.733,1000,14310.29,8.130362,-296.154259,0.000711,0.026618
986823,2085,3238.913,1000,14325.61,6.133407,-296.045819,0.000566,0.025764
987823,2086,3266.375,1000,14340.24,7.216891,-296.094304,-0.001305,0.027738
988823,2087,3266.353,1000,14353.43,7.723993,-296.345324,6.4e-05,0.027663
989552,2088,2401.926,729,14363.95,6.476836,-296.330818,0.001138,0.02645
990552,2089,3241.93,1000,14384.19,8.400675,-296.215241,0.0,0.026473
991552,2090,3244.141,1000,14398.3,6.25522,-296.382071,-0.00034,0.027015
992552,2091,3222.656,1000,14411.47,7.657605,-296.314916,0.000136,0.026721
993552,2092,3222.659,1000,14425.07,8.495924,-296.468554,-0.000343,0.02726
994552,2093,3217.078,1000,14438.43,8.660259,-296.603682,-2e-05,0.02734
995552,2094,3206.205,1000,14452.31,8.383715,-296.395553,0.000761,0.026149
996394,2095,2693.408,842,14463.58,6.559076,-296.402961,-0.000485,0.026822
997394,2096,3229.929,1000,14477.49,6.548334,-296.611759,0.000473,0.026008
998394,2097,3195.892,1000,14491.06,10.301696,-296.649182,-0.000917,0.027532
999394,2098,3232.333,1000,14504.35,7.37972,-296.583819,0.000823,0.026244
999695,2099,975.28,301,14508.28,5.69005,-296.834077,0.001167,0.025679
