timestep,episode,episode_reward,episode_length,wall_time,critic_loss,actor_loss,alpha_loss,alpha
18,0,17.969,18,0.01,,,,
34,1,8.328,16,0.02,,,,
49,2,10.998,15,0.02,,,,
60,3,8.553,11,0.02,,,,
74,4,9.207,14,0.03,,,,
90,5,7.892,16,0.03,,,,
125,6,17.815,35,0.04,,,,
179,7,68.779,54,0.04,,,,
197,8,14.565,18,0.05,,,,
219,9,10.643,22,0.05,,,,
233,10,8.673,14,0.05,,,,
257,11,14.516,24,0.06,,,,
269,12,7.067,12,0.06,,,,
285,13,12.551,16,0.06,,,,
327,14,41.308,42,0.07,,,,
343,15,12.957,16,0.07,,,,
363,16,10.644,20,0.07,,,,
380,17,6.369,17,0.08,,,,
405,18,27.056,25,0.08,,,,
436,19,9.49,31,0.09,,,,
453,20,16.616,17,0.11,,,,
471,21,9.348,18,0.11,,,,
481,22,6.149,10,0.12,,,,
500,23,10.149,19,0.12,,,,
518,24,11.071,18,0.12,,,,
543,25,23.796,25,0.12,,,,
558,26,8.444,15,0.13,,,,
592,27,30.519,34,0.13,,,,
612,28,8.37,20,0.13,,,,
632,29,6.938,20,0.14,,,,
651,30,18.768,19,0.14,,,,
667,31,7.769,16,0.14,,,,
705,32,26.881,38,0.15,,,,
744,33,39.024,39,0.15,,,,
772,34,31.371,28,0.16,,,,
786,35,9.826,14,0.16,,,,
796,36,6.323,10,0.16,,,,
815,37,10.827,19,0.16,,,,
828,38,4.769,13,0.17,,,,
851,39,14.126,23,0.17,,,,
867,40,13.189,16,0.17,,,,
898,41,39.688,31,0.18,,,,
925,42,18.801,27,0.18,,,,
990,43,47.766,65,0.19,,,,
1007,44,7.081,17,0.19,,,,
1038,45,31.451,31,0.2,,,,
1057,46,17.217,19,0.2,,,,
1069,47,7.927,12,0.2,,,,
1085,48,11.063,16,0.2,,,,
1104,49,13.101,19,0.21,,,,
1129,50,16.882,25,0.21,,,,
1144,51,13.434,15,0.21,,,,
1155,52,3.65,11,0.22,,,,
1187,53,10.357,32,0.22,,,,
1197,54,5.357,10,0.22,,,,
1248,55,62.992,51,0.23,,,,
1265,56,11.504,17,0.23,,,,
1302,57,38.653,37,0.24,,,,
1317,58,5.96,15,0.24,,,,
1338,59,11.262,21,0.24,,,,
1365,60,10.818,27,0.25,,,,
1385,61,17.738,20,0.25,,,,
1396,62,7.303,11,0.25,,,,
1428,63,16.967,32,0.26,,,,
1437,64,5.527,9,0.26,,,,
1455,65,14.259,18,0.26,,,,
1476,66,12.809,21,0.26,,,,
1494,67,10.655,18,0.27,,,,
1513,68,11.095,19,0.27,,,,
1523,69,5.961,10,0.27,,,,
1595,70,90.181,72,0.28,,,,
1613,71,18.925,18,0.28,,,,
1626,72,7.684,13,0.29,,,,
1663,73,10.482,37,0.29,,,,
1677,74,8.584,14,0.29,,,,
1701,75,25.066,24,0.3,,,,
1711,76,8.407,10,0.3,,,,
1735,77,20.17,24,0.3,,,,
1758,78,15.574,23,0.3,,,,
1788,79,15.405,30,0.31,,,,
1800,80,7.535,12,0.31,,,,
1825,81,12.178,25,0.32,,,,
1838,82,10.324,13,0.32,,,,
1868,83,18.528,30,0.33,,,,
1880,84,7.68,12,0.33,,,,
1903,85,20.547,23,0.33,,,,
1912,86,6.046,9,0.33,,,,
1923,87,7.409,11,0.33,,,,
1954,88,19.513,31,0.34,,,,
1978,89,11.778,24,0.34,,,,
1998,90,17.979,20,0.34,,,,
2033,91,14.457,35,0.35,,,,
2044,92,8.447,11,0.35,,,,
2063,93,9.357,19,0.35,,,,
2089,94,33.055,26,0.36,,,,
2101,95,9.421,12,0.36,,,,
2118,96,8.581,17,0.36,,,,
2142,97,30.722,24,0.37,,,,
2159,98,7.652,17,0.37,,,,
2190,99,17.783,31,0.37,,,,
2210,100,17.049,20,0.38,,,,
2224,101,11.637,14,0.38,,,,
2238,102,8.019,14,0.38,,,,
2261,103,7.812,23,0.39,,,,
2276,104,11.181,15,0.39,,,,
2292,105,7.641,16,0.39,,,,
2305,106,9.58,13,0.4,,,,
2325,107,8.463,20,0.4,,,,
2377,108,73.158,52,0.41,,,,
2401,109,18.366,24,0.41,,,,
2415,110,11.171,14,0.41,,,,
2427,111,9.901,12,0.41,,,,
2459,112,16.21,32,0.42,,,,
2513,113,82.188,54,0.43,,,,
2523,114,5.022,10,0.43,,,,
2539,115,14.279,16,0.43,,,,
2555,116,8.468,16,0.44,,,,
2575,117,7.869,20,0.44,,,,
2593,118,10.356,18,0.44,,,,
2637,119,39.988,44,0.45,,,,
2651,120,5.47,14,0.45,,,,
2664,121,11.452,13,0.45,,,,
2692,122,28.27,28,0.46,,,,
2730,123,19.066,38,0.46,,,,
2743,124,9.071,13,0.47,,,,
2773,125,9.146,30,0.47,,,,
2796,126,19.953,23,0.47,,,,
2806,127,3.911,10,0.47,,,,
2828,128,17.157,22,0.48,,,,
2844,129,15.079,16,0.48,,,,
2865,130,18.914,21,0.48,,,,
2882,131,8.878,17,0.49,,,,
2909,132,11.033,27,0.49,,,,
2926,133,12.572,17,0.49,,,,
2943,134,11.379,17,0.5,,,,
2965,135,22.692,22,0.5,,,,
2985,136,13.549,20,0.5,,,,
3001,137,13.982,16,0.51,,,,
3021,138,12.824,20,0.51,,,,
3069,139,71.555,48,0.52,,,,
3085,140,8.207,16,0.52,,,,
3111,141,5.835,26,0.53,,,,
3133,142,14.913,22,0.53,,,,
3152,143,11.104,19,0.54,,,,
3163,144,7.778,11,0.54,,,,
3175,145,7.585,12,0.54,,,,
3193,146,10.922,18,0.54,,,,
3212,147,17.346,19,0.55,,,,
3227,148,12.443,15,0.55,,,,
3245,149,12.657,18,0.55,,,,
3258,150,8.855,13,0.56,,,,
3274,151,10.36,16,0.56,,,,
3296,152,10.84,22,0.56,,,,
3310,153,11.591,14,0.56,,,,
3323,154,7.59,13,0.57,,,,
3338,155,11.975,15,0.57,,,,
3350,156,6.768,12,0.57,,,,
3374,157,9.468,24,0.57,,,,
3389,158,12.185,15,0.58,,,,
3417,159,32.97,28,0.58,,,,
3431,160,8.107,14,0.58,,,,
3468,161,36.295,37,0.59,,,,
3487,162,8.686,19,0.59,,,,
3513,163,11.954,26,0.59,,,,
3546,164,39.409,33,0.6,,,,
3559,165,10.429,13,0.6,,,,
3575,166,11.739,16,0.6,,,,
3589,167,5.398,14,0.6,,,,
3632,168,42.592,43,0.62,,,,
3650,169,19.223,18,0.62,,,,
3700,170,31.606,50,0.63,,,,
3716,171,12.915,16,0.63,,,,
3727,172,7.424,11,0.63,,,,
3742,173,6.065,15,0.64,,,,
3754,174,9.494,12,0.64,,,,
3795,175,29.048,41,0.64,,,,
3811,176,11.552,16,0.65,,,,
3826,177,12.836,15,0.65,,,,
3855,178,15.388,29,0.65,,,,
3904,179,62.858,49,0.66,,,,
3921,180,4.734,17,0.66,,,,
3934,181,9.968,13,0.67,,,,
3963,182,10.358,29,0.67,,,,
4009,183,63.088,46,0.68,,,,
4027,184,14.025,18,0.68,,,,
4045,185,14.306,18,0.68,,,,
4082,186,20.184,37,0.69,,,,
4104,187,11.454,22,0.69,,,,
4133,188,29.319,29,0.7,,,,
4152,189,8.96,19,0.7,,,,
4181,190,9.945,29,0.71,,,,
4206,191,16.228,25,0.71,,,,
4222,192,11.199,16,0.71,,,,
4232,193,6.361,10,0.71,,,,
4248,194,13.524,16,0.71,,,,
4292,195,35.648,44,0.72,,,,
4358,196,48.847,66,0.73,,,,
4372,197,12.168,14,0.74,,,,
4391,198,17.43,19,0.74,,,,
4430,199,36.931,39,0.75,,,,
4454,200,13.351,24,0.76,,,,
4497,201,44.746,43,0.77,,,,
4516,202,7.42,19,0.77,,,,
4536,203,9.604,20,0.77,,,,
4562,204,21.618,26,0.78,,,,
4587,205,14.089,25,0.78,,,,
4598,206,6.48,11,0.78,,,,
4630,207,31.738,32,0.79,,,,
4652,208,12.433,22,0.79,,,,
4664,209,8.943,12,0.79,,,,
4690,210,12.677,26,0.8,,,,
4706,211,10.393,16,0.8,,,,
4720,212,12.308,14,0.8,,,,
4739,213,12.338,19,0.8,,,,
4762,214,23.702,23,0.81,,,,
4776,215,12.998,14,0.81,,,,
4790,216,8.379,14,0.81,,,,
4816,217,22.35,26,0.82,,,,
4832,218,9.653,16,0.82,,,,
4912,219,114.453,80,0.83,,,,
4936,220,23.122,24,0.84,,,,
4948,221,9.713,12,0.84,,,,
4964,222,13.031,16,0.84,,,,
4982,223,11.379,18,0.84,,,,
4996,224,5.161,14,0.85,,,,
5019,225,14.621,23,1.47,9.266389,-2.736261,5.001899,0.994015
5041,226,21.764,22,1.81,3.996395,-4.261347,4.985402,0.987482
5055,227,10.63,14,2.01,2.949097,-4.442631,4.970118,0.983355
5083,228,12.944,28,2.43,2.30495,-4.765165,4.934765,0.975178
5101,229,16.761,18,2.7,1.901752,-5.015581,4.897899,0.96998
5136,230,10.967,35,3.24,1.639853,-5.260514,4.860539,0.959989
5158,231,12.626,22,3.55,1.50526,-5.515601,4.822509,0.953787
5175,232,11.626,17,3.83,1.577669,-5.650209,4.787228,0.949037
5187,233,5.634,12,4.02,1.553769,-5.806988,4.767493,0.945709
5208,234,14.708,21,4.3,1.541628,-5.888793,4.746302,0.939923
5243,235,28.536,35,4.83,1.619536,-6.096051,4.70601,0.930394
5257,236,6.997,14,5.06,1.65236,-6.308702,4.669361,0.926624
5276,237,20.7,19,5.37,1.767946,-6.429209,4.638133,0.921549
5286,238,7.629,10,5.5,1.665246,-6.55314,4.624541,0.918894
5328,239,51.478,42,6.15,1.844714,-6.73372,4.576759,0.907882
5349,240,19.567,21,6.46,1.795269,-6.98586,4.526111,0.902457
5413,241,51.424,64,7.45,1.952333,-7.348205,4.461559,0.886232
5441,242,6.826,28,7.89,2.028435,-7.713665,4.396038,0.879276
5466,243,7.802,25,8.27,2.200703,-7.882683,4.349464,0.873134
5486,244,12.88,20,8.56,2.236257,-8.066596,4.333407,0.868272
5534,245,37.421,48,9.26,2.243411,-8.36896,4.265926,0.856783
5674,246,164.379,140,11.39,2.403093,-9.153729,4.118388,0.824679
5687,247,9.534,13,11.6,2.685516,-9.819335,4.002894,0.821791
5757,248,84.324,70,12.63,2.675124,-10.127332,3.93383,0.806578
5867,249,167.107,110,14.26,2.967466,-10.938829,3.810843,0.783542
5914,250,82.641,47,14.96,3.332588,-11.653736,3.696147,0.774041
5956,251,69.547,42,15.6,3.320339,-12.080335,3.637941,0.765684
6035,252,96.542,79,16.74,3.483099,-12.587105,3.549981,0.750386
6068,253,54.237,33,17.23,4.196646,-13.03201,3.484662,0.744135
6107,254,58.681,39,17.8,3.583283,-13.423849,3.44245,0.736838
6187,255,137.836,80,19.05,3.82346,-13.980453,3.365152,0.722212
6224,256,59.413,37,19.62,4.280317,-14.474814,3.29452,0.715606
6260,257,58.542,36,20.29,4.349569,-14.886153,3.246657,0.709276
6299,258,67.779,39,20.94,5.002302,-15.181844,3.214977,0.702508
6333,259,57.187,34,21.52,5.060237,-15.437557,3.162693,0.696697
6440,260,104.055,107,23.32,5.033267,-16.154678,3.074418,0.678882
6486,261,72.274,46,24.08,5.697354,-16.808154,3.013105,0.671423
6517,262,51.889,31,24.6,6.194039,-17.184175,2.929229,0.666499
6568,263,93.426,51,25.47,5.82394,-17.628413,2.923426,0.658444
6610,264,72.642,42,26.07,6.488405,-17.98766,2.855775,0.651959
6693,265,163.199,83,27.42,6.742021,-18.547423,2.790348,0.639415
6721,266,45.866,28,27.82,7.46019,-19.017749,2.700173,0.63531
6792,267,136.577,71,28.95,7.558013,-19.450015,2.6276,0.625188
6860,268,124.686,68,29.99,6.959512,-20.115474,2.564055,0.615705
6950,269,171.828,90,31.39,7.961332,-20.906527,2.496104,0.603483
6994,270,76.807,44,32.02,8.356795,-21.55759,2.424911,0.597636
7059,271,114.986,65,32.96,8.762195,-22.077631,2.374541,0.589155
7105,272,80.701,46,33.74,8.119748,-22.582556,2.326366,0.583254
7221,273,264.477,116,35.58,9.446817,-23.36353,2.262192,0.568774
7331,274,250.565,110,37.4,9.963608,-24.529062,2.146459,0.555651
7420,275,176.598,89,38.82,9.725048,-25.470949,2.075978,0.545288
7513,276,210.738,93,40.52,10.567407,-26.293804,1.982261,0.534897
7606,277,193.401,93,42.09,11.288302,-27.214158,1.911974,0.524779
7703,278,200.06,97,43.67,12.935549,-28.094644,1.833758,0.514585
7788,279,185.175,85,44.75,12.142327,-29.143789,1.739972,0.506006
7879,280,194.861,91,45.97,13.360204,-29.908506,1.704119,0.496989
7968,281,192.587,89,47.26,13.081346,-30.809807,1.64367,0.488367
8070,282,218.746,102,48.68,16.328121,-31.807389,1.57321,0.478809
8165,283,200.532,95,50.0,15.665578,-32.944901,1.500946,0.470185
8258,284,205.294,93,51.28,15.654063,-33.973473,1.480862,0.461831
8367,285,221.409,109,52.84,15.420725,-35.089765,1.437376,0.452176
8455,286,192.55,88,54.12,17.836622,-36.108496,1.369553,0.444668
8564,287,214.6,109,55.58,19.288396,-37.009871,1.368128,0.435315
8656,288,202.255,92,56.83,19.054417,-38.044297,1.33701,0.427511
8758,289,222.504,102,58.15,19.65211,-39.082902,1.283327,0.419083
8858,290,221.503,100,59.34,21.103531,-40.080524,1.229373,0.411091
8953,291,215.714,95,60.48,22.2665,-40.974699,1.213944,0.403598
9071,292,235.531,118,61.87,21.342227,-42.123915,1.171784,0.394403
9187,293,245.778,116,63.37,22.730741,-43.409162,1.140545,0.385552
9288,294,210.049,101,64.7,23.221754,-44.404905,1.096187,0.37804
9392,295,238.341,104,66.06,23.17899,-45.560995,1.050665,0.370538
9502,296,251.658,110,67.59,25.07248,-46.528038,1.02716,0.362781
9597,297,219.512,95,68.94,24.22408,-47.59776,1.003808,0.35611
9723,298,283.574,126,70.68,25.942894,-48.530721,1.002656,0.347187
9842,299,279.931,119,72.34,24.986556,-49.800957,0.946887,0.339128
9955,300,281.03,113,73.94,26.486767,-50.723487,0.920466,0.331621
10067,301,261.635,112,76.26,26.164118,-52.00315,0.914055,0.324225
10203,302,342.908,136,78.17,28.510639,-53.092956,0.856107,0.315658
10335,303,337.24,132,79.98,27.473342,-54.69551,0.823559,0.30757
10466,304,317.186,131,81.58,28.942084,-55.663648,0.78987,0.299796
10587,305,291.582,121,83.19,29.004418,-56.920192,0.767084,0.292719
10725,306,319.215,138,85.09,30.059001,-58.212929,0.728827,0.284976
10848,307,311.594,123,86.79,32.84579,-59.420246,0.715058,0.278121
10979,308,238.073,131,88.42,31.307743,-60.624735,0.679168,0.271118
11114,309,313.548,135,90.11,33.063905,-61.795077,0.647157,0.264097
11253,310,328.89,139,91.82,34.184425,-62.884106,0.615337,0.257167
11405,311,336.508,152,94.03,32.77242,-64.243822,0.597938,0.249697
11540,312,327.01,135,95.96,33.956486,-65.641607,0.560521,0.243375
11685,313,335.781,145,97.81,35.917359,-66.761917,0.535879,0.236783
11822,314,335.037,137,99.75,34.472636,-68.157827,0.512144,0.230745
11958,315,302.424,136,101.65,36.323407,-69.2765,0.484537,0.224981
12089,316,304.232,131,103.5,35.755164,-70.397351,0.460098,0.219601
12221,317,314.999,132,105.3,34.369722,-71.517901,0.440295,0.214336
12353,318,295.923,132,107.18,36.29214,-72.523261,0.413426,0.20931
12507,319,329.439,154,109.57,36.572396,-73.772831,0.388445,0.203662
12665,320,341.484,158,111.92,33.369064,-75.026311,0.379097,0.197898
12828,321,337.304,163,114.31,38.63222,-76.251603,0.35108,0.192267
12992,322,346.388,164,116.69,40.204331,-77.497234,0.325341,0.186871
13144,323,330.375,152,118.9,40.36814,-78.534375,0.311722,0.18199
13293,324,329.206,149,121.25,40.574918,-79.892582,0.278172,0.177566
13430,325,310.828,137,123.28,39.544345,-80.878948,0.276125,0.173467
13579,326,336.813,149,125.38,39.403514,-81.890752,0.258082,0.169139
13735,327,359.452,156,127.55,41.360706,-83.054021,0.244641,0.164779
13927,328,368.842,192,130.39,39.799795,-84.267514,0.235858,0.159441
14145,329,498.921,218,133.75,41.883687,-85.866123,0.212471,0.153813
14330,330,340.102,185,136.58,44.049838,-87.375888,0.200297,0.149109
14482,331,332.786,152,138.87,43.313429,-88.412243,0.197315,0.145209
14714,332,417.315,232,142.61,43.661986,-89.314284,0.18313,0.139524
14932,333,443.159,218,146.0,46.041552,-90.787242,0.168195,0.134411
15122,334,354.509,190,148.93,41.493489,-92.119981,0.151276,0.130262
15247,335,335.174,125,150.79,44.179858,-93.036323,0.130922,0.127808
15384,336,344.823,137,152.79,42.205177,-93.933026,0.135289,0.124998
15520,337,361.434,136,154.78,48.017662,-94.684486,0.12366,0.122353
15653,338,363.478,133,156.79,42.471058,-95.520663,0.121527,0.119757
15776,339,339.111,123,158.68,48.320037,-95.971839,0.101069,0.11769
15943,340,366.999,167,161.21,45.355065,-97.070532,0.091426,0.115064
16053,341,283.079,110,162.97,44.280893,-98.01676,0.088243,0.113346
16180,342,360.067,127,165.0,46.840253,-98.61696,0.086669,0.111308
16304,343,347.348,124,166.84,44.776314,-99.314754,0.073074,0.10959
16432,344,355.856,128,168.57,47.47692,-99.998818,0.072679,0.10775
16559,345,348.164,127,170.27,46.982513,-100.916331,0.062247,0.106194
16677,346,316.917,118,171.87,49.133828,-101.50037,0.052758,0.104874
16799,347,331.225,122,173.58,50.438254,-102.438951,0.042686,0.103702
16925,348,346.955,126,175.37,46.364159,-102.986026,0.052558,0.102233
17046,349,319.26,121,177.11,47.55571,-103.530498,0.041418,0.100949
17165,350,319.145,119,178.85,44.89146,-103.958828,0.049329,0.099605
17285,351,333.911,120,180.56,46.474464,-105.004717,0.042798,0.098211
17409,352,330.051,124,182.33,45.635551,-105.509255,0.04272,0.096849
17532,353,343.472,123,183.97,41.957475,-106.353562,0.039153,0.095533
17662,354,350.493,130,185.64,49.182211,-107.005698,0.032478,0.094336
17769,355,275.917,107,187.05,46.54157,-107.78541,0.011404,0.093901
17879,356,294.568,110,188.54,51.265881,-108.094475,0.020336,0.093253
17994,357,310.778,115,190.12,47.986959,-108.756139,0.020968,0.092484
18098,358,267.987,104,191.51,50.394743,-109.300499,0.017457,0.091804
18202,359,267.898,104,192.78,48.497119,-110.122998,0.020365,0.091076
18312,360,281.717,110,194.16,48.506831,-110.578818,0.021179,0.090296
18418,361,274.282,106,195.48,46.664189,-111.40039,0.018061,0.089531
18521,362,261.778,103,196.92,47.557168,-111.466654,0.007219,0.089244
18627,363,266.644,106,198.52,47.458554,-112.10962,0.009579,0.088805
18775,364,304.764,148,200.71,46.470838,-112.883495,0.009687,0.088307
18877,365,257.364,102,202.22,49.906039,-113.474718,0.010943,0.08766
18978,366,251.537,101,203.69,52.408888,-113.961034,0.011415,0.087164
19082,367,261.344,104,205.19,44.754006,-114.418507,0.006329,0.086748
19186,368,260.156,104,206.72,47.618859,-115.256498,0.004161,0.086681
19285,369,243.161,99,208.22,45.715133,-115.61926,0.001476,0.086483
19434,370,311.666,149,210.39,46.815252,-116.099148,0.013841,0.085432
19537,371,257.287,103,211.91,47.813005,-116.354653,0.006353,0.084987
19638,372,252.055,101,213.19,52.974426,-117.148672,-0.001545,0.085045
19785,373,312.25,147,215.08,50.039518,-117.411622,0.001023,0.084962
19896,374,282.659,111,216.44,48.085686,-117.663153,-0.002305,0.085106
20003,375,272.388,107,218.82,49.957006,-118.701735,-0.00443,0.085496
20140,376,296.497,137,220.68,46.514677,-118.988291,0.002614,0.085291
20285,377,301.35,145,222.56,50.454036,-119.210761,0.002792,0.084909
20427,378,313.565,142,224.58,47.88575,-119.540968,0.005098,0.084411
20562,379,302.141,135,226.49,43.221978,-120.392482,0.006331,0.083822
20705,380,301.608,143,228.52,43.393082,-120.911101,0.012162,0.082322
20846,381,301.991,141,230.52,48.673175,-121.401022,0.008338,0.081308
20988,382,305.685,142,232.49,49.123717,-121.512771,0.010484,0.079927
21137,383,320.656,149,234.55,47.701486,-122.025919,0.009678,0.078791
21292,384,329.733,155,236.53,49.827949,-122.32066,0.002,0.078352
21439,385,313.193,147,238.52,45.188936,-122.838379,0.004021,0.078028
21580,386,304.38,141,240.44,48.211979,-123.259634,0.002476,0.077581
21697,387,232.34,117,241.98,49.015768,-123.494644,0.001632,0.077469
21809,388,287.548,112,243.43,52.456928,-123.683972,0.00254,0.077012
21949,389,303.767,140,245.21,46.754961,-124.174841,0.000556,0.076996
22059,390,282.611,110,246.63,50.165002,-124.088864,0.003156,0.076792
22186,391,357.62,127,248.46,44.292352,-124.988391,-0.002664,0.076901
22309,392,343.484,123,250.23,48.999585,-125.263421,-0.001148,0.077027
22433,393,348.671,124,251.99,49.370138,-125.111785,-0.008488,0.078111
22551,394,317.128,118,253.63,48.39037,-125.691835,0.003228,0.077806
22670,395,323.138,119,255.36,46.196033,-126.432019,-0.004612,0.078645
22783,396,292.579,113,256.95,47.574203,-126.138612,-0.005844,0.079149
22902,397,321.66,119,258.68,45.751145,-126.528974,-0.001861,0.079336
23037,398,288.288,135,260.55,47.239284,-127.116881,-0.002321,0.079976
23153,399,313.936,116,262.07,46.883742,-127.495447,-0.001326,0.080057
23276,400,336.95,123,263.6,49.520019,-127.778797,0.008985,0.078842
23424,401,345.52,148,265.44,47.000089,-128.031776,0.000955,0.078325
23542,402,314.378,118,266.95,45.772524,-128.648342,0.005093,0.077887
23679,403,294.275,137,268.88,42.330644,-128.610453,0.002324,0.077553
23802,404,349.894,123,270.61,45.719453,-129.02176,0.002599,0.077079
23923,405,339.081,121,272.23,42.166387,-129.167346,-0.001495,0.07733
24041,406,326.078,118,273.89,52.963693,-129.589146,-0.002268,0.077562
24165,407,333.733,124,275.68,42.276134,-129.425886,-0.000518,0.077718
24281,408,309.488,116,277.38,46.301619,-129.680767,0.001936,0.077442
24307,409,41.92,26,277.76,46.060829,-129.317404,-0.008948,0.077611
24422,410,308.856,115,279.44,46.448495,-130.032414,0.002727,0.077522
24546,411,329.337,124,281.24,47.166749,-130.379802,0.004123,0.076679
24667,412,336.49,121,282.97,44.962125,-131.005949,0.002506,0.076253
24789,413,333.864,122,284.66,48.02366,-130.681651,0.00505,0.07545
24909,414,333.314,120,286.17,43.862106,-130.712902,0.000186,0.075431
25031,415,340.031,122,287.83,44.739725,-131.788546,-0.005951,0.076368
25146,416,299.679,115,289.35,47.94566,-131.520064,0.002986,0.076177
25267,417,337.835,121,290.97,43.494336,-131.615542,0.005626,0.075089
25389,418,325.508,122,292.53,43.14734,-131.958976,-0.001773,0.075394
25507,419,318.937,118,293.99,45.661803,-132.676445,-0.008268,0.076423
25635,420,355.447,128,295.56,50.969099,-132.223848,-0.010148,0.078139
25746,421,285.204,111,297.07,43.993984,-132.786335,-0.003547,0.078756
25879,422,358.977,133,299.01,44.887336,-133.2488,-0.003483,0.079447
25990,423,276.863,111,300.63,40.442941,-133.117043,0.003673,0.079083
26109,424,324.122,119,302.31,41.061673,-133.282865,0.003452,0.078435
26231,425,320.176,122,303.99,45.642845,-133.993958,-0.002142,0.078663
26348,426,314.35,117,305.59,47.362885,-133.434551,-0.002862,0.079265
26470,427,289.016,122,307.31,43.620512,-133.855851,0.00088,0.079131
26595,428,346.844,125,309.08,44.084159,-133.863213,-0.003295,0.079423
26720,429,318.124,125,310.73,52.717311,-133.751526,0.003064,0.079122
26848,430,341.371,128,312.37,46.870448,-134.102717,-0.003844,0.079793
26967,431,308.964,119,313.88,46.130548,-134.201645,-0.000491,0.079664
27082,432,300.383,115,315.36,43.950078,-134.86248,-0.010818,0.081495
27199,433,316.849,117,316.87,46.296648,-134.676605,-0.00566,0.082444
27326,434,345.831,127,318.53,44.451748,-134.857465,-0.000504,0.082507
27447,435,310.858,121,320.13,46.146382,-135.012802,0.003523,0.081994
27565,436,315.746,118,321.71,44.206228,-135.146683,-0.000546,0.082115
27688,437,302.219,123,323.4,43.970709,-135.42674,0.003736,0.081536
27818,438,324.367,130,325.18,41.132633,-135.387459,-0.001422,0.081716
27949,439,367.535,131,327.02,43.184251,-135.957703,-0.002002,0.081932
28073,440,330.18,124,328.78,50.981832,-135.617658,-0.003895,0.082673
28204,441,336.779,131,330.61,39.521602,-136.275675,0.001255,0.082283
28338,442,372.187,134,332.43,46.218488,-135.937519,0.000842,0.082303
28468,443,339.99,130,334.03,46.396118,-136.288862,0.00168,0.082027
28590,444,305.338,122,335.51,45.431725,-136.358441,0.002081,0.081709
28718,445,332.204,128,337.14,43.647318,-136.114,0.000349,0.08166
28852,446,315.323,134,338.88,44.480596,-136.808539,-0.000118,0.08161
28979,447,297.857,127,340.56,40.023641,-137.453537,-0.009698,0.083327
29098,448,262.141,119,342.05,48.446884,-137.292455,-0.015401,0.085581
29229,449,312.804,131,343.64,43.336078,-137.341767,-0.002816,0.086322
29355,450,299.481,126,345.19,49.814888,-137.566764,-0.009129,0.08794
29474,451,266.729,119,346.86,43.324973,-137.477749,-0.0028,0.088307
29603,452,329.206,129,348.75,42.449755,-138.223567,0.000445,0.088109
29736,453,320.84,133,350.78,42.480266,-138.74455,0.000651,0.088132
29859,454,311.548,123,352.71,44.720547,-138.212829,-0.007487,0.089398
29994,455,323.254,135,354.93,45.524612,-138.808241,-0.011442,0.091376
30121,456,308.142,127,357.59,48.909632,-138.910146,0.003612,0.091037
30262,457,346.827,141,359.57,44.79595,-139.041325,0.003286,0.090465
30403,458,311.82,141,361.73,40.690678,-139.286702,0.000328,0.090201
30547,459,318.113,144,363.96,46.469916,-139.26763,-0.005037,0.091084
30681,460,322.42,134,366.07,41.51905,-139.277106,0.002932,0.090516
30809,461,291.554,128,368.02,39.723097,-139.593015,0.002708,0.089994
30946,462,329.857,137,370.12,49.745588,-139.693281,0.010364,0.088377
31084,463,333.228,138,372.28,37.824275,-139.814567,0.001348,0.088118
31209,464,282.906,125,374.29,45.173752,-140.198552,0.002927,0.087653
31337,465,303.822,128,376.25,44.140252,-140.276565,-0.005498,0.088386
31470,466,329.839,133,378.32,40.990485,-140.352635,-0.004757,0.089302
31591,467,280.192,121,380.41,43.542837,-140.239341,-0.000708,0.089698
31740,468,351.51,149,382.8,44.075793,-140.432872,-0.002998,0.090217
31884,469,352.938,144,384.89,44.685207,-140.332498,-0.001108,0.090111
32004,470,273.094,120,386.59,38.12765,-140.890985,0.002114,0.089834
32139,471,312.954,135,388.74,45.833136,-140.451582,0.014695,0.087477
32280,472,394.705,141,391.08,38.578907,-140.78728,0.005683,0.086382
32410,473,320.891,130,393.24,40.812426,-140.876511,-0.00022,0.086394
32542,474,378.369,132,395.41,39.379145,-140.703629,0.001868,0.086278
32672,475,353.187,130,397.66,38.892864,-140.775135,0.000643,0.086107
32776,476,259.435,104,399.35,38.241286,-141.025574,0.009822,0.084747
32906,477,377.197,130,401.49,39.841646,-140.927446,0.004355,0.084103
33040,478,383.228,134,403.62,38.231506,-141.40299,-0.000486,0.084145
33177,479,344.195,137,405.77,40.3988,-140.934985,-0.007632,0.085405
33310,480,376.498,133,407.66,36.182098,-141.538522,-0.006164,0.086491
33444,481,356.471,134,409.48,39.045938,-141.592001,0.005519,0.085544
33576,482,329.902,132,411.36,36.561098,-141.07996,-0.005063,0.086261
33716,483,380.363,140,413.34,40.847619,-141.566825,-0.00493,0.087462
33852,484,371.136,136,415.15,39.605653,-141.038302,0.003132,0.08678
33982,485,337.184,130,416.73,36.913229,-142.011141,1.6e-05,0.086861
34116,486,366.085,134,418.39,44.164973,-141.598794,-0.000983,0.086862
34243,487,348.711,127,419.98,36.149573,-141.832519,0.005628,0.085955
34369,488,310.142,126,421.63,38.347534,-141.7446,-0.003223,0.08637
34493,489,326.08,124,423.32,36.161771,-141.229901,-0.004722,0.087345
34619,490,334.095,126,424.96,38.076048,-141.928493,6.1e-05,0.087223
34748,491,344.266,129,426.59,35.192719,-141.723064,0.000637,0.087144
34884,492,361.876,136,428.53,35.939193,-141.949994,-0.004316,0.08789
35019,493,342.391,135,430.47,39.671786,-141.952271,-0.002199,0.088473
35147,494,331.742,128,432.32,40.525959,-141.732031,-0.000647,0.088502
35268,495,299.438,121,434.07,37.512294,-141.944109,0.001221,0.08833
35398,496,341.072,130,435.92,42.650831,-141.963678,0.00314,0.087748
35525,497,340.074,127,437.76,34.727684,-142.3159,0.001703,0.087449
35652,498,336.344,127,439.44,35.264979,-141.654034,0.003762,0.086902
35791,499,392.312,139,441.19,33.210685,-142.512233,0.004169,0.085978
35911,500,314.459,120,442.81,33.339255,-142.243019,0.009787,0.084521
36046,501,381.309,135,444.63,32.326629,-142.31084,0.00233,0.083949
36170,502,337.614,124,446.15,39.563403,-141.985016,-0.002721,0.084266
36299,503,376.241,129,447.72,40.111934,-141.912586,0.00589,0.0835
36431,504,371.529,132,449.33,33.21055,-141.77582,0.005512,0.082452
36570,505,395.057,139,451.26,36.103908,-141.934347,0.004187,0.081744
36699,506,354.812,129,453.14,37.872192,-142.092695,0.006148,0.080691
36833,507,379.185,134,455.06,42.306602,-141.628898,0.00076,0.080518
36958,508,347.097,125,456.87,43.752013,-141.55568,0.004491,0.079724
37114,509,425.304,156,458.93,39.267567,-141.748625,-0.003596,0.080386
37258,510,414.493,144,460.91,39.372718,-141.794307,0.003176,0.079926
37399,511,397.018,141,462.79,32.838993,-141.444689,-0.000102,0.079916
37531,512,378.825,132,464.64,37.132804,-141.96286,-0.00331,0.080515
37665,513,367.313,134,466.39,38.098524,-141.559775,0.003549,0.079991
37802,514,383.669,137,468.54,33.825655,-141.497353,0.000358,0.079793
37969,515,460.001,167,471.08,35.951667,-141.563262,0.002436,0.07922
38104,516,383.551,135,473.06,35.922067,-141.571317,-0.000304,0.07915
38239,517,388.158,135,475.01,33.734427,-141.734379,0.002053,0.078966
38379,518,399.196,140,477.12,34.626574,-141.728308,0.000387,0.078956
38514,519,386.622,135,479.18,34.860551,-141.190323,-0.000117,0.078689
38656,520,406.919,142,481.27,35.076852,-141.691634,0.00298,0.078314
38799,521,400.374,143,483.21,31.680127,-141.699845,0.000736,0.078036
38931,522,385.015,132,485.02,31.50851,-141.895497,0.005688,0.077064
39065,523,392.055,134,487.05,34.400535,-141.601392,-0.002943,0.077575
39205,524,408.335,140,489.2,32.10174,-141.565218,-0.003554,0.078515
39365,525,478.964,160,491.67,30.114607,-141.561954,0.000131,0.07834
39501,526,393.73,136,493.67,32.960919,-141.843502,0.001114,0.078069
39646,527,404.053,145,495.81,30.682602,-141.807266,0.005693,0.076888
39798,528,410.154,152,498.19,36.363082,-141.490261,-9.6e-05,0.076881
39982,529,518.692,184,501.15,35.40633,-141.913765,-0.00115,0.077013
40127,530,410.916,145,504.65,34.334326,-141.780751,0.000657,0.07711
40265,531,401.616,138,506.77,26.108799,-142.168925,5.1e-05,0.07702
40410,532,422.904,145,508.9,30.779578,-141.803361,0.002228,0.076701
40552,533,413.003,142,510.96,30.234109,-141.954277,-0.000172,0.076649
40713,534,448.832,161,513.34,30.385895,-141.974397,-0.002293,0.077195
40856,535,410.681,143,515.48,33.782731,-141.739272,-0.003247,0.077987
41032,536,474.392,176,518.21,30.568524,-141.749189,0.001378,0.077558
41207,537,451.842,175,521.02,32.51248,-141.659508,0.004776,0.076314
41377,538,502.769,170,523.78,30.684574,-141.692002,-0.000628,0.0765
41575,539,608.852,198,526.68,30.239677,-142.054756,-0.002153,0.077086
41743,540,477.65,168,528.89,33.874765,-142.032968,-0.000655,0.077177
41896,541,405.313,153,530.86,28.542032,-142.558428,-0.001207,0.077395
42063,542,495.006,167,533.24,30.409445,-142.5383,0.002273,0.076921
42215,543,427.335,152,535.47,35.881794,-142.356705,-0.004388,0.077878
42428,544,678.704,213,538.64,31.057877,-142.208914,-0.00028,0.078016
42594,545,437.635,166,540.97,30.156114,-142.719354,-0.00079,0.078301
42817,546,682.996,223,543.98,31.771699,-142.53988,0.001372,0.077731
42982,547,439.537,165,546.25,30.922686,-142.66557,0.00356,0.076899
43132,548,388.865,150,548.37,30.507414,-142.757009,-0.001521,0.077209
43277,549,376.1,145,550.21,28.716942,-142.862212,0.004654,0.076457
43422,550,394.14,145,552.02,32.278593,-143.427024,0.004196,0.075464
43595,551,411.483,173,554.18,31.777723,-143.658366,-0.000945,0.075594
43738,552,366.396,143,556.12,32.556013,-143.255867,0.001444,0.075468
43920,553,457.243,182,558.77,30.220072,-143.463551,0.001152,0.075125
44070,554,363.385,150,560.96,30.740815,-143.394791,0.001311,0.074979
44236,555,395.137,166,563.61,38.776483,-143.785547,0.002398,0.074223
44264,556,17.675,28,563.99,29.875017,-144.768894,0.011311,0.073867
44441,557,459.159,177,566.71,39.104781,-143.354207,-0.000666,0.073924
44625,558,459.036,184,569.39,34.717869,-143.719345,0.000858,0.073855
44650,559,13.407,25,569.71,32.316833,-144.598412,-0.004629,0.073954
44827,560,435.79,177,571.93,30.718947,-143.916162,-0.004029,0.074912
45009,561,490.661,182,574.17,30.626243,-144.308552,-0.002514,0.075505
45174,562,427.751,165,576.51,31.436881,-144.14322,-0.002037,0.076039
45340,563,421.371,166,578.87,31.743775,-144.100136,0.00327,0.07536
45507,564,440.09,167,581.0,32.038452,-144.44498,-0.002483,0.075922
45674,565,451.217,167,583.35,31.96401,-144.4043,-0.000379,0.075829
45835,566,447.362,161,585.72,32.316162,-144.125388,-0.004305,0.076928
45999,567,447.066,164,588.07,32.120645,-144.858916,0.002787,0.076345
46155,568,433.446,156,590.28,25.835776,-145.109562,0.004739,0.075112
46307,569,424.293,152,592.39,28.247084,-144.859931,0.000931,0.075177
46462,570,435.095,155,594.43,29.499453,-144.86466,0.002182,0.074622
46614,571,430.51,152,596.41,29.521524,-145.170951,0.001373,0.074342
46767,572,440.059,153,598.44,29.00107,-144.613708,-0.003786,0.074953
46935,573,463.434,168,600.55,32.089264,-144.944222,-0.003898,0.076144
47082,574,426.931,147,602.36,28.363432,-145.379924,-0.001544,0.076303
47177,575,181.081,95,603.54,29.328759,-144.668085,-0.003359,0.076876
47282,576,209.383,105,604.94,31.179684,-145.149651,0.001511,0.076784
47428,577,419.363,146,606.93,30.090778,-145.370492,0.000584,0.076387
47582,578,435.848,154,609.14,28.226287,-145.093456,0.002477,0.075891
47744,579,447.993,162,611.45,27.717498,-145.701795,0.002415,0.075319
47911,580,500.046,167,613.72,32.18113,-145.511605,-0.002292,0.075898
48064,581,446.096,153,615.94,34.824455,-145.573542,0.002099,0.075379
48306,582,608.127,242,619.28,29.32843,-145.363578,-0.000454,0.075617
48458,583,440.538,152,621.25,30.461254,-145.244954,-0.000151,0.07571
48610,584,445.761,152,623.19,28.036177,-145.829383,0.002002,0.075198
48772,585,480.917,162,625.34,30.830829,-145.799709,-0.004595,0.076303
48928,586,450.77,156,627.4,33.035288,-146.594312,-0.006112,0.077679
49090,587,478.363,162,629.57,26.344394,-146.126709,-0.001276,0.078108
49241,588,439.971,151,631.6,29.460412,-145.892585,-0.002886,0.078746
49392,589,436.018,151,633.71,31.016014,-146.270653,0.00121,0.07842
49547,590,446.765,155,635.97,31.831981,-146.656426,-4.3e-05,0.078451
49705,591,459.992,158,638.26,34.225721,-146.682292,0.00013,0.078404
49868,592,474.243,163,640.54,29.01371,-146.368735,0.001644,0.078002
50022,593,441.421,154,643.71,28.582119,-146.826806,-0.00113,0.078195
50168,594,422.523,146,645.66,29.51319,-146.503879,0.00403,0.077259
50336,595,500.427,168,647.85,27.364696,-146.563192,-0.003568,0.078137
50485,596,430.068,149,649.72,28.963463,-147.205542,-0.000983,0.078609
50632,597,416.478,147,651.55,30.117046,-147.063168,0.005146,0.077419
50786,598,453.23,154,653.51,25.068601,-147.205229,0.002465,0.076776
50934,599,423.055,148,655.44,25.876059,-147.285074,0.001867,0.076373
51086,600,446.017,152,657.6,28.015153,-147.332626,0.004315,0.075381
51238,601,441.832,152,659.71,29.152676,-147.405901,0.00405,0.074667
51404,602,498.41,166,662.04,27.483782,-147.736262,-0.000799,0.074772
51549,603,420.056,145,664.12,30.444197,-147.579631,0.001339,0.074347
51705,604,455.037,156,666.36,29.154604,-147.68667,-0.002652,0.074808
51851,605,412.492,146,668.44,26.681318,-147.993638,0.000238,0.074955
52008,606,452.946,157,670.39,28.690175,-148.127263,0.003974,0.074194
52161,607,444.198,153,672.3,27.685717,-148.0301,0.00105,0.073828
52312,608,433.346,151,674.26,25.51261,-148.125285,-0.002095,0.074086
52464,609,445.227,152,676.28,23.201006,-148.324727,-0.001422,0.074473
52616,610,434.919,152,678.2,25.323613,-148.828249,0.003805,0.073712
52761,611,418.129,145,680.02,27.364968,-148.65789,-0.000646,0.0738
52906,612,417.36,145,681.99,25.816851,-148.85163,0.004173,0.072909
53049,613,408.794,143,683.99,24.361721,-148.885301,0.000435,0.072905
53193,614,418.555,144,686.02,25.12182,-148.7565,0.000743,0.072676
53336,615,414.356,143,688.0,27.119372,-148.773642,0.001942,0.072168
53492,616,448.648,156,690.12,25.308568,-149.309826,-8.1e-05,0.07223
53637,617,415.661,145,692.08,23.16221,-149.376877,0.000144,0.072232
53781,618,413.218,144,694.03,22.193751,-149.590542,-0.002225,0.072682
53924,619,414.126,143,696.21,23.938008,-149.526355,0.002675,0.072148
54074,620,432.133,150,698.29,26.543822,-149.755222,0.002654,0.071447
54220,621,423.292,146,700.18,21.969035,-149.844178,5.8e-05,0.071521
54370,622,430.202,150,702.05,22.737471,-150.672085,0.003283,0.070576
54518,623,425.427,148,704.02,27.456238,-149.744981,-0.002443,0.071365
54668,624,427.104,150,706.09,26.180256,-150.079231,0.000211,0.071243
54810,625,410.291,142,708.18,26.386,-151.052558,0.001325,0.070818
54957,626,420.848,147,710.55,23.164401,-150.924787,0.0039,0.07017
55096,627,400.769,139,712.72,24.434586,-150.899404,-0.000477,0.070252
55241,628,415.78,145,714.75,22.329035,-150.891906,0.005812,0.069055
55392,629,436.583,151,716.86,25.752064,-150.785734,-0.003444,0.069639
55539,630,416.748,147,719.08,25.548334,-150.518933,0.000836,0.069508
55698,631,450.316,159,721.55,24.319267,-151.415225,-0.000926,0.06973
55855,632,439.985,157,723.93,23.361627,-151.349963,-0.00307,0.070409
55997,633,411.375,142,726.02,22.019631,-151.43337,-0.000762,0.070678
56138,634,411.03,141,728.13,22.86836,-151.383953,0.004539,0.06966
56281,635,413.965,143,730.33,24.385206,-151.338225,-0.00072,0.069739
56436,636,438.092,155,732.83,21.770114,-151.92644,-0.001235,0.070187
56568,637,358.57,132,734.83,21.830013,-151.883666,-0.00125,0.070396
56714,638,417.069,146,737.03,21.199219,-151.89688,-0.003832,0.071098
56862,639,424.322,148,739.41,21.857392,-152.465139,-0.001713,0.071678
57015,640,429.322,153,741.88,23.383446,-151.999936,-0.001682,0.072061
57163,641,413.812,148,743.99,22.680635,-152.823377,-0.000631,0.072326
57315,642,436.109,152,746.5,22.318015,-153.028789,0.001885,0.071806
57471,643,446.94,156,749.19,23.4805,-152.46096,0.000979,0.071595
57614,644,414.674,143,751.59,20.115779,-152.883432,-0.003036,0.072096
57759,645,419.534,145,754.06,24.844489,-153.365106,0.001222,0.071977
57907,646,413.943,148,756.76,22.852638,-153.017853,0.003953,0.07118
58066,647,448.247,159,759.36,19.840543,-153.407041,0.000457,0.070899
58226,648,445.807,160,761.91,23.489602,-153.568985,0.000786,0.07086
58377,649,422.563,151,764.14,24.965829,-153.594543,0.002062,0.070139
58532,650,444.302,155,766.44,22.321962,-153.599883,-0.001469,0.070592
58674,651,413.633,142,768.43,22.428662,-153.595729,0.001255,0.070423
58835,652,450.96,161,770.69,21.702019,-153.82232,5.2e-05,0.070344
58974,653,342.795,139,772.67,22.4606,-153.471306,-0.001064,0.070502
59115,654,355.681,141,774.41,23.86982,-153.98037,-0.000107,0.070535
59253,655,402.511,138,776.1,21.509664,-153.958846,0.004468,0.069656
59412,656,430.419,159,778.15,19.664945,-153.98903,0.001158,0.069113
59580,657,449.053,168,780.36,23.040793,-153.644384,-0.005298,0.070461
59739,658,436.318,159,782.46,21.150385,-154.685613,3.2e-05,0.070707
59929,659,563.597,190,784.91,23.399095,-154.237125,-0.002232,0.071372
60081,660,394.487,152,788.04,23.646161,-154.099344,-0.00563,0.072717
60295,661,670.865,214,791.15,25.07766,-154.554643,0.003866,0.07136
60469,662,500.385,174,793.59,22.781804,-154.532337,0.002287,0.070747
60635,663,478.29,166,795.85,20.559733,-154.512532,-0.003149,0.071516
60859,664,656.192,224,798.95,23.453838,-154.429253,-0.001107,0.072021
61052,665,608.454,193,801.56,19.850464,-155.01788,0.001298,0.07151
61221,666,476.31,169,803.73,26.117199,-154.673577,-0.003715,0.072277
61422,667,647.894,201,806.27,26.55726,-154.808521,0.000862,0.072287
61569,668,403.379,147,808.25,24.230101,-154.516459,0.001122,0.072008
61747,669,541.3,178,810.68,22.782986,-154.852375,-0.00282,0.072767
61882,670,314.591,135,812.61,21.039467,-154.730529,0.001378,0.072435
62066,671,570.656,184,815.24,27.66607,-155.434778,0.002176,0.072051
62203,672,399.389,137,817.17,21.78387,-155.175524,0.00154,0.071503
62342,673,406.493,139,819.19,22.415224,-155.424853,0.002253,0.071174
62475,674,390.381,133,821.15,26.746426,-155.618433,-0.000397,0.071143
62617,675,408.463,142,823.14,21.759235,-156.030971,0.001382,0.070869
62757,676,412.819,140,824.89,21.690122,-155.934887,0.00341,0.070139
62899,677,412.919,142,826.9,21.558923,-155.395338,-0.000131,0.070273
63063,678,493.901,164,829.33,22.745284,-155.832015,-0.006371,0.071561
63198,679,395.258,135,831.26,22.437632,-155.550574,-0.001117,0.071934
63338,680,409.427,140,833.34,24.067376,-155.692124,-0.003003,0.072445
63473,681,392.338,135,835.42,24.140124,-156.151498,0.000676,0.072468
63620,682,431.225,147,837.58,29.918411,-155.524598,0.000871,0.072196
63754,683,388.055,134,839.38,21.462514,-156.013398,-0.001263,0.072553
63889,684,397.879,135,841.22,23.507505,-155.996775,-0.000144,0.072531
64026,685,399.11,137,843.06,29.798045,-155.950801,0.002215,0.072262
64213,686,574.339,187,845.89,21.717917,-156.110421,-0.000238,0.072226
64346,687,386.151,133,847.92,27.007097,-155.517495,0.000476,0.072097
64479,688,389.546,133,849.82,28.151271,-155.783692,0.002517,0.071539
64610,689,383.082,131,851.72,18.674042,-155.75164,0.003007,0.070982
64745,690,388.588,135,853.67,23.852265,-155.598524,0.001143,0.070751
64879,691,390.918,134,855.77,27.68567,-156.304814,-0.000396,0.070816
65011,692,382.71,132,857.89,27.926698,-155.746805,-0.002758,0.0713
65141,693,378.528,130,859.84,21.660016,-156.033071,0.00168,0.071017
65273,694,385.569,132,861.78,24.581734,-155.689312,-0.005143,0.07204
65406,695,391.921,133,863.81,22.804521,-155.684811,-0.0057,0.073018
65536,696,381.887,130,865.71,21.690229,-156.324228,0.000475,0.073125
65670,697,391.606,134,867.73,25.740096,-156.212408,-0.008902,0.074796
65807,698,401.037,137,869.78,23.186072,-156.870759,0.000161,0.074895
65939,699,387.072,132,871.91,20.661994,-156.427956,-0.000341,0.074931
66075,700,396.967,136,874.12,21.456698,-156.545141,0.003636,0.074068
66209,701,388.194,134,876.18,20.18122,-156.443908,-0.000562,0.074196
66341,702,385.453,132,878.18,20.538865,-156.303026,0.00131,0.073937
66469,703,376.495,128,880.29,21.563461,-155.598889,0.002282,0.073578
66601,704,387.3,132,882.33,22.57787,-156.456302,0.003306,0.072894
66734,705,392.991,133,884.33,17.98607,-156.874427,-0.002985,0.073455
66867,706,392.327,133,886.28,23.594053,-156.114443,-0.004816,0.074346
67000,707,387.748,133,887.94,26.451595,-156.100764,-0.00236,0.07488
67131,708,383.159,131,889.73,21.490096,-156.031146,0.002689,0.074493
67266,709,396.821,135,891.67,20.825302,-156.370342,0.000103,0.07455
67398,710,386.612,132,893.56,19.529969,-156.008292,0.003018,0.073902
67529,711,384.524,131,895.49,19.907235,-156.814178,0.005303,0.072708
67662,712,392.386,133,897.39,21.295535,-156.239298,-0.00111,0.072945
67758,713,209.838,96,898.76,24.371843,-156.189148,0.003325,0.072544
67889,714,386.172,131,900.63,21.644748,-156.532559,-0.003043,0.073116
68232,715,1010.484,343,905.3,23.278556,-156.275392,-0.001123,0.073646
68370,716,332.447,138,907.14,20.650445,-156.760192,0.000378,0.073458
68589,717,546.464,219,909.95,26.363859,-157.003122,0.002258,0.072873
68801,718,563.303,212,912.7,23.413987,-156.926143,0.00089,0.072691
69015,719,549.537,214,915.68,24.759444,-157.179062,-0.001015,0.072936
69239,720,641.439,224,918.85,22.497488,-157.088059,-0.000902,0.073168
69448,721,485.274,209,921.84,25.141207,-157.054039,-0.003701,0.074116
69644,722,440.592,196,924.74,24.553486,-157.269561,0.001654,0.073861
69867,723,600.856,223,927.88,26.287837,-157.883724,-0.000243,0.073767
70066,724,446.794,199,931.94,21.859445,-157.806925,-0.006298,0.075733
70250,725,471.322,184,934.51,32.725991,-157.70142,0.000509,0.075695
70513,726,743.459,263,937.88,31.343314,-157.745688,-0.002161,0.076436
70707,727,526.862,194,940.36,26.791915,-158.02527,-0.005254,0.077897
70885,728,464.011,178,942.96,30.29497,-157.940817,-0.002091,0.07839
71097,729,518.422,212,946.12,24.515429,-158.483922,0.001198,0.078145
71283,730,435.883,186,948.69,26.995089,-158.558447,0.004158,0.077045
71495,731,540.902,212,951.56,30.472191,-158.62232,0.001299,0.076552
71733,732,720.09,238,954.77,22.471757,-158.795324,0.001754,0.075916
71865,733,364.695,132,956.52,22.993699,-158.758163,0.001455,0.075832
72229,734,1050.55,364,961.08,33.55725,-159.111811,0.000134,0.075622
72380,735,430.367,151,963.1,50.406205,-158.973818,-0.002671,0.076239
72546,736,493.297,166,965.35,26.498574,-159.418454,0.001712,0.07574
72715,737,514.646,169,967.72,32.337919,-158.975435,0.001531,0.075451
72866,738,416.0,151,969.78,31.01984,-159.485021,-0.001418,0.075778
73014,739,365.183,148,971.9,33.536901,-159.413192,-0.003614,0.076684
73129,740,307.879,115,973.59,31.762082,-159.345432,0.003318,0.076055
73319,741,547.805,190,976.3,23.159928,-159.6084,0.004155,0.074891
73493,742,462.469,174,978.53,34.63573,-159.437187,0.001766,0.074337
73628,743,395.726,135,980.2,42.453396,-159.151188,0.003637,0.073682
73888,744,836.313,260,983.66,32.52792,-159.622415,0.000225,0.073675
74113,745,712.174,225,986.57,27.706644,-159.74965,0.002193,0.072952
74284,746,440.244,171,988.71,28.854692,-159.612092,0.000945,0.072648
74505,747,706.677,221,991.75,25.279995,-160.089948,0.001564,0.072213
74681,748,475.251,176,994.3,31.555559,-159.733721,0.003178,0.071474
74912,749,726.618,231,997.53,33.297937,-160.087852,-0.001056,0.071761
75150,750,745.597,238,1000.84,31.651008,-160.969813,0.003935,0.070428
75439,751,943.895,289,1005.13,28.390684,-160.598124,0.001182,0.069672
75689,752,781.456,250,1008.61,30.326778,-160.955605,-0.000197,0.06969
75958,753,849.971,269,1012.34,33.00531,-160.424655,0.001713,0.069238
76215,754,830.907,257,1015.94,32.21807,-160.795468,-0.001264,0.06984
76457,755,757.842,242,1019.49,27.162907,-160.893741,-0.000127,0.069735
76655,756,604.853,198,1022.34,29.598192,-161.144845,-0.001752,0.07029
76890,757,732.796,235,1025.76,27.301924,-161.363037,-0.002741,0.071412
77119,758,632.238,229,1028.67,32.6055,-161.579228,0.000397,0.071093
77434,759,1008.43,315,1032.88,32.170057,-161.730484,-0.000867,0.071521
77724,760,933.21,290,1036.64,30.585778,-162.109316,-0.00011,0.071355
77968,761,750.59,244,1039.74,31.767485,-162.202197,-0.00025,0.071791
78190,762,681.591,222,1042.89,28.95344,-162.064317,0.00331,0.070619
78361,763,455.262,171,1045.27,30.28562,-162.409184,0.000406,0.070469
78537,764,449.011,176,1047.66,30.910538,-162.535257,0.00068,0.070313
78762,765,700.601,225,1050.84,26.097068,-162.439286,0.001615,0.06986
79079,766,988.77,317,1055.05,34.661314,-162.700562,-0.000198,0.069839
79251,767,449.896,172,1057.14,39.023368,-162.99603,-0.003827,0.070792
79423,768,453.294,172,1059.23,25.010829,-163.151806,-0.002762,0.071603
79640,769,689.059,217,1062.06,34.228165,-163.066724,-0.004791,0.072982
79913,770,805.725,273,1065.82,31.08886,-163.349297,0.000475,0.072741
80134,771,698.046,221,1070.65,33.076694,-163.430173,0.002636,0.07215
80346,772,667.42,212,1073.76,29.578687,-163.741871,0.000854,0.071796
80628,773,911.267,282,1078.14,36.083174,-163.524372,-0.00443,0.073771
80825,774,621.161,197,1081.11,36.799633,-163.411271,0.001291,0.073181
81017,775,601.923,192,1084.03,31.234292,-163.647549,-0.003084,0.074204
81231,776,671.61,214,1086.87,26.325789,-163.937845,-0.005597,0.075774
81388,777,460.429,157,1089.24,33.999547,-163.668718,0.001698,0.075579
81581,778,595.55,193,1092.08,25.085099,-163.903184,0.001679,0.075143
81769,779,588.739,188,1094.67,28.133025,-163.930287,-0.001839,0.075546
81976,780,659.059,207,1097.8,35.586389,-164.14427,0.003008,0.074636
82166,781,599.299,190,1100.68,28.91125,-164.162646,0.003769,0.073765
82348,782,549.442,182,1103.61,33.555021,-164.376313,3e-05,0.073582
82516,783,497.546,168,1106.34,33.081524,-164.627009,0.000675,0.073405
82697,784,568.421,181,1109.48,26.342781,-164.161156,0.003175,0.072672
82845,785,424.512,148,1112.06,28.845913,-164.504459,0.003986,0.071735
83010,786,490.245,165,1114.83,32.388504,-164.431401,0.002045,0.071323
83169,787,487.239,159,1117.64,34.00267,-164.218991,0.000746,0.071127
83323,788,449.523,154,1120.1,38.613333,-163.901607,0.002757,0.070539
83482,789,476.11,159,1122.52,26.853171,-164.631166,0.000657,0.070259
83632,790,428.598,150,1125.14,35.081975,-164.826727,0.001835,0.069967
83782,791,428.176,150,1127.47,31.596612,-164.81146,-0.002421,0.070377
83974,792,606.007,192,1130.22,27.675071,-164.528188,0.000261,0.070294
84122,793,429.164,148,1132.3,32.071841,-165.021061,1.7e-05,0.070396
84299,794,562.645,177,1134.57,31.785315,-164.907365,0.000288,0.070403
84479,795,572.03,180,1137.0,32.908978,-165.242821,0.005703,0.068816
84627,796,433.896,148,1138.96,22.77591,-164.913051,0.005343,0.067802
84776,797,435.338,149,1140.81,21.030598,-165.005337,0.001771,0.067328
84955,798,580.918,179,1143.09,33.17218,-164.619123,-0.002599,0.067858
85100,799,422.909,145,1145.04,33.381933,-164.59716,0.002979,0.067445
85290,800,614.044,190,1147.74,42.029553,-165.199336,-0.000907,0.067615
85468,801,570.211,178,1150.24,44.938647,-165.125598,0.00027,0.067496
85615,802,427.127,147,1152.28,33.488415,-164.87427,-0.003654,0.068231
85762,803,424.503,147,1154.34,32.527878,-164.795135,-0.00266,0.068844
85908,804,423.373,146,1156.5,38.708125,-164.712185,-0.001329,0.069201
86092,805,596.428,184,1159.05,23.882632,-164.655695,-0.002239,0.069753
86301,806,691.378,209,1161.9,28.231936,-164.999268,-0.002987,0.070707
86551,807,838.389,250,1165.22,37.673018,-165.161554,-0.00089,0.071019
86756,808,701.165,205,1168.07,26.493345,-165.452969,-0.001864,0.071537
86929,809,540.658,173,1170.58,33.439694,-165.685336,-0.0038,0.072528
87121,810,641.221,192,1173.44,26.924593,-165.713463,0.000809,0.072385
87324,811,688.555,203,1176.31,37.605904,-165.238961,-0.000616,0.072605
87522,812,651.149,198,1179.2,33.47571,-165.854333,0.003509,0.071552
87750,813,738.651,228,1182.37,26.715988,-166.252035,-0.001146,0.071936
87959,814,707.146,209,1185.08,27.866459,-165.713993,-0.004487,0.073276
88174,815,697.267,215,1188.13,25.449699,-166.214766,-0.000411,0.073495
88372,816,641.408,198,1191.08,35.860256,-165.884571,0.001926,0.07281
88602,817,703.908,230,1194.52,30.270909,-166.46234,-0.000305,0.073104
89059,818,1398.502,457,1200.97,27.819982,-166.668402,-0.002192,0.074653
89253,819,651.631,194,1203.93,29.891364,-166.977922,0.000649,0.074402
89453,820,683.062,200,1206.75,32.611023,-167.260374,0.002057,0.073783
89656,821,677.516,203,1209.63,34.858727,-167.375569,0.002173,0.073133
89860,822,697.843,204,1212.7,34.964241,-167.338383,0.002094,0.072447
90055,823,638.561,195,1216.97,30.74298,-167.415079,0.000559,0.072258
90516,824,1375.026,461,1224.15,30.158886,-167.937908,-0.001666,0.073418
90712,825,681.121,196,1227.14,25.110169,-168.357587,0.002105,0.072783
90911,826,680.245,199,1230.31,29.912756,-168.319968,-0.001651,0.073374
91103,827,658.12,192,1233.23,31.061489,-168.782436,-0.000145,0.073351
91310,828,675.832,207,1236.28,29.890815,-168.589904,-0.001803,0.073949
91500,829,614.598,190,1239.18,29.620123,-169.028328,-0.001722,0.074542
91704,830,686.794,204,1242.31,28.528123,-168.610505,8.8e-05,0.074505
91942,831,742.261,238,1246.04,31.178346,-169.594499,-0.001284,0.074881
92159,832,689.73,217,1248.88,33.364521,-169.660723,-0.000733,0.075098
92387,833,725.862,228,1252.14,38.740575,-169.236733,0.003076,0.074014
93206,834,2390.398,819,1263.8,30.983999,-170.607449,0.0002,0.073902
93428,835,713.385,222,1266.57,31.342495,-171.215744,-0.000326,0.074
93848,836,1265.637,420,1272.26,25.492107,-171.470999,-0.000548,0.074193
94060,837,682.785,212,1274.89,27.560095,-172.065171,-0.000692,0.074668
94282,838,723.789,222,1277.97,35.907415,-172.323292,0.00118,0.074189
94509,839,752.79,227,1281.37,27.61897,-172.387249,0.000448,0.073926
94923,840,1234.052,414,1287.48,33.167206,-172.992732,0.000492,0.073684
95143,841,713.046,220,1290.62,25.305586,-173.621476,-0.004231,0.074958
95376,842,711.825,233,1293.95,34.428082,-173.53502,-0.001759,0.075724
95691,843,853.139,315,1297.96,30.707106,-173.576482,0.001886,0.074852
95922,844,726.065,231,1301.15,35.062757,-173.638541,0.002775,0.073855
96144,845,740.355,222,1304.42,28.393111,-174.632726,0.001628,0.073263
96582,846,1294.029,438,1310.6,34.352387,-174.668556,-0.001147,0.073934
96836,847,778.407,254,1314.16,30.538027,-175.139787,0.000102,0.074009
97072,848,730.899,236,1317.3,31.210881,-175.161793,-0.000205,0.073953
97475,849,1237.298,403,1322.93,33.792848,-176.133004,0.002432,0.072512
97800,850,938.53,325,1327.31,25.93301,-175.984833,-0.000268,0.072798
98119,851,959.277,319,1331.95,29.336415,-176.460755,-0.002735,0.074023
98555,852,1316.394,436,1337.91,33.787598,-177.0897,-0.000405,0.074257
98954,853,1277.278,399,1343.32,32.636686,-177.571433,-0.000336,0.074567
99490,854,1580.684,536,1350.28,31.008942,-178.212911,-0.002109,0.076211
99825,855,1022.839,335,1355.14,31.099891,-179.185949,-0.003318,0.078101
100337,856,1576.645,512,1364.8,30.457258,-179.50842,0.002085,0.076341
100654,857,978.144,317,1369.01,30.946664,-180.204921,-0.000271,0.076613
100921,858,803.888,267,1372.7,29.695607,-180.63192,-0.000909,0.076856
101148,859,673.337,227,1375.63,33.375827,-180.071159,-0.004021,0.078302
101417,860,758.101,269,1379.42,29.716027,-180.969553,0.001638,0.077631
101718,861,937.883,301,1383.79,29.646492,-181.474729,-0.003109,0.07905
101958,862,716.039,240,1387.18,28.16654,-181.538988,8.5e-05,0.079056
102220,863,783.976,262,1390.95,31.226709,-181.667072,-0.000379,0.079346
102442,864,655.204,222,1393.8,31.735022,-182.303305,0.000494,0.079059
102657,865,707.572,215,1396.57,26.008886,-181.84372,0.000858,0.078678
102913,866,787.051,256,1399.88,41.683814,-182.454613,0.000485,0.078561
103139,867,675.226,226,1402.83,35.191973,-182.867294,-0.000975,0.079037
103378,868,762.486,239,1406.08,37.084792,-182.888319,0.000499,0.07872
103607,869,680.532,229,1409.31,36.126233,-182.937146,-0.001437,0.079288
103826,870,707.661,219,1412.4,37.310813,-183.459569,-0.002004,0.079954
104055,871,705.58,229,1415.39,31.370131,-184.550586,0.002172,0.079241
104284,872,702.067,229,1418.39,33.202663,-184.031265,0.001164,0.07877
104511,873,738.991,227,1421.29,30.436354,-184.387088,-0.000686,0.079059
104730,874,670.03,219,1424.0,33.903113,-184.44457,0.000177,0.078829
105000,875,808.008,270,1427.64,31.25441,-184.865128,-0.001591,0.079536
105236,876,694.942,236,1430.93,30.966401,-184.628084,-0.00108,0.080082
105557,877,989.429,321,1436.01,38.118757,-185.248242,0.000256,0.079811
105784,878,701.843,227,1439.23,32.990368,-185.498288,-0.001798,0.080488
106005,879,716.758,221,1442.61,27.456279,-185.645482,0.00031,0.080486
106295,880,876.578,290,1447.13,34.087995,-186.235483,-0.002467,0.08143
106605,881,975.458,310,1451.83,32.870085,-185.895698,-0.00165,0.082333
106895,882,880.615,290,1456.47,32.26007,-186.853057,9.1e-05,0.082204
107220,883,1045.81,325,1462.04,32.179409,-187.090027,0.000423,0.081964
107509,884,900.328,289,1466.84,31.895445,-187.424952,-0.002642,0.083185
107739,885,713.219,230,1470.69,33.356511,-187.373221,0.000541,0.082868
107985,886,761.858,246,1474.63,32.635368,-187.999986,-0.001037,0.083284
108306,887,1062.872,321,1480.26,33.87514,-188.076387,0.002447,0.082187
108586,888,858.54,280,1484.99,28.311046,-188.151846,-0.000741,0.082459
108899,889,965.253,313,1489.48,26.030202,-188.606697,0.00014,0.082499
109216,890,968.29,317,1494.0,28.652114,-189.234077,0.000584,0.082261
109460,891,737.074,244,1497.3,30.77493,-188.850142,-0.002387,0.083055
109765,892,877.147,305,1501.11,32.68096,-189.105223,0.001992,0.082156
110049,893,867.102,284,1506.72,27.927632,-189.683803,-0.00102,0.082604
110278,894,706.883,229,1509.77,26.373697,-190.136531,-0.001647,0.083282
110630,895,1107.783,352,1514.95,33.676807,-189.980998,0.002459,0.082027
110934,896,917.284,304,1519.3,31.17115,-190.308517,0.00051,0.081562
111248,897,1015.818,314,1523.73,26.954101,-190.540913,-0.000522,0.081983
111554,898,963.12,306,1527.88,34.58867,-191.110696,-0.000402,0.082206
111833,899,841.002,279,1531.62,28.062813,-191.058532,0.000659,0.081792
112115,900,878.346,282,1535.58,31.303924,-191.075107,0.001979,0.081002
112379,901,777.678,264,1539.29,35.373279,-191.375359,0.000497,0.080762
112624,902,734.708,245,1542.83,26.399105,-191.452649,-0.001183,0.081283
112948,903,1032.447,324,1547.58,28.321225,-192.002004,-0.001333,0.081871
113265,904,1021.034,317,1552.36,39.368873,-192.354237,0.000479,0.081729
113512,905,746.514,247,1555.97,26.787714,-192.207517,3.6e-05,0.081751
113788,906,839.903,276,1560.15,33.375835,-192.487517,0.000347,0.081626
114071,907,940.348,283,1564.31,30.311952,-192.39921,0.000236,0.081478
114286,908,639.445,215,1567.32,31.812583,-192.775764,-0.001017,0.081824
114527,909,820.008,241,1570.96,32.397117,-192.089228,-0.001981,0.082621
114802,910,905.722,275,1574.98,29.829679,-193.013436,0.00037,0.082374
115045,911,780.93,243,1578.62,29.573686,-192.706289,-0.000204,0.082495
115369,912,1068.643,324,1583.83,36.966849,-193.571995,0.002753,0.081122
115603,913,731.084,234,1587.37,33.86263,-193.321964,0.00061,0.080674
115892,914,823.241,289,1591.81,31.273944,-193.287366,0.001251,0.080437
116134,915,704.296,242,1595.58,31.620661,-193.254823,-0.001671,0.080922
116369,916,740.474,235,1599.39,29.630552,-193.258041,0.004491,0.079492
116656,917,953.581,287,1603.96,29.309801,-193.892606,-0.000323,0.079541
116930,918,875.872,274,1608.02,30.403277,-193.97025,-0.001599,0.08009
117179,919,824.314,249,1611.4,31.685318,-194.289251,-0.004043,0.081646
117422,920,706.328,243,1614.67,33.25906,-194.118595,-0.003092,0.082788
117645,921,599.167,223,1617.9,30.802805,-194.604386,0.000936,0.082756
117865,922,587.765,220,1621.07,28.312343,-194.708281,0.00319,0.081477
118108,923,714.196,243,1624.53,32.169711,-194.782465,3.8e-05,0.081516
118322,924,621.34,214,1627.46,25.675229,-194.798471,-0.001811,0.082067
118565,925,709.609,243,1630.78,28.455665,-195.019861,-0.000228,0.082158
118811,926,706.167,246,1634.02,35.068197,-195.071946,0.003333,0.080878
119044,927,703.748,233,1637.05,40.718562,-195.241381,-0.000868,0.081033
119293,928,753.151,249,1640.71,30.095517,-195.118636,-0.002094,0.081843
119575,929,937.191,282,1644.66,36.068853,-195.615904,-0.000657,0.082215
119849,930,815.692,274,1648.61,31.878137,-195.587142,-0.001445,0.082894
120098,931,745.638,249,1653.62,30.384674,-195.846254,0.000397,0.082766
120339,932,731.356,241,1656.78,27.337604,-195.201609,-0.000279,0.082818
120577,933,723.676,238,1660.07,31.889069,-195.529949,-0.000982,0.083267
120828,934,786.438,251,1663.32,34.866911,-195.958065,-0.000706,0.083494
121078,935,792.564,250,1666.74,26.189294,-196.31717,0.002632,0.082516
121339,936,845.295,261,1670.45,32.147088,-195.970862,-0.000951,0.08293
121597,937,853.269,258,1673.99,29.490464,-196.183978,0.000145,0.08284
121890,938,846.596,293,1678.3,35.888097,-196.876532,-0.000561,0.08304
122143,939,758.807,253,1681.58,27.912865,-196.355134,-0.000854,0.08342
122427,940,981.607,284,1685.13,35.223971,-196.749965,0.001088,0.082629
122680,941,757.628,253,1688.48,30.344065,-197.043274,-7.5e-05,0.083042
122929,942,809.25,249,1691.87,40.652617,-197.12543,-0.000304,0.083088
123254,943,1019.39,325,1696.46,31.606884,-197.226059,0.003244,0.081486
123498,944,751.105,244,1699.94,46.170953,-197.044017,-0.002628,0.082277
123739,945,739.622,241,1703.09,30.288504,-196.732583,0.001505,0.081854
124067,946,1025.253,328,1707.36,32.491531,-197.27058,0.001748,0.081002
124323,947,774.463,256,1710.73,34.913127,-197.599142,-0.000157,0.081096
124570,948,745.49,247,1713.95,35.468707,-197.626007,-0.000343,0.08116
124862,949,900.578,292,1718.32,29.529357,-197.258368,0.000696,0.080771
125105,950,745.345,243,1721.73,24.601044,-197.806162,0.000687,0.080637
125252,951,323.913,147,1723.81,30.388551,-198.648827,-0.001999,0.081061
125559,952,973.573,307,1728.02,36.20056,-198.616295,-0.000144,0.081125
125704,953,318.718,145,1729.91,43.197915,-197.981479,0.001897,0.080647
125965,954,808.944,261,1733.17,33.24361,-197.846283,0.000669,0.080577
126797,955,2605.963,832,1744.62,30.557768,-198.461959,0.001111,0.079029
127214,956,1212.607,417,1750.54,32.590323,-198.850259,0.000998,0.078329
127476,957,828.573,262,1753.89,32.039926,-198.985971,0.000792,0.078112
127817,958,1036.434,341,1758.37,31.160742,-198.850725,0.000791,0.077701
128101,959,931.397,284,1762.07,32.281725,-199.175555,-0.001971,0.078477
128394,960,961.79,293,1766.1,31.821053,-199.338586,-0.00083,0.07888
128698,961,939.779,304,1770.39,31.688342,-199.036698,0.002678,0.077596
128940,962,742.264,242,1773.69,28.0352,-199.789704,0.000262,0.077572
129305,963,1064.808,365,1778.78,34.05059,-199.397299,0.001287,0.076777
129544,964,715.295,239,1781.85,31.943803,-199.838798,0.00097,0.076463
129876,965,1040.987,332,1786.27,28.430664,-200.237223,-0.001233,0.076981
130127,966,791.406,251,1792.02,39.886966,-200.106895,-0.000765,0.077117
130418,967,912.701,291,1796.17,32.047848,-200.340645,-0.001297,0.077719
130553,968,289.172,135,1798.1,31.087855,-199.925162,0.004515,0.077077
130915,969,1098.267,362,1803.87,31.23388,-200.389342,-0.000687,0.077317
131378,970,1395.654,463,1811.01,27.570519,-200.592265,0.001061,0.076599
131674,971,874.642,296,1815.52,33.856326,-200.477619,0.003898,0.074788
131917,972,778.347,243,1819.41,29.397157,-200.964498,0.000436,0.074675
132917,973,2786.131,1000,1836.26,31.962262,-201.452636,-0.000427,0.075289
133466,974,1626.92,549,1845.62,27.880162,-201.723501,-0.000836,0.075959
133840,975,1230.029,374,1850.8,30.376615,-201.855625,-0.001224,0.076668
134083,976,743.986,243,1854.12,37.303786,-201.460353,0.000878,0.076239
134322,977,706.503,239,1857.41,34.063652,-201.86176,-0.00182,0.077032
135028,978,1972.81,706,1866.77,31.844649,-202.066174,0.000649,0.076359
135471,979,1294.757,443,1872.76,29.243129,-202.206313,-0.000177,0.076439
135715,980,776.846,244,1876.18,35.602576,-202.347176,0.002409,0.075428
135997,981,869.237,282,1880.18,31.897083,-202.596308,0.001154,0.075056
136319,982,986.304,322,1884.59,29.285582,-202.630543,-0.000481,0.075218
136561,983,709.538,242,1887.52,34.984081,-202.333633,-0.003809,0.076622
136810,984,753.738,249,1890.83,31.257892,-202.414946,0.00093,0.076279
137295,985,1458.507,485,1897.54,32.399145,-202.868258,0.002444,0.074544
137555,986,820.418,260,1901.3,32.482218,-203.229638,8e-06,0.074482
137793,987,733.018,238,1904.82,31.177392,-203.214412,-0.002048,0.075042
138127,988,1064.244,334,1909.79,29.6956,-202.841033,-0.003176,0.077076
138489,989,1102.232,362,1915.03,28.870731,-203.234248,-0.000536,0.077426
138718,990,693.18,229,1918.55,28.454058,-203.185276,0.007437,0.074777
139203,991,1446.952,485,1925.33,36.214878,-203.548093,0.002724,0.072745
139707,992,1476.545,504,1932.65,29.29895,-203.190902,-0.00199,0.074216
140302,993,1859.313,595,1944.81,28.82303,-203.416143,0.00152,0.072864
140554,994,793.479,252,1948.81,32.184297,-203.90437,0.000869,0.072586
140779,995,698.124,225,1952.26,28.374965,-203.246849,0.000516,0.072381
140886,996,249.819,107,1953.93,35.567208,-202.598026,0.000103,0.072451
141262,997,1110.74,376,1959.64,35.062996,-203.444583,-0.001549,0.073076
141504,998,787.997,242,1963.3,26.984093,-204.356366,0.001365,0.072776
141790,999,902.532,286,1967.43,33.376869,-203.594315,0.000143,0.072538
142093,1000,978.056,303,1971.21,28.151786,-203.356556,-0.002586,0.073866
142308,1001,685.667,215,1974.14,37.860584,-203.667526,0.00345,0.072889
142540,1002,739.671,232,1977.36,31.598028,-203.692231,0.006338,0.070551
142784,1003,764.912,244,1980.77,28.468235,-203.683488,0.000613,0.070343
143087,1004,967.045,303,1985.21,27.602027,-203.78736,7.2e-05,0.070187
143330,1005,776.014,243,1988.68,33.365247,-203.900096,-0.00284,0.071219
143655,1006,947.527,325,1992.85,27.995841,-204.063915,0.00037,0.07105
143963,1007,918.82,308,1997.06,27.472104,-204.166842,0.000336,0.070969
144281,1008,929.64,318,2001.05,31.406934,-204.40734,-0.001267,0.071545
144646,1009,1186.872,365,2006.37,30.22922,-203.679774,-0.00256,0.072962
145100,1010,1392.376,454,2012.92,29.964341,-203.748176,0.001476,0.071991
145498,1011,1259.212,398,2018.49,25.89988,-204.051131,-0.000819,0.072462
145779,1012,928.214,281,2022.1,29.847623,-203.975696,0.00052,0.072243
146020,1013,723.638,241,2025.6,35.874291,-203.969495,-0.000101,0.072251
146280,1014,716.872,260,2029.39,32.880373,-203.906495,0.000494,0.07211
146579,1015,962.644,299,2033.65,26.349919,-204.245268,0.001727,0.071237
146714,1016,287.196,135,2035.58,33.123114,-204.285944,-0.000675,0.071368
147009,1017,969.626,295,2039.58,29.439955,-204.227308,0.002408,0.070364
147326,1018,1008.299,317,2043.62,27.578105,-204.495659,-0.000213,0.070477
147568,1019,762.518,242,2047.05,28.397186,-203.853976,-0.002189,0.071187
147839,1020,861.415,271,2050.53,32.697339,-204.235004,0.000822,0.070977
147991,1021,362.434,152,2052.6,40.034187,-204.237142,-0.001839,0.071356
148348,1022,1147.206,357,2057.75,30.116313,-203.974189,0.001241,0.070812
148637,1023,940.379,289,2061.9,26.761948,-204.074067,0.000755,0.070354
149011,1024,1145.112,374,2067.04,33.052807,-204.030096,-0.000117,0.070367
149295,1025,930.103,284,2070.62,31.879071,-204.792932,-0.001284,0.071031
149579,1026,910.858,284,2074.38,27.826547,-204.218311,-0.000252,0.071086
149852,1027,880.783,273,2078.28,35.860886,-204.072129,0.002709,0.069981
150152,1028,957.921,300,2084.28,29.012077,-204.050073,0.000993,0.069651
150480,1029,1095.017,328,2089.03,31.291212,-204.260504,0.001901,0.068704
150750,1030,887.374,270,2092.61,31.32701,-204.313283,0.001124,0.068163
151065,1031,977.416,315,2096.85,28.779471,-204.275755,-0.003044,0.06968
151399,1032,1054.201,334,2101.07,28.547668,-204.443956,-0.000417,0.069764
151758,1033,1119.636,359,2106.22,30.954848,-204.045434,0.001022,0.06924
151985,1034,748.663,227,2109.38,25.177447,-204.410377,-0.0006,0.069475
152254,1035,848.586,269,2113.17,30.070052,-204.561958,0.002556,0.068419
152582,1036,1009.839,328,2117.51,32.642786,-204.329334,0.004333,0.066313
152900,1037,1039.331,318,2121.47,30.724795,-204.683654,-0.000691,0.066557
153148,1038,785.309,248,2124.77,31.034899,-204.624182,0.001055,0.066148
153506,1039,1161.223,358,2129.49,26.60241,-204.555923,-0.000395,0.066532
153717,1040,682.336,211,2132.47,34.747986,-204.479321,0.001843,0.06575
153967,1041,846.332,250,2136.03,32.531931,-204.792106,-0.002746,0.066935
154275,1042,926.812,308,2140.05,27.909956,-204.655575,-0.000399,0.067075
154513,1043,768.62,238,2143.08,26.616714,-205.256273,-0.000312,0.0671
154741,1044,705.526,228,2146.13,27.747362,-205.059748,-0.001515,0.067651
154886,1045,319.187,145,2148.46,33.964498,-205.080804,0.00089,0.067541
155248,1046,1188.475,362,2153.85,25.303599,-204.946607,-0.000131,0.067526
155558,1047,948.004,310,2158.51,31.030147,-204.885606,0.003064,0.066103
155804,1048,797.092,246,2162.25,31.535971,-204.915741,0.000499,0.066037
156074,1049,916.137,270,2166.02,29.708079,-205.188969,3.3e-05,0.065948
156363,1050,928.554,289,2170.54,30.549128,-204.719026,-0.000868,0.066241
156652,1051,942.389,289,2174.84,29.436665,-205.391512,0.002024,0.065482
156917,1052,907.449,265,2179.12,34.302143,-205.008589,-0.001468,0.066084
157405,1053,1597.251,488,2186.97,29.358682,-204.995551,-0.001171,0.067003
157722,1054,1064.727,317,2191.92,27.212579,-205.329274,-0.000413,0.067139
158105,1055,1154.365,383,2198.02,26.476367,-205.558973,0.000985,0.066422
158434,1056,1070.747,329,2203.49,26.844697,-205.544907,-0.000325,0.066735
158734,1057,874.746,300,2208.31,29.3437,-205.411899,-0.001769,0.067567
158952,1058,684.899,218,2211.46,30.119176,-205.197985,0.000636,0.067269
159310,1059,1199.145,358,2216.47,29.821475,-205.744759,-0.000826,0.067803
159365,1060,80.692,55,2217.28,29.742349,-204.288592,0.000237,0.067705
159592,1061,740.793,227,2220.4,34.156236,-205.841922,0.004028,0.06638
159871,1062,914.606,279,2223.88,29.80864,-205.6856,-0.000503,0.066511
160158,1063,949.27,287,2229.89,28.33234,-205.761611,0.003572,0.065064
160439,1064,969.316,281,2233.35,34.356452,-205.716284,-0.001537,0.065737
160782,1065,1109.738,343,2238.28,29.633874,-205.919303,0.00056,0.065361
161134,1066,1188.688,352,2243.29,31.107923,-205.935518,0.00015,0.065121
161441,1067,951.236,307,2247.61,24.776449,-205.868725,-0.002817,0.066709
161746,1068,934.019,305,2251.77,31.548558,-206.055411,-0.00133,0.067217
162051,1069,896.697,305,2255.67,29.886379,-206.434337,-0.001091,0.067785
162447,1070,1203.005,396,2261.27,31.464719,-206.026816,0.003227,0.065814
162738,1071,939.028,291,2265.35,27.17755,-206.524573,0.003304,0.064273
163062,1072,992.687,324,2269.79,28.910652,-206.41267,0.000789,0.063889
163333,1073,894.087,271,2273.82,27.276211,-206.958541,0.000799,0.0636
164215,1074,2812.444,882,2286.93,31.274854,-206.909041,-0.000913,0.064706
164940,1075,2298.891,725,2297.23,28.558979,-207.339082,-0.000177,0.064968
165062,1076,238.0,122,2298.92,32.229908,-207.11364,-0.001246,0.065207
165403,1077,1120.402,341,2304.13,33.349716,-207.386071,9e-05,0.065341
165538,1078,285.482,135,2306.32,29.41569,-207.025186,0.003109,0.064464
165792,1079,828.151,254,2310.25,30.405307,-207.446996,-0.000599,0.064763
166064,1080,902.548,272,2314.44,29.465655,-207.227996,0.000474,0.064565
166395,1081,1087.665,331,2319.39,30.260183,-207.406256,-0.000232,0.064709
166744,1082,1113.561,349,2324.89,23.76046,-207.873428,0.00164,0.063858
167101,1083,1102.438,357,2329.78,29.909373,-208.086942,-0.000544,0.064093
167395,1084,966.704,294,2333.83,35.546564,-207.758487,8.8e-05,0.064052
167695,1085,922.606,300,2337.87,30.211857,-207.931364,-0.000716,0.064516
168120,1086,1392.098,425,2344.14,31.190214,-208.273794,-0.001225,0.065398
168550,1087,1407.511,430,2350.07,34.680983,-207.850396,0.000489,0.064889
168911,1088,1238.694,361,2354.89,31.536924,-208.182302,-0.000229,0.065068
169357,1089,1505.815,446,2360.61,33.222202,-208.621306,0.000687,0.064432
169657,1090,914.11,300,2365.19,29.905721,-209.2003,-0.001512,0.065202
170020,1091,1182.592,363,2372.75,30.06768,-208.772221,0.001141,0.064567
170253,1092,757.51,233,2376.16,30.148307,-208.932307,-0.00181,0.065271
170623,1093,1223.473,370,2381.08,31.286373,-208.993222,-0.00047,0.065569
171003,1094,1212.488,380,2386.07,29.712469,-209.282827,0.001144,0.064885
171479,1095,1579.332,476,2392.46,29.220959,-209.530439,-0.002058,0.066331
171922,1096,1463.913,443,2398.66,28.465613,-209.40032,-0.00081,0.066896
172362,1097,1399.652,440,2404.57,29.982504,-209.726732,0.002966,0.06489
172698,1098,1117.577,336,2408.87,27.256434,-209.90038,-0.000483,0.065148
173069,1099,1199.24,371,2413.9,25.472235,-209.725198,0.000194,0.065081
173428,1100,1209.396,359,2418.91,27.555759,-210.009688,0.001323,0.064379
173862,1101,1409.977,434,2425.14,29.172028,-210.092944,0.000766,0.0638
174384,1102,1723.192,522,2431.93,28.088548,-210.066576,-0.001504,0.064846
174783,1103,1320.418,399,2436.93,28.095245,-210.375375,-0.000218,0.065085
175137,1104,1184.631,354,2441.99,29.080756,-210.567103,0.000479,0.064987
175432,1105,958.498,295,2446.24,26.072754,-210.525422,0.002364,0.063766
175921,1106,1598.291,489,2452.99,28.315947,-210.732338,-3.5e-05,0.063825
176401,1107,1524.692,480,2459.04,27.44789,-210.716171,-0.000405,0.064167
176681,1108,926.452,280,2462.84,29.285997,-211.282708,0.001648,0.063573
177049,1109,1174.73,368,2467.94,29.042782,-210.878438,-0.001671,0.064377
177597,1110,1773.115,548,2475.81,27.731002,-211.227692,0.00056,0.063974
177840,1111,792.996,243,2478.87,28.145461,-211.392678,-0.001522,0.064575
178219,1112,1218.101,379,2483.82,23.824567,-211.435476,-0.000424,0.064696
178488,1113,866.578,269,2487.26,29.705606,-211.655801,-0.000609,0.0649
178748,1114,861.074,260,2490.86,24.434189,-211.643856,0.001431,0.064496
179245,1115,1601.872,497,2497.69,29.203449,-211.985695,0.000854,0.063742
179601,1116,1170.709,356,2502.44,27.360138,-211.957657,0.000847,0.063253
179923,1117,1081.282,322,2506.55,26.55154,-211.871136,-0.000377,0.063515
180283,1118,1166.532,360,2514.33,25.182167,-212.252725,-0.000776,0.06392
180905,1119,2047.425,622,2523.71,24.685968,-212.661214,-0.000218,0.06415
181159,1120,846.7,254,2527.7,25.479739,-212.893894,-0.001067,0.064609
181601,1121,1452.432,442,2534.37,28.263617,-212.853985,0.001063,0.063833
181939,1122,1086.547,338,2540.09,25.671742,-212.727943,0.000699,0.063566
182230,1123,923.914,291,2544.96,25.682712,-213.192177,0.00242,0.062408
182576,1124,1169.36,346,2550.28,25.533349,-213.332897,0.000226,0.062184
182888,1125,1004.541,312,2555.82,22.276019,-213.204708,-0.000612,0.062597
183196,1126,1027.531,308,2561.35,23.928807,-213.579646,0.000587,0.06217
183625,1127,1414.904,429,2568.07,28.288862,-213.776844,0.002332,0.060761
183963,1128,1074.055,338,2572.5,25.310288,-213.612364,-0.001951,0.061728
184344,1129,1228.362,381,2577.88,23.869916,-213.962711,0.00125,0.060901
184657,1130,958.782,313,2582.11,25.216603,-214.198699,0.000128,0.060948
184974,1131,1029.459,317,2586.28,30.229934,-213.702217,6.4e-05,0.060902
185226,1132,819.786,252,2589.54,28.677296,-213.716809,-0.000406,0.060931
185666,1133,1449.365,440,2595.32,24.393498,-214.340255,-4.2e-05,0.061112
185975,1134,1035.5,309,2599.83,24.762463,-214.249036,0.002374,0.060026
186224,1135,825.802,249,2603.37,25.927527,-214.593884,-0.001822,0.060573
186561,1136,1137.824,337,2608.17,28.340168,-214.239377,-0.001765,0.061613
186852,1137,924.053,291,2611.9,25.973764,-214.527729,0.000103,0.06157
187131,1138,916.097,279,2615.67,25.026274,-214.750795,-0.001462,0.062143
187401,1139,907.818,270,2619.25,28.615757,-214.75886,-0.00182,0.062999
187758,1140,1197.002,357,2624.26,26.94706,-214.583725,-0.001235,0.063624
188065,1141,1024.323,307,2628.6,25.772752,-214.931525,0.00061,0.06328
188407,1142,1175.409,342,2633.8,28.548202,-214.51393,0.000307,0.063231
188645,1143,781.932,238,2637.39,27.023818,-215.25149,-0.000559,0.06343
188877,1144,722.313,232,2640.87,26.361625,-215.239538,0.000566,0.063257
189115,1145,812.061,238,2644.48,26.100381,-214.960551,0.002272,0.062396
189310,1146,550.901,195,2647.24,25.212317,-214.834924,0.000444,0.062296
189659,1147,1160.982,349,2652.3,27.168428,-214.972373,-0.001165,0.062749
190171,1148,1721.999,512,2664.96,27.298806,-215.245184,-0.001523,0.063889
190422,1149,835.522,251,2668.68,22.654714,-215.524238,-0.001179,0.064467
190926,1150,1652.095,504,2676.73,25.4975,-215.385175,-9.3e-05,0.064727
191253,1151,1055.11,327,2681.8,25.84544,-215.440087,0.002158,0.063518
191562,1152,1017.228,309,2686.31,26.120839,-215.575305,0.000251,0.063409
191825,1153,890.368,263,2690.21,22.760701,-215.959164,0.00307,0.062269
192808,1154,3235.738,983,2703.09,23.741235,-215.977083,-0.000289,0.062551
193581,1155,2549.726,773,2714.11,27.081025,-216.099294,-0.000195,0.062928
194272,1156,2276.954,691,2723.23,25.717148,-216.459029,0.001096,0.06159
194914,1157,2169.606,642,2732.04,27.256201,-216.917889,0.000418,0.061171
195373,1158,1501.682,459,2738.67,22.941088,-216.535614,-0.000133,0.061329
195827,1159,1496.496,454,2744.74,25.321989,-217.419511,-0.002048,0.062696
196214,1160,1251.666,387,2749.81,24.3545,-217.288891,-0.000928,0.06342
196514,1161,1045.159,300,2753.7,24.116483,-217.372743,-0.000336,0.063579
196795,1162,962.923,281,2757.63,28.562282,-217.114464,0.000555,0.063249
197026,1163,770.157,231,2760.91,24.913443,-217.466155,-2.2e-05,0.063206
197542,1164,1754.99,516,2767.95,27.058965,-217.587419,-0.000355,0.063635
198003,1165,1515.476,461,2773.77,23.200986,-218.016114,0.001141,0.062851
198346,1166,1188.465,343,2778.39,23.876252,-217.94138,-0.000386,0.062937
198630,1167,912.577,284,2782.46,23.662876,-218.30352,-0.00153,0.063652
198916,1168,956.124,286,2786.44,20.37221,-217.420087,-0.001008,0.064149
199371,1169,1500.526,455,2792.5,23.666395,-218.461006,-0.000336,0.064331
199665,1170,1003.889,294,2796.36,26.584503,-218.215625,0.000321,0.064246
200173,1171,1726.371,508,2805.3,28.383867,-218.284727,-0.001198,0.065187
200413,1172,812.684,240,2808.78,22.585891,-218.615322,0.001344,0.064727
200822,1173,1391.874,409,2814.6,22.814437,-218.531378,0.001482,0.063797
201105,1174,952.566,283,2818.5,22.705647,-219.013493,0.001446,0.063123
201394,1175,993.815,289,2822.13,22.530692,-218.785432,0.001023,0.062681
202125,1176,2452.04,731,2832.04,23.750695,-218.925376,0.000442,0.062137
202406,1177,951.139,281,2836.07,26.449036,-219.468208,-0.000468,0.062229
202773,1178,1208.548,367,2841.16,23.868645,-219.314616,-0.001064,0.062835
203034,1179,892.019,261,2844.35,19.099297,-219.420711,0.002135,0.062096
203388,1180,1180.694,354,2848.97,24.394787,-219.625471,-0.002363,0.063183
203681,1181,967.8,293,2852.6,24.383638,-219.356629,-0.000925,0.063713
204040,1182,1206.618,359,2857.65,21.170633,-219.596436,0.001026,0.063103
204329,1183,951.603,289,2861.6,24.789639,-219.525778,0.001364,0.062593
204716,1184,1276.969,387,2866.91,22.11292,-219.975083,0.001304,0.061738
204988,1185,919.86,272,2871.15,18.222795,-219.966196,0.000794,0.061481
205360,1186,1242.343,372,2877.05,22.38969,-219.604725,-0.001035,0.062019
205784,1187,1424.94,424,2883.59,23.658494,-220.156964,-0.001513,0.063003
206041,1188,864.889,257,2887.42,24.510835,-220.002034,0.001929,0.062411
206350,1189,1040.967,309,2891.93,24.264104,-220.121788,0.000457,0.062065
206640,1190,984.329,290,2896.47,23.156397,-220.307291,0.002107,0.061305
206932,1191,931.542,292,2901.0,22.449425,-220.445898,-0.001452,0.061858
207184,1192,843.842,252,2905.3,20.080692,-220.611082,0.001414,0.061348
207454,1193,908.29,270,2909.59,25.576206,-221.162614,0.00022,0.061139
207790,1194,1148.358,336,2914.95,20.065428,-220.916071,-0.00203,0.062263
208092,1195,969.4,302,2919.77,24.357403,-220.505367,0.001017,0.061883
208448,1196,1200.035,356,2925.94,24.965817,-220.630493,0.000963,0.06124
208719,1197,890.527,271,2929.28,23.874882,-221.529717,-0.000198,0.061284
209010,1198,960.128,291,2933.35,20.501051,-221.308598,-0.002016,0.062239
209471,1199,1510.065,461,2939.72,19.892983,-221.21114,0.000172,0.062162
209766,1200,960.668,295,2943.93,24.00111,-221.106253,0.001019,0.061793
210065,1201,976.344,299,2949.97,20.285665,-221.542674,0.000615,0.061287
210529,1202,1510.249,464,2955.99,29.081629,-221.626848,-0.000937,0.062122
210800,1203,892.213,271,2959.48,24.8718,-221.567681,0.003375,0.060688
211055,1204,872.489,255,2963.31,24.272874,-221.451083,-3.4e-05,0.060575
211495,1205,1471.173,440,2969.44,22.683794,-222.190794,-0.0002,0.060803
211841,1206,1127.488,346,2974.23,25.654198,-221.82473,-0.001731,0.0617
212182,1207,1158.3,341,2978.56,23.361803,-221.770122,-0.001101,0.062181
212587,1208,1368.042,405,2983.89,21.614871,-221.908662,-0.000496,0.062502
212927,1209,1151.421,340,2988.75,20.876725,-221.904032,-0.000114,0.062579
213211,1210,933.768,284,2992.65,23.328022,-222.353862,-0.001094,0.063131
213461,1211,852.666,250,2996.51,21.997128,-222.147666,0.000731,0.062921
213783,1212,1118.767,322,3001.36,21.64637,-222.323103,0.002344,0.061579
214555,1213,2593.94,772,3012.68,23.775489,-222.517877,0.000598,0.061042
215198,1214,2152.234,643,3022.13,21.924396,-222.4809,-0.000419,0.061309
215545,1215,1168.579,347,3027.71,20.396619,-222.774749,-0.000955,0.061837
215899,1216,1195.554,354,3033.26,25.297846,-222.677977,-6.4e-05,0.061954
216204,1217,1003.052,305,3037.88,22.797816,-222.854221,0.001265,0.061311
216646,1218,1504.583,442,3044.76,21.234285,-223.869882,0.002616,0.059595
217243,1219,1995.002,597,3053.09,21.557242,-223.38183,-0.000803,0.060273
217679,1220,1481.37,436,3058.86,22.326701,-223.598197,-0.001475,0.061375
218201,1221,1727.182,522,3065.99,20.53013,-223.541698,0.000194,0.061132
218800,1222,1995.55,599,3074.57,22.110456,-223.60379,0.001135,0.060124
219362,1223,1870.2,562,3081.82,21.466415,-224.089817,0.000856,0.059416
219657,1224,1015.181,295,3086.02,25.204974,-224.391592,-0.000877,0.05979
220121,1225,1551.553,464,3094.62,23.107893,-224.461505,0.000731,0.0592
220881,1226,2505.591,760,3105.72,21.656774,-224.534062,-0.000789,0.060304
221257,1227,1249.554,376,3110.72,21.314016,-224.648624,0.000816,0.059836
221712,1228,1529.828,455,3117.42,20.784822,-224.794458,-5.3e-05,0.059813
222466,1229,2527.654,754,3128.08,22.065299,-225.00091,-0.000156,0.060136
223466,1230,3273.621,1000,3141.08,21.339121,-225.483698,-0.000556,0.060692
224067,1231,2036.375,601,3149.8,19.972848,-225.396906,0.000827,0.060007
224417,1232,1181.771,350,3154.68,23.22187,-225.549532,-0.00038,0.060223
224858,1233,1481.569,441,3160.31,20.22844,-225.647648,0.00123,0.059386
225241,1234,1270.882,383,3165.44,21.503238,-225.960369,0.001678,0.058455
226241,1235,3320.231,1000,3179.41,19.489179,-226.345018,-0.000172,0.058595
226682,1236,1486.474,441,3185.39,18.913876,-226.457145,-0.000592,0.059097
226984,1237,1036.234,302,3189.39,21.851456,-226.480854,-8.7e-05,0.059128
227303,1238,1106.993,319,3193.99,21.995307,-227.032863,0.001779,0.05827
227697,1239,1335.569,394,3199.44,22.487391,-226.63768,-0.003034,0.060085
228322,1240,2140.86,625,3207.74,20.850213,-226.955825,0.000662,0.059483
228663,1241,1190.425,341,3212.08,22.113834,-226.957821,0.002525,0.05822
229328,1242,2275.56,665,3221.34,20.404286,-227.081769,-0.000417,0.058653
229809,1243,1634.874,481,3228.52,20.279769,-227.342506,0.000414,0.058346
230140,1244,1135.178,331,3239.76,20.1491,-227.652997,0.001271,0.057688
230781,1245,2170.074,641,3249.47,21.744485,-227.386074,-0.002533,0.060221
231291,1246,1745.423,510,3256.83,19.701217,-227.523606,0.002627,0.058124
231811,1247,1718.144,520,3265.52,20.549639,-227.680594,-0.000449,0.058428
232181,1248,1247.93,370,3271.94,21.304299,-228.130262,-0.0001,0.05854
232499,1249,1079.344,318,3277.33,19.918822,-227.82957,-0.000427,0.058871
232774,1250,916.742,275,3281.65,17.974059,-228.038724,-0.002024,0.059652
233591,1251,2763.963,817,3293.31,19.37154,-228.3688,0.000535,0.059086
234378,1252,2636.41,787,3304.06,20.066764,-228.543181,0.000751,0.058055
234813,1253,1494.272,435,3310.41,20.362817,-228.719362,-0.000662,0.058497
235791,1254,3300.967,978,3323.15,22.12889,-228.850619,0.000154,0.058232
236149,1255,1207.17,358,3328.34,17.974417,-229.720116,0.000252,0.058096
236591,1256,1489.431,442,3334.46,19.502783,-229.386076,-0.000516,0.058499
237100,1257,1734.527,509,3341.33,22.555692,-229.371567,-0.000304,0.058805
238100,1258,3197.263,1000,3355.59,19.909258,-229.659223,-0.000996,0.06032
238335,1259,797.519,235,3358.98,20.837017,-229.948056,0.00302,0.059227
238823,1260,1654.48,488,3366.31,20.315523,-230.164284,0.000795,0.058575
239208,1261,1282.848,385,3372.11,19.947539,-230.360429,0.000573,0.058277
240208,1262,3234.387,1000,3396.15,20.159622,-230.354945,1.6e-05,0.058281
240637,1263,1463.04,429,3403.01,21.352979,-230.622493,7.3e-05,0.058256
240863,1264,744.947,226,3406.52,18.633007,-230.656206,0.000213,0.0582
241863,1265,3253.43,1000,3420.38,19.493526,-230.92802,-0.000674,0.059041
242121,1266,870.011,258,3423.99,15.873477,-231.34453,0.001864,0.058536
242399,1267,942.933,278,3427.6,18.565827,-231.267204,-0.001858,0.059191
242643,1268,826.965,244,3430.9,20.580388,-231.490948,0.000684,0.058979
242910,1269,924.656,267,3434.31,18.597814,-231.245782,0.000234,0.058917
243210,1270,1020.155,300,3438.44,19.263675,-231.800076,8.8e-05,0.058902
243632,1271,1380.636,422,3444.61,19.155082,-231.817235,0.000617,0.058408
243909,1272,940.419,277,3448.97,21.276499,-231.412175,0.00048,0.058203
244714,1273,2709.034,805,3459.57,18.601141,-231.790737,0.000813,0.057231
245182,1274,1575.013,468,3466.08,18.863889,-231.965269,-0.001216,0.058174
245611,1275,1454.548,429,3472.14,16.240748,-232.496032,-0.000204,0.058234
246116,1276,1721.604,505,3478.98,20.290858,-232.276206,0.000328,0.057973
246673,1277,1882.956,557,3486.12,21.874218,-232.468744,9.7e-05,0.057967
247083,1278,1419.447,410,3491.87,19.438026,-232.373604,0.000813,0.057413
247519,1279,1465.075,436,3498.01,20.302301,-232.841922,-0.001,0.058131
247751,1280,771.55,232,3501.15,24.488222,-232.358785,-0.002937,0.059009
248047,1281,986.614,296,3504.93,18.575923,-233.076388,-0.001852,0.060066
248303,1282,875.189,256,3508.47,20.706782,-232.221648,0.000259,0.059991
248719,1283,1427.076,416,3514.15,17.571724,-232.636476,0.000582,0.059604
249226,1284,1692.346,507,3521.41,18.918979,-232.942428,0.001331,0.058625
249519,1285,965.243,293,3525.26,20.14465,-232.917978,0.001022,0.058054
250163,1286,2208.254,644,3539.46,21.376376,-233.225149,-0.00093,0.059013
250426,1287,890.599,263,3543.02,16.71528,-233.065721,0.000685,0.058706
250679,1288,868.372,253,3546.7,17.828478,-233.29212,-0.00248,0.059698
250967,1289,949.507,288,3550.8,19.119991,-233.506705,-0.0016,0.060432
251288,1290,1094.711,321,3555.23,21.086695,-233.633729,0.001917,0.059549
251573,1291,941.731,285,3558.8,18.974867,-233.610708,-0.000992,0.059841
252503,1292,3083.083,930,3571.25,18.848555,-233.557677,7.2e-05,0.059883
252815,1293,1058.842,312,3575.63,17.702003,-233.404875,0.000643,0.059585
253072,1294,868.361,257,3579.02,20.509635,-233.606383,0.002322,0.058665
253318,1295,845.701,246,3582.18,19.397677,-233.912647,0.000701,0.05829
253541,1296,734.662,223,3585.07,17.779552,-233.952913,0.000576,0.058198
253778,1297,795.007,237,3588.62,19.093189,-233.826857,-0.001969,0.058879
254025,1298,852.926,247,3592.42,19.389133,-234.028756,-0.002014,0.059594
254276,1299,866.932,251,3595.85,20.338126,-234.271781,-0.001291,0.060127
254656,1300,1248.373,380,3601.88,19.188441,-234.140798,0.001899,0.059128
255656,1301,3232.266,1000,3617.31,19.584576,-234.099393,2.4e-05,0.058998
255928,1302,910.686,272,3621.37,19.766496,-234.387888,-0.000561,0.059288
256174,1303,853.349,246,3625.19,18.037497,-234.613593,0.000281,0.059195
256477,1304,1015.22,303,3630.25,18.93685,-234.409342,-0.002686,0.060283
256764,1305,974.537,287,3634.89,19.300374,-234.589327,0.001986,0.059523
257331,1306,1919.151,567,3643.79,19.078461,-234.568425,0.000648,0.059002
257627,1307,978.863,296,3648.29,18.704107,-234.91364,-0.001529,0.059549
257956,1308,1079.459,329,3652.86,16.887961,-234.405346,0.000922,0.059161
258724,1309,2575.773,768,3663.28,18.204062,-234.797537,-0.001044,0.060604
259724,1310,3113.27,1000,3676.89,19.6071,-234.947449,0.000737,0.059369
260724,1311,3275.185,1000,3692.7,19.625489,-235.160652,0.000433,0.058663
261323,1312,2026.855,599,3700.82,18.758342,-235.05797,0.000262,0.058405
261593,1313,911.113,270,3704.62,19.57359,-236.013593,-0.000248,0.058507
262593,1314,3159.795,1000,3719.46,19.169131,-235.696031,-0.00027,0.059026
263044,1315,1467.31,451,3726.29,19.446792,-235.704749,0.002074,0.05758
263594,1316,1875.113,550,3734.28,17.913464,-235.597969,-0.001241,0.058509
264594,1317,3091.801,1000,3750.1,17.67628,-235.720536,-0.000281,0.058899
264845,1318,858.806,251,3754.1,19.47953,-236.49219,0.001531,0.058345
265195,1319,1210.099,350,3759.39,18.203706,-236.080707,0.002574,0.057073
266195,1320,3148.187,1000,3773.67,17.763433,-236.248198,0.000153,0.056872
267195,1321,3113.156,1000,3787.58,18.382201,-236.432311,-0.00048,0.057552
267829,1322,2120.5,634,3796.1,19.55882,-236.535385,0.000127,0.057403
268241,1323,1393.062,412,3801.46,18.916461,-237.320748,0.00231,0.056094
268613,1324,1258.336,372,3806.81,21.087343,-237.360412,0.001517,0.055056
269349,1325,2367.724,736,3817.19,18.825372,-236.936849,-0.002129,0.057439
270024,1326,2171.337,675,3832.15,17.957697,-237.496572,0.000422,0.05708
271024,1327,3012.151,1000,3845.78,18.618198,-237.63682,-0.000383,0.057716
272024,1328,3053.992,1000,3858.95,17.455301,-237.89194,0.000349,0.05712
273024,1329,3057.094,1000,3872.76,18.015489,-238.106414,0.00045,0.056451
274024,1330,3192.666,1000,3886.12,19.321152,-238.134828,0.000454,0.055808
275024,1331,3139.266,1000,3899.63,18.181339,-238.73965,-0.000579,0.056758
275646,1332,2031.162,622,3908.03,17.800433,-238.559288,0.001708,0.055032
276210,1333,1873.569,564,3916.05,16.595163,-239.052791,0.00031,0.054746
276991,1334,2559.761,781,3925.95,18.779452,-239.037645,-0.000415,0.055235
277991,1335,3070.634,1000,3939.74,16.165501,-238.977332,-0.000627,0.05622
278262,1336,914.182,271,3943.32,19.308972,-239.375133,0.001717,0.055524
279262,1337,3035.656,1000,3958.17,17.788347,-239.740664,-0.000434,0.055993
280262,1338,3109.354,1000,3980.62,18.546529,-239.775583,0.000273,0.055607
281262,1339,3117.156,1000,3997.68,16.977888,-239.992952,0.001098,0.054135
282262,1340,3024.174,1000,4012.7,17.6942,-239.8865,0.000348,0.053607
282503,1341,833.653,241,4015.66,16.399388,-240.687115,9.8e-05,0.053564
282791,1342,970.167,288,4019.46,26.153776,-240.009617,7.2e-05,0.053525
283791,1343,3139.361,1000,4033.4,17.157527,-240.292867,-0.000143,0.053691
284099,1344,1052.941,308,4037.15,17.256379,-240.528352,-0.001644,0.054589
284333,1345,786.121,234,4040.27,17.082513,-240.266013,0.002474,0.05373
284607,1346,929.301,274,4044.04,15.962592,-240.373766,0.001741,0.05296
284887,1347,957.201,280,4047.93,16.408361,-240.323536,-0.001634,0.053637
285136,1348,860.716,249,4051.57,14.483839,-240.378219,-0.001599,0.054135
285349,1349,698.778,213,4054.66,15.592971,-240.701594,-0.000505,0.054336
285577,1350,771.575,228,4057.55,20.700124,-239.712894,-0.000564,0.054651
285841,1351,901.06,264,4061.01,15.994363,-240.231943,0.001654,0.05397
286251,1352,1441.586,410,4066.44,16.883581,-240.300607,0.000226,0.053784
286505,1353,889.176,254,4070.18,17.657134,-240.98565,0.001807,0.05313
286777,1354,941.771,272,4074.03,15.005023,-240.673561,-0.002116,0.053944
287047,1355,915.718,270,4078.13,18.348376,-240.720619,-9.2e-05,0.054017
287418,1356,1264.645,371,4083.57,13.895966,-240.867814,-0.000774,0.05449
287708,1357,984.475,290,4088.03,16.011367,-240.71831,-0.001614,0.05517
287974,1358,923.675,266,4092.02,17.217844,-240.637124,0.002462,0.05428
288289,1359,1102.874,315,4096.63,17.40874,-240.417696,0.000929,0.053757
288554,1360,916.985,265,4100.52,22.585444,-240.457691,-0.001781,0.054485
288832,1361,946.416,278,4104.9,20.206535,-240.834311,-0.000995,0.054871
289091,1362,896.262,259,4108.92,13.756423,-240.638795,-0.000434,0.055064
289372,1363,955.229,281,4113.34,16.721305,-240.712675,0.002675,0.054031
289629,1364,888.495,257,4117.33,15.295658,-240.630731,-0.000607,0.05419
289875,1365,854.781,246,4121.43,15.493986,-240.657175,0.002212,0.053336
290875,1366,3214.791,1000,4142.67,17.05973,-241.201244,0.000303,0.052913
291165,1367,975.96,290,4146.53,15.0791,-240.580691,-0.001254,0.053492
292121,1368,3133.568,956,4159.68,15.546293,-241.181235,-0.000971,0.054914
292571,1369,1556.516,450,4166.33,15.205611,-241.408575,-0.000711,0.055465
292875,1370,1038.327,304,4170.13,17.113515,-241.535971,0.00261,0.054247
293875,1371,3243.519,1000,4183.87,16.445451,-241.662535,0.000772,0.053043
294128,1372,890.772,253,4187.5,17.167656,-241.655856,-0.000449,0.053204
294423,1373,989.594,295,4191.57,19.422368,-241.349571,-1.5e-05,0.053221
295274,1374,2865.105,851,4202.58,16.377491,-241.875378,0.000883,0.052035
295538,1375,918.106,264,4206.3,16.257817,-241.657392,-0.002025,0.052882
296427,1376,2920.078,889,4218.36,16.765838,-241.803256,-0.001049,0.054166
296673,1377,865.04,246,4221.71,20.869793,-241.758499,0.002192,0.053462
297673,1378,3155.69,1000,4235.57,15.918343,-242.095119,-0.00069,0.054538
297955,1379,952.815,282,4239.47,15.502734,-243.01573,0.003499,0.053023
298955,1380,3244.005,1000,4252.64,16.178484,-242.380411,-0.000368,0.053488
299231,1381,948.525,276,4256.57,16.794358,-242.534849,0.001638,0.052937
300231,1382,3251.893,1000,4272.59,15.933231,-242.402311,0.000116,0.052726
300515,1383,974.035,284,4276.17,16.674323,-242.932035,0.000529,0.052532
300762,1384,864.574,247,4279.32,14.061644,-242.493745,0.000713,0.052233
301762,1385,3209.973,1000,4293.21,17.230065,-242.82291,-0.000442,0.052825
302011,1386,874.527,249,4296.28,12.553577,-242.967169,-3.8e-05,0.052926
303011,1387,3163.171,1000,4309.92,16.467839,-243.421358,0.000583,0.052122
304011,1388,3188.29,1000,4325.18,15.332219,-243.405788,-0.001229,0.053833
305011,1389,3187.715,1000,4340.04,15.190657,-243.182591,0.000823,0.0527
305278,1390,942.914,267,4343.73,14.693743,-243.820304,0.00084,0.052186
305583,1391,989.281,305,4348.57,14.034674,-244.172695,0.001637,0.051658
305868,1392,975.356,285,4353.34,13.682517,-243.82932,0.001433,0.050973
306191,1393,1140.166,323,4358.49,21.246729,-243.616143,-0.002341,0.05197
307191,1394,3225.598,1000,4373.27,16.684911,-243.689495,-0.000167,0.052383
307798,1395,1985.495,607,4381.13,15.814076,-244.151907,0.000455,0.051935
308798,1396,3151.514,1000,4395.15,14.93913,-244.249166,0.001366,0.049943
309798,1397,2958.078,1000,4408.39,15.588934,-244.198075,-0.000957,0.05129
309990,1398,648.835,192,4411.1,15.478284,-243.997269,-8.8e-05,0.051428
310257,1399,909.567,267,4416.27,17.026272,-244.60138,-6.7e-05,0.051438
310592,1400,1183.357,335,4420.91,15.664912,-244.227784,-0.001148,0.052111
310907,1401,1120.573,315,4425.19,15.222929,-244.445571,0.001266,0.051465
311907,1402,3208.389,1000,4439.95,14.980488,-244.485737,0.000273,0.051003
312907,1403,3241.898,1000,4454.55,17.524657,-244.581391,-0.000105,0.051227
313194,1404,983.659,287,4458.83,14.454391,-244.668442,0.000364,0.051008
313461,1405,927.312,267,4462.89,16.919906,-244.719167,-0.000988,0.051378
313736,1406,949.06,275,4467.17,17.399354,-243.990551,0.001286,0.050868
313989,1407,883.94,253,4471.1,15.224285,-245.03012,0.002123,0.050094
314989,1408,3210.278,1000,4486.63,14.864566,-244.742278,-0.000989,0.051553
315276,1409,977.853,287,4490.84,16.9744,-244.886445,-0.001229,0.051934
315655,1410,1306.436,379,4496.22,16.131854,-245.055022,0.001616,0.051146
316655,1411,3108.114,1000,4509.83,16.59058,-245.071856,0.000507,0.050481
317655,1412,3182.064,1000,4523.91,14.494512,-245.324966,-0.000233,0.050829
317976,1413,1090.208,321,4528.22,13.297657,-245.322222,3.4e-05,0.050831
318976,1414,3221.276,1000,4542.09,14.754316,-245.367124,0.000559,0.049892
319976,1415,3202.678,1000,4555.66,15.459946,-245.484903,-0.000553,0.050838
320976,1416,3236.413,1000,4575.46,14.286058,-245.93522,-0.000345,0.051278
321976,1417,3221.348,1000,4588.92,16.583778,-245.946375,0.001493,0.049151
322976,1418,3185.917,1000,4602.77,13.983412,-246.409654,-0.001208,0.050861
323976,1419,3248.724,1000,4616.05,14.160179,-246.37187,-0.0,0.05087
324976,1420,3078.271,1000,4630.0,15.549216,-247.011903,0.000825,0.049666
325976,1421,3173.443,1000,4643.53,14.794576,-246.731184,0.000383,0.049101
326280,1422,1030.526,304,4647.85,15.432083,-247.095931,-0.000502,0.049327
326558,1423,946.095,278,4651.76,13.682782,-247.300693,0.001975,0.048461
326923,1424,1274.111,365,4656.78,13.829828,-247.493954,-0.000388,0.048682
327197,1425,947.149,274,4660.11,17.364027,-246.915443,-0.003333,0.050115
327455,1426,888.901,258,4663.41,12.662595,-246.828113,-1e-05,0.050125
327829,1427,1295.968,374,4668.86,14.387804,-247.330399,-0.001037,0.050758
328134,1428,1057.948,305,4673.35,16.270679,-247.28593,0.001422,0.050133
328413,1429,956.315,279,4677.58,13.026336,-247.802433,0.001366,0.049496
328710,1430,1007.778,297,4682.24,12.888161,-247.872031,-0.000714,0.049819
329106,1431,1304.276,396,4688.28,15.958074,-247.214824,-2.4e-05,0.049942
329391,1432,957.391,285,4692.77,14.575496,-247.305279,0.000492,0.049652
329675,1433,963.735,284,4696.76,16.467196,-247.490255,0.000749,0.049421
329994,1434,1047.697,319,4701.28,15.294717,-247.56984,0.000951,0.048903
330331,1435,1199.298,337,4708.65,16.491647,-247.386367,-0.002166,0.049974
330611,1436,959.625,280,4713.2,13.328521,-247.435121,0.000962,0.049603
330922,1437,1081.418,311,4718.22,12.511392,-247.567254,0.000573,0.049372
331211,1438,914.848,289,4723.3,13.357885,-247.727169,0.001842,0.048489
332211,1439,3231.426,1000,4737.81,15.78201,-247.622843,-0.000387,0.049083
333211,1440,3258.029,1000,4750.83,14.227104,-247.755603,-0.000262,0.049461
334211,1441,3207.374,1000,4764.79,14.368779,-248.239525,0.000559,0.048588
335211,1442,3236.05,1000,4778.43,16.055291,-248.515113,-0.000364,0.049218
335574,1443,1245.909,363,4783.48,16.557105,-248.524015,0.000234,0.0489
335875,1444,1025.374,301,4787.81,14.468222,-248.521276,-0.000157,0.049063
336875,1445,3203.513,1000,4802.59,15.093992,-248.68561,-0.000437,0.049763
337875,1446,3210.521,1000,4817.21,15.116215,-249.017875,-0.000437,0.050475
338875,1447,3208.286,1000,4832.38,14.317944,-249.003225,0.000724,0.049401
339875,1448,3230.065,1000,4847.33,14.181235,-249.061176,-0.000343,0.049786
340875,1449,3264.939,1000,4867.54,15.858992,-249.441653,0.000454,0.049095
341220,1450,1203.342,345,4872.29,15.615144,-249.602832,-0.001734,0.04998
341729,1451,1736.891,509,4879.08,13.611124,-249.813669,0.001529,0.048844
342729,1452,3235.038,1000,4893.31,13.935737,-249.40339,-3.8e-05,0.048933
343729,1453,3267.301,1000,4906.61,14.467867,-249.912339,-0.001097,0.050662
344020,1454,969.913,291,4910.7,13.898534,-249.967066,0.00263,0.049522
344377,1455,1257.612,357,4915.64,13.718661,-250.059717,-0.0004,0.049649
344764,1456,1264.655,387,4921.08,16.573652,-249.430545,-0.00029,0.049734
345049,1457,973.929,285,4924.66,15.940822,-250.130012,-0.001093,0.050357
345360,1458,1080.244,311,4929.0,14.371239,-250.444913,0.00107,0.04984
346360,1459,3254.026,1000,4942.84,14.558388,-250.316165,0.001027,0.048242
347360,1460,3236.004,1000,4956.04,14.38621,-250.401388,-0.000607,0.049213
347720,1461,1253.097,360,4961.33,15.226462,-251.040803,0.000938,0.048766
348059,1462,1200.857,339,4966.33,14.878493,-250.597652,-0.000632,0.04895
348336,1463,948.667,277,4970.26,13.586811,-250.94379,6.5e-05,0.049024
348706,1464,1259.746,370,4975.01,15.850643,-250.673797,-0.001429,0.049672
349084,1465,1247.693,378,4980.03,13.967943,-250.648262,0.000925,0.049257
350084,1466,3242.954,1000,4995.66,15.118932,-250.780774,-6.7e-05,0.049439
350385,1467,1024.11,301,4999.6,14.748088,-250.558661,0.002684,0.048209
350727,1468,1207.032,342,5003.84,17.480947,-251.129984,-0.001121,0.048648
351727,1469,3144.866,1000,5017.9,13.863314,-251.214092,2.9e-05,0.048788
352105,1470,1278.708,378,5022.76,15.942813,-251.313765,-0.001435,0.04957
353105,1471,3208.7,1000,5037.42,13.114624,-251.205105,8.1e-05,0.049393
353467,1472,1251.789,362,5043.07,13.8665,-250.897512,0.00143,0.048553
353752,1473,968.915,285,5047.21,12.310414,-251.384949,0.001239,0.048025
354752,1474,3243.079,1000,5062.66,13.779138,-251.313813,-0.000201,0.048318
355752,1475,3238.137,1000,5078.8,13.864244,-251.774787,-7.9e-05,0.048404
356752,1476,3213.165,1000,5093.89,13.045072,-251.84762,0.000565,0.047651
357047,1477,996.672,295,5098.02,15.540794,-251.831511,-0.003136,0.04904
358047,1478,3248.196,1000,5111.04,12.426617,-252.053984,0.00022,0.048676
359047,1479,3235.763,1000,5125.11,14.489586,-252.322544,-7e-06,0.048652
360047,1480,3146.109,1000,5144.11,13.480472,-252.296615,0.000417,0.048098
361047,1481,3228.254,1000,5158.4,14.921452,-252.576565,-0.000225,0.048466
362047,1482,3247.229,1000,5173.28,12.863065,-252.917462,-0.000491,0.049188
363047,1483,3222.718,1000,5189.15,13.459052,-253.165294,0.000311,0.048699
364047,1484,3251.036,1000,5204.89,14.767895,-253.272819,0.000103,0.048665
365047,1485,3218.319,1000,5218.38,14.636993,-253.215758,0.00061,0.047636
365385,1486,1198.453,338,5222.9,14.082396,-253.900792,0.000447,0.047373
365752,1487,1259.465,367,5227.99,15.771482,-253.456009,-0.00289,0.049095
366049,1488,1010.077,297,5232.24,12.705062,-253.552646,0.000182,0.049053
367049,1489,3223.508,1000,5246.61,13.555269,-253.996832,0.000527,0.0482
368049,1490,3250.762,1000,5260.12,12.707305,-254.020587,-0.000289,0.048657
368343,1491,998.377,294,5264.83,13.262941,-254.485403,0.000195,0.048541
369343,1492,3237.532,1000,5278.3,13.266535,-254.250578,0.000529,0.04782
369677,1493,1181.079,334,5283.53,12.56837,-254.415566,-0.000828,0.048213
370677,1494,3203.48,1000,5300.25,12.108509,-254.481314,0.000763,0.047073
371062,1495,1337.692,385,5305.87,13.321961,-254.757552,0.00162,0.046102
372062,1496,3216.576,1000,5319.49,12.551661,-254.767968,-0.001262,0.04802
373062,1497,3209.625,1000,5333.34,12.996407,-255.174352,0.000126,0.04786
373846,1498,2655.935,784,5344.02,12.794301,-255.001187,0.000782,0.04687
374220,1499,1243.338,374,5348.93,13.46976,-255.263906,-8e-06,0.046894
375220,1500,3243.342,1000,5363.1,12.327004,-255.259148,-0.000219,0.047239
376220,1501,3228.466,1000,5375.75,15.136545,-255.313901,-3.5e-05,0.047259
376507,1502,972.316,287,5379.91,12.134198,-255.786462,0.002139,0.046446
377507,1503,3254.843,1000,5394.3,13.613451,-255.829667,4e-06,0.046305
378507,1504,3298.689,1000,5409.39,12.910628,-256.006423,-0.000206,0.046716
379088,1505,1970.139,581,5418.31,13.899939,-255.966816,-0.000571,0.047244
379381,1506,986.731,293,5422.93,13.708344,-255.872008,0.001928,0.046328
380381,1507,3227.82,1000,5447.07,15.192216,-256.451624,6.5e-05,0.046191
381180,1508,2728.845,799,5457.6,13.514065,-256.707007,-0.000116,0.046431
381546,1509,1269.923,366,5462.5,13.264577,-256.450756,0.000875,0.045859
381928,1510,1335.833,382,5467.72,13.225209,-256.350456,-0.000208,0.045989
382291,1511,1267.048,363,5473.05,13.387537,-256.763078,0.000631,0.045678
382595,1512,1050.013,304,5476.98,16.475751,-256.798422,-0.003617,0.047258
383595,1513,3257.974,1000,5490.23,12.804779,-256.730304,0.000498,0.046486
384595,1514,3209.865,1000,5503.89,13.361679,-256.798679,0.000926,0.045156
385595,1515,3273.197,1000,5518.38,13.090815,-257.155338,-3e-06,0.045025
386595,1516,3238.408,1000,5532.91,13.611855,-257.173743,-0.000187,0.045447
387143,1517,1796.879,548,5541.41,11.920961,-257.429132,0.000471,0.045013
387452,1518,1063.911,309,5546.15,14.60288,-257.522353,-0.000369,0.045229
388452,1519,3222.817,1000,5561.73,11.507305,-257.533734,-1.8e-05,0.04531
388758,1520,1054.908,306,5566.33,12.747704,-257.041612,3.7e-05,0.045199
389100,1521,1228.72,342,5571.16,11.897788,-257.793967,0.000182,0.045075
389625,1522,1797.619,525,5578.7,13.151221,-257.384142,-7.4e-05,0.045249
390625,1523,3255.717,1000,5593.6,13.793889,-257.524959,-0.000799,0.046478
391509,1524,2951.452,884,5606.49,12.644364,-257.707722,-0.000229,0.046765
392509,1525,3261.307,1000,5619.85,13.909562,-257.661735,0.001475,0.044499
393509,1526,3230.899,1000,5633.94,13.906237,-257.573963,-0.000752,0.045762
394509,1527,3233.595,1000,5647.51,11.731621,-258.237305,0.000375,0.045097
394813,1528,984.774,304,5651.68,12.697779,-258.320519,-0.000854,0.045589
395208,1529,1286.007,395,5657.14,11.963,-258.303063,0.000724,0.045093
395513,1530,982.039,305,5661.05,16.950582,-258.163129,-0.001078,0.045571
396513,1531,3231.247,1000,5675.12,12.780396,-258.400869,0.000967,0.044033
397513,1532,3243.388,1000,5688.57,13.296238,-258.637317,-0.000252,0.044471
398513,1533,3225.301,1000,5702.52,13.302392,-258.88979,-0.000171,0.044648
398868,1534,1260.309,355,5707.45,10.937081,-258.744818,8e-06,0.044668
399868,1535,3270.467,1000,5720.69,14.436583,-258.830424,0.000184,0.044316
400868,1536,3255.343,1000,5740.17,12.851525,-259.469117,-0.000217,0.04478
401288,1537,1478.049,420,5745.47,11.055513,-259.367113,0.00039,0.044624
402288,1538,3249.682,1000,5760.21,13.090044,-259.433189,-0.000461,0.045282
402920,1539,2189.223,632,5769.96,12.152455,-259.479641,-0.000375,0.045712
403222,1540,1021.704,302,5774.57,12.641454,-260.090453,-0.000227,0.04574
403559,1541,1185.765,337,5779.66,14.627293,-259.43086,0.001092,0.045274
404559,1542,3256.588,1000,5796.32,13.63146,-259.659555,0.000364,0.044666
404875,1543,1088.125,316,5801.83,10.475881,-259.858422,0.000754,0.044317
405298,1544,1503.057,423,5808.64,13.731383,-259.896644,0.000243,0.044136
405591,1545,999.728,293,5812.74,10.570577,-260.169834,-0.000154,0.044229
406591,1546,3245.877,1000,5825.76,13.153372,-259.751414,-3.9e-05,0.044174
406902,1547,1073.738,311,5830.03,11.712286,-259.890943,0.001818,0.043317
407221,1548,1115.941,319,5834.56,14.154875,-260.260846,-0.001192,0.043946
407834,1549,2113.231,613,5842.74,13.609446,-260.155584,-0.002221,0.046099
408834,1550,3224.878,1000,5855.93,12.965878,-260.083645,0.001426,0.043964
409272,1551,1557.898,438,5861.99,14.188838,-260.476754,0.001363,0.043039
410272,1552,3231.374,1000,5879.08,10.857108,-260.484619,-0.001,0.044604
410577,1553,1050.365,305,5883.76,15.072714,-260.351039,-0.001106,0.04514
410876,1554,1014.989,299,5888.06,11.257841,-260.122121,-4.6e-05,0.045131
411239,1555,1272.888,363,5893.33,14.615208,-260.190201,0.000902,0.044635
411671,1556,1527.55,432,5899.92,12.613616,-260.595814,0.001297,0.043825
412022,1557,1220.882,351,5905.64,11.623582,-260.562053,0.001067,0.043221
412466,1558,1577.294,444,5912.31,11.135115,-260.375908,-0.001423,0.044191
412911,1559,1574.776,445,5919.21,11.824276,-260.13005,0.001326,0.043298
413911,1560,3242.134,1000,5933.98,13.381648,-260.602357,-0.00084,0.044652
414911,1561,3253.599,1000,5947.99,11.372452,-260.848917,-3e-06,0.044574
415676,1562,2623.902,765,5957.99,12.360573,-260.971291,0.000466,0.044091
416666,1563,3364.425,990,5972.01,12.586304,-261.054656,0.000263,0.043697
417666,1564,3278.367,1000,5985.27,12.684832,-261.231778,-0.00024,0.044107
417963,1565,1023.784,297,5989.54,12.627169,-261.337782,0.000551,0.043802
418256,1566,996.318,293,5993.62,12.057264,-260.923587,0.000698,0.043458
418617,1567,1275.667,361,5998.48,11.663602,-261.043103,0.000582,0.043089
419617,1568,3269.746,1000,6011.7,13.413685,-261.369084,-0.000491,0.0439
420163,1569,1873.906,546,6024.06,11.849452,-261.389737,-0.000125,0.044058
421163,1570,3282.373,1000,6037.26,10.241193,-261.570354,0.000392,0.043402
422163,1571,3262.236,1000,6051.15,12.993308,-261.715699,0.000392,0.042786
422473,1572,1064.125,310,6055.27,13.191425,-261.517757,0.000186,0.042765
423004,1573,1842.976,531,6062.95,14.722077,-262.11819,-0.001011,0.043512
423446,1574,1549.691,442,6069.33,13.113386,-261.640919,-0.001413,0.044537
424446,1575,3233.818,1000,6082.61,11.294141,-262.069094,-0.000249,0.044964
425446,1576,3252.988,1000,6096.38,12.6692,-261.839422,0.000844,0.043645
426446,1577,3248.782,1000,6110.13,10.662695,-262.22833,0.000674,0.04251
427446,1578,3264.768,1000,6125.04,12.162946,-262.209608,-0.000285,0.043009
428282,1579,2778.106,836,6138.25,11.425251,-262.235019,0.000551,0.042312
428726,1580,1533.913,444,6145.15,11.790359,-262.312514,-0.001964,0.043536
429726,1581,3253.752,1000,6161.59,11.711037,-262.494592,-0.000424,0.044256
430070,1582,1211.979,344,6172.82,14.817581,-262.951424,-0.002135,0.045452
430391,1583,1121.014,321,6177.37,11.440342,-262.883571,0.000258,0.045323
431163,1584,2616.943,772,6187.97,10.071917,-262.670867,0.001666,0.043271
432163,1585,3254.497,1000,6201.33,14.860988,-262.655208,0.000732,0.042191
433163,1586,3261.091,1000,6214.7,11.921215,-262.897828,-0.000297,0.042695
433700,1587,1843.375,537,6221.7,14.991303,-262.893766,-0.000185,0.042794
434023,1588,1139.433,323,6226.35,10.90489,-263.117368,0.000517,0.042549
434393,1589,1294.762,370,6231.82,11.566062,-263.145917,-0.001545,0.043327
435393,1590,3271.495,1000,6246.92,10.911038,-263.00411,-0.000317,0.044038
436393,1591,3269.155,1000,6261.78,12.138445,-263.154183,0.000436,0.043295
436713,1592,1073.847,320,6267.04,14.91047,-263.504582,-0.001082,0.043809
437023,1593,1077.986,310,6271.72,11.471188,-263.302632,0.001894,0.042974
437732,1594,2454.56,709,6282.78,13.940574,-263.448816,0.000591,0.042273
438274,1595,1839.951,542,6290.35,9.673095,-263.870011,-0.000424,0.042682
439274,1596,3263.789,1000,6303.73,12.209532,-263.594047,-0.000303,0.043149
440274,1597,3300.703,1000,6322.02,11.754063,-263.79353,0.000444,0.04235
440878,1598,2107.592,604,6329.94,12.62488,-264.004585,-0.001227,0.04349
441509,1599,2179.833,631,6338.97,11.382168,-264.115513,-0.001239,0.044808
441876,1600,1296.736,367,6344.08,16.214774,-263.981587,-0.000453,0.04515
442241,1601,1297.551,365,6349.08,12.107109,-263.918855,0.002862,0.043536
443241,1602,3286.423,1000,6362.71,12.091771,-264.063349,0.000152,0.043256
444241,1603,3276.476,1000,6375.9,10.457999,-264.395034,0.000699,0.042131
444647,1604,1450.518,406,6381.63,15.006629,-264.044669,-0.001421,0.04302
445647,1605,3268.065,1000,6395.64,11.210569,-264.135116,-0.000142,0.043274
446647,1606,3278.685,1000,6409.36,12.072527,-264.172234,-0.000846,0.04463
447647,1607,3233.71,1000,6422.93,10.653545,-264.609121,0.001473,0.042421
448647,1608,3219.538,1000,6436.69,11.726053,-264.711695,-0.000764,0.0435
449647,1609,3266.786,1000,6449.65,12.135925,-265.106051,0.000951,0.042116
450647,1610,3257.959,1000,6469.0,10.71481,-264.910973,0.000158,0.041873
451647,1611,3255.71,1000,6484.34,11.510915,-265.13464,-0.000293,0.042305
452027,1612,1326.881,380,6489.83,13.861535,-265.016458,0.000453,0.042137
453027,1613,3264.876,1000,6506.17,11.016883,-265.498296,-0.000214,0.042434
453435,1614,1384.51,408,6512.79,9.127994,-265.759193,7.3e-05,0.042328
454435,1615,3243.9,1000,6528.82,13.974468,-265.525142,-0.000578,0.043334
455435,1616,3221.201,1000,6542.26,10.964441,-265.696017,-0.000654,0.044402
456435,1617,3226.736,1000,6555.86,10.398942,-265.962532,0.000574,0.043465
457435,1618,3222.894,1000,6569.64,10.61397,-266.047617,0.000263,0.043079
458435,1619,3286.144,1000,6583.34,10.930387,-266.084048,-0.000101,0.043197
459435,1620,3267.304,1000,6597.53,11.088262,-266.390586,8.5e-05,0.04305
460435,1621,3202.627,1000,6616.96,11.692732,-266.588165,3.6e-05,0.043051
461435,1622,3246.987,1000,6632.35,11.231133,-266.648452,-0.000382,0.043571
462435,1623,3298.56,1000,6647.83,11.119776,-266.731479,0.000467,0.04297
463077,1624,2188.506,642,6656.97,12.423198,-266.741171,2.9e-05,0.042894
463595,1625,1832.572,518,6663.77,10.889634,-266.628145,-0.000632,0.043352
464595,1626,3281.161,1000,6677.38,12.360836,-267.020295,5.9e-05,0.043326
465595,1627,3238.371,1000,6690.75,10.63228,-267.114808,-9.7e-05,0.043402
466595,1628,3226.905,1000,6705.08,10.62826,-267.507752,-0.000529,0.044333
467595,1629,3209.767,1000,6718.51,10.406316,-267.577782,0.000219,0.043886
468595,1630,3282.485,1000,6732.31,11.146948,-267.516869,-0.000121,0.044091
469025,1631,1485.815,430,6737.97,12.896515,-267.456855,-0.000379,0.04437
469550,1632,1793.261,525,6745.28,9.895301,-267.818379,0.001848,0.04293
470550,1633,3273.047,1000,6764.66,11.300241,-268.007199,0.000556,0.042035
471550,1634,3273.647,1000,6778.36,10.608268,-268.265636,-0.000801,0.043224
472161,1635,2093.03,611,6787.11,12.549587,-267.89227,-0.001222,0.044351
473161,1636,3262.351,1000,6800.22,10.565945,-268.301728,0.001257,0.042597
474161,1637,3249.933,1000,6813.83,12.434149,-268.330035,0.000523,0.041832
475161,1638,3260.476,1000,6826.85,11.721136,-268.380087,9.2e-05,0.041632
476161,1639,3275.335,1000,6842.0,10.947395,-268.568501,6.1e-05,0.041544
477161,1640,3263.067,1000,6857.04,10.217829,-268.512097,0.000339,0.041023
478161,1641,3251.708,1000,6874.09,9.830228,-268.737084,-0.000523,0.041798
479161,1642,3269.871,1000,6890.02,12.103872,-268.899816,-0.001068,0.04358
480161,1643,3266.801,1000,6909.14,11.190739,-268.913384,1.6e-05,0.04353
481161,1644,3277.281,1000,6923.13,11.425266,-269.281373,7.6e-05,0.043423
482161,1645,3273.244,1000,6936.21,10.315066,-269.398309,4.9e-05,0.043257
483161,1646,3261.159,1000,6950.79,9.944413,-269.532818,0.00073,0.042208
484161,1647,3290.579,1000,6965.21,9.97146,-269.577305,0.000228,0.041864
485161,1648,3272.386,1000,6980.17,10.085034,-269.673502,-0.000751,0.043114
485792,1649,2103.309,631,6989.58,12.435423,-269.997129,-0.0005,0.043577
486792,1650,3276.58,1000,7004.89,10.830233,-269.830239,-0.000147,0.043744
487792,1651,3284.763,1000,7018.44,11.191419,-270.040799,0.000261,0.043364
488792,1652,3255.626,1000,7032.45,12.080829,-270.350479,-0.000186,0.043654
489792,1653,3278.772,1000,7046.53,10.479171,-270.589028,0.00058,0.042754
490792,1654,3282.617,1000,7066.52,10.845765,-270.389742,-0.000977,0.044354
491792,1655,3255.071,1000,7080.08,10.743743,-270.988104,0.000433,0.043547
492792,1656,3260.886,1000,7093.43,10.942702,-270.913578,9.3e-05,0.043445
493792,1657,3285.635,1000,7107.51,11.752767,-271.125117,0.000165,0.04323
494792,1658,3282.23,1000,7120.83,10.086738,-271.386586,-0.000939,0.044675
495792,1659,3367.166,1000,7134.76,12.096486,-271.19723,-0.000467,0.045498
496792,1660,3285.917,1000,7148.32,10.517292,-271.45296,0.001448,0.043136
497792,1661,3293.142,1000,7162.07,8.928491,-271.614794,-0.000269,0.043576
498792,1662,3278.16,1000,7175.67,11.78478,-271.760151,-0.00037,0.0442
499792,1663,3268.521,1000,7189.53,10.67736,-272.172441,-5e-06,0.04423
500792,1664,3273.212,1000,7211.31,12.252203,-271.731357,-0.000222,0.04452
501792,1665,3276.664,1000,7227.45,10.309978,-272.179478,-1.1e-05,0.044631
502792,1666,3246.514,1000,7243.17,11.049364,-272.334798,-0.000355,0.045047
503355,1667,1959.932,563,7250.97,10.127382,-272.330712,0.000724,0.044482
504355,1668,3227.229,1000,7265.09,9.786622,-272.327971,9e-05,0.044402
505355,1669,3298.82,1000,7278.11,9.944001,-272.684744,0.000341,0.043842
506355,1670,3261.805,1000,7292.0,9.519731,-272.730331,-0.000297,0.044312
507355,1671,3264.672,1000,7305.38,10.696691,-272.824291,0.000476,0.043648
508355,1672,3276.009,1000,7320.26,9.994288,-272.930654,0.000378,0.043074
509355,1673,3321.682,1000,7335.37,10.592248,-273.035945,0.000191,0.042813
509734,1674,1360.993,379,7340.88,8.935722,-273.094281,-0.00035,0.043001
510095,1675,1279.859,361,7354.97,13.631255,-273.099315,-0.000549,0.043316
511095,1676,3284.751,1000,7370.47,9.916076,-273.088655,0.000211,0.042939
512095,1677,3301.236,1000,7384.08,11.346842,-273.405217,-0.000171,0.043227
513095,1678,3276.178,1000,7397.86,9.677231,-273.519113,-1e-05,0.043191
514095,1679,3279.823,1000,7411.42,10.025281,-273.475543,-0.000266,0.043625
515095,1680,3264.993,1000,7425.51,9.55514,-273.495358,0.00046,0.042918
516095,1681,3265.698,1000,7438.85,9.992129,-273.819855,0.00011,0.042746
517026,1682,3123.859,931,7452.01,10.793321,-273.823084,0.000339,0.04235
518026,1683,3254.717,1000,7465.4,10.31161,-273.711222,-0.000317,0.042829
519026,1684,3293.323,1000,7479.32,10.067969,-273.959767,-0.000785,0.044014
520026,1685,3265.266,1000,7498.58,9.708556,-273.953431,0.000468,0.043267
521026,1686,3285.337,1000,7512.72,9.388478,-274.16718,0.000129,0.043084
522026,1687,3265.255,1000,7526.1,10.098827,-274.195448,0.000635,0.04209
523026,1688,3279.275,1000,7539.58,9.926778,-274.409926,0.000811,0.040824
524026,1689,3279.809,1000,7553.6,10.310378,-274.138556,-0.000384,0.041481
525026,1690,3274.416,1000,7569.28,9.082233,-274.476986,0.000239,0.041094
525745,1691,2344.282,719,7580.18,9.637922,-274.446882,0.000311,0.040741
526745,1692,3321.649,1000,7596.97,9.694686,-274.683119,-0.000833,0.042023
527745,1693,3244.133,1000,7612.32,9.427427,-274.804806,0.000169,0.04179
528745,1694,3269.129,1000,7625.55,10.359492,-275.028033,0.000836,0.040566
529745,1695,3283.113,1000,7639.43,9.45885,-275.028936,-0.001294,0.042433
530745,1696,3293.516,1000,7659.01,9.824811,-275.340188,0.000253,0.042123
531745,1697,3267.797,1000,7673.74,11.427059,-275.410926,0.000249,0.041671
532745,1698,3285.989,1000,7688.7,11.498442,-275.371822,0.000639,0.040633
533073,1699,1081.68,328,7693.54,8.763021,-275.243402,-0.000867,0.041151
534073,1700,3400.856,1000,7708.82,9.882639,-275.547407,-0.000356,0.041743
535073,1701,3297.338,1000,7723.96,9.742986,-275.766091,4.2e-05,0.041667
536073,1702,3280.565,1000,7737.56,9.193832,-275.866321,8.5e-05,0.041487
537073,1703,3282.544,1000,7751.62,9.470693,-275.927275,-7.8e-05,0.041677
537443,1704,1285.3,370,7756.52,12.41956,-275.92145,-0.000676,0.042036
538443,1705,3297.451,1000,7770.8,10.548328,-275.79064,0.000195,0.041708
539443,1706,3285.347,1000,7784.35,11.517385,-276.142628,-3.4e-05,0.041747
540443,1707,3281.43,1000,7804.07,9.904418,-276.473006,-0.00031,0.042226
541443,1708,3275.709,1000,7817.31,9.849328,-276.782569,0.000843,0.041007
542443,1709,3296.367,1000,7831.36,9.133009,-276.815932,-0.000318,0.04145
542857,1710,1467.323,414,7836.95,10.577739,-276.969079,-0.001528,0.042472
543857,1711,3267.7,1000,7850.84,10.33075,-276.852355,0.001207,0.040608
544857,1712,3270.183,1000,7864.46,10.29114,-276.891548,-0.000385,0.041136
545857,1713,3306.826,1000,7878.52,8.748128,-277.092862,-0.000149,0.041477
546857,1714,3266.828,1000,7891.53,8.486709,-277.167888,0.000103,0.041297
547549,1715,2384.09,692,7901.32,10.771732,-277.258837,-0.001244,0.042623
548549,1716,3292.506,1000,7915.69,10.395971,-277.301955,0.000129,0.042384
549549,1717,3256.548,1000,7930.72,9.740126,-277.647151,-0.000341,0.04296
550549,1718,3268.773,1000,7955.98,9.691277,-277.703026,0.000757,0.041755
551549,1719,3253.379,1000,7970.82,9.440255,-277.621953,0.000247,0.041384
552549,1720,3284.903,1000,7984.32,8.619158,-277.882627,-0.000435,0.042054
553549,1721,3262.94,1000,7997.78,8.874139,-277.825127,0.000767,0.040948
554549,1722,3341.004,1000,8011.36,9.734031,-277.884847,-0.000685,0.041946
555549,1723,3271.589,1000,8024.48,10.577465,-277.921393,0.000277,0.041451
556549,1724,3282.506,1000,8038.59,9.065728,-278.056852,-0.000881,0.04294
557549,1725,3285.242,1000,8053.66,10.985548,-277.989411,0.00089,0.041556
558549,1726,3294.31,1000,8068.39,10.275847,-278.242599,0.00039,0.040987
559013,1727,1519.899,464,8075.58,10.107532,-278.706721,-0.000378,0.041248
559805,1728,2659.474,792,8087.43,9.86518,-278.440003,0.000203,0.040982
560636,1729,2828.129,831,8104.33,9.59942,-278.204965,-0.001318,0.042689
561365,1730,2432.688,729,8114.29,8.570679,-278.524756,0.001699,0.040819
562365,1731,3326.98,1000,8128.26,10.187695,-278.482705,0.000694,0.039756
563083,1732,2406.065,718,8137.65,9.297476,-278.862021,-0.001795,0.041658
563871,1733,2606.299,788,8149.01,8.823907,-278.696589,0.001146,0.040429
564871,1734,3297.85,1000,8162.22,10.350424,-278.637652,-0.000514,0.041097
565276,1735,1420.998,405,8167.89,8.515537,-278.67809,0.000444,0.040911
566276,1736,3271.486,1000,8181.28,9.372567,-278.674318,-0.000402,0.041567
567276,1737,3283.146,1000,8195.66,9.250562,-278.90096,4e-06,0.041394
568276,1738,3290.29,1000,8208.83,8.968953,-279.097307,0.000554,0.040681
569276,1739,3275.976,1000,8223.01,9.820648,-279.397473,-0.000519,0.041421
570276,1740,3302.169,1000,8243.14,9.584196,-279.352685,-0.000484,0.042212
571276,1741,3292.691,1000,8257.75,8.9901,-279.452984,0.000366,0.041682
572276,1742,3274.065,1000,8272.07,10.422072,-279.3565,-0.000334,0.042127
573276,1743,3281.372,1000,8287.49,10.2978,-279.264805,1e-06,0.04221
574276,1744,3308.198,1000,8302.3,8.668891,-279.265595,-0.000197,0.042422
575276,1745,3279.61,1000,8318.04,10.432808,-279.612183,7.9e-05,0.042381
575938,1746,2273.928,662,8327.95,10.013164,-279.174808,0.001983,0.040392
576405,1747,1630.013,467,8334.18,7.927693,-279.274878,-0.00089,0.040964
577405,1748,3258.764,1000,8347.29,9.516438,-279.318726,-0.000549,0.041929
578405,1749,3300.18,1000,8360.98,9.390781,-279.629981,0.000242,0.041453
579405,1750,3257.561,1000,8374.62,10.038119,-279.738328,-0.000103,0.041532
580405,1751,3300.975,1000,8395.35,9.324999,-279.893516,0.000608,0.040736
581405,1752,3280.224,1000,8409.9,9.855092,-279.902698,5.3e-05,0.040597
582166,1753,2614.413,761,8421.35,8.939539,-279.839518,-0.000901,0.041521
582486,1754,1050.204,320,8426.36,11.182976,-279.841603,-0.000946,0.042096
583319,1755,2853.415,833,8439.07,10.065747,-280.093192,0.000591,0.041425
584319,1756,3320.138,1000,8453.11,9.252312,-279.998429,0.000861,0.040102
585319,1757,3275.127,1000,8467.24,9.036888,-280.145451,-0.00029,0.040462
586128,1758,2794.144,809,8477.92,8.693262,-280.03907,0.00042,0.039867
587128,1759,3277.758,1000,8492.3,9.017618,-279.878026,-0.001007,0.041378
588128,1760,3279.231,1000,8505.87,9.772934,-280.110913,-0.000266,0.041912
588935,1761,2698.221,807,8517.01,8.284802,-280.50424,0.001079,0.040561
589234,1762,949.174,299,8521.1,9.602074,-280.270201,0.000563,0.040297
590234,1763,3272.873,1000,8540.69,9.455255,-280.283649,0.000116,0.040073
591173,1764,3136.094,939,8553.57,8.218338,-280.421884,0.000302,0.039718
592173,1765,3264.609,1000,8567.26,9.253925,-280.145333,-0.000626,0.040645
592651,1766,1576.383,478,8573.79,8.61283,-280.496934,0.00048,0.04033
593331,1767,2374.927,680,8582.6,11.26774,-280.341377,-0.000216,0.040525
593687,1768,1250.342,356,8587.6,9.012961,-280.335791,-0.00067,0.040963
593988,1769,967.915,301,8591.85,8.14911,-280.698045,-0.000124,0.040912
594988,1770,3290.016,1000,8604.94,9.734265,-280.530268,0.000713,0.039776
595988,1771,3298.512,1000,8618.64,9.444879,-280.476952,1e-06,0.039836
596344,1772,1251.647,356,8623.35,8.152821,-280.431256,-0.001213,0.040419
596646,1773,950.983,302,8627.56,9.084244,-280.529162,0.000317,0.040387
597646,1774,3310.429,1000,8642.58,9.596321,-280.28691,-0.000365,0.040938
598646,1775,3278.879,1000,8657.7,9.139143,-280.457835,0.000649,0.039956
599646,1776,3270.966,1000,8673.88,8.433689,-280.514472,-9.5e-05,0.040159
600044,1777,1298.915,398,8688.33,8.33013,-280.34868,-0.000487,0.040315
600775,1778,2456.893,731,8697.89,8.226571,-280.655171,0.000697,0.039702
601775,1779,3305.896,1000,8711.64,10.174198,-280.478673,0.000537,0.038798
602081,1780,970.206,306,8715.6,8.803573,-280.474145,0.000378,0.038585
603081,1781,3280.49,1000,8729.42,9.228828,-280.500786,-0.000571,0.039423
604081,1782,3237.871,1000,8743.02,9.466238,-280.495523,-0.000609,0.040466
605081,1783,3297.737,1000,8757.1,8.520873,-280.695827,0.00047,0.039673
606081,1784,3276.083,1000,8771.88,8.901537,-280.596927,2.3e-05,0.039735
607081,1785,3320.31,1000,8786.97,7.662632,-281.106279,-0.000296,0.040206
608081,1786,3288.051,1000,8802.97,8.995731,-280.919632,0.000124,0.039979
609081,1787,3292.761,1000,8816.98,8.315615,-281.105591,0.00018,0.039722
610081,1788,3278.531,1000,8836.96,9.369965,-280.911344,-0.000177,0.039894
611081,1789,3264.048,1000,8851.0,9.163787,-280.758984,0.000219,0.039686
612033,1790,3161.625,952,8864.37,7.372982,-281.252091,-0.000781,0.040791
613033,1791,3256.627,1000,8877.78,9.173947,-281.212092,-0.000699,0.041933
614033,1792,3289.486,1000,8891.62,8.667798,-281.275924,-2.8e-05,0.041924
615033,1793,3281.672,1000,8904.77,9.845135,-281.407317,0.000862,0.040658
616033,1794,3278.665,1000,8918.9,8.851778,-281.239072,-0.000815,0.041917
617033,1795,3279.338,1000,8932.08,10.590588,-281.533539,0.000951,0.040494
618033,1796,3268.1,1000,8946.48,9.114834,-281.387597,0.000626,0.039594
619033,1797,3284.355,1000,8959.95,9.331404,-281.475828,0.000303,0.039161
620033,1798,3292.7,1000,8979.27,8.819584,-281.49949,0.000723,0.038021
621033,1799,3288.909,1000,8993.64,9.562994,-281.737357,-0.000953,0.03954
621389,1800,1250.674,356,8998.82,7.659626,-281.796284,0.000322,0.039313
622389,1801,3304.667,1000,9014.11,9.416804,-281.981265,-4.7e-05,0.039488
623389,1802,3255.831,1000,9030.12,10.372204,-281.723454,-0.000112,0.039564
624389,1803,3291.278,1000,9046.51,8.212648,-281.947463,0.001374,0.0374
625389,1804,3283.219,1000,9060.08,10.659828,-281.916955,8.4e-05,0.037328
626389,1805,3298.659,1000,9073.71,8.268855,-282.021525,-0.000902,0.038658
627389,1806,3270.076,1000,9086.94,8.320463,-282.177406,0.000157,0.038454
628389,1807,3290.246,1000,9101.08,8.374547,-282.346857,-0.000399,0.039106
629389,1808,3288.795,1000,9115.47,8.87725,-282.230075,5.2e-05,0.03906
630389,1809,3288.127,1000,9137.0,9.894344,-282.347876,0.00045,0.03832
630786,1810,1401.024,397,9143.24,9.872065,-282.753239,-0.000456,0.038647
631786,1811,3279.984,1000,9158.57,9.248384,-282.56974,-0.000208,0.038856
632786,1812,3291.712,1000,9173.03,9.814396,-282.723576,-0.000897,0.040355
633786,1813,3281.523,1000,9187.02,8.489728,-282.733905,0.000698,0.039204
634786,1814,3278.704,1000,9200.6,8.241129,-282.783305,-0.00021,0.039673
635786,1815,3283.89,1000,9215.04,10.063763,-283.083194,0.000545,0.03875
636786,1816,3272.793,1000,9228.53,8.880175,-282.930793,-0.001193,0.040638
637786,1817,3260.627,1000,9242.16,8.972388,-282.883184,0.000771,0.039411
638786,1818,3279.83,1000,9255.42,7.756869,-282.892127,0.000239,0.039124
639786,1819,3282.834,1000,9268.99,9.324102,-283.094519,-0.000289,0.039496
640786,1820,3309.248,1000,9289.22,9.202303,-283.194789,-7.9e-05,0.039613
641786,1821,3281.539,1000,9302.6,8.733271,-283.513495,0.000815,0.03837
642786,1822,3290.513,1000,9316.54,9.448601,-283.483764,-0.000434,0.039076
643786,1823,3288.477,1000,9329.52,9.521599,-283.483462,0.000179,0.038815
644786,1824,3280.96,1000,9343.61,8.429298,-283.673877,0.000757,0.037677
645786,1825,3282.86,1000,9358.25,8.471448,-283.643097,-0.000403,0.038142
646159,1826,1281.481,373,9364.15,8.624543,-283.818658,-0.002129,0.039551
647159,1827,3275.266,1000,9379.14,8.623539,-283.907403,0.0012,0.03767
648159,1828,3279.286,1000,9395.24,8.054571,-283.940912,-0.000566,0.038507
648552,1829,1382.34,393,9401.01,7.110803,-284.086672,0.000826,0.038063
649552,1830,3276.128,1000,9415.63,8.997598,-284.073289,-0.000258,0.03835
650552,1831,3278.644,1000,9435.66,7.711055,-284.211756,0.0005,0.037685
650911,1832,1240.509,359,9440.38,10.789368,-284.06239,-0.000527,0.037948
651911,1833,3301.454,1000,9454.19,7.912946,-284.307936,0.001073,0.036359
652911,1834,3284.357,1000,9467.36,9.971296,-284.052463,-0.00156,0.038663
653242,1835,1162.515,331,9472.16,8.926808,-284.096281,0.001161,0.038182
653598,1836,1222.635,356,9477.32,7.182515,-284.710016,0.001351,0.037404
653957,1837,1256.935,359,9482.59,7.889133,-284.136582,-0.000595,0.037679
654361,1838,1428.938,404,9488.63,9.113159,-283.957799,0.000827,0.03721
655361,1839,3282.002,1000,9503.62,8.957402,-283.988291,-0.000549,0.038054
656361,1840,3271.086,1000,9519.55,8.210057,-284.232396,9.7e-05,0.037915
657361,1841,3311.79,1000,9534.1,9.119975,-284.270717,0.000209,0.037575
658361,1842,3282.771,1000,9547.46,7.400264,-284.458791,1.8e-05,0.037577
658807,1843,1572.981,446,9553.89,9.044941,-284.426501,-0.001688,0.038732
659807,1844,3293.813,1000,9567.4,8.86983,-284.26913,0.00089,0.037338
660807,1845,3283.171,1000,9587.76,8.469313,-284.50053,-0.000545,0.038211
661176,1846,1271.292,369,9592.53,8.894519,-284.554896,0.001541,0.037318
662176,1847,3305.117,1000,9605.88,8.267691,-284.496704,-0.000625,0.038325
663176,1848,3288.651,1000,9619.38,9.299924,-284.441657,7.8e-05,0.038143
664176,1849,3295.792,1000,9633.27,7.837341,-284.742792,7.6e-05,0.038045
665176,1850,3287.423,1000,9646.74,8.506167,-284.755152,7.6e-05,0.03794
666176,1851,3297.103,1000,9661.12,7.854733,-284.757806,-0.000225,0.038235
666521,1852,1222.55,345,9665.55,8.874783,-284.881013,-0.000226,0.038436
667521,1853,3277.511,1000,9679.06,8.742606,-284.869354,-0.000235,0.038673
667891,1854,1274.523,370,9684.21,8.802057,-284.876116,-0.000691,0.039129
668341,1855,1554.373,450,9690.36,8.734644,-284.95826,-0.001043,0.039848
668690,1856,1241.529,349,9694.78,7.293221,-284.869635,0.001711,0.038943
669060,1857,1305.435,370,9699.87,11.313692,-285.076246,0.000994,0.038419
670060,1858,3264.133,1000,9720.99,8.718804,-284.813821,0.000483,0.037582
670428,1859,1300.416,368,9726.63,9.27736,-284.826054,-0.000532,0.037957
671428,1860,3287.302,1000,9742.14,8.777088,-284.922647,-0.000415,0.038567
672428,1861,3269.813,1000,9758.81,8.261139,-284.801955,-0.0001,0.03875
673428,1862,3284.167,1000,9773.65,8.103545,-284.818211,0.000329,0.038237
674428,1863,3283.838,1000,9786.76,9.02434,-284.907751,-0.000787,0.039496
674882,1864,1595.342,454,9793.16,6.950758,-285.145524,-3e-06,0.039412
675303,1865,1492.842,421,9798.96,8.031343,-284.534073,-0.000744,0.039977
676303,1866,3275.367,1000,9812.23,8.631476,-284.846515,0.000332,0.039457
677303,1867,3280.89,1000,9825.91,8.394145,-285.018384,-2.3e-05,0.039427
678303,1868,3288.64,1000,9840.69,8.917893,-285.006799,0.000583,0.038659
679303,1869,3290.241,1000,9855.38,8.637765,-285.300532,3e-06,0.038551
680303,1870,3289.385,1000,9879.41,7.653922,-285.501968,0.001214,0.036797
680740,1871,1543.02,437,9886.32,6.735698,-285.369139,-0.000934,0.037402
681136,1872,1406.031,396,9891.55,9.608131,-285.60348,-0.00051,0.037662
682136,1873,3287.105,1000,9905.46,8.02348,-285.427592,-0.00043,0.038339
683136,1874,3264.367,1000,9918.72,7.940088,-285.853128,0.000292,0.03786
684136,1875,3286.364,1000,9933.24,7.492199,-285.779967,-0.000701,0.038982
685136,1876,3288.124,1000,9946.85,8.11492,-285.585733,0.000504,0.038229
686136,1877,3288.293,1000,9960.62,8.162387,-285.855826,0.000455,0.037618
686553,1878,1481.393,417,9966.1,8.431166,-285.952104,0.000858,0.03708
687553,1879,3316.876,1000,9979.82,9.152582,-285.919155,-0.00125,0.038937
688553,1880,3281.952,1000,9993.35,9.004297,-286.029951,0.000902,0.037676
689553,1881,3289.055,1000,10007.37,7.635705,-285.869213,-6.7e-05,0.037691
690553,1882,3263.165,1000,10026.8,7.435557,-286.014037,2e-06,0.03771
691553,1883,3278.689,1000,10040.99,7.872949,-286.214796,0.00099,0.036277
692553,1884,3298.966,1000,10053.96,8.001826,-286.529002,-0.000234,0.036595
692948,1885,1387.421,395,10059.64,7.179058,-286.311462,-0.000935,0.037085
693948,1886,3267.54,1000,10074.06,8.90132,-286.462894,-0.000116,0.037347
694948,1887,3280.103,1000,10089.03,8.195265,-286.426787,-0.000336,0.037804
695948,1888,3294.035,1000,10105.03,8.621963,-286.296794,0.00062,0.036881
696948,1889,3284.985,1000,10121.66,7.717288,-286.474398,-0.00053,0.037647
697948,1890,3287.235,1000,10135.82,6.907273,-286.633564,0.001064,0.036001
698948,1891,3297.724,1000,10149.32,9.195036,-286.834505,-0.000965,0.037557
699948,1892,3281.102,1000,10163.08,7.110127,-286.531897,0.000325,0.037019
700948,1893,3203.86,1000,10180.26,6.820499,-286.585875,-0.000538,0.037816
701948,1894,3279.927,1000,10194.44,7.206577,-286.563039,-0.000271,0.038155
702948,1895,3244.597,1000,10209.36,8.874195,-286.697336,0.0008,0.037044
703948,1896,3281.087,1000,10223.83,11.09641,-286.816512,0.000311,0.036541
704948,1897,3288.578,1000,10239.59,7.234251,-286.98018,0.000313,0.036076
705948,1898,3290.048,1000,10253.41,7.671704,-286.972731,-0.000687,0.037198
706948,1899,3287.134,1000,10266.88,8.992694,-286.666173,0.000265,0.036768
707948,1900,3302.823,1000,10280.77,8.846572,-286.926232,-6.6e-05,0.036848
708333,1901,1349.836,385,10285.91,6.777087,-286.84001,0.000555,0.036547
709333,1902,3307.181,1000,10300.51,8.49789,-287.171366,0.000107,0.036394
710333,1903,3291.763,1000,10319.45,8.064967,-286.805979,-7.7e-05,0.036385
711333,1904,3280.037,1000,10333.55,8.050962,-287.049424,0.000647,0.035552
712333,1905,3284.894,1000,10347.05,8.534864,-287.095237,-0.000347,0.03606
713333,1906,3279.524,1000,10360.61,7.047848,-287.111165,0.000114,0.035854
714333,1907,3296.088,1000,10374.44,6.677032,-287.156293,-6.6e-05,0.035866
715261,1908,3177.0,928,10387.09,7.663896,-287.506396,0.000179,0.035762
716261,1909,3267.148,1000,10400.72,7.411844,-287.517584,0.000358,0.035212
717261,1910,3281.814,1000,10413.98,8.763578,-287.417829,-0.000174,0.035501
718261,1911,3273.634,1000,10427.95,7.765788,-287.304946,0.000113,0.035321
719021,1912,2633.892,760,10439.45,8.013,-287.49583,0.000555,0.034667
720021,1913,3285.845,1000,10462.92,6.770771,-287.59605,0.000238,0.034216
721021,1914,3273.915,1000,10479.1,8.581209,-287.766142,-0.000673,0.035357
722021,1915,3285.073,1000,10493.85,7.712694,-287.836415,-0.000102,0.035497
723021,1916,3271.268,1000,10507.31,7.809501,-287.891938,0.00055,0.034613
724021,1917,3292.955,1000,10520.9,9.779327,-287.986366,-0.000678,0.035635
725021,1918,3258.858,1000,10534.58,7.016447,-287.756964,-0.000173,0.035924
726021,1919,3284.378,1000,10548.79,7.379653,-287.86291,0.000375,0.035475
727021,1920,3292.635,1000,10563.36,8.734495,-288.183658,0.000156,0.035174
728021,1921,3282.961,1000,10578.18,7.684911,-288.091953,-0.000195,0.035437
729021,1922,3296.694,1000,10593.4,9.097485,-288.011885,0.000396,0.034869
730021,1923,3303.39,1000,10614.53,7.999714,-288.192088,0.000173,0.034624
731021,1924,3301.332,1000,10628.59,8.84607,-288.499323,-0.001241,0.036556
731457,1925,1583.803,436,10634.33,6.467744,-288.15329,0.000946,0.035887
731787,1926,1178.772,330,10638.79,6.693286,-288.288137,0.001311,0.035226
732203,1927,1515.764,416,10644.86,6.544981,-287.991933,0.000659,0.034929
732573,1928,1309.792,370,10650.34,10.167472,-288.144663,-0.000316,0.035011
733573,1929,3298.935,1000,10663.73,7.862915,-288.506624,-0.000263,0.035422
733975,1930,1445.71,402,10669.48,5.74901,-288.478318,0.000793,0.034959
734975,1931,3301.873,1000,10682.86,7.477973,-288.502078,-0.000447,0.035604
735975,1932,3284.449,1000,10696.79,7.543318,-288.455327,-0.00033,0.036198
736975,1933,3283.015,1000,10710.07,7.159917,-288.450215,0.000289,0.035716
737386,1934,1451.782,411,10715.6,6.66084,-288.483037,0.001991,0.034483
738386,1935,3299.906,1000,10729.35,8.550344,-288.242009,-0.000445,0.035155
738721,1936,1194.532,335,10733.95,8.577171,-288.406489,0.00019,0.035034
739163,1937,1585.817,442,10739.92,7.068837,-288.584272,-0.00049,0.035319
740163,1938,3300.327,1000,10759.78,7.485881,-288.599677,-0.000723,0.036439
741163,1939,3299.82,1000,10773.36,10.047815,-288.687405,0.000486,0.03572
742163,1940,3292.215,1000,10786.82,7.171111,-288.613874,-0.00095,0.037166
742618,1941,1589.15,455,10793.76,10.53141,-288.630632,0.00152,0.036167
743618,1942,3277.608,1000,10808.86,9.217293,-288.802438,-0.000182,0.036389
743955,1943,1203.175,337,10813.99,6.697252,-288.864772,-0.001762,0.037361
744955,1944,3309.239,1000,10830.53,7.514723,-288.748528,0.001277,0.035436
745955,1945,3285.93,1000,10845.99,7.306771,-288.961018,-0.00073,0.036518
746291,1946,1196.123,336,10850.63,8.625541,-288.970364,-5.9e-05,0.036544
747291,1947,3282.7,1000,10864.65,9.798255,-289.113435,0.000346,0.036118
748291,1948,3274.999,1000,10878.26,7.933213,-289.060598,-0.000304,0.036502
749291,1949,3274.409,1000,10892.03,7.358428,-289.250928,0.000524,0.035792
750291,1950,3270.517,1000,10912.53,6.809629,-289.219124,0.00024,0.035319
751291,1951,3282.479,1000,10926.96,7.204377,-289.476654,0.000153,0.03511
751683,1952,1374.261,392,10932.54,7.68404,-289.724447,-0.000426,0.035306
752683,1953,3306.364,1000,10947.56,7.311198,-289.767875,-0.000366,0.03587
753683,1954,3299.588,1000,10962.78,6.949504,-289.646523,0.000529,0.035148
754683,1955,3332.885,1000,10977.05,9.997604,-289.748658,0.000387,0.034554
755683,1956,3300.644,1000,10991.09,6.396325,-289.939524,0.000204,0.034269
756683,1957,3301.837,1000,11004.87,7.377071,-289.824203,-0.000185,0.034491
757590,1958,3159.812,907,11018.12,7.680543,-289.869908,8.8e-05,0.034399
757984,1959,1416.796,394,11023.45,6.422188,-289.911116,0.000412,0.034166
758984,1960,3291.43,1000,11037.07,7.813434,-289.690965,0.000111,0.034021
759984,1961,3286.228,1000,11050.69,7.356866,-289.975376,0.000577,0.03323
760316,1962,1176.262,332,11059.05,9.29413,-289.917455,-0.0014,0.033874
761316,1963,3285.855,1000,11073.02,6.487888,-290.031513,0.000509,0.033068
762316,1964,3284.609,1000,11086.23,8.086471,-290.030634,-0.000241,0.033511
763316,1965,3306.152,1000,11100.21,7.597909,-290.234438,-0.000417,0.034119
764316,1966,3284.4,1000,11113.58,6.054803,-290.278402,-8.9e-05,0.034237
765316,1967,3245.768,1000,11127.28,7.800225,-290.308839,-0.000319,0.03465
766316,1968,3294.311,1000,11140.78,6.438339,-290.33342,0.000292,0.034267
767316,1969,3279.115,1000,11155.66,7.341615,-290.1188,-0.000365,0.034774
768316,1970,3260.069,1000,11170.72,8.810491,-290.249517,0.000228,0.034519
769316,1971,3284.401,1000,11187.08,6.102442,-290.554729,0.000881,0.033238
770316,1972,3284.774,1000,11211.44,7.971816,-290.701565,7.8e-05,0.033062
771316,1973,3277.941,1000,11224.91,7.130742,-290.665093,0.000274,0.032674
772316,1974,3271.466,1000,11238.88,7.549277,-290.634874,-0.001135,0.0344
773316,1975,3285.634,1000,11252.32,7.357113,-290.770005,-6.2e-05,0.034498
774316,1976,3281.447,1000,11266.07,7.33684,-290.904301,0.001186,0.032701
775316,1977,3291.95,1000,11280.71,6.354512,-290.927802,-0.000715,0.033812
776316,1978,3278.179,1000,11295.74,6.525144,-290.906485,-0.0002,0.034167
777316,1979,3288.452,1000,11311.23,6.459968,-290.884577,0.000269,0.033694
777695,1980,1317.186,379,11317.12,8.529937,-290.887827,-0.001126,0.034334
778695,1981,3283.925,1000,11331.5,7.416154,-290.919281,0.000331,0.033914
779695,1982,3286.536,1000,11345.36,7.108263,-290.941154,6.5e-05,0.033759
780695,1983,3272.086,1000,11365.84,6.196104,-291.202763,-0.000203,0.034112
781695,1984,3285.174,1000,11379.77,8.822404,-290.931614,-5.4e-05,0.034133
782695,1985,3273.714,1000,11393.61,6.918423,-291.146599,-8.1e-05,0.034314
783695,1986,3297.557,1000,11406.69,7.142495,-291.124866,6.8e-05,0.03417
784695,1987,3289.214,1000,11420.72,7.650379,-291.234,0.00027,0.033698
785695,1988,3282.377,1000,11433.77,7.127137,-291.4182,0.000441,0.033087
786695,1989,3293.021,1000,11447.91,7.516687,-291.559616,-0.000232,0.033449
787695,1990,3277.607,1000,11461.44,7.275341,-291.338415,-0.000133,0.03366
788695,1991,3282.872,1000,11475.06,7.009461,-291.539842,-2.8e-05,0.033707
789695,1992,3288.492,1000,11488.7,8.107227,-291.407038,0.000133,0.033544
790695,1993,3270.692,1000,11508.89,8.203977,-291.628229,0.000481,0.032828
791695,1994,3280.345,1000,11523.92,7.097525,-291.606356,6.8e-05,0.032666
792142,1995,1590.734,447,11530.55,6.330356,-291.449324,-0.002071,0.034126
793142,1996,3288.773,1000,11546.44,7.938181,-291.499173,0.000563,0.033302
794142,1997,3291.585,1000,11563.06,5.941783,-291.616784,0.000498,0.032526
795142,1998,3302.16,1000,11577.63,6.17765,-291.877947,-0.000269,0.032948
796142,1999,3293.235,1000,11590.8,7.828271,-291.556853,-0.000774,0.034128
796767,2000,2200.585,625,11599.3,6.887883,-291.504348,0.000883,0.033314
797767,2001,3312.274,1000,11612.89,6.894329,-291.663528,-0.000436,0.033983
798767,2002,3291.617,1000,11626.67,7.196952,-291.825554,-4.4e-05,0.034112
799767,2003,3269.089,1000,11641.53,6.199866,-291.733564,0.000373,0.033486
800767,2004,3277.244,1000,11663.0,7.619335,-291.757788,-0.000234,0.033846
801767,2005,3284.991,1000,11678.38,7.387076,-291.709214,0.00079,0.032707
802767,2006,3299.357,1000,11692.79,7.425111,-291.959956,-0.000186,0.032907
803767,2007,3281.999,1000,11706.28,6.633769,-292.06932,-0.000307,0.033419
804767,2008,3311.64,1000,11720.16,5.898415,-292.158001,0.000145,0.033201
805737,2009,3446.429,970,11733.6,6.584956,-291.944849,0.00014,0.033009
806737,2010,3298.031,1000,11747.22,6.395732,-292.277819,0.000538,0.032144
807737,2011,3301.934,1000,11760.96,6.475528,-292.425422,-0.000198,0.032391
808737,2012,3312.314,1000,11774.29,7.764922,-292.44474,-0.000378,0.033077
809737,2013,3328.06,1000,11788.33,7.469502,-292.564383,5.5e-05,0.032971
810737,2014,3298.329,1000,11807.43,7.066119,-292.618388,-0.000665,0.034007
811737,2015,3289.284,1000,11821.51,6.892991,-292.485223,0.000651,0.032983
812737,2016,3282.271,1000,11834.82,7.544858,-292.658443,-0.000334,0.033467
813737,2017,3298.457,1000,11849.18,6.305842,-292.724203,0.000818,0.032325
814051,2018,1098.726,314,11853.5,8.472298,-292.673309,-0.000844,0.032704
815051,2019,3298.423,1000,11867.74,8.058262,-292.436618,-0.000207,0.033004
816051,2020,3275.854,1000,11882.44,6.982951,-292.588134,-0.000328,0.03354
817051,2021,3297.674,1000,11897.52,5.835876,-292.634725,0.001177,0.031767
818051,2022,3258.617,1000,11914.74,7.063159,-292.921573,-0.001043,0.033399
819051,2023,3286.157,1000,11929.68,9.16397,-293.036893,0.000348,0.032864
820051,2024,3300.02,1000,11949.29,8.116661,-293.061248,0.000411,0.032262
821051,2025,3308.286,1000,11962.84,6.632624,-293.101163,-0.000557,0.033032
822051,2026,3284.998,1000,11976.67,6.135034,-293.026991,7.6e-05,0.032973
823051,2027,3290.128,1000,11990.24,6.075951,-293.077015,0.000179,0.03268
824051,2028,3250.198,1000,12004.88,6.594625,-292.999834,-6.5e-05,0.03274
825051,2029,3295.017,1000,12020.02,6.91494,-293.094457,0.000212,0.032487
826051,2030,3307.538,1000,12035.19,6.919763,-293.168839,-0.000885,0.033833
827041,2031,3441.151,990,12049.87,7.654336,-293.400482,0.000488,0.033043
828041,2032,3335.338,1000,12063.68,8.889216,-293.140837,0.000228,0.032656
828561,2033,1830.751,520,12070.42,6.087549,-293.139832,-0.000113,0.032827
829073,2034,1871.522,512,12077.86,7.048727,-292.903358,-0.001175,0.033744
830073,2035,3308.263,1000,12097.92,6.829483,-293.05322,0.000848,0.032457
831073,2036,3352.932,1000,12112.08,6.765533,-293.266986,-0.000742,0.033554
832073,2037,3294.323,1000,12125.21,7.709954,-293.553812,-9.5e-05,0.033727
833073,2038,3287.269,1000,12139.23,7.567458,-293.425219,0.001007,0.032256
834073,2039,3283.283,1000,12152.44,6.387226,-293.526036,-0.000546,0.033081
835073,2040,3293.263,1000,12166.21,6.299359,-293.483467,0.001149,0.031337
836073,2041,3282.972,1000,12179.87,7.487763,-293.623669,0.00016,0.031051
837073,2042,3288.903,1000,12193.77,6.781018,-293.585368,3.3e-05,0.031048
838073,2043,3361.692,1000,12207.03,8.253234,-293.786936,-0.001526,0.033407
839073,2044,3271.843,1000,12220.29,8.23562,-293.713788,0.000848,0.032126
840073,2045,3293.921,1000,12240.99,5.597819,-293.756749,-7.5e-05,0.032258
841073,2046,3309.796,1000,12256.47,6.973325,-293.840063,0.000672,0.031124
842073,2047,3296.679,1000,12272.9,5.668784,-294.102914,-0.000176,0.031414
843073,2048,3309.377,1000,12288.49,6.078894,-293.86673,0.000126,0.031269
844073,2049,3292.359,1000,12302.58,7.509561,-294.244757,-0.000606,0.032231
845073,2050,3305.711,1000,12315.88,7.052822,-294.028423,-9.1e-05,0.032305
846073,2051,3324.431,1000,12329.52,7.265661,-293.802191,-2.8e-05,0.032385
847073,2052,3285.369,1000,12343.4,7.027073,-293.877305,1.3e-05,0.032322
848073,2053,3298.666,1000,12358.29,7.24044,-294.204687,-5.9e-05,0.032457
849073,2054,3413.942,1000,12372.52,7.435228,-293.866459,0.000567,0.031598
850073,2055,3302.003,1000,12395.98,6.452876,-294.169748,-0.000185,0.031912
851073,2056,3270.738,1000,12410.62,6.980766,-294.2119,1e-06,0.031847
852073,2057,3294.704,1000,12424.08,7.274032,-294.209679,-0.000467,0.032583
853073,2058,3278.69,1000,12438.1,6.978009,-294.027798,-0.000399,0.033212
854073,2059,3298.626,1000,12451.71,6.612272,-294.074571,-0.000433,0.033895
855073,2060,3309.83,1000,12466.04,7.883645,-294.229085,0.000392,0.033262
856073,2061,3252.798,1000,12479.46,7.254152,-294.247381,0.000342,0.032796
857073,2062,3286.278,1000,12492.9,6.372232,-294.102366,0.000237,0.032332
858073,2063,3290.154,1000,12506.79,6.910531,-294.321174,0.000448,0.031682
859073,2064,3271.767,1000,12519.77,7.441128,-294.361399,-0.001244,0.033521
860073,2065,3292.736,1000,12534.17,6.718513,-294.526468,0.000945,0.032118
860105,2066,39.146,32,12534.58,4.056332,-293.899652,-0.001397,0.032187
860127,2067,22.075,22,12534.87,7.056401,-295.841633,0.003445,0.032115
860147,2068,19.371,20,12535.13,5.568448,-294.807315,0.002603,0.032035
860172,2069,27.338,25,12535.46,5.625176,-293.788418,-0.000872,0.032018
860203,2070,37.497,31,12535.86,5.712662,-295.717909,-0.001579,0.03211
860225,2071,22.337,22,12536.12,3.679817,-293.360196,0.000891,0.032081
860247,2072,22.237,22,12536.43,32.669056,-294.317886,0.002033,0.03205
861247,2073,3304.153,1000,12549.5,8.155728,-294.65228,-0.000235,0.032338
861984,2074,2592.716,737,12559.63,7.583509,-294.582852,0.000934,0.031413
862984,2075,3310.281,1000,12572.91,7.603207,-294.66662,0.0002,0.031081
863984,2076,3266.331,1000,12586.63,10.294313,-294.700592,-0.000798,0.032248
864984,2077,3304.386,1000,12602.03,6.91696,-294.772714,-0.000319,0.032783
865984,2078,3316.527,1000,12617.16,6.725564,-294.676675,0.000814,0.031504
866984,2079,3317.626,1000,12634.16,6.795824,-295.181369,0.000357,0.030984
867984,2080,3283.243,1000,12650.32,8.282438,-295.013486,-0.000321,0.031466
868984,2081,3304.931,1000,12664.14,7.763413,-295.12624,-5.5e-05,0.031578
869790,2082,2874.287,806,12674.48,7.859941,-295.06378,-0.00018,0.031858
870313,2083,1847.997,523,12687.2,8.82768,-295.130427,0.001624,0.030591
871313,2084,3293.614,1000,12700.82,6.074386,-295.113643,-0.000134,0.030755
872313,2085,3272.546,1000,12715.08,7.841958,-295.300331,-1.2e-05,0.030838
873313,2086,3307.825,1000,12729.9,8.415614,-295.272716,-0.000133,0.030956
873980,2087,2483.772,667,12740.13,6.687737,-295.305949,-0.000105,0.031154
874980,2088,3283.96,1000,12755.21,7.6311,-295.649258,0.000196,0.030836
875980,2089,3266.351,1000,12770.16,6.906514,-295.587974,0.000278,0.03045
876980,2090,3288.908,1000,12783.49,7.063342,-295.620685,-4.3e-05,0.030503
877980,2091,3297.26,1000,12797.57,7.1894,-295.654026,-0.000156,0.030735
878980,2092,3318.104,1000,12810.9,7.509641,-295.608052,-0.000483,0.031491
879980,2093,3299.878,1000,12825.39,9.52888,-295.785574,0.000266,0.031077
880980,2094,3298.093,1000,12844.46,8.159955,-295.66073,-0.000108,0.031235
881692,2095,2386.817,712,12854.33,6.012649,-295.744541,0.000692,0.03055
882692,2096,3297.55,1000,12867.46,9.101269,-295.615232,-0.000122,0.030655
883692,2097,3296.548,1000,12881.28,8.075524,-295.894143,-0.000331,0.031189
884692,2098,3362.47,1000,12894.6,7.531911,-295.914986,4.5e-05,0.031098
885692,2099,3301.626,1000,12908.26,7.922824,-296.151046,1.7e-05,0.03107
886692,2100,3300.64,1000,12921.65,8.737848,-296.019253,0.000237,0.030784
887692,2101,3300.203,1000,12934.84,6.783542,-295.988965,0.000255,0.030328
888692,2102,3298.297,1000,12948.27,6.169943,-296.27829,-0.000133,0.030541
889692,2103,3296.949,1000,12963.87,8.954875,-296.366557,-0.000437,0.031145
890692,2104,3286.926,1000,12986.41,7.659038,-296.212121,3.8e-05,0.031052
891692,2105,3295.61,1000,13002.58,10.357567,-296.375401,0.00034,0.0306
892692,2106,3246.849,1000,13016.7,7.734644,-296.267526,-0.000156,0.030834
893692,2107,3297.186,1000,13030.1,7.813352,-296.214961,-0.000136,0.030965
894692,2108,3314.144,1000,13043.72,6.682076,-296.259824,0.000558,0.030233
895692,2109,3307.625,1000,13057.38,7.358788,-296.2899,-0.000597,0.031053
896692,2110,3305.55,1000,13071.17,7.961856,-296.139475,-0.000248,0.031423
897692,2111,3290.615,1000,13085.8,7.729805,-296.248453,-9.8e-05,0.03156
898692,2112,3291.729,1000,13100.83,8.110292,-296.216206,0.000759,0.030455
899692,2113,3308.509,1000,13116.17,7.323293,-296.288659,-0.000401,0.031066
900692,2114,3312.821,1000,13137.99,6.331155,-296.274646,7.6e-05,0.030991
901692,2115,3292.088,1000,13152.34,9.04889,-296.454332,-0.000584,0.031872
902692,2116,3313.177,1000,13166.01,10.044914,-296.407608,0.000879,0.030541
903692,2117,3299.134,1000,13180.31,6.19103,-296.234563,-0.000324,0.031028
904601,2118,3205.227,909,13192.46,8.564097,-296.451005,-0.000467,0.031673
905601,2119,3289.091,1000,13206.01,6.792072,-296.417425,0.000639,0.030706
905965,2120,1265.759,364,13210.92,9.436602,-296.668021,0.001495,0.029944
906465,2121,1597.06,500,13217.79,9.018628,-296.699551,0.000617,0.029523
907465,2122,3310.375,1000,13231.35,6.882639,-296.477665,-0.000455,0.030131
908465,2123,3309.064,1000,13245.15,7.845334,-296.556874,-0.00017,0.030465
909252,2124,2724.131,787,13255.77,7.978081,-296.508369,0.000202,0.030088
910252,2125,3310.381,1000,13276.11,7.061876,-296.364029,-0.000607,0.031092
911252,2126,3293.267,1000,13289.47,6.868256,-296.387225,0.000871,0.029824
912252,2127,3292.788,1000,13303.3,8.381085,-296.510674,-0.001607,0.032213
913252,2128,3299.806,1000,13317.93,9.743755,-296.784156,0.000567,0.031372
914252,2129,3299.965,1000,13332.77,8.480884,-296.507655,-0.000324,0.031859
915252,2130,3293.146,1000,13349.15,7.810926,-296.662934,0.000573,0.030974
916252,2131,3280.763,1000,13365.42,8.685628,-296.665575,-0.000127,0.031208
917252,2132,3307.438,1000,13378.88,8.808128,-296.832821,0.000504,0.030462
917960,2133,2533.974,708,13388.34,9.686093,-296.633353,-0.000961,0.031485
918957,2134,3473.286,997,13401.63,7.868776,-296.636883,-0.000403,0.032078
919957,2135,3296.953,1000,13415.26,6.009205,-296.853019,0.000235,0.031687
920957,2136,3296.923,1000,13435.38,8.926857,-296.818356,-8.3e-05,0.031753
921957,2137,3306.366,1000,13450.0,7.404595,-296.938423,9.9e-05,0.03172
922957,2138,3306.152,1000,13465.07,7.030393,-296.932517,0.000478,0.031016
923957,2139,3297.814,1000,13480.69,7.205618,-297.053736,-7e-06,0.030992
924957,2140,3278.449,1000,13495.42,8.353481,-296.960744,0.000322,0.030475
925957,2141,3291.779,1000,13508.65,7.770422,-297.241404,-0.000397,0.031141
926927,2142,3396.941,970,13522.17,5.422151,-297.174857,0.00012,0.030937
927927,2143,3284.725,1000,13536.02,7.832208,-296.950264,-0.000709,0.032072
928927,2144,3317.812,1000,13549.89,7.505691,-297.283113,0.001391,0.029968
929927,2145,3287.185,1000,13563.67,6.61546,-297.535472,-0.001412,0.032062
930481,2146,1952.659,554,13577.29,9.427386,-297.272877,6.9e-05,0.032013
931481,2147,3333.697,1000,13590.74,8.019611,-297.344106,0.000818,0.030783
932481,2148,3411.087,1000,13604.48,7.937143,-297.288014,0.000274,0.030466
932931,2149,1576.921,450,13610.43,5.921261,-297.858217,0.000426,0.030172
933931,2150,3303.145,1000,13624.48,7.702811,-297.559834,-0.000961,0.031572
934376,2151,1550.391,445,13630.26,4.351926,-297.344945,0.001151,0.030855
935045,2152,2341.568,669,13639.09,6.301732,-297.697046,0.00148,0.029394
936045,2153,3309.156,1000,13652.73,9.740773,-297.509782,-0.000185,0.029666
936413,2154,1332.619,368,13657.44,6.14116,-297.226001,-0.000544,0.029959
936741,2155,1177.791,328,13661.96,7.32705,-297.416134,-0.001096,0.03052
937741,2156,3315.325,1000,13676.58,6.633549,-297.730412,-0.000227,0.030872
938172,2157,1557.131,431,13683.13,6.098926,-297.667387,-0.000479,0.031135
938658,2158,1803.698,486,13690.31,7.975225,-297.660359,-0.000236,0.031338
939658,2159,3314.431,1000,13705.73,8.638814,-297.789949,0.000416,0.030751
940311,2160,2360.516,653,13720.34,5.483335,-297.943576,0.000695,0.03008
940597,2161,1003.008,286,13725.11,9.248545,-297.640982,3.5e-05,0.030099
941034,2162,1575.469,437,13731.26,11.213879,-297.550477,-0.001451,0.031026
942034,2163,3317.253,1000,13744.06,7.193478,-297.633049,-0.000917,0.032352
943034,2164,3324.497,1000,13757.82,7.359369,-297.70307,0.001393,0.030407
943978,2165,3335.159,944,13770.29,7.636646,-297.746711,-0.00027,0.030791
944978,2166,3312.535,1000,13784.17,7.455452,-297.814585,0.000414,0.030186
945978,2167,3317.211,1000,13798.81,8.950212,-297.739966,-0.000372,0.030672
946978,2168,3323.017,1000,13813.39,5.445445,-297.856401,0.000766,0.029632
947978,2169,3288.462,1000,13828.88,8.075288,-297.847413,-0.001227,0.03141
948978,2170,3288.458,1000,13844.23,7.799445,-297.722759,0.000596,0.030522
949803,2171,2923.646,825,13856.05,7.266552,-297.841791,-0.000402,0.031052
950395,2172,2104.662,592,13869.7,8.610813,-297.861415,-1.2e-05,0.031037
951370,2173,3401.363,975,13882.93,6.389684,-297.623422,-0.000307,0.031455
952370,2174,3319.953,1000,13896.97,5.493422,-297.794339,0.001176,0.029737
952899,2175,1866.063,529,13904.05,11.269898,-297.747089,4.6e-05,0.029698
953899,2176,3319.854,1000,13917.83,8.127445,-297.713905,-0.001033,0.031226
954899,2177,3291.351,1000,13931.16,6.40142,-298.051562,0.000213,0.031026
955899,2178,3305.174,1000,13944.72,8.681773,-297.992428,-0.000738,0.032065
956605,2179,2470.531,706,13954.04,6.66495,-297.882693,0.001141,0.030881
957605,2180,3282.264,1000,13967.9,7.711666,-297.864038,-0.00017,0.031154
958605,2181,3324.378,1000,13981.22,7.172169,-298.035102,0.000992,0.029659
959605,2182,3306.375,1000,13994.75,8.484935,-298.339581,-0.001038,0.031184
960291,2183,2440.131,686,14009.22,8.745017,-298.256914,0.000462,0.030727
961291,2184,3311.656,1000,14022.91,5.989424,-298.321238,-0.000532,0.031556
961767,2185,1673.782,476,14029.49,7.941127,-298.201103,0.000723,0.031073
962558,2186,2826.896,791,14041.23,7.176397,-298.354697,0.000458,0.030536
963271,2187,2533.405,713,14052.17,6.145287,-298.399395,0.000729,0.029725
964255,2188,3440.008,984,14067.48,6.240308,-298.384597,-0.000652,0.030674
964997,2189,2606.938,742,14079.64,7.873095,-298.522482,0.00108,0.029505
965997,2190,3287.047,1000,14094.92,8.312667,-298.407513,-0.000527,0.030265
966997,2191,3291.119,1000,14108.05,6.395801,-298.443135,5.5e-05,0.030133
967997,2192,3303.76,1000,14122.02,5.957971,-298.727621,0.000975,0.028635
968630,2193,2088.417,633,14130.46,7.026942,-298.601168,-0.000602,0.029244
969630,2194,3309.42,1000,14144.23,7.718585,-298.720747,-0.00043,0.029932
970630,2195,3405.792,1000,14164.4,8.136874,-298.962495,0.001199,0.028147
971083,2196,1647.968,453,14171.17,9.069299,-298.712816,-0.000487,0.028464
972083,2197,3313.207,1000,14185.77,6.677051,-298.801233,-0.000988,0.029968
972443,2198,1310.155,360,14191.35,6.92559,-298.804025,4e-05,0.029915
973443,2199,3367.602,1000,14206.85,7.656303,-298.786916,-0.000272,0.030393
974443,2200,3306.838,1000,14220.05,9.312466,-298.924742,-0.000381,0.030881
975052,2201,2131.078,609,14228.73,8.626927,-298.714609,-0.000584,0.031403
976052,2202,3295.434,1000,14242.08,9.304036,-298.76933,6.6e-05,0.031257
977052,2203,3288.072,1000,14256.59,7.644728,-298.650995,1.8e-05,0.031337
977894,2204,3006.631,842,14268.0,6.866364,-298.824615,-5.7e-05,0.031363
978894,2205,3290.628,1000,14281.9,5.245447,-298.938688,0.000866,0.030176
979894,2206,3352.076,1000,14294.81,8.13854,-298.553319,-0.000591,0.030953
980894,2207,3293.382,1000,14315.03,7.782891,-298.681764,0.000163,0.030741
981826,2208,3280.615,932,14327.32,7.118143,-298.81176,0.000219,0.030457
982826,2209,3300.047,1000,14340.9,7.146355,-298.778012,0.000547,0.029663
983826,2210,3297.976,1000,14354.77,8.887303,-298.79251,-0.001343,0.031732
984826,2211,3292.125,1000,14368.3,6.413426,-298.652666,0.000446,0.030988
985826,2212,3325.818,1000,14381.67,7.314584,-298.721002,-5.9e-05,0.031104
986826,2213,3290.41,1000,14396.62,7.482773,-298.901562,0.000368,0.030636
987826,2214,3291.639,1000,14411.5,7.988686,-298.797872,-5.2e-05,0.030643
988826,2215,3305.552,1000,14427.22,7.011482,-298.772408,-9.2e-05,0.030766
989826,2216,3310.97,1000,14443.45,7.481594,-299.013189,0.000846,0.029573
990826,2217,3303.629,1000,14463.46,5.368304,-298.906262,0.000301,0.029112
991665,2218,2994.8,839,14475.11,8.594395,-298.945993,-0.000808,0.030071
992665,2219,3308.977,1000,14488.58,7.379503,-299.041269,0.000277,0.02974
993665,2220,3295.271,1000,14502.22,9.958029,-298.773164,-7.3e-05,0.029818
994240,2221,2107.376,575,14510.25,7.560224,-299.187216,-0.000536,0.030256
995167,2222,3231.768,927,14523.6,8.537164,-299.130463,0.000661,0.029341
995968,2223,2778.557,801,14535.59,7.764345,-298.919575,-9.5e-05,0.029489
996968,2224,3303.499,1000,14550.94,8.130979,-298.942601,-0.000683,0.030573
997968,2225,3296.893,1000,14566.46,7.061472,-299.130304,0.000262,0.030067
998968,2226,3308.416,1000,14580.45,6.728367,-298.953321,-0.000463,0.030888
999968,2227,3294.16,1000,14594.15,5.662603,-299.078325,0.000272,0.030465
