timestep,episode,episode_reward,episode_length,wall_time,critic_loss,actor_loss,alpha_loss,alpha
22,0,-5.175,22,0.0,,,,
66,1,9.983,44,0.01,,,,
107,2,-2.169,41,0.02,,,,
120,3,-0.101,13,0.02,,,,
132,4,0.533,12,0.02,,,,
152,5,2.91,20,0.03,,,,
222,6,14.424,70,0.04,,,,
242,7,5.993,20,0.04,,,,
257,8,-0.26,15,0.04,,,,
286,9,13.576,29,0.05,,,,
307,10,-7.863,21,0.05,,,,
318,11,-1.728,11,0.05,,,,
341,12,2.544,23,0.06,,,,
376,13,0.954,35,0.06,,,,
398,14,3.095,22,0.07,,,,
417,15,2.362,19,0.07,,,,
433,16,-3.425,16,0.07,,,,
457,17,-4.89,24,0.07,,,,
476,18,1.682,19,0.08,,,,
489,19,2.066,13,0.08,,,,
504,20,-1.549,15,0.09,,,,
516,21,-1.727,12,0.09,,,,
529,22,-1.332,13,0.1,,,,
546,23,2.153,17,0.1,,,,
571,24,9.426,25,0.1,,,,
582,25,-7.188,11,0.1,,,,
610,26,2.138,28,0.11,,,,
623,27,-2.222,13,0.11,,,,
647,28,-1.078,24,0.12,,,,
665,29,7.037,18,0.12,,,,
698,30,-2.185,33,0.12,,,,
713,31,-1.33,15,0.13,,,,
732,32,-2.999,19,0.13,,,,
746,33,-1.95,14,0.13,,,,
759,34,-0.751,13,0.13,,,,
783,35,-4.644,24,0.14,,,,
820,36,8.597,37,0.14,,,,
839,37,-4.751,19,0.15,,,,
866,38,0.79,27,0.15,,,,
886,39,6.446,20,0.15,,,,
924,40,10.782,38,0.16,,,,
958,41,-4.247,34,0.17,,,,
976,42,1.526,18,0.17,,,,
1002,43,9.266,26,0.17,,,,
1018,44,-3.105,16,0.18,,,,
1057,45,9.933,39,0.18,,,,
1082,46,-6.572,25,0.19,,,,
1092,47,-2.141,10,0.19,,,,
1100,48,-3.766,8,0.19,,,,
1112,49,-4.009,12,0.2,,,,
1133,50,3.328,21,0.2,,,,
1156,51,9.247,23,0.21,,,,
1177,52,-4.153,21,0.21,,,,
1189,53,-0.092,12,0.21,,,,
1204,54,0.464,15,0.22,,,,
1223,55,0.528,19,0.22,,,,
1236,56,1.313,13,0.22,,,,
1264,57,4.793,28,0.23,,,,
1285,58,6.296,21,0.23,,,,
1327,59,12.705,42,0.24,,,,
1341,60,1.727,14,0.24,,,,
1351,61,-2.382,10,0.24,,,,
1398,62,-3.283,47,0.25,,,,
1422,63,-0.698,24,0.25,,,,
1452,64,11.859,30,0.25,,,,
1468,65,0.147,16,0.26,,,,
1485,66,1.626,17,0.26,,,,
1499,67,1.246,14,0.26,,,,
1510,68,-1.872,11,0.26,,,,
1526,69,-6.145,16,0.27,,,,
1555,70,1.591,29,0.27,,,,
1585,71,-10.109,30,0.28,,,,
1601,72,1.086,16,0.28,,,,
1611,73,-3.835,10,0.28,,,,
1624,74,0.317,13,0.28,,,,
1651,75,4.915,27,0.29,,,,
1679,76,6.554,28,0.29,,,,
1703,77,-1.243,24,0.29,,,,
1713,78,-2.007,10,0.3,,,,
1727,79,1.963,14,0.3,,,,
1738,80,-0.13,11,0.3,,,,
1758,81,-6.594,20,0.3,,,,
1782,82,2.773,24,0.31,,,,
1801,83,0.382,19,0.31,,,,
1825,84,-2.84,24,0.31,,,,
1837,85,-0.885,12,0.32,,,,
1855,86,-4.367,18,0.32,,,,
1895,87,17.971,40,0.32,,,,
1927,88,5.433,32,0.33,,,,
1947,89,2.908,20,0.33,,,,
1961,90,-0.651,14,0.34,,,,
1974,91,0.729,13,0.34,,,,
1985,92,-4.307,11,0.34,,,,
2002,93,3.82,17,0.34,,,,
2017,94,-7.757,15,0.34,,,,
2032,95,-9.81,15,0.35,,,,
2055,96,-4.826,23,0.35,,,,
2079,97,1.782,24,0.35,,,,
2102,98,2.04,23,0.36,,,,
2113,99,0.654,11,0.36,,,,
2146,100,8.148,33,0.37,,,,
2170,101,0.505,24,0.37,,,,
2195,102,4.977,25,0.37,,,,
2237,103,2.345,42,0.38,,,,
2251,104,-2.812,14,0.38,,,,
2289,105,10.456,38,0.39,,,,
2305,106,1.572,16,0.39,,,,
2320,107,3.397,15,0.39,,,,
2336,108,-2.746,16,0.4,,,,
2361,109,6.291,25,0.4,,,,
2382,110,3.552,21,0.4,,,,
2409,111,0.915,27,0.41,,,,
2434,112,-2.268,25,0.41,,,,
2455,113,1.508,21,0.42,,,,
2474,114,4.338,19,0.42,,,,
2498,115,1.303,24,0.43,,,,
2508,116,-1.151,10,0.43,,,,
2523,117,-0.968,15,0.44,,,,
2532,118,-1.705,9,0.44,,,,
2570,119,4.27,38,0.45,,,,
2601,120,10.883,31,0.45,,,,
2623,121,6.449,22,0.45,,,,
2645,122,3.473,22,0.46,,,,
2657,123,1.035,12,0.46,,,,
2680,124,-6.525,23,0.46,,,,
2737,125,28.484,57,0.47,,,,
2759,126,2.664,22,0.48,,,,
2779,127,3.324,20,0.48,,,,
2793,128,2.558,14,0.48,,,,
2810,129,5.772,17,0.49,,,,
2830,130,5.441,20,0.49,,,,
2848,131,-0.792,18,0.49,,,,
2867,132,3.313,19,0.49,,,,
2888,133,-6.767,21,0.5,,,,
2909,134,-5.022,21,0.5,,,,
2922,135,1.764,13,0.5,,,,
2946,136,4.029,24,0.51,,,,
2968,137,0.243,22,0.51,,,,
2985,138,-1.227,17,0.51,,,,
2998,139,1.055,13,0.52,,,,
3020,140,4.273,22,0.52,,,,
3030,141,-2.923,10,0.52,,,,
3055,142,0.992,25,0.53,,,,
3079,143,5.739,24,0.53,,,,
3088,144,-5.329,9,0.53,,,,
3102,145,2.635,14,0.53,,,,
3113,146,0.972,11,0.54,,,,
3140,147,-0.731,27,0.54,,,,
3160,148,3.988,20,0.54,,,,
3177,149,3.458,17,0.55,,,,
3193,150,-1.571,16,0.55,,,,
3212,151,-1.008,19,0.55,,,,
3252,152,12.909,40,0.56,,,,
3270,153,1.696,18,0.56,,,,
3294,154,1.094,24,0.56,,,,
3311,155,2.754,17,0.57,,,,
3325,156,0.697,14,0.57,,,,
3353,157,0.654,28,0.57,,,,
3368,158,4.869,15,0.58,,,,
3382,159,-6.153,14,0.58,,,,
3417,160,4.08,35,0.59,,,,
3452,161,8.176,35,0.59,,,,
3472,162,1.565,20,0.6,,,,
3509,163,18.641,37,0.61,,,,
3523,164,1.182,14,0.61,,,,
3533,165,-5.488,10,0.61,,,,
3550,166,1.6,17,0.61,,,,
3561,167,0.113,11,0.61,,,,
3575,168,-0.665,14,0.62,,,,
3606,169,5.162,31,0.62,,,,
3631,170,0.319,25,0.63,,,,
3654,171,7.411,23,0.63,,,,
3680,172,16.237,26,0.64,,,,
3699,173,-2.111,19,0.64,,,,
3713,174,1.815,14,0.64,,,,
3744,175,0.157,31,0.65,,,,
3763,176,6.936,19,0.65,,,,
3777,177,1.487,14,0.65,,,,
3787,178,-3.959,10,0.65,,,,
3801,179,2.819,14,0.66,,,,
3826,180,1.304,25,0.66,,,,
3846,181,5.793,20,0.66,,,,
3857,182,-5.243,11,0.67,,,,
3874,183,-4.906,17,0.67,,,,
3895,184,7.567,21,0.67,,,,
3908,185,2.433,13,0.67,,,,
3977,186,41.564,69,0.68,,,,
3994,187,4.267,17,0.69,,,,
4016,188,4.86,22,0.69,,,,
4035,189,3.51,19,0.69,,,,
4062,190,3.215,27,0.7,,,,
4077,191,2.547,15,0.7,,,,
4090,192,0.243,13,0.7,,,,
4120,193,-0.66,30,0.71,,,,
4133,194,-1.565,13,0.71,,,,
4149,195,5.717,16,0.72,,,,
4170,196,-2.247,21,0.72,,,,
4191,197,-4.31,21,0.73,,,,
4201,198,-5.572,10,0.73,,,,
4215,199,0.618,14,0.74,,,,
4225,200,-5.317,10,0.74,,,,
4236,201,-1.04,11,0.75,,,,
4257,202,3.491,21,0.75,,,,
4277,203,-3.436,20,0.76,,,,
4311,204,-9.124,34,0.77,,,,
4340,205,2.724,29,0.78,,,,
4355,206,1.846,15,0.78,,,,
4381,207,7.77,26,0.79,,,,
4399,208,0.489,18,0.79,,,,
4418,209,-1.05,19,0.79,,,,
4429,210,-3.19,11,0.79,,,,
4454,211,3.398,25,0.8,,,,
4487,212,-1.478,33,0.8,,,,
4499,213,-5.723,12,0.8,,,,
4526,214,13.882,27,0.81,,,,
4554,215,5.039,28,0.81,,,,
4578,216,5.905,24,0.82,,,,
4607,217,1.214,29,0.82,,,,
4618,218,-0.153,11,0.82,,,,
4637,219,-2.643,19,0.83,,,,
4649,220,-2.164,12,0.83,,,,
4670,221,0.205,21,0.83,,,,
4695,222,3.555,25,0.83,,,,
4712,223,-3.022,17,0.84,,,,
4726,224,-2.569,14,0.84,,,,
4750,225,2.11,24,0.84,,,,
4773,226,-7.457,23,0.85,,,,
4819,227,11.535,46,0.85,,,,
4839,228,2.891,20,0.86,,,,
4853,229,1.214,14,0.86,,,,
4875,230,0.407,22,0.86,,,,
4891,231,-1.946,16,0.87,,,,
4924,232,8.974,33,0.87,,,,
4936,233,-1.585,12,0.88,,,,
4949,234,-0.495,13,0.88,,,,
4960,235,-3.959,11,0.88,,,,
4985,236,-0.529,25,0.89,,,,
5012,237,0.715,27,1.37,13.752972,-5.457018,9.717986,0.996092
5031,238,-8.975,19,1.63,8.193768,-7.467115,9.921309,0.990391
5042,239,0.616,11,1.85,7.162251,-7.522896,9.923124,0.987107
5051,240,-1.954,9,1.99,6.914632,-7.883569,9.905299,0.984433
5093,241,18.714,42,2.55,7.179883,-8.131841,9.824998,0.972125
5135,242,3.969,42,3.13,6.506903,-8.730721,9.715549,0.960065
5156,243,-3.688,21,3.45,6.063402,-9.055854,9.610319,0.954126
5177,244,6.733,21,3.71,6.045271,-9.284368,9.550917,0.948247
5190,245,-1.951,13,3.87,5.665313,-9.422659,9.506483,0.944637
5222,246,-1.554,32,4.33,4.687565,-9.710629,9.436267,0.935839
5253,247,-4.397,31,4.77,4.569748,-9.939876,9.334959,0.927441
5284,248,17.689,31,5.23,4.276992,-10.225744,9.24008,0.919164
5302,249,-6.498,18,5.48,4.388293,-10.421261,9.151464,0.914414
5331,250,12.322,29,5.92,4.338623,-10.625719,9.096591,0.906839
5348,251,-3.364,17,6.16,4.365471,-10.81736,9.020482,0.902444
5417,252,9.638,69,7.19,4.17442,-11.208734,8.88322,0.884964
5445,253,2.376,28,7.58,4.033567,-11.698923,8.739427,0.878018
5484,254,7.168,39,8.17,4.124742,-11.961951,8.640642,0.868489
5546,255,9.537,62,9.13,4.184697,-12.506425,8.496071,0.853665
5575,256,1.719,29,9.57,3.986613,-12.96831,8.369425,0.846861
5612,257,8.502,37,10.12,4.169311,-13.314029,8.272947,0.838309
5671,258,25.794,59,11.08,4.151261,-13.763964,8.121339,0.824962
5757,259,-33.228,86,12.41,4.446847,-14.469942,7.914375,0.806112
5831,260,6.236,74,13.54,4.724118,-15.306551,7.671388,0.790473
5866,261,4.841,35,14.1,4.828858,-15.907129,7.531733,0.783237
5943,262,-13.96,77,15.28,4.794769,-16.442704,7.37111,0.767679
6012,263,8.947,69,16.3,5.002135,-17.167007,7.150903,0.754212
6145,264,55.475,133,18.2,5.222419,-18.277313,6.917204,0.729188
6265,265,-6.753,120,19.95,5.698315,-19.56385,6.612309,0.707697
6360,266,-6.942,95,21.37,6.04835,-20.589064,6.366403,0.69134
6501,267,22.837,141,23.26,6.173028,-21.740395,6.108231,0.6681
6682,268,287.147,181,25.93,6.653157,-23.382962,5.768439,0.639968
7099,269,197.384,417,32.03,7.560802,-26.722619,5.185574,0.581536
7297,270,56.684,198,34.87,8.953517,-29.951107,4.62391,0.556585
7488,271,71.251,191,37.83,10.18021,-31.729514,4.303331,0.533991
7624,272,22.669,136,39.77,10.3911,-33.435783,4.056482,0.51873
7789,273,277.239,165,42.19,11.040891,-35.018438,3.890947,0.500817
7975,274,306.749,186,44.96,12.595419,-36.993548,3.68443,0.481514
8184,275,332.251,209,48.02,14.286018,-39.121926,3.507156,0.460628
8342,276,266.417,158,50.44,16.229919,-41.117701,3.355538,0.44539
8533,277,301.048,191,53.34,16.788993,-42.92319,3.218553,0.427591
8713,278,310.752,180,56.23,18.021941,-44.893742,3.083498,0.411407
9241,279,416.996,528,63.56,20.546081,-48.24291,2.823714,0.367359
9519,280,393.375,278,67.44,23.159508,-51.578966,2.549695,0.346107
10068,281,414.998,549,77.08,24.469039,-54.983397,2.297981,0.307747
10939,282,912.399,871,90.17,26.733441,-59.736739,1.922098,0.255606
11257,283,468.955,318,94.65,29.210231,-63.654445,1.654542,0.238825
11620,284,464.177,363,99.87,31.137895,-65.624756,1.507987,0.221162
11786,285,101.878,166,102.09,33.358333,-67.336804,1.4028,0.213552
11882,286,34.845,96,103.54,35.290732,-67.624312,1.347877,0.209305
12099,287,379.071,217,106.51,36.168524,-68.447582,1.29043,0.200034
12393,288,203.92,294,110.64,35.049995,-69.879868,1.218166,0.188053
12503,289,-2.331,110,112.51,34.885481,-70.857507,1.166026,0.183715
12648,290,281.273,145,114.37,34.38228,-71.26686,1.112221,0.178229
12746,291,11.504,98,115.87,38.907993,-72.032446,1.053387,0.174686
12891,292,182.453,145,117.98,41.004141,-72.334956,1.031976,0.169531
12988,293,38.878,97,119.39,39.059434,-72.889584,0.992919,0.16619
13216,294,109.143,228,122.81,38.260055,-73.60498,0.940014,0.158676
13331,295,-15.327,115,124.58,37.611641,-74.231646,0.8684,0.155103
13460,296,161.841,129,126.54,38.488011,-74.829306,0.845673,0.15118
13504,297,6.667,44,127.14,37.514635,-75.062237,0.798682,0.149915
13711,298,60.347,207,129.99,40.523399,-75.637188,0.781018,0.143996
13748,299,2.897,37,130.47,47.775079,-75.745701,0.772884,0.14293
13793,300,7.815,45,131.12,45.147433,-76.1194,0.738106,0.14169
13877,301,69.847,84,132.3,43.413582,-76.149591,0.725631,0.139412
13929,302,18.68,52,133.07,40.766531,-76.23262,0.70008,0.138033
14032,303,137.381,103,134.63,43.351857,-76.669398,0.680217,0.135362
14071,304,10.186,39,135.11,46.410852,-76.82884,0.660407,0.134371
14096,305,-5.582,25,135.41,53.06061,-76.875164,0.664219,0.133746
14162,306,72.185,66,136.3,45.877553,-76.883697,0.64086,0.132091
14187,307,3.459,25,136.66,39.551683,-77.14633,0.62823,0.131489
14212,308,-2.071,25,137.04,61.027378,-77.056796,0.641467,0.130871
14336,309,132.809,124,138.75,48.660572,-77.409253,0.620158,0.127843
14370,310,3.523,34,139.21,50.286642,-77.121162,0.595675,0.127035
14410,311,10.804,40,139.75,46.032839,-77.583942,0.572927,0.126111
14435,312,-2.929,25,140.12,42.331945,-77.778491,0.599016,0.125519
14530,313,84.198,95,141.5,49.309019,-77.840722,0.565671,0.123352
14574,314,18.672,44,142.19,52.902138,-78.026055,0.529767,0.122383
14609,315,13.505,35,142.76,52.581621,-77.761851,0.536478,0.121628
14713,316,102.586,104,144.43,51.740255,-78.42135,0.534131,0.119331
14747,317,4.206,34,144.88,55.965113,-78.364429,0.500606,0.118602
14935,318,122.499,188,147.44,51.874238,-78.421675,0.46875,0.114865
14967,319,5.796,32,147.91,46.786223,-78.417927,0.439762,0.114233
15007,320,12.974,40,148.48,44.345164,-78.48572,0.465148,0.113439
15119,321,129.33,112,150.17,51.525108,-78.801608,0.412904,0.111387
15204,322,102.24,85,151.49,49.575652,-79.056498,0.422767,0.109771
15240,323,7.422,36,151.94,49.966291,-79.286996,0.393858,0.109133
15487,324,279.248,247,155.87,48.39702,-79.384614,0.355055,0.105017
15568,325,104.329,81,157.07,46.330138,-79.792172,0.333735,0.103704
16023,326,278.339,455,164.34,45.701493,-80.147728,0.265667,0.097451
16371,327,517.599,348,169.43,42.249921,-80.95354,0.20877,0.093256
16573,328,326.94,202,172.74,40.826561,-82.004645,0.173377,0.091063
16681,329,235.976,108,174.43,45.089367,-82.514186,0.156215,0.089937
16902,330,405.667,221,177.68,44.377088,-83.489634,0.143952,0.087764
17070,331,383.371,168,180.12,45.109142,-84.114953,0.126722,0.086184
17218,332,290.84,148,182.21,46.218767,-85.136207,0.097317,0.085044
17538,333,577.319,320,186.47,44.447069,-86.372107,0.084587,0.082771
17739,334,331.902,201,189.2,45.023657,-87.750694,0.080632,0.081238
18739,335,840.229,1000,203.35,45.052375,-90.47097,0.069558,0.073435
18949,336,329.875,210,206.54,45.197779,-93.276886,0.05041,0.071947
19129,337,314.139,180,209.17,47.814981,-94.30932,0.054616,0.070558
19344,338,75.908,215,212.43,47.594912,-95.192175,0.048971,0.068892
19571,339,29.215,227,215.84,49.400716,-95.784769,0.049753,0.067013
19721,340,6.581,150,218.02,46.575064,-96.550882,0.038407,0.066012
19944,341,429.067,223,221.44,48.713129,-97.323545,0.03284,0.064612
20038,342,128.65,94,224.43,49.165823,-97.839634,0.035859,0.063989
20333,343,329.145,295,229.06,52.40992,-98.54625,0.034918,0.061838
20565,344,316.998,232,233.24,52.874571,-99.507857,0.013456,0.061067
20719,345,181.399,154,235.15,55.747423,-100.326484,0.01332,0.060603
20835,346,200.209,116,236.64,54.456967,-100.848653,0.003821,0.060431
20995,347,332.822,160,238.82,55.209387,-101.077603,-0.00186,0.06058
21145,348,271.357,150,240.73,54.111231,-102.075925,-0.008553,0.060893
21254,349,212.121,109,242.1,56.429898,-102.185195,0.003736,0.06081
21525,350,300.483,271,246.01,58.680774,-103.119174,0.000978,0.060706
21659,351,258.587,134,248.08,57.325435,-103.538299,-0.003074,0.06077
21808,352,309.737,149,250.12,61.470878,-104.234433,0.003685,0.060665
21936,353,276.965,128,252.03,61.58996,-104.372557,0.003099,0.060416
22068,354,262.493,132,254.28,58.606275,-104.929351,0.005006,0.060219
22221,355,339.001,153,256.86,58.627387,-105.523016,-0.001509,0.060312
22475,356,168.627,254,261.19,58.708075,-106.108196,0.007141,0.059583
22640,357,313.481,165,264.07,58.043681,-106.775413,0.003842,0.059245
22760,358,255.566,120,266.14,58.513266,-107.297607,0.002876,0.059049
22878,359,237.425,118,268.13,58.908823,-107.653655,0.014765,0.058292
23046,360,308.487,168,270.47,56.524233,-108.09659,0.007378,0.057676
23186,361,217.212,140,272.36,56.673431,-108.551212,0.012267,0.05684
23325,362,281.856,139,274.29,57.175723,-108.719956,0.00156,0.056663
23474,363,310.649,149,276.41,56.946177,-109.376019,0.00798,0.056092
23600,364,198.668,126,278.23,57.042992,-109.801246,0.010774,0.055388
23761,365,215.428,161,280.52,56.415217,-110.121786,0.008927,0.054581
23854,366,182.132,93,281.84,52.778382,-110.26379,0.000962,0.054574
24022,367,261.067,168,284.31,58.255233,-110.856106,0.004329,0.054072
24109,368,73.279,87,285.62,55.508353,-111.149245,0.003049,0.053914
24300,369,372.192,191,288.39,57.681075,-111.631084,0.00496,0.053413
24437,370,212.324,137,290.27,58.010007,-112.037195,-0.009488,0.054038
24574,371,254.078,137,292.12,54.515524,-112.489755,0.00459,0.053772
24677,372,154.367,103,293.48,55.367012,-112.559609,0.00281,0.053617
24824,373,298.41,147,295.49,56.558253,-112.748071,0.004152,0.053139
24942,374,225.732,118,297.15,57.205354,-113.131546,-0.001694,0.053353
25100,375,240.493,158,299.27,55.551497,-113.672065,0.002228,0.053032
25287,376,58.888,187,302.04,52.912818,-114.111202,-0.000257,0.053211
25384,377,108.253,97,303.48,51.348697,-114.517868,-0.010806,0.053741
25536,378,274.016,152,305.76,53.880399,-114.633325,0.007901,0.053036
25654,379,223.633,118,307.48,53.667516,-115.043473,0.002151,0.052845
25871,380,392.447,217,310.61,52.930172,-115.111751,0.006245,0.051873
26019,381,245.878,148,312.75,49.35184,-115.348276,0.00093,0.051835
26124,382,111.353,105,314.21,50.170181,-115.88177,-0.004578,0.052203
26228,383,25.333,104,315.66,49.900197,-115.667304,-0.002504,0.052274
26316,384,21.191,88,316.85,52.202312,-115.805849,0.001006,0.052245
26408,385,106.108,92,318.14,53.935987,-115.894471,-0.000149,0.05234
26468,386,75.848,60,318.96,50.172118,-115.702882,0.006246,0.052007
26618,387,226.713,150,320.95,50.69191,-115.765911,0.00162,0.051867
26782,388,266.695,164,323.15,51.345905,-115.999752,0.002469,0.051418
26932,389,245.093,150,325.18,50.166181,-116.23502,0.000772,0.051467
27082,390,221.317,150,327.37,52.929369,-116.121503,0.005624,0.050877
27560,391,232.645,478,334.75,49.741529,-116.123774,-0.00164,0.051443
27713,392,224.353,153,337.21,50.721827,-116.05907,0.002664,0.051163
27840,393,179.263,127,339.28,49.29312,-115.964151,0.00671,0.050559
28014,394,88.032,174,342.09,47.702579,-115.931986,0.002325,0.050276
28107,395,-12.767,93,343.55,51.930013,-115.744972,-0.006986,0.050617
28350,396,120.407,243,347.54,46.349224,-115.546042,-0.002977,0.051096
28501,397,259.325,151,349.92,44.076644,-115.779872,0.003376,0.050895
28684,398,312.046,183,352.79,46.223157,-115.472572,-0.000187,0.050921
28893,399,328.754,209,356.11,44.948803,-115.503462,0.004,0.050379
28970,400,3.797,77,357.37,45.255844,-115.003008,-0.001855,0.050318
29254,401,23.427,284,362.07,46.587614,-115.033978,0.001591,0.050117
29554,402,271.582,300,367.16,47.578268,-114.777188,0.001609,0.049819
29659,403,1.678,105,369.0,46.901482,-114.718283,-0.000467,0.049779
29937,404,407.241,278,374.02,45.985508,-114.518452,-0.000456,0.049846
30337,405,584.523,400,383.02,46.332295,-114.424366,0.003272,0.049013
30611,406,411.678,274,387.77,45.609003,-114.286904,0.001051,0.048823
31041,407,665.42,430,393.87,44.671973,-114.322926,0.004222,0.047517
31573,408,777.548,532,400.76,45.420607,-114.527988,0.004861,0.045791
31729,409,209.633,156,402.78,42.684319,-114.757982,-0.000718,0.04581
31849,410,26.118,120,404.34,42.530479,-114.677197,-0.00248,0.046137
32065,411,406.411,216,406.97,44.541989,-114.543336,-0.000568,0.046172
32409,412,710.575,344,411.45,43.080352,-114.686821,-0.004116,0.047161
32595,413,395.889,186,414.07,44.115993,-114.862076,0.002234,0.04683
32861,414,515.663,266,417.68,43.233227,-114.736862,0.001172,0.046556
33148,415,555.858,287,421.67,42.671442,-114.871682,0.000848,0.046367
33514,416,537.014,366,426.49,44.048578,-114.947858,-0.002422,0.047124
33704,417,375.024,190,429.01,41.706118,-115.35137,0.009318,0.045876
33979,418,512.704,275,432.99,41.463488,-115.330271,0.002931,0.045351
34191,419,395.706,212,436.03,42.514475,-115.349959,-0.000315,0.04544
34430,420,421.088,239,439.47,41.372437,-115.502723,-0.002113,0.04563
34710,421,502.841,280,443.62,42.196053,-115.949461,-9.4e-05,0.045753
35015,422,239.222,305,448.04,41.776954,-115.924648,0.005075,0.044651
35278,423,398.582,263,451.65,42.651224,-116.261207,0.003839,0.04399
35559,424,493.517,281,455.63,43.407423,-116.543334,-0.004081,0.044823
35779,425,400.98,220,458.6,41.708342,-116.437274,0.00617,0.043811
36034,426,423.383,255,462.06,41.234127,-116.787768,-0.002186,0.044192
36544,427,555.817,510,469.33,41.073259,-117.085761,0.000414,0.04408
36774,428,329.349,230,472.66,40.038523,-117.387683,0.002851,0.043584
36902,429,26.535,128,474.47,40.379502,-117.156362,0.001271,0.043499
36948,430,20.368,46,475.12,42.026996,-117.347432,0.00773,0.043312
37120,431,330.464,172,477.32,43.201629,-117.311194,0.002847,0.042865
37344,432,91.005,224,480.12,40.043208,-117.568637,0.003785,0.042181
37529,433,398.129,185,482.7,40.393846,-117.675366,0.001903,0.041997
37721,434,93.814,192,485.26,40.252546,-117.728897,0.001943,0.041673
37751,435,-2.951,30,485.66,39.03759,-118.099582,0.009519,0.041515
37924,436,84.568,173,488.04,40.079475,-117.708641,0.002252,0.041165
37982,437,0.016,58,488.82,42.448155,-117.783986,0.002028,0.041043
38167,438,262.9,185,492.5,42.131136,-117.682311,-0.002196,0.041297
38419,439,429.503,252,496.79,42.063328,-118.029956,0.001097,0.041061
38466,440,19.952,47,497.47,45.292406,-117.78169,-0.005802,0.041343
38597,441,187.058,131,499.42,41.823586,-117.885766,-0.004209,0.041742
38802,442,375.191,205,502.22,42.344032,-118.10946,-0.000729,0.041875
39010,443,378.904,208,505.09,40.426804,-117.960784,0.003138,0.041424
39135,444,169.609,125,507.02,40.398587,-118.054152,-0.005038,0.041761
39250,445,175.157,115,508.58,40.688139,-118.118494,-0.002755,0.042108
39296,446,18.792,46,509.25,38.488594,-118.216327,0.001227,0.042094
39497,447,367.273,201,512.18,40.915476,-118.196137,0.001234,0.041966
39617,448,72.445,120,513.9,39.648645,-117.826783,-0.002474,0.042168
39658,449,14.069,41,514.49,40.805689,-117.999092,0.001111,0.042145
40069,450,520.785,411,521.42,41.457034,-117.893511,-0.002553,0.042926
40368,451,509.634,299,525.4,38.783257,-117.709249,0.001575,0.042508
40603,452,293.677,235,528.69,37.405145,-117.525401,-0.002939,0.042982
40869,453,344.931,266,532.29,39.645483,-117.17528,-0.003463,0.043735
41089,454,370.739,220,535.64,36.861882,-117.005063,-0.008084,0.045055
41240,455,159.577,151,538.05,34.87642,-117.13287,0.002559,0.04484
41455,456,149.458,215,541.76,38.228375,-116.764603,0.000886,0.044633
41690,457,356.025,235,545.41,35.477142,-116.580358,-0.002449,0.045119
41931,458,429.571,241,549.34,37.636712,-116.470247,-0.006541,0.046229
42285,459,470.903,354,554.78,36.22402,-116.257774,0.001729,0.045775
42616,460,526.179,331,559.27,35.104461,-116.073088,-0.001335,0.046198
42879,461,507.46,263,562.83,32.931949,-116.016136,-0.002939,0.046613
43199,462,537.022,320,567.42,33.578755,-115.833878,-0.004338,0.047696
43398,463,364.701,199,570.24,36.1959,-115.897016,0.002119,0.047301
43882,464,682.372,484,577.34,34.16619,-115.936825,-0.001907,0.047897
44035,465,285.798,153,579.83,32.972239,-116.053169,-0.004979,0.048311
44366,466,503.598,331,584.96,33.031999,-115.960214,-0.000143,0.04856
44546,467,14.73,180,587.74,32.556099,-115.880303,-0.001925,0.048849
44802,468,434.243,256,591.53,34.069866,-115.993604,0.004805,0.047846
45043,469,407.526,241,594.87,32.715061,-116.015978,-0.000834,0.047932
45245,470,362.501,202,597.96,32.689622,-116.073726,0.006414,0.047189
45866,471,943.276,621,607.34,32.522918,-115.916626,0.006244,0.044915
46049,472,371.838,183,610.37,32.125203,-116.166759,0.002445,0.044434
47049,473,965.274,1000,626.33,31.733279,-115.935986,0.002796,0.042817
47288,474,440.032,239,630.02,30.560483,-116.030973,0.007665,0.041654
47989,475,925.936,701,638.96,30.607673,-116.066019,0.002652,0.04043
48275,476,531.863,286,642.66,30.672943,-115.902854,-0.000384,0.040502
48459,477,340.567,184,645.25,31.579934,-115.868424,0.003321,0.040103
48624,478,345.825,165,647.49,31.581345,-115.825854,-0.001891,0.040312
49221,479,928.381,597,655.64,30.254867,-115.953012,0.004019,0.038661
49436,480,431.543,215,658.29,30.301562,-115.723783,-0.005455,0.039385
49559,481,114.669,123,659.92,30.575246,-115.776123,0.002242,0.039275
49755,482,43.997,196,662.64,30.171353,-115.745753,-0.001187,0.039497
50062,483,627.221,307,668.72,29.675596,-115.495975,0.007555,0.037903
50242,484,283.373,180,671.44,30.244752,-115.418488,-0.001645,0.038086
50513,485,538.028,271,675.58,31.525157,-115.50689,0.002524,0.037573
50758,486,285.102,245,679.37,30.279689,-115.525098,0.003389,0.037056
50979,487,328.733,221,682.33,29.117209,-115.432658,-0.000193,0.037092
51113,488,158.307,134,684.13,29.727873,-115.517412,-0.00017,0.037084
51236,489,265.287,123,685.78,31.667561,-115.114064,-0.00488,0.037519
51442,490,347.442,206,688.36,30.372791,-115.105568,0.001039,0.037346
51661,491,50.672,219,691.5,31.11363,-115.239102,-0.002649,0.037823
51929,492,490.003,268,695.09,31.771758,-114.956505,-0.000557,0.037882
52143,493,421.872,214,698.15,31.04744,-114.907306,0.005417,0.037103
52461,494,654.733,318,702.96,31.008576,-114.718811,-0.000874,0.037229
52664,495,398.631,203,705.73,30.711175,-114.975662,-0.000773,0.03738
53003,496,512.988,339,710.89,30.702855,-114.82612,0.00093,0.037137
53176,497,373.955,173,713.63,30.379344,-114.539805,0.001098,0.037067
53479,498,558.071,303,718.27,31.868703,-114.853108,0.002837,0.036332
53665,499,351.513,186,721.02,31.895252,-114.925109,0.002568,0.036088
53874,500,449.207,209,724.19,31.344295,-114.985665,-0.000683,0.036118
54032,501,363.171,158,726.92,30.053625,-114.781125,0.001342,0.036079
54174,502,312.295,142,729.07,30.440503,-114.912311,-0.003001,0.036307
54302,503,244.359,128,730.85,30.09282,-114.570911,0.003808,0.035954
54568,504,568.758,266,734.72,30.524483,-114.764441,0.000729,0.035824
54717,505,331.301,149,736.92,30.088211,-114.902042,0.000445,0.035643
54922,506,-23.357,205,740.2,30.761746,-114.651608,0.001059,0.035636
55030,507,194.055,108,742.05,30.229951,-114.788146,-0.00274,0.035739
55303,508,541.217,273,746.47,29.695394,-114.819647,-0.003999,0.036561
55589,509,532.158,286,750.52,30.158337,-114.636234,-0.000936,0.036818
55767,510,413.282,178,752.95,30.430279,-114.637242,-0.004324,0.037401
56011,511,544.929,244,756.41,30.209293,-114.493109,0.005187,0.036503
56610,512,1071.224,599,764.41,30.645139,-114.560802,0.001203,0.035878
56851,513,594.704,241,767.73,30.597268,-114.400522,0.002636,0.035484
57226,514,769.006,375,773.75,29.199839,-114.507274,0.000815,0.03525
57432,515,324.978,206,776.94,29.559428,-114.759802,-0.001359,0.035409
57611,516,456.43,179,779.7,29.431842,-114.634241,0.00249,0.035142
57795,517,364.184,184,782.19,30.421265,-114.283584,-0.002295,0.035419
58104,518,560.996,309,786.34,29.685102,-114.504442,-0.002923,0.0361
58335,519,456.132,231,789.53,29.391914,-114.624018,-0.003138,0.036688
58555,520,527.815,220,792.6,29.776841,-114.341784,0.000456,0.036587
59052,521,989.383,497,799.99,29.268152,-114.461044,0.002905,0.035446
59264,522,395.082,212,803.0,28.188767,-114.551763,0.000899,0.035379
59468,523,417.929,204,805.9,28.521663,-114.251484,0.001725,0.035101
59617,524,322.791,149,808.27,27.856306,-114.575324,0.001625,0.034919
59864,525,538.393,247,811.65,28.119497,-114.500965,-0.001042,0.035083
60147,526,687.748,283,817.34,28.412666,-114.295676,-0.001785,0.035474
60284,527,398.255,137,819.17,29.233623,-114.354552,-0.002231,0.035677
60480,528,461.698,196,821.56,29.292044,-114.394927,-0.000844,0.035802
60620,529,268.151,140,823.24,29.370364,-114.689955,0.00062,0.03578
60816,530,504.855,196,825.94,29.205365,-114.220376,-0.004739,0.036524
61051,531,586.443,235,829.19,29.154208,-114.236024,-0.002374,0.037061
61238,532,246.617,187,832.8,28.341377,-114.360663,0.000556,0.03688
61441,533,487.974,203,835.88,29.818979,-114.270471,-0.001031,0.037118
61584,534,294.89,143,837.83,28.79003,-114.327036,4.3e-05,0.037111
61935,535,728.633,351,842.44,28.584846,-114.346425,-0.001268,0.037388
62179,536,369.433,244,845.61,28.8736,-114.458759,-0.002548,0.037923
62415,537,524.629,236,848.7,28.987679,-114.739489,0.000368,0.037794
62598,538,405.425,183,851.2,29.121519,-114.257521,0.002173,0.037557
62972,539,825.699,374,856.38,28.586428,-114.331819,4.1e-05,0.037513
63115,540,282.904,143,858.52,29.050287,-114.699436,0.002868,0.037232
63284,541,350.507,169,861.08,28.740312,-114.450977,-0.001511,0.037395
63650,542,808.624,366,865.99,29.116257,-114.702669,-0.002294,0.038074
63880,543,402.588,230,869.13,28.499218,-114.640211,-0.003063,0.038553
64125,544,591.991,245,872.38,27.985222,-114.867485,0.003975,0.037891
64371,545,560.157,246,875.8,28.151497,-114.827002,0.001471,0.037589
64576,546,452.163,205,878.65,27.959145,-114.857818,0.000839,0.037377
64700,547,241.715,124,880.44,28.343563,-115.048441,-0.002186,0.037646
64837,548,282.135,137,882.51,27.988901,-115.091728,-0.003092,0.037874
64950,549,240.596,113,884.15,27.514487,-114.914467,0.007827,0.037348
65158,550,413.716,208,887.05,27.666228,-115.073103,0.003204,0.036795
65393,551,427.364,235,890.62,27.945715,-115.146766,-0.001012,0.036916
65552,552,351.679,159,892.83,27.463746,-115.131937,-0.00127,0.037186
65658,553,214.99,106,894.36,27.088097,-115.006263,0.000959,0.037074
65768,554,210.361,110,895.87,27.222275,-115.10522,0.002851,0.036807
66002,555,600.328,234,898.96,28.015659,-115.245694,0.002323,0.036474
66178,556,367.717,176,901.4,28.04147,-115.287822,-0.000257,0.036521
66324,557,282.503,146,903.5,27.047995,-115.932035,-0.001322,0.036561
66439,558,191.444,115,905.14,27.071807,-115.455975,-0.004774,0.036987
66650,559,546.396,211,908.19,27.97999,-115.141197,-0.003704,0.037651
66774,560,232.278,124,909.99,27.297928,-115.374068,-0.001977,0.037692
66915,561,223.745,141,911.91,28.017808,-115.460982,-0.002026,0.037918
67097,562,453.361,182,914.43,26.794784,-115.401067,0.001147,0.03785
67261,563,332.8,164,916.8,26.836049,-115.560955,-0.000457,0.037782
67423,564,407.352,162,918.82,26.973394,-115.425324,-0.003372,0.038255
67586,565,344.105,163,921.0,26.958792,-115.413733,0.001158,0.038167
67764,566,385.492,178,923.47,27.035862,-115.37343,-0.005489,0.038853
68051,567,793.372,287,927.42,26.749921,-115.566393,-0.000356,0.038907
68347,568,794.8,296,931.75,27.168755,-115.837743,-0.004962,0.040057
68475,569,283.23,128,933.45,27.540947,-115.835021,0.000287,0.03996
68679,570,523.735,204,936.19,27.411382,-115.710579,0.001981,0.039753
68906,571,542.041,227,939.76,26.447951,-115.807136,-0.002164,0.040026
69153,572,503.704,247,943.63,26.586283,-115.876304,6.7e-05,0.039959
69276,573,287.369,123,945.58,27.053152,-115.754503,-0.001649,0.040179
69446,574,499.0,170,948.22,26.728794,-115.937804,-2e-05,0.0402
69581,575,339.387,135,950.37,26.018641,-116.052228,0.001441,0.03999
70001,576,805.8,420,958.44,26.484566,-115.948802,-0.001354,0.040366
70235,577,498.477,234,962.44,26.471092,-115.889979,-0.002607,0.040887
70609,578,1049.003,374,968.82,26.562786,-116.189701,0.000927,0.04062
70887,579,516.752,278,973.46,25.152219,-116.11681,-0.004908,0.041567
71506,580,1043.285,619,983.76,24.930512,-116.400608,0.001278,0.041042
71731,581,579.435,225,987.21,25.534354,-116.529165,-0.000102,0.040994
71876,582,295.187,145,989.43,24.333601,-116.585591,-0.001032,0.041155
72183,583,692.972,307,993.62,25.307287,-116.684602,0.00046,0.041077
72371,584,416.592,188,995.91,25.524884,-116.911457,0.003169,0.040561
72594,585,459.557,223,999.08,25.545254,-116.921505,-0.003169,0.041159
72815,586,561.011,221,1001.9,24.321875,-116.960766,0.001279,0.040979
73050,587,559.996,235,1004.95,25.053828,-117.039561,0.001585,0.040675
73319,588,561.34,269,1008.85,25.186814,-117.091597,-0.001839,0.041051
73520,589,489.78,201,1011.83,25.15019,-117.231083,-0.000248,0.041069
73722,590,550.628,202,1014.82,24.314758,-116.907261,-0.006254,0.04194
73968,591,595.304,246,1018.24,24.956136,-117.071039,0.001171,0.041693
74236,592,673.269,268,1021.86,25.022229,-116.986373,-0.002523,0.042069
74427,593,465.715,191,1024.2,24.391248,-117.268789,-0.000489,0.042254
74686,594,643.867,259,1027.6,24.811001,-117.366952,-0.001405,0.042525
74885,595,377.563,199,1030.35,24.585805,-117.377234,0.002613,0.042099
75221,596,652.667,336,1035.08,25.072815,-117.5283,-0.001877,0.042552
75417,597,406.146,196,1037.86,23.381883,-117.632809,-0.000466,0.042616
75986,598,567.226,569,1045.44,24.135552,-117.652091,-0.002121,0.043567
76265,599,616.744,279,1049.33,24.899045,-117.932647,0.00399,0.042633
76428,600,324.968,163,1051.72,24.51972,-117.835171,-0.00254,0.042968
76576,601,276.356,148,1053.89,23.105653,-117.926938,-0.001849,0.043191
77068,602,789.65,492,1060.89,24.640544,-118.066893,0.0042,0.041805
77242,603,446.502,174,1063.65,24.274843,-118.262504,0.001275,0.041647
77503,604,710.592,261,1067.59,24.237098,-118.287014,-0.001323,0.04183
77690,605,455.201,187,1070.46,24.245335,-118.340227,-0.003176,0.042201
77869,606,348.855,179,1073.11,23.538132,-118.475202,0.004156,0.041775
78695,607,1795.84,826,1085.68,23.989096,-118.683534,0.002398,0.04042
79615,608,1821.236,920,1100.57,23.662239,-119.438328,0.000114,0.040437
79891,609,593.57,276,1104.99,24.304903,-119.860941,-0.001933,0.040816
80105,610,538.184,214,1110.64,23.507486,-119.803593,0.003491,0.04025
80500,611,772.702,395,1116.27,23.31484,-120.188937,0.001178,0.039906
80713,612,434.352,213,1119.4,23.74977,-120.045774,0.002265,0.039553
80938,613,436.669,225,1122.74,23.142944,-120.23769,0.000579,0.039522
81284,614,919.276,346,1127.13,22.773359,-120.303333,-0.000218,0.039512
81440,615,283.078,156,1129.09,23.336789,-120.604866,0.002466,0.039226
81615,616,384.786,175,1131.46,23.121957,-120.617687,0.002172,0.039039
81779,617,335.624,164,1133.66,23.738349,-120.844079,-0.00423,0.039488
81955,618,333.722,176,1135.85,24.076427,-120.793145,-0.004935,0.040118
82112,619,292.993,157,1138.03,23.727895,-120.817571,-0.001059,0.040232
82427,620,762.416,315,1142.67,23.490448,-120.909725,0.001207,0.039881
82645,621,418.309,218,1145.84,23.69912,-121.091099,-0.004855,0.040614
82929,622,697.859,284,1149.77,24.037347,-121.199822,-0.001601,0.04099
83095,623,370.31,166,1151.94,24.653401,-121.187362,0.0032,0.040723
83296,624,478.34,201,1154.76,23.983968,-121.267434,0.006155,0.039856
83589,625,740.885,293,1158.95,24.166647,-121.491688,-0.001921,0.040143
83755,626,335.243,166,1161.5,23.98545,-121.640886,-0.000111,0.040193
83982,627,473.426,227,1164.9,23.58102,-121.76861,0.001916,0.039876
84139,628,325.113,157,1167.1,22.850318,-121.61862,-0.004233,0.040249
84339,629,517.264,200,1169.88,24.01647,-121.466466,-0.000706,0.040491
84525,630,372.789,186,1172.48,24.192359,-121.859679,-0.000185,0.040456
84947,631,1086.953,422,1178.03,24.739318,-121.874138,0.001654,0.039983
85182,632,543.75,235,1181.38,23.907381,-122.218615,0.001879,0.039692
85433,633,446.558,251,1184.95,24.132691,-122.290529,0.000864,0.039475
85635,634,441.327,202,1187.86,24.151147,-122.421625,-0.001416,0.039572
85827,635,403.901,192,1190.6,24.2993,-122.50353,-0.002277,0.039991
85975,636,260.27,148,1192.66,24.656286,-122.726962,-0.002483,0.040254
86129,637,381.637,154,1194.83,23.661742,-122.62614,0.005977,0.039664
86439,638,790.811,310,1199.18,24.50426,-122.568427,-0.00097,0.039833
86608,639,381.409,169,1201.39,23.654534,-122.539215,0.000276,0.039746
86776,640,423.654,168,1203.56,23.155826,-122.998999,0.00186,0.039517
87032,641,590.761,256,1206.85,24.747746,-122.918457,-0.000595,0.03973
87274,642,551.083,242,1210.09,24.481012,-122.920228,0.002315,0.039307
87529,643,725.01,255,1213.65,23.578805,-123.134875,-0.004265,0.040005
87746,644,512.137,217,1216.68,24.622599,-123.045993,0.00114,0.039927
87984,645,576.54,238,1220.12,24.137195,-123.496115,0.000818,0.039691
88210,646,549.032,226,1223.29,24.919332,-123.310631,-0.001034,0.039876
88409,647,349.04,199,1225.77,23.98675,-123.628811,0.002093,0.03965
88681,648,722.669,272,1229.23,24.458062,-123.577918,0.002778,0.039
88860,649,347.496,179,1231.64,24.704366,-123.476557,-0.004321,0.039617
89006,650,290.425,146,1233.55,25.231263,-123.61538,-0.001673,0.03969
89191,651,446.841,185,1235.91,25.96677,-123.480554,-0.00026,0.039798
89348,652,288.494,157,1238.15,25.365425,-123.98942,-0.001407,0.039944
89514,653,393.495,166,1240.55,24.420136,-124.123242,0.001025,0.039884
89800,654,801.179,286,1244.56,24.889857,-123.964839,0.001709,0.039532
89930,655,294.376,130,1246.33,24.693669,-123.88272,-0.004453,0.039886
90239,656,806.962,309,1252.08,24.633887,-124.056123,0.000384,0.039835
90440,657,512.779,201,1254.66,23.674557,-123.890657,0.002057,0.039453
90710,658,739.487,270,1258.12,24.565069,-124.443105,-0.004623,0.040443
90864,659,333.899,154,1260.16,24.408029,-124.222825,0.002706,0.040163
91127,660,768.184,263,1263.78,24.214973,-124.670378,0.001104,0.039934
91308,661,311.125,181,1266.34,23.915509,-124.576921,-0.001277,0.040108
91462,662,325.012,154,1268.6,24.741697,-124.184618,0.00222,0.039827
91641,663,357.595,179,1271.26,24.577873,-124.638072,-0.000132,0.039838
91840,664,454.158,199,1274.0,24.21749,-124.608515,0.002626,0.039485
92031,665,452.944,191,1276.54,24.170354,-124.62494,-0.00212,0.039814
92321,666,737.123,290,1280.57,24.657482,-124.76973,-0.00187,0.040186
92624,667,976.028,303,1284.6,24.640028,-124.934442,-7.6e-05,0.04023
92798,668,413.905,174,1287.0,24.642062,-124.846739,-0.001719,0.040401
93181,669,753.919,383,1292.88,24.773735,-125.143343,-0.001654,0.040896
93424,670,591.411,243,1296.9,25.279905,-125.237186,-0.002696,0.041388
93843,671,1069.52,419,1302.94,25.184164,-125.277682,0.001162,0.041128
94100,672,721.39,257,1306.88,25.512507,-125.284368,-0.003927,0.041884
94348,673,621.534,248,1310.55,24.809302,-125.528343,0.000996,0.04169
94641,674,783.131,293,1315.01,24.462876,-125.790948,0.002374,0.041251
94990,675,979.809,349,1320.34,24.468144,-125.717366,0.001112,0.040845
95279,676,724.117,289,1324.73,24.663235,-126.025187,-0.002809,0.041461
95563,677,728.619,284,1329.01,25.124791,-126.1575,0.001718,0.041228
95928,678,1039.91,365,1334.87,24.77091,-126.222525,-0.001238,0.041485
96153,679,579.831,225,1338.54,24.86166,-126.108934,-0.001933,0.041716
96300,680,331.762,147,1340.87,24.271571,-126.515104,0.001636,0.041695
96532,681,10.111,232,1344.81,24.842925,-126.420968,-0.001882,0.041875
96788,682,655.805,256,1348.41,25.734671,-126.579947,-0.002043,0.042338
96970,683,438.113,182,1351.02,25.501747,-126.874791,-0.003043,0.042674
97208,684,560.369,238,1354.43,25.558148,-126.563072,0.003167,0.042142
97563,685,887.858,355,1358.88,25.924238,-126.857535,0.001952,0.0417
97841,686,658.499,278,1362.6,25.348251,-126.96357,-0.00433,0.04259
98133,687,702.898,292,1366.43,25.676962,-127.336904,0.000527,0.042474
98471,688,770.547,338,1371.42,25.260048,-127.174515,0.001216,0.042103
98682,689,599.361,211,1374.51,25.469594,-127.565027,0.003302,0.041551
98865,690,482.196,183,1377.14,25.623044,-127.379856,0.001008,0.041423
99042,691,453.894,177,1379.44,25.962067,-127.66995,-0.003325,0.041805
99273,692,741.808,231,1382.39,27.073089,-127.717214,-0.004275,0.042629
99535,693,681.316,262,1385.79,26.604031,-127.72525,0.001958,0.04224
99893,694,1004.388,358,1390.28,26.228733,-127.846983,-0.002443,0.042916
100098,695,457.716,205,1394.76,25.66141,-128.038556,0.003511,0.042404
100421,696,863.984,323,1399.23,25.741789,-128.161619,-0.001726,0.042792
100596,697,397.579,175,1401.7,25.893769,-128.395976,0.002752,0.042538
100783,698,432.924,187,1404.28,26.889038,-128.417154,0.002757,0.042049
101110,699,523.046,327,1408.28,26.434405,-128.349803,0.002443,0.041403
101375,700,661.993,265,1412.45,27.2683,-128.774151,-0.003732,0.04229
101523,701,351.419,148,1414.82,26.565314,-128.518932,-0.001289,0.042503
101716,702,466.408,193,1417.96,25.527827,-128.730277,-0.001247,0.042531
101906,703,382.854,190,1421.15,25.595495,-128.828733,-0.002022,0.04283
102155,704,728.532,249,1425.41,26.221302,-128.822642,0.002697,0.042403
102405,705,623.27,250,1429.79,26.039383,-129.003158,0.001078,0.042132
102603,706,445.485,198,1433.54,26.309771,-129.175149,0.00221,0.041812
102814,707,583.501,211,1437.01,26.457312,-129.030256,0.000484,0.041753
103073,708,688.952,259,1441.05,26.459777,-129.068184,-0.001367,0.041961
103420,709,492.494,347,1446.77,26.045922,-129.328382,-0.001493,0.042369
103672,710,711.407,252,1450.6,26.186566,-129.587582,-0.002097,0.042737
103866,711,373.047,194,1453.73,25.812513,-129.70677,-0.000326,0.04285
104048,712,368.3,182,1456.85,26.899852,-129.491317,0.002363,0.042589
104329,713,568.733,281,1461.7,27.824123,-129.699526,0.000113,0.042523
104553,714,580.83,224,1465.47,26.249633,-129.738516,0.000994,0.042215
104729,715,388.175,176,1468.48,25.78781,-129.897041,-0.000301,0.042419
104959,716,664.848,230,1471.62,27.245248,-130.041086,0.004058,0.041663
105090,717,262.922,131,1473.35,28.343992,-130.434194,0.000113,0.041617
105317,718,582.867,227,1476.61,26.266205,-130.108766,-0.003686,0.042348
106065,719,1878.712,748,1487.22,27.056467,-130.369526,0.00072,0.041875
106275,720,448.779,210,1490.1,26.598901,-130.85231,-0.001576,0.042104
106507,721,670.12,232,1493.26,26.147241,-130.624599,0.001298,0.041876
106718,722,570.622,211,1496.21,26.59368,-130.874254,-0.000715,0.042009
107096,723,1251.63,378,1501.49,26.556632,-130.879893,-0.003215,0.042996
107325,724,560.222,229,1504.76,26.251233,-131.275706,-0.001736,0.043367
107766,725,1248.227,441,1511.16,26.499464,-131.048792,-0.000607,0.043419
107988,726,555.734,222,1514.21,26.986296,-131.531353,0.001906,0.043212
108170,727,506.221,182,1516.91,27.403182,-131.515459,-0.002184,0.043442
108442,728,627.704,272,1520.46,27.346991,-131.614199,0.002782,0.04291
108608,729,364.01,166,1522.48,27.047916,-131.56313,-0.004419,0.043502
108740,730,89.575,132,1524.17,28.814277,-131.535184,-0.000598,0.043502
109028,731,804.862,288,1528.6,28.231013,-131.874832,0.001419,0.043195
109332,732,952.968,304,1532.75,26.623372,-132.029384,0.000465,0.043091
109941,733,1911.251,609,1541.22,27.079682,-132.595773,-0.000483,0.043341
110184,734,582.499,243,1546.28,28.307775,-132.837916,-0.000715,0.043486
110568,735,819.7,384,1551.58,28.087757,-133.034803,0.000627,0.043313
110724,736,350.927,156,1553.92,27.774227,-133.117193,-0.003095,0.043542
111057,737,558.475,333,1558.78,28.575017,-133.24782,-0.000722,0.043865
111222,738,417.723,165,1561.14,27.266419,-133.54229,-0.000791,0.043959
111667,739,182.78,445,1567.11,27.953681,-133.733376,0.00113,0.043521
111905,740,613.123,238,1570.19,29.695501,-134.225439,0.002984,0.042922
112095,741,328.089,190,1572.55,28.677651,-134.071718,-0.005137,0.043751
112259,742,365.382,164,1574.68,30.721874,-133.99366,-0.000208,0.043708
112435,743,415.094,176,1577.17,29.067894,-134.30471,-0.001765,0.04396
112812,744,1210.772,377,1582.38,29.52665,-134.380681,-0.000394,0.044171
112985,745,373.312,173,1584.8,29.784878,-134.516173,-0.000471,0.044081
113153,746,432.899,168,1587.26,30.158162,-134.498797,-0.001794,0.044494
113478,747,675.607,325,1591.35,29.281796,-134.842177,0.00248,0.043851
113665,748,337.027,187,1593.72,29.227609,-134.985871,-0.002513,0.04415
113976,749,861.0,311,1597.87,29.046525,-135.079997,-0.00305,0.044846
114159,750,167.268,183,1600.3,29.661303,-135.2778,0.003199,0.044394
114285,751,280.545,126,1602.12,30.198517,-134.953439,-0.001417,0.04461
114454,752,333.062,169,1604.57,28.435916,-135.190544,0.000166,0.044539
114570,753,236.143,116,1606.24,30.001037,-134.951915,-0.000924,0.044614
114802,754,652.474,232,1609.58,29.466524,-135.211186,0.00239,0.044287
115229,755,1258.979,427,1615.33,30.927796,-135.498174,-0.002185,0.044988
115449,756,500.372,220,1618.23,32.168906,-135.517983,-0.004815,0.045812
115692,757,685.354,243,1621.27,29.711646,-135.229407,0.001285,0.045583
115881,758,417.624,189,1623.68,30.988895,-135.633648,-0.001595,0.045779
116035,759,355.214,154,1625.84,30.637447,-135.553685,4.9e-05,0.045787
116264,760,448.151,229,1629.1,30.786959,-135.873397,-0.000764,0.045834
116524,761,734.988,260,1632.84,29.372137,-135.869411,0.005104,0.044905
116680,762,355.042,156,1635.11,30.969931,-135.662834,-0.00266,0.045154
116836,763,285.255,156,1637.38,31.90922,-136.184944,-0.003039,0.045546
117157,764,721.17,321,1641.76,31.695884,-135.97204,0.00084,0.045314
117404,765,726.207,247,1645.09,31.645938,-136.112775,-0.002396,0.045727
117837,766,937.936,433,1651.4,29.753422,-136.401349,-0.00118,0.046214
117998,767,364.917,161,1653.82,30.610788,-137.143178,-0.003409,0.046658
118339,768,983.821,341,1658.63,30.689728,-136.678844,-0.002159,0.047176
118513,769,325.937,174,1661.28,31.96393,-136.715944,0.000817,0.047136
118799,770,402.688,286,1665.55,31.196183,-136.914993,0.001113,0.046935
119009,771,381.601,210,1668.65,31.511295,-136.659198,-0.003264,0.04749
119331,772,789.844,322,1673.69,31.71322,-136.909892,0.001828,0.047034
119578,773,640.471,247,1677.15,32.880463,-137.078764,-0.001982,0.047407
119947,774,727.161,369,1682.22,31.346504,-137.42268,0.002671,0.046668
120292,775,768.966,345,1690.06,31.446195,-137.607556,-0.000989,0.046815
120589,776,849.812,297,1694.74,30.500765,-137.428665,-0.002906,0.047507
120821,777,564.197,232,1698.27,32.558968,-137.493204,-0.001567,0.047863
121032,778,563.742,211,1701.97,32.664724,-138.050418,-0.001173,0.048057
121388,779,561.514,356,1708.04,31.416768,-138.010932,-0.000671,0.048293
121801,780,958.95,413,1714.45,31.165134,-137.877712,-0.000342,0.048402
122074,781,715.76,273,1718.83,31.809962,-137.810428,0.000804,0.048228
122548,782,1050.651,474,1725.7,32.089743,-138.142378,-0.000876,0.048589
123136,783,1967.53,588,1734.54,31.934907,-138.558348,-0.003511,0.050301
123464,784,1044.328,328,1739.49,33.805859,-138.960243,0.004341,0.049098
123752,785,754.611,288,1743.65,32.114893,-138.984185,-0.000894,0.049317
124057,786,972.173,305,1747.61,32.797129,-139.252587,0.001914,0.048905
124444,787,1252.105,387,1752.76,31.778464,-139.324653,-0.000838,0.049
124750,788,934.39,306,1756.47,31.620122,-139.497756,-0.000714,0.049291
124901,789,352.767,151,1758.51,31.210686,-139.70211,-0.00386,0.049641
125901,790,2959.444,1000,1773.51,32.383719,-139.868655,0.001152,0.048741
126162,791,715.375,261,1777.38,31.601873,-140.488861,-0.000439,0.048935
126485,792,906.447,323,1782.36,31.101448,-140.994937,0.000723,0.048563
127410,793,2699.977,925,1795.73,32.21913,-141.166713,-0.003013,0.050789
128207,794,2340.702,797,1808.17,32.348499,-141.931444,0.002704,0.049211
128654,795,1072.376,447,1815.61,32.048528,-142.35544,-0.000253,0.049249
129309,796,1798.152,655,1825.71,32.281378,-142.702261,0.000775,0.04891
129592,797,923.448,283,1830.06,32.572961,-143.253596,-0.001275,0.049239
129775,798,402.862,183,1832.39,31.845968,-143.445139,-0.003931,0.04975
130109,799,807.232,334,1838.59,34.058119,-143.422761,0.004391,0.048679
130291,800,502.215,182,1841.07,32.624612,-143.773738,-0.005752,0.049358
130692,801,1276.711,401,1846.86,32.746323,-143.62124,-0.002517,0.050237
131102,802,918.453,410,1852.79,33.436948,-144.244149,0.001738,0.049591
131357,803,721.363,255,1856.16,32.401607,-144.205984,-0.005374,0.050796
131624,804,817.895,267,1859.59,32.696189,-144.548675,0.001612,0.050519
131920,805,851.923,296,1863.8,33.900299,-144.877432,0.00103,0.050112
132325,806,904.302,405,1869.65,32.828395,-145.227863,0.001181,0.049801
132729,807,982.394,404,1875.61,33.079315,-145.385826,0.00111,0.049526
132943,808,620.088,214,1878.63,35.927249,-145.454915,-0.003106,0.050016
133158,809,638.631,215,1881.74,34.142213,-145.413773,0.002569,0.049552
133866,810,2217.607,708,1892.31,33.339333,-145.848348,-0.00047,0.049804
134089,811,625.588,223,1895.66,34.381235,-146.349535,0.001458,0.049514
134897,812,2557.004,808,1907.49,33.687479,-146.957326,-0.000894,0.050042
135400,813,1537.085,503,1914.09,34.598678,-147.290714,-0.000148,0.050214
135828,814,1428.658,428,1920.43,33.497191,-147.843924,0.000128,0.050169
136076,815,824.665,248,1923.93,35.181918,-147.904139,-0.000646,0.050211
136619,816,1358.467,543,1931.08,33.464438,-148.305777,-0.000412,0.050515
136888,817,772.492,269,1934.57,34.418596,-148.874339,-0.006027,0.051837
137357,818,1543.615,469,1940.71,34.145426,-149.125176,-0.000523,0.05218
137607,819,606.243,250,1944.34,34.492214,-149.369315,0.003099,0.051398
137940,820,981.38,333,1949.04,35.182621,-149.797831,0.004119,0.050262
138109,821,340.243,169,1951.36,35.312145,-149.675198,-0.003234,0.050709
138314,822,535.871,205,1954.19,35.617315,-150.120302,-0.004488,0.051525
138606,823,857.567,292,1957.94,33.973863,-150.177965,-0.001195,0.051763
139011,824,1324.488,405,1963.11,34.294938,-150.211414,-0.001436,0.052294
139259,825,688.72,248,1966.55,35.147588,-150.386362,0.002834,0.051798
139571,826,933.849,312,1971.0,35.956567,-150.804936,-0.000557,0.051968
139812,827,731.756,241,1974.54,33.942071,-150.92998,0.001619,0.051606
140025,828,506.085,213,1979.3,33.121482,-151.500642,-0.001863,0.051985
140325,829,900.072,300,1983.26,33.703089,-151.622627,-0.00267,0.052501
140648,830,744.7,323,1987.39,35.005384,-151.600218,0.000414,0.052593
140862,831,614.02,214,1990.23,34.385258,-151.982766,0.000514,0.052366
141732,832,2754.081,870,2002.74,34.8566,-152.297258,0.0004,0.052111
142262,833,1599.621,530,2009.58,34.427538,-153.20329,-0.001601,0.052857
142652,834,1093.552,390,2015.71,33.710907,-153.640756,-0.004314,0.054137
143487,835,2855.574,835,2028.54,35.189443,-154.242017,0.00193,0.052912
144487,836,3404.354,1000,2045.96,34.915771,-155.293747,-0.000614,0.05342
145192,837,2330.04,705,2057.95,36.121157,-156.016943,-0.000962,0.053876
145770,838,1610.833,578,2067.91,35.181663,-156.7536,-0.000432,0.054099
146183,839,1324.07,413,2073.32,35.128612,-157.170928,0.001745,0.053592
146454,840,833.911,271,2077.13,35.720567,-157.483539,-0.003015,0.054199
146944,841,1474.153,490,2083.93,35.580215,-157.848242,0.001124,0.053722
147066,842,98.414,122,2085.52,34.824504,-158.469687,0.006582,0.05305
147329,843,778.345,263,2088.96,35.840565,-158.445374,-0.003724,0.053893
147562,844,525.428,233,2091.82,40.196719,-158.722956,0.000377,0.053778
147759,845,600.824,197,2094.19,34.733219,-158.919457,-0.004812,0.05452
148105,846,1107.523,346,2098.93,36.067058,-159.136659,0.004779,0.053408
148819,847,2403.739,714,2109.29,36.652228,-159.999387,-0.001467,0.054033
149819,848,3389.619,1000,2123.44,36.16118,-160.815384,0.000977,0.053317
149942,849,297.707,123,2125.24,34.044879,-161.863287,-0.003221,0.053629
150546,850,1942.791,604,2137.25,36.450254,-161.676215,-0.001488,0.054309
150926,851,967.267,380,2143.13,36.33789,-162.304852,0.000369,0.054247
151186,852,807.409,260,2147.11,36.520233,-162.776404,-0.000823,0.05434
151562,853,1185.534,376,2153.02,37.080981,-162.89003,-0.002318,0.055108
151798,854,774.388,236,2156.7,36.089795,-163.024645,0.004542,0.054245
152346,855,2002.637,548,2165.88,36.945401,-163.392401,0.001247,0.053671
152818,856,1614.084,472,2174.13,35.540975,-163.998214,-0.001848,0.054304
153069,857,766.228,251,2178.62,37.399371,-164.354097,-0.00209,0.054907
154016,858,3333.376,947,2194.36,36.572043,-164.823861,-0.00208,0.056488
154428,859,1386.748,412,2200.08,37.447969,-165.635204,-0.001035,0.056867
154897,860,1377.999,469,2206.57,37.456624,-166.081376,0.002884,0.05578
155049,861,373.113,152,2208.59,38.926661,-165.464945,-0.003804,0.056236
155320,862,845.57,271,2212.64,37.261808,-166.366396,-0.005813,0.057534
156049,863,2433.339,729,2223.47,38.528731,-166.834302,0.003774,0.055346
156274,864,722.728,225,2226.72,36.007497,-167.389159,-0.003163,0.055866
156686,865,1221.678,412,2232.61,38.023742,-167.876187,-0.002655,0.05682
157273,866,2092.12,587,2241.39,38.485308,-168.296813,-0.002382,0.058083
157442,867,311.061,169,2243.95,36.892243,-168.818762,0.001625,0.057888
157821,868,1379.298,379,2249.72,36.772747,-168.99716,0.003389,0.056661
157982,869,304.976,161,2252.2,37.854887,-168.5875,0.00068,0.056547
158379,870,1272.527,397,2258.06,39.47389,-169.172034,0.000719,0.056304
158934,871,1907.17,555,2265.91,38.461473,-169.497009,0.000535,0.056099
159217,872,931.556,283,2270.19,39.407637,-169.730944,-0.005404,0.057367
159541,873,873.795,324,2274.95,38.01198,-170.18318,0.00119,0.057068
159743,874,493.86,202,2277.86,39.338964,-170.325646,-0.002404,0.057487
160108,875,1173.371,365,2286.02,39.078523,-170.533138,0.000348,0.0574
160250,876,247.76,142,2287.89,39.60541,-170.495481,0.003501,0.057024
160523,877,804.536,273,2291.56,38.526321,-170.862321,-0.001157,0.057138
160684,878,408.296,161,2293.96,38.820974,-170.719469,-0.002747,0.057609
160981,879,758.959,297,2298.46,37.919815,-171.170111,-0.000253,0.057758
161294,880,890.9,313,2302.92,39.628273,-171.098555,-0.002693,0.0583
161945,881,2208.194,651,2311.49,39.809778,-171.430814,-0.000545,0.058685
162254,882,862.734,309,2315.84,39.565161,-171.953636,0.000604,0.058402
163045,883,2797.607,791,2327.28,39.343548,-172.559848,0.000317,0.058413
163956,884,3023.8,911,2339.0,38.592701,-173.413799,-0.001,0.059152
164238,885,896.476,282,2343.04,38.856976,-173.687146,0.004667,0.058054
164645,886,1225.709,407,2349.07,38.820261,-173.772912,-0.004663,0.059565
165049,887,1318.592,404,2354.73,40.887182,-174.405875,0.000766,0.059348
165838,888,2550.193,789,2365.47,39.82567,-174.687405,0.001811,0.058031
166838,889,2806.448,1000,2380.85,40.434629,-175.314132,-0.000416,0.05849
167535,890,2064.45,697,2391.88,39.805624,-176.130466,-0.00336,0.060684
168048,891,1566.271,513,2400.01,39.658847,-176.220918,0.000849,0.060193
168659,892,1952.841,611,2409.86,40.184409,-176.713842,0.000508,0.05996
169659,893,3382.81,1000,2426.85,40.768245,-177.31558,0.000296,0.059751
170035,894,1074.319,376,2436.42,42.267304,-177.615436,-0.000598,0.059862
170454,895,1321.985,419,2441.81,40.422223,-178.033806,-0.000576,0.060034
170797,896,1000.745,343,2446.09,40.124505,-178.525085,-0.002763,0.060749
171128,897,978.134,331,2450.46,41.187072,-178.615039,-0.00031,0.060974
171655,898,1748.14,527,2457.76,40.794229,-178.942262,0.000917,0.060593
172001,899,1111.719,346,2462.72,39.363426,-179.23768,-0.00076,0.060821
172565,900,1915.841,564,2470.57,39.945237,-179.789551,-0.000882,0.061167
173294,901,2225.198,729,2481.02,40.569129,-179.703423,-0.001035,0.061832
173674,902,1068.503,380,2486.61,40.082018,-180.395731,0.000729,0.061671
174240,903,1726.326,566,2494.66,41.294121,-180.695271,0.0037,0.059794
174715,904,1462.37,475,2501.24,41.609038,-180.826332,0.003192,0.058537
175715,905,3175.094,1000,2514.99,41.538215,-181.577039,-0.002382,0.06046
176509,906,2539.904,794,2526.95,40.786059,-181.947707,-0.001972,0.061883
177509,907,3014.382,1000,2542.16,40.807463,-182.553791,-0.000771,0.062606
178120,908,2210.491,611,2551.11,40.984118,-183.51479,0.001064,0.062015
179120,909,3335.753,1000,2565.41,41.569339,-183.606919,0.001187,0.061031
180120,910,3080.326,1000,2582.01,41.35649,-184.485457,-0.001149,0.061905
180444,911,925.151,324,2586.32,42.030809,-185.125544,-0.003079,0.06283
181199,912,2407.786,755,2597.66,40.886186,-185.523234,0.003903,0.06035
181644,913,1481.29,445,2603.81,40.754913,-185.951489,-0.004662,0.062042
182644,914,3474.469,1000,2617.46,41.034025,-186.340634,0.000337,0.061953
183152,915,1794.127,508,2624.32,40.781301,-186.839894,-0.002996,0.062987
183651,916,1585.708,499,2632.84,41.472189,-187.162398,0.001231,0.062735
183959,917,1002.842,308,2637.6,39.937692,-187.740228,-0.00082,0.06289
184440,918,1748.824,481,2645.05,40.65798,-187.867182,0.001417,0.062303
185180,919,2525.226,740,2657.18,40.539125,-188.262459,0.000648,0.061781
185731,920,1695.664,551,2665.85,40.893906,-188.628636,-0.002623,0.063113
186155,921,1242.263,424,2672.31,40.379617,-189.221448,-0.001634,0.063753
186998,922,2866.292,843,2685.05,40.769303,-189.437927,0.003809,0.061034
187484,923,1671.292,486,2692.42,41.805638,-190.019566,-0.00041,0.061054
187990,924,1579.687,506,2700.44,41.111329,-190.206249,-0.003377,0.062738
188990,925,3293.526,1000,2716.77,40.835302,-190.854314,-0.000415,0.062973
189595,926,2062.671,605,2726.86,42.09079,-191.660579,-0.000259,0.06315
190595,927,3474.613,1000,2744.89,41.362261,-192.188834,0.000534,0.062661
191595,928,3154.685,1000,2758.27,41.07057,-193.126983,0.00066,0.062322
192297,929,2086.888,702,2767.52,41.216668,-193.631326,0.001581,0.06128
192662,930,1067.335,365,2772.25,42.658299,-193.927504,-0.000979,0.061611
193099,931,1356.033,437,2778.87,41.753421,-194.23537,-0.001577,0.062019
193755,932,2272.054,656,2788.69,41.284911,-194.936461,-0.001249,0.06271
194238,933,1592.844,483,2795.44,42.551828,-194.723388,0.000369,0.06255
194729,934,1824.606,491,2803.02,41.44082,-194.952766,0.005344,0.060389
194929,935,554.28,200,2806.32,41.31018,-195.636517,-0.000219,0.060231
195225,936,951.484,296,2810.86,43.707277,-195.507828,-0.000569,0.060573
195342,937,277.963,117,2812.77,41.043656,-195.629214,-0.007376,0.061026
196083,938,2694.09,741,2823.71,42.218899,-195.821521,-0.004005,0.063965
196553,939,1332.769,470,2829.72,41.191266,-196.255689,0.00544,0.061571
197553,940,3306.516,1000,2844.38,41.695636,-196.62703,0.000736,0.061058
198296,941,2444.833,743,2855.69,42.075155,-197.14913,-0.002807,0.062834
198568,942,843.104,272,2859.9,40.97397,-197.643525,0.000834,0.062658
199568,943,3660.69,1000,2874.87,42.018025,-197.800524,4.6e-05,0.062539
200473,944,3029.514,905,2896.33,42.778619,-198.470811,0.000631,0.062136
201044,945,1814.22,571,2905.64,43.576052,-198.851843,0.000524,0.061905
201352,946,963.179,308,2910.36,41.880131,-199.18348,0.002279,0.061135
201461,947,239.078,109,2911.93,42.025903,-199.10029,0.002392,0.061018
202031,948,1753.708,570,2920.34,42.281057,-199.554489,-0.000458,0.0612
202797,949,2355.702,766,2930.64,41.838374,-199.794489,-0.000249,0.061268
203188,950,1246.986,391,2936.0,42.695251,-200.324671,-0.000596,0.0616
204188,951,3464.853,1000,2950.48,43.452832,-200.474023,-0.00067,0.062178
204624,952,1267.148,436,2956.77,42.572883,-200.915793,-0.000284,0.062327
204960,953,1145.282,336,2961.24,41.388759,-200.838387,0.002032,0.0618
205960,954,3552.329,1000,2975.86,42.381925,-201.595248,-0.003085,0.064289
206960,955,3238.46,1000,2990.08,42.756705,-201.817612,0.000697,0.063775
207960,956,3665.553,1000,3003.93,42.111935,-202.654346,0.002534,0.061733
208960,957,3574.352,1000,3017.76,43.60396,-203.064245,0.000599,0.061144
209910,958,3424.317,950,3030.33,41.998874,-203.974836,-0.000777,0.061952
210545,959,1977.354,635,3044.69,42.104699,-204.050888,-0.000125,0.061865
211545,960,3436.339,1000,3058.38,42.530845,-204.594862,-4.4e-05,0.061941
212411,961,2844.232,866,3070.44,43.045326,-205.001295,0.000375,0.061751
212755,962,1141.791,344,3075.6,42.532449,-205.584647,0.001407,0.061333
213427,963,2251.803,672,3085.09,41.761857,-205.62788,-0.001981,0.062354
214427,964,3355.782,1000,3099.54,42.233278,-206.083059,-0.001911,0.063936
215427,965,3298.596,1000,3114.78,42.79484,-206.509718,-0.00101,0.064958
216183,966,2366.852,756,3127.78,42.020309,-207.063966,0.002518,0.06326
216779,967,1953.595,596,3138.28,41.197933,-207.660436,0.001569,0.062479
217170,968,1274.526,391,3145.29,43.975761,-207.692717,-0.000205,0.062458
217394,969,741.901,224,3149.08,42.753372,-208.504429,0.003045,0.061988
218394,970,3128.176,1000,3163.73,42.389991,-208.283815,0.001048,0.061006
219394,971,3627.657,1000,3177.4,42.894372,-208.754753,-0.000414,0.061409
220052,972,2431.156,658,3192.84,42.631861,-209.026898,-0.001689,0.062334
220631,973,1766.38,579,3200.93,42.741066,-209.390969,0.000713,0.061925
221631,974,2940.236,1000,3216.68,42.123776,-209.785354,-0.000163,0.062053
222010,975,1324.531,379,3223.15,42.079527,-210.216352,-0.002287,0.062858
222858,976,2641.788,848,3237.87,43.112862,-210.236434,0.002127,0.06143
223575,977,2416.263,717,3248.53,42.828708,-210.803601,-0.001511,0.062339
224110,978,1791.938,535,3256.48,43.08844,-211.276088,0.00165,0.061463
224391,979,844.006,281,3261.03,43.501321,-211.311275,0.000595,0.061318
225391,980,3325.923,1000,3276.36,42.930119,-211.490693,-0.000648,0.061925
226391,981,3370.476,1000,3290.01,42.625396,-212.141656,0.000556,0.061348
227391,982,3205.408,1000,3304.07,42.913044,-212.421843,0.002621,0.059095
228347,983,3073.629,956,3317.53,43.684464,-213.346647,-0.001576,0.060551
228820,984,1237.433,473,3324.46,44.076663,-213.169865,-0.000468,0.060598
229546,985,2532.937,726,3334.44,42.088695,-213.647777,0.00078,0.060262
230546,986,3473.239,1000,3352.08,43.811757,-214.263417,-0.001693,0.061742
231286,987,2605.612,740,3361.58,43.160052,-214.416755,0.000856,0.061105
231718,988,1314.969,432,3367.66,42.859443,-215.115555,0.000304,0.060927
232286,989,1891.334,568,3375.8,43.084148,-214.826103,-0.002014,0.061956
232840,990,1831.091,554,3383.26,43.429103,-215.151627,-0.000218,0.062137
233383,991,1871.439,543,3390.46,43.377338,-215.732584,0.000719,0.061808
234383,992,3359.37,1000,3404.94,42.472714,-216.021265,-0.000386,0.062192
235282,993,3070.647,899,3417.85,42.710604,-216.2945,0.001545,0.060884
236282,994,3525.559,1000,3431.41,42.964458,-217.028341,-0.00129,0.062002
237282,995,3730.574,1000,3446.66,42.187131,-217.61478,0.000155,0.061813
237504,996,559.685,222,3449.9,45.255145,-217.512688,0.005251,0.061117
238504,997,3489.191,1000,3465.15,43.671572,-217.873771,-0.001288,0.062154
239504,998,3313.914,1000,3479.37,43.177848,-218.409148,0.001878,0.060324
240504,999,3622.459,1000,3502.63,43.158641,-218.988003,-0.001535,0.06177
241504,1000,3382.652,1000,3516.76,42.906229,-219.216395,0.001176,0.060728
242504,1001,3502.946,1000,3531.29,42.974574,-219.901939,0.001419,0.05944
243111,1002,2157.53,607,3540.11,42.904573,-220.577275,-0.004067,0.061601
244111,1003,3189.153,1000,3553.97,42.432734,-220.858647,0.001359,0.060581
244566,1004,1388.805,455,3560.58,42.42955,-221.166301,-0.000986,0.060807
245153,1005,1957.653,587,3568.45,42.48515,-221.706866,-0.000688,0.061358
246153,1006,3609.989,1000,3583.88,43.06796,-221.919968,0.001351,0.060101
247153,1007,3349.996,1000,3599.0,42.630356,-222.718469,-0.000625,0.06056
248153,1008,3882.478,1000,3613.58,42.332538,-223.293772,0.000332,0.060363
249153,1009,3594.66,1000,3629.04,42.551787,-223.582915,0.001261,0.059336
249942,1010,2911.966,789,3640.29,42.200994,-224.532656,-0.000776,0.05982
250942,1011,3682.714,1000,3659.88,42.775911,-224.509459,-0.000971,0.0607
251905,1012,3590.34,963,3674.28,43.219343,-225.118118,-0.001324,0.061971
252905,1013,3425.066,1000,3688.92,42.558122,-225.803096,0.001512,0.060415
253803,1014,3434.776,898,3701.84,43.609914,-226.208712,0.000717,0.059794
254803,1015,3418.343,1000,3715.57,42.072717,-226.831947,0.001694,0.058345
255643,1016,2928.889,840,3727.19,41.829147,-227.280359,-0.000692,0.058845
256643,1017,3553.387,1000,3740.84,42.455975,-228.018371,-0.002684,0.061284
257643,1018,3413.124,1000,3754.34,41.77914,-228.41622,0.001002,0.060523
258643,1019,3655.163,1000,3768.3,41.803909,-228.846864,0.000645,0.059863
259643,1020,3442.742,1000,3781.49,41.179623,-229.424024,0.000206,0.059595
259972,1021,902.367,329,3785.8,42.258848,-229.70954,0.001835,0.059124
260972,1022,3550.774,1000,3805.64,42.30985,-229.921095,-0.001393,0.060342
261972,1023,3607.622,1000,3819.52,41.671377,-230.424242,0.001134,0.059228
262219,1024,752.265,247,3823.03,42.01401,-230.553712,-0.002756,0.059954
262805,1025,1846.907,586,3832.27,42.015712,-231.230571,-0.001028,0.06048
263139,1026,987.728,334,3837.52,41.869413,-231.071239,-0.00188,0.061112
264139,1027,3435.84,1000,3854.76,41.548541,-231.082871,0.002546,0.058772
264551,1028,1551.994,412,3861.99,43.440869,-231.564512,-0.001336,0.059321
265551,1029,3414.61,1000,3877.21,42.201948,-231.805916,0.000241,0.059129
265797,1030,781.041,246,3880.79,41.221595,-232.224463,-0.00115,0.059364
266797,1031,3618.037,1000,3893.99,42.542748,-232.326349,0.000528,0.058761
266973,1032,396.958,176,3896.42,42.966186,-232.140667,0.000387,0.058829
267973,1033,3630.866,1000,3910.44,41.937607,-233.055279,-0.000154,0.059004
268973,1034,3362.621,1000,3923.79,41.543435,-233.439012,0.000573,0.058502
269459,1035,1387.03,486,3930.62,42.309618,-233.278629,0.001018,0.058125
270459,1036,3781.247,1000,3952.39,42.150904,-233.912695,-0.00286,0.060498
271459,1037,3354.343,1000,3967.58,41.927528,-234.281004,2.6e-05,0.060465
272459,1038,3384.924,1000,3982.29,42.291634,-234.536138,-0.000388,0.060815
273007,1039,2012.234,548,3990.39,42.466784,-235.135099,-0.001713,0.06172
273191,1040,464.773,184,3993.23,42.846426,-235.022053,0.007335,0.060619
273933,1041,2644.21,742,4003.79,41.512343,-235.249186,0.000735,0.06003
274933,1042,3708.688,1000,4017.76,41.009006,-235.247498,0.000592,0.059582
275933,1043,3496.797,1000,4031.95,41.852927,-235.936173,-0.000592,0.06012
276226,1044,920.619,293,4036.38,41.605044,-236.030785,-0.001492,0.060508
277226,1045,3601.798,1000,4050.99,41.383004,-236.075677,0.000317,0.06027
278226,1046,3723.12,1000,4065.64,41.098316,-236.639696,-0.000213,0.060448
279226,1047,3349.87,1000,4079.51,41.689185,-236.92351,-0.000227,0.060634
279559,1048,1019.17,333,4084.18,42.514917,-236.697703,0.001149,0.060182
280559,1049,3396.499,1000,4103.92,43.21421,-237.221856,0.001606,0.058911
281330,1050,2852.03,771,4114.91,40.85431,-237.76088,-0.001273,0.059624
282072,1051,2653.103,742,4125.58,40.542578,-237.944809,0.000524,0.059326
282754,1052,2559.565,682,4134.72,40.373319,-238.056774,-0.002214,0.060693
283259,1053,1802.711,505,4141.91,41.434043,-238.570469,0.002935,0.059472
284259,1054,3727.422,1000,4155.72,40.469998,-238.452394,-0.002548,0.061566
285259,1055,3767.428,1000,4169.84,41.50096,-239.059593,0.003117,0.058828
285732,1056,1607.922,473,4177.21,43.308285,-238.510437,-0.002067,0.059829
286732,1057,3681.446,1000,4192.3,41.07398,-239.236192,-0.000571,0.060128
287732,1058,3695.947,1000,4207.78,41.502811,-239.506975,-9.1e-05,0.060224
288732,1059,3598.257,1000,4223.21,41.627541,-239.940373,-0.000582,0.060818
289732,1060,3710.712,1000,4237.06,40.111129,-240.454238,0.000394,0.060454
290732,1061,3787.628,1000,4255.14,40.477284,-240.467337,0.001929,0.058763
291320,1062,2081.58,588,4262.96,42.706618,-240.961586,-0.000348,0.058817
292320,1063,3301.266,1000,4276.32,40.951308,-241.053994,-0.000429,0.059349
293320,1064,3736.537,1000,4289.95,40.290471,-241.494576,0.001443,0.05805
294320,1065,3628.187,1000,4304.54,39.994789,-241.853906,-0.00237,0.060209
295320,1066,3740.99,1000,4320.09,40.704033,-242.117695,0.001231,0.058963
296320,1067,3658.391,1000,4335.71,40.208804,-242.722029,-0.000253,0.059253
296715,1068,1370.863,395,4342.1,40.060134,-242.918053,-0.000902,0.059619
297585,1069,3266.969,870,4354.88,40.344899,-243.02473,6.1e-05,0.059418
298585,1070,3878.921,1000,4368.57,40.198209,-243.157173,-0.000432,0.059935
299585,1071,3697.8,1000,4382.42,40.068325,-243.493611,-0.000892,0.060634
300585,1072,3798.689,1000,4401.74,40.163811,-243.789676,0.001734,0.059221
301585,1073,3730.384,1000,4416.09,40.414987,-244.122878,-0.000848,0.059883
302585,1074,3784.305,1000,4429.66,39.731851,-244.387763,-0.000248,0.06018
303585,1075,3660.338,1000,4444.56,38.999929,-244.989661,0.000407,0.059813
304140,1076,2078.977,555,4451.73,39.619674,-245.157376,-0.0002,0.059908
305140,1077,3733.018,1000,4465.43,40.237105,-245.422252,0.0001,0.059912
306140,1078,3791.019,1000,4478.55,39.014708,-245.905574,0.002469,0.057777
306950,1079,2998.605,810,4490.6,38.982561,-245.830749,-0.002737,0.059671
307950,1080,3835.61,1000,4503.71,39.591899,-246.117166,-0.001608,0.061272
308950,1081,3854.999,1000,4517.38,38.917478,-246.753881,0.003086,0.058445
309950,1082,3866.27,1000,4531.12,40.079321,-246.873332,-0.001368,0.059757
310950,1083,3836.363,1000,4552.67,39.038038,-247.346806,0.000213,0.059587
311950,1084,3573.989,1000,4569.07,38.66489,-247.453762,0.00081,0.058839
312950,1085,3840.009,1000,4585.84,38.840105,-247.886511,5.4e-05,0.058734
313950,1086,3802.871,1000,4600.07,38.588126,-248.373287,0.000678,0.058132
314361,1087,1384.379,411,4605.57,37.891119,-248.366792,-0.00229,0.058989
314944,1088,2100.498,583,4612.99,38.4325,-248.82038,0.001004,0.058461
315944,1089,3867.361,1000,4627.14,38.805071,-249.010556,-0.001326,0.059611
316505,1090,1981.091,561,4634.48,39.830677,-248.96421,-0.001003,0.060279
317505,1091,3709.587,1000,4649.3,38.807667,-249.162128,-0.000691,0.060899
318160,1092,2295.553,655,4659.35,39.18727,-249.393127,0.003573,0.058785
318872,1093,2638.533,712,4670.31,38.918793,-249.783924,-0.002628,0.060305
319872,1094,3850.298,1000,4685.07,39.004487,-249.785389,-0.000404,0.060635
320453,1095,2179.744,581,4703.34,39.517201,-250.217691,0.001099,0.059971
321453,1096,3763.022,1000,4718.02,39.749405,-250.603368,-0.000524,0.060636
321980,1097,1984.841,527,4724.9,38.866433,-250.666539,0.002564,0.05938
322894,1098,3467.127,914,4737.91,39.559754,-250.555542,-0.001273,0.060423
323894,1099,3699.823,1000,4752.15,38.42476,-250.986686,-0.001949,0.062098
324150,1100,786.217,256,4755.96,38.205842,-251.432774,0.005592,0.060835
325031,1101,3380.996,881,4768.83,38.733196,-251.505089,-0.000701,0.061437
326031,1102,3680.164,1000,4782.59,38.808684,-251.590267,0.001582,0.059912
326689,1103,2576.805,658,4791.91,38.841702,-251.898133,-0.001087,0.060642
327032,1104,1206.287,343,4796.58,38.313123,-251.816162,0.002979,0.059755
327797,1105,2746.749,765,4807.01,37.973247,-252.165389,-0.000465,0.059835
328797,1106,3838.2,1000,4821.08,38.160389,-252.372504,-0.000444,0.060385
329797,1107,3713.988,1000,4834.86,38.678626,-252.866297,0.000486,0.059835
330797,1108,4008.305,1000,4854.56,38.43387,-253.080306,-0.000161,0.060246
331797,1109,3667.563,1000,4868.85,38.68808,-253.539041,-0.001588,0.06153
332797,1110,3681.135,1000,4882.71,39.046399,-253.463161,0.00015,0.061429
333136,1111,1061.987,339,4887.5,37.734012,-253.820326,0.002562,0.060645
334136,1112,3632.616,1000,4901.59,39.246181,-254.072389,0.000468,0.060213
335136,1113,3888.252,1000,4916.6,38.442655,-254.520528,-0.001767,0.061756
335874,1114,2785.713,738,4927.67,37.912807,-254.599591,0.000666,0.061384
336874,1115,3672.797,1000,4942.89,39.036645,-255.017507,0.000824,0.060682
337303,1116,1531.984,429,4949.46,38.302697,-255.27409,-0.000373,0.060792
338303,1117,3615.842,1000,4962.43,38.850258,-255.324327,-0.000782,0.061558
339303,1118,3471.581,1000,4976.84,38.326976,-255.367051,0.001233,0.060327
340303,1119,3615.038,1000,4994.27,38.299795,-255.427267,-0.000402,0.06082
341303,1120,3760.918,1000,5007.97,38.579194,-255.852418,0.000296,0.060539
342303,1121,3836.51,1000,5022.58,38.289351,-255.978892,-0.000722,0.061284
343303,1122,3683.137,1000,5038.4,38.031012,-256.231769,0.000125,0.060974
343671,1123,1365.206,368,5044.22,38.130646,-256.787386,-0.002274,0.061832
344671,1124,3833.582,1000,5060.15,37.801942,-256.626801,0.001622,0.060577
345096,1125,1514.724,425,5067.05,36.807586,-256.313873,-0.001238,0.060933
346096,1126,3628.687,1000,5081.14,38.165885,-256.850095,-0.000923,0.061795
347096,1127,3816.354,1000,5094.71,37.882524,-256.996879,7.5e-05,0.061751
348096,1128,3806.407,1000,5108.87,38.142689,-257.44408,0.001346,0.06061
349096,1129,3785.167,1000,5122.36,37.244393,-257.801864,-0.001594,0.061997
349776,1130,2352.753,680,5132.33,37.001077,-257.729835,0.003594,0.059757
350776,1131,3826.593,1000,5153.03,36.898161,-257.824943,-0.001009,0.060666
351776,1132,3424.867,1000,5171.0,37.035042,-258.333655,0.001469,0.059235
352566,1133,2937.178,790,5188.39,37.068073,-258.712502,-0.002982,0.061443
353566,1134,3819.448,1000,5213.1,37.734722,-258.766606,-0.002677,0.063799
353596,1135,13.636,30,5213.84,35.372742,-257.375766,-0.010065,0.064063
354596,1136,3738.306,1000,5227.52,38.194991,-259.015073,0.001254,0.063028
355596,1137,3647.293,1000,5241.99,37.256571,-259.452625,0.002691,0.06066
356297,1138,2466.959,701,5252.44,37.531967,-259.743672,0.002307,0.059329
357297,1139,3856.088,1000,5267.28,38.292838,-259.692324,-0.000339,0.059591
357666,1140,1306.602,369,5272.87,35.780404,-260.307049,0.000733,0.059245
358199,1141,1935.482,533,5280.74,37.214373,-259.953726,0.00171,0.05857
359199,1142,3592.214,1000,5295.91,36.555668,-260.240508,-0.002575,0.060815
359727,1143,1999.322,528,5304.88,36.838883,-260.486474,-0.001423,0.061686
360727,1144,3708.491,1000,5322.96,37.58249,-260.511858,0.002762,0.059167
361727,1145,3696.406,1000,5336.26,36.646323,-261.005534,-0.00109,0.060257
362727,1146,3568.465,1000,5350.22,37.202671,-260.982371,-0.001812,0.061897
362865,1147,248.238,138,5351.93,38.445364,-261.258672,-0.004753,0.062471
363865,1148,3832.361,1000,5365.2,36.89717,-261.15116,0.00157,0.060876
364865,1149,3736.121,1000,5380.74,36.985708,-261.79345,0.001064,0.060001
365865,1150,3612.796,1000,5396.68,37.083476,-261.813356,0.001689,0.058644
366865,1151,3619.154,1000,5413.87,36.968167,-262.160014,0.000935,0.057742
367865,1152,3767.437,1000,5431.05,36.540558,-262.581418,-0.002364,0.059804
368804,1153,3261.124,939,5443.06,36.104331,-262.47642,-0.000563,0.060417
369077,1154,579.48,273,5446.71,37.524244,-262.818604,0.00296,0.059551
370077,1155,3788.732,1000,5466.71,36.374814,-262.793357,-0.00134,0.060712
371077,1156,3811.259,1000,5481.55,36.231212,-263.292147,0.000715,0.060182
372077,1157,3729.054,1000,5495.94,37.306839,-263.517923,0.001071,0.059244
373077,1158,3743.25,1000,5510.37,36.089205,-263.509756,-0.000936,0.060161
374077,1159,3770.367,1000,5523.98,36.972976,-263.503212,-0.002158,0.062249
375077,1160,3820.601,1000,5537.71,36.549486,-263.72848,0.0019,0.060315
376077,1161,3559.737,1000,5550.48,37.348314,-264.280306,-0.000816,0.061157
377077,1162,3662.44,1000,5564.16,36.45859,-264.406278,0.001377,0.059923
378077,1163,3783.921,1000,5577.21,37.13918,-264.696945,-0.003149,0.062691
379077,1164,3601.087,1000,5590.85,37.12309,-264.964262,0.000859,0.06194
380077,1165,3839.047,1000,5608.7,35.937787,-265.023226,0.000987,0.061048
381077,1166,3626.112,1000,5624.58,35.94678,-265.51703,4.2e-05,0.061022
382077,1167,3706.35,1000,5641.51,36.59044,-265.649099,0.000101,0.060944
382766,1168,2501.076,689,5653.49,36.422545,-265.722511,0.00107,0.060185
383766,1169,3631.754,1000,5670.42,36.195879,-266.076003,-0.001178,0.061457
384443,1170,2484.703,677,5679.22,36.103888,-266.011117,0.001423,0.060496
385282,1171,3163.817,839,5690.08,35.843534,-266.258976,0.000264,0.060321
386282,1172,3704.2,1000,5704.14,35.400239,-266.272571,-0.002423,0.062572
387245,1173,3571.417,963,5717.68,36.278758,-266.508541,0.002895,0.060189
388245,1174,3586.105,1000,5732.04,35.668947,-267.165243,-0.001749,0.061737
388671,1175,1388.993,426,5738.79,36.821764,-266.891166,0.002771,0.060581
389671,1176,3793.856,1000,5754.41,35.619419,-267.315204,-0.000611,0.061106
390671,1177,3717.82,1000,5779.81,36.343124,-267.192985,-0.001864,0.06288
391671,1178,3751.585,1000,5795.2,36.306447,-267.701657,0.003854,0.059495
392671,1179,3755.985,1000,5808.42,36.113654,-267.978885,-0.001594,0.060778
393671,1180,3725.649,1000,5821.97,35.060901,-268.293032,0.000599,0.060377
394671,1181,3735.129,1000,5836.81,36.262033,-268.26379,-0.002195,0.062499
395671,1182,3834.911,1000,5851.25,35.983939,-268.577198,0.000521,0.061973
396671,1183,3795.062,1000,5865.23,35.948654,-268.770321,0.002521,0.059777
397671,1184,3745.716,1000,5878.94,35.549744,-268.993697,-0.000306,0.060072
398671,1185,3640.571,1000,5892.99,35.811775,-269.544663,-0.000923,0.060986
399010,1186,1047.967,339,5897.48,35.280317,-269.409667,0.003034,0.059833
400010,1187,3679.186,1000,5916.57,35.110181,-269.728453,0.000944,0.059055
401010,1188,3748.483,1000,5929.89,34.561506,-269.906586,4.5e-05,0.058962
402010,1189,3940.013,1000,5943.68,35.550396,-270.154174,-0.001902,0.060672
402694,1190,2316.578,684,5952.92,35.107911,-270.40245,0.002853,0.059165
403501,1191,3172.537,807,5964.08,35.087824,-270.568182,0.000805,0.058549
404038,1192,2007.022,537,5972.1,34.568394,-270.883131,-0.001255,0.059077
405038,1193,3838.29,1000,5987.81,34.592075,-270.921869,0.000735,0.058596
406038,1194,3674.257,1000,6003.74,35.157236,-270.892179,0.000338,0.058165
406868,1195,3164.271,830,6017.87,35.508712,-271.297068,-0.001485,0.059301
407868,1196,3726.31,1000,6034.42,34.853772,-271.630783,0.001451,0.058069
408314,1197,1668.487,446,6040.61,36.263822,-271.320788,0.000136,0.057939
409014,1198,2692.139,700,6050.22,35.929328,-271.909485,-0.002507,0.059471
410014,1199,3912.628,1000,6067.97,35.059844,-271.931872,0.001045,0.058679
411014,1200,3789.078,1000,6082.39,34.674236,-272.201993,0.000363,0.058273
412014,1201,3841.348,1000,6096.99,35.532712,-272.816731,-0.00146,0.059774
413014,1202,3740.715,1000,6112.4,35.943612,-272.639527,0.000669,0.059102
414014,1203,3835.333,1000,6128.7,36.199496,-272.764387,-0.000261,0.059251
415014,1204,3831.389,1000,6145.83,36.036091,-273.162553,0.000214,0.058947
416014,1205,3704.841,1000,6160.74,35.128075,-273.286943,-0.000528,0.059563
417014,1206,3725.055,1000,6174.8,34.335329,-273.672743,0.000832,0.058893
417866,1207,3232.975,852,6186.97,34.68083,-273.890977,-0.000978,0.059583
418866,1208,3662.959,1000,6201.35,35.017519,-274.172227,0.000941,0.05873
419866,1209,3783.285,1000,6215.77,35.619101,-274.281808,-0.001164,0.059649
420866,1210,3700.967,1000,6234.89,35.585233,-274.299245,-2.1e-05,0.059805
421866,1211,3843.055,1000,6248.74,34.880018,-274.4287,0.00149,0.058494
422866,1212,3897.109,1000,6262.07,34.757804,-274.869481,-7.6e-05,0.058456
423866,1213,3747.593,1000,6275.8,34.423162,-275.120425,0.000887,0.057771
424316,1214,1586.467,450,6281.47,34.952781,-275.537874,0.001281,0.057341
425266,1215,3698.876,950,6294.55,33.577422,-275.688633,-0.002098,0.058966
426266,1216,3877.039,1000,6307.71,34.754683,-275.764063,-0.001615,0.060468
426941,1217,2537.924,675,6317.48,34.163694,-275.618195,0.003375,0.05841
427941,1218,3863.39,1000,6331.6,33.341068,-276.281769,-0.001101,0.059319
428941,1219,3814.193,1000,6346.68,34.335337,-276.162867,0.001563,0.058085
429379,1220,1572.459,438,6353.56,34.469483,-276.183297,0.003178,0.056855
430379,1221,3953.554,1000,6375.55,34.33209,-276.786369,-0.001854,0.058338
431379,1222,3935.767,1000,6391.39,33.858127,-276.474264,0.001519,0.056986
432379,1223,3814.248,1000,6404.84,33.69416,-276.843892,-0.000741,0.057673
432798,1224,1525.031,419,6410.12,34.827517,-277.103873,0.000949,0.0574
433798,1225,3696.329,1000,6423.51,34.072801,-277.08103,0.00104,0.056346
434798,1226,3906.983,1000,6437.44,34.103742,-276.988525,-0.003643,0.05972
434917,1227,271.775,119,6439.04,35.935125,-276.975292,0.005303,0.059282
435917,1228,3789.827,1000,6453.56,34.823349,-277.204612,0.000729,0.058489
436026,1229,233.443,109,6455.21,32.920453,-277.08011,0.004694,0.058084
437026,1230,3764.392,1000,6470.71,34.322575,-277.337781,-0.000572,0.058424
438026,1231,3769.244,1000,6487.0,34.480164,-277.472462,0.000859,0.057701
439026,1232,3727.187,1000,6504.52,35.019671,-277.651194,0.001708,0.056153
440026,1233,3840.088,1000,6524.2,34.273655,-277.883117,-0.001258,0.057247
441026,1234,3847.798,1000,6537.59,34.116386,-278.108717,0.001053,0.056239
442026,1235,3628.154,1000,6551.74,34.431722,-278.50057,5e-06,0.056435
442585,1236,2034.192,559,6560.17,33.502853,-278.613139,0.000811,0.055955
443585,1237,3871.27,1000,6574.8,33.834179,-278.472987,-0.002809,0.058469
444537,1238,3717.951,952,6588.32,34.288059,-278.663542,0.000563,0.057926
445537,1239,3794.312,1000,6602.54,33.97849,-278.734084,0.000219,0.057912
446537,1240,3910.627,1000,6616.3,34.261723,-278.84541,-0.001089,0.05885
447452,1241,3539.028,915,6628.41,34.45175,-279.102823,-0.000812,0.059663
448452,1242,3887.333,1000,6642.18,34.4203,-279.095137,0.001455,0.058226
449452,1243,3934.132,1000,6655.25,34.246531,-279.057766,0.000181,0.058265
450452,1244,3800.102,1000,6672.76,34.886758,-279.499942,0.002443,0.05585
451452,1245,3684.984,1000,6685.96,34.832137,-279.787223,-0.003222,0.058679
452192,1246,2734.711,740,6697.3,34.32707,-279.874985,9.8e-05,0.058692
452915,1247,2654.275,723,6708.5,33.197652,-280.229329,0.000768,0.058174
453915,1248,3923.52,1000,6724.63,34.28792,-280.040962,-0.002166,0.060076
454915,1249,3753.985,1000,6741.63,33.296442,-280.277753,0.00147,0.058774
455915,1250,3885.093,1000,6756.45,34.622894,-280.278391,0.003101,0.056007
456341,1251,1480.859,426,6761.87,34.064419,-280.489833,-0.00143,0.056425
457224,1252,3399.641,883,6773.48,34.036482,-280.793982,-0.002089,0.0582
458224,1253,3892.753,1000,6786.93,34.472409,-280.505881,0.000103,0.058062
459224,1254,3836.971,1000,6801.08,33.962719,-281.155155,0.000148,0.057929
459895,1255,2700.682,671,6810.39,34.780022,-281.039969,0.00107,0.057297
460895,1256,3881.515,1000,6833.42,34.129576,-281.17817,-0.001807,0.05907
461714,1257,3038.346,819,6846.82,33.827892,-280.928821,-5.7e-05,0.059023
462432,1258,2720.156,718,6859.36,34.362957,-281.437523,0.000461,0.058734
463420,1259,3825.08,988,6874.41,33.756303,-281.358044,-0.000732,0.059303
464420,1260,3880.886,1000,6887.9,33.289886,-281.481398,0.002158,0.057345
465420,1261,3853.106,1000,6900.97,34.235883,-281.853243,-0.001985,0.059246
466420,1262,3898.836,1000,6915.77,34.042299,-281.723016,0.000287,0.05908
467420,1263,4058.636,1000,6929.66,33.413798,-282.149302,0.001951,0.057242
468420,1264,3957.563,1000,6944.29,34.284402,-282.453338,0.00148,0.055835
469420,1265,3741.13,1000,6958.29,34.452632,-282.554313,-0.001092,0.057015
470420,1266,4009.845,1000,6977.13,33.188309,-282.894454,0.000264,0.056731
471420,1267,3881.711,1000,6990.37,33.63229,-283.052145,-0.00206,0.058674
472059,1268,2450.931,639,7000.04,34.199294,-283.077095,0.001989,0.057641
473059,1269,3972.406,1000,7015.92,33.212371,-283.42827,-0.00076,0.058193
474059,1270,3823.415,1000,7029.98,32.778142,-283.237077,0.000714,0.057607
475059,1271,3859.682,1000,7046.04,33.415171,-283.431283,0.000867,0.056743
476059,1272,3816.143,1000,7061.14,33.715506,-283.860082,-0.00236,0.058984
477059,1273,3819.479,1000,7077.06,33.675018,-283.910132,0.002422,0.056677
478059,1274,3854.924,1000,7093.67,33.381615,-284.037683,-0.000873,0.057435
479059,1275,3795.414,1000,7110.55,32.881941,-284.529566,0.00135,0.056324
479621,1276,2081.758,562,7117.74,33.079915,-284.124894,-0.002317,0.057509
480621,1277,3949.272,1000,7136.96,33.041996,-284.546529,0.00028,0.057204
481232,1278,2169.639,611,7145.39,32.931743,-285.134418,-0.001922,0.058252
482232,1279,3791.423,1000,7159.55,32.546817,-284.779194,0.000145,0.058143
483232,1280,3996.441,1000,7175.01,33.414966,-285.188842,0.00092,0.057255
484112,1281,3233.237,880,7190.31,32.420673,-285.040604,-0.000186,0.057471
485112,1282,3814.339,1000,7207.53,33.026235,-285.342371,-0.000282,0.057706
486112,1283,3801.385,1000,7225.15,32.701582,-285.457315,-0.000625,0.058319
487112,1284,3877.114,1000,7239.04,33.184741,-285.787524,0.002996,0.055437
488112,1285,3944.297,1000,7252.61,32.165833,-285.834028,-0.002624,0.057906
488441,1286,1175.706,329,7257.01,31.889657,-286.154616,-0.004973,0.059339
489441,1287,3923.741,1000,7270.85,32.769916,-286.068416,0.00138,0.058008
490441,1288,3948.624,1000,7291.62,32.876623,-286.206602,0.001489,0.056778
491441,1289,4014.151,1000,7306.69,33.223122,-286.515371,0.001556,0.05538
492441,1290,3920.906,1000,7320.8,32.996326,-286.723763,-0.000636,0.055959
492835,1291,1409.724,394,7326.73,32.567761,-286.637059,-0.00338,0.057097
493835,1292,3891.086,1000,7340.06,32.493331,-286.785329,0.000284,0.056887
494835,1293,3843.589,1000,7354.13,32.75939,-287.161463,0.000933,0.056216
495835,1294,3860.656,1000,7367.59,34.099849,-287.198889,0.000562,0.055714
496835,1295,3748.581,1000,7381.61,32.548127,-287.460412,-0.000409,0.056045
497351,1296,1780.91,516,7388.85,32.500753,-287.458098,-0.003989,0.057878
498351,1297,3778.947,1000,7405.0,32.885489,-287.82094,0.001395,0.056796
499351,1298,3956.801,1000,7421.0,32.601167,-288.158094,0.000939,0.055887
500052,1299,2654.001,701,7437.88,33.169078,-288.092556,0.00025,0.055791
500410,1300,1212.584,358,7443.99,33.052182,-288.029014,-0.004251,0.057148
500740,1301,1054.288,330,7449.58,33.627858,-287.895881,0.004191,0.055871
501092,1302,1074.984,352,7455.51,34.106213,-288.112214,-0.001228,0.056151
501410,1303,1042.124,318,7460.89,32.422869,-288.235191,-0.001691,0.056667
502265,1304,3254.355,855,7473.59,32.365646,-288.206636,-0.000522,0.057108
502916,1305,2464.362,651,7481.71,33.245593,-288.332339,0.002541,0.055721
503916,1306,3889.785,1000,7495.23,32.933822,-288.307329,-6.3e-05,0.05575
504916,1307,3774.26,1000,7508.55,33.584293,-288.342502,0.000375,0.055367
505346,1308,1477.404,430,7514.71,33.823242,-288.40445,-0.00277,0.056576
506346,1309,3848.888,1000,7528.56,32.729575,-288.554307,-0.001347,0.057652
507346,1310,3901.273,1000,7544.13,33.68339,-288.456412,0.000996,0.056742
508182,1311,3094.72,836,7557.09,32.569219,-288.784546,0.000768,0.056059
509182,1312,4071.266,1000,7573.98,32.681327,-289.283721,-0.000775,0.056782
510182,1313,3770.773,1000,7595.28,32.771129,-288.921801,0.001165,0.055824
510925,1314,2826.219,743,7606.36,32.973407,-289.250803,-0.000747,0.056243
511925,1315,3979.036,1000,7620.49,33.166823,-289.208292,-0.001093,0.057359
512925,1316,3971.932,1000,7635.58,33.257115,-289.510402,-0.001264,0.058354
513925,1317,4011.308,1000,7650.35,32.901234,-289.150508,-0.000122,0.058345
514925,1318,3959.651,1000,7664.98,32.891216,-289.539532,0.001792,0.057049
515327,1319,1466.55,402,7670.72,33.470052,-289.775614,-0.001028,0.057438
516327,1320,3767.286,1000,7685.2,33.36833,-289.897235,-0.000168,0.057498
517327,1321,3907.931,1000,7698.51,32.552576,-290.052146,-0.003017,0.060176
518327,1322,4006.825,1000,7712.42,32.307117,-290.243602,0.002053,0.058494
519085,1323,2931.267,758,7722.07,33.801615,-290.291711,0.00162,0.057195
520085,1324,3950.805,1000,7741.67,33.003394,-290.449945,-0.000151,0.057584
521085,1325,3952.169,1000,7755.53,32.876828,-290.642636,0.00124,0.056378
522085,1326,4018.451,1000,7769.74,31.896554,-290.943649,0.000126,0.056377
523085,1327,3918.682,1000,7783.69,32.773369,-290.974225,-0.001118,0.057371
524085,1328,3787.454,1000,7798.12,33.294076,-291.203769,-0.002395,0.059405
525085,1329,4025.487,1000,7812.21,32.384685,-291.028444,0.003451,0.056458
526085,1330,3879.916,1000,7826.69,32.589567,-291.262544,-0.000279,0.056843
527085,1331,3667.474,1000,7840.81,32.541604,-291.611567,0.002365,0.054707
527277,1332,484.927,192,7843.42,32.942348,-291.387004,-0.002682,0.055058
528277,1333,3948.593,1000,7856.15,32.837523,-291.727839,0.000743,0.054549
529277,1334,3887.259,1000,7869.05,33.544008,-291.831323,-0.00358,0.057747
530277,1335,4021.635,1000,7886.54,33.298827,-292.01647,0.003232,0.054763
531277,1336,3892.005,1000,7901.28,33.342564,-292.016595,-0.000179,0.055107
532277,1337,3950.257,1000,7917.15,32.553896,-292.167374,-0.001193,0.056324
533277,1338,3989.082,1000,7931.82,32.751028,-292.610246,-0.000981,0.056911
533327,1339,53.076,50,7932.5,32.865439,-291.298769,-0.006753,0.057281
534327,1340,3888.293,1000,7946.06,32.391249,-292.726817,0.002028,0.055668
534392,1341,108.501,65,7946.94,33.15482,-292.807182,-0.007786,0.056027
534862,1342,1618.596,470,7953.26,31.59589,-293.015055,-0.001979,0.056872
534918,1343,58.519,56,7954.05,34.29824,-292.318786,-0.000747,0.05693
534982,1344,100.657,64,7954.97,32.345257,-293.0094,-0.003382,0.057036
535396,1345,1487.177,414,7960.96,33.342639,-292.833599,-0.002974,0.058388
535453,1346,58.428,57,7961.73,30.722129,-292.785381,0.003182,0.05827
535533,1347,95.931,80,7962.82,34.49217,-292.528706,0.010561,0.057316
535693,1348,354.212,160,7965.02,33.906619,-292.575386,-0.001688,0.057731
536693,1349,3921.354,1000,7978.15,34.201142,-292.765649,0.000854,0.056798
537693,1350,3896.825,1000,7992.27,34.53818,-292.661215,-0.000563,0.057373
538693,1351,3862.955,1000,8005.59,34.261502,-292.503389,-0.000791,0.058264
539693,1352,3901.415,1000,8019.83,33.35787,-292.906417,-0.000255,0.058597
540693,1353,3900.675,1000,8039.6,33.076865,-292.986199,0.002362,0.056514
541693,1354,3919.423,1000,8053.03,33.533435,-293.224382,-0.000909,0.057
542693,1355,3963.68,1000,8066.27,32.910344,-293.618225,-0.001023,0.058048
543571,1356,3594.307,878,8078.1,34.289401,-293.537453,0.000104,0.058002
544571,1357,3754.423,1000,8091.54,32.582074,-293.511083,-0.001462,0.059362
545571,1358,3892.611,1000,8104.87,32.889787,-294.283378,0.002477,0.057218
546571,1359,3950.894,1000,8118.9,32.783954,-294.06536,8.2e-05,0.057036
547571,1360,3871.273,1000,8133.51,33.277359,-294.183952,0.003032,0.054503
548571,1361,3987.448,1000,8149.22,33.121746,-294.264587,-0.001965,0.056313
549402,1362,3197.881,831,8162.89,32.592776,-294.736972,0.00057,0.0557
550402,1363,4002.086,1000,8186.91,32.767098,-294.8101,-0.002107,0.057702
551402,1364,3997.772,1000,8200.75,32.688241,-294.862451,0.000222,0.057568
552402,1365,3795.688,1000,8215.26,32.676707,-295.188177,0.000809,0.056761
553190,1366,3057.697,788,8225.95,32.783295,-294.955848,-0.001167,0.057534
554190,1367,4048.58,1000,8240.43,32.846521,-295.370368,-0.000441,0.057904
555190,1368,3797.807,1000,8254.5,32.959299,-295.692369,0.001011,0.057116
556190,1369,4023.5,1000,8268.19,32.853907,-295.71558,0.000482,0.056654
556558,1370,1238.424,368,8273.38,33.778401,-296.228803,0.001058,0.056201
556830,1371,713.269,272,8277.13,32.628979,-295.647328,0.003977,0.055328
557830,1372,4040.736,1000,8292.38,32.629727,-295.9357,-0.002433,0.057586
558830,1373,4005.6,1000,8308.52,32.951661,-296.222231,0.001665,0.056166
559830,1374,3794.174,1000,8322.88,32.891477,-296.407778,-0.002376,0.058247
560830,1375,4006.186,1000,8343.18,33.232083,-296.417458,0.00013,0.058231
561830,1376,3822.184,1000,8357.92,32.82622,-296.313714,0.003024,0.055396
562830,1377,4031.6,1000,8371.96,33.139275,-296.627761,-0.003281,0.058288
563830,1378,3792.078,1000,8386.02,32.391211,-296.658462,0.000949,0.057584
564830,1379,3819.846,1000,8400.81,31.962628,-296.945871,0.001387,0.056269
565830,1380,3934.424,1000,8414.2,32.866921,-296.875381,-0.000468,0.056641
566739,1381,3452.398,909,8427.35,32.810162,-296.93044,0.001147,0.055737
567739,1382,3823.779,1000,8440.52,32.274073,-297.427526,-0.000785,0.056346
568739,1383,3984.04,1000,8454.12,32.720072,-297.307713,0.001601,0.055071
569739,1384,3898.271,1000,8467.7,32.373108,-297.442257,-0.000517,0.055436
570107,1385,1345.707,368,8479.58,31.269123,-297.834321,-0.001006,0.055907
571107,1386,4046.904,1000,8494.0,31.642374,-297.913234,0.001527,0.054657
572107,1387,4026.499,1000,8509.3,31.702383,-298.022299,-0.001124,0.055478
573107,1388,3855.28,1000,8525.27,32.916666,-298.076064,-0.002273,0.057608
573779,1389,2630.576,672,8537.03,33.37688,-298.216738,0.001661,0.056661
574779,1390,3876.413,1000,8553.7,32.114825,-298.211232,0.000906,0.055843
575779,1391,4027.822,1000,8568.5,31.989673,-298.383665,0.000927,0.054834
576779,1392,3827.948,1000,8583.44,32.769199,-298.595889,-0.000637,0.055451
577779,1393,3917.484,1000,8598.27,32.532267,-298.913675,-6.5e-05,0.055486
578779,1394,3915.182,1000,8613.17,32.060906,-299.460803,0.000262,0.055344
579733,1395,3731.488,954,8627.13,31.874635,-299.317894,0.001696,0.054027
580733,1396,3929.267,1000,8649.42,32.494983,-299.80927,-0.003221,0.056812
581733,1397,3806.317,1000,8664.92,32.028279,-299.562109,0.00061,0.056408
582733,1398,3948.508,1000,8678.99,31.828794,-299.759724,0.003086,0.053572
583733,1399,3971.43,1000,8692.17,32.240998,-299.634654,-0.000801,0.054192
584733,1400,3814.19,1000,8706.19,32.712052,-300.104382,-0.000892,0.05503
585733,1401,3957.431,1000,8720.53,31.744321,-300.549285,0.000784,0.054413
585803,1402,100.807,70,8721.53,31.443441,-300.129392,0.002258,0.054362
586803,1403,3912.585,1000,8735.93,32.239177,-300.531303,-0.000434,0.054779
587803,1404,3960.546,1000,8750.08,33.051671,-300.637172,-0.003051,0.05747
588803,1405,3947.502,1000,8764.2,31.89279,-300.868671,0.001037,0.056555
589803,1406,4048.421,1000,8778.11,32.264547,-300.719121,0.002478,0.054223
590803,1407,3852.241,1000,8797.45,31.728645,-301.255263,0.000718,0.053822
591803,1408,4034.684,1000,8811.35,31.471144,-301.438111,-1e-06,0.053636
592803,1409,3997.985,1000,8824.84,31.415384,-301.62054,0.000318,0.053462
593803,1410,3872.789,1000,8839.08,31.842593,-301.95273,-0.000609,0.054012
594803,1411,3937.171,1000,8853.05,31.311593,-302.125736,0.000526,0.053601
595803,1412,4029.677,1000,8868.16,31.500256,-302.005032,-0.000329,0.053884
596258,1413,1537.888,455,8874.77,31.966483,-302.344454,0.001003,0.053451
597258,1414,4070.393,1000,8890.87,32.225877,-302.170676,-0.0026,0.055567
597844,1415,2305.941,586,8900.21,30.72263,-302.348195,-0.003507,0.057775
598844,1416,3997.822,1000,8915.44,32.015819,-302.317205,0.000747,0.057062
599844,1417,3911.745,1000,8928.86,32.154085,-302.351445,0.001876,0.055335
600844,1418,4014.258,1000,8949.22,31.160344,-302.711979,0.001602,0.054043
601844,1419,4102.431,1000,8964.35,31.605643,-302.940468,0.000537,0.053395
602844,1420,3897.554,1000,8979.49,31.373932,-303.325599,-0.00261,0.055716
603844,1421,3950.958,1000,8994.62,31.118692,-303.309388,0.000886,0.054953
603934,1422,185.955,90,8996.1,31.544366,-303.184548,-0.004304,0.05532
604934,1423,3985.262,1000,9013.3,31.031573,-303.444245,0.002838,0.052861
605934,1424,4043.158,1000,9030.18,30.732668,-303.716901,-0.0011,0.053801
606934,1425,3907.357,1000,9043.24,30.816939,-304.151897,-0.002044,0.055765
607934,1426,3940.09,1000,9056.34,30.569347,-304.22953,0.002471,0.053617
608934,1427,3979.11,1000,9070.52,31.581223,-304.53869,0.000186,0.053225
609934,1428,3979.658,1000,9084.55,30.926895,-304.780609,-0.000756,0.053912
610934,1429,3933.805,1000,9104.93,30.897369,-304.976594,5.6e-05,0.053754
611352,1430,1414.606,418,9111.17,31.917924,-304.59762,-8.9e-05,0.053862
612352,1431,4003.201,1000,9125.16,30.31276,-304.858124,-0.001136,0.054917
613352,1432,3838.481,1000,9139.35,31.008574,-304.833794,-0.001866,0.056751
614352,1433,3798.278,1000,9152.72,31.667301,-304.810374,0.001856,0.054939
615352,1434,4064.84,1000,9165.77,31.029561,-305.296407,0.000605,0.054271
616352,1435,3861.903,1000,9179.25,31.47222,-305.49543,-0.00017,0.054501
617352,1436,3992.166,1000,9192.59,31.025771,-305.587939,-0.000896,0.055225
618352,1437,4061.628,1000,9206.92,30.940198,-305.642829,0.00086,0.054593
618499,1438,409.424,147,9208.99,29.41599,-306.07516,0.00292,0.054173
619499,1439,3913.231,1000,9224.78,30.115799,-305.941693,0.001385,0.052893
620499,1440,3979.396,1000,9247.06,31.186859,-305.936464,-0.001375,0.054174
621499,1441,4010.455,1000,9261.72,31.44507,-306.348985,-0.000428,0.054496
622499,1442,3911.476,1000,9275.38,31.69166,-306.262242,0.001464,0.05323
623499,1443,3913.325,1000,9289.27,31.47121,-306.367214,-0.001745,0.054768
624499,1444,4008.684,1000,9303.24,32.182149,-306.541679,-0.000236,0.054833
625499,1445,4032.52,1000,9317.47,32.169072,-306.709065,0.00057,0.054419
626499,1446,3959.935,1000,9330.37,31.375894,-306.759786,0.002161,0.052456
627499,1447,4189.45,1000,9345.51,31.729932,-307.031331,-0.00333,0.055528
628499,1448,3826.532,1000,9361.76,31.23757,-307.096057,0.000873,0.05481
629499,1449,4074.206,1000,9378.95,30.966661,-307.301643,-0.000913,0.055502
630499,1450,3688.181,1000,9401.07,30.529581,-308.037001,0.001,0.054747
631499,1451,3950.092,1000,9414.19,31.967191,-307.766246,0.001087,0.053727
632499,1452,4018.709,1000,9428.6,30.818032,-307.65385,-0.001056,0.054797
633499,1453,3973.742,1000,9443.56,31.463028,-307.996049,0.002414,0.052609
634499,1454,3849.416,1000,9458.09,30.794676,-308.276376,-0.000645,0.053164
635499,1455,3966.765,1000,9472.53,30.327218,-308.934569,0.001457,0.052027
636499,1456,3921.074,1000,9486.32,31.170842,-308.613254,-0.00223,0.053865
637499,1457,4054.441,1000,9499.65,30.986188,-308.812319,-5.9e-05,0.053969
638499,1458,4125.68,1000,9513.34,31.148228,-308.922067,-0.00176,0.055512
638832,1459,1044.858,333,9517.55,30.789763,-309.342707,0.003308,0.054561
639832,1460,4073.226,1000,9531.34,31.67998,-309.224151,0.000426,0.054328
640832,1461,4101.85,1000,9549.09,31.477556,-309.165787,0.000977,0.053416
641832,1462,3999.527,1000,9563.23,31.156243,-309.760993,-0.000118,0.053515
642832,1463,4131.01,1000,9577.69,31.243831,-309.86385,-0.002254,0.05552
643832,1464,4108.342,1000,9593.13,30.597308,-309.894489,0.003163,0.052577
644832,1465,3895.452,1000,9609.75,31.585323,-309.837278,-0.001559,0.053961
645832,1466,4261.905,1000,9627.07,30.695411,-310.129036,-0.001615,0.055691
646832,1467,3946.086,1000,9641.29,30.853461,-310.036487,0.001507,0.054261
647832,1468,3871.9,1000,9654.19,30.887402,-310.280934,0.001559,0.052906
648832,1469,3951.225,1000,9668.71,31.62193,-310.582715,0.000418,0.052595
649832,1470,4054.382,1000,9683.14,30.394532,-310.574159,-0.005458,0.057617
650832,1471,3945.355,1000,9706.06,30.834616,-310.820372,0.002499,0.055443
651832,1472,3932.602,1000,9722.64,30.822706,-310.950954,0.00176,0.053795
652832,1473,3929.814,1000,9739.45,31.088463,-311.116516,-6.4e-05,0.053918
653832,1474,4117.716,1000,9755.49,31.083273,-311.483326,-0.00118,0.055007
653917,1475,157.477,85,9756.73,34.208514,-311.450767,-0.001775,0.055096
654917,1476,3877.256,1000,9770.75,31.882539,-311.530297,0.001366,0.053845
655917,1477,3787.923,1000,9785.66,30.939465,-311.508229,-0.000659,0.054495
656917,1478,4095.692,1000,9800.37,31.740215,-311.515984,0.000127,0.054269
657356,1479,1687.248,439,9806.77,30.672391,-311.644186,0.003978,0.052759
658356,1480,3919.43,1000,9821.1,30.742911,-311.548615,-0.001531,0.054175
658463,1481,235.345,107,9822.59,32.366883,-311.449117,0.005293,0.053673
659463,1482,3762.073,1000,9837.91,31.120421,-311.9941,0.00024,0.053467
660463,1483,4075.523,1000,9857.29,31.281692,-311.889745,-0.001385,0.054748
660536,1484,103.133,73,9858.26,32.236927,-312.256934,-0.00503,0.054814
661536,1485,3986.956,1000,9871.84,30.925376,-312.128339,0.001361,0.05389
662536,1486,4053.396,1000,9885.08,30.792126,-312.249152,-0.000139,0.054073
663536,1487,3965.884,1000,9898.27,31.310194,-312.343153,-0.002293,0.056096
664536,1488,4025.414,1000,9912.24,31.376691,-312.514738,0.000528,0.055751
665536,1489,4076.69,1000,9926.14,31.629269,-312.540957,0.001913,0.054152
666007,1490,1777.746,471,9933.11,30.650132,-312.400142,0.004804,0.052122
667007,1491,4038.582,1000,9948.21,30.247011,-313.146619,-0.001161,0.053137
668007,1492,4071.303,1000,9963.72,30.644,-312.89855,-0.001075,0.054127
669007,1493,4026.5,1000,9980.64,31.600802,-313.335978,0.002254,0.052142
670007,1494,3991.401,1000,10001.59,31.225144,-313.217417,-0.001903,0.053845
671007,1495,3942.054,1000,10013.96,31.469891,-313.408306,-3.2e-05,0.054032
671087,1496,94.42,80,10015.07,33.547675,-312.910204,-0.011675,0.054612
672087,1497,4112.753,1000,10029.39,32.103765,-313.018347,0.001227,0.053652
673087,1498,4084.422,1000,10043.55,32.386163,-313.06901,-0.000902,0.054413
673979,1499,3590.919,892,10056.48,31.689246,-313.379677,-0.002601,0.056631
674979,1500,3960.719,1000,10070.09,32.049529,-313.469359,0.000546,0.056044
675979,1501,4049.552,1000,10084.08,32.6534,-313.358895,-0.00077,0.056853
676979,1502,4020.101,1000,10098.45,31.748476,-313.583503,5.3e-05,0.056749
677979,1503,4122.762,1000,10112.29,30.996505,-313.788113,0.001556,0.055317
678979,1504,4072.061,1000,10126.01,32.40614,-313.509557,-0.000305,0.055771
679979,1505,4085.476,1000,10139.26,31.051303,-314.181688,-0.00055,0.056204
680979,1506,4023.926,1000,10159.75,31.769771,-314.070184,0.00054,0.055824
681979,1507,4070.047,1000,10173.69,31.022023,-314.197058,0.000941,0.055079
682979,1508,4002.535,1000,10188.25,31.101696,-314.41932,0.000358,0.054605
683979,1509,3986.758,1000,10202.25,32.192186,-314.286208,0.001667,0.053221
684295,1510,1158.184,316,10207.02,31.026908,-314.514853,0.000494,0.053147
685295,1511,3916.057,1000,10220.9,31.362044,-314.444936,-0.000934,0.053854
685837,1512,2032.793,542,10228.6,30.915186,-314.395176,-0.000793,0.054178
686837,1513,4096.85,1000,10241.76,31.943511,-314.276657,0.000421,0.053979
687837,1514,4016.48,1000,10255.44,31.627464,-314.552855,0.000353,0.053682
688837,1515,4089.576,1000,10268.85,31.716398,-314.73674,-0.000881,0.054451
689799,1516,3762.361,962,10282.4,32.216516,-314.503403,3.4e-05,0.054334
690258,1517,1732.861,459,10295.87,30.744937,-314.581922,0.002144,0.053357
691258,1518,4017.38,1000,10311.63,31.362535,-314.6427,-0.000362,0.053692
692258,1519,4096.947,1000,10327.97,32.693733,-314.540976,-0.000889,0.054631
693258,1520,4093.272,1000,10344.76,32.191154,-314.741309,0.00334,0.051559
694258,1521,4110.226,1000,10358.65,30.409033,-315.245122,-0.002516,0.053933
695258,1522,4127.116,1000,10372.05,31.518164,-314.716831,-0.001564,0.055343
696258,1523,4126.322,1000,10385.85,30.70382,-315.279901,0.00314,0.052357
697258,1524,4026.951,1000,10400.02,30.637245,-315.358306,-0.001349,0.053689
698258,1525,4093.783,1000,10414.64,31.600701,-315.587733,0.000141,0.053673
699258,1526,4106.362,1000,10431.12,31.355533,-315.525199,-0.002193,0.055761
699393,1527,94.398,135,10433.27,32.128685,-315.416737,0.002772,0.055327
700393,1528,4117.476,1000,10458.72,31.988786,-315.668045,-0.001125,0.056318
701393,1529,4184.611,1000,10474.13,31.219484,-315.858998,0.003617,0.053186
701868,1530,1818.0,475,10481.2,31.192317,-315.596502,-0.000996,0.05338
702868,1531,4272.98,1000,10495.47,31.044337,-315.941795,-0.001911,0.05519
703868,1532,4043.415,1000,10509.88,31.574293,-315.969232,-0.000525,0.055762
704868,1533,4101.823,1000,10523.93,31.298184,-316.106175,8.8e-05,0.055736
705723,1534,3423.858,855,10536.67,32.213239,-315.91637,0.001898,0.054318
706723,1535,4019.233,1000,10550.71,31.669391,-315.854956,0.00053,0.053908
707723,1536,4058.375,1000,10565.53,31.455383,-316.033036,-0.001333,0.055233
708723,1537,4036.847,1000,10578.59,32.018302,-316.288621,0.001405,0.053814
709723,1538,4030.737,1000,10592.78,30.672054,-316.534212,-0.000341,0.054082
710723,1539,4046.62,1000,10614.19,31.472125,-316.660684,0.001797,0.052532
711723,1540,4121.452,1000,10628.65,31.241581,-316.546736,0.000308,0.052323
712440,1541,2935.153,717,10638.91,30.230357,-316.868951,0.000206,0.052149
713440,1542,4054.991,1000,10653.54,30.751129,-316.841,-0.003736,0.055554
714440,1543,3961.723,1000,10668.64,30.685962,-317.056567,-9.6e-05,0.055416
715053,1544,2329.91,613,10677.8,30.333852,-317.505842,0.001847,0.054503
716053,1545,4085.45,1000,10692.29,30.402024,-317.115368,0.000301,0.054222
717053,1546,3930.582,1000,10705.5,30.856002,-317.332878,0.000806,0.053504
718053,1547,4009.146,1000,10718.64,30.971581,-317.492266,0.002049,0.051636
719053,1548,4041.572,1000,10731.43,31.728658,-317.412686,-0.002568,0.054134
719224,1549,317.59,171,10733.52,29.366841,-317.771645,0.001141,0.053869
720224,1550,4026.865,1000,10752.08,30.660152,-317.571306,0.000339,0.053673
721224,1551,4199.399,1000,10765.32,30.755893,-317.961029,-0.000895,0.054429
722224,1552,3958.399,1000,10780.27,31.493834,-317.830557,0.000309,0.054173
723224,1553,4026.63,1000,10795.76,30.402037,-318.086008,0.002225,0.052038
724224,1554,4119.572,1000,10809.59,31.387864,-318.041621,0.001242,0.050839
725224,1555,4231.939,1000,10823.61,31.898732,-317.929386,-0.003469,0.054129
726224,1556,3983.045,1000,10837.71,31.208779,-317.978062,-0.00193,0.05612
727224,1557,4142.742,1000,10852.0,31.355565,-317.893621,0.000552,0.055582
728224,1558,4165.336,1000,10865.58,31.194392,-318.177274,-0.001684,0.057118
728459,1559,637.097,235,10869.11,31.165803,-318.065385,0.003954,0.056361
729425,1560,4082.225,966,10882.81,31.30997,-318.026004,0.003241,0.053519
730425,1561,4069.098,1000,10902.17,32.34706,-318.026555,-0.001675,0.055047
731045,1562,2395.552,620,10911.99,32.5248,-318.646653,-0.003045,0.056657
731741,1563,2604.249,696,10921.85,31.275693,-318.156721,0.003651,0.054488
731932,1564,505.841,191,10924.54,34.388555,-318.636046,0.002563,0.054087
732932,1565,4076.199,1000,10938.39,31.949075,-318.322413,-0.000376,0.054298
733932,1566,4168.097,1000,10952.04,32.329462,-318.446362,-0.000753,0.055165
734932,1567,3910.008,1000,10965.69,31.336597,-318.534977,0.000717,0.05448
735882,1568,4025.681,950,10978.72,31.739917,-318.492105,0.000167,0.054381
736882,1569,4078.255,1000,10992.09,31.486151,-318.527062,0.000686,0.053778
737882,1570,4035.437,1000,11006.27,30.477931,-318.651313,0.001429,0.052454
738882,1571,4203.815,1000,11022.0,30.686276,-318.659554,-0.000568,0.053012
739882,1572,4100.55,1000,11038.67,31.442355,-318.846627,0.000263,0.052691
740882,1573,4107.587,1000,11062.98,30.991421,-318.897813,-0.001888,0.054536
741882,1574,4032.023,1000,11077.13,31.737137,-318.972251,0.002371,0.052469
742882,1575,4136.541,1000,11090.41,31.167922,-318.867209,-0.00268,0.055082
743882,1576,4104.119,1000,11103.7,32.001957,-318.992543,0.001676,0.053514
744882,1577,4204.225,1000,11117.85,31.214221,-319.427382,-0.000485,0.053856
745882,1578,4114.683,1000,11131.87,30.386667,-319.533313,0.002686,0.051451
746834,1579,3835.157,952,11147.31,32.453835,-319.54741,-0.002378,0.053119
747212,1580,1433.804,378,11153.14,32.159633,-319.70758,-0.001056,0.053731
748212,1581,4055.973,1000,11169.73,30.986009,-319.912276,-0.000565,0.054319
748500,1582,957.145,288,11174.57,30.86791,-319.716494,0.00428,0.053127
748624,1583,291.036,124,11176.67,31.711496,-319.693622,-0.008252,0.054068
749624,1584,3945.53,1000,11192.81,31.541176,-319.874905,0.000183,0.05388
750624,1585,4013.887,1000,11211.44,31.2628,-319.86314,-0.000431,0.054368
751624,1586,4191.99,1000,11225.03,30.975197,-320.223174,0.002187,0.052237
752624,1587,4137.653,1000,11239.8,30.671467,-320.409865,-0.001319,0.05369
753624,1588,4141.809,1000,11254.36,30.064094,-320.076957,-0.000154,0.053652
754624,1589,4125.248,1000,11268.66,30.932823,-320.397664,1.4e-05,0.053733
755624,1590,4020.097,1000,11283.0,30.995023,-320.598132,-0.003107,0.056712
756624,1591,4123.519,1000,11296.49,31.135459,-320.397537,0.001592,0.055201
757624,1592,3981.212,1000,11310.69,29.948054,-320.441453,0.001124,0.054185
758624,1593,3997.546,1000,11324.01,30.021059,-320.632523,0.001527,0.052594
759624,1594,4083.315,1000,11337.51,30.586169,-320.803759,3.4e-05,0.052751
760624,1595,3966.627,1000,11356.44,30.263096,-320.993478,-0.001961,0.054497
761232,1596,2380.319,608,11365.59,31.02339,-320.701883,0.00029,0.054308
762232,1597,3987.514,1000,11380.14,30.888696,-321.020926,0.001702,0.052785
763232,1598,4045.758,1000,11395.18,31.204338,-320.882396,-0.002754,0.055446
764232,1599,4068.668,1000,11411.06,30.026402,-320.958156,0.003168,0.052548
765232,1600,4159.142,1000,11427.3,29.698857,-320.946845,-0.000259,0.052942
766130,1601,3089.764,898,11440.35,30.116579,-321.340537,0.000819,0.052169
767130,1602,4218.027,1000,11453.79,30.051846,-321.158669,-0.003532,0.055341
768130,1603,4249.068,1000,11468.05,29.972746,-321.425802,0.00074,0.054629
768652,1604,2007.609,522,11474.77,30.026661,-321.419569,0.00093,0.054163
769652,1605,3930.93,1000,11488.9,31.009047,-321.629582,-0.00057,0.054693
770652,1606,4263.939,1000,11510.78,29.769054,-321.749911,0.002511,0.052452
771652,1607,4037.598,1000,11525.59,29.941784,-321.602654,0.001956,0.050534
772652,1608,4334.53,1000,11541.34,29.954398,-322.178931,-0.002519,0.052967
773652,1609,4159.055,1000,11556.36,29.699481,-321.684325,0.001336,0.051902
774652,1610,4248.967,1000,11570.07,30.254485,-322.317221,-0.00042,0.052184
775652,1611,4124.064,1000,11584.01,29.721211,-322.191373,-7e-06,0.052222
776652,1612,4127.949,1000,11598.96,30.466785,-322.325889,-0.000831,0.053094
777652,1613,4135.753,1000,11613.05,29.524813,-322.285966,0.000174,0.052796
778652,1614,4076.453,1000,11627.57,29.795901,-322.40045,-0.000319,0.053262
779652,1615,4069.026,1000,11643.42,29.780271,-322.477463,-2.4e-05,0.05322
780652,1616,4211.683,1000,11663.22,30.063836,-322.600128,0.001565,0.051733
781652,1617,4095.28,1000,11677.41,30.157854,-322.542229,0.001021,0.050749
782652,1618,4131.616,1000,11691.1,29.817084,-322.804118,-0.000351,0.051091
783652,1619,3845.074,1000,11705.02,30.077933,-323.127672,-0.001445,0.052653
784652,1620,4109.655,1000,11719.22,29.580006,-323.132388,0.000144,0.052417
785652,1621,4165.532,1000,11734.21,30.267361,-323.317725,-5.4e-05,0.052451
786652,1622,4182.912,1000,11749.9,28.860879,-323.392173,0.00012,0.052372
787424,1623,3112.404,772,11762.07,29.44182,-323.638662,0.000606,0.051982
788424,1624,4065.599,1000,11778.67,29.368581,-323.793713,0.000108,0.052006
789020,1625,2336.773,596,11788.42,29.118717,-323.677463,-0.001455,0.052833
790020,1626,4147.729,1000,11806.56,29.462672,-323.994184,0.002471,0.050404
791020,1627,4119.161,1000,11820.16,30.451106,-323.837483,-0.001442,0.051734
792020,1628,3981.696,1000,11834.16,29.223661,-324.288249,-0.000753,0.052613
793020,1629,4242.77,1000,11849.07,30.15759,-324.011105,0.002939,0.050092
794020,1630,4215.497,1000,11864.48,30.04851,-324.512287,-0.001145,0.050977
794745,1631,3020.693,725,11875.49,28.780447,-324.884859,-0.003308,0.053139
795745,1632,4151.656,1000,11892.14,30.30323,-325.029373,0.003785,0.049914
796745,1633,4105.171,1000,11909.02,29.817344,-324.85339,-0.002804,0.052411
797745,1634,4115.044,1000,11923.29,30.56501,-325.006994,-0.000256,0.052469
798745,1635,4087.603,1000,11937.83,28.952375,-325.275482,0.000239,0.052246
799745,1636,4002.468,1000,11952.3,29.733995,-325.283446,-0.000686,0.05306
800307,1637,2180.599,562,11967.46,29.650035,-325.15608,0.003129,0.05148
801307,1638,4136.896,1000,11981.41,28.513981,-325.284584,0.001341,0.050136
802307,1639,4079.845,1000,11995.58,29.453908,-325.380172,-0.000629,0.050827
803307,1640,3707.432,1000,12009.16,29.126649,-325.791489,-0.00087,0.051658
804307,1641,4142.835,1000,12022.63,29.109905,-325.562805,8.1e-05,0.051415
805307,1642,4058.601,1000,12037.41,28.904714,-325.910999,-0.001582,0.052992
805824,1643,2022.905,517,12044.62,29.494565,-325.656789,0.00333,0.051395
806824,1644,4252.649,1000,12058.46,28.972763,-325.830668,0.000378,0.051114
807824,1645,4002.03,1000,12072.47,28.844747,-325.830122,-0.001082,0.052102
808824,1646,4107.001,1000,12087.09,29.315024,-326.247118,0.001532,0.050727
809824,1647,4280.367,1000,12102.59,29.548637,-326.304311,-0.002303,0.052824
810824,1648,3988.397,1000,12125.32,28.771808,-326.340725,-0.000704,0.053484
811824,1649,4036.351,1000,12142.61,30.103001,-325.854714,0.001652,0.052007
811998,1650,256.99,174,12145.68,28.557092,-325.716709,0.005577,0.051137
812998,1651,4213.12,1000,12159.55,29.843695,-326.329126,-0.00204,0.053113
813998,1652,4119.232,1000,12173.44,29.403021,-326.50063,0.000578,0.052662
814998,1653,3901.957,1000,12187.63,29.489821,-326.204011,0.002197,0.050474
815998,1654,3962.413,1000,12202.56,29.527797,-326.156318,-0.001673,0.052176
816998,1655,4044.169,1000,12216.4,30.763973,-326.53973,-4.3e-05,0.052214
817998,1656,4024.164,1000,12231.03,29.19039,-326.304794,0.003528,0.049018
818998,1657,4234.739,1000,12245.89,28.921574,-327.001057,-0.001264,0.050174
819998,1658,3810.077,1000,12261.29,29.860567,-326.472074,-0.002033,0.051934
820998,1659,4073.352,1000,12283.14,29.892763,-326.950917,-0.000966,0.052819
821998,1660,4204.108,1000,12297.54,28.871388,-326.978311,0.001762,0.051174
822998,1661,4082.932,1000,12312.02,29.011988,-326.900764,0.000281,0.051106
823998,1662,4115.037,1000,12326.64,29.088976,-327.055781,0.000749,0.050435
824016,1663,-7.66,18,12326.92,37.387344,-329.212109,0.002905,0.050385
825016,1664,3977.034,1000,12341.08,28.786988,-327.040259,-0.00059,0.050994
826016,1665,3991.819,1000,12355.42,28.52474,-327.272833,1.6e-05,0.050913
826036,1666,-5.828,20,12355.71,28.257707,-327.618069,-0.007734,0.050998
827036,1667,4094.158,1000,12372.32,28.828001,-327.131537,0.000465,0.050726
827053,1668,-8.358,17,12372.67,27.814466,-325.754326,-0.015457,0.050809
827080,1669,9.696,27,12373.19,32.550543,-326.305886,-0.002483,0.051018
828080,1670,4139.0,1000,12398.8,29.507339,-327.491259,-0.001061,0.051771
828100,1671,-4.695,20,12399.31,29.002286,-328.245341,0.010357,0.051853
829100,1672,4013.881,1000,12418.65,29.994776,-327.362938,-0.000495,0.052235
830100,1673,3991.523,1000,12436.45,31.210988,-327.490075,2.5e-05,0.052368
831100,1674,4003.342,1000,12451.13,30.413462,-327.585825,-0.000791,0.05299
832100,1675,4271.58,1000,12466.03,30.081924,-327.483763,0.000295,0.052742
833100,1676,4080.085,1000,12481.71,30.697263,-327.34831,0.002246,0.050775
833172,1677,152.391,72,12482.76,29.512786,-327.245143,-0.00283,0.050812
833299,1678,291.174,127,12484.85,30.83274,-327.457708,-0.000175,0.050951
834299,1679,4067.161,1000,12501.12,29.662577,-327.254153,0.000349,0.050638
835299,1680,4221.565,1000,12515.07,29.831151,-327.379998,0.000796,0.049903
836299,1681,4063.712,1000,12530.47,30.355359,-327.746799,-0.002425,0.052103
837299,1682,4188.836,1000,12545.42,29.947945,-327.736276,0.001521,0.050852
838299,1683,4018.8,1000,12560.78,30.486174,-327.916621,0.000599,0.050087
838460,1684,389.362,161,12563.27,33.764062,-327.961465,-0.004936,0.05089
839460,1685,3944.838,1000,12577.72,30.073746,-327.651252,-0.00046,0.05148
839997,1686,2012.248,537,12585.14,29.317463,-328.230046,0.001146,0.050886
840997,1687,4179.04,1000,12606.54,30.925931,-328.07175,-0.001236,0.052185
841997,1688,4082.642,1000,12621.39,31.383667,-327.911174,-0.000741,0.052755
842997,1689,4076.29,1000,12636.27,30.851748,-328.152939,-0.001346,0.053887
843997,1690,4190.263,1000,12651.04,30.46855,-328.083937,0.002209,0.051853
844997,1691,4108.33,1000,12665.76,30.264752,-327.94131,0.000799,0.051178
845997,1692,4202.387,1000,12679.91,30.816517,-328.213382,-0.000515,0.051502
846997,1693,4271.593,1000,12694.3,29.640881,-328.438553,0.000793,0.050797
847659,1694,2695.865,662,12703.8,29.667753,-328.18203,-0.001715,0.051954
848659,1695,3908.882,1000,12718.39,29.91509,-328.299678,0.000453,0.051552
849659,1696,4242.454,1000,12732.38,29.898446,-328.606625,-0.001713,0.053136
850659,1697,4013.251,1000,12751.59,30.575206,-328.785174,0.002546,0.050664
851659,1698,4016.269,1000,12765.47,29.701098,-328.693729,-0.001955,0.052494
852255,1699,2332.707,596,12773.28,29.551383,-328.692562,0.001947,0.051549
853255,1700,4054.449,1000,12787.3,29.889727,-328.836735,0.000519,0.051051
854255,1701,4195.94,1000,12800.39,29.053592,-329.016461,0.001555,0.049549
855255,1702,4067.468,1000,12814.39,29.849769,-329.129171,-0.001983,0.051518
856255,1703,4053.298,1000,12829.1,29.676691,-329.395748,4.6e-05,0.051388
857255,1704,4098.57,1000,12846.58,29.658988,-329.224337,-0.001174,0.052593
857690,1705,1540.847,435,12854.29,30.50265,-329.440944,0.00131,0.052086
858287,1706,2076.988,597,12864.74,29.454854,-329.340116,-0.001664,0.052784
859287,1707,4040.403,1000,12878.72,30.18876,-329.328616,0.002328,0.050787
860287,1708,4166.052,1000,12897.71,29.54277,-329.841739,-0.001685,0.052371
861287,1709,4065.182,1000,12911.55,29.264815,-329.766778,0.000211,0.052297
861812,1710,2114.37,525,12918.89,31.20288,-329.636302,-0.004058,0.054174
862278,1711,1817.545,466,12925.61,29.758308,-329.207017,0.004376,0.052545
863278,1712,4116.095,1000,12940.13,28.785385,-329.820299,0.002988,0.04978
864278,1713,4086.925,1000,12955.32,29.354549,-329.566436,-0.001956,0.051522
865278,1714,4102.035,1000,12972.58,29.266809,-329.646958,0.001189,0.05047
866278,1715,4150.38,1000,12988.61,29.448899,-329.591957,-0.000201,0.050695
867278,1716,4222.615,1000,13002.13,30.570519,-330.002501,0.000899,0.049781
868278,1717,4097.534,1000,13015.74,30.496449,-330.240798,-0.000294,0.050158
869179,1718,3810.29,901,13028.52,31.066321,-330.071519,-0.002477,0.052057
870179,1719,4203.889,1000,13048.55,30.391901,-330.171255,0.000115,0.052015
871179,1720,4033.627,1000,13062.85,30.111231,-330.155016,0.001783,0.050183
872179,1721,4161.878,1000,13077.2,29.964936,-330.58854,0.000656,0.049538
873179,1722,4194.232,1000,13092.25,29.97634,-330.740402,-0.000247,0.049755
874179,1723,4178.594,1000,13105.25,30.588046,-330.861708,-0.000484,0.05025
875179,1724,4201.424,1000,13119.26,29.465168,-330.94406,0.000268,0.050003
875332,1725,448.784,153,13121.24,31.810868,-330.975076,0.013215,0.048344
875891,1726,2099.519,559,13128.77,28.436743,-331.383599,-0.00027,0.048372
876891,1727,4158.434,1000,13142.92,29.765456,-331.296042,-0.00288,0.051058
877891,1728,4239.176,1000,13157.18,29.280987,-331.249621,0.000281,0.050865
878891,1729,4238.287,1000,13172.04,29.957672,-331.409992,0.00013,0.050911
879891,1730,4133.506,1000,13186.86,29.049649,-331.321545,0.001167,0.049713
880891,1731,4099.678,1000,13209.39,29.443417,-331.406738,-0.000825,0.050406
881891,1732,4187.254,1000,13225.81,29.586474,-331.578126,-0.002271,0.052679
882443,1733,2172.665,552,13234.06,29.258924,-331.53858,0.002289,0.051457
883443,1734,4121.595,1000,13248.37,29.865145,-331.87072,0.000184,0.051316
884443,1735,4186.631,1000,13262.02,29.495045,-331.720761,0.001462,0.04999
885443,1736,4163.664,1000,13278.03,30.137517,-332.219716,0.000546,0.049457
886443,1737,4208.849,1000,13291.58,29.27728,-332.099959,-4.2e-05,0.049505
887443,1738,4200.461,1000,13307.12,29.566949,-332.068121,-0.001512,0.050893
888443,1739,4105.622,1000,13322.31,29.832608,-332.353754,0.000504,0.050446
889443,1740,4302.632,1000,13337.31,30.154623,-332.057472,0.000748,0.04971
890443,1741,4076.244,1000,13359.18,30.595913,-332.444989,-0.000883,0.050477
891443,1742,4145.674,1000,13372.74,29.772666,-332.465886,0.002209,0.048475
892443,1743,4163.455,1000,13386.79,30.878469,-332.609272,-0.001563,0.049829
893443,1744,4216.82,1000,13400.78,29.754187,-332.981239,-0.00043,0.050265
894443,1745,4175.136,1000,13414.97,29.901989,-332.728431,0.001959,0.048553
895443,1746,4239.525,1000,13428.31,29.935315,-333.157614,-0.00042,0.049
896443,1747,4185.718,1000,13442.58,29.550715,-333.254675,-0.000707,0.049605
897443,1748,4104.904,1000,13456.43,29.47263,-333.577573,-0.001891,0.051559
898443,1749,4245.24,1000,13470.65,30.045413,-333.477428,0.001561,0.050071
899443,1750,4101.338,1000,13484.5,29.135696,-333.28966,-0.002181,0.052135
900443,1751,4067.868,1000,13504.54,29.896329,-333.45496,0.001998,0.050233
900689,1752,772.507,246,13507.89,29.799275,-333.045263,-0.000423,0.050551
901689,1753,4089.067,1000,13522.26,29.274298,-333.375798,0.002508,0.048197
902689,1754,4037.312,1000,13536.22,29.635708,-333.285254,-0.003456,0.051602
903689,1755,4195.02,1000,13551.54,29.523242,-333.084455,0.001629,0.04992
904689,1756,4290.963,1000,13566.68,28.452715,-333.419579,-0.0002,0.050204
905689,1757,4146.646,1000,13582.69,29.005873,-333.668229,-0.000179,0.050381
906689,1758,4189.49,1000,13598.2,28.606528,-334.121586,0.002714,0.047998
907689,1759,4092.303,1000,13611.52,29.119525,-334.042616,-0.001796,0.049618
908689,1760,4083.779,1000,13626.0,29.178699,-334.032552,0.00078,0.048812
909689,1761,4212.472,1000,13639.42,30.1679,-334.079912,-0.001102,0.050045
910689,1762,4162.937,1000,13660.79,28.625507,-334.275712,-0.000181,0.049994
911689,1763,4083.589,1000,13675.94,28.922153,-334.274172,-0.001182,0.05106
912689,1764,4254.798,1000,13690.93,29.198467,-334.720817,0.002659,0.048675
913456,1765,3191.098,767,13703.06,29.121254,-334.691713,0.000145,0.048529
914456,1766,4205.393,1000,13717.18,28.874803,-334.6374,-0.000748,0.049302
915456,1767,4460.279,1000,13731.3,29.615202,-334.867782,-0.000941,0.050148
916456,1768,4233.772,1000,13744.89,28.549611,-335.001493,0.002313,0.048201
916681,1769,633.713,225,13747.81,28.839901,-335.022619,0.001167,0.047926
917681,1770,4089.297,1000,13762.56,28.750911,-334.791343,-0.002554,0.050168
918681,1771,4210.178,1000,13775.95,28.758266,-334.939609,0.002794,0.047536
919681,1772,4122.842,1000,13789.77,28.698439,-335.1162,-0.004178,0.051443
920681,1773,4337.17,1000,13809.21,29.488008,-334.981663,0.001159,0.050447
921681,1774,4192.838,1000,13822.92,28.410043,-335.471215,0.002292,0.048373
922681,1775,4190.511,1000,13837.15,29.138574,-335.460505,-0.00135,0.049622
923681,1776,4264.45,1000,13850.65,28.67371,-335.574863,-0.001321,0.050891
924681,1777,4177.012,1000,13865.19,28.522022,-335.68117,-0.001845,0.052691
925681,1778,4246.988,1000,13878.51,28.675112,-335.75772,0.002887,0.049914
926681,1779,4276.336,1000,13893.45,29.28682,-335.589971,-0.000889,0.050783
927681,1780,4319.682,1000,13908.42,28.336703,-335.831488,-3.8e-05,0.050837
928681,1781,4227.459,1000,13923.44,28.626328,-335.993901,0.001463,0.049566
929185,1782,2002.539,504,13930.34,28.980116,-336.184709,0.001144,0.049049
930185,1783,4222.769,1000,13949.96,28.724764,-335.985293,-0.001791,0.050718
931185,1784,4228.834,1000,13963.43,28.760614,-336.182436,0.00018,0.050592
932185,1785,4306.437,1000,13977.38,28.428204,-336.193219,0.001298,0.049317
933185,1786,4262.419,1000,13991.13,28.882529,-336.418938,0.001286,0.048193
934185,1787,4137.401,1000,14004.93,28.60128,-336.542352,0.000133,0.048126
935185,1788,4278.265,1000,14019.03,27.774521,-336.755356,-0.000742,0.048683
936185,1789,4333.12,1000,14034.4,28.931435,-336.766263,-0.001532,0.050258
937185,1790,4254.153,1000,14049.86,29.134278,-336.957273,-0.000222,0.050542
938185,1791,4274.119,1000,14065.92,30.310292,-337.025244,0.000608,0.049973
939185,1792,4293.163,1000,14080.42,28.953688,-337.474579,-0.001812,0.051711
940185,1793,4162.762,1000,14099.72,28.535316,-337.421598,0.003134,0.048721
941185,1794,4146.295,1000,14113.94,28.602215,-337.334727,-0.000513,0.049182
942185,1795,4096.394,1000,14127.83,28.91475,-337.206053,-0.000778,0.049896
943185,1796,4254.878,1000,14141.39,28.696775,-337.487584,0.00011,0.049891
944185,1797,4274.159,1000,14155.3,28.023934,-337.496981,-0.000245,0.0503
945185,1798,4091.832,1000,14168.45,28.910221,-337.770626,0.000339,0.049682
946185,1799,4189.485,1000,14182.9,28.499372,-338.186542,0.001095,0.048829
947185,1800,4201.552,1000,14195.96,29.029946,-338.333333,9.7e-05,0.04872
948185,1801,4258.848,1000,14210.42,29.102433,-338.386355,-0.00084,0.049767
949185,1802,4216.594,1000,14224.85,28.186831,-338.517628,0.002441,0.047631
950185,1803,4138.464,1000,14244.72,27.522707,-339.140238,-0.000334,0.047827
951185,1804,4167.358,1000,14259.27,28.553706,-338.806106,-0.00133,0.049048
952185,1805,4089.465,1000,14274.53,29.725494,-338.837571,-0.000142,0.049176
953185,1806,4251.696,1000,14289.5,28.918714,-339.019695,-0.00115,0.050286
954185,1807,4172.898,1000,14304.73,28.737763,-338.990371,-9.1e-05,0.050423
955185,1808,4228.856,1000,14319.23,28.972853,-339.160218,0.00116,0.049347
956185,1809,4191.894,1000,14332.5,28.299286,-339.318085,0.000395,0.048898
957185,1810,4172.321,1000,14346.71,28.556269,-339.392214,-0.000468,0.04928
958185,1811,4187.309,1000,14360.26,27.939306,-339.701609,-0.000398,0.049774
959185,1812,4178.896,1000,14375.04,28.543965,-339.867038,0.002691,0.047341
960185,1813,4198.258,1000,14396.78,28.109629,-339.982735,-0.001563,0.048911
961094,1814,3892.365,909,14411.28,28.554122,-340.138574,0.000153,0.048745
962094,1815,4102.758,1000,14426.98,27.878548,-340.106493,0.001281,0.047524
963094,1816,4296.658,1000,14440.33,28.856263,-340.667823,-0.00145,0.048832
964094,1817,4153.424,1000,14454.96,27.55835,-340.571994,0.001825,0.047286
965094,1818,4199.186,1000,14468.28,27.926206,-340.589957,-0.002437,0.049574
966094,1819,4160.591,1000,14483.09,28.466176,-341.025175,0.001651,0.04813
967094,1820,4200.929,1000,14496.58,27.275718,-340.96268,0.000988,0.047202
968094,1821,4269.829,1000,14510.14,27.508477,-341.359524,-0.001246,0.048196
969094,1822,4228.722,1000,14523.76,28.163867,-341.33158,0.001174,0.047301
970094,1823,4260.178,1000,14543.71,27.881454,-341.482817,-0.00162,0.048626
971094,1824,4247.572,1000,14557.69,27.519014,-341.304992,-0.000472,0.049163
972094,1825,4248.011,1000,14571.12,28.139082,-341.421093,-0.000535,0.049582
973094,1826,4203.778,1000,14585.45,28.211579,-341.548093,0.001998,0.047796
973674,1827,2325.03,580,14593.07,27.633346,-341.311821,-0.001174,0.048287
973905,1828,774.305,231,14596.09,29.019675,-341.670011,-0.008719,0.050199
974905,1829,4189.307,1000,14610.35,27.891218,-341.643143,-0.000522,0.050597
975905,1830,4180.766,1000,14625.84,28.240551,-341.317431,0.001472,0.049491
976905,1831,4149.168,1000,14642.03,28.486297,-341.240375,-0.000232,0.049734
977905,1832,4129.525,1000,14658.2,27.856056,-341.468898,0.000175,0.049551
978905,1833,4182.396,1000,14672.85,28.213682,-341.648763,0.000183,0.049417
979905,1834,4258.38,1000,14686.89,28.285425,-341.612837,5.8e-05,0.049417
980905,1835,4301.013,1000,14706.14,27.2952,-341.466745,0.001428,0.048149
981905,1836,4356.982,1000,14720.19,28.348596,-341.898998,-0.001614,0.049689
982905,1837,4136.429,1000,14733.87,28.251112,-342.076095,0.001177,0.0485
983905,1838,4238.375,1000,14748.79,28.467343,-341.962426,-0.001012,0.049505
984905,1839,4294.034,1000,14764.18,27.723829,-342.102063,-0.001102,0.050556
985905,1840,4161.157,1000,14780.01,28.754734,-341.999293,0.00095,0.049728
986905,1841,4213.518,1000,14795.53,28.274015,-342.109053,0.000671,0.049129
987905,1842,4296.272,1000,14809.26,28.18414,-342.332091,-0.000254,0.049384
988905,1843,4323.73,1000,14823.43,27.633306,-342.352598,-0.000896,0.05017
989905,1844,4163.165,1000,14836.86,27.31369,-342.374032,-0.000161,0.050345
990905,1845,4294.752,1000,14857.01,27.589625,-342.680485,-0.000577,0.050836
991905,1846,4251.586,1000,14870.12,28.46108,-342.632116,2.7e-05,0.050695
992905,1847,4299.72,1000,14884.32,27.573744,-342.727919,0.001062,0.04978
993905,1848,4222.501,1000,14897.88,28.23947,-342.987105,0.000229,0.049576
994905,1849,4102.51,1000,14911.79,27.617815,-343.101808,-0.002356,0.051794
994993,1850,185.917,88,14912.95,27.556816,-342.296308,0.001057,0.051767
995043,1851,43.772,50,14913.64,26.892339,-343.211773,0.003364,0.051561
996043,1852,4195.685,1000,14927.55,28.213778,-342.869169,0.002478,0.049307
997043,1853,4107.998,1000,14941.0,27.847712,-343.340822,3.6e-05,0.049235
998043,1854,4265.466,1000,14955.56,28.251704,-343.374003,-0.001364,0.05049
999043,1855,4201.515,1000,14968.56,28.91441,-343.330223,-0.001335,0.051861
