timestep,episode,episode_reward,episode_length,wall_time,critic_loss,actor_loss
12,0,-1.813,12,0.0,,
26,1,2.135,14,0.01,,
61,2,6.846,35,0.01,,
73,3,-0.511,12,0.01,,
83,4,-0.78,10,0.02,,
101,5,-4.351,18,0.02,,
120,6,-3.414,19,0.02,,
151,7,-7.402,31,0.03,,
170,8,7.294,19,0.03,,
197,9,-3.284,27,0.04,,
214,10,2.494,17,0.04,,
246,11,-1.704,32,0.04,,
258,12,-2.686,12,0.05,,
307,13,15.256,49,0.05,,
321,14,-1.333,14,0.06,,
338,15,-5.94,17,0.06,,
360,16,4.639,22,0.07,,
372,17,-0.769,12,0.07,,
393,18,-2.219,21,0.08,,
417,19,3.057,24,0.09,,
446,20,5.053,29,0.1,,
463,21,0.657,17,0.1,,
477,22,1.717,14,0.11,,
490,23,-1.784,13,0.11,,
538,24,8.909,48,0.12,,
564,25,0.824,26,0.12,,
578,26,0.076,14,0.13,,
614,27,7.465,36,0.14,,
635,28,4.081,21,0.14,,
683,29,3.767,48,0.15,,
699,30,-1.494,16,0.16,,
711,31,1.942,12,0.16,,
731,32,0.93,20,0.16,,
744,33,-2.346,13,0.16,,
756,34,1.208,12,0.17,,
769,35,0.949,13,0.17,,
783,36,0.012,14,0.17,,
797,37,-0.559,14,0.17,,
811,38,-0.456,14,0.18,,
840,39,11.218,29,0.18,,
867,40,6.257,27,0.19,,
892,41,-1.968,25,0.19,,
915,42,-5.861,23,0.19,,
942,43,3.348,27,0.2,,
959,44,-2.371,17,0.2,,
972,45,-2.125,13,0.2,,
1006,46,6.821,34,0.21,,
1017,47,-0.797,11,0.21,,
1034,48,-4.845,17,0.21,,
1064,49,4.171,30,0.22,,
1087,50,3.611,23,0.22,,
1119,51,14.101,32,0.23,,
1139,52,4.445,20,0.23,,
1153,53,-2.288,14,0.24,,
1174,54,0.029,21,0.24,,
1193,55,-0.288,19,0.24,,
1229,56,5.241,36,0.25,,
1242,57,1.309,13,0.25,,
1269,58,-2.053,27,0.25,,
1294,59,-3.536,25,0.26,,
1314,60,1.567,20,0.26,,
1332,61,-1.152,18,0.26,,
1354,62,3.784,22,0.27,,
1370,63,1.719,16,0.27,,
1388,64,-4.512,18,0.27,,
1413,65,-1.329,25,0.28,,
1434,66,2.626,21,0.28,,
1462,67,0.372,28,0.28,,
1473,68,-2.617,11,0.29,,
1484,69,-2.399,11,0.29,,
1507,70,2.539,23,0.29,,
1521,71,-3.694,14,0.29,,
1554,72,9.561,33,0.31,,
1588,73,3.856,34,0.32,,
1608,74,-0.732,20,0.32,,
1631,75,2.665,23,0.33,,
1644,76,-0.12,13,0.33,,
1663,77,-2.142,19,0.34,,
1682,78,-2.002,19,0.34,,
1709,79,-5.892,27,0.35,,
1756,80,17.536,47,0.36,,
1773,81,-9.067,17,0.36,,
1797,82,0.897,24,0.36,,
1821,83,1.772,24,0.37,,
1837,84,4.415,16,0.37,,
1853,85,0.165,16,0.37,,
1866,86,-4.047,13,0.37,,
1885,87,-3.656,19,0.38,,
1909,88,1.731,24,0.38,,
1931,89,2.999,22,0.39,,
1965,90,8.163,34,0.39,,
1981,91,-2.583,16,0.39,,
2002,92,2.02,21,0.4,,
2011,93,-3.767,9,0.4,,
2034,94,-5.551,23,0.4,,
2063,95,-6.113,29,0.41,,
2088,96,5.47,25,0.42,,
2105,97,0.651,17,0.42,,
2142,98,13.43,37,0.43,,
2168,99,8.35,26,0.44,,
2188,100,2.15,20,0.45,,
2215,101,0.321,27,0.45,,
2229,102,-1.07,14,0.46,,
2248,103,6.968,19,0.46,,
2266,104,-5.264,18,0.46,,
2288,105,-0.539,22,0.47,,
2301,106,-1.781,13,0.47,,
2312,107,-1.09,11,0.47,,
2329,108,-3.139,17,0.47,,
2340,109,-1.486,11,0.47,,
2356,110,-4.092,16,0.48,,
2383,111,-0.858,27,0.48,,
2405,112,-3.739,22,0.49,,
2430,113,-7.087,25,0.49,,
2454,114,12.168,24,0.49,,
2473,115,3.995,19,0.5,,
2497,116,-0.612,24,0.5,,
2513,117,1.506,16,0.5,,
2532,118,3.223,19,0.51,,
2545,119,0.208,13,0.51,,
2561,120,-3.684,16,0.51,,
2594,121,7.066,33,0.52,,
2609,122,2.316,15,0.52,,
2631,123,6.638,22,0.53,,
2658,124,-4.573,27,0.53,,
2679,125,-1.374,21,0.54,,
2705,126,17.621,26,0.55,,
2749,127,1.929,44,0.56,,
2761,128,-0.889,12,0.56,,
2791,129,12.199,30,0.56,,
2823,130,3.093,32,0.57,,
2850,131,4.98,27,0.57,,
2874,132,5.93,24,0.58,,
2898,133,6.395,24,0.58,,
2907,134,-4.777,9,0.58,,
2932,135,6.267,25,0.59,,
2944,136,0.787,12,0.59,,
2963,137,7.619,19,0.59,,
2979,138,-1.24,16,0.6,,
3008,139,-1.033,29,0.6,,
3023,140,1.204,15,0.61,,
3037,141,-0.069,14,0.61,,
3054,142,-1.034,17,0.61,,
3073,143,3.988,19,0.62,,
3103,144,3.157,30,0.62,,
3121,145,7.534,18,0.63,,
3140,146,-2.698,19,0.63,,
3155,147,-5.774,15,0.63,,
3170,148,4.618,15,0.63,,
3189,149,-0.515,19,0.64,,
3205,150,-2.361,16,0.64,,
3234,151,4.162,29,0.65,,
3251,152,3.999,17,0.65,,
3269,153,7.884,18,0.65,,
3287,154,2.027,18,0.65,,
3316,155,-1.648,29,0.66,,
3347,156,5.775,31,0.66,,
3361,157,2.016,14,0.67,,
3376,158,-0.091,15,0.67,,
3398,159,6.88,22,0.67,,
3408,160,-2.847,10,0.67,,
3425,161,2.182,17,0.68,,
3449,162,-2.391,24,0.68,,
3466,163,-3.254,17,0.68,,
3483,164,0.623,17,0.68,,
3500,165,-1.67,17,0.69,,
3510,166,-2.334,10,0.69,,
3526,167,0.656,16,0.69,,
3546,168,-8.997,20,0.69,,
3559,169,-1.974,13,0.7,,
3569,170,-2.51,10,0.7,,
3583,171,-2.095,14,0.7,,
3605,172,-2.471,22,0.7,,
3640,173,2.142,35,0.71,,
3655,174,-9.89,15,0.71,,
3687,175,8.853,32,0.72,,
3705,176,-3.98,18,0.72,,
3719,177,-3.004,14,0.72,,
3741,178,-4.55,22,0.73,,
3766,179,3.214,25,0.73,,
3807,180,16.667,41,0.74,,
3823,181,4.166,16,0.74,,
3841,182,-2.834,18,0.74,,
3882,183,15.949,41,0.75,,
3900,184,0.161,18,0.75,,
3913,185,-0.595,13,0.75,,
3930,186,3.648,17,0.76,,
3949,187,-3.152,19,0.76,,
3963,188,-6.405,14,0.76,,
3982,189,-4.143,19,0.77,,
4002,190,0.596,20,0.77,,
4010,191,-3.277,8,0.77,,
4042,192,16.038,32,0.78,,
4063,193,7.066,21,0.78,,
4092,194,-3.904,29,0.78,,
4121,195,8.638,29,0.79,,
4137,196,-4.278,16,0.8,,
4150,197,-1.923,13,0.8,,
4171,198,3.977,21,0.8,,
4188,199,-4.449,17,0.81,,
4199,200,0.552,11,0.81,,
4211,201,-1.993,12,0.81,,
4221,202,-1.715,10,0.81,,
4235,203,-1.138,14,0.82,,
4249,204,1.591,14,0.82,,
4274,205,7.674,25,0.82,,
4317,206,3.526,43,0.83,,
4332,207,-4.963,15,0.83,,
4347,208,-1.716,15,0.84,,
4375,209,1.192,28,0.84,,
4393,210,-1.852,18,0.84,,
4408,211,2.732,15,0.84,,
4425,212,-9.696,17,0.85,,
4446,213,-6.563,21,0.85,,
4478,214,9.09,32,0.86,,
4499,215,0.524,21,0.86,,
4520,216,7.772,21,0.86,,
4543,217,-9.916,23,0.87,,
4558,218,0.167,15,0.87,,
4581,219,-3.014,23,0.87,,
4599,220,-3.466,18,0.88,,
4624,221,-2.647,25,0.88,,
4644,222,3.017,20,0.88,,
4661,223,1.946,17,0.88,,
4681,224,-8.072,20,0.89,,
4696,225,-3.585,15,0.89,,
4705,226,-2.986,9,0.89,,
4724,227,6.096,19,0.89,,
4736,228,-1.751,12,0.9,,
4772,229,2.957,36,0.9,,
4791,230,1.165,19,0.9,,
4803,231,-1.796,12,0.91,,
4827,232,5.939,24,0.91,,
4842,233,3.309,15,0.91,,
4872,234,-2.112,30,0.92,,
4908,235,14.214,36,0.93,,
4916,236,-3.624,8,0.93,,
4929,237,-1.549,13,0.93,,
4944,238,-1.831,15,0.93,,
4965,239,4.182,21,0.94,,
4982,240,-3.267,17,0.94,,
5016,241,-1.059,34,0.95,,
5035,242,2.033,19,0.95,,
5054,243,-0.006,19,0.95,,
5074,244,1.257,20,0.96,,
5091,245,1.599,17,0.96,,
5145,246,27.475,54,0.97,,
5157,247,-3.532,12,0.97,,
5176,248,-0.008,19,0.97,,
5184,249,-3.387,8,0.97,,
5201,250,5.33,17,0.98,,
5214,251,-3.34,13,0.98,,
5235,252,6.974,21,0.98,,
5255,253,5.104,20,0.98,,
5274,254,7.028,19,0.99,,
5285,255,-0.495,11,0.99,,
5312,256,7.159,27,0.99,,
5336,257,-2.956,24,1.0,,
5355,258,5.547,19,1.0,,
5367,259,-1.2,12,1.0,,
5380,260,-1.602,13,1.01,,
5403,261,0.152,23,1.01,,
5415,262,-2.399,12,1.01,,
5427,263,1.561,12,1.02,,
5447,264,0.019,20,1.02,,
5479,265,9.011,32,1.03,,
5504,266,-0.048,25,1.03,,
5524,267,-1.24,20,1.03,,
5550,268,4.152,26,1.04,,
5584,269,14.748,34,1.04,,
5598,270,2.919,14,1.04,,
5632,271,9.114,34,1.05,,
5652,272,2.409,20,1.05,,
5666,273,-0.988,14,1.06,,
5680,274,-5.884,14,1.06,,
5695,275,3.709,15,1.06,,
5707,276,-7.095,12,1.06,,
5733,277,1.466,26,1.07,,
5750,278,-1.122,17,1.07,,
5784,279,12.017,34,1.07,,
5805,280,-4.313,21,1.08,,
5818,281,-1.68,13,1.08,,
5832,282,-2.647,14,1.08,,
5867,283,1.657,35,1.09,,
5880,284,-1.272,13,1.09,,
5901,285,3.764,21,1.09,,
5913,286,-3.795,12,1.1,,
5934,287,-2.447,21,1.1,,
5953,288,-1.784,19,1.1,,
5974,289,-0.477,21,1.11,,
6003,290,14.067,29,1.11,,
6041,291,15.008,38,1.12,,
6058,292,5.651,17,1.12,,
6071,293,1.984,13,1.12,,
6089,294,-1.951,18,1.12,,
6117,295,8.26,28,1.13,,
6126,296,-3.535,9,1.13,,
6144,297,3.93,18,1.13,,
6188,298,11.723,44,1.14,,
6198,299,-3.01,10,1.14,,
6223,300,2.284,25,1.14,,
6242,301,-0.116,19,1.15,,
6275,302,15.056,33,1.15,,
6290,303,0.586,15,1.16,,
6301,304,-1.08,11,1.16,,
6314,305,0.09,13,1.16,,
6331,306,1.38,17,1.16,,
6359,307,4.15,28,1.17,,
6377,308,1.148,18,1.17,,
6391,309,-3.572,14,1.17,,
6416,310,1.252,25,1.18,,
6430,311,-3.752,14,1.18,,
6456,312,6.186,26,1.18,,
6479,313,-0.061,23,1.19,,
6490,314,-2.304,11,1.19,,
6503,315,-6.526,13,1.19,,
6516,316,-3.885,13,1.19,,
6525,317,-4.183,9,1.19,,
6555,318,3.764,30,1.2,,
6567,319,2.107,12,1.2,,
6585,320,-0.023,18,1.2,,
6624,321,2.004,39,1.21,,
6650,322,-1.443,26,1.21,,
6662,323,-0.747,12,1.22,,
6692,324,3.661,30,1.22,,
6716,325,4.537,24,1.22,,
6732,326,0.807,16,1.23,,
6750,327,0.528,18,1.23,,
6765,328,-1.907,15,1.23,,
6781,329,4.041,16,1.24,,
6793,330,-3.121,12,1.24,,
6818,331,-4.247,25,1.24,,
6844,332,0.193,26,1.25,,
6862,333,4.615,18,1.25,,
6876,334,2.706,14,1.25,,
6890,335,-2.881,14,1.26,,
6908,336,6.59,18,1.27,,
6935,337,-0.434,27,1.27,,
6957,338,6.435,22,1.27,,
6992,339,6.724,35,1.28,,
7008,340,2.04,16,1.28,,
7031,341,7.636,23,1.28,,
7068,342,21.934,37,1.29,,
7079,343,-1.222,11,1.29,,
7098,344,-4.008,19,1.3,,
7115,345,3.575,17,1.3,,
7138,346,-3.001,23,1.3,,
7154,347,0.271,16,1.3,,
7164,348,-4.509,10,1.31,,
7180,349,5.318,16,1.31,,
7199,350,3.574,19,1.31,,
7219,351,-5.882,20,1.31,,
7235,352,1.03,16,1.32,,
7261,353,-0.384,26,1.32,,
7293,354,11.038,32,1.33,,
7312,355,6.547,19,1.33,,
7323,356,-0.582,11,1.33,,
7337,357,0.201,14,1.33,,
7355,358,-6.06,18,1.34,,
7371,359,1.138,16,1.34,,
7397,360,-1.192,26,1.34,,
7431,361,11.204,34,1.35,,
7451,362,-0.507,20,1.35,,
7493,363,16.572,42,1.36,,
7508,364,-1.338,15,1.36,,
7527,365,3.415,19,1.36,,
7554,366,5.058,27,1.37,,
7574,367,4.728,20,1.37,,
7603,368,0.602,29,1.38,,
7639,369,6.532,36,1.38,,
7655,370,-1.551,16,1.39,,
7670,371,-3.254,15,1.39,,
7692,372,-4.107,22,1.39,,
7749,373,14.134,57,1.4,,
7768,374,0.584,19,1.4,,
7780,375,-1.968,12,1.41,,
7804,376,1.67,24,1.41,,
7837,377,-3.561,33,1.42,,
7856,378,3.816,19,1.42,,
7868,379,-2.488,12,1.42,,
7883,380,3.726,15,1.42,,
7895,381,-0.3,12,1.43,,
7907,382,-1.612,12,1.43,,
7920,383,1.53,13,1.43,,
7942,384,-0.347,22,1.43,,
7955,385,-0.095,13,1.43,,
7980,386,3.946,25,1.44,,
8007,387,-4.983,27,1.44,,
8045,388,3.563,38,1.45,,
8076,389,-0.374,31,1.46,,
8106,390,0.715,30,1.46,,
8134,391,3.907,28,1.47,,
8148,392,3.073,14,1.47,,
8168,393,-12.894,20,1.47,,
8190,394,2.803,22,1.47,,
8201,395,-0.901,11,1.48,,
8236,396,13.687,35,1.48,,
8250,397,1.911,14,1.48,,
8297,398,30.059,47,1.49,,
8320,399,2.166,23,1.5,,
8329,400,-5.342,9,1.5,,
8340,401,1.055,11,1.5,,
8360,402,3.884,20,1.5,,
8392,403,7.374,32,1.51,,
8405,404,1.658,13,1.51,,
8423,405,4.173,18,1.51,,
8442,406,-5.479,19,1.52,,
8477,407,3.879,35,1.52,,
8495,408,4.604,18,1.53,,
8505,409,-2.512,10,1.53,,
8524,410,-4.125,19,1.53,,
8541,411,-3.317,17,1.53,,
8574,412,3.219,33,1.54,,
8589,413,4.972,15,1.54,,
8623,414,1.353,34,1.55,,
8640,415,-0.454,17,1.55,,
8655,416,0.899,15,1.55,,
8683,417,-6.128,28,1.56,,
8699,418,-2.178,16,1.56,,
8713,419,0.687,14,1.56,,
8732,420,-1.999,19,1.56,,
8753,421,4.893,21,1.57,,
8775,422,2.661,22,1.57,,
8790,423,-0.112,15,1.57,,
8803,424,-6.419,13,1.57,,
8834,425,-0.24,31,1.58,,
8870,426,20.96,36,1.58,,
8893,427,-5.662,23,1.59,,
8928,428,2.912,35,1.59,,
8940,429,-0.767,12,1.6,,
8962,430,3.39,22,1.6,,
8979,431,0.547,17,1.6,,
9010,432,13.25,31,1.61,,
9041,433,1.013,31,1.61,,
9065,434,0.388,24,1.62,,
9110,435,19.088,45,1.62,,
9129,436,-3.72,19,1.63,,
9141,437,-2.462,12,1.63,,
9150,438,-4.137,9,1.63,,
9161,439,-0.114,11,1.63,,
9174,440,0.167,13,1.63,,
9197,441,-4.334,23,1.64,,
9234,442,12.33,37,1.64,,
9248,443,3.088,14,1.65,,
9267,444,0.343,19,1.65,,
9284,445,1.287,17,1.65,,
9302,446,0.541,18,1.65,,
9335,447,-0.834,33,1.66,,
9345,448,-1.188,10,1.66,,
9358,449,-2.837,13,1.66,,
9376,450,6.131,18,1.67,,
9392,451,-3.722,16,1.67,,
9413,452,5.1,21,1.67,,
9426,453,-0.186,13,1.67,,
9449,454,-3.062,23,1.68,,
9459,455,-2.118,10,1.68,,
9470,456,-0.679,11,1.68,,
9479,457,-3.718,9,1.68,,
9508,458,-0.306,29,1.69,,
9544,459,4.818,36,1.69,,
9558,460,-1.982,14,1.7,,
9587,461,4.011,29,1.7,,
9617,462,11.892,30,1.71,,
9634,463,4.875,17,1.71,,
9654,464,-2.834,20,1.71,,
9673,465,0.128,19,1.72,,
9690,466,-2.666,17,1.72,,
9707,467,3.81,17,1.72,,
9785,468,29.294,78,1.73,,
9799,469,-2.092,14,1.74,,
9814,470,-0.889,15,1.74,,
9847,471,0.436,33,1.74,,
9871,472,-0.935,24,1.75,,
9897,473,12.851,26,1.75,,
9916,474,4.717,19,1.75,,
9944,475,5.677,28,1.76,,
9964,476,7.047,20,1.76,,
9982,477,1.812,18,1.76,,
9999,478,0.53,17,1.77,,
10030,479,-2.013,31,2.06,,
10046,480,0.952,16,2.06,,
10065,481,-6.812,19,2.06,,
10090,482,-0.39,25,2.07,,
10106,483,-0.84,16,2.07,,
10122,484,-2.461,16,2.07,,
10141,485,6.012,19,2.08,,
10169,486,-1.766,28,2.08,,
10211,487,10.103,42,2.09,,
10231,488,-7.179,20,2.09,,
10243,489,0.785,12,2.1,,
10258,490,1.669,15,2.1,,
10269,491,-5.278,11,2.1,,
10297,492,0.376,28,2.11,,
10320,493,-0.713,23,2.11,,
10333,494,-6.872,13,2.11,,
10348,495,3.322,15,2.11,,
10385,496,5.603,37,2.12,,
10412,497,4.101,27,2.12,,
10429,498,1.32,17,2.13,,
10442,499,-3.7,13,2.13,,
10460,500,-0.278,18,2.13,,
10479,501,6.863,19,2.14,,
10497,502,-5.921,18,2.14,,
10523,503,-4.534,26,2.15,,
10549,504,6.267,26,2.15,,
10595,505,17.702,46,2.16,,
10605,506,-1.015,10,2.16,,
10621,507,-0.559,16,2.17,,
10634,508,0.564,13,2.17,,
10674,509,4.602,40,2.17,,
10692,510,3.127,18,2.18,,
10719,511,8.936,27,2.18,,
10740,512,4.257,21,2.19,,
10751,513,0.093,11,2.19,,
10770,514,-2.649,19,2.19,,
10798,515,0.359,28,2.2,,
10814,516,1.294,16,2.2,,
10829,517,-3.369,15,2.2,,
10865,518,12.912,36,2.21,,
10892,519,-5.199,27,2.21,,
10921,520,8.973,29,2.22,,
10951,521,4.543,30,2.22,,
10979,522,-5.697,28,2.23,,
10997,523,2.42,18,2.23,,
11009,524,-0.102,12,2.23,,
11026,525,-3.052,17,2.24,,
11057,526,1.019,31,2.24,,
11072,527,0.518,15,2.24,,
11106,528,4.486,34,2.25,,
11118,529,1.594,12,2.25,,
11130,530,0.426,12,2.25,,
11158,531,1.678,28,2.26,,
11169,532,-3.545,11,2.26,,
11195,533,10.632,26,2.26,,
11224,534,5.754,29,2.27,,
11276,535,17.296,52,2.28,,
11291,536,-3.975,15,2.28,,
11318,537,-1.237,27,2.29,,
11340,538,5.605,22,2.29,,
11363,539,-7.797,23,2.29,,
11381,540,0.756,18,2.3,,
11425,541,34.207,44,2.3,,
11457,542,-1.035,32,2.31,,
11505,543,17.237,48,2.32,,
11521,544,-3.533,16,2.32,,
11537,545,1.182,16,2.32,,
11545,546,-3.199,8,2.32,,
11566,547,1.658,21,2.33,,
11578,548,0.337,12,2.33,,
11590,549,-2.818,12,2.33,,
11599,550,-3.347,9,2.33,,
11621,551,3.171,22,2.34,,
11634,552,-0.245,13,2.34,,
11663,553,1.826,29,2.35,,
11688,554,-2.9,25,2.35,,
11705,555,1.596,17,2.35,,
11724,556,-8.363,19,2.36,,
11749,557,-2.714,25,2.36,,
11766,558,1.466,17,2.36,,
11790,559,7.405,24,2.37,,
11824,560,7.624,34,2.37,,
11838,561,-1.127,14,2.38,,
11865,562,-1.276,27,2.38,,
11875,563,-5.32,10,2.38,,
11917,564,15.041,42,2.39,,
11952,565,3.161,35,2.4,,
11965,566,-5.447,13,2.4,,
11983,567,4.862,18,2.4,,
11994,568,0.772,11,2.4,,
12026,569,15.552,32,2.41,,
12060,570,1.706,34,2.41,,
12080,571,9.134,20,2.42,,
12090,572,-1.207,10,2.42,,
12105,573,-6.342,15,2.42,,
12139,574,17.416,34,2.43,,
12166,575,0.705,27,2.43,,
12178,576,0.65,12,2.43,,
12202,577,2.091,24,2.44,,
12224,578,0.706,22,2.44,,
12255,579,6.996,31,2.45,,
12271,580,-4.54,16,2.45,,
12286,581,-2.392,15,2.45,,
12317,582,5.999,31,2.46,,
12328,583,-4.838,11,2.46,,
12346,584,-7.296,18,2.46,,
12369,585,-0.805,23,2.46,,
12384,586,-11.126,15,2.47,,
12404,587,2.262,20,2.47,,
12438,588,-8.015,34,2.47,,
12484,589,11.495,46,2.48,,
12510,590,16.125,26,2.49,,
12533,591,3.702,23,2.49,,
12565,592,-4.378,32,2.5,,
12581,593,-8.702,16,2.5,,
12609,594,1.676,28,2.51,,
12626,595,-0.947,17,2.51,,
12661,596,-6.769,35,2.51,,
12681,597,-1.878,20,2.52,,
12702,598,-1.804,21,2.52,,
12715,599,-1.501,13,2.52,,
12732,600,0.114,17,2.53,,
12750,601,2.625,18,2.53,,
12775,602,0.357,25,2.53,,
12788,603,-2.22,13,2.53,,
12815,604,4.144,27,2.54,,
12829,605,2.429,14,2.54,,
12856,606,6.997,27,2.55,,
12887,607,5.481,31,2.55,,
12914,608,5.531,27,2.56,,
12929,609,-1.939,15,2.56,,
12960,610,11.96,31,2.56,,
13010,611,11.869,50,2.57,,
13036,612,-3.351,26,2.58,,
13080,613,4.672,44,2.58,,
13095,614,1.112,15,2.59,,
13112,615,1.441,17,2.59,,
13126,616,0.274,14,2.59,,
13152,617,-3.145,26,2.59,,
13164,618,-1.726,12,2.6,,
13177,619,-3.935,13,2.6,,
13194,620,-3.438,17,2.6,,
13214,621,-5.65,20,2.6,,
13238,622,9.382,24,2.61,,
13256,623,2.621,18,2.61,,
13301,624,5.329,45,2.62,,
13327,625,10.544,26,2.63,,
13344,626,3.241,17,2.63,,
13358,627,-1.68,14,2.63,,
13374,628,0.003,16,2.64,,
13401,629,4.125,27,2.64,,
13425,630,-5.646,24,2.64,,
13443,631,-1.286,18,2.65,,
13478,632,16.624,35,2.65,,
13492,633,-1.65,14,2.66,,
13513,634,2.147,21,2.66,,
13535,635,3.678,22,2.66,,
13557,636,-3.803,22,2.67,,
13574,637,1.829,17,2.67,,
13590,638,1.497,16,2.67,,
13600,639,-1.911,10,2.68,,
13626,640,7.548,26,2.68,,
13641,641,-0.259,15,2.68,,
13682,642,-3.753,41,2.69,,
13699,643,2.435,17,2.69,,
13709,644,-0.073,10,2.69,,
13728,645,-2.044,19,2.7,,
13751,646,3.188,23,2.7,,
13773,647,6.661,22,2.7,,
13807,648,7.027,34,2.71,,
13836,649,7.323,29,2.72,,
13860,650,8.777,24,2.72,,
13877,651,-0.424,17,2.73,,
13898,652,0.338,21,2.73,,
13918,653,1.076,20,2.74,,
13928,654,-3.801,10,2.74,,
13957,655,0.928,29,2.74,,
13969,656,-4.859,12,2.74,,
14001,657,8.211,32,2.75,,
14021,658,-1.546,20,2.76,,
14039,659,-3.673,18,2.76,,
14069,660,-0.06,30,2.77,,
14092,661,0.022,23,2.77,,
14107,662,-3.232,15,2.77,,
14131,663,-3.753,24,2.78,,
14155,664,-2.992,24,2.79,,
14174,665,9.412,19,2.79,,
14183,666,-3.77,9,2.8,,
14199,667,3.281,16,2.8,,
14216,668,-5.517,17,2.81,,
14237,669,2.928,21,2.82,,
14258,670,2.591,21,2.82,,
14271,671,-1.681,13,2.83,,
14286,672,1.298,15,2.83,,
14299,673,1.298,13,2.83,,
14335,674,13.084,36,2.84,,
14346,675,0.54,11,2.84,,
14355,676,-4.229,9,2.84,,
14370,677,1.49,15,2.85,,
14406,678,9.882,36,2.85,,
14430,679,1.761,24,2.86,,
14447,680,3.597,17,2.86,,
14473,681,-2.363,26,2.86,,
14507,682,12.225,34,2.87,,
14529,683,5.817,22,2.87,,
14558,684,3.748,29,2.88,,
14575,685,2.178,17,2.88,,
14593,686,-4.673,18,2.88,,
14608,687,-0.598,15,2.89,,
14635,688,6.926,27,2.89,,
14643,689,-4.45,8,2.89,,
14668,690,3.125,25,2.9,,
14683,691,0.261,15,2.9,,
14712,692,-1.849,29,2.9,,
14726,693,-2.748,14,2.91,,
14744,694,-3.052,18,2.91,,
14776,695,3.089,32,2.92,,
14796,696,2.948,20,2.92,,
14807,697,-4.228,11,2.92,,
14833,698,7.917,26,2.93,,
14844,699,-0.307,11,2.93,,
14864,700,11.359,20,2.93,,
14888,701,6.085,24,2.94,,
14912,702,7.987,24,2.94,,
14938,703,-1.051,26,2.94,,
14953,704,-0.17,15,2.95,,
14978,705,2.432,25,2.95,,
15011,706,20.261,33,2.96,,
15032,707,5.495,21,2.96,,
15049,708,-0.301,17,2.96,,
15068,709,2.117,19,2.97,,
15084,710,0.776,16,2.97,,
15095,711,-0.819,11,2.97,,
15122,712,4.887,27,2.98,,
15138,713,3.55,16,2.98,,
15165,714,0.584,27,2.99,,
15198,715,5.639,33,2.99,,
15220,716,-2.788,22,3.0,,
15235,717,2.178,15,3.0,,
15257,718,0.007,22,3.0,,
15273,719,2.963,16,3.0,,
15306,720,14.644,33,3.01,,
15321,721,3.247,15,3.01,,
15338,722,-2.883,17,3.01,,
15359,723,5.449,21,3.02,,
15372,724,0.148,13,3.02,,
15389,725,0.676,17,3.02,,
15420,726,-3.652,31,3.03,,
15436,727,-3.335,16,3.03,,
15452,728,5.105,16,3.04,,
15467,729,-1.364,15,3.04,,
15484,730,1.713,17,3.04,,
15509,731,-2.344,25,3.05,,
15519,732,-2.088,10,3.05,,
15536,733,6.179,17,3.05,,
15570,734,2.368,34,3.06,,
15583,735,-1.071,13,3.06,,
15598,736,2.02,15,3.06,,
15623,737,0.508,25,3.07,,
15658,738,9.025,35,3.07,,
15677,739,-1.664,19,3.08,,
15700,740,6.649,23,3.08,,
15717,741,-4.838,17,3.08,,
15739,742,5.152,22,3.09,,
15763,743,-1.688,24,3.09,,
15788,744,3.193,25,3.09,,
15796,745,-4.045,8,3.1,,
15815,746,2.358,19,3.1,,
15831,747,-0.428,16,3.1,,
15848,748,4.762,17,3.11,,
15876,749,15.787,28,3.11,,
15928,750,30.806,52,3.12,,
15942,751,-0.553,14,3.12,,
15967,752,11.046,25,3.13,,
15997,753,7.985,30,3.14,,
16017,754,2.205,20,3.14,,
16043,755,12.142,26,3.15,,
16062,756,-1.484,19,3.16,,
16077,757,-3.625,15,3.16,,
16100,758,6.398,23,3.17,,
16126,759,11.848,26,3.17,,
16148,760,7.923,22,3.18,,
16172,761,5.026,24,3.18,,
16192,762,-0.787,20,3.18,,
16206,763,-6.171,14,3.19,,
16218,764,-1.705,12,3.19,,
16245,765,0.366,27,3.19,,
16271,766,0.942,26,3.2,,
16295,767,6.401,24,3.2,,
16308,768,1.663,13,3.2,,
16321,769,2.901,13,3.21,,
16331,770,-2.914,10,3.21,,
16345,771,2.791,14,3.21,,
16371,772,3.385,26,3.21,,
16397,773,2.748,26,3.22,,
16420,774,-2.307,23,3.22,,
16442,775,1.789,22,3.23,,
16461,776,-2.057,19,3.23,,
16474,777,-4.324,13,3.23,,
16498,778,8.294,24,3.23,,
16535,779,15.76,37,3.24,,
16566,780,3.823,31,3.25,,
16581,781,-1.983,15,3.25,,
16596,782,-7.117,15,3.25,,
16637,783,-6.514,41,3.26,,
16655,784,1.679,18,3.26,,
16664,785,-2.621,9,3.26,,
16682,786,4.114,18,3.27,,
16702,787,7.22,20,3.27,,
16718,788,-0.159,16,3.27,,
16765,789,20.729,47,3.28,,
16778,790,0.402,13,3.28,,
16815,791,16.912,37,3.29,,
16833,792,6.061,18,3.29,,
16846,793,-1.216,13,3.3,,
16875,794,21.606,29,3.3,,
16907,795,-1.52,32,3.31,,
16922,796,0.357,15,3.31,,
16936,797,0.511,14,3.31,,
16953,798,-1.687,17,3.31,,
16975,799,1.271,22,3.32,,
16983,800,-2.103,8,3.32,,
16994,801,-4.372,11,3.32,,
17028,802,10.157,34,3.33,,
17053,803,12.963,25,3.33,,
17065,804,-1.667,12,3.33,,
17075,805,0.545,10,3.33,,
17084,806,-2.397,9,3.34,,
17098,807,2.004,14,3.34,,
17133,808,12.995,35,3.34,,
17143,809,-2.315,10,3.35,,
17184,810,2.881,41,3.35,,
17201,811,2.071,17,3.36,,
17216,812,-7.839,15,3.36,,
17233,813,-2.498,17,3.36,,
17255,814,-2.253,22,3.37,,
17305,815,26.743,50,3.38,,
17322,816,1.579,17,3.38,,
17343,817,9.778,21,3.39,,
17362,818,4.479,19,3.39,,
17385,819,2.424,23,3.39,,
17407,820,3.64,22,3.4,,
17429,821,3.855,22,3.4,,
17452,822,3.48,23,3.4,,
17478,823,9.324,26,3.41,,
17505,824,3.547,27,3.41,,
17523,825,2.226,18,3.42,,
17551,826,4.016,28,3.42,,
17575,827,-2.505,24,3.42,,
17604,828,-1.261,29,3.43,,
17625,829,4.273,21,3.43,,
17658,830,6.174,33,3.44,,
17675,831,-3.812,17,3.44,,
17695,832,-8.196,20,3.44,,
17722,833,-1.116,27,3.45,,
17752,834,1.471,30,3.45,,
17761,835,-2.952,9,3.45,,
17786,836,-2.449,25,3.46,,
17819,837,-1.56,33,3.46,,
17846,838,6.667,27,3.47,,
17863,839,-3.535,17,3.47,,
17876,840,-6.245,13,3.47,,
17889,841,1.717,13,3.48,,
17907,842,2.594,18,3.48,,
17926,843,1.527,19,3.48,,
17958,844,-1.747,32,3.49,,
17978,845,5.494,20,3.49,,
17992,846,0.7,14,3.49,,
18011,847,3.978,19,3.5,,
18029,848,-2.005,18,3.5,,
18040,849,-0.149,11,3.5,,
18081,850,2.297,41,3.51,,
18097,851,-0.966,16,3.51,,
18120,852,9.269,23,3.51,,
18156,853,9.786,36,3.52,,
18177,854,3.614,21,3.52,,
18190,855,2.757,13,3.52,,
18207,856,4.254,17,3.53,,
18221,857,0.932,14,3.53,,
18240,858,-2.591,19,3.53,,
18256,859,-1.342,16,3.54,,
18274,860,-3.954,18,3.54,,
18317,861,20.477,43,3.55,,
18337,862,3.288,20,3.55,,
18356,863,-3.964,19,3.55,,
18367,864,-2.47,11,3.55,,
18379,865,-3.995,12,3.56,,
18391,866,0.706,12,3.56,,
18407,867,-5.282,16,3.56,,
18420,868,-0.176,13,3.56,,
18453,869,-1.768,33,3.57,,
18471,870,-1.738,18,3.57,,
18490,871,2.712,19,3.58,,
18507,872,3.346,17,3.58,,
18532,873,8.03,25,3.58,,
18551,874,4.588,19,3.59,,
18575,875,5.019,24,3.59,,
18586,876,-0.154,11,3.59,,
18598,877,1.551,12,3.59,,
18625,878,6.532,27,3.6,,
18652,879,5.715,27,3.6,,
18675,880,7.224,23,3.61,,
18726,881,10.366,51,3.61,,
18748,882,3.588,22,3.62,,
18766,883,-0.075,18,3.62,,
18803,884,22.287,37,3.63,,
18822,885,0.196,19,3.63,,
18839,886,1.256,17,3.63,,
18855,887,1.954,16,3.64,,
18868,888,1.082,13,3.64,,
18887,889,5.241,19,3.64,,
18923,890,5.893,36,3.65,,
18936,891,1.422,13,3.65,,
18950,892,-2.784,14,3.65,,
18969,893,0.502,19,3.66,,
18981,894,-2.146,12,3.66,,
18996,895,-1.223,15,3.66,,
19046,896,9.757,50,3.67,,
19059,897,-0.81,13,3.67,,
19078,898,5.457,19,3.67,,
19107,899,2.747,29,3.68,,
19124,900,-2.181,17,3.68,,
19143,901,-7.705,19,3.68,,
19154,902,-1.896,11,3.69,,
19169,903,-0.297,15,3.69,,
19180,904,-1.107,11,3.69,,
19197,905,1.07,17,3.69,,
19213,906,-3.804,16,3.7,,
19242,907,13.814,29,3.7,,
19255,908,3.298,13,3.7,,
19272,909,0.357,17,3.71,,
19293,910,4.819,21,3.71,,
19304,911,-2.117,11,3.71,,
19333,912,2.034,29,3.72,,
19379,913,16.246,46,3.72,,
19399,914,4.851,20,3.73,,
19425,915,14.102,26,3.73,,
19456,916,5.512,31,3.74,,
19469,917,0.989,13,3.74,,
19483,918,1.053,14,3.74,,
19499,919,-1.83,16,3.74,,
19519,920,7.696,20,3.75,,
19531,921,-4.737,12,3.75,,
19567,922,18.832,36,3.75,,
19596,923,17.069,29,3.76,,
19626,924,2.478,30,3.76,,
19640,925,2.72,14,3.77,,
19659,926,6.844,19,3.77,,
19668,927,-5.727,9,3.77,,
19689,928,5.586,21,3.77,,
19721,929,9.88,32,3.78,,
19760,930,0.127,39,3.79,,
19774,931,2.093,14,3.79,,
19788,932,-3.661,14,3.79,,
19815,933,0.284,27,3.8,,
19827,934,-2.423,12,3.8,,
19845,935,7.05,18,3.8,,
19862,936,1.927,17,3.8,,
19881,937,-2.247,19,3.81,,
19905,938,9.836,24,3.81,,
19930,939,-0.424,25,3.81,,
19977,940,12.402,47,3.82,,
19990,941,-1.241,13,3.82,,
20025,942,11.571,35,3.99,,
20046,943,3.904,21,4.0,,
20061,944,0.589,15,4.0,,
20083,945,0.806,22,4.0,,
20105,946,8.537,22,4.01,,
20121,947,-1.275,16,4.01,,
20133,948,-3.965,12,4.01,,
20147,949,-1.983,14,4.01,,
20157,950,-0.187,10,4.02,,
20172,951,4.593,15,4.02,,
20187,952,1.617,15,4.02,,
20212,953,3.72,25,4.03,,
20231,954,-2.722,19,4.03,,
20250,955,6.175,19,4.03,,
20281,956,3.065,31,4.04,,
20297,957,3.188,16,4.04,,
20326,958,7.362,29,4.04,,
20340,959,3.13,14,4.05,,
20351,960,1.441,11,4.05,,
20369,961,1.456,18,4.05,,
20395,962,2.433,26,4.06,,
20425,963,18.36,30,4.06,,
20435,964,-3.281,10,4.06,,
20445,965,-3.271,10,4.06,,
20457,966,-3.31,12,4.07,,
20490,967,13.85,33,4.07,,
20507,968,-2.496,17,4.07,,
20533,969,-2.931,26,4.08,,
20545,970,1.356,12,4.08,,
20561,971,-0.043,16,4.08,,
20582,972,6.005,21,4.09,,
20609,973,-1.729,27,4.09,,
20632,974,-3.487,23,4.09,,
20658,975,4.563,26,4.1,,
20671,976,-0.727,13,4.1,,
20716,977,6.38,45,4.11,,
20727,978,-1.369,11,4.11,,
20745,979,-3.295,18,4.11,,
20758,980,-2.577,13,4.11,,
20771,981,3.014,13,4.12,,
20800,982,6.405,29,4.12,,
20842,983,7.951,42,4.13,,
20858,984,1.373,16,4.13,,
20885,985,14.475,27,4.14,,
20897,986,-0.023,12,4.14,,
20925,987,9.801,28,4.14,,
20959,988,3.254,34,4.15,,
20979,989,5.082,20,4.15,,
21005,990,-0.125,26,4.16,,
21020,991,-0.903,15,4.16,,
21044,992,-0.912,24,4.16,,
21062,993,2.174,18,4.16,,
21084,994,-0.615,22,4.17,,
21115,995,5.072,31,4.17,,
21139,996,-0.67,24,4.18,,
21158,997,0.806,19,4.18,,
21179,998,5.441,21,4.18,,
21195,999,2.603,16,4.19,,
21215,1000,-3.931,20,4.19,,
21225,1001,-0.584,10,4.19,,
21253,1002,6.7,28,4.2,,
21270,1003,-3.203,17,4.2,,
21288,1004,-2.6,18,4.2,,
21310,1005,0.565,22,4.2,,
21329,1006,0.661,19,4.21,,
21349,1007,-2.23,20,4.21,,
21361,1008,-2.336,12,4.21,,
21386,1009,0.1,25,4.22,,
21394,1010,-2.934,8,4.22,,
21421,1011,-0.233,27,4.22,,
21437,1012,-4.051,16,4.23,,
21458,1013,1.626,21,4.23,,
21475,1014,-1.539,17,4.23,,
21495,1015,6.147,20,4.23,,
21514,1016,7.73,19,4.24,,
21534,1017,6.41,20,4.24,,
21573,1018,4.888,39,4.25,,
21623,1019,24.753,50,4.25,,
21641,1020,3.629,18,4.26,,
21665,1021,1.732,24,4.26,,
21724,1022,41.547,59,4.27,,
21737,1023,-1.614,13,4.27,,
21748,1024,-0.663,11,4.28,,
21765,1025,7.913,17,4.28,,
21795,1026,7.033,30,4.28,,
21820,1027,1.06,25,4.29,,
21835,1028,-1.569,15,4.29,,
21851,1029,-0.128,16,4.29,,
21873,1030,2.154,22,4.3,,
21889,1031,-0.333,16,4.3,,
21906,1032,5.151,17,4.3,,
21939,1033,13.723,33,4.31,,
21957,1034,1.782,18,4.31,,
21984,1035,7.365,27,4.31,,
22000,1036,0.776,16,4.32,,
22011,1037,0.648,11,4.32,,
22024,1038,-2.083,13,4.32,,
22045,1039,-4.411,21,4.32,,
22063,1040,-2.384,18,4.33,,
22077,1041,-1.177,14,4.33,,
22105,1042,-2.119,28,4.33,,
22125,1043,-3.096,20,4.34,,
22139,1044,3.482,14,4.34,,
22150,1045,-1.021,11,4.34,,
22172,1046,-1.173,22,4.34,,
22193,1047,0.237,21,4.35,,
22203,1048,-4.599,10,4.35,,
22229,1049,3.89,26,4.35,,
22245,1050,-3.613,16,4.36,,
22274,1051,-4.826,29,4.36,,
22284,1052,-2.785,10,4.36,,
22301,1053,0.412,17,4.37,,
22325,1054,3.217,24,4.37,,
22349,1055,-3.458,24,4.37,,
22375,1056,-1.241,26,4.38,,
22392,1057,-5.724,17,4.38,,
22408,1058,-2.803,16,4.38,,
22435,1059,4.722,27,4.39,,
22472,1060,9.251,37,4.39,,
22500,1061,-4.019,28,4.4,,
22510,1062,-1.256,10,4.4,,
22538,1063,1.745,28,4.4,,
22582,1064,10.461,44,4.41,,
22607,1065,12.196,25,4.41,,
22660,1066,37.434,53,4.42,,
22680,1067,0.089,20,4.43,,
22697,1068,2.339,17,4.43,,
22713,1069,-0.845,16,4.43,,
22746,1070,6.941,33,4.44,,
22761,1071,3.09,15,4.44,,
22779,1072,4.453,18,4.44,,
22806,1073,2.618,27,4.45,,
22822,1074,4.047,16,4.45,,
22835,1075,2.385,13,4.45,,
22845,1076,-2.642,10,4.45,,
22872,1077,1.282,27,4.46,,
22884,1078,-1.682,12,4.46,,
22902,1079,-7.745,18,4.46,,
22918,1080,-0.915,16,4.46,,
22939,1081,1.338,21,4.47,,
22958,1082,2.373,19,4.47,,
22971,1083,0.619,13,4.47,,
22979,1084,-2.729,8,4.47,,
23005,1085,2.874,26,4.48,,
23017,1086,-4.314,12,4.48,,
23041,1087,6.456,24,4.49,,
23053,1088,-5.001,12,4.49,,
23081,1089,-0.523,28,4.49,,
23094,1090,1.605,13,4.49,,
23111,1091,-0.33,17,4.5,,
23126,1092,1.525,15,4.5,,
23142,1093,-1.416,16,4.5,,
23158,1094,-3.328,16,4.5,,
23187,1095,5.241,29,4.51,,
23198,1096,-2.182,11,4.51,,
23209,1097,-2.879,11,4.51,,
23222,1098,2.818,13,4.52,,
23251,1099,6.387,29,4.52,,
23268,1100,2.345,17,4.52,,
23287,1101,2.715,19,4.53,,
23320,1102,17.918,33,4.53,,
23330,1103,-3.372,10,4.54,,
23377,1104,14.068,47,4.55,,
23392,1105,0.092,15,4.55,,
23416,1106,0.88,24,4.55,,
23425,1107,-2.72,9,4.55,,
23435,1108,-2.748,10,4.56,,
23451,1109,4.047,16,4.56,,
23496,1110,32.557,45,4.57,,
23531,1111,5.93,35,4.57,,
23561,1112,-2.37,30,4.58,,
23577,1113,3.979,16,4.58,,
23599,1114,-11.389,22,4.58,,
23619,1115,4.004,20,4.59,,
23640,1116,-2.419,21,4.59,,
23662,1117,1.104,22,4.59,,
23682,1118,1.192,20,4.6,,
23704,1119,1.504,22,4.6,,
23742,1120,3.351,38,4.61,,
23764,1121,1.436,22,4.61,,
23784,1122,5.468,20,4.61,,
23805,1123,6.484,21,4.62,,
23821,1124,-4.717,16,4.62,,
23831,1125,-3.33,10,4.62,,
23858,1126,-4.58,27,4.63,,
23872,1127,0.503,14,4.63,,
23891,1128,6.658,19,4.63,,
23909,1129,-0.797,18,4.64,,
23929,1130,2.224,20,4.64,,
23952,1131,6.361,23,4.64,,
23984,1132,5.293,32,4.65,,
24020,1133,4.177,36,4.66,,
24032,1134,-1.244,12,4.66,,
24043,1135,-1.569,11,4.67,,
24060,1136,1.333,17,4.67,,
24105,1137,6.284,45,4.68,,
24132,1138,-3.696,27,4.69,,
24160,1139,0.73,28,4.69,,
24192,1140,3.051,32,4.7,,
24210,1141,4.512,18,4.7,,
24224,1142,2.077,14,4.7,,
24252,1143,13.037,28,4.71,,
24269,1144,2.892,17,4.71,,
24291,1145,-6.372,22,4.71,,
24310,1146,-2.386,19,4.72,,
24323,1147,-4.518,13,4.72,,
24355,1148,-3.015,32,4.72,,
24376,1149,-0.713,21,4.73,,
24386,1150,-2.745,10,4.73,,
24400,1151,-3.219,14,4.73,,
24414,1152,-4.445,14,4.73,,
24436,1153,-5.949,22,4.74,,
24450,1154,2.437,14,4.74,,
24465,1155,-0.092,15,4.74,,
24498,1156,5.672,33,4.75,,
24521,1157,-6.657,23,4.75,,
24530,1158,-3.256,9,4.75,,
24545,1159,1.428,15,4.76,,
24558,1160,-0.907,13,4.76,,
24607,1161,0.257,49,4.77,,
24625,1162,7.403,18,4.77,,
24645,1163,0.891,20,4.77,,
24660,1164,-0.563,15,4.78,,
24675,1165,-4.609,15,4.78,,
24688,1166,-1.963,13,4.78,,
24710,1167,-0.558,22,4.78,,
24728,1168,2.104,18,4.79,,
24747,1169,-0.382,19,4.79,,
24769,1170,3.731,22,4.79,,
24792,1171,10.024,23,4.8,,
24811,1172,1.242,19,4.8,,
24835,1173,-6.45,24,4.81,,
24858,1174,-3.849,23,4.81,,
24875,1175,2.195,17,4.81,,
24888,1176,-1.809,13,4.81,,
24904,1177,4.691,16,4.82,,
24928,1178,6.933,24,4.82,,
24971,1179,8.069,43,4.83,,
24982,1180,-1.867,11,4.83,,
24993,1181,-0.707,11,4.83,,
25419,1182,504.214,426,7.68,0.177433,-0.612395
25603,1183,71.233,184,8.85,0.132814,-1.347724
25694,1184,-25.002,91,9.41,0.165939,-1.721057
25776,1185,-34.918,82,9.97,0.196272,-1.907857
25872,1186,-56.696,96,10.53,0.225432,-2.179224
25954,1187,-31.39,82,11.01,0.25947,-2.457134
26023,1188,-9.272,69,11.45,0.280868,-2.613218
26096,1189,-18.31,73,11.87,0.332638,-2.837411
26164,1190,-12.138,68,12.28,0.34808,-3.011121
26242,1191,-1.229,78,12.76,0.37703,-3.251673
26344,1192,-3.586,102,13.4,0.460226,-3.490484
26609,1193,100.906,265,15.05,0.583758,-4.047649
26802,1194,55.54,193,16.56,0.810887,-4.670939
26936,1195,-14.885,134,17.49,0.931929,-5.178578
27005,1196,45.362,69,18.07,0.962622,-5.442325
27071,1197,52.629,66,18.49,1.0906,-5.621647
27255,1198,213.316,184,19.59,1.205826,-6.013913
27316,1199,19.752,61,19.98,1.283061,-6.380769
27374,1200,24.383,58,20.34,1.346977,-6.580914
27794,1201,577.389,420,22.97,1.547989,-7.363478
28090,1202,350.401,296,25.18,1.869644,-8.508664
28250,1203,131.576,160,26.48,2.088594,-9.192428
28437,1204,43.391,187,27.85,2.166785,-9.752061
28529,1205,77.616,92,28.51,2.208218,-10.081385
28704,1206,129.934,175,29.83,2.351393,-10.453192
28934,1207,343.731,230,31.51,2.34391,-11.013916
29168,1208,365.214,234,33.12,2.644158,-11.713926
29304,1209,248.783,136,34.11,2.754106,-12.270545
29455,1210,253.462,151,35.25,2.671924,-12.736948
29582,1211,33.915,127,36.15,2.904909,-13.190658
29682,1212,-8.804,100,36.81,3.138468,-13.418135
29795,1213,-1.921,113,37.57,3.129978,-13.754751
29872,1214,-32.312,77,38.1,3.298508,-13.963199
29977,1215,13.599,105,38.78,3.476238,-14.283553
30151,1216,51.349,174,41.02,3.442519,-14.559361
30371,1217,348.238,220,42.54,3.799115,-15.212952
30576,1218,324.664,205,43.97,3.964856,-15.840894
30713,1219,241.723,137,45.24,4.027674,-16.427713
30878,1220,282.302,165,46.47,4.534251,-16.82943
31010,1221,32.664,132,47.51,4.515172,-17.35038
31165,1222,267.884,155,48.8,4.644572,-17.643017
31850,1223,763.159,685,54.29,5.11164,-18.912125
31976,1224,231.147,126,55.31,6.021386,-20.16591
32079,1225,194.911,103,55.98,5.672394,-20.466049
32196,1226,222.162,117,56.72,5.703713,-20.739186
32306,1227,210.417,110,57.72,5.74604,-21.085871
32374,1228,125.793,68,58.3,5.627016,-21.576373
32463,1229,173.24,89,58.86,5.601172,-21.733434
32570,1230,211.639,107,59.72,6.398938,-21.928056
32737,1231,244.605,167,61.25,6.461922,-22.355981
32798,1232,103.586,61,61.78,6.269937,-22.697244
32894,1233,190.858,96,62.68,6.171199,-22.987285
32997,1234,199.252,103,63.62,6.581189,-23.153277
33112,1235,214.961,115,64.61,6.696356,-23.471561
33193,1236,141.804,81,65.4,6.738647,-23.862024
33285,1237,180.904,92,66.4,7.021543,-24.029842
33422,1238,237.791,137,67.47,7.033633,-24.440061
33492,1239,115.836,70,68.1,7.178552,-24.696598
33574,1240,148.003,82,68.79,7.101119,-24.888752
33650,1241,137.928,76,69.53,6.756934,-25.233413
33727,1242,151.101,77,70.48,7.234009,-25.413691
33808,1243,136.701,81,71.29,7.235294,-25.693854
33881,1244,143.396,73,71.93,7.311383,-25.883894
33957,1245,136.811,76,72.6,7.233021,-26.141196
34071,1246,215.503,114,73.62,7.618123,-26.457527
34147,1247,149.865,76,74.26,7.330473,-26.726741
34559,1248,501.522,412,77.86,8.290138,-27.32776
35559,1249,1020.828,1000,85.46,8.396239,-29.484281
35732,1250,26.544,173,86.72,9.057076,-31.299172
36143,1251,560.759,411,89.59,9.587963,-31.932958
37143,1252,925.563,1000,97.0,10.733081,-34.049467
38143,1253,839.142,1000,105.97,12.483245,-37.055101
38375,1254,28.905,232,107.71,13.815333,-38.954893
38587,1255,250.051,212,109.08,14.628443,-39.498816
39500,1256,929.224,913,116.06,15.833096,-41.054783
40022,1257,578.619,522,124.12,16.723374,-42.922933
40192,1258,51.271,170,125.43,17.907171,-43.728587
40294,1259,154.665,102,126.18,18.229001,-44.025652
40454,1260,261.236,160,127.3,17.467015,-44.411398
40662,1261,349.702,208,128.73,18.853384,-44.965581
40759,1262,166.095,97,129.48,20.262695,-45.156656
41480,1263,857.289,721,135.22,19.473424,-46.08422
41685,1264,318.36,205,136.7,19.359025,-47.003423
42390,1265,468.562,705,142.61,19.981853,-48.059014
42521,1266,243.844,131,143.61,22.53879,-49.05353
42628,1267,205.415,107,144.61,21.797145,-49.132271
42775,1268,263.136,147,145.86,20.069894,-49.272941
42930,1269,274.772,155,147.25,20.603744,-49.650008
43120,1270,318.146,190,148.98,20.805583,-49.871804
44031,1271,819.397,911,156.89,22.132009,-51.005176
44215,1272,78.492,184,158.44,21.895361,-51.762744
44378,1273,285.419,163,159.79,22.948299,-52.102804
44633,1274,381.445,255,161.89,21.951654,-52.50363
44803,1275,-28.172,170,163.35,21.020848,-52.75518
44932,1276,55.351,129,164.49,21.380442,-53.022611
45079,1277,266.57,147,165.76,21.141183,-53.166994
45272,1278,317.273,193,167.4,20.762528,-53.559615
45476,1279,319.596,204,168.99,21.625156,-53.764406
45669,1280,305.86,193,170.62,22.767507,-54.085898
46050,1281,378.803,381,173.74,23.018137,-54.415663
46176,1282,227.753,126,174.86,22.525458,-54.750234
46580,1283,233.831,404,177.65,22.774655,-55.014608
46717,1284,252.305,137,178.64,22.055009,-55.267366
46854,1285,97.501,137,179.61,21.249645,-55.548074
47335,1286,251.045,481,182.95,22.422119,-55.891643
47444,1287,55.483,109,183.69,23.12795,-56.149677
47718,1288,362.749,274,185.63,22.609988,-56.417034
48188,1289,256.693,470,189.29,21.923371,-56.618073
48525,1290,364.684,337,191.73,21.71043,-56.955502
48795,1291,103.06,270,194.41,22.169271,-57.33918
48908,1292,105.809,113,195.2,22.980752,-57.415907
49273,1293,353.743,365,197.76,22.814797,-57.718203
49438,1294,280.362,165,198.9,22.095825,-58.051657
49632,1295,-30.852,194,200.21,22.478638,-58.19045
49853,1296,336.308,221,201.68,22.129677,-58.262712
50056,1297,311.179,203,204.38,23.062326,-58.448015
50249,1298,304.424,193,205.97,23.558393,-58.703597
50423,1299,279.163,174,207.03,23.149696,-59.006827
50586,1300,261.272,163,208.04,22.281255,-59.214087
50787,1301,314.874,201,209.27,22.785427,-59.394524
50987,1302,325.978,200,210.54,22.976854,-59.715692
51138,1303,253.551,151,211.5,22.326625,-59.837998
51451,1304,429.209,313,213.55,22.457384,-60.10913
51746,1305,421.861,295,215.43,21.959274,-60.650807
51900,1306,265.474,154,216.45,22.634834,-60.739146
52071,1307,278.47,171,217.63,22.705509,-61.117217
52242,1308,38.86,171,218.95,21.884923,-61.084981
52393,1309,259.162,151,220.01,23.534859,-61.507998
52599,1310,323.288,206,221.42,22.565363,-61.499227
52797,1311,317.921,198,222.74,22.236203,-61.728543
52939,1312,245.135,142,223.73,22.541338,-62.077124
53136,1313,328.377,197,225.08,22.486161,-62.209753
53307,1314,277.453,171,226.35,21.555038,-62.478117
53548,1315,359.604,241,227.99,23.059755,-62.73201
53692,1316,243.697,144,228.91,22.056093,-63.061105
53901,1317,293.829,209,230.24,21.741178,-63.277604
54042,1318,248.663,141,231.22,22.140689,-63.364121
54235,1319,305.388,193,232.42,22.790628,-63.384458
54388,1320,266.443,153,233.35,22.484682,-63.903051
54658,1321,387.592,270,235.15,22.364815,-64.288976
54909,1322,401.308,251,236.8,22.120261,-64.577293
55099,1323,291.739,190,238.08,22.481465,-64.922328
55283,1324,309.161,184,239.37,21.217467,-65.193679
55419,1325,241.723,136,240.48,21.942288,-65.446035
55551,1326,227.464,132,241.42,21.545163,-65.490522
55736,1327,305.884,185,242.68,22.388602,-65.838447
55894,1328,262.009,158,243.85,21.908133,-66.025457
56040,1329,248.078,146,244.79,22.816306,-66.184248
56174,1330,225.29,134,245.73,22.477509,-66.513128
56316,1331,229.4,142,246.66,22.06886,-66.514027
56493,1332,68.486,177,247.8,22.934186,-66.751182
56666,1333,268.942,173,249.03,22.498878,-66.826153
56843,1334,264.086,177,250.26,22.67265,-67.28028
56996,1335,242.771,153,251.33,22.524246,-67.488107
57174,1336,268.75,178,252.57,21.690792,-67.702268
57377,1337,290.917,203,253.99,21.750294,-67.911453
58031,1338,684.165,654,258.7,22.403908,-68.368052
58166,1339,215.992,135,259.62,21.870719,-68.79819
58641,1340,536.651,475,263.15,21.70832,-69.047211
58827,1341,269.483,186,264.49,21.525748,-69.599647
58961,1342,216.295,134,265.52,21.154204,-69.755078
59111,1343,230.513,150,266.72,22.976268,-69.745344
59301,1344,280.792,190,268.27,22.03263,-69.887133
59666,1345,432.691,365,270.89,21.484414,-70.292278
59886,1346,310.242,220,272.34,20.785552,-70.632565
60017,1347,180.025,131,274.83,22.117373,-70.769337
60236,1348,115.962,219,276.61,22.058415,-70.995251
60445,1349,272.257,209,278.13,21.747388,-71.249811
60616,1350,276.63,171,279.42,22.548687,-71.347098
60749,1351,-13.102,133,280.44,22.28367,-71.680946
60917,1352,197.0,168,281.69,22.028926,-71.490571
61102,1353,279.214,185,283.05,23.184053,-71.494807
61311,1354,56.415,209,284.59,22.091976,-72.06547
61471,1355,48.889,160,285.75,23.866288,-72.095508
61658,1356,280.633,187,287.07,22.417282,-72.135383
61917,1357,340.212,259,289.08,23.777545,-72.439178
62151,1358,274.615,234,290.8,23.088448,-72.645328
62254,1359,184.34,103,291.6,24.459199,-73.258706
62422,1360,47.518,168,292.83,23.023705,-73.016458
62752,1361,434.452,330,295.17,23.832926,-73.089114
62897,1362,242.023,145,296.22,22.828534,-73.506367
63249,1363,413.47,352,298.71,23.348214,-73.801436
63452,1364,309.558,203,300.08,22.818421,-74.03178
63568,1365,198.167,116,300.88,23.355927,-74.246403
63739,1366,256.451,171,302.1,23.038136,-74.379491
63940,1367,301.071,201,303.57,23.985352,-74.489948
64020,1368,124.893,80,304.15,23.715221,-74.7718
64250,1369,268.25,230,305.81,22.740464,-74.725717
64405,1370,256.926,155,306.9,23.350097,-74.818077
64621,1371,328.385,216,308.38,22.776619,-75.339553
64812,1372,274.677,191,309.7,23.469352,-75.186044
64953,1373,240.218,141,310.68,23.737235,-75.604503
65174,1374,335.05,221,312.19,22.977503,-75.67887
65390,1375,336.906,216,313.71,23.501393,-75.593559
65667,1376,397.002,277,315.64,22.70149,-76.260424
65961,1377,438.681,294,317.47,23.341407,-76.256045
66127,1378,292.405,166,318.51,23.001937,-76.541398
66313,1379,74.788,186,319.67,23.42576,-76.5592
66498,1380,286.241,185,320.9,23.703827,-76.759651
66664,1381,316.612,166,322.09,23.403168,-77.125401
66921,1382,390.223,257,323.92,23.494624,-77.098715
67065,1383,295.413,144,324.91,23.864961,-77.561918
67337,1384,135.906,272,326.61,24.611219,-77.489698
67518,1385,346.223,181,327.79,23.517387,-77.513672
67689,1386,293.131,171,328.96,24.068635,-77.899752
67887,1387,97.538,198,330.42,22.970195,-77.89826
68077,1388,339.685,190,331.84,23.730081,-78.116101
68390,1389,496.08,313,334.15,23.273534,-78.152843
68522,1390,225.837,132,335.1,23.243463,-78.468569
68686,1391,315.357,164,336.26,23.799793,-78.34008
68881,1392,351.691,195,337.67,23.054945,-78.735566
69070,1393,346.785,189,339.0,23.342132,-78.68744
69245,1394,326.078,175,340.3,22.899119,-79.320222
69432,1395,354.032,187,341.74,23.763293,-79.33291
69585,1396,298.77,153,342.87,23.011489,-79.238246
69808,1397,43.998,223,344.47,23.222333,-79.430724
69959,1398,322.325,151,345.54,23.379536,-79.362427
70166,1399,370.517,207,348.42,24.180257,-79.843457
70360,1400,377.67,194,349.83,23.137433,-79.812586
70528,1401,306.244,168,351.01,24.271178,-79.817376
70710,1402,344.005,182,352.31,22.61887,-80.332358
71005,1403,404.757,295,354.42,24.055099,-80.41284
71276,1404,416.664,271,356.29,23.040721,-80.464923
71512,1405,399.322,236,357.99,24.494032,-80.483035
71753,1406,404.764,241,359.78,22.721052,-80.776622
71940,1407,350.38,187,361.16,23.340055,-80.581755
72128,1408,341.083,188,362.56,23.420172,-80.923839
72317,1409,356.772,189,363.92,22.692432,-80.939828
72517,1410,356.23,200,365.3,23.843609,-81.42835
72721,1411,359.198,204,366.7,23.183097,-81.396375
72926,1412,69.146,205,368.15,23.672485,-81.585056
73142,1413,382.69,216,369.65,24.504302,-81.533894
73311,1414,321.517,169,370.85,24.029336,-81.606869
73676,1415,532.263,365,373.29,23.385829,-81.86088
73927,1416,405.441,251,374.96,23.544253,-82.448908
74106,1417,325.633,179,377.12,22.935178,-82.120338
74335,1418,376.884,229,378.74,22.983871,-82.668191
74644,1419,454.594,309,380.8,23.615208,-82.597966
74974,1420,477.959,330,382.98,23.597159,-83.061497
75190,1421,359.704,216,384.38,23.478989,-83.173975
75392,1422,343.361,202,385.73,24.083499,-83.164063
75627,1423,384.161,235,387.29,23.707777,-83.43323
75849,1424,375.003,222,388.72,23.104036,-83.677863
76068,1425,366.543,219,390.06,23.90849,-83.412895
76288,1426,364.88,220,391.42,22.879949,-83.784382
76488,1427,336.23,200,392.67,23.354167,-84.117843
76717,1428,374.535,229,394.22,23.051813,-84.533209
76905,1429,345.399,188,395.54,22.616461,-84.621814
77139,1430,383.289,234,397.17,22.243236,-84.910835
77385,1431,389.403,246,398.79,22.933347,-84.873369
77606,1432,402.625,221,400.2,23.209315,-85.148812
77813,1433,364.891,207,401.56,22.732648,-85.181763
78040,1434,384.899,227,403.07,22.900711,-85.622382
78294,1435,427.282,254,404.81,22.56762,-85.768305
78455,1436,297.35,161,405.91,23.249688,-85.813245
78654,1437,393.626,199,407.22,23.019564,-85.807378
78903,1438,440.186,249,408.87,22.85601,-86.461449
79061,1439,311.393,158,409.83,22.988824,-86.499396
79228,1440,347.286,167,410.91,22.589764,-86.093166
79435,1441,381.1,207,412.29,22.942474,-86.579145
79595,1442,289.423,160,413.31,22.970513,-86.946678
79789,1443,389.803,194,414.67,23.299846,-87.154031
80021,1444,399.692,232,417.55,23.66209,-86.937092
80194,1445,339.949,173,418.72,23.147734,-87.264508
80441,1446,437.344,247,420.34,23.156364,-87.173872
80676,1447,431.356,235,422.02,23.326563,-87.597756
80897,1448,410.223,221,423.59,22.90653,-87.510035
81144,1449,427.389,247,425.22,23.965338,-87.976839
81375,1450,417.036,231,426.67,23.054321,-87.948775
81559,1451,345.093,184,427.81,24.022954,-88.096208
82224,1452,543.194,665,432.46,23.291746,-88.543096
82443,1453,386.522,219,433.97,23.272306,-89.110214
82660,1454,369.046,217,435.36,23.381018,-89.121954
82830,1455,322.187,170,436.47,23.598458,-88.62883
82997,1456,317.491,167,437.55,23.980754,-89.22146
83156,1457,302.415,159,438.7,23.059694,-89.432994
83365,1458,357.384,209,440.13,23.730067,-89.61376
83578,1459,359.875,213,441.55,23.96243,-89.566885
83772,1460,339.493,194,442.78,22.661668,-89.71877
83923,1461,285.826,151,443.71,22.535153,-89.867455
84118,1462,346.131,195,444.9,23.743074,-90.148239
84301,1463,339.891,183,446.05,22.923127,-90.132987
84453,1464,289.124,152,447.0,22.071709,-90.189386
84603,1465,292.641,150,447.98,22.78021,-90.324988
84794,1466,336.715,191,449.2,22.83294,-90.29498
84948,1467,283.457,154,450.33,23.300648,-90.145858
85188,1468,371.744,240,452.01,21.711204,-90.509293
85395,1469,381.642,207,453.45,21.792693,-91.049911
85612,1470,398.196,217,454.92,22.147218,-90.831007
85933,1471,472.249,321,457.19,22.549201,-91.024065
86140,1472,374.968,207,458.72,21.814276,-91.265567
86417,1473,94.751,277,460.73,22.544301,-91.458978
86628,1474,380.18,211,462.08,22.592602,-91.523621
86938,1475,485.099,310,464.04,22.48857,-91.957167
87153,1476,361.858,215,465.4,22.095421,-91.98035
87355,1477,393.22,202,466.76,21.947081,-92.11836
87560,1478,372.978,205,468.13,22.003299,-92.45328
87829,1479,431.119,269,469.99,21.783386,-92.409328
88029,1480,334.976,200,471.32,22.437476,-92.940069
88262,1481,385.83,233,472.91,21.339709,-93.010099
88487,1482,409.264,225,474.52,21.917122,-92.98722
88706,1483,364.964,219,476.2,21.506297,-93.035562
88936,1484,377.259,230,478.0,21.616439,-93.373928
89125,1485,350.316,189,479.44,21.987064,-93.038186
89395,1486,442.833,270,481.56,21.395323,-93.243384
89626,1487,371.056,231,483.41,21.439896,-93.710089
89835,1488,353.86,209,485.06,21.865611,-93.810333
90078,1489,405.045,243,488.94,21.766365,-94.115468
90314,1490,404.134,236,490.77,21.18855,-94.053878
90536,1491,402.795,222,492.53,21.164232,-94.296943
90807,1492,443.427,271,494.61,20.683229,-94.4062
90991,1493,332.56,184,496.01,20.701268,-94.727787
91226,1494,399.635,235,497.81,21.358443,-94.829646
91428,1495,347.761,202,499.37,20.924912,-94.532225
91638,1496,366.741,210,501.01,20.65121,-95.308929
91840,1497,365.211,202,502.58,20.336973,-94.471534
92077,1498,397.176,237,504.26,20.427991,-95.490591
92304,1499,407.04,227,506.1,20.48885,-95.358388
92511,1500,368.307,207,507.85,20.395856,-95.258764
92734,1501,409.66,223,509.67,20.296722,-95.734793
92943,1502,375.859,209,511.35,20.620926,-95.563445
93163,1503,428.901,220,513.11,20.711028,-95.702713
93352,1504,350.892,189,514.57,19.94712,-95.917316
93559,1505,352.996,207,516.07,19.596,-96.120863
93758,1506,353.42,199,517.55,19.997111,-95.844464
93969,1507,384.926,211,519.06,20.472921,-96.508818
94170,1508,341.38,201,520.53,19.719312,-96.519834
94380,1509,387.32,210,522.07,20.059055,-96.321603
94595,1510,385.766,215,523.72,19.949648,-96.487785
94808,1511,397.107,213,525.25,20.238061,-96.554329
95018,1512,384.491,210,526.8,20.194194,-96.651652
95235,1513,390.479,217,528.46,19.076868,-96.428172
95451,1514,385.672,216,530.13,19.606275,-96.916875
95715,1515,430.502,264,532.15,19.509744,-97.148374
95955,1516,430.852,240,533.99,19.39677,-97.149071
96215,1517,444.065,260,535.92,19.706962,-97.067774
96442,1518,409.134,227,537.6,19.146829,-97.427212
96654,1519,362.38,212,539.14,19.294942,-97.419311
96865,1520,374.364,211,540.71,19.309095,-97.554455
97120,1521,434.96,255,542.63,19.479513,-97.585405
97352,1522,421.805,232,544.39,19.367028,-98.124035
97567,1523,390.346,215,545.96,19.258178,-97.996023
97761,1524,345.788,194,547.36,19.172153,-97.921815
97962,1525,335.455,201,548.82,19.317554,-98.115131
98160,1526,327.529,198,550.24,20.167343,-98.04349
98378,1527,387.453,218,551.82,18.617426,-98.322446
98579,1528,359.998,201,553.3,19.0888,-98.513721
98814,1529,388.084,235,555.03,19.189509,-98.274351
99037,1530,374.782,223,556.71,18.798673,-98.58687
99259,1531,377.471,222,558.3,18.526288,-98.770216
99486,1532,380.831,227,559.94,19.154699,-99.232336
99715,1533,378.197,229,561.59,18.156666,-98.864624
99955,1534,390.116,240,563.35,19.056163,-99.321981
100177,1535,375.718,222,566.48,18.830573,-99.17102
100402,1536,362.503,225,568.16,18.420433,-99.642255
100629,1537,394.085,227,569.8,18.478243,-99.226603
100826,1538,356.954,197,571.26,18.842342,-99.713419
101048,1539,366.316,222,572.93,19.04247,-99.647404
101275,1540,378.314,227,574.56,18.678468,-100.053435
101495,1541,375.847,220,576.16,18.351907,-99.925813
101748,1542,425.097,253,577.99,17.910426,-99.994717
101973,1543,399.864,225,579.52,19.09472,-100.218897
102196,1544,364.236,223,581.16,18.411775,-100.432452
102423,1545,357.1,227,582.83,18.209575,-100.141175
102690,1546,405.477,267,584.76,19.027878,-100.50971
102925,1547,362.393,235,586.38,18.47471,-100.787298
103117,1548,328.812,192,587.67,18.566983,-100.802907
103372,1549,413.775,255,589.39,18.528476,-100.387064
103556,1550,308.436,184,590.74,18.318093,-100.825203
103726,1551,295.756,170,591.99,17.929902,-101.207134
103893,1552,224.41,167,593.21,17.914101,-101.178434
104198,1553,687.158,305,595.37,18.534117,-101.318281
104424,1554,360.115,226,597.09,19.186171,-100.974855
104642,1555,336.106,218,598.62,18.519019,-101.112197
104864,1556,364.369,222,600.25,18.492948,-101.172182
105165,1557,476.749,301,602.33,18.869115,-101.125113
105424,1558,413.436,259,604.13,18.497526,-101.259354
105661,1559,354.768,237,605.8,18.587726,-101.214754
105866,1560,331.77,205,607.3,18.520454,-101.315414
106059,1561,318.928,193,608.6,18.509779,-101.562905
106265,1562,357.854,206,610.04,17.655917,-101.268675
106546,1563,443.933,281,611.89,18.381171,-101.546435
106761,1564,335.5,215,613.42,18.136808,-101.944467
106982,1565,349.836,221,615.0,17.880232,-102.022397
107018,1566,16.319,36,615.26,18.937962,-102.409618
107055,1567,14.866,37,615.56,16.479687,-102.462734
107276,1568,338.773,221,617.11,18.049497,-101.807604
107500,1569,329.212,224,618.72,18.543728,-102.047027
107763,1570,389.89,263,620.58,18.332888,-101.763754
107979,1571,365.369,216,622.11,17.192549,-102.224106
108179,1572,61.078,200,623.6,17.883933,-102.297927
108386,1573,354.819,207,625.04,17.439929,-102.053203
108583,1574,332.602,197,626.48,17.208556,-101.799833
108801,1575,357.559,218,628.07,17.539407,-101.958654
108845,1576,26.126,44,628.43,17.795959,-102.11741
109128,1577,425.88,283,630.63,18.5142,-102.005483
109302,1578,296.254,174,632.03,17.797068,-101.907078
109567,1579,397.229,265,633.96,17.013155,-102.355983
109634,1580,44.361,67,634.52,17.135459,-102.078124
109903,1581,396.144,269,636.54,17.420264,-102.326285
110223,1582,450.155,320,641.04,18.563211,-102.453881
110430,1583,318.495,207,642.52,17.960343,-102.011264
110657,1584,348.391,227,644.15,17.440554,-102.513822
110874,1585,346.397,217,645.75,17.189836,-102.418309
111077,1586,322.789,203,647.34,17.588985,-102.405111
111253,1587,278.831,176,648.66,17.016401,-102.637478
111421,1588,288.024,168,649.96,17.618697,-102.0033
111632,1589,323.435,211,651.61,16.904338,-102.668432
111836,1590,330.667,204,653.2,17.086962,-102.792412
112083,1591,364.841,247,655.1,17.224797,-102.6284
112324,1592,385.166,241,656.85,16.838464,-102.71202
112546,1593,363.776,222,658.45,17.807367,-102.513458
112708,1594,261.002,162,659.62,17.179034,-102.501997
112947,1595,451.158,239,661.13,16.707121,-102.772626
113174,1596,342.958,227,662.52,16.373522,-102.871214
113446,1597,507.374,272,664.23,17.04433,-102.708899
113678,1598,403.342,232,665.83,16.372844,-102.853927
113885,1599,328.931,207,667.34,16.968675,-102.521965
114073,1600,296.834,188,668.69,16.951855,-102.595186
114278,1601,332.273,205,670.15,16.714058,-102.656809
114459,1602,329.342,181,671.45,17.066242,-102.449263
114633,1603,313.792,174,672.66,17.007553,-102.867948
114817,1604,304.243,184,673.94,16.827764,-102.934483
114992,1605,330.413,175,675.19,16.895652,-102.966143
115189,1606,302.014,197,676.63,16.935963,-102.992356
115364,1607,301.042,175,677.9,16.888391,-102.32031
115578,1608,371.627,214,679.4,16.94079,-103.471473
115748,1609,309.274,170,680.57,16.595627,-103.039429
115917,1610,308.803,169,681.71,16.27826,-103.096198
116130,1611,378.414,213,683.02,15.968323,-103.338116
116383,1612,405.71,253,684.85,16.606067,-102.990359
116556,1613,299.347,173,686.1,16.884773,-103.197925
116922,1614,500.998,366,688.72,17.290293,-103.287951
117158,1615,473.183,236,690.4,17.273359,-103.394455
117372,1616,350.048,214,691.9,16.650278,-103.167539
117632,1617,504.715,260,693.78,16.71834,-103.079943
117820,1618,344.877,188,695.14,17.100011,-103.396549
118089,1619,499.687,269,697.04,16.390709,-103.373042
118293,1620,365.158,204,698.44,16.631199,-103.688332
118567,1621,430.421,274,700.33,16.130874,-103.53332
118870,1622,459.063,303,702.48,16.359918,-103.452906
119037,1623,320.434,167,703.65,16.008194,-102.976187
119208,1624,314.71,171,704.89,16.677268,-103.14067
119412,1625,328.973,204,706.42,16.606431,-103.239093
119561,1626,249.168,149,707.45,16.025373,-103.38863
119759,1627,326.01,198,708.86,15.666568,-103.309129
119979,1628,368.388,220,710.41,16.385306,-103.57857
120194,1629,350.989,215,713.22,15.860714,-103.527608
120477,1630,477.884,283,715.43,15.850372,-103.846581
120661,1631,314.706,184,716.77,16.096172,-104.065849
120897,1632,482.649,236,718.45,16.474552,-103.716198
121107,1633,346.637,210,719.8,15.868888,-103.612165
121342,1634,360.253,235,721.36,16.062235,-103.584596
121583,1635,407.568,241,723.15,15.885632,-103.42601
121834,1636,505.022,251,724.96,15.781721,-103.821824
122085,1637,488.468,251,726.75,16.599413,-103.782758
122460,1638,605.654,375,729.45,16.445136,-103.723683
122665,1639,367.802,205,730.99,16.156279,-103.999344
122857,1640,313.668,192,732.39,16.162741,-103.908538
123056,1641,389.614,199,733.9,15.769557,-103.893045
123254,1642,338.953,198,735.33,16.631331,-104.174758
123514,1643,485.119,260,737.23,15.949033,-104.209361
123704,1644,316.865,190,738.63,15.496038,-103.637607
123921,1645,402.811,217,740.24,15.882499,-103.823584
124101,1646,325.203,180,741.61,16.367354,-103.533853
124276,1647,325.233,175,742.94,16.218599,-103.978963
124559,1648,440.462,283,744.98,15.839682,-104.358272
124751,1649,342.371,192,746.27,15.889752,-104.003603
124963,1650,367.407,212,747.64,16.447973,-104.467244
125203,1651,383.907,240,749.25,16.718205,-104.210801
125394,1652,311.218,191,750.51,16.684106,-104.278436
125608,1653,372.716,214,751.93,15.963026,-104.334137
125803,1654,334.886,195,753.17,15.654392,-104.604503
125993,1655,331.543,190,754.36,15.468405,-104.68219
126238,1656,471.618,245,755.96,16.373377,-104.185918
126449,1657,393.16,211,757.31,16.437718,-104.609224
126638,1658,312.732,189,758.56,16.106921,-104.812386
126845,1659,350.289,207,759.93,16.501756,-104.366859
127076,1660,445.418,231,761.49,16.446974,-104.788438
127375,1661,452.88,299,763.36,16.101424,-104.838
127604,1662,452.78,229,764.77,16.890528,-104.33634
127797,1663,338.862,193,766.08,16.786079,-104.490082
127987,1664,350.234,190,767.43,16.555078,-104.48049
128165,1665,289.726,178,768.67,15.634176,-104.711263
128421,1666,477.987,256,770.45,16.001493,-104.488504
128623,1667,346.735,202,771.78,15.877039,-104.977035
128833,1668,344.605,210,773.16,15.827003,-104.765558
129080,1669,500.469,247,774.79,15.575394,-104.982031
129278,1670,334.957,198,776.21,15.321726,-104.93234
129434,1671,281.717,156,777.31,15.137375,-104.796186
129643,1672,366.462,209,778.79,15.554461,-105.110016
129848,1673,373.467,205,780.21,15.810534,-104.833337
130178,1674,43.873,330,784.26,15.866286,-104.794223
130418,1675,371.836,240,785.91,15.843657,-105.359208
130648,1676,397.647,230,787.48,16.910691,-104.612343
130872,1677,378.629,224,788.86,15.920273,-104.910401
131096,1678,429.773,224,790.28,16.115952,-104.78264
131305,1679,373.987,209,791.58,16.304819,-105.02797
131540,1680,365.317,235,793.17,16.103905,-104.817396
131795,1681,426.622,255,795.02,16.010794,-104.933382
131997,1682,341.63,202,796.4,15.6213,-104.659293
132243,1683,382.909,246,797.92,16.165245,-105.099617
132464,1684,349.24,221,799.42,16.517593,-105.220827
132661,1685,341.703,197,800.74,16.080316,-105.3002
132913,1686,416.43,252,802.53,16.062961,-105.133503
133139,1687,372.065,226,804.15,16.31571,-105.435953
133367,1688,358.636,228,805.69,16.545015,-105.358176
133739,1689,500.549,372,808.08,16.943306,-105.002011
133996,1690,399.742,257,809.76,16.803131,-105.537912
134201,1691,336.768,205,811.16,16.327472,-105.486139
134454,1692,406.379,253,812.91,15.292586,-105.193426
134757,1693,461.55,303,814.95,16.158504,-105.187691
135008,1694,439.877,251,816.62,16.296576,-105.459735
135239,1695,359.318,231,818.18,16.277806,-105.434315
135449,1696,364.083,210,819.61,16.95803,-105.369969
135808,1697,280.445,359,822.17,16.36769,-105.440467
136056,1698,407.37,248,823.95,16.216772,-105.207482
136281,1699,399.237,225,825.47,16.580456,-105.577556
136507,1700,401.476,226,827.02,16.577988,-105.280483
136723,1701,382.126,216,828.45,16.586412,-105.678213
136956,1702,395.648,233,830.07,16.585983,-105.506791
137175,1703,343.605,219,831.62,16.253475,-105.474233
137418,1704,419.408,243,833.35,16.544141,-105.627802
137943,1705,679.705,525,837.46,15.782818,-105.404837
138151,1706,371.18,208,839.08,16.681748,-105.465759
138368,1707,383.363,217,840.74,16.137887,-105.52132
138565,1708,367.469,197,842.21,16.514142,-105.55584
138781,1709,363.1,216,843.98,17.043908,-105.435071
138986,1710,395.701,205,845.62,17.142353,-105.311707
139201,1711,379.485,215,847.42,17.221414,-105.466115
139401,1712,358.932,200,849.04,16.607542,-105.332901
139638,1713,476.152,237,851.0,16.482322,-104.997659
139914,1714,428.315,276,853.28,15.968734,-105.420179
140168,1715,419.959,254,857.04,16.643814,-105.127001
140439,1716,439.472,271,859.2,16.884016,-104.98852
140938,1717,601.682,499,863.31,16.579595,-105.228692
141146,1718,388.811,208,865.05,17.108447,-105.226774
141372,1719,409.696,226,866.9,16.659445,-105.054837
141590,1720,387.253,218,868.74,17.061208,-105.28231
141756,1721,380.309,166,870.09,16.718661,-105.282794
141960,1722,371.961,204,871.75,16.879237,-105.0635
142152,1723,356.547,192,873.32,16.795648,-104.968401
142359,1724,395.811,207,874.96,16.447141,-105.320179
142547,1725,338.687,188,876.45,16.87476,-105.333966
142787,1726,481.458,240,878.36,15.624905,-105.114294
142892,1727,183.064,105,879.22,16.145326,-104.665009
143075,1728,357.865,183,880.74,16.701764,-105.324271
143302,1729,390.991,227,882.57,16.310086,-105.07694
143550,1730,433.62,248,884.54,15.863609,-105.062392
143806,1731,483.218,256,886.53,16.431506,-104.858416
144033,1732,414.662,227,888.28,16.076461,-104.632936
144266,1733,450.845,233,890.14,16.826475,-105.159411
144483,1734,413.138,217,891.92,16.598885,-105.130766
144693,1735,415.534,210,893.58,15.959753,-104.981579
144925,1736,414.166,232,895.42,15.668655,-104.944404
145144,1737,405.137,219,896.92,16.132018,-104.924131
145415,1738,488.086,271,898.83,16.119734,-105.165008
145616,1739,388.856,201,900.2,15.992238,-104.957672
145772,1740,281.505,156,901.29,16.90183,-104.824499
146017,1741,481.411,245,902.96,16.425612,-104.818563
146211,1742,376.66,194,904.29,16.066377,-105.136056
146447,1743,444.58,236,905.98,16.160133,-104.732456
146730,1744,474.977,283,907.95,16.142524,-105.071409
146907,1745,354.696,177,909.16,16.708502,-105.276165
147084,1746,374.018,177,910.42,16.25354,-104.770374
147286,1747,369.321,202,911.81,16.843948,-105.045753
147413,1748,207.236,127,912.69,16.238328,-104.685931
147550,1749,274.083,137,913.63,16.522426,-104.912607
147810,1750,445.189,260,915.4,16.001044,-104.75183
148034,1751,429.079,224,916.98,15.858355,-104.763899
148181,1752,309.307,147,918.01,15.674388,-104.812831
148397,1753,400.554,216,919.52,16.380161,-104.967225
148703,1754,551.461,306,921.62,16.079683,-104.651831
149162,1755,354.978,459,924.75,16.039835,-104.846825
149381,1756,407.353,219,926.27,15.882546,-104.617295
149591,1757,398.928,210,927.73,16.696427,-104.408435
149729,1758,288.396,138,928.7,17.120605,-104.664424
149992,1759,462.818,263,930.5,16.809026,-105.052591
150235,1760,426.874,243,934.41,16.494156,-104.669019
150490,1761,445.496,255,936.16,16.281488,-104.969688
150699,1762,404.042,209,937.67,16.456941,-104.56838
150919,1763,407.829,220,939.22,15.899705,-104.864069
151092,1764,370.985,173,940.42,15.498519,-105.191661
151243,1765,325.238,151,941.49,16.270571,-104.962091
151423,1766,360.55,180,942.77,16.408243,-105.332694
151505,1767,147.645,82,943.36,16.276963,-104.813385
151652,1768,316.17,147,944.4,16.189321,-105.197433
152065,1769,562.107,413,947.38,16.427531,-104.975127
152201,1770,242.512,136,948.36,16.698092,-105.0927
152357,1771,319.623,156,949.46,17.22139,-105.192702
152503,1772,317.6,146,950.51,16.799769,-104.461499
152698,1773,402.731,195,951.83,16.909353,-104.926377
152892,1774,389.372,194,953.14,16.688822,-105.062707
153077,1775,365.654,185,954.48,16.513304,-105.05295
153233,1776,341.033,156,955.68,16.314761,-105.079712
153380,1777,347.383,147,956.86,17.112195,-105.114735
153538,1778,346.951,158,958.09,16.598133,-104.937865
153703,1779,372.046,165,959.4,16.161521,-105.021756
153930,1780,428.644,227,961.15,15.848738,-104.943645
154079,1781,356.788,149,962.28,16.348239,-105.183355
154240,1782,372.089,161,963.54,16.51219,-104.791083
154394,1783,349.397,154,964.75,16.146524,-104.640429
154590,1784,418.601,196,966.19,16.01339,-105.375726
154721,1785,254.4,131,967.2,16.386529,-104.663261
154903,1786,373.774,182,968.61,16.16862,-105.199446
155065,1787,366.533,162,969.85,15.982297,-105.284886
155235,1788,368.244,170,971.17,17.112224,-104.922406
155399,1789,370.68,164,972.38,16.106968,-105.644714
155637,1790,440.439,238,974.13,16.718847,-104.937911
155802,1791,301.879,165,975.25,15.788887,-105.429912
155956,1792,337.682,154,977.29,16.532937,-105.419773
156137,1793,382.627,181,978.74,16.298637,-105.224769
156307,1794,369.425,170,979.99,16.430027,-105.324859
156456,1795,312.745,149,981.19,16.498844,-104.906762
156615,1796,331.88,159,982.34,16.418986,-105.413601
156702,1797,126.494,87,982.9,15.502942,-105.495398
156831,1798,266.373,129,983.79,16.008009,-105.762054
157036,1799,382.07,205,985.24,16.077459,-105.336296
157196,1800,344.822,160,986.34,15.115321,-105.493219
157416,1801,420.145,220,987.74,16.73465,-105.568813
157589,1802,358.603,173,988.83,16.563864,-105.923854
157776,1803,384.864,187,989.98,15.045452,-105.526667
157954,1804,374.981,178,991.28,15.927423,-105.720258
158125,1805,347.65,171,992.5,15.848527,-105.523071
158247,1806,222.328,122,993.36,15.178824,-105.538557
158371,1807,75.345,124,994.27,17.007124,-105.454974
158551,1808,382.094,180,995.65,15.449484,-105.671363
158902,1809,550.248,351,998.03,15.880671,-105.804657
159145,1810,442.652,243,999.65,15.993134,-105.582338
159278,1811,283.771,133,1000.6,16.193724,-105.880674
159449,1812,343.684,171,1001.86,16.161131,-105.954368
159688,1813,428.623,239,1003.47,15.946815,-106.25745
159914,1814,431.766,226,1005.14,16.024947,-105.648175
160155,1815,449.357,241,1009.07,16.483508,-105.628923
160381,1816,426.35,226,1010.87,16.076415,-105.790151
160593,1817,415.034,212,1012.63,15.797955,-106.074454
160799,1818,413.221,206,1014.25,15.300165,-106.236234
160971,1819,370.494,172,1015.52,16.475625,-106.013774
161231,1820,472.332,260,1017.31,16.040203,-105.97021
161455,1821,417.168,224,1018.84,16.146478,-106.23096
161700,1822,444.649,245,1020.49,15.838607,-106.273129
161957,1823,468.148,257,1022.13,15.0761,-106.408031
162172,1824,404.759,215,1023.45,15.114018,-106.475547
162360,1825,380.307,188,1024.58,15.906585,-106.633918
162488,1826,241.843,128,1025.34,15.606259,-106.549041
162729,1827,452.111,241,1026.82,15.259171,-106.732351
162904,1828,380.35,175,1027.97,15.867913,-106.469537
163139,1829,443.212,235,1029.47,15.636292,-106.51391
163311,1830,372.739,172,1030.55,16.48991,-106.614808
163561,1831,454.997,250,1032.1,15.251896,-106.385215
163738,1832,409.876,177,1033.17,15.961122,-106.739016
163963,1833,452.934,225,1034.53,15.78629,-106.642172
164124,1834,354.786,161,1035.54,15.541215,-106.545592
164359,1835,475.549,235,1037.16,15.781593,-106.93343
164504,1836,329.433,145,1038.15,15.916563,-107.086911
164732,1837,446.776,228,1039.79,15.493598,-106.678467
164973,1838,471.572,241,1041.43,16.067871,-106.832418
165423,1839,696.748,450,1044.49,15.513684,-107.219471
165664,1840,475.574,241,1046.15,15.912606,-107.102308
165841,1841,376.93,177,1047.43,15.667118,-107.039694
166098,1842,523.669,257,1049.31,15.483627,-106.957069
166280,1843,424.678,182,1050.61,16.126324,-106.857498
166482,1844,413.722,202,1052.03,15.8134,-107.21274
166694,1845,466.065,212,1053.34,14.961771,-107.268223
166866,1846,126.134,172,1054.43,15.538969,-107.178815
167141,1847,505.109,275,1056.3,15.716199,-107.334644
167386,1848,458.79,245,1057.98,15.794736,-107.600657
167557,1849,372.29,171,1059.12,15.283024,-107.620712
167792,1850,65.662,235,1060.69,15.378502,-107.571523
168020,1851,456.619,228,1062.35,16.222973,-107.435544
168284,1852,524.169,264,1064.26,15.293936,-107.365776
168460,1853,375.448,176,1065.52,15.312894,-107.695363
168720,1854,482.935,260,1067.41,14.945767,-107.734359
168949,1855,445.273,229,1068.92,15.623251,-107.478387
169197,1856,469.168,248,1070.57,15.740033,-107.576676
169391,1857,445.708,194,1071.74,15.339072,-107.734393
169677,1858,503.101,286,1073.8,15.743804,-108.069936
169946,1859,528.752,269,1075.77,15.976645,-107.857854
170107,1860,383.515,161,1078.43,15.840635,-108.024762
170339,1861,448.521,232,1080.13,15.618114,-107.51185
170490,1862,375.965,151,1081.19,14.313901,-108.171217
170797,1863,519.66,307,1083.33,15.784344,-107.781478
170984,1864,392.731,187,1084.61,15.05487,-108.173649
171237,1865,468.334,253,1086.23,15.024566,-107.944779
171481,1866,453.894,244,1087.75,15.673475,-107.715801
171680,1867,408.815,199,1088.98,15.19004,-108.068971
171899,1868,437.049,219,1090.39,15.467509,-108.035395
172164,1869,476.136,265,1092.13,15.437794,-107.966926
172340,1870,394.166,176,1093.25,14.942687,-108.411426
172575,1871,469.557,235,1094.82,15.321297,-108.084365
172751,1872,373.785,176,1095.99,15.73637,-107.890286
172925,1873,385.902,174,1097.15,14.494509,-108.424884
173180,1874,470.381,255,1098.99,15.916052,-108.15759
173348,1875,414.713,168,1100.28,16.004953,-108.314673
173571,1876,449.866,223,1102.04,15.989925,-108.179804
173762,1877,403.416,191,1103.49,15.785073,-107.938387
173946,1878,404.923,184,1104.83,15.356903,-108.662138
174179,1879,517.342,233,1106.43,16.001634,-108.410632
174404,1880,141.137,225,1108.18,15.610049,-108.359243
174601,1881,411.914,197,1109.8,15.534519,-108.182859
174839,1882,499.798,238,1111.72,15.457004,-108.767353
175013,1883,394.825,174,1113.22,16.352833,-108.2268
175251,1884,475.494,238,1115.28,15.564642,-108.238106
175452,1885,462.666,201,1116.9,15.281554,-108.281945
175588,1886,307.276,136,1118.13,16.100363,-108.179443
175866,1887,534.226,278,1120.68,15.783543,-108.546466
176077,1888,425.206,211,1122.6,16.046191,-108.150461
176271,1889,441.98,194,1124.5,15.921301,-108.034721
176429,1890,389.562,158,1126.24,15.378227,-108.147686
176600,1891,396.539,171,1128.02,14.92986,-108.518597
176847,1892,507.975,247,1130.77,15.524094,-108.123941
177019,1893,385.578,172,1132.83,16.058984,-108.451942
177213,1894,447.99,194,1135.12,15.742045,-108.317223
177342,1895,297.734,129,1136.92,16.324835,-108.689578
177521,1896,392.819,179,1139.6,15.951291,-108.213023
177722,1897,395.155,201,1142.51,16.272805,-108.646883
177914,1898,409.467,192,1144.9,15.480192,-108.306441
178075,1899,393.161,161,1147.15,15.65679,-108.694798
178253,1900,409.08,178,1149.6,15.105844,-108.408303
178425,1901,51.773,172,1152.01,14.889414,-108.335285
178607,1902,385.512,182,1154.41,15.313526,-108.562942
178740,1903,301.069,133,1156.16,15.383146,-108.480869
178935,1904,375.192,195,1158.35,15.99963,-108.35722
179059,1905,279.747,124,1159.84,15.576953,-108.797909
179248,1906,360.944,189,1162.06,15.52948,-108.144955
179462,1907,457.7,214,1164.78,15.502695,-108.460852
179607,1908,356.088,145,1166.9,16.072433,-108.377418
179782,1909,414.513,175,1168.27,15.262281,-108.511442
179980,1910,409.389,198,1169.77,15.346536,-108.651114
180144,1911,395.789,164,1172.52,15.80108,-108.292321
180373,1912,477.86,229,1174.2,16.275673,-108.751563
180605,1913,470.176,232,1175.91,15.521689,-108.780774
180778,1914,404.133,173,1177.14,15.585015,-109.28482
180948,1915,407.963,170,1178.33,15.867189,-108.731706
181140,1916,437.421,192,1179.71,15.378638,-108.925343
181338,1917,438.166,198,1181.06,16.620524,-108.912593
181697,1918,513.688,359,1183.62,16.490109,-108.953754
181871,1919,417.149,174,1184.84,15.619556,-108.99369
182017,1920,364.476,146,1185.83,15.748197,-108.574908
182249,1921,480.714,232,1187.4,16.230856,-108.76408
182411,1922,390.001,162,1188.49,16.00037,-108.618885
182591,1923,406.336,180,1189.73,15.391423,-109.087816
182750,1924,370.36,159,1190.86,16.127478,-108.666608
182944,1925,438.955,194,1192.22,15.495426,-108.867036
183098,1926,352.817,154,1193.29,15.564952,-108.639058
183270,1927,399.409,172,1194.49,15.215749,-108.685733
183442,1928,408.678,172,1195.77,15.7216,-109.019738
183749,1929,565.516,307,1198.12,15.828487,-109.001582
183893,1930,360.317,144,1199.22,16.49779,-109.012122
184103,1931,482.753,210,1200.81,15.857153,-108.801354
184218,1932,215.285,115,1201.65,16.154119,-109.105163
184444,1933,439.394,226,1203.38,15.679188,-109.390193
184657,1934,399.896,213,1205.08,15.636394,-109.124891
184835,1935,382.702,178,1206.57,15.033432,-109.007021
185060,1936,492.069,225,1208.37,15.109632,-109.152726
185232,1937,407.125,172,1209.7,15.464648,-108.94469
185477,1938,495.463,245,1211.59,15.227597,-108.919483
185633,1939,377.287,156,1212.81,15.456192,-109.425327
185829,1940,388.801,196,1214.42,16.426308,-108.959448
186054,1941,484.404,225,1216.21,15.966569,-108.979857
186286,1942,502.132,232,1218.02,15.266678,-109.270169
186505,1943,464.923,219,1219.71,15.825552,-109.405917
186661,1944,357.785,156,1220.96,15.614714,-109.557376
186839,1945,420.216,178,1222.34,14.725309,-109.366317
186999,1946,390.807,160,1223.62,15.459781,-109.073299
187238,1947,498.099,239,1225.58,16.180171,-109.345427
187503,1948,468.781,265,1227.7,16.362947,-109.287198
187666,1949,378.259,163,1229.0,15.164837,-109.497609
187894,1950,461.331,228,1230.81,15.248114,-109.582784
188159,1951,608.708,265,1232.97,15.449835,-109.861287
188391,1952,444.71,232,1234.84,16.176642,-109.764668
188638,1953,456.812,247,1236.72,14.663596,-109.787495
188887,1954,492.485,249,1238.6,15.134952,-109.80226
189122,1955,471.553,235,1240.37,15.714236,-109.895953
189338,1956,426.091,216,1242.02,15.770171,-110.245965
189565,1957,440.533,227,1243.74,15.371691,-110.008833
189840,1958,531.918,275,1245.91,14.905105,-109.888735
190076,1959,472.17,236,1249.52,15.094774,-109.886145
190309,1960,480.353,233,1251.39,15.32408,-110.112243
190543,1961,475.775,234,1253.27,15.49845,-110.227507
190774,1962,486.304,231,1255.14,15.214548,-110.17582
191006,1963,509.046,232,1256.76,15.756693,-110.126326
191283,1964,552.131,277,1258.72,15.342156,-110.547272
191488,1965,448.649,205,1260.19,16.064836,-110.510364
191699,1966,420.67,211,1261.68,15.035864,-110.703635
191942,1967,531.875,243,1263.34,15.542282,-110.483761
192135,1968,436.592,193,1264.66,15.516714,-110.760244
192438,1969,556.229,303,1266.76,15.437267,-110.741668
192663,1970,471.775,225,1268.35,15.498571,-110.94611
192886,1971,465.245,223,1269.91,15.377758,-110.668892
193135,1972,504.482,249,1271.66,15.102325,-110.934976
193352,1973,462.345,217,1273.17,15.311882,-110.703072
193581,1974,472.725,229,1274.71,15.128352,-111.045984
193792,1975,458.762,211,1276.2,15.001465,-110.81819
194002,1976,461.938,210,1277.69,14.55723,-111.32615
194232,1977,487.114,230,1279.42,14.711401,-111.326068
194465,1978,481.273,233,1281.11,15.035773,-111.22537
194683,1979,462.283,218,1282.69,15.311936,-111.263488
194942,1980,479.322,259,1284.52,15.303617,-111.311408
195159,1981,455.287,217,1286.02,15.772266,-111.629146
195384,1982,475.006,225,1287.62,15.433962,-111.431025
195602,1983,462.037,218,1289.22,14.417917,-111.466001
195878,1984,537.864,276,1291.18,15.244739,-111.524116
196092,1985,449.326,214,1292.62,15.483758,-111.670686
196333,1986,550.674,241,1294.24,14.666688,-111.945053
196546,1987,457.283,213,1295.68,14.924858,-111.98735
196759,1988,470.32,213,1297.26,15.379127,-112.36366
196978,1989,477.805,219,1298.89,14.579876,-112.356932
197199,1990,471.208,221,1300.52,14.55136,-112.272585
197425,1991,484.898,226,1302.18,14.687512,-112.318093
197638,1992,468.844,213,1303.71,14.853551,-112.278622
197857,1993,473.007,219,1305.34,15.252186,-112.279197
198064,1994,452.465,207,1306.88,14.300776,-112.60269
198304,1995,536.987,240,1308.65,14.760919,-112.597432
198517,1996,447.96,213,1310.24,14.522462,-112.515139
198763,1997,501.33,246,1312.02,15.582888,-112.969873
199020,1998,564.603,257,1313.83,14.891769,-112.641499
199293,1999,586.402,273,1315.73,14.602537,-112.768855
199535,2000,570.26,242,1317.38,14.61969,-113.096152
199749,2001,425.985,214,1318.88,15.090491,-113.31387
199977,2002,479.111,228,1320.59,15.03803,-112.917466
200215,2003,484.205,238,1324.66,15.162079,-113.366574
200429,2004,406.369,214,1326.19,14.625596,-113.111522
200669,2005,491.849,240,1327.89,14.715712,-113.321881
200916,2006,542.448,247,1329.67,14.884255,-113.675563
201164,2007,519.689,248,1331.43,15.30466,-113.262368
201426,2008,508.858,262,1333.26,14.588295,-113.484571
201849,2009,627.59,423,1336.1,14.865588,-113.519139
202103,2010,534.257,254,1337.87,15.107106,-113.494202
202348,2011,523.127,245,1339.55,13.973905,-113.373145
202588,2012,540.399,240,1341.26,14.557351,-113.72692
202856,2013,573.511,268,1343.04,15.632428,-113.55
203085,2014,441.022,229,1344.52,15.573277,-113.661271
203460,2015,659.019,375,1347.33,14.837256,-113.652576
203691,2016,469.402,231,1349.02,15.027241,-113.460144
203925,2017,511.081,234,1350.75,14.920947,-113.624251
204172,2018,554.6,247,1352.52,14.096132,-113.728903
204464,2019,629.643,292,1354.63,14.312199,-114.216892
205078,2020,879.899,614,1359.22,14.772028,-113.903126
205312,2021,490.153,234,1360.97,14.540338,-113.775772
205540,2022,440.575,228,1362.65,15.89593,-114.160058
205801,2023,493.828,261,1364.57,14.133422,-114.085269
206036,2024,510.696,235,1366.32,14.847587,-114.34545
206296,2025,534.181,260,1368.16,14.193422,-114.288902
206519,2026,449.708,223,1369.89,14.405269,-114.456763
206743,2027,411.487,224,1371.7,14.645547,-114.379717
207247,2028,784.557,504,1375.54,14.112814,-114.402096
207512,2029,546.443,265,1377.42,14.157773,-114.624728
207735,2030,436.529,223,1378.96,14.824228,-114.508274
207991,2031,513.143,256,1380.81,14.020639,-114.806176
208272,2032,584.325,281,1382.84,14.364892,-114.331268
208475,2033,407.848,203,1384.31,15.086963,-114.617162
208699,2034,444.281,224,1385.78,14.663241,-114.283481
208933,2035,460.974,234,1387.27,14.765858,-114.992049
209153,2036,451.299,220,1388.68,14.925653,-114.73413
209475,2037,673.099,322,1390.98,14.694997,-114.833917
209756,2038,542.269,281,1393.04,15.377807,-115.229637
210005,2039,509.029,249,1396.11,13.981714,-115.30547
210268,2040,536.636,263,1398.01,14.44059,-114.998322
210518,2041,462.202,250,1399.85,14.240916,-115.034005
210692,2042,356.429,174,1401.09,15.196836,-115.042515
210909,2043,444.03,217,1402.65,14.856395,-115.343992
211157,2044,503.558,248,1404.4,14.151175,-115.273043
211398,2045,456.311,241,1406.04,14.433377,-115.360327
211589,2046,505.004,191,1407.4,14.976843,-115.305323
211789,2047,460.627,200,1408.88,14.944766,-115.17084
212008,2048,431.611,219,1410.48,15.02967,-115.731947
212227,2049,443.846,219,1412.07,15.849217,-116.026629
212448,2050,498.106,221,1413.61,14.938516,-115.97502
212672,2051,465.778,224,1415.24,14.750229,-115.440837
212871,2052,378.509,199,1416.66,14.753433,-116.170679
213137,2053,549.217,266,1418.56,15.02916,-116.282964
213369,2054,492.138,232,1420.23,15.445776,-115.991835
213601,2055,470.368,232,1421.88,14.718582,-116.08406
213786,2056,371.346,185,1423.09,14.207364,-116.525352
213998,2057,441.653,212,1424.45,14.947463,-116.466953
214209,2058,478.97,211,1425.79,14.581765,-116.204845
214408,2059,490.731,199,1427.18,15.190918,-116.620406
214668,2060,474.019,260,1429.04,15.482068,-116.256363
214883,2061,549.568,215,1430.55,15.321928,-116.468997
215089,2062,423.335,206,1431.99,15.213886,-116.299698
215286,2063,396.17,197,1433.36,14.804931,-116.71477
215516,2064,499.497,230,1434.96,15.2638,-116.713399
215715,2065,475.439,199,1436.44,15.935507,-116.51133
215917,2066,392.889,202,1437.94,14.887494,-116.637448
216125,2067,403.488,208,1439.53,15.559726,-117.002154
216319,2068,375.006,194,1440.9,15.351509,-117.073753
216545,2069,484.481,226,1442.53,15.867469,-116.892609
216700,2070,355.603,155,1443.6,14.700597,-117.015218
216876,2071,389.161,176,1444.88,15.551985,-117.029765
217061,2072,488.966,185,1446.25,14.817225,-117.488084
217148,2073,146.329,87,1446.88,14.343042,-117.028367
217332,2074,455.836,184,1448.31,14.513926,-116.847039
217486,2075,376.148,154,1449.45,15.133548,-117.053772
217579,2076,144.05,93,1450.1,14.962501,-117.57935
217703,2077,310.534,124,1450.95,15.652685,-116.880143
217856,2078,398.843,153,1452.02,15.292551,-117.38609
217989,2079,324.721,133,1452.93,14.322861,-117.83845
218169,2080,413.742,180,1454.2,15.162429,-117.398184
218349,2081,433.087,180,1455.57,15.948647,-117.261952
218519,2082,430.547,170,1456.86,15.854369,-117.437639
218726,2083,479.745,207,1458.4,14.88315,-117.253093
218933,2084,541.863,207,1459.89,15.456627,-117.550607
219058,2085,306.253,125,1460.76,15.684288,-117.6168
219160,2086,195.764,102,1461.47,16.868825,-117.503712
219359,2087,531.945,199,1462.85,15.997668,-117.049948
219571,2088,560.316,212,1464.34,16.180064,-117.998776
219766,2089,496.003,195,1465.77,15.773778,-117.965114
219954,2090,467.263,188,1467.18,15.364903,-117.516897
220165,2091,564.583,211,1470.15,15.652864,-117.764177
220298,2092,315.696,133,1470.99,15.781749,-117.603528
220542,2093,558.448,244,1472.59,15.524376,-117.906636
220699,2094,381.681,157,1473.75,14.894883,-117.88638
220861,2095,395.948,162,1474.88,15.458997,-117.551358
221092,2096,595.344,231,1476.5,15.670417,-118.058337
221333,2097,603.72,241,1478.07,15.685091,-117.798309
221567,2098,530.631,234,1479.56,15.351265,-117.854207
221797,2099,595.643,230,1481.03,15.344509,-118.197644
221979,2100,437.453,182,1482.29,16.491664,-117.94148
222182,2101,519.17,203,1483.69,16.385242,-118.003037
222445,2102,649.795,263,1485.52,15.172154,-118.375037
222614,2103,420.074,169,1486.57,15.55547,-118.170969
222855,2104,700.251,241,1488.09,15.72154,-118.487807
222963,2105,215.753,108,1488.76,16.39408,-118.076868
223086,2106,274.658,123,1489.54,15.995602,-118.445386
223265,2107,408.336,179,1490.75,16.62052,-118.397636
223436,2108,440.144,171,1491.93,16.360288,-118.147131
223522,2109,158.914,86,1492.55,15.467572,-119.146924
223702,2110,452.492,180,1493.83,15.368484,-118.488184
223913,2111,516.631,211,1495.22,15.109424,-118.522476
224017,2112,204.318,104,1495.88,16.317575,-118.895869
224115,2113,184.748,98,1496.49,15.830007,-118.695769
224230,2114,227.357,115,1497.2,15.073456,-118.28448
224313,2115,146.65,83,1497.71,15.474048,-118.673278
224484,2116,402.534,171,1498.81,15.111854,-118.755376
224690,2117,572.217,206,1500.27,16.067605,-118.349954
224912,2118,602.896,222,1501.87,16.44156,-118.827292
225086,2119,430.095,174,1503.08,16.473978,-118.793931
225279,2120,495.458,193,1504.33,17.71591,-118.803992
225503,2121,592.555,224,1505.99,16.274408,-118.683214
225687,2122,489.502,184,1507.32,15.393959,-119.009244
225889,2123,455.177,202,1508.72,15.326025,-118.990751
226140,2124,629.673,251,1510.46,15.563728,-118.578578
226315,2125,441.858,175,1511.72,15.575292,-118.741025
226483,2126,453.09,168,1512.89,16.413935,-119.198851
226742,2127,714.932,259,1514.57,15.941901,-119.209127
226979,2128,563.676,237,1516.06,16.15552,-118.87501
227097,2129,285.161,118,1516.83,16.369168,-119.486982
227251,2130,393.647,154,1517.87,16.34415,-119.066785
227492,2131,541.224,241,1519.53,15.151021,-119.217092
227597,2132,219.611,105,1520.26,16.742538,-118.980175
227852,2133,627.755,255,1521.93,17.101781,-118.9721
228105,2134,582.846,253,1523.5,15.999286,-119.18824
228362,2135,630.051,257,1525.12,16.496002,-119.450093
228534,2136,450.964,172,1526.22,16.954579,-119.675942
228792,2137,629.947,258,1527.94,16.45525,-119.180095
228978,2138,485.022,186,1529.17,16.66956,-119.539262
229140,2139,411.453,162,1530.29,16.824372,-119.499372
229333,2140,531.52,193,1531.58,16.750969,-119.603684
229485,2141,390.02,152,1532.6,16.173837,-119.56846
229741,2142,628.948,256,1534.36,15.978919,-119.470138
229925,2143,478.716,184,1535.63,15.588654,-120.063714
230179,2144,624.34,254,1538.19,16.139757,-119.872027
230342,2145,441.755,163,1539.31,16.46049,-120.24246
230552,2146,586.544,210,1540.76,15.765977,-120.061561
230790,2147,625.67,238,1542.38,16.121769,-120.084775
230955,2148,437.254,165,1543.52,15.842418,-119.943953
231152,2149,511.133,197,1544.94,15.339612,-119.865079
231307,2150,408.972,155,1546.1,16.341507,-120.536183
231517,2151,585.632,210,1547.62,15.918129,-120.561993
231714,2152,511.756,197,1548.99,15.492704,-120.197955
231957,2153,650.458,243,1550.64,16.282228,-120.527815
232151,2154,571.58,194,1551.91,16.222391,-120.02294
232293,2155,346.069,142,1552.77,16.812113,-120.146912
232605,2156,713.62,312,1554.91,17.020913,-120.748513
232774,2157,439.224,169,1556.11,17.653914,-120.095767
232956,2158,466.971,182,1557.42,15.678385,-120.531452
233209,2159,631.547,253,1559.27,16.384874,-120.583855
233482,2160,622.55,273,1561.31,17.105556,-120.699193
233685,2161,572.447,203,1562.75,16.617686,-121.045596
233864,2162,480.906,179,1564.02,16.981733,-120.954088
234047,2163,473.222,183,1565.27,16.910223,-120.959826
234217,2164,411.998,170,1566.46,16.956498,-121.198509
234418,2165,567.741,201,1567.98,17.077556,-121.188807
234606,2166,493.085,188,1569.33,16.76021,-120.908318
234810,2167,541.65,204,1570.82,16.053745,-120.965324
234924,2168,265.734,114,1571.63,17.87954,-120.772743
235082,2169,410.096,158,1572.74,16.381484,-121.118403
235251,2170,433.607,169,1573.83,16.127012,-121.18578
235401,2171,403.751,150,1574.8,17.413616,-120.760475
235566,2172,448.69,165,1577.14,17.012681,-120.866971
235703,2173,354.054,137,1578.31,16.837704,-121.047559
235855,2174,389.719,152,1579.56,18.186265,-121.428772
236072,2175,596.947,217,1581.26,16.641195,-121.392267
236233,2176,425.791,161,1582.53,17.107536,-121.824401
236459,2177,554.267,226,1584.29,16.766161,-121.322662
236631,2178,453.262,172,1585.72,17.017038,-121.358112
236860,2179,615.753,229,1587.69,16.850321,-121.592014
236956,2180,195.432,96,1588.45,16.433226,-121.241604
237100,2181,378.746,144,1589.66,17.840874,-122.066455
237270,2182,445.861,170,1591.02,18.045369,-121.958995
237433,2183,412.638,163,1592.36,18.016719,-121.756877
237704,2184,737.033,271,1594.63,16.906431,-121.515793
237879,2185,481.271,175,1596.06,17.521332,-122.088239
238061,2186,465.959,182,1597.57,18.136509,-121.898501
238171,2187,234.23,110,1598.5,17.478975,-122.021025
238344,2188,443.292,173,1599.99,16.92344,-122.131241
238554,2189,557.543,210,1601.71,16.627351,-122.139721
238695,2190,358.594,141,1602.93,16.726558,-122.364231
238840,2191,372.667,145,1604.19,17.024541,-121.981099
239065,2192,606.611,225,1606.13,17.989073,-122.165507
239300,2193,611.533,235,1608.07,17.299895,-122.609639
239520,2194,635.221,220,1609.76,17.102656,-122.480667
239612,2195,168.493,92,1610.47,16.447898,-122.456116
239713,2196,191.633,101,1611.32,16.489171,-122.294965
239842,2197,288.035,129,1612.43,18.404951,-122.491317
239986,2198,361.743,144,1613.65,17.522557,-122.700088
240215,2199,605.716,229,1616.39,18.829227,-122.619216
240304,2200,163.562,89,1617.01,17.623653,-121.699002
240531,2201,640.952,227,1618.57,18.024602,-122.685779
240716,2202,470.787,185,1619.88,16.6472,-122.682826
240870,2203,390.006,154,1620.96,16.809257,-123.048506
241004,2204,329.205,134,1621.91,18.712358,-122.515946
241150,2205,399.778,146,1622.96,17.410711,-122.645796
241406,2206,651.844,256,1624.83,17.382804,-123.20043
241742,2207,613.437,336,1627.17,17.313015,-123.158846
241994,2208,642.161,252,1628.94,16.854389,-123.25291
242210,2209,564.487,216,1630.44,17.217433,-123.043551
242505,2210,666.258,295,1632.52,17.41823,-123.432881
242690,2211,501.93,185,1633.86,16.704902,-123.497683
242915,2212,591.444,225,1635.44,17.594439,-123.526271
243140,2213,509.411,225,1636.97,17.961923,-123.048128
243392,2214,630.983,252,1638.68,17.112677,-123.515877
243702,2215,657.087,310,1640.85,17.499045,-123.398947
243946,2216,602.915,244,1642.59,17.854879,-123.700401
244110,2217,380.327,164,1643.77,17.792469,-124.030044
244325,2218,440.065,215,1645.32,17.352088,-123.853353
244573,2219,532.284,248,1647.13,17.173923,-124.200946
244725,2220,369.164,152,1648.22,18.768846,-123.671479
245013,2221,660.048,288,1650.32,18.990966,-124.042239
245256,2222,667.827,243,1652.07,18.01351,-124.127742
245458,2223,575.158,202,1653.51,17.933677,-123.780153
245726,2224,638.366,268,1655.31,18.270285,-124.073207
245923,2225,513.211,197,1656.65,17.468281,-124.16325
246006,2226,140.523,83,1657.21,18.383669,-124.105087
246331,2227,361.641,325,1659.45,17.555364,-124.319733
246612,2228,662.06,281,1661.5,18.044407,-124.404483
246813,2229,505.024,201,1662.92,17.908917,-124.661395
247045,2230,532.604,232,1664.48,18.04307,-124.410808
247260,2231,566.934,215,1665.98,17.966286,-124.602094
247498,2232,544.031,238,1667.71,17.29738,-124.592968
247712,2233,445.579,214,1669.3,17.937746,-124.783913
247992,2234,712.401,280,1671.4,18.341048,-124.617244
248211,2235,602.23,219,1673.05,17.175662,-124.674841
248406,2236,547.887,195,1674.49,17.498417,-124.572296
248548,2237,339.1,142,1675.57,16.667002,-124.6386
248755,2238,444.773,207,1677.28,17.645081,-124.930215
248967,2239,467.498,212,1678.8,17.417818,-125.013181
249174,2240,565.117,207,1680.22,17.527805,-124.861769
249656,2241,1158.452,482,1683.78,17.528477,-125.181303
249917,2242,671.824,261,1685.77,17.676994,-125.063429
250181,2243,739.531,264,1689.46,18.075218,-125.257632
250383,2244,563.558,202,1690.96,17.798213,-124.95343
250647,2245,641.982,264,1692.97,17.697125,-125.365421
250729,2246,133.452,82,1693.59,17.903619,-126.002987
250817,2247,182.471,88,1694.35,18.096952,-125.120189
251075,2248,317.96,258,1696.57,16.786657,-125.850192
251175,2249,218.752,100,1697.35,18.677862,-126.008666
251421,2250,613.331,246,1699.4,18.325193,-125.032387
251562,2251,357.569,141,1700.54,17.594926,-125.13884
251663,2252,177.403,101,1701.31,18.761123,-125.919835
251746,2253,139.192,83,1701.98,19.282561,-125.48922
252197,2254,1057.242,451,1705.66,17.46885,-125.476235
252285,2255,168.905,88,1706.41,17.770045,-125.425547
252467,2256,499.038,182,1707.98,17.27339,-125.920388
252622,2257,379.383,155,1709.32,17.000261,-125.101651
252969,2258,758.807,347,1712.32,17.701391,-125.737333
253070,2259,209.208,101,1713.18,18.002415,-125.637444
253173,2260,214.82,103,1714.05,17.595231,-125.514367
253271,2261,181.044,98,1714.82,16.6781,-125.926037
253366,2262,164.025,95,1715.62,17.499927,-126.360312
253483,2263,270.263,117,1716.59,17.184648,-125.56204
253567,2264,131.553,84,1717.32,18.327811,-125.46671
253716,2265,421.013,149,1718.64,18.103928,-126.054512
253813,2266,194.879,97,1719.49,18.274697,-125.567258
254007,2267,545.449,194,1721.19,17.989639,-125.683256
254125,2268,265.681,118,1722.26,17.7027,-126.694773
254225,2269,198.242,100,1723.12,18.111931,-125.79325
254301,2270,130.141,76,1723.79,18.736479,-125.768305
254429,2271,310.459,128,1724.68,18.567086,-126.338903
254517,2272,170.276,88,1725.31,19.193699,-125.335836
254643,2273,292.13,126,1726.15,18.190181,-126.170288
254739,2274,190.026,96,1726.81,17.545189,-125.861008
254883,2275,369.301,144,1728.11,17.407646,-125.518994
254972,2276,156.144,89,1728.92,17.401517,-126.334754
255071,2277,191.926,99,1729.65,17.775642,-125.854682
255211,2278,345.953,140,1730.61,18.034444,-125.700034
255301,2279,159.491,90,1731.39,16.953009,-125.236775
255416,2280,231.992,115,1732.24,17.808443,-125.838551
255496,2281,121.354,80,1732.86,18.628349,-125.861074
255679,2282,504.716,183,1734.37,17.725671,-125.8961
255780,2283,194.612,101,1735.12,18.076854,-126.171606
255860,2284,125.452,80,1735.62,17.774768,-126.325444
255961,2285,208.38,101,1736.3,17.854702,-124.677955
256053,2286,151.016,92,1736.9,17.370696,-125.304354
256150,2287,175.956,97,1737.55,19.43601,-125.866194
256259,2288,215.774,109,1738.25,17.551301,-125.835642
256359,2289,198.323,100,1738.93,17.275336,-125.704017
256502,2290,346.472,143,1739.89,19.033594,-125.67316
256590,2291,144.542,88,1740.49,17.906061,-126.257664
256686,2292,175.979,96,1741.15,18.807428,-126.305666
256863,2293,501.188,177,1742.36,19.547214,-126.043211
256966,2294,194.007,103,1743.04,19.078297,-125.729037
257131,2295,474.767,165,1744.18,18.651739,-126.548519
257388,2296,652.039,257,1745.93,18.317706,-125.742057
257473,2297,136.877,85,1746.54,19.309309,-126.168013
257679,2298,567.173,206,1747.97,17.794144,-126.49478
257758,2299,128.399,79,1748.54,20.154669,-126.228837
257836,2300,135.349,78,1749.09,19.64443,-125.622526
257918,2301,134.652,82,1749.66,18.160659,-125.865229
258015,2302,184.348,97,1750.34,20.091671,-125.709115
258125,2303,233.23,110,1751.08,18.94961,-126.638321
258215,2304,158.992,90,1751.69,18.618264,-125.993848
258352,2305,276.856,137,1752.67,17.964131,-125.891624
258425,2306,124.293,73,1753.13,19.244015,-126.28289
258592,2307,412.282,167,1754.19,18.629893,-126.457911
258666,2308,126.269,74,1754.7,19.823477,-126.463985
258752,2309,160.711,86,1755.25,18.046452,-126.676779
258895,2310,340.065,143,1756.26,19.183243,-126.099762
258969,2311,110.724,74,1756.77,18.824135,-125.439523
259095,2312,276.068,126,1757.57,18.333794,-126.057049
259182,2313,157.46,87,1758.16,19.212624,-127.061997
259325,2314,325.583,143,1759.16,18.923507,-126.207198
259437,2315,207.675,112,1759.83,19.001767,-126.923949
259556,2316,262.022,119,1760.57,18.611494,-126.638514
259635,2317,117.349,79,1761.06,19.16441,-126.231229
259710,2318,104.389,75,1761.52,18.742039,-126.752449
259845,2319,313.988,135,1762.34,19.00859,-126.551726
259929,2320,158.068,84,1762.94,20.753452,-125.916617
260032,2321,189.393,103,1764.47,18.744636,-126.48618
260117,2322,143.363,85,1765.04,18.489144,-126.574287
260220,2323,220.452,103,1765.8,19.875828,-126.28066
260369,2324,368.628,149,1766.87,19.02543,-126.253988
260499,2325,293.127,130,1767.67,19.223975,-126.279763
260603,2326,193.902,104,1768.44,19.63152,-125.58396
260690,2327,155.462,87,1769.05,18.658599,-126.82009
260784,2328,182.994,94,1769.61,20.614241,-126.044102
260904,2329,241.94,120,1770.32,20.089399,-126.578718
261013,2330,219.741,109,1770.98,19.681834,-126.467577
261116,2331,205.035,103,1771.64,20.410844,-126.275777
261241,2332,297.677,125,1772.52,19.744729,-125.590244
261330,2333,153.737,89,1773.17,20.054922,-125.991654
261476,2334,375.171,146,1774.2,18.38844,-126.11403
261560,2335,128.924,84,1774.81,18.563031,-126.754418
261660,2336,197.094,100,1775.58,20.780335,-125.863801
261732,2337,106.66,72,1776.15,18.075115,-126.38633
261861,2338,299.623,129,1777.08,19.41194,-126.157669
261942,2339,135.052,81,1777.69,20.79972,-126.480354
262033,2340,182.512,91,1778.61,21.031566,-125.915131
262241,2341,573.273,208,1780.04,19.867248,-126.028824
262408,2342,423.616,167,1781.16,19.871359,-126.556872
262504,2343,176.085,96,1781.82,20.294858,-125.993292
262616,2344,228.135,112,1782.58,19.202828,-125.89027
262856,2345,624.051,240,1784.39,19.074223,-126.443022
262961,2346,206.591,105,1785.23,19.433216,-126.222429
263160,2347,558.266,199,1786.71,18.608951,-126.432645
263287,2348,283.289,127,1787.66,19.398257,-126.511871
263402,2349,238.296,115,1788.53,18.147423,-126.318518
263596,2350,537.627,194,1789.98,18.948574,-126.149974
263740,2351,349.027,144,1791.07,19.345602,-126.466963
263955,2352,587.847,215,1792.63,18.655347,-126.459062
264184,2353,621.747,229,1794.28,19.968199,-125.623472
264288,2354,221.092,104,1795.04,19.01836,-125.624474
264415,2355,284.351,127,1795.91,19.362354,-126.317588
264628,2356,570.386,213,1797.34,19.011416,-125.678716
264904,2357,765.314,276,1799.26,18.779882,-126.796681
265043,2358,336.962,139,1800.23,19.729144,-125.75961
265231,2359,495.556,188,1801.53,19.813019,-126.230487
265324,2360,180.678,93,1802.13,19.841006,-125.330007
265512,2361,526.142,188,1803.36,19.145043,-126.379406
265606,2362,191.357,94,1803.97,18.592726,-127.106166
265698,2363,179.818,92,1804.55,18.874746,-125.888331
265790,2364,160.967,92,1805.13,18.970743,-126.165393
265854,2365,108.341,64,1805.55,19.691984,-126.326083
265961,2366,224.131,107,1806.27,19.969105,-125.598676
266042,2367,142.383,81,1806.85,20.089245,-125.948625
266159,2368,263.738,117,1807.68,19.49571,-126.250837
266290,2369,341.203,131,1808.55,18.486653,-126.971258
266433,2370,351.265,143,1809.53,18.85368,-126.445282
266514,2371,137.85,81,1810.09,19.320492,-126.133375
266675,2372,446.061,161,1811.19,19.296415,-126.137775
266788,2373,246.421,113,1812.01,20.37212,-126.194883
266863,2374,131.937,75,1812.55,19.134733,-125.642399
267004,2375,366.016,141,1813.58,19.089132,-126.525396
267166,2376,447.016,162,1814.75,19.932647,-126.722437
267296,2377,312.424,130,1815.6,20.796631,-126.4524
267479,2378,524.454,183,1816.81,20.486362,-126.483317
267621,2379,346.729,142,1817.73,20.065356,-126.322665
267689,2380,103.505,68,1818.19,19.742458,-126.855089
267790,2381,220.894,101,1818.89,21.198676,-126.181711
267886,2382,216.538,96,1819.56,19.362222,-126.564485
268018,2383,310.823,132,1820.44,19.139187,-126.172293
268129,2384,247.482,111,1821.26,19.509608,-126.561876
268230,2385,223.405,101,1821.97,19.426114,-126.275371
268359,2386,262.512,129,1822.76,20.728871,-126.643801
268649,2387,799.722,290,1824.5,20.039026,-126.331791
268768,2388,277.963,119,1825.22,21.124955,-125.951882
268896,2389,322.697,128,1826.04,20.573127,-126.047344
269160,2390,721.263,264,1827.84,20.142878,-126.378816
269238,2391,129.134,78,1828.36,21.09422,-126.900708
269967,2392,1786.736,729,1833.1,20.499124,-126.698405
270103,2393,298.814,136,1834.75,20.749806,-126.502542
270279,2394,515.395,176,1835.96,19.201568,-126.65289
270457,2395,471.106,178,1837.24,20.264018,-126.996099
270566,2396,245.664,109,1837.97,20.882347,-126.15742
270719,2397,369.344,153,1839.05,19.962444,-126.207167
270852,2398,314.688,133,1839.9,20.777838,-126.937763
270990,2399,393.82,138,1840.8,20.776831,-126.241466
271215,2400,634.085,225,1842.26,20.663428,-126.590893
271369,2401,422.801,154,1843.27,20.425239,-126.884015
271590,2402,606.034,221,1844.78,19.696625,-126.642681
271695,2403,197.488,105,1845.51,20.727595,-127.365254
271830,2404,331.776,135,1846.45,20.36105,-126.887932
272046,2405,600.124,216,1848.06,20.494487,-126.788412
272232,2406,478.691,186,1849.39,20.109979,-126.825072
272576,2407,846.967,344,1851.85,19.628507,-126.993374
272681,2408,192.67,105,1852.61,19.021148,-126.836329
272861,2409,470.514,180,1853.87,20.389584,-127.102055
273059,2410,552.28,198,1855.25,20.783034,-126.574125
273381,2411,833.984,322,1857.47,20.816571,-127.32157
273585,2412,569.248,204,1858.77,19.226625,-127.273997
273819,2413,633.376,234,1860.21,20.147094,-127.339796
274107,2414,791.591,288,1862.14,20.310253,-127.009473
274284,2415,503.99,177,1863.3,20.3634,-126.682831
274419,2416,301.144,135,1864.24,20.617765,-127.303125
274579,2417,378.827,160,1865.29,20.724255,-127.497325
274758,2418,523.417,179,1866.48,21.682703,-127.450584
274937,2419,513.874,179,1867.58,19.839052,-127.73634
275074,2420,321.545,137,1868.54,20.890136,-127.229331
275348,2421,722.974,274,1870.37,20.1148,-127.128895
275646,2422,772.983,298,1872.41,20.499118,-127.434268
275808,2423,408.944,162,1873.56,19.991233,-128.138598
276075,2424,745.384,267,1875.49,20.284448,-127.287916
276375,2425,775.275,300,1877.48,20.264496,-127.546286
276635,2426,602.19,260,1879.18,20.938745,-127.893201
276901,2427,719.643,266,1880.98,19.793019,-127.813013
277079,2428,464.54,178,1882.21,21.258376,-127.935235
277246,2429,377.813,167,1883.37,20.61038,-127.76465
277431,2430,515.69,185,1884.67,19.488724,-128.056339
277578,2431,373.627,147,1885.56,20.548239,-127.563244
277711,2432,289.804,133,1886.36,19.667562,-128.301661
277967,2433,767.166,256,1888.01,20.540456,-127.802859
278243,2434,830.331,276,1889.88,20.569416,-127.590315
278403,2435,393.525,160,1890.98,20.555278,-128.639418
278734,2436,961.822,331,1893.23,20.42644,-128.263344
278884,2437,364.123,150,1894.25,21.884318,-127.487991
279288,2438,971.29,404,1896.94,20.091927,-128.337978
279517,2439,598.233,229,1898.5,19.982327,-128.106043
279649,2440,286.247,132,1899.39,19.800743,-128.423212
279816,2441,451.341,167,1900.55,21.587365,-128.016652
279988,2442,418.068,172,1901.75,21.300033,-128.081555
280476,2443,1105.668,488,1906.85,20.411088,-128.495048
280655,2444,489.682,179,1908.13,20.260769,-128.510969
280889,2445,696.169,234,1909.76,20.305675,-128.418798
281124,2446,655.208,235,1911.44,20.273615,-128.576771
281383,2447,692.038,259,1913.16,20.679908,-128.626873
281706,2448,798.099,323,1915.44,21.244146,-128.893808
281885,2449,448.249,179,1916.77,20.543969,-129.130323
282134,2450,675.598,249,1918.68,20.96601,-128.917716
282454,2451,735.969,320,1921.17,21.082723,-129.098428
282764,2452,808.017,310,1923.65,21.960232,-128.916859
283034,2453,798.623,270,1925.83,21.463094,-129.12291
283319,2454,683.029,285,1928.04,20.675987,-128.759845
283613,2455,857.17,294,1930.29,20.714421,-129.142808
283957,2456,885.789,344,1932.99,20.997756,-129.749324
284219,2457,660.595,262,1935.06,20.724173,-129.533859
284500,2458,697.183,281,1937.25,20.622371,-129.499839
284630,2459,283.725,130,1938.24,20.262952,-130.448154
284952,2460,847.976,322,1940.7,20.12528,-129.828037
285283,2461,847.782,331,1943.27,20.269597,-129.978394
285542,2462,624.034,259,1945.34,20.760076,-129.995246
285907,2463,1004.392,365,1948.37,20.374988,-129.963383
286155,2464,635.08,248,1950.44,21.181613,-130.081186
286422,2465,666.565,267,1952.56,21.53505,-130.011515
286696,2466,829.576,274,1954.82,20.609043,-130.743798
286837,2467,196.436,141,1955.97,20.857472,-129.858268
287084,2468,756.003,247,1958.02,20.360707,-130.857984
287343,2469,720.074,259,1960.21,21.405805,-130.912335
287606,2470,800.439,263,1962.37,21.189065,-130.946413
287902,2471,866.469,296,1964.79,20.981404,-130.815732
288238,2472,946.963,336,1967.64,21.464828,-131.327182
288551,2473,841.893,313,1970.31,21.257233,-131.518564
288909,2474,941.199,358,1973.12,21.464975,-131.314084
289210,2475,846.635,301,1975.44,21.358212,-130.807662
289487,2476,801.11,277,1977.41,21.062571,-131.442515
289752,2477,698.498,265,1979.29,21.697691,-131.505956
290054,2478,802.516,302,1983.28,21.398557,-131.685493
290327,2479,779.285,273,1985.26,21.314718,-131.511842
290581,2480,688.972,254,1987.08,21.685127,-132.313748
290954,2481,1054.911,373,1989.71,21.138594,-131.951689
291266,2482,902.297,312,1991.84,21.038253,-132.12139
291527,2483,639.49,261,1993.63,22.149066,-131.684229
291811,2484,773.839,284,1995.65,20.788244,-132.147897
292123,2485,916.85,312,1997.86,21.425743,-132.655175
292432,2486,862.636,309,2000.03,21.759145,-132.482894
292700,2487,747.159,268,2001.89,21.014024,-132.576464
293062,2488,1038.24,362,2004.4,21.358397,-132.865017
293364,2489,856.971,302,2006.58,21.929008,-132.511551
293649,2490,842.078,285,2008.71,22.139339,-133.051192
293936,2491,773.459,287,2010.82,21.46692,-133.148558
294282,2492,879.231,346,2013.38,21.432849,-132.980378
294614,2493,954.66,332,2015.83,21.4791,-133.081071
294919,2494,865.962,305,2018.05,20.855975,-133.229552
295200,2495,743.379,281,2020.07,21.217155,-133.471025
295516,2496,921.422,316,2022.3,20.976159,-133.312021
295699,2497,494.021,183,2023.59,22.39587,-133.345482
296003,2498,852.585,304,2025.84,21.736456,-133.532374
296350,2499,1008.651,347,2028.35,20.666099,-133.565996
296709,2500,936.156,359,2030.75,21.782472,-133.626021
297046,2501,872.972,337,2033.11,20.639486,-134.042037
297359,2502,876.606,313,2035.39,21.328806,-133.980821
297654,2503,798.604,295,2037.77,21.409225,-133.98952
298028,2504,878.79,374,2040.75,21.522794,-134.068109
298334,2505,839.598,306,2043.03,21.166475,-134.449905
298628,2506,849.138,294,2045.03,21.818294,-134.289998
298879,2507,668.644,251,2046.98,20.847311,-134.579096
299185,2508,780.827,306,2049.39,20.949229,-134.349936
299455,2509,722.044,270,2051.45,21.324127,-134.725335
299767,2510,880.098,312,2053.63,21.806898,-134.479994
300044,2511,717.049,277,2058.67,21.718532,-134.8008
300415,2512,1084.388,371,2061.67,21.494932,-134.810703
300711,2513,831.434,296,2064.01,22.00918,-135.327268
301004,2514,834.987,293,2066.5,21.676398,-134.91947
301346,2515,889.222,342,2069.35,20.983479,-135.345039
301637,2516,821.871,291,2071.74,21.658036,-135.268203
301957,2517,847.958,320,2074.45,20.843788,-135.264806
302335,2518,1098.948,378,2077.66,21.070631,-135.238144
302546,2519,621.638,211,2079.4,21.205932,-135.141174
302907,2520,867.305,361,2082.47,20.116852,-135.715896
303188,2521,788.564,281,2084.79,20.692708,-136.015793
303468,2522,780.39,280,2087.11,21.209492,-135.574131
303752,2523,799.564,284,2089.44,21.16174,-135.436105
304148,2524,1073.313,396,2092.69,21.08674,-135.973054
304489,2525,887.231,341,2095.48,20.24616,-136.101173
304792,2526,782.578,303,2097.44,20.266101,-136.121701
305152,2527,952.599,360,2099.66,20.671995,-136.047526
305495,2528,897.926,343,2102.02,19.962467,-135.997196
305759,2529,776.065,264,2103.79,21.504885,-136.551399
306127,2530,906.249,368,2106.07,21.326444,-136.381353
306480,2531,914.033,353,2108.22,20.381237,-137.009054
306848,2532,899.949,368,2110.76,21.263969,-136.398303
307144,2533,735.038,296,2112.77,21.326412,-136.625556
307518,2534,961.836,374,2115.35,21.20967,-136.457617
307854,2535,890.839,336,2117.7,20.366051,-136.732858
308148,2536,869.301,294,2119.75,20.2163,-137.156952
308502,2537,945.732,354,2122.16,20.596295,-136.85607
308881,2538,973.667,379,2124.67,20.739719,-136.798832
309252,2539,918.687,371,2127.07,20.522799,-137.364361
309510,2540,731.069,258,2128.75,20.052604,-137.385159
309820,2541,796.362,310,2130.87,20.220118,-137.601002
310107,2542,787.883,287,2134.45,20.508244,-137.537813
310448,2543,943.111,341,2136.77,20.597741,-137.764481
310799,2544,892.869,351,2139.15,19.953326,-137.684421
311086,2545,858.382,287,2141.19,20.589605,-137.184821
311431,2546,865.139,345,2143.32,20.369972,-137.867941
311738,2547,842.28,307,2145.35,21.597176,-137.757055
312021,2548,684.698,283,2147.17,21.116049,-137.831979
312277,2549,648.318,256,2148.84,20.610658,-138.124676
312596,2550,845.304,319,2151.05,20.591102,-138.152122
312911,2551,741.239,315,2153.32,19.316544,-138.545316
313233,2552,765.138,322,2155.66,20.505088,-138.037805
313522,2553,874.113,289,2157.73,20.666885,-138.203179
313836,2554,863.159,314,2159.95,20.030284,-138.465021
314147,2555,737.549,311,2162.07,20.994323,-138.246384
314442,2556,712.991,295,2164.17,20.353025,-138.856662
314793,2557,926.14,351,2166.55,20.975111,-139.152965
315084,2558,719.612,291,2168.43,20.190819,-138.708326
315343,2559,650.413,259,2170.46,21.019913,-139.005279
315731,2560,844.88,388,2173.21,20.027934,-138.528595
316005,2561,824.954,274,2175.18,19.550717,-139.275717
316340,2562,747.143,335,2178.63,21.03276,-139.035061
316673,2563,905.172,333,2181.01,20.011046,-139.131263
316962,2564,690.707,289,2183.13,20.186066,-138.774721
317239,2565,689.073,277,2185.24,20.614564,-139.023669
317513,2566,713.264,274,2187.01,20.331554,-139.058624
317807,2567,801.647,294,2188.85,20.431263,-139.578471
318221,2568,835.287,414,2191.6,20.943318,-139.268776
318528,2569,725.799,307,2193.71,19.87473,-139.495436
318744,2570,595.99,216,2195.03,21.084285,-139.580454
319082,2571,894.138,338,2197.29,19.808385,-139.369965
319372,2572,693.82,290,2199.12,19.221062,-140.037628
319660,2573,709.301,288,2201.19,20.132413,-139.532132
319920,2574,661.131,260,2202.95,19.320746,-139.907905
320231,2575,848.23,311,2207.29,20.628771,-139.840079
320545,2576,882.604,314,2209.36,20.134411,-140.33415
320894,2577,904.997,349,2211.63,20.220583,-140.256653
321241,2578,905.51,347,2213.92,20.407786,-140.213774
321582,2579,900.066,341,2216.2,20.437404,-139.962882
321880,2580,767.416,298,2218.29,19.919107,-140.854474
322204,2581,723.495,324,2220.45,19.52888,-140.680125
322569,2582,944.59,365,2222.82,20.465741,-140.343007
322860,2583,827.293,291,2224.78,20.216637,-140.505394
323153,2584,894.185,293,2226.76,20.599145,-140.838547
323436,2585,807.251,283,2228.7,19.264531,-140.656381
323767,2586,906.407,331,2230.77,19.951982,-140.723271
324031,2587,663.722,264,2232.44,20.460745,-140.71754
324368,2588,953.645,337,2234.73,20.507709,-141.26125
324676,2589,822.213,308,2236.8,19.744263,-141.065282
324960,2590,763.745,284,2238.54,20.442903,-141.293497
325325,2591,921.312,365,2240.77,20.015843,-141.469331
325683,2592,925.113,358,2243.22,19.629096,-141.573417
325918,2593,672.177,235,2244.93,20.696333,-141.810118
326239,2594,907.342,321,2247.01,20.749369,-141.504805
326477,2595,634.192,238,2248.52,19.272135,-141.793624
326762,2596,877.516,285,2250.38,19.428331,-141.669499
327065,2597,742.773,303,2252.59,21.692563,-141.766634
327421,2598,894.621,356,2255.08,19.606518,-141.570974
327701,2599,679.53,280,2256.93,19.755184,-141.97022
328016,2600,914.806,315,2258.98,19.651435,-142.0912
328347,2601,938.433,331,2261.22,20.03295,-142.341119
328645,2602,708.226,298,2263.26,20.258798,-141.945799
328983,2603,884.951,338,2265.49,20.303828,-142.195659
329283,2604,709.268,300,2267.43,20.130238,-142.038443
329596,2605,809.858,313,2269.48,20.315655,-142.788553
329936,2606,927.27,340,2271.77,19.804214,-142.694614
330235,2607,780.605,299,2276.12,20.179448,-143.077169
330579,2608,857.697,344,2278.84,19.153125,-142.617768
330925,2609,887.016,346,2281.5,20.446581,-142.460588
331262,2610,899.547,337,2284.29,19.783216,-142.78091
331551,2611,748.857,289,2286.69,19.011053,-143.420987
331901,2612,938.525,350,2289.43,19.934851,-143.100682
332189,2613,826.187,288,2291.75,20.744039,-142.927556
332506,2614,842.7,317,2294.35,19.794052,-143.333008
332869,2615,952.41,363,2297.3,19.931147,-143.112602
333220,2616,897.883,351,2300.22,20.667762,-143.047579
333574,2617,922.654,354,2303.22,20.205151,-143.668163
333881,2618,740.361,307,2305.77,19.526601,-143.768116
334195,2619,808.038,314,2308.24,20.024337,-143.716097
334411,2620,589.54,216,2309.98,20.908213,-143.644558
334757,2621,902.505,346,2312.69,20.294314,-143.647705
335063,2622,777.922,306,2314.99,20.346935,-143.972756
335334,2623,832.94,271,2317.21,19.325093,-144.348316
335653,2624,938.91,319,2319.76,19.789026,-144.122931
335932,2625,799.603,279,2321.88,20.077525,-144.045503
336239,2626,786.684,307,2324.4,20.100642,-144.379352
336562,2627,806.287,323,2326.91,19.529648,-144.515991
336845,2628,815.62,283,2329.24,21.173776,-144.118949
337188,2629,895.701,343,2331.95,20.505631,-144.707114
337448,2630,770.178,260,2334.05,19.324177,-144.684657
337687,2631,660.712,239,2335.81,18.887552,-144.718095
337986,2632,821.707,299,2337.83,20.270147,-144.637387
338172,2633,593.924,186,2339.14,19.338624,-144.568432
338438,2634,774.547,266,2341.01,19.35833,-144.722171
338729,2635,702.973,291,2343.0,21.041916,-144.850522
338922,2636,557.032,193,2344.32,19.812702,-144.965459
339263,2637,940.931,341,2346.67,20.390842,-144.956042
339450,2638,554.777,187,2348.0,19.126984,-145.113218
339749,2639,780.3,299,2350.12,19.657188,-145.217688
340133,2640,952.679,384,2354.56,20.836351,-145.416105
340426,2641,856.508,293,2356.66,19.811565,-145.238511
340698,2642,787.772,272,2358.59,19.279788,-145.782211
341023,2643,839.25,325,2360.82,20.28833,-145.676121
341278,2644,659.824,255,2362.55,21.192957,-145.700896
341557,2645,781.021,279,2364.46,20.739278,-145.35787
341852,2646,886.549,295,2366.58,20.470595,-145.797154
342142,2647,858.945,290,2368.84,18.820929,-145.650405
342437,2648,885.219,295,2370.91,20.106965,-145.719065
342747,2649,865.737,310,2373.01,20.088731,-146.037519
343025,2650,799.66,278,2374.91,20.275496,-146.045578
343241,2651,596.43,216,2376.42,19.514572,-145.771433
343504,2652,772.074,263,2378.29,19.263548,-146.009007
343789,2653,814.328,285,2380.27,19.845001,-145.982356
344071,2654,829.722,282,2382.31,20.382113,-146.120326
344365,2655,867.529,294,2384.48,18.818565,-146.38913
344618,2656,711.055,253,2386.41,19.818821,-146.630059
344918,2657,868.016,300,2388.6,20.598287,-146.808359
345193,2658,843.694,275,2390.62,20.624969,-146.560624
345463,2659,763.913,270,2392.6,20.403505,-146.636594
345737,2660,835.497,274,2394.71,20.268364,-146.519109
345996,2661,763.274,259,2396.32,19.538816,-146.833653
346245,2662,764.798,249,2398.03,19.471436,-146.949892
346494,2663,665.546,249,2399.89,18.93813,-146.494018
346789,2664,891.602,295,2401.98,20.377018,-146.908334
347081,2665,799.184,292,2404.04,20.029476,-146.842378
347327,2666,702.665,246,2405.76,21.189923,-146.891519
347499,2667,526.108,172,2407.02,19.974335,-146.846977
347656,2668,456.287,157,2408.16,21.904009,-146.065029
347808,2669,433.835,152,2409.24,21.062252,-147.44346
348070,2670,754.447,262,2411.15,19.753304,-146.838568
348269,2671,635.599,199,2412.5,19.56205,-146.933018
348562,2672,846.574,293,2414.28,19.264053,-146.861654
348849,2673,850.614,287,2416.14,20.244185,-147.318092
349156,2674,853.13,307,2418.26,20.156481,-147.014804
349434,2675,783.716,278,2420.18,19.896518,-147.059175
349716,2676,835.622,282,2421.96,20.41581,-147.595846
349848,2677,352.11,132,2422.77,19.868567,-146.788586
350127,2678,786.609,279,2426.47,20.469154,-147.690375
350407,2679,835.152,280,2428.46,19.862175,-147.013772
350691,2680,843.49,284,2430.66,20.535544,-147.441186
350966,2681,783.563,275,2432.66,19.551673,-147.503963
351146,2682,572.655,180,2433.99,19.96529,-147.475143
351444,2683,806.596,298,2436.4,20.379156,-147.84313
351611,2684,526.784,167,2437.65,21.774967,-148.116515
351869,2685,764.151,258,2439.53,20.766052,-147.944885
352147,2686,800.605,278,2441.54,20.359239,-147.444472
352337,2687,550.989,190,2442.99,19.767146,-147.862757
352612,2688,836.675,275,2445.13,19.974094,-147.659681
352876,2689,741.269,264,2447.22,21.154536,-148.03636
353108,2690,628.412,232,2449.03,20.172409,-147.593856
353197,2691,164.159,89,2449.79,20.328013,-147.555002
353416,2692,673.451,219,2451.63,19.9894,-147.731679
353703,2693,852.379,287,2453.83,19.148574,-148.412118
353959,2694,631.404,256,2455.61,19.304948,-147.687109
354087,2695,342.029,128,2456.5,20.985419,-147.950746
354259,2696,544.294,172,2457.79,19.40422,-148.039762
354467,2697,493.009,208,2459.33,19.358667,-147.637359
354748,2698,823.504,281,2461.55,19.903891,-148.317016
355014,2699,790.229,266,2463.53,20.709279,-148.132896
355268,2700,729.485,254,2465.47,20.935248,-148.107503
355523,2701,702.991,255,2467.36,20.525428,-148.183552
355661,2702,374.438,138,2468.6,20.239504,-148.774087
355756,2703,190.92,95,2469.34,19.719355,-148.493534
355932,2704,505.795,176,2470.69,20.402153,-147.937182
356139,2705,579.688,207,2472.13,20.06305,-148.011557
356285,2706,416.633,146,2473.06,20.728805,-147.712322
356409,2707,332.97,124,2473.84,20.3496,-148.402137
356698,2708,828.975,289,2475.63,19.742499,-148.569626
356857,2709,490.817,159,2476.67,20.43703,-148.402852
357012,2710,437.015,155,2477.79,20.09724,-148.34426
357283,2711,763.337,271,2479.76,19.794332,-148.681551
357477,2712,598.964,194,2481.1,20.029377,-148.141708
357747,2713,758.849,270,2482.97,20.029263,-148.673688
358037,2714,784.981,290,2485.01,20.188812,-148.294503
358347,2715,837.744,310,2487.22,21.072005,-148.087317
358494,2716,433.131,147,2488.22,19.511247,-149.100534
358775,2717,713.567,281,2490.24,20.501051,-148.783133
358999,2718,647.124,224,2491.99,20.507363,-148.384159
359269,2719,746.067,270,2493.82,20.085661,-148.593229
359554,2720,789.414,285,2495.87,20.298979,-148.750754
359753,2721,564.855,199,2497.31,21.728921,-148.61943
360047,2722,833.07,294,2500.58,20.256613,-149.201004
360208,2723,453.273,161,2501.66,20.593072,-148.7729
360383,2724,531.028,175,2502.76,20.730705,-148.722763
360536,2725,437.702,153,2503.79,21.393273,-149.133046
360713,2726,536.922,177,2505.01,21.41808,-148.719424
360840,2727,354.384,127,2505.89,19.863972,-148.48307
361122,2728,783.469,282,2507.86,20.570298,-149.105211
361270,2729,379.562,148,2508.88,20.752808,-149.276547
361512,2730,705.453,242,2510.65,21.118788,-148.872292
361666,2731,439.308,154,2511.71,21.19616,-149.083581
361820,2732,451.324,154,2512.72,20.154624,-148.99395
361956,2733,378.651,136,2513.6,19.959053,-148.791946
362157,2734,606.616,201,2515.23,20.752957,-148.636453
362313,2735,475.882,156,2516.5,21.437127,-149.25183
362449,2736,417.72,136,2517.44,22.73012,-149.373081
362566,2737,308.084,117,2518.24,19.775854,-149.224929
362744,2738,547.741,178,2519.43,20.31574,-148.875809
362909,2739,480.437,165,2520.58,20.771624,-148.969707
363097,2740,533.46,188,2521.87,20.958562,-149.056829
363216,2741,298.536,119,2522.71,19.515579,-149.056414
363371,2742,463.971,155,2523.85,19.673149,-149.068734
363651,2743,821.606,280,2525.97,20.576252,-149.508698
363773,2744,293.98,122,2526.83,20.565599,-149.197006
363915,2745,359.22,142,2527.86,20.297561,-148.592098
364183,2746,799.237,268,2529.78,21.332573,-148.949122
364318,2747,358.962,135,2530.75,20.992321,-150.145113
364460,2748,353.739,142,2531.8,21.888876,-149.421527
364640,2749,516.078,180,2533.1,20.001284,-149.371555
364750,2750,233.532,110,2533.9,20.134168,-149.210947
364904,2751,381.025,154,2535.06,20.200852,-149.952962
365049,2752,414.466,145,2536.05,20.862328,-149.595007
365255,2753,582.819,206,2537.47,21.673695,-149.939882
365400,2754,421.46,145,2538.47,21.324931,-149.226518
365534,2755,387.266,134,2539.29,19.876534,-149.743201
365655,2756,314.178,121,2540.07,19.332475,-149.2312
365842,2757,560.496,187,2541.29,21.138693,-150.060402
365976,2758,335.37,134,2542.22,21.930153,-149.033163
366118,2759,349.054,142,2543.21,19.983175,-149.518692
366304,2760,566.063,186,2544.42,21.7017,-149.601388
366585,2761,768.76,281,2546.13,20.904727,-149.661158
366717,2762,354.841,132,2546.97,21.825009,-149.469485
366957,2763,659.763,240,2548.55,20.882851,-149.392962
367129,2764,520.162,172,2549.75,20.844152,-149.372173
367423,2765,853.51,294,2551.91,21.20473,-149.790605
367618,2766,567.311,195,2553.38,20.845144,-149.596015
367810,2767,534.615,192,2554.73,20.613807,-149.839834
367956,2768,432.803,146,2555.68,21.183001,-149.474138
368089,2769,350.683,133,2556.64,20.173495,-150.382571
368237,2770,405.381,148,2557.6,22.472622,-149.592104
368513,2771,772.395,276,2559.55,21.667321,-150.118983
368637,2772,308.699,124,2560.46,20.882369,-149.645745
368783,2773,400.516,146,2561.55,20.663195,-149.332575
368901,2774,297.997,118,2562.38,19.954982,-150.022035
369036,2775,402.153,135,2563.25,21.688359,-150.045213
369178,2776,387.229,142,2564.17,21.824961,-149.902282
369308,2777,313.499,130,2564.99,22.547041,-149.959553
369425,2778,226.728,117,2565.7,21.203327,-149.939472
369547,2779,319.828,122,2566.44,19.007905,-150.117386
369669,2780,330.184,122,2567.24,20.359188,-150.465613
369809,2781,399.582,140,2568.2,20.364452,-149.903479
369885,2782,126.981,76,2568.67,20.274928,-149.81532
370004,2783,314.172,119,2570.31,21.329273,-150.021934
370120,2784,293.551,116,2571.13,21.052333,-150.340283
370274,2785,447.35,154,2572.09,21.567793,-150.101176
370535,2786,758.973,261,2573.68,21.564381,-150.40655
370674,2787,373.591,139,2574.54,20.853131,-150.787467
370808,2788,359.691,134,2575.44,21.663891,-150.410345
370994,2789,578.772,186,2576.71,23.689492,-149.822733
371154,2790,463.054,160,2577.78,21.998359,-150.267876
371281,2791,350.804,127,2578.63,21.796634,-149.732544
371415,2792,381.071,134,2579.57,20.720859,-150.629185
371549,2793,369.549,134,2580.51,20.109903,-150.59338
371686,2794,440.653,137,2581.38,22.624927,-149.958963
371951,2795,712.557,265,2583.14,21.152984,-150.624747
372078,2796,334.405,127,2583.97,21.600806,-150.538293
372348,2797,783.183,270,2585.9,22.534219,-150.66582
372468,2798,298.4,120,2586.8,20.818655,-150.248668
372605,2799,397.125,137,2587.82,21.684942,-150.188296
372749,2800,400.689,144,2588.86,21.837756,-150.562913
372890,2801,420.823,141,2589.84,22.069143,-150.627856
373033,2802,439.155,143,2590.82,22.39162,-150.659877
373280,2803,626.261,247,2592.52,21.703361,-150.258356
373472,2804,582.312,192,2593.85,22.209536,-150.52978
373597,2805,333.024,125,2594.75,20.330455,-150.137836
373797,2806,579.024,200,2596.22,21.142511,-150.686343
373940,2807,409.075,143,2597.22,20.475149,-150.023737
374148,2808,601.775,208,2598.67,21.537843,-150.73938
374356,2809,467.868,208,2600.0,22.064616,-150.306036
374620,2810,752.534,264,2601.66,21.290217,-150.900932
374777,2811,415.619,157,2602.61,22.414059,-150.602706
375101,2812,832.807,324,2604.67,21.990097,-150.410887
375364,2813,802.916,263,2606.35,21.589096,-150.914213
375488,2814,335.898,124,2607.17,21.850103,-150.742684
375614,2815,334.052,126,2607.95,22.313324,-150.886385
375745,2816,364.149,131,2608.74,22.405978,-150.424108
375864,2817,265.157,119,2609.46,21.978355,-150.724227
375986,2818,285.378,122,2610.2,21.247684,-150.706299
376065,2819,122.529,79,2610.68,21.720126,-151.370307
376191,2820,350.112,126,2611.46,22.516413,-150.921535
376323,2821,356.518,132,2612.35,23.728874,-150.602469
376462,2822,419.9,139,2613.29,22.889229,-150.820217
376587,2823,335.678,125,2614.14,21.824705,-150.581658
376728,2824,457.639,141,2615.09,21.754274,-150.288456
376875,2825,425.607,147,2616.04,22.579809,-150.190455
377027,2826,454.766,152,2617.06,20.883933,-150.779007
377167,2827,412.781,140,2617.99,21.176785,-150.397945
377431,2828,652.014,264,2619.74,21.102608,-150.887144
377624,2829,570.003,193,2621.1,22.032521,-151.12233
377769,2830,425.403,145,2622.1,21.947684,-150.723197
377886,2831,299.172,117,2622.92,21.385224,-151.219902
377975,2832,154.64,89,2623.53,21.647991,-150.427463
378118,2833,418.495,143,2624.52,23.71472,-150.893017
378238,2834,308.765,120,2625.34,23.140304,-150.670457
378379,2835,346.66,141,2626.3,20.747102,-150.477173
378493,2836,226.005,114,2627.03,21.595232,-151.013834
378637,2837,411.802,144,2627.97,20.385564,-150.855546
378782,2838,422.974,145,2628.86,21.824916,-150.775855
378902,2839,322.841,120,2629.65,22.646406,-150.501232
379052,2840,434.292,150,2630.64,22.120621,-150.680102
379164,2841,273.34,112,2631.38,22.728046,-150.681981
379292,2842,368.395,128,2632.24,21.507848,-150.923019
379416,2843,333.524,124,2633.17,22.003146,-150.298542
379548,2844,366.95,132,2634.11,20.987034,-149.967663
379793,2845,665.498,245,2636.0,21.485997,-150.603882
379915,2846,325.16,122,2636.99,22.967162,-150.78503
380047,2847,387.165,132,2638.99,21.263812,-150.481491
380184,2848,404.544,137,2640.2,22.078145,-150.350861
380297,2849,278.945,113,2641.07,22.093373,-150.043595
380433,2850,379.48,136,2642.17,22.145079,-150.598621
380556,2851,330.399,123,2643.16,22.0599,-150.807335
380702,2852,418.117,146,2644.35,22.454474,-150.585486
380797,2853,179.465,95,2645.13,22.972495,-151.148964
380930,2854,390.957,133,2646.23,23.001179,-149.775656
381053,2855,325.603,123,2647.28,21.618953,-149.926294
381311,2856,753.1,258,2649.4,21.365829,-150.812122
381424,2857,266.318,113,2650.32,22.123725,-151.738361
381568,2858,465.8,144,2651.49,22.379653,-150.388298
381732,2859,501.522,164,2652.8,21.586504,-150.913816
381876,2860,390.91,144,2653.98,23.208542,-150.398683
382016,2861,412.943,140,2655.13,21.960856,-150.015252
382174,2862,472.714,158,2656.49,21.530534,-150.738089
382308,2863,349.175,134,2657.64,21.354217,-150.227657
382430,2864,322.049,122,2658.67,23.297571,-151.132968
382552,2865,339.845,122,2659.61,22.616987,-150.539468
382664,2866,283.176,112,2660.51,22.466517,-150.424451
382897,2867,723.26,233,2662.4,22.390079,-151.089618
383019,2868,339.73,122,2663.33,23.98176,-150.189051
383146,2869,341.813,127,2664.39,22.5315,-150.873646
383264,2870,306.83,118,2665.36,24.00127,-151.157828
383406,2871,394.736,142,2666.45,22.636529,-150.503153
383524,2872,310.893,118,2667.31,21.917392,-151.47209
383655,2873,383.519,131,2668.39,22.78179,-150.732642
383790,2874,415.148,135,2669.53,22.068182,-151.000315
383914,2875,334.665,124,2670.56,21.386393,-150.28739
384053,2876,364.486,139,2671.65,21.367233,-150.52807
384169,2877,307.148,116,2672.67,22.088886,-151.084322
384320,2878,373.325,151,2673.86,23.57113,-150.727803
384468,2879,443.16,148,2675.01,22.185321,-150.348081
384558,2880,133.288,90,2675.68,23.338889,-150.647483
384686,2881,372.721,128,2676.76,22.216503,-150.81245
384829,2882,382.458,143,2677.87,22.421009,-151.235791
384957,2883,382.189,128,2678.86,22.647954,-150.865698
385070,2884,286.521,113,2679.78,23.371528,-151.160317
385207,2885,409.971,137,2680.91,22.963032,-150.984999
385341,2886,407.206,134,2681.96,24.064616,-151.346462
385477,2887,392.111,136,2683.05,23.717404,-150.771189
385544,2888,110.542,67,2683.57,22.360915,-150.616705
385673,2889,335.06,129,2684.58,22.368389,-151.185581
385802,2890,368.792,129,2685.62,22.416453,-150.636597
385924,2891,342.453,122,2686.6,22.590243,-151.011395
386102,2892,499.448,178,2687.99,22.935798,-150.774999
386222,2893,302.339,120,2688.92,23.329022,-150.34716
386339,2894,319.16,117,2689.9,21.946299,-150.915811
386477,2895,393.391,138,2691.01,21.929181,-150.835915
386627,2896,427.462,150,2692.23,22.434655,-150.687345
386730,2897,209.322,103,2693.03,23.40556,-150.86825
386859,2898,358.446,129,2694.03,22.859561,-150.986706
387004,2899,417.995,145,2695.17,24.136274,-150.485286
387138,2900,409.274,134,2696.07,23.513637,-150.93663
387278,2901,403.266,140,2697.01,22.868688,-150.43143
387466,2902,516.931,188,2698.3,23.700748,-151.077265
387591,2903,317.55,125,2699.16,23.194533,-150.61049
387698,2904,240.177,107,2699.9,23.415232,-150.670269
387806,2905,253.682,108,2700.66,22.624457,-150.791304
387924,2906,305.255,118,2701.49,23.324203,-151.135435
388078,2907,427.112,154,2702.54,22.199744,-150.753588
388201,2908,325.983,123,2703.41,22.081215,-150.361008
388397,2909,587.534,196,2704.77,23.643554,-151.006363
388520,2910,316.984,123,2705.64,21.358367,-150.775701
388646,2911,332.187,126,2706.51,22.757625,-149.998532
388777,2912,353.265,131,2707.41,23.97339,-150.591252
388971,2913,566.855,194,2708.78,24.217401,-150.689866
389162,2914,541.663,191,2710.13,23.624147,-150.420042
389291,2915,300.013,129,2711.04,21.735269,-150.846605
389416,2916,332.442,125,2711.93,24.456079,-151.179565
389570,2917,432.192,154,2712.99,22.261561,-151.1798
389699,2918,358.03,129,2713.89,24.22863,-150.245023
389817,2919,307.869,118,2714.68,22.635425,-151.075443
389956,2920,416.88,139,2715.64,23.459812,-150.88677
390073,2921,297.574,117,2717.2,21.945112,-150.548572
390195,2922,315.435,122,2718.07,23.485187,-150.652368
390330,2923,387.848,135,2719.0,21.833918,-151.061005
390456,2924,347.204,126,2719.93,24.045426,-150.965078
390578,2925,339.172,122,2720.78,22.84491,-151.096207
390712,2926,345.067,134,2721.69,22.660931,-150.77568
390843,2927,358.249,131,2722.59,23.353217,-150.779188
390979,2928,360.661,136,2723.5,24.29927,-150.619546
391126,2929,434.917,147,2724.47,22.578223,-150.434869
391330,2930,593.504,204,2725.87,24.333702,-150.359321
391468,2931,389.848,138,2726.87,23.512074,-150.85458
391585,2932,298.785,117,2727.71,23.142878,-151.113408
391725,2933,353.698,140,2728.74,22.231552,-150.456786
391921,2934,569.565,196,2730.2,22.53288,-150.357384
392056,2935,377.499,135,2731.19,23.447045,-150.626671
392322,2936,776.138,266,2732.99,23.292381,-150.901182
392559,2937,721.325,237,2734.59,22.24522,-150.241739
392682,2938,327.264,123,2735.4,23.533612,-150.718143
392810,2939,320.566,128,2736.28,23.401615,-150.880896
392930,2940,327.829,120,2737.12,23.274738,-150.64012
393055,2941,330.299,125,2738.01,22.881226,-150.880603
393322,2942,817.927,267,2739.9,22.001826,-150.509087
393464,2943,383.679,142,2740.87,23.141582,-150.698198
393753,2944,863.691,289,2742.78,23.174371,-150.541687
393869,2945,308.579,116,2743.56,24.485829,-150.014416
393988,2946,310.401,119,2744.36,22.395127,-150.740965
394132,2947,442.635,144,2745.36,22.062998,-150.702628
394267,2948,378.669,135,2746.28,23.689171,-149.657298
394455,2949,588.626,188,2747.57,24.532898,-150.783062
394618,2950,494.493,163,2748.76,23.894779,-150.776624
394866,2951,649.586,248,2750.57,23.352557,-150.657821
394901,2952,17.409,35,2750.82,21.722035,-149.342139
395024,2953,170.393,123,2751.68,20.826176,-150.4667
395316,2954,323.6,292,2753.84,22.347412,-150.738163
395568,2955,-112.39,252,2755.66,24.095289,-150.243264
395675,2956,125.875,107,2756.39,24.240066,-151.242775
395822,2957,18.728,147,2757.46,23.384932,-151.26388
395888,2958,42.843,66,2757.9,24.049904,-150.781403
396044,2959,108.726,156,2758.99,22.768665,-150.638742
396185,2960,90.159,141,2760.05,25.00376,-150.939467
396214,2961,8.562,29,2760.27,22.780798,-151.272873
396393,2962,152.936,179,2761.57,24.828552,-150.714001
396565,2963,83.946,172,2762.9,25.29409,-150.659838
396712,2964,39.917,147,2763.97,24.366521,-150.623298
396925,2965,342.574,213,2765.56,24.405152,-150.133785
397038,2966,160.057,113,2766.42,26.740454,-149.593887
397126,2967,62.073,88,2767.1,25.386129,-150.715185
397217,2968,51.376,91,2767.78,24.193332,-150.996705
397364,2969,157.73,147,2768.82,25.225115,-150.24483
397379,2970,-4.907,15,2768.93,22.650183,-149.615749
397398,2971,1.775,19,2769.05,23.674249,-151.092482
397480,2972,186.398,82,2769.65,23.706285,-150.829529
397739,2973,714.069,259,2771.6,27.450763,-150.565691
397755,2974,-4.362,16,2771.75,26.695316,-152.070436
397771,2975,-4.652,16,2771.88,31.014048,-150.327415
397787,2976,-4.538,16,2772.01,24.536005,-150.267139
397908,2977,210.908,121,2772.97,24.816465,-150.240621
397924,2978,-1.845,16,2773.1,26.981463,-149.545938
397941,2979,-0.634,17,2773.23,28.678126,-149.736196
397960,2980,1.482,19,2773.37,23.880819,-150.527469
398068,2981,256.493,108,2774.2,30.022294,-151.180081
398213,2982,51.878,145,2775.39,25.791186,-150.393995
398356,2983,15.812,143,2777.36,25.299301,-150.756199
398725,2984,117.776,369,2780.1,27.23855,-150.23593
398806,2985,140.869,81,2780.69,24.766715,-150.972795
399140,2986,613.948,334,2783.09,25.156499,-151.372068
399221,2987,123.263,81,2783.66,25.092912,-150.700771
399298,2988,129.926,77,2784.2,25.09892,-150.819009
399445,2989,291.729,147,2785.31,25.607245,-150.554786
399646,2990,543.862,201,2786.93,29.366363,-150.166524
399746,2991,72.711,100,2787.74,26.278312,-150.306997
399888,2992,304.709,142,2788.91,28.359528,-150.289321
400047,2993,360.688,159,2791.9,26.118972,-149.620105
400502,2994,756.795,455,2795.79,26.143113,-150.23248
400718,2995,582.739,216,2797.66,26.939333,-150.224707
400929,2996,299.492,211,2799.41,26.457488,-149.968717
401206,2997,785.919,277,2801.75,27.525345,-149.399499
401511,2998,975.122,305,2804.22,26.470798,-149.575032
401659,2999,429.396,148,2805.44,26.716571,-148.869419
401965,3000,881.105,306,2807.95,25.711331,-149.786426
402088,3001,317.056,123,2808.93,26.021056,-149.994023
402329,3002,624.256,241,2810.87,27.457979,-148.693321
402449,3003,319.457,120,2811.83,27.572934,-148.935204
402598,3004,419.186,149,2813.03,24.140379,-148.921777
402757,3005,479.351,159,2814.38,25.661402,-149.550301
402992,3006,699.124,235,2816.08,25.468584,-148.989357
403250,3007,740.27,258,2817.79,25.831579,-148.600063
403434,3008,569.97,184,2818.98,25.086487,-148.845954
403587,3009,441.548,153,2820.02,26.735765,-148.618758
403775,3010,574.59,188,2821.3,24.536036,-148.827248
403931,3011,437.083,156,2822.38,25.278153,-148.913263
404109,3012,542.342,178,2823.64,24.211616,-148.19143
404238,3013,340.674,129,2824.54,25.950536,-147.980677
404372,3014,397.444,134,2825.51,27.394389,-148.334223
404510,3015,374.337,138,2826.48,27.644954,-148.660405
404658,3016,400.991,148,2827.52,27.555113,-148.209703
404809,3017,436.499,151,2828.57,25.917074,-148.630985
404980,3018,510.925,171,2829.71,24.923306,-148.501271
405131,3019,451.83,151,2830.72,24.385211,-148.181987
405295,3020,486.473,164,2831.84,25.301884,-148.417388
405487,3021,564.729,192,2833.18,26.903823,-148.647477
405634,3022,443.884,147,2834.22,26.232425,-148.537447
405793,3023,472.431,159,2835.29,25.215335,-148.467073
405932,3024,374.647,139,2836.24,24.393695,-148.588316
406085,3025,442.605,153,2837.25,24.821598,-148.671177
406231,3026,430.61,146,2838.2,25.868227,-148.654957
406373,3027,408.337,142,2839.1,24.69982,-149.477578
406507,3028,387.576,134,2839.92,24.681469,-149.091925
406631,3029,321.693,124,2840.66,22.863159,-148.624482
406790,3030,489.236,159,2841.68,24.435101,-148.650074
406941,3031,434.354,151,2842.72,25.066825,-148.586683
407100,3032,488.042,159,2843.77,24.549527,-148.666203
407252,3033,430.899,152,2844.79,25.028516,-149.558375
407369,3034,306.413,117,2845.62,23.618221,-148.611483
407521,3035,435.939,152,2846.66,24.863396,-149.171069
407660,3036,385.297,139,2847.47,24.899471,-147.916348
407869,3037,647.412,209,2848.8,25.450589,-148.981181
408034,3038,490.655,165,2849.81,24.5651,-148.789981
408267,3039,691.69,233,2851.56,26.584989,-148.593388
408436,3040,536.442,169,2852.81,25.957586,-149.385184
408604,3041,517.699,168,2854.12,25.597235,-149.015736
408745,3042,407.399,141,2855.11,24.858569,-149.002263
408887,3043,428.086,142,2856.24,25.74833,-148.975027
409095,3044,606.64,208,2857.71,25.995959,-149.63106
409287,3045,599.268,192,2859.02,26.027294,-148.527091
409453,3046,494.054,166,2860.18,23.260471,-149.229755
409602,3047,387.811,149,2861.35,23.435199,-148.752745
409792,3048,553.101,190,2862.6,23.806956,-148.731415
409977,3049,601.057,185,2863.76,25.166189,-148.498325
410121,3050,416.778,144,2865.6,23.649191,-149.514793
410291,3051,533.949,170,2866.8,23.308686,-149.540821
410416,3052,316.544,125,2867.55,25.359172,-149.203954
410544,3053,346.894,128,2868.43,23.782015,-148.77137
410683,3054,412.811,139,2869.3,25.617096,-148.454579
410816,3055,366.465,133,2870.19,23.085622,-148.419308
410937,3056,320.155,121,2870.98,26.411245,-148.854465
411086,3057,435.166,149,2871.98,25.228954,-148.84
411264,3058,572.747,178,2873.12,24.030316,-149.029935
411462,3059,553.122,198,2874.3,24.456972,-149.239386
411594,3060,354.576,132,2875.15,25.366724,-148.156997
411744,3061,444.985,150,2876.16,24.749454,-148.626455
411929,3062,576.178,185,2877.52,24.581674,-148.821924
412058,3063,361.102,129,2878.45,24.746656,-149.310721
412242,3064,594.831,184,2879.8,25.751919,-148.688582
412401,3065,494.938,159,2880.97,24.805746,-149.08702
412540,3066,414.269,139,2881.95,22.924783,-149.194127
412687,3067,409.679,147,2883.02,24.543251,-149.436871
412824,3068,398.235,137,2883.91,24.557343,-149.114237
412969,3069,414.726,145,2884.89,24.412508,-149.158411
413130,3070,497.552,161,2886.17,24.190162,-148.809447
413257,3071,332.203,127,2887.25,25.290894,-149.048871
413376,3072,302.741,119,2888.11,25.370778,-148.827061
413538,3073,477.553,162,2889.5,23.575244,-149.039507
413732,3074,538.822,194,2890.94,25.016348,-148.973815
413869,3075,369.203,137,2891.87,24.498214,-149.097055
414017,3076,468.738,148,2892.84,23.879814,-148.689062
414143,3077,322.471,126,2893.64,24.851977,-149.2776
414385,3078,717.742,242,2895.32,23.710526,-149.205737
414508,3079,309.0,123,2896.31,24.298321,-149.21353
414656,3080,401.57,148,2897.42,24.582351,-149.192967
414850,3081,572.188,194,2898.81,23.796063,-149.70379
415052,3082,577.32,202,2900.29,23.886949,-148.599697
415190,3083,405.985,138,2901.27,23.412749,-150.091512
415317,3084,328.699,127,2902.12,24.855864,-149.751326
415478,3085,484.929,161,2903.21,25.042152,-149.193165
415629,3086,448.609,151,2904.31,24.501051,-148.051546
415751,3087,321.54,122,2905.2,23.08764,-148.79911
415877,3088,342.64,126,2906.11,23.549656,-148.650729
416004,3089,335.283,127,2907.02,24.179177,-148.733847
416234,3090,692.832,230,2908.64,25.494847,-149.115448
416377,3091,427.044,143,2909.61,23.784955,-149.816204
416502,3092,329.195,125,2910.46,23.678885,-148.656925
416691,3093,565.142,189,2911.85,23.438493,-148.756362
416875,3094,575.221,184,2913.08,24.482574,-149.130554
417044,3095,539.951,169,2914.46,24.306274,-149.156675
417306,3096,771.669,262,2916.34,24.071845,-149.308233
417436,3097,337.034,130,2917.22,23.818258,-149.760596
417558,3098,304.57,122,2918.01,23.188965,-149.460935
417719,3099,467.876,161,2919.04,24.413059,-149.654252
417854,3100,369.614,135,2919.9,24.557522,-149.017044
417999,3101,428.197,145,2920.83,24.591086,-149.654384
418127,3102,336.623,128,2921.66,24.355984,-150.16052
418194,3103,111.013,67,2922.1,24.022667,-148.622317
418343,3104,456.105,149,2923.12,23.92799,-149.141704
418471,3105,350.255,128,2924.03,24.692151,-150.001044
418617,3106,420.788,146,2925.01,23.550732,-149.834156
418737,3107,321.13,120,2925.87,23.323775,-149.835029
418895,3108,524.09,158,2926.95,23.1277,-149.387572
419029,3109,380.571,134,2927.85,21.972345,-149.550471
419224,3110,579.961,195,2929.16,22.204087,-150.251542
419361,3111,402.049,137,2930.1,22.438873,-149.923341
419502,3112,405.936,141,2931.0,24.733005,-149.725095
419651,3113,458.467,149,2931.91,24.261066,-148.852686
419788,3114,398.644,137,2932.75,24.041708,-149.607876
419932,3115,418.416,144,2933.71,24.728581,-150.239392
420089,3116,496.205,157,2935.48,23.106249,-149.298124
420199,3117,262.191,110,2936.22,24.120332,-149.47174
420326,3118,347.092,127,2937.1,23.671479,-149.511869
420445,3119,310.394,119,2937.91,24.631639,-149.579835
420567,3120,314.886,122,2938.66,24.220428,-149.470391
420640,3121,126.517,73,2939.1,22.589868,-148.956646
420767,3122,341.3,127,2939.93,23.544618,-150.491804
420888,3123,311.412,121,2940.73,23.771539,-149.371656
421015,3124,341.393,127,2941.6,22.645465,-149.913027
421159,3125,412.777,144,2942.62,23.768575,-149.749288
421275,3126,293.955,116,2943.42,24.394179,-150.179589
421420,3127,437.108,145,2944.35,22.879599,-150.034908
421540,3128,304.03,120,2945.09,24.440291,-150.178073
421678,3129,382.463,138,2945.97,23.156253,-150.356543
421798,3130,311.556,120,2946.73,23.00611,-149.797076
421941,3131,422.09,143,2947.63,23.417147,-150.049293
422064,3132,333.379,123,2948.43,23.150185,-150.673626
422197,3133,365.303,133,2949.34,24.496733,-149.660443
422311,3134,273.488,114,2950.15,25.470024,-150.381093
422434,3135,329.31,123,2950.97,21.795516,-150.258614
422577,3136,420.008,143,2951.97,24.807537,-149.713068
422645,3137,116.346,68,2952.45,23.855996,-148.981622
422787,3138,422.213,142,2953.5,22.623608,-150.190605
422930,3139,416.119,143,2954.46,23.115043,-149.682267
423058,3140,337.296,128,2955.28,23.481818,-150.387855
423202,3141,431.651,144,2956.23,22.79577,-150.471716
423326,3142,337.994,124,2957.04,23.618877,-149.972158
423442,3143,301.471,116,2957.79,22.542581,-150.076843
423562,3144,316.558,120,2958.65,23.723456,-150.061262
423705,3145,421.974,143,2959.64,23.181137,-150.594948
423846,3146,415.897,141,2960.65,23.274243,-150.217563
423915,3147,115.211,69,2961.14,25.54238,-150.669112
424058,3148,417.354,143,2962.13,24.268968,-149.883611
424215,3149,490.948,157,2963.14,23.37467,-150.79387
424344,3150,351.106,129,2963.96,23.715525,-150.516719
424480,3151,398.736,136,2964.82,24.061434,-150.404629
424609,3152,332.451,129,2965.61,22.961276,-150.061293
424753,3153,433.497,144,2966.48,25.809545,-150.693875
424895,3154,419.695,142,2967.45,23.007288,-149.959518
425021,3155,327.626,126,2968.33,24.32735,-150.588479
425140,3156,298.453,119,2969.16,23.734109,-149.915397
425285,3157,459.465,145,2970.19,24.174018,-150.873092
425427,3158,407.148,142,2971.16,22.966005,-150.779397
425550,3159,330.45,123,2971.95,23.696252,-150.31335
425684,3160,373.553,134,2972.81,22.478542,-150.953376
425804,3161,312.695,120,2973.58,22.692394,-149.451225
425957,3162,487.952,153,2974.56,23.986578,-150.340879
426108,3163,438.619,151,2975.57,23.693306,-149.73448
426245,3164,364.819,137,2976.47,23.288426,-150.767993
426381,3165,376.918,136,2977.39,23.724616,-150.816567
426527,3166,465.774,146,2978.4,24.29059,-151.633521
426652,3167,336.421,125,2979.25,22.921095,-151.257274
426778,3168,337.324,126,2980.12,24.716131,-150.221737
426903,3169,339.241,125,2980.98,23.879967,-150.778109
427043,3170,419.937,140,2981.93,23.58792,-151.053135
427181,3171,383.264,138,2982.85,22.632996,-150.694381
427330,3172,404.419,149,2983.84,23.715423,-150.409834
427451,3173,322.313,121,2984.64,24.370452,-150.73946
427576,3174,328.3,125,2985.5,22.712985,-150.913409
427691,3175,303.093,115,2986.3,24.439594,-150.774989
427806,3176,299.497,115,2987.09,23.116373,-150.783784
427946,3177,411.179,140,2988.08,22.601568,-151.670139
428082,3178,398.627,136,2989.03,22.803616,-151.303729
428209,3179,345.45,127,2989.9,22.11778,-151.147823
428361,3180,469.907,152,2990.93,25.529609,-150.585038
428480,3181,297.842,119,2991.74,24.455394,-150.653426
428625,3182,442.193,145,2992.72,22.067058,-150.847283
428689,3183,107.177,64,2993.16,24.116394,-150.403046
428934,3184,706.759,245,2994.88,23.137841,-151.59313
429065,3185,363.272,131,2995.89,23.433835,-151.417095
429194,3186,338.519,129,2996.87,24.161334,-150.416516
429318,3187,326.912,124,2997.81,24.868321,-151.080393
429442,3188,329.59,124,2998.74,23.213086,-150.912748
429559,3189,282.33,117,2999.68,22.564045,-151.954119
429706,3190,448.665,147,3000.78,23.997903,-151.317218
429837,3191,376.436,131,3001.79,22.886279,-150.562422
429965,3192,356.181,128,3002.77,23.287258,-151.555432
430104,3193,417.377,139,3004.79,22.71427,-151.510437
430225,3194,321.519,121,3005.67,24.038799,-151.938197
430365,3195,393.226,140,3006.65,24.044955,-152.038457
430497,3196,374.026,132,3007.59,25.636388,-151.31588
430622,3197,338.12,125,3008.54,24.690969,-152.25549
430753,3198,385.643,131,3009.56,25.037338,-151.744778
430882,3199,340.61,129,3010.55,24.546923,-151.098703
431080,3200,583.882,198,3012.12,25.073342,-152.054
431236,3201,494.184,156,3013.29,24.948335,-151.356468
431380,3202,419.41,144,3014.33,24.118662,-151.120941
431503,3203,336.862,123,3015.21,23.806964,-151.786836
431715,3204,606.551,212,3016.79,23.617953,-151.353537
431904,3205,547.492,189,3018.28,22.615758,-151.820334
432153,3206,757.308,249,3020.26,24.220549,-151.435703
432270,3207,287.564,117,3021.22,22.926777,-152.577302
432429,3208,458.35,159,3022.44,23.465071,-151.962422
432560,3209,350.57,131,3023.34,23.015935,-152.300601
432679,3210,320.559,119,3024.15,23.877467,-152.100019
432848,3211,500.034,169,3025.41,24.519551,-151.769709
432973,3212,338.626,125,3026.43,24.756732,-151.760467
433083,3213,254.051,110,3027.2,24.98188,-152.679853
433222,3214,381.194,139,3028.22,23.609,-152.299196
433340,3215,282.467,118,3029.04,25.284425,-152.086047
433459,3216,302.841,119,3029.9,23.734844,-151.606455
433583,3217,312.043,124,3030.86,23.733888,-151.885271
433705,3218,335.328,122,3031.91,24.155093,-152.11422
433842,3219,380.239,137,3032.99,23.567223,-152.070525
433953,3220,261.86,111,3033.95,23.288187,-152.562618
434081,3221,348.367,128,3034.99,23.414417,-152.011976
434230,3222,439.586,149,3036.18,23.722053,-152.348856
434361,3223,368.354,131,3037.22,23.189932,-151.684783
434487,3224,347.178,126,3038.22,24.298065,-152.32777
434618,3225,364.232,131,3039.23,24.199334,-152.226465
434767,3226,465.555,149,3040.4,22.845357,-152.022228
434913,3227,438.423,146,3041.57,24.200282,-151.147113
435059,3228,397.931,146,3042.64,23.839276,-151.439607
435204,3229,444.204,145,3043.65,24.617951,-151.863222
435324,3230,304.623,120,3044.59,22.752165,-151.591725
435469,3231,421.74,145,3045.74,22.924923,-152.004577
435582,3232,278.308,113,3046.59,25.690621,-151.464688
435707,3233,335.788,125,3047.49,22.403919,-153.06779
435851,3234,415.948,144,3048.56,24.241166,-151.530445
435959,3235,237.794,108,3049.39,23.275057,-151.819654
436094,3236,361.616,135,3050.41,23.875974,-151.400989
436234,3237,416.023,140,3051.52,23.755761,-151.989431
436376,3238,404.629,142,3052.65,23.704844,-151.867635
436494,3239,293.193,118,3053.56,23.249053,-151.790642
436645,3240,470.399,151,3054.75,23.775743,-151.247899
436788,3241,420.515,143,3055.85,23.354009,-151.19524
436915,3242,344.69,127,3056.78,23.452815,-151.981956
436982,3243,111.36,67,3057.27,24.134441,-151.918491
437104,3244,322.095,122,3058.21,25.603335,-151.295464
437172,3245,113.911,68,3058.84,23.962572,-151.445802
437304,3246,339.278,132,3059.94,24.20035,-151.169778
437438,3247,357.867,134,3061.0,23.442137,-151.437363
437561,3248,321.616,123,3062.14,25.163365,-150.933292
437714,3249,458.033,153,3063.24,25.848613,-151.861882
437874,3250,468.631,160,3064.5,23.608257,-151.544534
438036,3251,514.172,162,3065.83,25.063385,-151.686493
438165,3252,333.351,129,3066.81,24.190037,-151.609348
438305,3253,421.002,140,3067.87,22.610339,-151.275938
438455,3254,404.786,150,3069.0,23.419204,-151.365857
438563,3255,248.848,108,3069.82,25.118805,-151.730111
438773,3256,603.491,210,3071.4,24.872241,-151.456334
438900,3257,323.758,127,3072.38,23.711736,-151.758662
439029,3258,365.437,129,3073.36,26.879353,-151.465615
439177,3259,444.681,148,3074.52,25.077706,-151.279198
439373,3260,586.301,196,3076.09,23.644714,-151.185487
439522,3261,444.874,149,3077.23,25.251166,-151.672073
439648,3262,322.805,126,3078.17,23.760306,-150.688191
439781,3263,369.789,133,3079.15,22.987891,-151.855936
439923,3264,410.726,142,3080.22,22.829397,-151.909467
440065,3265,311.245,142,3082.17,24.557604,-151.842076
440197,3266,361.442,132,3083.34,25.517168,-151.342221
440337,3267,385.97,140,3084.45,24.383092,-151.906524
440471,3268,359.068,134,3085.44,23.75981,-151.797885
440604,3269,347.799,133,3086.44,24.977229,-151.413736
440756,3270,438.325,152,3087.92,22.792931,-151.036147
440891,3271,373.033,135,3089.14,23.989708,-151.618771
441013,3272,306.252,122,3090.2,22.817005,-152.06194
441146,3273,352.04,133,3091.14,23.607573,-152.117862
441339,3274,586.074,193,3092.54,23.761908,-151.637437
441479,3275,394.773,140,3093.57,21.679605,-151.818694
441623,3276,380.202,144,3094.57,24.300339,-151.353561
441779,3277,469.657,156,3095.69,23.372763,-151.276204
441905,3278,347.267,126,3096.57,23.522462,-151.408486
442029,3279,325.682,124,3097.48,23.368882,-151.18942
442155,3280,337.112,126,3098.34,25.542757,-151.436499
442286,3281,350.888,131,3099.31,23.569955,-151.762243
442402,3282,300.655,116,3100.13,25.684423,-151.019153
442683,3283,661.132,281,3102.1,24.956352,-151.37664
442795,3284,270.462,112,3102.88,23.789503,-150.778823
442913,3285,300.859,118,3103.69,24.634739,-149.83801
443125,3286,590.478,212,3105.05,24.09108,-151.666548
443245,3287,322.033,120,3105.8,26.513179,-150.962901
443382,3288,377.304,137,3106.67,23.323929,-151.123823
443512,3289,358.37,130,3107.47,24.132561,-150.582396
443639,3290,327.002,127,3108.29,23.175833,-151.294309
443708,3291,118.613,69,3108.78,22.923472,-151.064722
443829,3292,320.784,121,3109.63,23.470385,-150.939189
443963,3293,381.249,134,3110.55,24.951278,-151.149529
444093,3294,360.759,130,3111.49,24.303225,-151.614487
444161,3295,111.795,68,3112.01,22.35275,-151.079259
444285,3296,333.62,124,3112.91,23.835835,-151.236247
444424,3297,380.332,139,3113.94,23.686036,-150.953734
444569,3298,426.335,145,3115.1,24.002733,-151.246544
444642,3299,123.267,73,3115.65,25.83177,-150.816445
444767,3300,342.041,125,3116.8,23.670006,-151.189823
444895,3301,362.501,128,3117.72,25.683138,-150.645177
445037,3302,436.081,142,3118.78,25.115166,-151.27635
445160,3303,329.087,123,3119.57,22.839415,-150.764467
445289,3304,354.906,129,3120.39,22.815048,-150.975997
445421,3305,370.668,132,3121.29,24.022639,-150.731373
445545,3306,276.58,124,3122.08,23.827132,-151.298855
445667,3307,338.662,122,3123.0,24.498813,-150.48936
445797,3308,356.524,130,3124.04,25.643921,-151.078078
445942,3309,426.096,145,3125.21,25.660682,-151.144394
446094,3310,456.805,152,3126.43,23.569059,-150.466042
446244,3311,428.683,150,3127.55,22.625543,-150.763455
446375,3312,372.992,131,3128.37,22.647448,-150.259248
446523,3313,464.531,148,3129.34,24.524475,-150.604985
446655,3314,383.974,132,3130.22,23.998742,-150.712814
446787,3315,372.091,132,3131.07,25.132241,-151.149818
446913,3316,342.834,126,3131.95,23.619558,-150.531114
447036,3317,335.196,123,3132.89,25.407777,-150.330806
447159,3318,330.237,123,3133.77,24.633196,-150.283821
447311,3319,468.71,152,3134.9,25.105431,-150.61181
447442,3320,383.496,131,3136.01,23.786735,-150.586591
447595,3321,496.772,153,3137.14,23.991828,-150.729522
447755,3322,487.83,160,3138.35,24.49347,-150.375647
447895,3323,401.139,140,3139.35,23.806565,-150.559365
448024,3324,366.364,129,3140.28,23.430376,-150.43021
448149,3325,336.22,125,3141.18,22.572096,-150.09769
448279,3326,352.664,130,3142.17,23.35983,-151.136679
448423,3327,416.699,144,3143.23,24.693605,-150.147937
448545,3328,331.662,122,3144.16,24.262034,-150.727664
448670,3329,348.988,125,3145.1,25.117047,-150.143151
448812,3330,403.547,142,3146.22,23.256183,-150.381257
448933,3331,324.573,121,3147.08,25.831451,-150.244443
449057,3332,337.602,124,3148.03,25.365816,-150.588374
449196,3333,401.349,139,3149.08,23.321716,-150.55284
449343,3334,438.61,147,3150.26,26.790068,-149.70079
449474,3335,358.174,131,3151.2,22.930993,-150.1646
449614,3336,409.661,140,3152.25,23.161384,-150.196831
449752,3337,399.564,138,3153.25,22.303241,-149.585302
449877,3338,343.381,125,3154.13,23.179896,-150.227
450035,3339,461.157,158,3156.44,22.49804,-149.7763
450155,3340,294.687,120,3157.44,23.131039,-149.815455
450333,3341,528.443,178,3158.86,23.32633,-149.952541
450491,3342,470.442,158,3160.07,24.460266,-149.598994
450698,3343,614.217,207,3161.63,22.59552,-150.194033
450835,3344,385.74,137,3162.64,22.428775,-149.952622
451013,3345,488.368,178,3163.99,23.091961,-150.008247
451221,3346,634.528,208,3165.64,23.727954,-149.637102
451405,3347,386.671,184,3167.16,23.914687,-150.327071
451534,3348,366.277,129,3168.18,25.558747,-149.11423
451744,3349,619.956,210,3169.73,24.338505,-149.851094
451900,3350,425.407,156,3170.95,23.858427,-149.921932
452051,3351,360.126,151,3172.21,23.143368,-149.409187
452264,3352,560.812,213,3173.88,23.151389,-149.755318
452419,3353,443.119,155,3175.09,23.622762,-149.745563
452645,3354,706.183,226,3176.72,23.731901,-149.803784
452767,3355,316.415,122,3177.57,23.848315,-149.834177
452928,3356,478.282,161,3178.75,23.116896,-149.737842
453070,3357,404.257,142,3179.75,22.84401,-150.168984
453272,3358,565.637,202,3181.0,22.133661,-150.158619
453554,3359,678.644,282,3182.8,22.926333,-149.489269
453704,3360,447.716,150,3183.75,24.098215,-149.828433
453924,3361,628.887,220,3185.27,23.629549,-149.553104
454199,3362,695.492,275,3187.28,22.614375,-149.100072
454399,3363,542.027,200,3188.71,24.777717,-149.060289
454622,3364,625.66,223,3190.24,23.464445,-149.023413
454838,3365,675.02,216,3191.72,24.292055,-148.84912
454993,3366,452.969,155,3192.79,24.543105,-149.234548
455196,3367,621.212,203,3194.23,23.255796,-149.215935
455400,3368,558.136,204,3195.72,23.378941,-149.50386
455639,3369,635.144,239,3197.48,23.539309,-148.910743
455894,3370,683.593,255,3199.28,23.428152,-148.570808
456145,3371,723.332,251,3201.03,22.983332,-148.708238
456357,3372,580.027,212,3202.42,22.970725,-149.106247
456492,3373,362.704,135,3203.32,22.82394,-149.19645
456703,3374,594.22,211,3204.81,23.501451,-148.819294
456897,3375,528.832,194,3206.24,21.64266,-148.848246
457152,3376,681.615,255,3208.02,22.798905,-149.183773
457361,3377,579.603,209,3209.41,25.075186,-148.82179
457602,3378,625.371,241,3211.02,24.309305,-148.827514
457808,3379,545.687,206,3212.43,23.076121,-148.488385
458042,3380,625.544,234,3214.1,22.384081,-148.752464
458239,3381,518.822,197,3215.54,23.222429,-148.911492
458526,3382,707.753,287,3217.51,23.732114,-148.627122
458733,3383,579.223,207,3218.87,21.983676,-148.393007
458965,3384,593.169,232,3220.47,23.035502,-148.890116
459195,3385,677.988,230,3222.11,21.656972,-148.807731
459381,3386,381.938,186,3223.52,22.284532,-148.496533
459595,3387,534.152,214,3225.14,23.476287,-148.297493
459824,3388,674.454,229,3226.81,22.407315,-148.453614
460005,3389,528.338,181,3229.4,23.411244,-148.241322
460229,3390,660.544,224,3231.08,23.252072,-148.658366
460504,3391,674.595,275,3233.13,22.24498,-148.666132
460668,3392,493.019,164,3234.32,22.37954,-148.149213
460897,3393,604.811,229,3235.97,21.436033,-148.562603
461065,3394,489.852,168,3237.22,25.110497,-147.824826
461270,3395,594.324,205,3238.64,23.256638,-148.281953
461492,3396,626.071,222,3240.24,22.229663,-148.541963
461712,3397,613.884,220,3241.82,23.594094,-148.239126
461957,3398,659.775,245,3243.62,21.552222,-148.171603
462173,3399,590.73,216,3245.13,22.10832,-147.889569
462334,3400,486.989,161,3246.2,22.937523,-148.026649
462493,3401,468.468,159,3247.26,22.24629,-148.169107
462703,3402,592.257,210,3248.75,22.370943,-147.907593
462898,3403,543.869,195,3250.19,23.697914,-148.238551
463103,3404,585.902,205,3251.7,23.274412,-148.427357
463325,3405,590.204,222,3253.45,24.307295,-147.943534
463577,3406,678.83,252,3255.18,22.248024,-147.988694
463808,3407,644.296,231,3256.71,22.62822,-148.001171
464030,3408,662.83,222,3258.21,21.83275,-147.808839
464250,3409,609.229,220,3259.74,23.049602,-148.405647
464496,3410,718.49,246,3261.49,21.982638,-148.473826
464707,3411,598.458,211,3263.05,22.886929,-147.952766
464884,3412,530.053,177,3264.32,20.53625,-147.914651
465114,3413,691.148,230,3265.97,22.31736,-147.836365
465323,3414,570.436,209,3267.48,21.652353,-147.881142
465516,3415,530.768,193,3268.85,22.395061,-147.764009
465744,3416,648.208,228,3270.37,22.441457,-147.347298
465998,3417,702.088,254,3272.08,23.695506,-147.821469
466231,3418,675.654,233,3273.64,21.091705,-147.921609
466470,3419,634.549,239,3275.17,23.169566,-147.466409
466680,3420,639.766,210,3276.49,21.562828,-148.19794
466890,3421,608.941,210,3277.88,22.643757,-147.515774
467105,3422,622.993,215,3279.27,22.758146,-147.881828
467306,3423,561.887,201,3280.61,21.861554,-148.048512
467533,3424,674.042,227,3282.17,22.16475,-147.73738
467750,3425,636.944,217,3283.52,21.808857,-147.878653
467972,3426,650.63,222,3284.94,24.240681,-147.507852
468210,3427,611.894,238,3286.55,23.11801,-147.726399
468418,3428,577.47,208,3288.01,22.251174,-147.85256
468616,3429,633.27,198,3289.42,22.564044,-147.872128
468776,3430,468.359,160,3290.49,22.768629,-147.627537
469001,3431,692.425,225,3291.93,21.151694,-147.950742
469233,3432,684.977,232,3293.48,20.670929,-148.0428
469394,3433,498.884,161,3294.54,21.350179,-148.195107
469611,3434,633.137,217,3296.05,22.04323,-148.030332
469846,3435,690.534,235,3297.65,21.864767,-147.977566
470078,3436,661.115,232,3300.6,22.667903,-148.032207
470291,3437,596.293,213,3302.08,20.716239,-148.292737
470448,3438,459.321,157,3303.07,20.59828,-148.843381
470580,3439,353.414,132,3304.0,22.142717,-148.099437
470802,3440,650.394,222,3305.48,21.267479,-148.278238
471021,3441,610.131,219,3306.95,20.965526,-148.571952
471261,3442,699.529,240,3308.46,22.342021,-147.995393
471499,3443,693.95,238,3309.93,22.497695,-147.652133
471707,3444,588.075,208,3311.21,21.433068,-147.913503
471932,3445,630.856,225,3312.69,21.822172,-148.619302
472178,3446,736.977,246,3314.28,22.4374,-148.11585
472325,3447,431.769,147,3315.24,20.758039,-148.380834
472542,3448,633.671,217,3316.68,22.488854,-147.951682
472772,3449,669.405,230,3318.41,21.214664,-148.516856
472929,3450,455.71,157,3319.47,21.039313,-147.857752
473071,3451,422.488,142,3320.41,22.10005,-147.900939
473221,3452,450.842,150,3321.46,21.793785,-148.246203
473444,3453,654.768,223,3323.0,22.183522,-148.497506
473703,3454,777.867,259,3324.74,21.194561,-148.538048
473867,3455,494.601,164,3325.81,21.194461,-148.564489
474026,3456,476.155,159,3326.79,22.619736,-148.707132
474197,3457,501.16,171,3327.86,22.935083,-149.076999
474343,3458,425.379,146,3328.82,22.878928,-148.799419
474509,3459,500.898,166,3329.94,22.52576,-149.219408
474715,3460,525.112,206,3331.35,23.106998,-149.008995
474904,3461,592.218,189,3332.67,21.943575,-149.28275
475135,3462,708.017,231,3334.26,23.669802,-148.52911
475293,3463,471.69,158,3335.33,23.176848,-149.10716
475514,3464,608.767,221,3336.76,21.718725,-148.714981
475667,3465,474.771,153,3337.76,22.030666,-148.200951
475926,3466,755.935,259,3339.52,22.276165,-149.224502
476087,3467,490.249,161,3340.59,22.298401,-149.086149
476246,3468,474.062,159,3341.66,21.920676,-149.002636
476499,3469,766.922,253,3343.37,21.805281,-149.226367
476656,3470,465.876,157,3344.41,22.424693,-149.81294
476821,3471,485.168,165,3345.5,21.045205,-149.242021
477075,3472,723.453,254,3347.2,23.333277,-149.70771
477303,3473,623.299,228,3348.73,21.942444,-149.551049
477535,3474,618.111,232,3350.35,22.164613,-149.519745
477775,3475,709.805,240,3352.02,22.299532,-149.829669
478056,3476,842.146,281,3353.98,21.61495,-150.090667
478287,3477,690.28,231,3355.67,22.793101,-149.554098
478520,3478,703.652,233,3357.52,22.543338,-149.802948
478663,3479,405.264,143,3358.59,22.461355,-150.203817
478934,3480,821.307,271,3360.61,21.211948,-150.107882
479156,3481,691.278,222,3362.28,21.83387,-149.703243
479323,3482,493.563,167,3363.56,21.82714,-150.195149
479526,3483,616.032,203,3365.13,20.91801,-150.152299
479749,3484,660.818,223,3366.9,22.824215,-150.239246
479901,3485,456.36,152,3368.1,21.056356,-150.161405
480162,3486,786.0,261,3371.93,23.17483,-151.069275
480313,3487,458.955,151,3373.11,21.456685,-149.701096
480482,3488,513.307,169,3374.44,22.592194,-150.207273
480605,3489,328.934,123,3375.6,21.260139,-150.014334
480852,3490,737.67,247,3378.15,22.625029,-149.914641
481070,3491,697.569,218,3379.81,23.397433,-150.484116
481301,3492,637.006,231,3381.69,20.838772,-150.693148
481466,3493,482.281,165,3383.05,21.091895,-150.90908
481638,3494,518.767,172,3384.32,21.939515,-150.898825
481865,3495,716.823,227,3386.15,21.597532,-150.987147
482021,3496,459.856,156,3387.45,21.214088,-151.043855
482238,3497,677.447,217,3389.21,21.706836,-150.40506
482471,3498,636.314,233,3391.2,22.421821,-150.774345
482664,3499,606.441,193,3392.76,20.931463,-151.252437
482937,3500,806.569,273,3395.07,21.846032,-151.034013
483097,3501,474.253,160,3396.45,21.79374,-150.901938
483267,3502,513.569,170,3397.92,20.329798,-150.728572
483533,3503,730.205,266,3400.23,21.594603,-151.103363
483775,3504,702.416,242,3402.32,22.804178,-150.881121
484075,3505,897.563,300,3404.82,21.878654,-150.88517
484317,3506,679.33,242,3406.77,21.102881,-150.945515
484466,3507,448.319,149,3407.99,21.268627,-150.80877
484718,3508,694.428,252,3410.1,22.124149,-151.346394
484976,3509,717.865,258,3412.14,20.970171,-151.256863
485119,3510,417.007,143,3413.34,22.235999,-151.917367
485405,3511,792.143,286,3415.5,20.755607,-151.727348
485688,3512,802.08,283,3417.52,21.033365,-151.226076
485959,3513,818.712,271,3419.46,21.224256,-151.413962
486121,3514,494.641,162,3420.64,20.245968,-151.891785
486400,3515,812.21,279,3422.55,21.054484,-151.408553
486690,3516,835.911,290,3424.55,20.456615,-151.777243
486909,3517,651.936,219,3426.11,21.15068,-152.289505
487069,3518,485.848,160,3427.25,22.750295,-151.6388
487262,3519,613.219,193,3428.6,21.492203,-151.683671
487509,3520,730.873,247,3430.32,20.923074,-151.878944
487717,3521,652.136,208,3431.74,20.08177,-152.361527
487878,3522,487.637,161,3432.82,21.827634,-151.693298
488035,3523,461.679,157,3433.9,21.677466,-152.379976
488305,3524,762.378,270,3435.76,21.174514,-152.398706
488459,3525,458.576,154,3436.84,21.898342,-152.253571
488738,3526,828.952,279,3438.8,21.691218,-152.328004
489001,3527,736.536,263,3440.64,21.523888,-152.308973
489328,3528,1041.983,327,3442.88,20.423232,-152.677268
489589,3529,738.972,261,3444.67,21.047554,-152.698021
489810,3530,589.437,221,3446.17,23.188734,-153.174227
490104,3531,936.607,294,3449.82,21.700827,-151.870949
490404,3532,937.579,300,3451.79,21.068126,-152.65283
490626,3533,682.915,222,3453.28,22.094913,-152.847942
490792,3534,482.383,166,3454.51,20.675805,-152.277652
490962,3535,503.544,170,3455.76,20.317536,-153.059862
491116,3536,419.356,154,3456.87,21.995299,-152.889179
491256,3537,392.233,140,3457.89,21.830198,-152.073701
491443,3538,631.687,187,3459.23,21.289098,-153.110878
491592,3539,421.068,149,3460.28,21.729126,-153.836013
491749,3540,483.693,157,3461.38,21.44099,-152.694877
491926,3541,531.806,177,3462.63,22.035274,-153.163697
492134,3542,633.522,208,3464.16,20.880158,-153.383469
492302,3543,528.085,168,3465.42,21.426171,-152.768246
492451,3544,411.466,149,3466.5,21.62462,-152.926261
492641,3545,566.883,190,3467.86,21.773809,-153.209957
492889,3546,766.892,248,3469.56,23.311305,-153.550792
493031,3547,397.85,142,3470.54,22.548641,-153.934014
493230,3548,600.551,199,3471.85,21.779017,-153.087888
493394,3549,511.301,164,3472.97,21.976396,-153.299822
493624,3550,701.511,230,3474.56,21.700943,-153.743994
493801,3551,558.427,177,3475.84,20.793671,-153.315373
494032,3552,698.669,231,3477.62,22.233607,-153.546121
494198,3553,508.657,166,3478.96,20.956222,-153.337414
494354,3554,483.276,156,3480.1,21.297595,-153.758117
494627,3555,781.232,273,3482.23,22.574126,-153.485257
494767,3556,374.621,140,3483.3,20.188247,-154.368478
495022,3557,747.003,255,3485.22,23.403095,-153.857593
495276,3558,776.182,254,3487.15,22.831819,-153.511537
495512,3559,706.735,236,3488.98,21.211584,-153.936676
495639,3560,343.709,127,3489.94,21.6436,-153.708488
495790,3561,425.758,151,3491.1,20.834781,-154.303666
495936,3562,399.595,146,3492.18,21.128188,-154.294828
496179,3563,735.794,243,3493.92,21.64407,-154.125138
496316,3564,389.489,137,3494.95,23.044872,-153.865831
496462,3565,410.743,146,3495.99,21.158247,-154.17326
496610,3566,430.604,148,3497.1,19.952776,-154.942436
496804,3567,575.479,194,3498.63,21.906183,-154.600702
497013,3568,623.297,209,3500.22,21.942632,-154.065611
497246,3569,685.236,233,3502.01,22.470069,-154.355171
497417,3570,499.701,171,3503.26,23.093798,-154.769906
497626,3571,621.796,209,3504.81,21.277776,-154.177471
497889,3572,757.264,263,3506.82,21.356425,-154.300241
498137,3573,675.693,248,3508.85,23.082584,-154.174821
498392,3574,804.621,255,3510.91,21.124777,-155.05526
498586,3575,566.548,194,3512.39,21.74912,-155.20495
498749,3576,499.704,163,3513.66,21.506976,-154.670137
498896,3577,429.173,147,3514.77,21.181415,-154.115808
499150,3578,777.197,254,3516.86,21.52465,-154.597601
499304,3579,457.358,154,3518.13,23.854262,-154.822613
499520,3580,594.916,216,3519.92,21.586577,-154.515567
499674,3581,453.083,154,3521.16,22.405917,-155.18552
499822,3582,401.375,148,3522.34,21.293653,-154.879739
499979,3583,474.207,157,3523.66,21.07956,-155.132122
500157,3584,556.697,178,3526.85,23.021175,-155.111791
500372,3585,552.08,215,3528.54,21.638397,-155.033014
500524,3586,438.343,152,3529.74,21.798123,-155.168952
500661,3587,392.733,137,3530.95,20.98598,-155.766492
500847,3588,565.111,186,3532.51,20.610366,-154.905069
501004,3589,476.661,157,3533.77,21.118894,-155.023102
501160,3590,471.521,156,3535.04,21.674997,-155.051538
501404,3591,755.194,244,3536.88,20.582322,-155.42811
501680,3592,870.822,276,3538.85,20.974778,-155.263726
501931,3593,731.437,251,3540.61,20.588348,-155.526485
502166,3594,698.869,235,3542.26,21.985186,-155.635074
502331,3595,503.243,165,3543.37,21.60459,-155.377294
502588,3596,784.178,257,3545.12,21.247138,-155.302775
502789,3597,594.287,201,3546.4,23.271486,-155.50343
502931,3598,392.503,142,3547.32,21.539747,-156.565511
503058,3599,361.474,127,3548.26,22.375894,-155.23458
503274,3600,682.369,216,3549.72,21.374464,-155.914596
503434,3601,488.603,160,3550.84,22.491626,-155.627592
503594,3602,476.908,160,3552.03,22.423465,-155.91466
503744,3603,435.426,150,3553.09,21.481046,-156.849104
503893,3604,417.622,149,3554.19,21.384391,-155.416143
504020,3605,341.93,127,3555.09,22.868759,-156.090628
504172,3606,451.635,152,3556.16,20.27028,-156.099271
504319,3607,427.749,147,3557.23,22.656614,-155.642475
504583,3608,876.78,264,3559.08,21.357211,-155.697075
504721,3609,387.014,138,3560.12,22.798645,-156.171925
504864,3610,414.887,143,3561.16,22.516422,-155.728623
505028,3611,517.296,164,3562.37,23.174014,-155.834343
505185,3612,476.238,157,3563.55,22.480767,-155.977681
505334,3613,429.746,149,3564.64,21.948222,-156.086782
505482,3614,427.639,148,3565.7,21.324309,-156.347227
505652,3615,528.517,170,3566.88,23.034367,-156.305854
505797,3616,415.115,145,3567.93,21.785734,-156.839473
505949,3617,446.21,152,3569.18,22.460377,-156.371537
506105,3618,469.394,156,3570.41,20.09478,-155.638056
506314,3619,642.461,209,3571.87,22.09332,-156.321032
506554,3620,648.681,240,3573.56,23.225426,-156.347027
506664,3621,252.794,110,3574.36,21.926215,-156.948491
506782,3622,272.032,118,3575.16,20.4011,-157.242554
506915,3623,370.287,133,3576.0,22.170231,-156.663743
507077,3624,486.63,162,3577.09,21.891948,-156.114254
507233,3625,476.632,156,3578.07,20.361942,-156.332377
507368,3626,371.529,135,3578.93,20.59263,-156.784854
507514,3627,426.026,146,3579.9,22.270258,-157.176572
507749,3628,737.861,235,3581.53,21.443942,-157.030131
507996,3629,729.455,247,3583.3,21.969533,-157.220354
508150,3630,453.332,154,3584.38,21.787365,-157.217526
508285,3631,370.446,135,3585.32,22.715607,-156.895734
508436,3632,447.837,151,3586.38,21.750815,-156.804856
508601,3633,504.501,165,3587.54,22.189902,-157.031278
508746,3634,396.771,145,3588.59,21.012254,-156.289251
508903,3635,468.642,157,3589.69,20.24777,-156.669515
509013,3636,265.265,110,3590.49,21.779448,-156.616425
509165,3637,454.355,152,3591.6,23.23441,-157.087337
509307,3638,405.719,142,3592.68,21.129345,-156.924872
509461,3639,453.835,154,3593.68,21.199753,-157.404641
509645,3640,561.433,184,3594.93,20.534536,-156.763769
509779,3641,352.193,134,3595.8,22.853271,-157.549538
509902,3642,332.173,123,3596.63,21.049109,-156.782459
510053,3643,469.384,151,3598.5,21.583639,-157.510724
510216,3644,478.658,163,3599.65,20.697934,-156.762596
510356,3645,367.032,140,3600.74,22.619252,-157.551152
510516,3646,486.86,160,3601.83,21.308047,-157.993947
510674,3647,469.301,158,3602.91,22.543157,-156.793762
510836,3648,478.452,162,3604.04,20.217117,-157.780862
510980,3649,408.107,144,3605.09,20.45069,-156.653109
511129,3650,440.831,149,3606.16,20.689064,-156.980159
511332,3651,710.203,203,3607.6,23.22703,-157.238728
511500,3652,490.696,168,3608.85,22.264129,-157.115604
511632,3653,298.691,132,3609.81,22.627296,-157.128156
511793,3654,505.338,161,3610.94,21.64127,-157.800997
511946,3655,431.437,153,3611.96,21.32669,-156.855744
512088,3656,390.994,142,3612.9,22.007961,-157.39313
512365,3657,822.153,277,3614.7,22.028749,-157.177565
512595,3658,724.59,230,3616.38,22.845285,-156.989518
512756,3659,476.42,161,3617.53,21.440725,-156.999532
512910,3660,464.486,154,3618.63,21.699984,-157.094391
513121,3661,643.2,211,3620.06,21.328243,-157.599088
513240,3662,327.469,119,3620.85,21.150594,-157.547639
513398,3663,472.694,158,3621.89,20.78296,-157.270398
513557,3664,485.37,159,3622.92,20.279047,-157.436996
513709,3665,444.098,152,3623.97,21.291126,-156.806529
513871,3666,498.788,162,3625.12,23.03597,-157.737819
514018,3667,439.132,147,3626.12,21.706657,-157.021645
514180,3668,500.343,162,3627.23,19.69776,-156.635466
514335,3669,457.515,155,3628.26,22.355864,-157.525032
514492,3670,478.694,157,3629.31,21.493726,-157.485343
514612,3671,333.362,120,3630.09,22.726244,-156.988341
514813,3672,612.369,201,3631.39,21.663013,-157.35453
515014,3673,625.464,201,3632.7,21.307443,-157.030025
515148,3674,372.469,134,3633.55,22.912724,-157.378286
515296,3675,430.42,148,3634.58,20.566749,-157.120701
515462,3676,514.087,166,3635.73,21.036321,-156.822196
515614,3677,444.398,152,3636.71,20.831348,-156.964748
515775,3678,476.754,161,3637.76,21.591729,-156.953663
515894,3679,322.108,119,3638.53,20.381688,-156.988761
516047,3680,459.769,153,3639.51,21.185388,-157.385032
516236,3681,632.562,189,3640.72,21.336617,-156.493804
516377,3682,401.277,141,3641.61,22.953448,-156.721465
516543,3683,498.51,166,3642.95,19.981497,-158.551947
516704,3684,446.83,161,3644.01,20.872259,-157.741398
516912,3685,688.096,208,3645.36,20.698213,-157.708682
517059,3686,444.741,147,3646.32,19.890175,-157.55152
517175,3687,291.043,116,3647.02,20.749166,-157.257325
517294,3688,330.006,119,3647.77,22.711167,-157.035961
517434,3689,328.12,140,3648.63,19.812335,-157.290826
517563,3690,358.016,129,3649.46,21.131295,-157.43169
517704,3691,337.538,141,3650.34,21.631928,-156.900105
517816,3692,281.88,112,3651.07,21.60593,-157.117307
517942,3693,352.023,126,3651.92,22.072506,-157.094766
518070,3694,293.042,128,3652.75,19.858262,-157.688161
518219,3695,437.723,149,3653.72,22.1568,-157.254552
518362,3696,401.311,143,3654.66,21.002712,-156.664438
518540,3697,573.631,178,3655.81,22.680174,-157.705074
518687,3698,407.737,147,3656.78,21.429511,-156.875256
518857,3699,544.389,170,3657.87,22.413427,-157.548423
519045,3700,573.394,188,3659.26,20.777339,-157.344888
519192,3701,433.188,147,3660.27,21.476118,-158.175143
519351,3702,495.378,159,3661.41,20.810572,-156.82458
519437,3703,158.781,86,3662.01,22.227856,-157.295979
519588,3704,423.557,151,3663.08,22.735004,-157.338762
519731,3705,422.494,143,3664.1,22.550773,-157.174766
519887,3706,473.67,156,3665.1,22.345115,-157.928909
520049,3707,501.064,162,3667.23,22.548085,-157.38039
520314,3708,829.798,265,3669.08,21.530449,-157.16173
520579,3709,842.341,265,3670.89,21.237557,-157.745122
520737,3710,461.755,158,3671.93,22.466366,-157.495858
520877,3711,335.635,140,3672.83,21.831993,-157.424232
521005,3712,337.578,128,3673.64,21.215085,-157.498886
521128,3713,348.523,123,3674.42,20.568238,-157.506137
521297,3714,518.901,169,3675.46,22.31964,-157.037838
521445,3715,432.338,148,3676.35,22.610375,-156.644267
521605,3716,497.751,160,3677.36,20.649779,-156.882965
521763,3717,473.327,158,3678.4,20.5963,-157.532567
521896,3718,340.481,133,3679.27,23.07668,-157.428957
522048,3719,435.984,152,3680.29,20.170238,-156.756324
522246,3720,581.256,198,3681.61,21.960641,-157.133151
522401,3721,479.633,155,3682.6,21.863116,-156.577441
522523,3722,283.945,122,3683.33,23.896616,-157.283476
522648,3723,310.747,125,3684.09,22.041904,-157.817679
522786,3724,383.644,138,3684.98,20.619388,-157.179724
522933,3725,423.629,147,3685.96,22.60632,-156.922675
523199,3726,829.04,266,3687.81,21.321205,-157.376531
523350,3727,447.875,151,3688.87,21.642036,-157.512119
523506,3728,478.97,156,3689.98,21.603996,-157.062977
523616,3729,256.765,110,3690.73,19.991797,-157.200254
523729,3730,293.748,113,3691.5,20.434676,-157.509118
523878,3731,438.575,149,3692.49,21.479367,-157.19222
524031,3732,448.382,153,3693.54,23.039915,-156.847604
524247,3733,633.924,216,3694.97,20.979121,-157.180591
524409,3734,501.231,162,3696.13,21.434501,-157.484422
524529,3735,306.015,120,3696.98,20.992696,-157.543274
524687,3736,454.992,158,3698.11,21.612361,-157.406993
524894,3737,609.356,207,3699.58,20.956698,-157.202746
525057,3738,491.711,163,3700.71,22.385012,-157.889204
525209,3739,449.242,152,3701.76,21.327993,-156.616756
525453,3740,715.448,244,3703.38,22.092275,-157.067701
525644,3741,629.388,191,3704.61,22.171834,-157.796029
525854,3742,612.908,210,3706.02,22.001342,-157.149415
525994,3743,381.79,140,3706.95,23.417607,-157.459817
526142,3744,444.202,148,3707.98,21.519742,-157.552823
526503,3745,1083.469,361,3710.44,21.010618,-157.354743
526652,3746,447.063,149,3711.45,20.506426,-157.875439
526762,3747,259.912,110,3712.2,22.691201,-156.321747
526915,3748,465.53,153,3713.25,22.500071,-158.207235
527038,3749,245.03,123,3714.1,22.34831,-156.946306
527230,3750,575.712,192,3715.63,20.977696,-157.323064
527506,3751,841.987,276,3717.8,22.856721,-157.505903
527677,3752,488.818,171,3719.2,22.082599,-156.975431
527830,3753,458.822,153,3720.46,20.79228,-157.339373
528024,3754,566.706,194,3722.02,22.754991,-157.498171
528299,3755,815.645,275,3724.21,21.214772,-156.481226
528614,3756,1042.24,315,3726.74,21.308826,-157.199251
528927,3757,967.998,313,3729.22,21.73832,-157.242789
529222,3758,887.705,295,3731.62,20.592858,-157.281688
529449,3759,678.778,227,3733.46,21.589729,-157.127693
529596,3760,413.34,147,3734.64,20.623955,-157.125173
529768,3761,509.415,172,3735.93,22.053328,-157.347679
529906,3762,388.173,138,3737.02,23.232871,-157.141488
530058,3763,453.64,152,3739.41,21.789852,-157.291683
530184,3764,329.05,126,3740.39,23.734823,-157.320286
530324,3765,416.26,140,3741.53,20.969672,-157.860985
530430,3766,255.728,106,3742.34,23.307222,-156.943054
530682,3767,843.737,252,3744.32,21.78652,-157.456057
530939,3768,771.851,257,3746.33,22.999223,-157.173914
531068,3769,348.874,129,3747.32,23.853375,-157.605932
531227,3770,478.595,159,3748.58,21.503428,-157.426084
531337,3771,268.41,110,3749.45,22.054885,-157.066693
531492,3772,464.97,155,3750.71,23.247297,-156.9456
531615,3773,295.582,123,3751.7,20.062472,-157.189083
531739,3774,339.253,124,3752.72,21.961078,-156.912467
531886,3775,445.362,147,3753.94,21.605198,-157.011907
532170,3776,881.751,284,3756.24,21.154992,-157.582922
532322,3777,468.973,152,3757.51,21.323861,-157.258644
532438,3778,293.765,116,3758.37,21.427827,-157.307285
532777,3779,1024.914,339,3761.05,21.869739,-157.378002
533104,3780,1039.783,327,3763.68,21.750012,-157.23281
533411,3781,903.613,307,3766.16,21.392503,-157.554278
533566,3782,456.576,155,3767.4,22.775053,-156.765828
533691,3783,355.488,125,3768.44,22.165765,-157.536264
533807,3784,247.232,116,3769.27,23.142529,-157.630917
534107,3785,912.63,300,3771.68,21.706282,-157.273189
534288,3786,535.919,181,3773.19,21.612706,-158.000349
534561,3787,863.69,273,3775.36,20.801541,-157.104729
534856,3788,843.811,295,3777.42,22.309478,-157.59319
535037,3789,572.08,181,3778.69,22.394644,-157.337171
535185,3790,436.147,148,3779.72,22.771682,-157.899404
535391,3791,608.964,206,3781.18,21.417246,-157.79097
535568,3792,564.16,177,3782.42,21.517499,-157.515457
535715,3793,445.367,147,3783.48,22.017725,-157.562452
535873,3794,505.506,158,3784.64,21.263775,-157.294956
536077,3795,587.932,204,3786.13,21.520816,-157.696926
536181,3796,233.13,104,3786.86,21.642141,-156.885125
536381,3797,608.094,200,3788.25,21.471032,-157.87169
536532,3798,455.836,151,3789.3,20.825849,-157.23361
536676,3799,411.396,144,3790.32,22.145873,-157.479109
536830,3800,461.313,154,3791.38,21.770877,-158.255848
536981,3801,440.951,151,3792.44,21.712498,-158.021803
537239,3802,777.4,258,3794.24,21.183257,-157.883866
537352,3803,265.105,113,3795.06,22.536165,-158.49231
537497,3804,432.047,145,3796.08,22.566429,-158.076642
537702,3805,633.525,205,3797.54,23.188158,-158.166568
537846,3806,359.192,144,3798.54,22.388341,-158.299079
537998,3807,450.908,152,3799.62,21.792503,-157.915495
538159,3808,478.052,161,3800.73,21.661117,-158.222795
538416,3809,874.75,257,3802.57,22.166378,-157.844988
538710,3810,845.739,294,3804.73,21.305562,-158.026233
538986,3811,857.418,276,3806.73,21.791139,-157.980664
539138,3812,444.105,152,3807.78,21.835786,-157.543425
539367,3813,689.632,229,3809.43,22.537873,-157.860201
539522,3814,459.26,155,3810.54,21.052691,-158.037371
539641,3815,316.024,119,3811.44,21.354305,-157.95682
539788,3816,424.547,147,3812.52,22.503572,-157.723952
539948,3817,491.025,160,3813.73,22.563232,-157.473545
540088,3818,419.651,140,3815.91,23.326941,-158.288493
540256,3819,507.316,168,3817.17,22.411366,-157.874889
540558,3820,947.082,302,3819.21,21.316836,-158.331335
540726,3821,482.841,168,3820.44,21.322489,-158.377555
540954,3822,723.223,228,3822.13,21.966694,-158.953987
541105,3823,434.975,151,3823.24,22.325844,-158.655673
541262,3824,482.469,157,3824.44,20.396515,-158.124071
541420,3825,488.414,158,3825.6,20.92891,-158.374126
541546,3826,328.901,126,3826.55,21.909094,-157.339813
541707,3827,488.761,161,3827.74,22.796514,-157.268683
541998,3828,851.576,291,3829.89,21.322316,-158.352724
542170,3829,533.305,172,3831.17,22.157286,-158.053633
542404,3830,629.455,234,3832.94,22.13291,-158.098503
542556,3831,464.387,152,3834.1,20.936239,-158.333584
542844,3832,841.187,288,3836.36,23.075453,-158.574005
543125,3833,827.167,281,3838.61,22.317231,-158.705229
543195,3834,118.982,70,3839.16,23.662154,-158.954174
543342,3835,433.645,147,3840.2,22.506756,-158.524292
543471,3836,335.197,129,3841.09,22.155911,-158.503109
543696,3837,723.842,225,3842.76,21.825402,-158.38919
543940,3838,763.253,244,3844.54,22.360822,-158.442552
544085,3839,428.288,145,3845.7,23.370948,-159.278574
544228,3840,399.359,143,3846.76,22.213476,-159.434717
544376,3841,441.238,148,3847.85,21.421697,-159.642968
544531,3842,485.412,155,3848.99,20.949079,-158.771688
544674,3843,413.46,143,3850.02,21.541581,-159.207543
544869,3844,592.363,195,3851.44,20.497548,-159.200291
545057,3845,604.779,188,3852.84,22.244509,-158.49571
545160,3846,229.653,103,3853.59,22.459807,-158.54762
545261,3847,230.376,101,3854.33,21.909173,-158.748319
545463,3848,581.358,202,3855.95,21.959224,-158.919662
545584,3849,316.298,121,3856.83,21.856963,-159.040496
545696,3850,274.468,112,3857.7,21.90593,-158.310449
545856,3851,482.865,160,3858.9,22.061124,-158.870589
546097,3852,785.941,241,3860.54,22.003286,-158.853537
546253,3853,473.934,156,3861.62,23.659441,-158.785623
546400,3854,443.654,147,3862.62,20.863004,-158.845697
546548,3855,400.027,148,3863.81,22.635034,-159.219918
546804,3856,809.594,256,3865.77,21.837841,-159.017113
546997,3857,608.333,193,3867.27,22.17767,-159.174674
547305,3858,937.754,308,3869.74,22.161108,-159.300303
547544,3859,734.288,239,3871.7,22.487142,-159.302937
547715,3860,568.964,171,3873.03,20.0274,-158.927142
547876,3861,484.616,161,3874.27,20.173225,-158.986744
548042,3862,485.122,166,3875.55,22.983859,-159.163748
548257,3863,653.496,215,3877.27,22.300759,-159.689906
548411,3864,463.986,154,3878.64,22.429717,-159.330078
548569,3865,475.099,158,3879.86,21.024937,-159.612647
548753,3866,609.711,184,3881.24,22.338459,-159.02427
548907,3867,467.22,154,3882.39,21.617387,-159.836394
549080,3868,538.04,173,3883.74,22.897785,-160.130472
549284,3869,614.229,204,3885.31,22.365954,-159.679261
549452,3870,521.092,168,3886.65,21.074998,-159.437307
549610,3871,459.893,158,3887.85,21.003882,-159.297678
549759,3872,434.806,149,3888.95,22.385944,-159.407313
549906,3873,437.346,147,3890.08,20.921073,-159.397999
550055,3874,429.498,149,3892.12,21.00706,-160.273433
550280,3875,689.433,225,3893.87,20.968835,-159.423771
550421,3876,407.665,141,3894.96,21.186682,-159.225362
550594,3877,552.374,173,3896.16,22.235086,-159.245961
550741,3878,425.565,147,3897.21,22.329576,-159.040661
550937,3879,598.692,196,3898.61,22.359456,-159.766306
551157,3880,654.636,220,3900.25,21.490725,-159.529932
551468,3881,965.396,311,3902.5,21.645276,-159.336873
551614,3882,447.774,146,3903.52,22.361668,-159.770894
551723,3883,267.711,109,3904.29,21.737019,-159.458843
551881,3884,468.755,158,3905.38,23.975483,-159.833274
552024,3885,413.457,143,3906.36,22.866341,-159.874176
552179,3886,468.544,155,3907.5,20.447429,-160.194052
552412,3887,648.356,233,3909.17,20.799109,-159.507153
552583,3888,528.608,171,3910.31,21.849253,-159.579611
552759,3889,521.719,176,3911.54,23.416116,-159.424554
552918,3890,471.475,159,3912.66,22.817544,-160.087012
553044,3891,340.763,126,3913.61,23.386097,-159.015764
553200,3892,464.772,156,3914.75,23.873796,-159.642427
553362,3893,487.515,162,3916.03,22.813782,-159.805635
553523,3894,498.384,161,3917.35,22.78025,-160.113045
553782,3895,844.686,259,3919.37,21.800918,-159.514684
554051,3896,855.921,269,3921.34,23.141107,-159.519235
554219,3897,510.881,168,3922.45,22.653841,-159.907895
554350,3898,364.724,131,3923.31,24.923929,-159.752656
554418,3899,114.301,68,3923.77,23.894413,-159.68659
554589,3900,530.87,171,3925.02,21.270639,-159.478601
554729,3901,395.837,140,3926.0,22.520728,-159.437026
554902,3902,527.001,173,3927.47,22.324615,-160.276513
555084,3903,607.393,182,3928.65,23.266128,-159.643931
555226,3904,398.81,142,3929.69,19.982248,-160.810776
555372,3905,410.799,146,3930.65,22.375956,-159.661922
555645,3906,859.566,273,3932.33,22.604348,-159.989145
555932,3907,921.288,287,3934.09,21.773693,-159.797117
556072,3908,399.796,140,3935.04,19.551014,-160.213617
556327,3909,791.53,255,3936.7,21.760732,-159.994374
556485,3910,484.691,158,3937.76,22.49971,-160.02832
556645,3911,474.648,160,3938.76,21.57288,-160.492639
556886,3912,734.073,241,3940.35,22.492008,-160.417932
557097,3913,760.504,211,3942.01,22.159061,-160.172876
557288,3914,619.799,191,3943.52,22.340734,-159.729832
557453,3915,507.249,165,3944.75,22.506698,-159.674671
557615,3916,488.971,162,3945.89,21.852827,-160.141349
557814,3917,635.337,199,3947.33,22.902227,-160.525043
557983,3918,514.499,169,3948.48,23.36281,-160.227465
558140,3919,464.699,157,3949.44,23.375984,-160.421641
558377,3920,855.648,237,3951.06,22.286799,-160.417804
558713,3921,1130.893,336,3953.55,22.090756,-160.771877
558989,3922,868.319,276,3955.65,21.632915,-160.59036
559075,3923,154.32,86,3956.21,21.244373,-160.431603
559227,3924,447.815,152,3957.18,22.21843,-160.470412
559410,3925,567.375,183,3958.29,23.814254,-160.933765
559573,3926,521.406,163,3959.41,22.951252,-160.93283
559738,3927,495.104,165,3960.5,22.878118,-160.33198
559900,3928,478.195,162,3961.52,22.56297,-160.757607
560033,3929,376.399,133,3963.93,20.818745,-160.986945
560154,3930,321.408,121,3964.74,21.557133,-160.542218
560360,3931,663.026,206,3966.19,23.461002,-160.091743
560565,3932,676.398,205,3967.6,22.826996,-160.714156
560863,3933,917.173,298,3969.56,22.225702,-160.307422
561024,3934,475.929,161,3970.61,22.80041,-160.489576
561203,3935,533.98,179,3971.74,21.28691,-160.641521
561369,3936,487.519,166,3972.9,21.570079,-160.822542
561586,3937,602.837,217,3974.43,21.804757,-160.749271
561787,3938,673.807,201,3976.4,24.401072,-161.229061
562032,3939,734.887,245,3978.7,23.257692,-160.214678
562189,3940,481.444,157,3979.9,22.905393,-161.15909
562445,3941,830.927,256,3981.83,22.493726,-160.740053
562729,3942,920.854,284,3983.74,21.972757,-160.996263
562966,3943,759.881,237,3985.15,22.624378,-160.79908
563212,3944,779.418,246,3986.83,23.047699,-160.985672
563460,3945,824.73,248,3988.43,22.421051,-161.079121
563677,3946,762.164,217,3990.0,21.672693,-161.289332
563959,3947,892.167,282,3991.96,23.043335,-161.127885
564222,3948,837.967,263,3993.78,23.77126,-160.901173
564492,3949,879.022,270,3995.73,23.268863,-160.71479
564745,3950,807.319,253,3997.57,21.485829,-161.281067
564961,3951,633.469,216,3999.22,23.123131,-161.423825
565171,3952,641.86,210,4000.88,22.492762,-161.028657
565419,3953,799.725,248,4002.48,22.300852,-160.995216
565731,3954,1053.287,312,4004.55,21.822219,-160.995539
565995,3955,843.323,264,4006.58,21.92509,-161.389813
566201,3956,608.788,206,4008.15,22.9284,-161.117508
566417,3957,634.008,216,4009.69,22.432863,-161.493131
566678,3958,808.059,261,4011.58,24.128857,-161.546699
566901,3959,652.093,223,4013.19,22.81132,-160.914973
567129,3960,681.53,228,4014.79,22.076405,-161.790479
567405,3961,888.624,276,4016.93,22.49867,-161.041784
567652,3962,794.889,247,4018.74,22.310402,-161.41597
567904,3963,772.061,252,4020.51,23.090955,-161.077957
568115,3964,611.584,211,4021.97,22.384205,-161.009914
568397,3965,865.025,282,4024.06,22.653806,-161.596907
568650,3966,811.57,253,4026.03,21.566308,-161.803082
568893,3967,748.32,243,4027.82,21.236158,-162.071148
569134,3968,712.112,241,4029.48,22.545688,-161.378414
569342,3969,667.338,208,4031.01,22.74379,-161.615456
569560,3970,737.667,218,4032.5,22.481175,-162.228278
569750,3971,590.867,190,4033.92,22.844535,-160.868616
569939,3972,597.253,189,4035.32,22.072129,-161.587585
570228,3973,929.472,289,4038.86,21.77372,-161.73052
570439,3974,623.485,211,4040.21,21.94242,-161.864872
570776,3975,1044.118,337,4042.69,22.58547,-162.297022
571039,3976,836.692,263,4044.53,21.556156,-161.965426
571365,3977,1022.728,326,4046.88,22.053544,-162.058379
571622,3978,811.369,257,4048.71,22.691838,-161.842812
571873,3979,799.228,251,4050.59,22.490738,-161.328752
572089,3980,681.883,216,4052.13,23.119769,-161.550409
572400,3981,1019.62,311,4054.33,22.708737,-161.303517
572625,3982,680.561,225,4055.88,22.168677,-161.709162
572880,3983,782.198,255,4057.79,23.271101,-162.031414
573146,3984,853.087,266,4059.58,22.369088,-162.468119
573347,3985,605.812,201,4061.02,21.934088,-162.787886
573614,3986,843.841,267,4062.94,22.564851,-162.206553
573842,3987,644.219,228,4064.46,22.014537,-161.89311
574126,3988,953.508,284,4066.36,23.970764,-161.744034
574385,3989,817.429,259,4068.15,22.604377,-162.207928
574663,3990,896.562,278,4070.06,22.291458,-162.011589
574890,3991,662.244,227,4071.63,22.00787,-162.309545
575088,3992,595.149,198,4072.99,21.630567,-162.358312
575400,3993,981.655,312,4075.33,23.475442,-162.250147
575639,3994,728.361,239,4077.18,21.724878,-162.088028
575892,3995,774.563,253,4079.18,23.92444,-162.715951
576172,3996,888.43,280,4080.96,22.745135,-162.421678
576404,3997,708.986,232,4082.88,22.527432,-162.2249
576636,3998,703.332,232,4084.48,21.35748,-162.631996
576871,3999,708.788,235,4085.93,23.315541,-162.854691
577109,4000,733.982,238,4087.82,22.461883,-162.181302
577346,4001,753.997,237,4089.57,22.738139,-162.614682
577563,4002,651.896,217,4091.0,22.258853,-162.696352
577792,4003,660.019,229,4092.61,21.236646,-162.448196
578081,4004,921.751,289,4094.65,22.248568,-162.640709
578313,4005,663.713,232,4096.6,22.498862,-162.779213
578546,4006,700.42,233,4098.29,22.610872,-163.047514
578790,4007,707.89,244,4100.09,23.355421,-163.406967
579065,4008,919.5,275,4101.85,23.466098,-162.673531
579305,4009,747.954,240,4103.65,22.620609,-163.104038
579519,4010,604.19,214,4105.2,22.217704,-162.405426
579746,4011,652.867,227,4107.02,22.667499,-163.008041
580005,4012,815.693,259,4111.3,21.511655,-162.626614
580295,4013,905.865,290,4113.53,22.527702,-162.976039
580537,4014,710.878,242,4115.32,22.299915,-162.345366
580793,4015,796.517,256,4117.12,21.938459,-162.797761
581041,4016,736.87,248,4118.84,22.824111,-162.614676
581316,4017,866.873,275,4120.69,22.492946,-163.145872
581532,4018,634.981,216,4122.1,21.624732,-162.761955
581765,4019,664.019,233,4123.66,22.042471,-163.367996
581972,4020,620.673,207,4125.05,22.655822,-163.102923
582199,4021,686.128,227,4126.5,22.78736,-162.464195
582448,4022,789.386,249,4128.15,22.42365,-163.159703
582722,4023,891.091,274,4129.94,21.812591,-163.402381
583000,4024,876.391,278,4131.79,22.593971,-163.122652
583256,4025,771.079,256,4133.55,22.839136,-163.099217
583474,4026,637.146,218,4134.91,21.347411,-163.446969
583698,4027,707.333,224,4136.42,22.703302,-163.338606
583954,4028,766.237,256,4138.19,23.387849,-162.910183
584204,4029,782.601,250,4139.93,22.432926,-162.801019
584443,4030,713.172,239,4141.59,22.316329,-162.917751
584690,4031,791.351,247,4143.34,23.324048,-163.152884
584965,4032,786.969,275,4145.4,21.50249,-163.456321
585202,4033,710.843,237,4147.11,22.539336,-162.966422
585436,4034,697.54,234,4148.77,22.652046,-162.832253
585698,4035,846.753,262,4150.59,22.883407,-163.157298
585941,4036,717.076,243,4152.27,22.675276,-163.026669
586204,4037,811.069,263,4154.09,21.472994,-162.924236
586451,4038,712.433,247,4155.9,22.981585,-162.971412
586720,4039,830.543,269,4157.84,22.721886,-163.06284
586981,4040,784.783,261,4159.65,24.236272,-163.100325
587260,4041,857.672,279,4161.62,22.486286,-163.082215
587533,4042,877.618,273,4163.44,21.641018,-163.779921
587796,4043,849.363,263,4165.19,22.550013,-163.132253
588058,4044,799.109,262,4166.92,21.577989,-163.123839
588314,4045,830.534,256,4168.66,22.368401,-163.030278
588554,4046,708.526,240,4170.56,22.125942,-163.376828
588820,4047,851.935,266,4172.53,22.438409,-163.401583
589086,4048,853.632,266,4174.49,22.803771,-163.393541
589340,4049,826.931,254,4176.32,22.021577,-163.05541
589592,4050,754.269,252,4178.05,22.014786,-163.211953
589801,4051,630.101,209,4179.44,21.299014,-164.132319
590005,4052,602.122,204,4182.49,21.205321,-164.111294
590265,4053,832.152,260,4184.41,21.899299,-163.9694
590515,4054,722.227,250,4186.11,23.009092,-163.39026
590780,4055,795.574,265,4187.87,21.219639,-163.297175
591061,4056,938.709,281,4189.87,23.671331,-163.517991
591316,4057,761.12,255,4191.71,22.693424,-163.539107
591535,4058,638.624,219,4193.25,21.566025,-163.840452
591760,4059,677.008,225,4194.83,22.891924,-163.751329
592026,4060,872.4,266,4196.72,21.313698,-163.613841
592300,4061,875.265,274,4198.65,22.03867,-163.829139
592553,4062,823.785,253,4200.56,24.254697,-163.031483
592805,4063,736.673,252,4202.22,22.435586,-163.587772
593085,4064,931.557,280,4204.09,22.444453,-163.806742
593312,4065,695.427,227,4205.73,22.247349,-163.80546
593529,4066,628.403,217,4207.1,20.577317,-164.428438
593839,4067,1045.905,310,4209.05,22.890765,-163.834648
594105,4068,869.015,266,4210.8,21.431636,-163.545338
594357,4069,797.81,252,4212.62,22.055575,-163.831076
594620,4070,849.429,263,4214.53,21.641841,-163.739019
594876,4071,806.091,256,4216.33,20.94897,-163.850544
595155,4072,917.741,279,4218.31,22.10138,-164.182987
595431,4073,918.243,276,4220.28,21.739079,-163.975961
595678,4074,754.623,247,4222.02,21.016836,-164.161688
595906,4075,653.683,228,4223.68,21.539114,-163.935545
596168,4076,868.753,262,4225.6,22.251715,-164.686821
596451,4077,954.175,283,4227.79,21.280469,-163.81551
596757,4078,973.609,306,4230.28,21.672453,-163.740996
597024,4079,879.668,267,4232.29,22.77885,-164.310747
597263,4080,736.032,239,4233.94,21.453587,-164.570805
597520,4081,761.84,257,4235.95,20.709212,-164.676232
597766,4082,760.101,246,4237.88,20.520899,-164.320119
598009,4083,772.429,243,4239.73,21.638898,-164.391041
598223,4084,610.064,214,4241.33,21.510606,-163.854035
598491,4085,815.679,268,4243.24,21.2098,-164.488022
598755,4086,790.134,264,4245.2,20.877603,-164.653278
599008,4087,776.347,253,4247.04,21.955525,-165.188365
599260,4088,798.819,252,4248.93,21.57569,-165.062472
599476,4089,626.78,216,4250.63,21.870147,-164.728362
599742,4090,855.052,266,4252.65,22.385301,-164.759766
599959,4091,637.883,217,4254.27,21.597575,-164.552073
600168,4092,578.229,209,4257.86,22.610318,-164.942456
600483,4093,1121.53,315,4260.06,21.777979,-164.98358
600703,4094,648.621,220,4261.66,21.243842,-164.642756
600967,4095,833.799,264,4263.69,22.471998,-165.039528
601191,4096,622.454,224,4265.44,21.092722,-164.99465
601457,4097,823.994,266,4267.45,21.436402,-164.753756
601755,4098,948.125,298,4269.73,22.182206,-164.772586
602001,4099,668.235,246,4271.57,23.405169,-165.488541
602242,4100,717.764,241,4273.37,22.274955,-165.333306
602505,4101,826.419,263,4275.32,21.204712,-165.514117
602760,4102,809.596,255,4277.31,21.483723,-164.530023
603034,4103,885.147,274,4279.36,22.299789,-164.93529
603311,4104,927.541,277,4281.41,22.745475,-165.206056
603537,4105,648.369,226,4283.05,21.563162,-165.492271
603786,4106,738.379,249,4284.94,22.13472,-165.09376
604070,4107,938.029,284,4287.02,21.676268,-165.594871
604334,4108,856.522,264,4288.81,21.0839,-165.164677
604623,4109,904.439,289,4290.74,21.480587,-165.247462
604896,4110,865.262,273,4292.68,21.482907,-165.26363
605197,4111,968.703,301,4294.94,21.584296,-165.286912
605445,4112,710.684,248,4296.73,23.359202,-165.310233
605717,4113,884.714,272,4298.59,20.505263,-165.035124
605988,4114,891.007,271,4300.45,20.947484,-165.207412
606228,4115,739.875,240,4302.31,21.538454,-165.213733
606471,4116,766.148,243,4304.14,21.831179,-165.534526
606764,4117,921.867,293,4306.31,21.175494,-165.45573
607010,4118,751.562,246,4308.14,23.290399,-165.363589
607228,4119,597.996,218,4309.64,22.896669,-165.463248
607500,4120,912.013,272,4311.75,23.072826,-165.394137
607704,4121,606.319,204,4313.34,20.782515,-166.388554
607935,4122,649.063,231,4315.09,22.875751,-165.220625
608230,4123,938.165,295,4317.17,23.635022,-165.818227
608485,4124,782.447,255,4318.97,22.549032,-165.904894
608748,4125,828.94,263,4320.87,22.17821,-165.387807
608977,4126,659.628,229,4322.59,21.867922,-165.641657
609258,4127,936.997,281,4324.69,23.126261,-164.880012
609484,4128,665.775,226,4326.25,22.335731,-165.466667
609750,4129,833.177,266,4328.07,20.987348,-165.674348
610025,4130,880.732,275,4331.86,22.356463,-165.998545
610315,4131,907.49,290,4334.03,22.381371,-166.422324
610545,4132,704.442,230,4335.72,21.754304,-165.575388
610805,4133,812.731,260,4337.56,22.414106,-165.365243
611060,4134,787.107,255,4339.51,20.764424,-165.353172
611321,4135,812.953,261,4341.46,21.50888,-165.385974
611598,4136,845.535,277,4343.48,21.171034,-166.078279
611869,4137,891.789,271,4345.41,21.952185,-166.155335
612128,4138,819.258,259,4347.15,22.526228,-165.955761
612416,4139,929.16,288,4349.14,22.238437,-166.233878
612686,4140,863.127,270,4351.0,22.372134,-165.701834
612931,4141,732.039,245,4352.62,22.240562,-166.008132
613199,4142,846.609,268,4354.32,21.373355,-166.10304
613421,4143,635.367,222,4355.73,20.547012,-166.286007
613686,4144,852.727,265,4357.54,22.714818,-165.566348
613966,4145,873.939,280,4359.53,21.593202,-165.99853
614187,4146,639.627,221,4361.01,22.348677,-166.387844
614433,4147,733.144,246,4362.57,21.433931,-165.662996
614672,4148,713.714,239,4364.06,22.192921,-165.830361
614952,4149,895.289,280,4365.97,21.92778,-166.594794
615234,4150,879.892,282,4368.01,21.901631,-166.106161
615512,4151,889.732,278,4370.0,22.641103,-165.923751
615742,4152,709.066,230,4371.64,21.675487,-166.227046
616005,4153,838.792,263,4373.53,21.623728,-165.785962
616243,4154,646.457,238,4375.27,20.331564,-166.212176
616488,4155,748.566,245,4377.04,22.427383,-166.450727
616781,4156,897.114,293,4379.09,22.674282,-165.826778
617011,4157,672.592,230,4380.57,22.571708,-165.795366
617297,4158,926.633,286,4382.38,21.994147,-166.017457
617566,4159,888.149,269,4384.09,22.816116,-166.419563
617794,4160,648.208,228,4385.6,22.686347,-165.904991
618036,4161,726.226,242,4387.21,21.935167,-166.343025
618302,4162,837.669,266,4388.94,21.198307,-167.017486
618524,4163,659.294,222,4390.34,21.238909,-165.863559
618744,4164,621.068,220,4391.82,21.285768,-166.646942
618987,4165,731.358,243,4393.47,22.247724,-166.430365
619223,4166,678.657,236,4395.14,21.984077,-166.797297
619503,4167,870.11,280,4397.04,21.756597,-166.177698
619729,4168,605.398,226,4398.58,21.66055,-166.010733
619989,4169,815.776,260,4400.27,22.69613,-166.531923
620275,4170,895.609,286,4403.92,21.417716,-167.021784
620540,4171,837.446,265,4405.71,22.206413,-167.070196
620785,4172,723.359,245,4407.4,21.734202,-166.596199
621045,4173,823.634,260,4409.14,21.609474,-167.145814
621330,4174,907.142,285,4411.21,21.342998,-166.780882
621623,4175,920.61,293,4413.37,22.571588,-166.604286
621897,4176,866.488,274,4415.41,22.132408,-166.388042
622190,4177,935.001,293,4417.45,21.164537,-167.099026
622479,4178,913.106,289,4419.5,20.881695,-167.03789
622751,4179,896.8,272,4421.37,21.234244,-166.733913
623016,4180,831.865,265,4423.23,20.88889,-167.147915
623268,4181,749.254,252,4425.04,22.254902,-166.941747
623540,4182,853.923,272,4426.92,22.035447,-166.631152
623754,4183,621.43,214,4428.34,22.830778,-166.751883
624048,4184,915.79,294,4430.38,23.394715,-166.809068
624296,4185,794.433,248,4432.27,22.356256,-167.176538
624589,4186,927.2,293,4434.35,21.19778,-167.268749
624857,4187,822.545,268,4436.58,23.711431,-166.794257
625144,4188,918.523,287,4439.0,21.028241,-167.105197
625401,4189,833.106,257,4441.0,22.031136,-167.251513
625608,4190,556.114,207,4442.6,22.341278,-166.705367
625812,4191,619.812,204,4444.29,22.018045,-166.788531
626078,4192,796.493,266,4446.54,22.589695,-166.964812
626321,4193,706.2,243,4448.54,22.528826,-166.285413
626605,4194,885.24,284,4450.74,21.823856,-167.11
626891,4195,885.681,286,4452.95,21.427172,-167.061793
627190,4196,1036.094,299,4455.54,22.315044,-166.899854
627496,4197,928.493,306,4458.08,21.88695,-167.4049
627747,4198,794.7,251,4460.01,22.259864,-167.133682
628016,4199,852.204,269,4462.09,22.661931,-167.217236
628191,4200,455.834,175,4463.53,21.234118,-167.681709
628424,4201,664.262,233,4465.42,21.393958,-166.794226
628666,4202,750.8,242,4467.34,21.125752,-166.8787
628883,4203,648.379,217,4469.18,21.161249,-166.519457
629117,4204,666.543,234,4470.9,21.696293,-167.238165
629414,4205,1004.365,297,4473.35,21.67544,-167.008218
629658,4206,746.983,244,4475.31,21.948024,-167.04151
629929,4207,886.518,271,4477.51,21.57327,-166.762382
630207,4208,893.924,278,4481.85,21.421403,-166.794002
630474,4209,858.705,267,4484.12,22.308749,-167.475034
630765,4210,951.683,291,4486.52,21.921745,-166.747938
631032,4211,799.1,267,4488.73,22.076432,-167.140905
631291,4212,733.378,259,4490.88,20.659939,-167.468728
631559,4213,834.741,268,4493.02,20.709595,-166.90466
631859,4214,951.877,300,4495.29,22.058765,-167.267221
632105,4215,717.133,246,4496.99,22.335887,-166.860349
632351,4216,653.546,246,4498.72,21.343547,-167.691763
632611,4217,752.431,260,4500.53,21.95246,-166.764879
632860,4218,738.513,249,4502.24,21.676753,-167.485924
633130,4219,814.946,270,4504.3,21.454198,-167.543859
633367,4220,669.821,237,4505.99,21.64422,-166.836277
633609,4221,683.287,242,4507.71,22.835127,-166.787485
633856,4222,678.46,247,4509.49,21.598358,-167.541794
634127,4223,800.944,271,4511.4,22.445557,-167.074198
634385,4224,695.159,258,4513.18,21.877486,-166.918192
634645,4225,726.4,260,4514.96,20.964681,-167.700817
634946,4226,924.126,301,4517.1,20.618431,-167.66061
635250,4227,983.489,304,4519.25,21.243729,-167.342324
635526,4228,807.536,276,4521.19,22.386588,-167.216398
635826,4229,962.953,300,4523.3,21.980499,-167.126983
636070,4230,636.316,244,4525.0,20.930745,-167.366902
636331,4231,772.068,261,4526.82,22.08371,-167.107781
636586,4232,756.379,255,4528.55,21.6229,-167.243611
636844,4233,815.391,258,4530.32,22.876457,-167.518614
637092,4234,703.868,248,4531.93,21.769089,-167.034663
637411,4235,1162.118,319,4534.29,21.29875,-167.645572
637630,4236,677.676,219,4535.87,20.820954,-167.257181
637873,4237,714.315,243,4537.63,21.447538,-166.945043
638140,4238,890.488,267,4539.57,21.676712,-167.045597
638403,4239,802.82,263,4541.49,21.402484,-166.811698
638723,4240,1103.225,320,4543.8,21.114213,-167.393888
639035,4241,918.164,312,4546.12,20.246887,-167.354088
639307,4242,902.899,272,4548.13,21.808276,-166.948352
639638,4243,950.679,331,4550.52,21.238837,-167.597332
639929,4244,892.03,291,4552.5,21.023534,-166.993183
640241,4245,992.913,312,4557.01,20.808377,-167.309556
640526,4246,803.583,285,4558.97,22.090794,-166.789353
640745,4247,658.327,219,4560.85,20.961848,-167.811866
641017,4248,904.491,272,4563.09,21.699698,-167.562117
641245,4249,668.769,228,4564.96,20.988417,-167.472485
641488,4250,784.026,243,4566.99,21.704316,-167.058636
641709,4251,686.137,221,4568.89,21.36547,-167.414965
641957,4252,761.437,248,4570.99,21.024774,-167.473726
642239,4253,951.671,282,4573.3,21.787248,-167.280014
642521,4254,886.467,282,4575.96,21.394201,-167.12348
642850,4255,893.63,329,4579.4,21.467481,-167.197097
643124,4256,909.757,274,4581.76,21.849406,-167.116471
643360,4257,694.043,236,4583.66,22.337027,-167.713107
643662,4258,1065.358,302,4586.28,21.117765,-167.580856
643939,4259,944.545,277,4588.58,21.979865,-167.48861
644198,4260,804.603,259,4590.25,20.820522,-166.869014
644492,4261,906.594,294,4592.56,21.21001,-167.782268
644785,4262,960.436,293,4595.03,22.078121,-167.601107
645040,4263,754.028,255,4597.19,21.727373,-167.347994
645339,4264,1005.663,299,4599.11,21.98283,-167.481048
645614,4265,861.817,275,4601.05,21.132264,-167.382511
645871,4266,844.196,257,4602.79,21.782306,-167.604671
646160,4267,915.175,289,4605.0,22.852781,-167.893889
646391,4268,699.834,231,4606.71,22.21834,-167.266069
646656,4269,849.41,265,4608.68,22.25602,-167.775177
646901,4270,746.978,245,4610.59,20.778588,-167.746103
647112,4271,603.165,211,4612.07,21.455548,-167.968459
647328,4272,624.706,216,4613.53,20.678312,-167.994953
647587,4273,812.176,259,4615.46,19.851129,-167.93708
647856,4274,858.178,269,4617.27,21.50635,-167.741096
648158,4275,960.26,302,4619.28,21.787712,-167.48626
648356,4276,536.043,198,4620.62,22.38952,-168.202121
648664,4277,977.062,308,4622.87,21.454188,-168.361146
649022,4278,1289.438,358,4625.28,20.936941,-168.297677
649267,4279,770.527,245,4626.9,20.851979,-168.170352
649509,4280,727.759,242,4628.49,20.14951,-169.016741
649789,4281,866.262,280,4631.88,21.578053,-168.131137
650030,4282,719.905,241,4635.57,20.718547,-167.940644
650245,4283,620.554,215,4637.45,21.660444,-168.087114
650535,4284,906.598,290,4639.82,21.024437,-168.501352
650847,4285,969.603,312,4641.79,21.853018,-168.442705
651146,4286,1006.361,299,4643.55,21.540133,-168.100861
651430,4287,961.33,284,4645.42,20.988545,-168.308942
651665,4288,684.069,235,4646.98,21.47925,-168.119289
651914,4289,780.632,249,4648.66,22.386832,-168.404833
652134,4290,628.833,220,4650.03,21.23808,-167.971453
652419,4291,895.273,285,4651.75,21.612107,-168.535948
652667,4292,762.896,248,4653.34,21.995911,-168.250283
652960,4293,1004.543,293,4655.59,21.642771,-168.447058
653186,4294,657.619,226,4657.18,23.224912,-168.437254
653450,4295,798.329,264,4658.9,20.770284,-167.924014
653710,4296,827.191,260,4660.74,20.960647,-168.914346
654000,4297,929.298,290,4662.73,21.070754,-168.534525
654254,4298,831.826,254,4664.53,21.620709,-169.001951
654547,4299,881.65,293,4666.56,21.170872,-169.158512
654786,4300,741.737,239,4668.0,20.672802,-169.199063
655088,4301,1044.19,302,4669.92,20.374733,-168.809332
655379,4302,855.913,291,4671.87,21.009699,-169.003184
655638,4303,779.574,259,4673.55,20.390828,-168.710506
655890,4304,837.391,252,4675.44,20.615665,-168.88069
656145,4305,772.972,255,4677.11,21.588419,-169.117302
656420,4306,895.646,275,4678.8,21.833965,-168.663943
656724,4307,1028.288,304,4680.82,21.116358,-168.369905
656953,4308,689.555,229,4682.48,20.737303,-168.447545
657220,4309,837.484,267,4684.17,21.709633,-168.976286
657464,4310,757.755,244,4685.79,21.583665,-168.765359
657660,4311,525.976,196,4686.97,21.840757,-169.026431
657885,4312,695.3,225,4688.46,21.027636,-168.875731
658148,4313,806.506,263,4690.24,21.76389,-169.435204
658357,4314,654.235,209,4691.59,19.96648,-169.155554
658635,4315,913.538,278,4693.33,20.32805,-169.063548
658898,4316,859.687,263,4694.97,21.496911,-168.699676
659158,4317,826.389,260,4696.63,21.24238,-169.760506
659423,4318,775.008,265,4698.27,20.994612,-169.188151
659693,4319,870.413,270,4700.08,20.912951,-169.152739
659919,4320,667.903,226,4701.73,20.578848,-168.842858
660196,4321,918.923,277,4705.31,20.347618,-168.898196
660551,4322,1273.205,355,4707.51,21.283239,-169.009926
660866,4323,1021.346,315,4709.47,20.434575,-169.111529
661128,4324,835.879,262,4711.28,21.415146,-168.85743
661333,4325,616.309,205,4712.76,21.642754,-168.553619
661691,4326,1273.652,358,4715.73,21.506699,-169.253016
661961,4327,866.919,270,4717.82,21.271148,-169.810553
662249,4328,919.275,288,4720.36,21.107442,-169.794722
662579,4329,1183.985,330,4722.96,21.589534,-170.152997
662833,4330,806.21,254,4724.91,21.194129,-169.852058
663164,4331,1088.036,331,4727.38,20.504518,-169.891887
663459,4332,992.154,295,4729.37,20.437337,-169.851586
663666,4333,610.988,207,4730.75,19.288554,-169.667424
664029,4334,1286.477,363,4733.39,21.443082,-169.588045
664295,4335,850.976,266,4735.3,22.207154,-170.324384
664529,4336,743.556,234,4737.02,20.958098,-169.507284
665073,4337,1984.83,544,4741.06,21.159321,-169.432216
665277,4338,570.459,204,4742.54,22.101096,-169.944477
665507,4339,707.851,230,4744.34,21.024021,-169.505986
665709,4340,609.514,202,4746.02,20.116878,-169.828616
665967,4341,860.996,258,4747.91,20.57603,-169.630928
666181,4342,650.936,214,4749.44,21.021765,-170.02599
666449,4343,890.1,268,4751.16,20.013985,-170.389372
666650,4344,599.605,201,4752.72,20.338941,-170.182153
666927,4345,928.785,277,4754.76,21.582436,-169.82418
667216,4346,991.909,289,4757.01,20.6633,-169.769259
667586,4347,1377.753,370,4760.2,21.661905,-169.738174
667859,4348,919.42,273,4762.47,21.685788,-170.125088
668064,4349,627.633,205,4764.1,21.085322,-169.74901
668522,4350,1460.466,458,4768.2,20.410391,-169.776438
668787,4351,875.323,265,4770.57,21.144174,-170.553267
669161,4352,1402.005,374,4773.49,21.542163,-169.86351
669391,4353,727.612,230,4775.29,20.675017,-170.327349
669605,4354,706.704,214,4776.72,21.083366,-169.673252
669900,4355,1059.915,295,4778.81,21.684844,-170.260854
670105,4356,624.343,205,4782.94,21.027791,-169.810713
670340,4357,777.827,235,4784.73,21.785194,-170.20745
670680,4358,1225.367,340,4787.14,20.518143,-170.350656
671068,4359,1289.514,388,4789.98,21.744652,-170.263481
671383,4360,1107.379,315,4792.75,20.950444,-170.593427
671619,4361,740.19,236,4794.62,21.203548,-170.395886
671852,4362,750.647,233,4796.21,21.110062,-170.085786
672076,4363,717.522,224,4797.79,21.580787,-170.4946
672293,4364,742.719,217,4799.27,21.680009,-170.895113
672563,4365,885.111,270,4801.09,20.879828,-170.660697
672817,4366,879.964,254,4802.73,21.543433,-170.491389
673074,4367,889.153,257,4804.27,20.058264,-169.96533
673315,4368,739.211,241,4805.76,19.982109,-170.894535
673596,4369,959.774,281,4807.58,21.129566,-170.250802
673886,4370,906.472,290,4809.54,20.641906,-171.210705
674269,4371,1351.167,383,4812.5,20.986719,-170.946685
674496,4372,749.447,227,4814.11,20.063293,-171.539544
674963,4373,1662.023,467,4817.46,20.878454,-170.706084
675184,4374,702.463,221,4818.83,21.440877,-170.905405
675506,4375,1145.368,322,4821.02,20.925954,-171.100413
675868,4376,1267.405,362,4823.53,22.053534,-170.873797
676129,4377,903.699,261,4825.5,22.612142,-170.81609
676402,4378,912.496,273,4827.22,20.730228,-171.196197
676693,4379,919.493,291,4828.98,20.845572,-170.338785
676993,4380,1040.483,300,4830.97,21.581013,-171.048311
677217,4381,686.414,224,4832.41,19.835844,-171.174425
677460,4382,786.883,243,4834.04,20.774484,-171.364486
677873,4383,1517.722,413,4836.74,20.689344,-170.747228
678111,4384,775.82,238,4838.29,20.741826,-171.147978
678385,4385,886.783,274,4840.0,20.426661,-171.095356
678655,4386,956.333,270,4841.78,20.688349,-171.223551
678924,4387,869.875,269,4843.75,20.850369,-170.710323
679223,4388,972.215,299,4846.15,21.441157,-171.325564
679509,4389,914.448,286,4848.32,20.19177,-170.90008
679833,4390,1167.82,324,4850.93,21.836647,-170.953227
680122,4391,932.663,289,4855.53,21.087244,-171.036217
680413,4392,894.738,291,4857.63,20.927184,-171.417539
680696,4393,981.238,283,4859.7,20.37883,-170.868492
680926,4394,722.6,230,4861.36,21.612376,-170.986402
681194,4395,901.953,268,4863.32,21.301184,-171.384535
681461,4396,851.056,267,4865.23,20.043436,-171.324127
681658,4397,585.063,197,4866.63,20.755873,-170.871861
681934,4398,918.164,276,4868.59,20.678576,-171.325187
682213,4399,944.734,279,4870.64,20.777993,-171.375764
682530,4400,1130.472,317,4873.04,20.991657,-171.130506
682859,4401,1126.857,329,4875.42,20.619964,-171.875546
683497,4402,2550.56,638,4880.01,20.318803,-171.190738
683696,4403,614.486,199,4881.47,20.556652,-170.910568
683934,4404,804.705,238,4883.27,20.145822,-171.54671
684210,4405,895.518,276,4885.23,19.958827,-171.841971
684467,4406,822.962,257,4886.95,21.297207,-171.70309
684701,4407,779.507,234,4888.53,20.501716,-171.658727
685000,4408,987.038,299,4890.57,20.959108,-171.905626
685248,4409,832.113,248,4892.25,20.189192,-171.831825
685471,4410,704.558,223,4893.71,20.940979,-171.697925
685735,4411,850.426,264,4895.41,20.791884,-171.968175
686011,4412,878.957,276,4897.31,20.163674,-171.534043
686286,4413,903.783,275,4899.21,21.014969,-171.797866
686538,4414,849.019,252,4901.07,19.371654,-171.752225
686826,4415,976.724,288,4903.19,21.429908,-171.610721
687132,4416,1008.494,306,4905.43,22.272375,-171.585975
687445,4417,1015.018,313,4907.74,20.892231,-172.224675
687774,4418,1111.752,329,4910.16,21.456953,-171.95595
688098,4419,1100.108,324,4912.51,21.330957,-171.782447
688410,4420,1013.361,312,4914.92,21.244316,-171.862853
688696,4421,930.928,286,4917.26,20.593036,-172.296922
689005,4422,977.234,309,4919.81,20.774446,-172.231016
689302,4423,977.214,297,4922.23,22.035478,-172.035165
689598,4424,1025.712,296,4924.7,19.624214,-172.507165
689927,4425,1192.453,329,4927.48,20.521921,-172.087413
690153,4426,726.818,226,4931.82,20.554813,-172.18404
690424,4427,861.696,271,4933.98,20.271471,-172.27103
690702,4428,891.244,278,4936.26,19.913683,-172.236745
690917,4429,653.247,215,4938.05,20.749617,-172.152433
691257,4430,1117.909,340,4940.82,20.917283,-172.798513
691574,4431,1103.191,317,4943.51,20.172131,-172.658642
691938,4432,1363.745,364,4946.6,20.767799,-172.518257
692197,4433,838.947,259,4948.82,20.838057,-172.507122
692516,4434,1104.906,319,4951.55,20.398038,-172.584307
692800,4435,903.538,284,4953.84,20.667259,-172.421488
693102,4436,1070.315,302,4956.34,21.267557,-172.501378
693398,4437,976.614,296,4958.82,20.888109,-172.363576
693710,4438,1017.583,312,4961.52,20.562205,-172.568925
694005,4439,980.352,295,4964.07,19.72947,-172.825505
694320,4440,1036.351,315,4966.76,20.360776,-172.679385
694628,4441,1020.883,308,4969.36,20.918696,-172.832889
694863,4442,741.075,235,4971.42,21.999927,-172.862027
695112,4443,836.492,249,4973.53,20.527157,-172.707826
695290,4444,589.21,178,4975.03,21.44313,-172.529115
695477,4445,544.102,187,4976.3,20.57516,-172.506011
695707,4446,720.117,230,4977.92,20.290143,-173.363969
696006,4447,971.875,299,4980.03,21.083609,-172.387876
696148,4448,397.474,142,4981.02,22.741446,-172.223757
696379,4449,742.097,231,4982.61,21.660397,-173.822196
696668,4450,936.081,289,4984.64,20.552412,-172.85934
696900,4451,747.947,232,4986.24,21.009654,-172.580923
697340,4452,1578.834,440,4989.29,20.833568,-173.376184
697660,4453,1141.489,320,4991.36,21.076768,-173.479188
697957,4454,1020.205,297,4993.16,20.142182,-173.118281
698275,4455,1093.017,318,4995.18,22.702457,-173.489703
698798,4456,1807.587,523,4998.67,20.606497,-173.160611
699026,4457,704.417,228,5000.09,20.428117,-173.620607
699323,4458,962.36,297,5001.95,20.56987,-173.549954
699638,4459,1070.503,315,5004.0,20.753931,-173.767207
699965,4460,1131.226,327,5006.34,20.949769,-172.683951
700297,4461,1069.946,332,5010.95,21.474761,-173.509013
700600,4462,970.214,303,5013.22,20.993885,-173.525364
700793,4463,525.04,193,5014.65,21.106769,-174.140545
701130,4464,1121.591,337,5017.22,20.56835,-173.605251
701694,4465,1932.281,564,5021.29,20.388516,-173.573957
701967,4466,826.814,273,5023.33,21.082441,-173.777092
702277,4467,1113.494,310,5025.66,21.086733,-173.499964
702543,4468,785.942,266,5027.67,20.474262,-173.684487
702785,4469,760.091,242,5029.44,20.653416,-173.986669
703102,4470,1072.175,317,5031.74,21.16963,-173.714911
703418,4471,1068.905,316,5034.04,21.466504,-174.045809
703982,4472,1886.092,564,5038.13,21.43728,-173.898047
704193,4473,624.903,211,5039.62,22.087595,-173.932183
704497,4474,981.012,304,5041.87,21.655337,-174.234892
704716,4475,653.955,219,5043.51,21.164824,-174.210974
705017,4476,1065.723,301,5045.74,20.372882,-174.85382
705494,4477,1685.44,477,5049.01,20.540349,-174.432918
705790,4478,964.035,296,5051.04,22.309622,-174.623992
706141,4479,1153.185,351,5053.47,21.849178,-174.141565
706441,4480,979.071,300,5055.5,21.508672,-174.347107
706755,4481,1107.308,314,5057.65,22.494664,-174.518725
707040,4482,910.281,285,5059.66,21.739943,-175.289426
707365,4483,1121.155,325,5061.95,19.727293,-174.364077
707678,4484,1088.03,313,5064.13,20.713922,-175.054038
707960,4485,956.232,282,5065.92,21.300834,-174.403973
708248,4486,961.582,288,5067.89,20.251918,-175.302037
708566,4487,1086.751,318,5070.24,21.223472,-174.927591
708882,4488,1125.414,316,5072.41,20.25659,-175.259522
709265,4489,1342.634,383,5075.01,21.707143,-175.060966
709576,4490,1101.169,311,5077.27,21.557533,-175.391026
709876,4491,989.403,300,5079.45,20.287105,-175.001783
710167,4492,989.592,291,5083.48,20.057609,-175.215629
710363,4493,578.247,196,5084.73,20.143329,-175.706659
710573,4494,604.782,210,5086.13,21.03884,-174.905968
710804,4495,771.637,231,5087.78,21.542523,-175.357203
711136,4496,1191.953,332,5090.21,20.575038,-175.741186
711435,4497,998.614,299,5092.18,21.439085,-175.581213
711759,4498,1155.115,324,5094.22,20.487115,-175.387996
712065,4499,1039.769,306,5096.24,21.757903,-174.959489
712412,4500,1127.277,347,5098.58,21.716415,-175.497042
712794,4501,1390.848,382,5101.12,20.929115,-175.47446
713036,4502,759.973,242,5102.64,20.806362,-175.853075
713341,4503,1000.724,305,5104.72,21.243405,-175.243023
713830,4504,1840.973,489,5108.19,20.702784,-175.666505
714038,4505,648.243,208,5109.61,22.377601,-175.256722
714276,4506,779.293,238,5111.28,21.494979,-175.716655
714556,4507,903.548,280,5113.21,21.610462,-175.800967
714886,4508,1187.999,330,5115.68,21.032964,-176.10072
715108,4509,708.969,222,5117.27,21.150481,-175.557308
715402,4510,964.33,294,5119.25,21.114252,-175.620165
715643,4511,786.539,241,5120.92,21.838844,-176.117426
716157,4512,1761.547,514,5124.51,20.784945,-176.211785
716384,4513,712.001,227,5126.2,21.294114,-176.196875
716625,4514,753.901,241,5127.87,20.613748,-176.161002
716856,4515,764.195,231,5129.45,21.601032,-176.134387
717229,4516,1313.208,373,5132.1,21.587701,-176.489555
717772,4517,2102.953,543,5135.91,21.949704,-176.271043
718261,4518,1759.97,489,5139.09,21.373873,-176.041977
718624,4519,1367.905,363,5141.63,20.29475,-176.497358
718960,4520,1205.892,336,5143.97,21.142446,-176.888727
719258,4521,1007.167,298,5146.07,20.621719,-176.024791
719558,4522,1040.738,300,5148.1,21.050719,-176.49094
719875,4523,1139.745,317,5150.33,21.24105,-176.393564
720320,4524,1656.81,445,5155.93,21.173389,-176.535951
721062,4525,2826.877,742,5161.79,21.18544,-176.859989
721303,4526,782.822,241,5163.72,21.27848,-176.711306
721560,4527,843.015,257,5165.78,20.894954,-177.667525
721808,4528,804.37,248,5167.71,22.20709,-176.573459
722098,4529,975.715,290,5169.95,20.875579,-177.473177
722348,4530,777.563,250,5171.85,21.153104,-176.737277
722595,4531,781.313,247,5173.89,20.759121,-177.45224
722852,4532,865.861,257,5176.58,20.695562,-177.304412
723113,4533,828.207,261,5178.84,21.785643,-177.407921
723388,4534,923.762,275,5180.93,21.554595,-177.272108
723697,4535,1086.024,309,5183.24,21.174524,-177.183449
723935,4536,751.319,238,5184.96,22.434983,-178.134588
724239,4537,1062.322,304,5187.3,22.121648,-177.348881
724484,4538,775.412,245,5189.36,20.467506,-177.332699
724830,4539,1256.046,346,5192.25,20.708253,-177.535105
725110,4540,949.37,280,5194.41,20.778275,-177.524315
725451,4541,1227.397,341,5197.17,22.681853,-177.189538
725799,4542,1249.601,348,5199.95,21.299056,-177.504241
726177,4543,1275.412,378,5202.94,21.336056,-178.08921
726371,4544,564.243,194,5204.47,20.991126,-177.016404
726671,4545,1031.378,300,5206.82,20.331633,-177.093675
726933,4546,864.031,262,5208.91,21.304749,-177.919587
727181,4547,819.425,248,5210.96,21.145503,-177.479503
727428,4548,771.59,247,5213.01,21.29618,-177.556529
727755,4549,1147.151,327,5215.48,21.420761,-177.907244
728027,4550,872.14,272,5217.35,20.491594,-177.624905
728276,4551,752.72,249,5219.13,21.167295,-177.650918
728520,4552,758.929,244,5220.86,21.1557,-178.454421
728802,4553,916.648,282,5222.84,20.608139,-177.781345
729025,4554,697.451,223,5224.38,21.508183,-178.129593
729267,4555,742.484,242,5226.06,21.45386,-177.38946
729511,4556,769.772,244,5227.78,20.183225,-178.719202
729769,4557,841.933,258,5229.63,20.956262,-178.062659
730094,4558,1190.41,325,5233.84,20.910459,-177.701725
730294,4559,593.439,200,5235.24,21.802268,-177.495539
730606,4560,1066.258,312,5237.43,21.932967,-178.370533
731120,4561,1707.323,514,5240.99,21.256268,-178.219083
731374,4562,829.446,254,5242.75,21.407534,-178.25823
731768,4563,1389.153,394,5245.5,20.663112,-178.622719
732203,4564,1548.77,435,5248.66,21.26047,-178.750264
732477,4565,932.51,274,5250.63,23.231916,-178.12227
732731,4566,843.3,254,5252.48,22.053544,-178.705663
733114,4567,1322.314,383,5255.3,21.029848,-178.904271
733357,4568,751.919,243,5257.1,21.716137,-178.364344
733657,4569,997.968,300,5259.34,20.898015,-178.681123
733935,4570,911.799,278,5261.34,20.990465,-178.805857
734447,4571,1807.948,512,5264.97,20.917384,-179.165693
734744,4572,986.448,297,5267.08,21.116123,-178.257582
735010,4573,895.635,266,5269.02,21.972706,-178.439802
735225,4574,687.259,215,5270.48,22.76022,-178.036499
735540,4575,1032.737,315,5272.63,20.848115,-179.154128
735779,4576,747.374,239,5274.4,20.622545,-179.514671
736085,4577,1001.867,306,5276.55,21.458693,-179.40281
736420,4578,1183.854,335,5278.85,21.319318,-179.412371
736773,4579,1340.118,353,5281.35,21.018692,-179.443854
737106,4580,1196.294,333,5283.64,20.94671,-179.029288
737460,4581,1247.142,354,5285.91,21.790902,-179.26722
737913,4582,1677.013,453,5289.01,21.704744,-179.303055
738182,4583,873.906,269,5290.97,20.922585,-179.271244
738437,4584,847.342,255,5292.86,22.133201,-179.484878
738777,4585,1213.624,340,5295.4,21.801543,-179.833965
739021,4586,788.936,244,5297.42,21.718153,-179.74562
739339,4587,1092.865,318,5299.9,20.376039,-179.779211
739646,4588,1055.58,307,5302.27,20.996728,-178.957139
739918,4589,929.359,272,5304.34,21.329237,-179.108164
740205,4590,983.895,287,5309.45,20.554036,-179.777279
740519,4591,1094.007,314,5311.99,21.58788,-179.512618
740722,4592,597.304,203,5313.63,21.956204,-179.402085
740899,4593,511.105,177,5315.02,20.43307,-179.787668
741154,4594,824.441,255,5317.14,21.406139,-179.634262
741462,4595,1025.72,308,5319.67,21.288289,-179.500682
741748,4596,960.511,286,5322.0,22.583987,-179.868167
741950,4597,617.416,202,5323.72,21.818966,-180.642615
742189,4598,739.873,239,5325.8,20.183723,-179.934914
742447,4599,832.979,258,5327.88,21.365699,-179.832538
742703,4600,842.133,256,5330.05,20.867321,-179.406997
743004,4601,1062.909,301,5332.6,21.543443,-180.003068
743266,4602,856.47,262,5334.83,22.138761,-179.880205
743616,4603,1207.561,350,5337.31,20.188213,-180.013565
744003,4604,1395.043,387,5339.98,21.737599,-179.658047
744364,4605,1388.581,361,5342.53,21.356048,-180.196172
744583,4606,662.432,219,5344.09,20.355998,-180.408922
744879,4607,1003.307,296,5346.1,21.777184,-179.925687
745098,4608,714.941,219,5347.57,21.111241,-180.561585
745355,4609,860.969,257,5349.32,20.859108,-180.158378
745613,4610,872.132,258,5351.0,20.637923,-180.367529
745860,4611,750.275,247,5352.73,20.813607,-180.046567
746092,4612,727.999,232,5354.46,22.110859,-179.75983
746356,4613,850.4,264,5356.35,20.218443,-179.926004
746582,4614,706.707,226,5357.98,20.929802,-180.776317
746919,4615,1231.243,337,5360.45,21.257202,-180.502289
747184,4616,818.111,265,5362.36,21.41359,-180.152165
747441,4617,830.843,257,5364.27,21.083864,-180.93254
747642,4618,616.952,201,5365.66,21.312539,-180.849336
747888,4619,771.618,246,5367.35,21.391638,-181.286763
748152,4620,853.907,264,5369.23,21.155979,-180.298547
748427,4621,878.875,275,5371.2,21.541813,-180.968319
748700,4622,968.696,273,5373.22,20.838577,-180.549778
748957,4623,803.755,257,5375.05,21.300675,-180.334263
749199,4624,769.506,242,5376.76,20.568569,-180.703977
749516,4625,1115.32,317,5378.97,20.552565,-180.971191
749796,4626,1035.601,280,5380.91,19.95156,-180.891744
750130,4627,1231.317,334,5384.99,22.320113,-180.939632
750380,4628,824.102,250,5386.75,20.906799,-181.396015
750633,4629,858.869,253,5388.64,21.992231,-180.454241
750875,4630,763.853,242,5390.38,21.070239,-181.24424
751191,4631,1105.401,316,5392.68,21.470096,-181.187212
751429,4632,752.964,238,5394.28,21.000007,-179.9528
751641,4633,648.741,212,5395.72,21.76158,-181.200543
751843,4634,580.924,202,5397.15,22.233955,-180.025195
752108,4635,879.534,265,5399.03,20.506701,-180.39124
752361,4636,739.26,253,5400.79,20.784285,-180.742079
752585,4637,681.019,224,5402.25,22.381774,-180.862549
752904,4638,1160.412,319,5404.23,20.991006,-181.344905
753199,4639,1030.582,295,5406.09,21.298974,-180.84174
753510,4640,1171.661,311,5408.11,21.120086,-181.513477
753763,4641,782.872,253,5409.76,21.538308,-180.804314
754032,4642,891.253,269,5411.42,20.772749,-180.726367
754274,4643,754.786,242,5412.93,21.231622,-181.693931
754531,4644,836.73,257,5414.69,21.183073,-180.487318
754882,4645,1255.613,351,5417.13,21.389651,-181.601057
755180,4646,1042.175,298,5419.2,21.521292,-181.111311
755401,4647,724.681,221,5420.78,20.937387,-181.451705
755676,4648,888.062,275,5422.71,21.039358,-181.48378
755926,4649,813.99,250,5424.66,21.226025,-181.529382
756177,4650,804.652,251,5426.51,21.047145,-182.126397
756431,4651,878.629,254,5428.25,21.187743,-181.634679
756726,4652,1093.556,295,5430.16,21.196903,-181.865634
757022,4653,1017.786,296,5432.23,21.357196,-181.338263
757365,4654,1198.035,343,5434.64,20.36906,-181.356049
757837,4655,1750.096,472,5437.82,21.251665,-181.680957
758148,4656,1144.584,311,5439.79,22.271856,-181.733078
758408,4657,800.023,260,5441.47,21.158192,-181.887369
758706,4658,1094.198,298,5443.51,20.35723,-181.444876
758955,4659,775.615,249,5445.38,21.155985,-181.99897
759318,4660,1331.573,363,5447.72,21.097982,-181.39975
759647,4661,1174.065,329,5449.77,20.848656,-182.007322
759834,4662,513.519,187,5451.06,20.593704,-181.822247
760171,4663,1108.278,337,5455.28,21.574621,-181.913529
760403,4664,724.417,232,5456.82,21.1472,-181.637629
760617,4665,705.086,214,5458.18,21.190866,-182.273853
760863,4666,807.183,246,5459.89,20.836514,-182.018396
761077,4667,670.766,214,5461.43,21.355039,-182.551913
761398,4668,1049.512,321,5463.75,21.501957,-182.102621
761683,4669,1021.299,285,5465.67,20.297498,-182.188336
761963,4670,934.559,280,5467.47,20.886541,-182.356124
762303,4671,1222.07,340,5469.79,21.182645,-182.179229
762592,4672,1040.429,289,5471.71,21.026115,-181.656903
762872,4673,896.837,280,5473.46,21.476331,-181.902101
763170,4674,1081.282,298,5475.34,20.271505,-182.199944
763445,4675,965.892,275,5477.19,21.355356,-182.836269
763972,4676,2089.027,527,5480.75,21.295455,-182.221474
764358,4677,1474.028,386,5483.13,20.847638,-181.909452
764643,4678,897.058,285,5484.98,21.171854,-182.608849
764931,4679,965.962,288,5486.98,21.949207,-182.600456
765289,4680,1286.865,358,5489.48,22.023931,-182.701907
765551,4681,819.0,262,5491.16,20.516725,-183.372171
765863,4682,1112.224,312,5493.21,21.287153,-182.553301
766122,4683,851.849,259,5494.99,20.907708,-183.250362
766379,4684,791.292,257,5496.79,21.934833,-182.912755
766703,4685,1142.269,324,5499.06,20.376641,-182.622363
766999,4686,1065.427,296,5500.85,21.162196,-183.0104
767250,4687,839.106,251,5502.35,20.368585,-183.439625
767559,4688,1048.422,309,5504.32,22.309457,-182.158449
767841,4689,979.733,282,5506.14,20.714711,-182.848139
768058,4690,685.76,217,5507.55,21.585574,-182.405101
768359,4691,1044.865,301,5509.35,20.575392,-182.996917
768568,4692,645.688,209,5510.59,21.158368,-181.913447
768926,4693,1330.508,358,5512.84,21.578755,-182.854011
769209,4694,1017.649,283,5514.63,21.6241,-183.152682
769503,4695,1043.349,294,5516.85,20.393603,-182.743118
769774,4696,913.998,271,5518.99,21.436963,-183.290308
770038,4697,878.846,264,5523.42,21.610871,-182.321497
770354,4698,1151.075,316,5525.94,20.131612,-182.574856
770650,4699,1026.118,296,5528.29,21.357808,-182.775831
770922,4700,992.418,272,5530.42,22.210034,-182.113509
771101,4701,532.379,179,5531.8,21.753822,-182.546537
771390,4702,1010.332,289,5533.97,22.116723,-183.448578
771753,4703,1395.259,363,5536.87,21.973633,-182.948876
772063,4704,1103.449,310,5539.39,21.108143,-183.15541
772315,4705,813.984,252,5541.38,20.847446,-182.657935
772559,4706,843.945,244,5543.24,22.346852,-183.263646
772855,4707,1035.868,296,5545.59,20.947719,-182.886793
773176,4708,1150.944,321,5548.3,21.073533,-182.804076
773477,4709,1000.996,301,5550.79,20.128826,-183.28896
773910,4710,1660.506,433,5554.52,20.266163,-182.998472
774218,4711,994.797,308,5557.08,21.03563,-183.119869
774549,4712,1186.675,331,5559.8,21.351072,-183.366533
774844,4713,1031.747,295,5562.37,21.178119,-182.891685
775180,4714,1211.853,336,5565.3,21.36216,-182.995777
775383,4715,614.523,203,5567.02,22.681531,-183.379733
775826,4716,1706.495,443,5570.77,22.013321,-183.105386
776083,4717,877.327,257,5573.05,20.804393,-183.07458
776327,4718,792.654,244,5575.08,20.917665,-182.554117
776533,4719,645.159,206,5576.56,21.795043,-182.75393
776816,4720,980.68,283,5578.5,20.978766,-182.471352
777138,4721,1080.985,322,5580.76,21.520489,-182.932028
777445,4722,1084.514,307,5582.95,20.794585,-182.890463
777690,4723,810.37,245,5584.69,24.013118,-182.882833
777969,4724,936.654,279,5586.64,22.125748,-183.458945
778250,4725,963.096,281,5588.59,20.730946,-183.605801
778416,4726,425.163,166,5589.77,21.873092,-183.65396
778711,4727,1053.779,295,5591.93,21.584624,-183.565568
778904,4728,586.84,193,5593.31,20.911047,-183.147477
779166,4729,900.132,262,5595.19,20.841163,-183.458368
779999,4730,3280.986,833,5600.97,21.478209,-183.590956
780417,4731,1567.07,418,5607.27,22.097524,-183.500167
780778,4732,1377.622,361,5609.79,21.357512,-183.487311
781047,4733,895.934,269,5611.64,21.461876,-184.374523
781336,4734,965.539,289,5613.52,21.555616,-183.578286
781597,4735,875.08,261,5615.21,21.010813,-183.327632
781839,4736,786.607,242,5616.96,21.47028,-183.580017
782239,4737,1559.481,400,5619.66,21.275169,-183.049537
782517,4738,981.567,278,5621.49,20.262496,-183.249703
782765,4739,847.668,248,5623.1,21.595123,-183.748038
783015,4740,787.8,250,5624.76,22.212963,-183.68543
783268,4741,821.401,253,5626.59,20.628939,-183.45975
783592,4742,1186.021,324,5628.99,20.784118,-183.680306
783906,4743,1121.428,314,5631.27,22.886817,-183.490648
784089,4744,527.094,183,5632.59,21.591086,-183.398284
784366,4745,910.641,277,5634.56,21.762016,-183.314606
784746,4746,1369.494,380,5637.43,21.908165,-183.440136
784983,4747,757.76,237,5639.28,22.471017,-183.932969
785277,4748,1019.863,294,5641.62,21.002804,-183.912589
785537,4749,848.091,260,5643.59,21.011895,-184.104887
785811,4750,946.591,274,5645.7,22.369851,-184.05919
785987,4751,499.852,176,5647.04,21.320802,-183.755434
786264,4752,946.559,277,5649.29,22.222571,-183.472569
786514,4753,790.248,250,5651.23,22.182008,-183.972661
786934,4754,1558.706,420,5654.6,20.563417,-184.155713
787674,4755,3055.295,740,5660.39,22.019598,-183.738908
788013,4756,1236.903,339,5663.04,21.607863,-183.552611
788404,4757,1429.173,391,5666.16,21.588116,-184.23348
788639,4758,772.694,235,5668.04,21.714998,-183.838516
788930,4759,1044.448,291,5670.52,20.941366,-184.369265
789406,4760,1898.395,476,5674.56,21.863736,-184.053179
789695,4761,979.39,289,5677.09,21.778656,-184.090731
789946,4762,818.328,251,5679.19,21.499348,-184.301417
790397,4763,1747.863,451,5685.84,21.804778,-183.760639
790645,4764,840.567,248,5687.79,21.34056,-184.180038
790968,4765,1118.11,323,5690.48,20.673247,-183.92419
791267,4766,1077.296,299,5693.04,22.582955,-184.588804
791877,4767,2339.697,610,5697.55,22.130036,-183.952509
792493,4768,2500.885,616,5701.77,22.011999,-184.153938
792760,4769,910.072,267,5703.61,22.928059,-184.310942
793136,4770,1411.406,376,5706.29,21.789113,-184.158157
793385,4771,810.587,249,5708.09,21.57934,-184.414425
793757,4772,1319.904,372,5710.65,22.051736,-184.041798
794046,4773,953.174,289,5712.65,21.297928,-184.989119
794535,4774,1826.285,489,5716.06,21.554491,-183.948894
794997,4775,1759.028,462,5719.11,22.404567,-184.26448
795579,4776,2319.666,582,5722.72,22.293451,-184.372305
796069,4777,2063.085,490,5726.19,22.56679,-184.307864
796223,4778,429.076,154,5727.33,21.80355,-184.792581
796577,4779,1348.207,354,5729.93,21.547451,-184.575317
796905,4780,1189.091,328,5732.4,21.209126,-184.631732
797326,4781,1697.31,421,5735.61,22.724523,-184.318534
797587,4782,855.148,261,5737.64,22.857569,-184.863855
797922,4783,1179.216,335,5740.07,21.784727,-184.273454
798592,4784,2591.643,670,5745.05,22.005492,-184.742462
799010,4785,1598.889,418,5748.11,21.444936,-185.154453
799656,4786,2669.802,646,5752.42,22.393079,-185.232225
800032,4787,1496.653,376,5757.94,22.319307,-184.827635
800321,4788,1059.393,289,5759.94,21.30984,-185.298782
800520,4789,632.529,199,5761.33,22.860179,-184.550608
800847,4790,1221.122,327,5763.6,21.613071,-185.000977
801158,4791,1098.811,311,5765.54,22.214966,-185.375588
801419,4792,929.291,261,5767.22,21.913576,-184.850916
801610,4793,615.201,191,5768.52,22.0961,-185.666774
801842,4794,804.724,232,5770.17,20.792033,-185.634591
802249,4795,1546.901,407,5773.04,21.762437,-185.780835
802551,4796,1082.767,302,5775.05,21.717368,-185.818012
803368,4797,3316.213,817,5781.85,22.132866,-185.663061
803646,4798,1016.134,278,5783.72,22.352619,-185.828763
804056,4799,1500.841,410,5786.69,22.327286,-186.083922
804311,4800,914.577,255,5788.55,22.011962,-185.845064
804577,4801,951.583,266,5790.5,22.178447,-185.767878
804915,4802,1119.102,338,5792.71,21.325419,-185.795971
805275,4803,1263.493,360,5794.91,22.359627,-185.817809
805611,4804,1257.595,336,5797.25,22.527145,-185.177941
806022,4805,1553.372,411,5800.23,22.171307,-185.45282
806436,4806,1606.318,414,5802.99,21.532008,-185.724129
806798,4807,1249.246,362,5805.49,21.587234,-185.910719
807237,4808,1700.588,439,5808.62,22.042425,-186.304463
807561,4809,1137.825,324,5810.81,21.33199,-186.066212
807974,4810,1547.677,413,5813.58,22.609178,-186.408323
808332,4811,1297.054,358,5816.16,22.470497,-186.638653
808700,4812,1289.398,368,5818.72,22.496473,-186.64972
808946,4813,818.384,246,5820.27,23.004642,-186.222636
809342,4814,1366.344,396,5822.81,21.882828,-186.35565
809715,4815,1292.986,373,5825.29,22.139845,-186.56326
810063,4816,1337.45,348,5831.22,21.979488,-186.535449
810521,4817,1744.562,458,5834.41,22.820327,-186.681817
810686,4818,487.161,165,5835.5,21.742559,-187.155399
811158,4819,1794.037,472,5838.6,22.582113,-187.19967
811473,4820,1117.534,315,5840.85,22.357619,-186.941055
811845,4821,1411.161,372,5843.6,22.32466,-186.727714
812156,4822,1081.099,311,5845.67,21.75853,-187.177862
812588,4823,1642.994,432,5848.44,21.990853,-186.767624
812778,4824,599.256,190,5849.81,22.503326,-187.057125
813103,4825,1215.563,325,5852.13,21.197534,-187.098144
813421,4826,1175.198,318,5854.3,22.987094,-187.025146
813595,4827,497.479,174,5855.41,22.074062,-188.067151
813913,4828,1156.382,318,5857.53,23.939982,-186.987735
814268,4829,1304.109,355,5859.92,22.508668,-186.840839
814581,4830,1101.902,313,5862.06,22.714373,-186.708899
814937,4831,1343.164,356,5864.39,21.970188,-186.85842
815338,4832,1486.899,401,5867.18,21.922129,-187.187267
815704,4833,1378.342,366,5869.77,21.527586,-187.552009
816042,4834,1210.27,338,5872.07,22.467741,-187.217044
816468,4835,1595.154,426,5874.89,22.419571,-187.766662
816829,4836,1326.142,361,5877.67,21.986203,-187.486097
817255,4837,1646.316,426,5880.9,21.935211,-187.112041
817603,4838,1233.798,348,5883.55,22.401701,-187.712335
818079,4839,2007.935,476,5887.2,22.605667,-187.284883
818583,4840,1933.07,504,5891.1,22.444382,-187.915695
819094,4841,2100.848,511,5895.17,22.419961,-187.753446
819349,4842,919.924,255,5897.08,23.025077,-188.234794
819695,4843,1344.12,346,5899.76,21.800219,-187.623687
819993,4844,1112.594,298,5902.11,23.66858,-188.015212
820304,4845,1084.25,311,5907.98,23.228433,-188.146105
820619,4846,1122.952,315,5910.47,22.883347,-188.226599
820992,4847,1370.11,373,5913.35,21.320618,-187.768602
821351,4848,1320.824,359,5916.43,22.76181,-187.972732
821604,4849,915.548,253,5918.69,21.342714,-187.925368
821913,4850,1084.172,309,5921.12,22.215091,-188.342654
822255,4851,1242.276,342,5923.83,22.340764,-188.772424
822647,4852,1461.182,392,5927.05,23.293964,-188.321548
823039,4853,1499.218,392,5930.16,22.980444,-187.948374
823445,4854,1560.493,406,5933.61,22.254313,-188.54549
823846,4855,1509.908,401,5936.59,22.073784,-188.729606
824283,4856,1632.09,437,5939.66,22.235325,-188.589025
824706,4857,1692.377,423,5942.58,22.892766,-188.669204
825045,4858,1248.014,339,5945.04,21.817811,-189.062482
825275,4859,804.306,230,5946.67,22.580207,-188.605403
825713,4860,1788.605,438,5949.72,22.504628,-188.84455
825977,4861,917.036,264,5951.55,22.278598,-189.227008
826328,4862,1417.713,351,5954.0,22.851603,-189.25649
826715,4863,1502.458,387,5956.8,21.927091,-189.057622
826976,4864,959.174,261,5958.61,21.543429,-189.376693
827428,4865,1762.312,452,5961.73,22.968923,-188.658492
827853,4866,1639.31,425,5964.77,22.982702,-189.383726
828058,4867,684.856,205,5966.32,22.785359,-189.248826
828469,4868,1583.503,411,5969.33,22.468875,-189.012412
828797,4869,1292.962,328,5971.79,23.17148,-189.192604
829057,4870,920.626,260,5973.77,22.600597,-189.829178
829444,4871,1410.51,387,5976.75,22.394145,-189.839162
829670,4872,800.593,226,5978.38,22.400028,-189.053822
829922,4873,877.723,252,5980.25,23.380947,-189.637633
830243,4874,1214.707,321,5985.17,21.971168,-189.320114
830531,4875,932.479,288,5987.28,22.443645,-190.006493
830857,4876,1193.09,326,5989.64,22.449028,-189.935502
831221,4877,1338.241,364,5992.43,21.999014,-189.975917
831611,4878,1419.58,390,5995.37,22.45255,-189.861902
831914,4879,1094.315,303,5997.62,23.205368,-189.749809
832295,4880,1490.153,381,6000.47,23.122784,-190.170765
832671,4881,1465.047,376,6003.29,22.217388,-190.108739
833062,4882,1524.01,391,6006.21,22.030608,-190.149331
833289,4883,781.971,227,6007.97,21.829139,-190.702762
833696,4884,1527.386,407,6010.77,22.366021,-190.307781
834040,4885,1332.19,344,6013.02,23.391589,-190.724149
834466,4886,1613.476,426,6016.18,21.93549,-190.666074
834824,4887,1300.706,358,6018.67,22.815705,-190.342591
835171,4888,1289.091,347,6020.88,23.043642,-190.55022
835534,4889,1363.358,363,6023.44,23.537749,-190.644448
835953,4890,1700.777,419,6026.53,22.313353,-190.483643
836296,4891,1309.81,343,6029.14,22.884892,-191.099733
836811,4892,2105.174,515,6032.97,23.600306,-191.25351
837165,4893,1317.619,354,6035.73,22.757935,-191.212594
837488,4894,1174.524,323,6038.15,23.997399,-191.212663
837890,4895,1526.749,402,6041.2,22.484159,-191.115322
838238,4896,1351.334,348,6043.73,22.51515,-191.100768
838577,4897,1196.229,339,6046.24,22.618921,-191.339576
838943,4898,1378.499,366,6049.23,22.279111,-191.328072
839178,4899,845.477,235,6051.08,23.060833,-191.651704
839542,4900,1337.5,364,6053.81,23.48167,-191.668134
839910,4901,1329.991,368,6056.47,22.495407,-191.954776
840312,4902,1540.963,402,6061.76,22.666296,-191.853484
840672,4903,1372.885,360,6064.15,22.504599,-192.148534
841010,4904,1327.647,338,6066.56,23.775801,-192.582376
841420,4905,1640.596,410,6069.49,22.836615,-191.922136
841782,4906,1315.221,362,6071.79,22.450412,-192.412852
842239,4907,1807.343,457,6074.94,23.192741,-192.311086
842581,4908,1248.875,342,6077.43,22.723169,-191.90675
842808,4909,777.538,227,6079.02,23.003354,-192.101097
843179,4910,1372.038,371,6081.65,23.438807,-192.528387
843553,4911,1371.438,374,6084.36,23.07696,-192.955159
843796,4912,845.076,243,6086.19,22.385511,-192.906537
844169,4913,1393.249,373,6088.86,22.724853,-192.517146
844623,4914,1722.814,454,6092.06,23.087257,-192.969763
845005,4915,1403.3,382,6094.88,23.396155,-192.683433
845544,4916,2052.51,539,6098.72,23.86436,-193.408779
845912,4917,1333.365,368,6101.38,23.163038,-193.330034
846249,4918,1260.613,337,6103.85,23.164221,-193.177562
846785,4919,2127.281,536,6107.87,22.665064,-193.451784
847251,4920,1774.684,466,6111.24,22.389487,-193.514213
847591,4921,1274.111,340,6113.8,23.768322,-193.4779
848005,4922,1636.374,414,6116.83,23.400522,-193.40506
848475,4923,1942.541,470,6120.15,23.356005,-193.498549
848851,4924,1372.184,376,6122.88,23.576345,-193.750761
849234,4925,1420.742,383,6125.75,23.324182,-193.751078
849785,4926,2245.331,551,6129.59,23.255167,-193.833963
850160,4927,1424.791,375,6134.9,22.38206,-193.302988
850556,4928,1588.415,396,6137.58,23.742841,-193.940089
850948,4929,1501.923,392,6140.44,22.451946,-194.431382
851352,4930,1579.283,404,6143.4,23.630174,-194.310252
851785,4931,1706.817,433,6146.32,23.487616,-194.653628
852192,4932,1585.342,407,6149.12,22.164482,-194.129478
852573,4933,1424.071,381,6151.93,24.267067,-193.697103
852948,4934,1337.274,375,6154.46,22.948138,-194.74355
853282,4935,1297.675,334,6156.7,22.134584,-194.713607
853663,4936,1428.285,381,6159.5,22.625534,-194.957076
854131,4937,1766.901,468,6162.69,22.871329,-194.770137
854540,4938,1466.219,409,6165.45,23.427511,-195.316587
855003,4939,1842.061,463,6168.59,23.297652,-195.381535
855374,4940,1340.361,371,6171.05,23.451265,-195.290443
855709,4941,1252.634,335,6173.1,23.287832,-195.243344
856084,4942,1529.346,375,6175.53,22.640776,-195.645263
856414,4943,1245.381,330,6177.86,22.762344,-195.693042
856755,4944,1222.5,341,6180.24,22.028198,-195.133034
857233,4945,1836.522,478,6183.48,22.599286,-195.326047
857628,4946,1447.854,395,6186.22,24.235088,-195.346304
858043,4947,1647.141,415,6189.09,24.191339,-195.467906
858408,4948,1301.151,365,6191.5,22.949287,-196.173067
858906,4949,2000.763,498,6194.85,22.906694,-195.913653
859305,4950,1503.145,399,6197.57,23.024047,-196.119937
859691,4951,1435.821,386,6200.05,22.575453,-196.584822
860090,4952,1442.118,399,6205.56,23.822325,-196.268933
860407,4953,1098.169,317,6207.58,22.94648,-196.267572
860900,4954,1962.45,493,6210.86,23.55741,-196.158034
861318,4955,1570.48,418,6213.86,22.982288,-196.287392
861643,4956,1172.122,325,6216.16,22.457214,-196.365977
862083,4957,1745.284,440,6219.2,22.879787,-196.021562
862390,4958,1054.278,307,6221.35,23.432293,-196.374059
862802,4959,1592.336,412,6224.16,22.876082,-195.933262
863210,4960,1442.33,408,6226.82,24.114808,-196.883701
863579,4961,1299.058,369,6229.28,24.06783,-196.73791
863880,4962,1007.965,301,6231.26,23.595962,-197.609436
864141,4963,911.359,261,6233.07,23.037723,-196.590245
864486,4964,1240.155,345,6235.45,22.470474,-196.242598
864893,4965,1547.523,407,6238.71,23.040572,-196.448193
865210,4966,1141.824,317,6241.16,22.983454,-197.025928
865455,4967,797.974,245,6243.13,22.25575,-196.932635
865882,4968,1589.727,427,6246.45,23.772061,-196.365644
866102,4969,681.609,220,6248.09,24.518499,-197.38996
866412,4970,1043.739,310,6250.47,24.231458,-196.353139
866877,4971,1888.58,465,6254.14,23.979102,-197.313141
867316,4972,1701.297,439,6257.52,23.565395,-196.845997
867715,4973,1523.993,399,6260.48,23.398727,-197.138824
868012,4974,1061.062,297,6262.81,22.723168,-196.818356
868301,4975,1041.024,289,6265.1,23.047427,-197.061071
868610,4976,1110.092,309,6267.53,23.266828,-196.602188
869014,4977,1508.4,404,6270.57,23.073479,-197.438103
869358,4978,1288.202,344,6273.23,23.711945,-196.778739
869836,4979,1887.497,478,6276.93,23.402279,-197.128591
870303,4980,1775.859,467,6283.68,23.353464,-197.46817
870662,4981,1285.198,359,6286.51,23.376238,-197.071782
870921,4982,831.209,259,6288.61,24.131902,-196.752529
871289,4983,1319.405,368,6291.57,24.157419,-196.721558
871654,4984,1362.175,365,6294.63,23.724105,-197.48961
871961,4985,1033.309,307,6296.84,24.106951,-197.567789
872369,4986,1408.772,408,6299.65,23.70716,-197.71319
872959,4987,2262.734,590,6303.67,23.484586,-197.738754
873259,4988,1076.657,300,6305.75,23.78087,-198.8024
873523,4989,803.908,264,6307.59,22.743574,-197.069663
873943,4990,1680.651,420,6310.46,24.052513,-197.880919
874312,4991,1342.865,369,6312.97,23.731175,-198.098462
874680,4992,1364.254,368,6315.57,22.914755,-198.38948
875334,4993,2614.005,654,6320.27,24.283617,-198.51542
875733,4994,1518.623,399,6323.05,23.907007,-198.867414
876133,4995,1480.731,400,6325.88,24.376246,-198.239577
876486,4996,1362.637,353,6328.34,23.593299,-198.583025
876925,4997,1709.685,439,6331.31,24.026289,-197.660833
877238,4998,1133.592,313,6333.28,23.250597,-198.560988
877655,4999,1594.381,417,6336.03,24.687367,-198.899648
878095,5000,1683.677,440,6338.73,24.037102,-198.99274
878460,5001,1351.53,365,6340.99,23.903919,-198.851607
878847,5002,1457.919,387,6343.48,23.889275,-198.894242
879190,5003,1268.958,343,6345.72,23.772657,-198.615244
879592,5004,1531.505,402,6348.25,23.608668,-199.681777
880004,5005,1553.534,412,6355.17,23.606331,-199.040651
880337,5006,1144.616,333,6357.84,24.266289,-199.501864
880774,5007,1655.532,437,6361.07,24.033795,-198.373061
881273,5008,1927.208,499,6364.76,24.194004,-199.149219
881656,5009,1359.153,383,6367.59,23.747638,-199.675454
882304,5010,2572.534,648,6372.49,24.393983,-199.342142
882646,5011,1242.611,342,6375.17,24.132779,-199.666917
882960,5012,1087.736,314,6378.47,24.579503,-199.479076
883259,5013,1045.025,299,6380.74,23.227144,-199.449024
883560,5014,1066.642,301,6382.99,24.247294,-199.509401
883862,5015,1066.318,302,6385.26,23.656045,-199.036907
884185,5016,1131.504,323,6387.96,23.970552,-199.53419
884552,5017,1379.244,367,6391.01,24.865508,-199.618396
885066,5018,2067.453,514,6395.24,24.886476,-199.481514
885460,5019,1386.311,394,6398.29,24.692986,-199.605559
885860,5020,1504.373,400,6401.48,23.76585,-200.026081
886269,5021,1514.117,409,6404.57,23.793762,-199.59219
886646,5022,1327.406,377,6407.36,24.273373,-199.981716
887078,5023,1584.635,432,6410.49,23.710846,-199.816959
887516,5024,1677.865,438,6413.81,24.244133,-200.311555
887840,5025,1111.267,324,6416.25,24.300593,-199.846857
888266,5026,1569.327,426,6419.54,23.61476,-200.312299
888773,5027,1957.581,507,6423.29,24.29772,-200.665942
889114,5028,1171.762,341,6425.86,23.998024,-200.56706
889586,5029,1790.888,472,6429.47,24.549595,-200.261323
890151,5030,2234.698,565,6437.36,23.96851,-200.195078
890579,5031,1498.105,428,6440.59,23.812474,-200.74742
891387,5032,3353.276,808,6446.59,23.654411,-200.69125
891819,5033,1579.244,432,6449.64,24.113429,-200.238908
892046,5034,772.739,227,6451.1,24.185871,-200.293342
892482,5035,1617.836,436,6453.88,24.32964,-201.128523
892944,5036,1730.946,462,6457.13,24.316658,-201.099626
893503,5037,2060.47,559,6461.19,24.175496,-200.71852
894081,5038,2360.26,578,6465.48,24.811225,-200.979071
894616,5039,2076.057,535,6469.4,24.472126,-201.134889
895051,5040,1614.11,435,6472.58,24.145515,-201.073485
895501,5041,1613.907,450,6475.99,24.109937,-201.546689
896030,5042,2001.884,529,6479.78,23.800629,-201.522281
896407,5043,1333.995,377,6482.52,24.641367,-201.463995
897039,5044,2463.556,632,6487.13,24.188181,-201.764921
897415,5045,1296.567,376,6489.76,24.059927,-201.76837
897919,5046,1990.785,504,6493.4,24.086449,-201.311566
898415,5047,1842.234,496,6497.18,24.370064,-201.651568
898852,5048,1664.426,437,6500.31,24.767579,-201.80483
899327,5049,1788.408,475,6503.73,24.450781,-201.641916
899685,5050,1286.165,358,6506.58,24.325566,-202.158156
900113,5051,1603.466,428,6513.05,24.926175,-201.738286
900465,5052,1293.534,352,6515.85,23.560687,-201.737179
900862,5053,1437.813,397,6519.78,24.442217,-201.712151
901274,5054,1524.491,412,6523.85,23.909458,-202.201968
901704,5055,1723.764,430,6529.08,24.910826,-202.312674
902187,5056,1827.591,483,6535.72,25.572221,-202.382065
902609,5057,1562.321,422,6541.92,25.136956,-202.264502
902969,5058,1309.497,360,6546.87,24.968278,-202.144892
903481,5059,1968.691,512,6552.84,24.882939,-202.700158
903933,5060,1693.137,452,6557.92,24.277373,-202.251506
904510,5061,2231.627,577,6563.77,24.862835,-202.440753
904892,5062,1393.247,382,6566.83,23.735199,-203.142614
905418,5063,1986.39,526,6570.95,24.685542,-202.175414
905998,5064,2238.714,580,6575.06,25.534109,-202.738437
906719,5065,2974.338,721,6579.98,24.625303,-202.699464
907357,5066,2585.407,638,6584.5,25.011476,-202.774244
907799,5067,1600.514,442,6587.59,24.761067,-202.962846
908325,5068,2172.763,526,6591.37,24.974246,-203.697812
908765,5069,1701.644,440,6594.82,24.260927,-203.31599
909120,5070,1262.175,355,6597.33,26.490933,-203.971964
909613,5071,1913.669,493,6600.95,24.643767,-203.297117
910079,5072,1687.162,466,6607.7,26.258745,-203.612547
910551,5073,1851.512,472,6611.17,25.353275,-203.591384
910944,5074,1443.963,393,6614.15,26.29747,-203.200233
911415,5075,1856.463,471,6617.77,24.67674,-203.398198
911862,5076,1713.004,447,6621.42,25.903136,-203.895962
912242,5077,1385.703,380,6624.61,25.238893,-203.963169
912742,5078,1878.487,500,6628.52,25.15794,-204.024937
913285,5079,2181.345,543,6632.7,25.382804,-203.930595
913657,5080,1363.408,372,6635.73,26.036867,-203.972161
914018,5081,1280.836,361,6638.76,25.954362,-203.905155
914514,5082,1889.605,496,6642.74,25.436985,-204.035963
914962,5083,1673.553,448,6646.39,25.034387,-204.517479
915413,5084,1661.487,451,6650.12,25.093346,-204.503602
915907,5085,1857.795,494,6653.67,24.372925,-204.749444
916378,5086,1717.807,471,6657.58,24.819698,-204.268158
917088,5087,2927.737,710,6663.04,24.726728,-204.7889
917594,5088,1812.372,506,6667.32,24.734558,-204.516107
918212,5089,2410.207,618,6672.06,25.509303,-204.976892
918712,5090,1854.282,500,6676.12,25.902765,-205.719103
919666,5091,3828.786,954,6683.89,25.389289,-205.079761
920061,5092,1320.848,395,6690.76,25.291516,-206.134877
920789,5093,2948.777,728,6696.76,25.668749,-205.2557
921411,5094,2447.421,622,6701.51,26.369787,-205.701846
922043,5095,2537.597,632,6706.69,25.476618,-205.808501
922388,5096,1198.451,345,6709.57,26.465524,-205.647556
922765,5097,1346.977,377,6712.61,24.082512,-205.743232
923333,5098,2242.553,568,6716.79,25.282015,-205.372566
923802,5099,1708.967,469,6720.11,24.617028,-206.051541
924185,5100,1532.931,383,6722.68,25.459432,-206.221661
924582,5101,1585.22,397,6725.43,25.441641,-205.781433
925068,5102,1916.045,486,6728.61,25.446396,-206.102178
925719,5103,2665.18,651,6733.01,25.067308,-206.727422
926248,5104,2018.538,529,6736.63,25.530068,-206.354408
927248,5105,3916.952,1000,6743.75,25.782924,-206.478452
927928,5106,2820.157,680,6748.58,25.513921,-206.757206
928928,5107,4011.27,1000,6756.13,25.703385,-206.71252
929416,5108,1843.458,488,6759.25,25.592871,-207.010543
930056,5109,2504.176,640,6769.53,25.793067,-206.840404
930568,5110,2004.815,512,6773.05,25.239672,-207.150104
930830,5111,839.72,262,6774.94,25.538186,-207.875673
931813,5112,3978.72,983,6782.25,25.714921,-207.434206
932304,5113,1824.994,491,6785.6,27.204838,-206.896346
932902,5114,2383.149,598,6790.27,25.381185,-207.349199
933571,5115,2689.527,669,6795.64,26.270632,-207.831442
934024,5116,1624.314,453,6799.11,25.869658,-207.968365
934677,5117,2601.23,653,6803.87,25.982529,-207.76345
935094,5118,1525.85,417,6806.74,26.126368,-208.21109
935605,5119,2090.221,511,6810.2,26.063206,-207.999452
936214,5120,2427.743,609,6814.5,25.866837,-208.179735
936752,5121,2183.361,538,6818.34,25.299386,-208.335537
937441,5122,2847.036,689,6823.18,25.964221,-208.338257
937839,5123,1405.167,398,6826.05,25.799759,-208.10105
938469,5124,2488.256,630,6830.41,26.067104,-208.090354
938951,5125,1907.911,482,6833.81,25.199108,-208.738601
939396,5126,1649.924,445,6836.86,26.847983,-208.19196
940220,5127,3254.962,824,6846.1,25.60322,-208.509751
940690,5128,1772.855,470,6849.36,25.572305,-208.528449
941222,5129,1993.057,532,6853.08,26.136605,-208.498916
941856,5130,2517.532,634,6857.57,27.475141,-208.522024
942236,5131,1313.226,380,6860.2,25.534139,-208.745482
942803,5132,2172.764,567,6863.9,26.109983,-208.774777
943337,5133,2051.219,534,6867.38,25.893868,-208.94988
944308,5134,4052.071,971,6873.8,25.455447,-208.528443
945126,5135,3434.04,818,6879.16,25.650156,-209.609901
945680,5136,2164.046,554,6882.84,25.576087,-208.688801
946344,5137,2671.681,664,6887.38,25.893456,-209.396719
946935,5138,2364.883,591,6891.25,26.107475,-209.100914
947511,5139,2311.095,576,6895.04,25.861278,-209.302846
948207,5140,2785.191,696,6899.54,27.127169,-209.34901
948676,5141,1713.439,469,6902.63,26.690818,-209.638421
949487,5142,3333.01,811,6907.96,26.106875,-209.292495
950246,5143,3134.82,759,6916.58,25.957291,-209.411541
950933,5144,2809.878,687,6921.56,25.802425,-209.484415
951822,5145,3650.359,889,6927.6,25.499936,-209.807936
952519,5146,2780.73,697,6932.36,25.497278,-209.453141
953150,5147,2510.062,631,6936.46,25.721909,-209.163927
953699,5148,2188.002,549,6940.15,25.880277,-209.586415
954553,5149,3485.875,854,6945.72,26.137464,-209.813392
955210,5150,2667.235,657,6950.2,25.990416,-210.636273
955812,5151,2413.375,602,6954.15,25.17967,-209.735758
956518,5152,2747.171,706,6959.6,25.84861,-210.225264
957126,5153,2430.336,608,6964.45,26.045012,-210.36262
957785,5154,2654.077,659,6969.73,25.652331,-210.437221
958312,5155,2069.091,527,6973.85,25.585365,-209.636302
959242,5156,3867.016,930,6981.98,26.223941,-209.895961
959863,5157,2430.785,621,6986.55,25.640415,-210.149709
960577,5158,2972.609,714,6997.56,25.982978,-210.123856
961288,5159,2919.85,711,7002.86,25.110557,-210.72697
961939,5160,2617.512,651,7007.66,25.697337,-210.208631
962522,5161,2317.821,583,7012.03,25.874477,-210.349729
963113,5162,2376.972,591,7016.43,25.400469,-209.890279
963591,5163,1776.203,478,7019.94,25.390607,-210.526776
964178,5164,2295.804,587,7024.36,25.649813,-210.21255
964551,5165,1369.605,373,7027.09,25.620271,-210.364358
965299,5166,3068.003,748,7032.73,25.291864,-210.349942
966299,5167,4169.785,1000,7040.24,25.071982,-210.741348
966874,5168,2261.511,575,7044.56,25.444838,-210.733768
967686,5169,3410.997,812,7049.82,26.229294,-210.578726
968435,5170,3010.94,749,7055.01,25.66089,-210.862211
968985,5171,2257.727,550,7058.76,25.622592,-211.024253
969763,5172,3184.72,778,7064.21,25.230859,-211.113753
970593,5173,3477.872,830,7074.57,24.829086,-210.802055
971559,5174,4034.618,966,7081.31,25.419524,-210.969702
972085,5175,2097.72,526,7085.03,25.773233,-211.04764
972608,5176,2140.477,523,7088.6,25.867158,-210.637948
973608,5177,3941.973,1000,7096.13,25.360812,-211.422421
974186,5178,2334.431,578,7100.3,26.15643,-211.49088
974827,5179,2646.343,641,7104.8,26.086149,-211.36753
975568,5180,3128.119,741,7110.25,24.756007,-211.691241
976295,5181,3028.122,727,7115.58,25.387111,-211.837378
977024,5182,3003.277,729,7120.92,25.312604,-211.855887
977456,5183,1571.676,432,7124.13,24.605659,-212.182684
978031,5184,2269.024,575,7128.4,24.647608,-211.630293
978818,5185,3320.898,787,7134.26,26.02428,-212.205718
979563,5186,3015.882,745,7139.32,25.564967,-212.330418
980563,5187,4210.04,1000,7150.18,25.063705,-212.444627
981166,5188,2498.595,603,7154.14,25.595282,-212.52382
981814,5189,2639.058,648,7158.5,26.145054,-212.111271
982487,5190,2621.855,673,7163.3,25.370405,-212.887812
983041,5191,2118.355,554,7167.16,25.460781,-212.310501
983413,5192,1326.095,372,7170.02,26.338872,-212.309991
983742,5193,1110.089,329,7172.32,25.822078,-212.421185
984369,5194,2444.552,627,7176.61,25.258585,-212.734541
984986,5195,2456.177,617,7180.77,25.130237,-212.548843
985637,5196,2677.292,651,7184.87,25.912149,-212.770256
986212,5197,2270.865,575,7188.72,25.060887,-212.774687
986983,5198,3122.708,771,7193.84,25.804148,-212.57151
987691,5199,2945.853,708,7198.7,25.905301,-212.954389
988512,5200,3496.475,821,7204.49,26.16677,-213.145495
989249,5201,2982.352,737,7209.65,25.417721,-212.673651
989849,5202,2388.114,600,7213.87,25.661887,-213.08127
990442,5203,2417.968,593,7223.91,25.048726,-213.264571
991099,5204,2726.21,657,7228.28,25.740301,-212.783176
991962,5205,3611.696,863,7234.06,26.170876,-212.994534
992475,5206,2013.496,513,7237.4,25.83502,-213.198747
992971,5207,2017.735,496,7240.79,26.05881,-212.967589
993971,5208,4077.318,1000,7247.42,26.04381,-213.65192
994780,5209,3310.536,809,7253.47,25.540571,-213.761654
995406,5210,2585.355,626,7257.58,26.543569,-213.946589
996139,5211,2916.298,733,7262.33,24.726091,-213.844368
996690,5212,2231.213,551,7266.11,25.810593,-213.289137
997472,5213,3305.284,782,7271.29,25.37624,-213.528876
998189,5214,2863.642,717,7276.3,25.860917,-214.070325
998959,5215,3211.61,770,7281.42,25.107901,-214.159859
999568,5216,2405.532,609,7285.49,25.236493,-214.33483
