timestep,episode,episode_reward,episode_length,wall_time,critic_loss,actor_loss
9,0,-3.061,9,0.0,,
23,1,-2.25,14,0.01,,
37,2,1.464,14,0.01,,
58,3,1.548,21,0.01,,
85,4,6.359,27,0.02,,
101,5,-8.937,16,0.02,,
123,6,-1.932,22,0.03,,
153,7,-1.559,30,0.03,,
167,8,-2.779,14,0.04,,
191,9,8.383,24,0.04,,
218,10,15.953,27,0.05,,
244,11,-1.173,26,0.05,,
266,12,-1.659,22,0.05,,
273,13,-3.487,7,0.05,,
288,14,1.099,15,0.06,,
308,15,-6.055,20,0.06,,
323,16,1.804,15,0.06,,
350,17,3.695,27,0.07,,
368,18,-0.716,18,0.07,,
402,19,4.99,34,0.08,,
422,20,-0.926,20,0.08,,
440,21,-1.744,18,0.08,,
469,22,11.069,29,0.11,,
494,23,9.603,25,0.11,,
518,24,2.964,24,0.12,,
534,25,3.601,16,0.13,,
558,26,11.44,24,0.13,,
612,27,28.248,54,0.14,,
657,28,21.97,45,0.15,,
684,29,4.754,27,0.15,,
696,30,0.815,12,0.16,,
714,31,-8.535,18,0.16,,
728,32,-0.588,14,0.16,,
745,33,4.28,17,0.16,,
765,34,5.463,20,0.17,,
779,35,1.441,14,0.17,,
791,36,-3.728,12,0.17,,
816,37,0.572,25,0.18,,
840,38,3.226,24,0.18,,
877,39,12.508,37,0.18,,
891,40,0.926,14,0.19,,
906,41,-2.476,15,0.19,,
932,42,-3.409,26,0.19,,
946,43,-2.307,14,0.2,,
974,44,5.17,28,0.2,,
1027,45,15.725,53,0.21,,
1042,46,5.431,15,0.21,,
1072,47,11.026,30,0.22,,
1087,48,0.477,15,0.22,,
1115,49,0.593,28,0.22,,
1139,50,-0.465,24,0.23,,
1154,51,2.386,15,0.23,,
1178,52,-3.805,24,0.24,,
1198,53,4.241,20,0.24,,
1221,54,4.443,23,0.24,,
1238,55,1.15,17,0.25,,
1262,56,0.498,24,0.25,,
1288,57,-3.756,26,0.25,,
1311,58,-1.809,23,0.26,,
1334,59,2.222,23,0.26,,
1352,60,-0.725,18,0.26,,
1386,61,14.002,34,0.27,,
1433,62,31.265,47,0.28,,
1468,63,5.056,35,0.28,,
1480,64,-4.288,12,0.28,,
1500,65,0.566,20,0.29,,
1524,66,2.93,24,0.29,,
1550,67,-0.07,26,0.3,,
1565,68,3.577,15,0.3,,
1582,69,-7.7,17,0.3,,
1603,70,-6.565,21,0.3,,
1616,71,1.457,13,0.31,,
1637,72,5.536,21,0.31,,
1662,73,0.844,25,0.31,,
1672,74,-0.158,10,0.31,,
1692,75,-0.35,20,0.32,,
1716,76,-3.246,24,0.32,,
1744,77,-1.455,28,0.33,,
1766,78,1.06,22,0.33,,
1793,79,1.092,27,0.33,,
1805,80,0.173,12,0.33,,
1841,81,8.82,36,0.34,,
1870,82,9.054,29,0.35,,
1918,83,21.3,48,0.35,,
1938,84,-1.666,20,0.36,,
1955,85,-6.725,17,0.36,,
2004,86,32.008,49,0.37,,
2040,87,12.923,36,0.37,,
2068,88,10.744,28,0.38,,
2087,89,-4.694,19,0.38,,
2101,90,-3.262,14,0.38,,
2113,91,-3.459,12,0.38,,
2125,92,-4.072,12,0.38,,
2159,93,13.342,34,0.39,,
2176,94,1.485,17,0.39,,
2189,95,-3.747,13,0.4,,
2223,96,-8.566,34,0.4,,
2247,97,1.986,24,0.4,,
2263,98,-2.577,16,0.41,,
2278,99,3.141,15,0.41,,
2292,100,-0.588,14,0.41,,
2327,101,7.533,35,0.42,,
2338,102,-1.956,11,0.42,,
2356,103,0.378,18,0.43,,
2384,104,5.101,28,0.43,,
2396,105,0.203,12,0.43,,
2408,106,-1.235,12,0.43,,
2419,107,-4.325,11,0.44,,
2446,108,-1.803,27,0.44,,
2466,109,-9.505,20,0.44,,
2480,110,-7.243,14,0.45,,
2510,111,3.373,30,0.45,,
2530,112,5.179,20,0.45,,
2550,113,5.685,20,0.46,,
2562,114,-2.098,12,0.46,,
2587,115,4.343,25,0.46,,
2634,116,10.29,47,0.47,,
2653,117,2.418,19,0.47,,
2670,118,-0.516,17,0.48,,
2684,119,0.368,14,0.48,,
2708,120,0.731,24,0.48,,
2722,121,-7.109,14,0.48,,
2737,122,1.915,15,0.49,,
2754,123,0.546,17,0.49,,
2774,124,-4.965,20,0.49,,
2799,125,-1.749,25,0.5,,
2827,126,2.115,28,0.5,,
2851,127,-2.732,24,0.51,,
2889,128,9.054,38,0.51,,
2916,129,10.46,27,0.52,,
2949,130,4.858,33,0.52,,
2963,131,0.382,14,0.52,,
2976,132,-1.875,13,0.53,,
3005,133,0.127,29,0.53,,
3034,134,3.772,29,0.53,,
3046,135,-0.38,12,0.54,,
3062,136,-6.181,16,0.54,,
3077,137,-1.498,15,0.54,,
3106,138,0.211,29,0.55,,
3123,139,-0.506,17,0.55,,
3138,140,-5.57,15,0.55,,
3173,141,8.205,35,0.56,,
3189,142,-2.925,16,0.56,,
3200,143,-0.139,11,0.56,,
3211,144,-0.574,11,0.56,,
3230,145,1.494,19,0.57,,
3242,146,-4.731,12,0.57,,
3256,147,-2.05,14,0.57,,
3271,148,-3.193,15,0.57,,
3292,149,5.932,21,0.58,,
3305,150,-0.483,13,0.58,,
3331,151,5.195,26,0.58,,
3354,152,1.17,23,0.58,,
3378,153,-0.169,24,0.59,,
3390,154,-2.716,12,0.59,,
3407,155,-1.141,17,0.59,,
3429,156,5.024,22,0.6,,
3441,157,0.655,12,0.6,,
3458,158,0.798,17,0.6,,
3486,159,-0.498,28,0.61,,
3495,160,-1.737,9,0.61,,
3507,161,-2.366,12,0.61,,
3534,162,-2.17,27,0.62,,
3555,163,11.932,21,0.62,,
3588,164,9.041,33,0.62,,
3605,165,-1.065,17,0.63,,
3621,166,6.259,16,0.63,,
3652,167,-5.243,31,0.63,,
3679,168,3.262,27,0.64,,
3689,169,-0.631,10,0.64,,
3710,170,0.817,21,0.64,,
3726,171,1.558,16,0.65,,
3753,172,-3.189,27,0.65,,
3790,173,11.1,37,0.66,,
3806,174,-5.578,16,0.66,,
3818,175,-2.501,12,0.66,,
3847,176,0.645,29,0.67,,
3863,177,-3.867,16,0.67,,
3882,178,0.234,19,0.67,,
3899,179,4.329,17,0.67,,
3912,180,0.867,13,0.68,,
3927,181,1.125,15,0.68,,
3948,182,2.03,21,0.68,,
3976,183,-3.667,28,0.69,,
3992,184,2.789,16,0.69,,
4015,185,-0.14,23,0.69,,
4030,186,1.129,15,0.69,,
4042,187,-0.622,12,0.7,,
4061,188,4.102,19,0.7,,
4078,189,-1.761,17,0.7,,
4102,190,1.725,24,0.7,,
4120,191,3.299,18,0.71,,
4143,192,0.297,23,0.71,,
4155,193,-4.246,12,0.71,,
4189,194,13.268,34,0.72,,
4211,195,1.266,22,0.72,,
4226,196,3.876,15,0.72,,
4270,197,15.232,44,0.73,,
4289,198,3.463,19,0.73,,
4323,199,3.106,34,0.74,,
4351,200,2.845,28,0.75,,
4369,201,-0.254,18,0.75,,
4382,202,0.413,13,0.75,,
4399,203,3.901,17,0.75,,
4412,204,-2.941,13,0.76,,
4429,205,-0.701,17,0.76,,
4448,206,-1.486,19,0.76,,
4473,207,-1.253,25,0.77,,
4489,208,2.352,16,0.77,,
4506,209,0.5,17,0.77,,
4518,210,-1.187,12,0.77,,
4544,211,10.236,26,0.78,,
4564,212,-11.078,20,0.78,,
4587,213,-6.218,23,0.78,,
4605,214,-2.471,18,0.79,,
4620,215,-2.016,15,0.79,,
4631,216,-1.162,11,0.79,,
4693,217,25.067,62,0.8,,
4701,218,-3.218,8,0.8,,
4729,219,-0.783,28,0.81,,
4768,220,7.196,39,0.81,,
4791,221,-0.37,23,0.81,,
4804,222,0.949,13,0.82,,
4818,223,-2.079,14,0.82,,
4844,224,2.854,26,0.82,,
4872,225,12.853,28,0.83,,
4885,226,1.372,13,0.83,,
4902,227,0.127,17,0.83,,
4917,228,0.542,15,0.83,,
4940,229,-4.933,23,0.84,,
4960,230,-5.193,20,0.84,,
4979,231,4.659,19,0.84,,
4999,232,-1.114,20,0.85,,
5027,233,20.331,28,0.85,,
5046,234,2.557,19,0.85,,
5064,235,2.412,18,0.86,,
5085,236,2.052,21,0.86,,
5102,237,1.485,17,0.86,,
5178,238,-9.321,76,0.87,,
5191,239,-1.588,13,0.88,,
5212,240,4.082,21,0.88,,
5234,241,4.741,22,0.88,,
5253,242,-3.513,19,0.89,,
5265,243,-2.184,12,0.89,,
5285,244,2.319,20,0.89,,
5301,245,1.106,16,0.9,,
5312,246,-2.845,11,0.9,,
5333,247,-7.705,21,0.9,,
5354,248,6.304,21,0.9,,
5383,249,14.16,29,0.91,,
5392,250,-2.262,9,0.91,,
5409,251,6.405,17,0.91,,
5430,252,-1.448,21,0.92,,
5442,253,-0.742,12,0.92,,
5460,254,-10.15,18,0.92,,
5497,255,14.621,37,0.93,,
5535,256,-1.509,38,0.93,,
5569,257,6.263,34,0.94,,
5585,258,-1.228,16,0.94,,
5608,259,8.813,23,0.95,,
5633,260,-1.442,25,0.95,,
5645,261,-5.139,12,0.95,,
5668,262,7.926,23,0.95,,
5694,263,-0.756,26,0.96,,
5716,264,4.078,22,0.96,,
5741,265,-8.375,25,0.97,,
5754,266,-3.163,13,0.97,,
5765,267,-1.021,11,0.97,,
5786,268,3.189,21,0.97,,
5802,269,4.442,16,0.98,,
5822,270,-2.286,20,0.98,,
5852,271,8.18,30,0.98,,
5876,272,-2.573,24,0.99,,
5911,273,6.598,35,0.99,,
5927,274,-0.486,16,1.0,,
5952,275,8.855,25,1.0,,
5971,276,9.393,19,1.0,,
5981,277,-3.309,10,1.01,,
6001,278,-7.389,20,1.01,,
6009,279,-3.441,8,1.01,,
6024,280,1.489,15,1.01,,
6050,281,-2.252,26,1.02,,
6063,282,-5.401,13,1.02,,
6081,283,3.726,18,1.02,,
6115,284,1.339,34,1.03,,
6129,285,-0.199,14,1.03,,
6152,286,-6.395,23,1.03,,
6172,287,9.474,20,1.04,,
6191,288,4.685,19,1.04,,
6215,289,6.913,24,1.04,,
6227,290,1.829,12,1.04,,
6244,291,-3.146,17,1.05,,
6262,292,0.919,18,1.05,,
6274,293,-2.223,12,1.05,,
6288,294,0.286,14,1.05,,
6313,295,4.326,25,1.06,,
6332,296,-7.664,19,1.06,,
6351,297,-1.827,19,1.06,,
6365,298,-6.624,14,1.07,,
6379,299,-0.156,14,1.07,,
6401,300,1.572,22,1.07,,
6421,301,-9.282,20,1.08,,
6438,302,0.112,17,1.08,,
6463,303,5.445,25,1.08,,
6484,304,2.036,21,1.09,,
6517,305,17.557,33,1.09,,
6538,306,-7.197,21,1.1,,
6560,307,0.299,22,1.1,,
6587,308,2.89,27,1.1,,
6622,309,16.878,35,1.11,,
6639,310,-0.28,17,1.11,,
6651,311,-7.317,12,1.11,,
6671,312,-2.762,20,1.12,,
6687,313,4.147,16,1.12,,
6702,314,0.51,15,1.12,,
6727,315,5.882,25,1.12,,
6737,316,-1.533,10,1.13,,
6750,317,-0.189,13,1.13,,
6764,318,0.66,14,1.13,,
6788,319,-3.808,24,1.13,,
6798,320,-1.222,10,1.14,,
6818,321,-4.555,20,1.14,,
6836,322,3.607,18,1.14,,
6877,323,3.266,41,1.15,,
6908,324,2.519,31,1.15,,
6937,325,11.595,29,1.16,,
6946,326,-0.914,9,1.16,,
6971,327,-2.303,25,1.16,,
6988,328,-2.673,17,1.17,,
7003,329,3.814,15,1.17,,
7048,330,7.647,45,1.18,,
7078,331,1.258,30,1.18,,
7106,332,2.575,28,1.18,,
7125,333,-3.721,19,1.19,,
7163,334,10.877,38,1.19,,
7194,335,2.157,31,1.2,,
7229,336,13.783,35,1.2,,
7256,337,10.975,27,1.21,,
7279,338,8.167,23,1.21,,
7296,339,4.949,17,1.22,,
7306,340,-2.808,10,1.22,,
7334,341,-8.322,28,1.22,,
7366,342,14.584,32,1.23,,
7378,343,-1.318,12,1.23,,
7403,344,-3.247,25,1.23,,
7424,345,7.208,21,1.24,,
7450,346,0.703,26,1.24,,
7463,347,-1.282,13,1.24,,
7474,348,-3.742,11,1.24,,
7501,349,3.807,27,1.25,,
7518,350,-3.293,17,1.25,,
7544,351,3.495,26,1.26,,
7572,352,-4.516,28,1.26,,
7605,353,2.502,33,1.26,,
7627,354,-3.531,22,1.27,,
7639,355,-0.844,12,1.27,,
7659,356,4.795,20,1.27,,
7681,357,-0.337,22,1.28,,
7706,358,3.683,25,1.28,,
7721,359,-1.03,15,1.28,,
7735,360,1.66,14,1.29,,
7747,361,-1.394,12,1.29,,
7764,362,-1.544,17,1.29,,
7789,363,-2.258,25,1.29,,
7812,364,2.544,23,1.3,,
7828,365,-7.585,16,1.3,,
7840,366,0.2,12,1.3,,
7863,367,-3.411,23,1.31,,
7880,368,4.587,17,1.31,,
7901,369,7.035,21,1.31,,
7916,370,1.926,15,1.32,,
7954,371,4.64,38,1.32,,
7985,372,4.612,31,1.33,,
8009,373,-4.944,24,1.33,,
8032,374,3.344,23,1.33,,
8059,375,-0.639,27,1.34,,
8091,376,10.944,32,1.34,,
8115,377,-0.858,24,1.35,,
8141,378,11.059,26,1.35,,
8156,379,2.534,15,1.35,,
8207,380,11.388,51,1.36,,
8219,381,-0.459,12,1.36,,
8229,382,-0.675,10,1.37,,
8262,383,12.24,33,1.37,,
8273,384,-4.502,11,1.37,,
8291,385,3.722,18,1.37,,
8309,386,-0.999,18,1.38,,
8328,387,5.312,19,1.38,,
8353,388,6.091,25,1.38,,
8367,389,3.262,14,1.39,,
8386,390,-11.701,19,1.39,,
8404,391,-5.208,18,1.39,,
8415,392,0.433,11,1.39,,
8431,393,3.698,16,1.4,,
8444,394,-0.137,13,1.4,,
8461,395,0.969,17,1.4,,
8478,396,-0.444,17,1.4,,
8492,397,-0.943,14,1.41,,
8502,398,-2.966,10,1.41,,
8538,399,-4.271,36,1.41,,
8550,400,-5.846,12,1.41,,
8566,401,2.017,16,1.42,,
8585,402,3.701,19,1.42,,
8601,403,1.798,16,1.42,,
8623,404,6.692,22,1.43,,
8649,405,-3.806,26,1.43,,
8683,406,4.011,34,1.44,,
8701,407,4.758,18,1.44,,
8726,408,11.332,25,1.44,,
8742,409,1.688,16,1.45,,
8759,410,6.875,17,1.45,,
8787,411,16.65,28,1.45,,
8807,412,-8.79,20,1.46,,
8828,413,1.603,21,1.46,,
8843,414,2.967,15,1.46,,
8868,415,8.488,25,1.47,,
8901,416,16.995,33,1.47,,
8941,417,2.035,40,1.48,,
8968,418,1.725,27,1.48,,
9001,419,1.398,33,1.49,,
9022,420,6.582,21,1.49,,
9034,421,-2.606,12,1.49,,
9044,422,-2.943,10,1.49,,
9055,423,-0.964,11,1.5,,
9078,424,6.217,23,1.5,,
9092,425,-1.272,14,1.5,,
9110,426,6.087,18,1.5,,
9136,427,-3.409,26,1.51,,
9158,428,2.455,22,1.51,,
9177,429,5.822,19,1.52,,
9197,430,-1.259,20,1.52,,
9225,431,8.939,28,1.52,,
9238,432,-1.297,13,1.53,,
9254,433,4.539,16,1.53,,
9271,434,2.959,17,1.53,,
9291,435,-5.953,20,1.53,,
9314,436,-8.589,23,1.54,,
9333,437,3.634,19,1.54,,
9348,438,-0.657,15,1.54,,
9367,439,5.678,19,1.55,,
9384,440,-9.807,17,1.55,,
9413,441,10.035,29,1.55,,
9443,442,-0.996,30,1.56,,
9458,443,-1.545,15,1.56,,
9475,444,-2.866,17,1.56,,
9504,445,12.43,29,1.57,,
9514,446,-1.275,10,1.57,,
9531,447,-0.906,17,1.57,,
9554,448,-11.725,23,1.58,,
9571,449,0.33,17,1.58,,
9597,450,-2.751,26,1.58,,
9619,451,-4.25,22,1.59,,
9631,452,-1.714,12,1.59,,
9655,453,3.169,24,1.59,,
9677,454,4.309,22,1.6,,
9704,455,-4.079,27,1.6,,
9723,456,-6.164,19,1.6,,
9750,457,1.527,27,1.61,,
9761,458,-3.428,11,1.61,,
9784,459,5.169,23,1.61,,
9797,460,0.291,13,1.61,,
9816,461,-0.869,19,1.62,,
9865,462,4.222,49,1.63,,
9880,463,4.78,15,1.63,,
9900,464,4.297,20,1.63,,
9912,465,-6.482,12,1.63,,
9928,466,-2.466,16,1.64,,
9948,467,-8.911,20,1.64,,
9983,468,19.292,35,1.64,,
10005,469,4.611,22,1.89,,
10017,470,-3.841,12,1.9,,
10041,471,-2.969,24,1.9,,
10060,472,-8.185,19,1.91,,
10092,473,9.559,32,1.91,,
10111,474,-2.846,19,1.91,,
10125,475,3.613,14,1.92,,
10149,476,1.872,24,1.92,,
10164,477,2.691,15,1.92,,
10190,478,10.042,26,1.93,,
10209,479,6.981,19,1.93,,
10226,480,-0.342,17,1.94,,
10243,481,0.89,17,1.94,,
10254,482,-1.49,11,1.94,,
10284,483,12.18,30,1.95,,
10295,484,-1.05,11,1.95,,
10318,485,7.019,23,1.95,,
10348,486,4.655,30,1.96,,
10368,487,-7.99,20,1.96,,
10408,488,15.543,40,1.97,,
10421,489,-0.081,13,1.97,,
10437,490,4.117,16,1.97,,
10449,491,-1.981,12,1.97,,
10471,492,1.126,22,1.98,,
10491,493,5.839,20,1.98,,
10524,494,4.99,33,1.99,,
10538,495,1.474,14,1.99,,
10564,496,6.355,26,1.99,,
10578,497,-0.02,14,2.0,,
10598,498,4.009,20,2.0,,
10611,499,-1.869,13,2.0,,
10621,500,-4.179,10,2.0,,
10633,501,2.458,12,2.0,,
10647,502,2.972,14,2.01,,
10663,503,4.474,16,2.01,,
10682,504,2.157,19,2.01,,
10696,505,0.267,14,2.01,,
10709,506,-0.534,13,2.02,,
10725,507,4.09,16,2.02,,
10740,508,-1.624,15,2.02,,
10754,509,-2.508,14,2.02,,
10767,510,3.339,13,2.03,,
10816,511,16.733,49,2.03,,
10837,512,-1.92,21,2.04,,
10856,513,0.251,19,2.04,,
10892,514,8.958,36,2.05,,
10920,515,9.615,28,2.05,,
10959,516,1.583,39,2.06,,
10971,517,-4.735,12,2.06,,
10988,518,4.083,17,2.06,,
11002,519,-4.901,14,2.07,,
11021,520,-0.558,19,2.07,,
11040,521,0.288,19,2.07,,
11063,522,1.698,23,2.08,,
11095,523,3.376,32,2.08,,
11108,524,1.72,13,2.08,,
11118,525,-4.957,10,2.08,,
11136,526,5.105,18,2.09,,
11153,527,3.173,17,2.09,,
11172,528,4.309,19,2.09,,
11180,529,-4.037,8,2.09,,
11206,530,-0.111,26,2.1,,
11248,531,24.019,42,2.11,,
11277,532,6.749,29,2.11,,
11299,533,8.234,22,2.11,,
11321,534,8.494,22,2.12,,
11350,535,13.409,29,2.12,,
11370,536,3.612,20,2.13,,
11383,537,0.243,13,2.13,,
11396,538,0.933,13,2.13,,
11417,539,5.663,21,2.13,,
11439,540,-3.136,22,2.14,,
11451,541,1.17,12,2.14,,
11491,542,7.684,40,2.14,,
11509,543,2.178,18,2.15,,
11527,544,-7.225,18,2.15,,
11542,545,2.159,15,2.15,,
11559,546,-1.529,17,2.15,,
11586,547,-1.919,27,2.16,,
11597,548,-1.882,11,2.16,,
11609,549,1.22,12,2.16,,
11625,550,-4.188,16,2.17,,
11658,551,13.238,33,2.17,,
11669,552,-5.02,11,2.17,,
11686,553,5.675,17,2.18,,
11699,554,0.822,13,2.18,,
11716,555,1.442,17,2.18,,
11731,556,-5.399,15,2.18,,
11758,557,6.679,27,2.19,,
11789,558,6.56,31,2.19,,
11821,559,9.465,32,2.2,,
11840,560,7.533,19,2.2,,
11849,561,-1.88,9,2.2,,
11863,562,2.705,14,2.2,,
11876,563,0.08,13,2.21,,
11912,564,11.177,36,2.22,,
11925,565,1.36,13,2.22,,
11933,566,-4.785,8,2.22,,
11949,567,-2.541,16,2.22,,
11966,568,2.015,17,2.23,,
11990,569,-2.442,24,2.23,,
12013,570,1.639,23,2.23,,
12032,571,2.362,19,2.24,,
12059,572,6.842,27,2.24,,
12079,573,5.082,20,2.24,,
12092,574,-2.835,13,2.25,,
12106,575,0.806,14,2.25,,
12152,576,24.573,46,2.26,,
12170,577,1.673,18,2.26,,
12201,578,13.26,31,2.26,,
12219,579,-8.67,18,2.27,,
12236,580,3.437,17,2.27,,
12251,581,0.091,15,2.27,,
12289,582,8.88,38,2.28,,
12340,583,8.226,51,2.29,,
12351,584,-3.93,11,2.29,,
12366,585,-8.214,15,2.29,,
12406,586,30.418,40,2.3,,
12422,587,2.079,16,2.3,,
12432,588,-0.796,10,2.3,,
12454,589,0.351,22,2.31,,
12479,590,5.304,25,2.31,,
12509,591,-5.982,30,2.31,,
12538,592,-0.989,29,2.32,,
12570,593,14.759,32,2.33,,
12591,594,6.238,21,2.33,,
12630,595,-1.662,39,2.33,,
12640,596,-2.737,10,2.34,,
12662,597,7.07,22,2.34,,
12672,598,-3.401,10,2.34,,
12685,599,2.856,13,2.34,,
12696,600,-2.715,11,2.35,,
12719,601,10.886,23,2.35,,
12739,602,-4.295,20,2.35,,
12783,603,12.911,44,2.36,,
12799,604,-6.776,16,2.36,,
12809,605,-3.406,10,2.36,,
12839,606,0.653,30,2.37,,
12855,607,2.228,16,2.37,,
12865,608,-1.563,10,2.37,,
12890,609,4.252,25,2.38,,
12938,610,11.529,48,2.39,,
12973,611,7.603,35,2.39,,
12994,612,-8.091,21,2.4,,
13012,613,1.966,18,2.4,,
13038,614,-11.428,26,2.4,,
13050,615,1.341,12,2.4,,
13066,616,-1.032,16,2.41,,
13093,617,0.322,27,2.41,,
13109,618,-0.365,16,2.42,,
13135,619,-2.02,26,2.42,,
13168,620,0.263,33,2.42,,
13178,621,-0.024,10,2.43,,
13203,622,6.84,25,2.43,,
13221,623,-1.996,18,2.44,,
13235,624,0.144,14,2.44,,
13264,625,3.058,29,2.44,,
13279,626,-5.185,15,2.44,,
13310,627,8.986,31,2.45,,
13338,628,-4.884,28,2.45,,
13358,629,8.025,20,2.46,,
13380,630,-5.543,22,2.46,,
13419,631,11.156,39,2.47,,
13443,632,5.075,24,2.47,,
13458,633,-0.163,15,2.47,,
13477,634,6.691,19,2.48,,
13500,635,-5.147,23,2.48,,
13520,636,-5.094,20,2.49,,
13540,637,-4.877,20,2.49,,
13556,638,-3.631,16,2.49,,
13576,639,-2.07,20,2.5,,
13628,640,21.71,52,2.5,,
13648,641,5.116,20,2.51,,
13668,642,2.04,20,2.51,,
13692,643,7.238,24,2.52,,
13718,644,0.97,26,2.52,,
13739,645,-2.023,21,2.52,,
13776,646,21.883,37,2.53,,
13806,647,3.898,30,2.53,,
13821,648,2.496,15,2.54,,
13841,649,5.343,20,2.54,,
13852,650,-1.984,11,2.54,,
13878,651,-4.068,26,2.55,,
13889,652,-3.647,11,2.55,,
13905,653,1.425,16,2.55,,
13931,654,2.293,26,2.56,,
13963,655,-5.432,32,2.56,,
13983,656,0.192,20,2.57,,
13997,657,0.443,14,2.57,,
14010,658,-4.574,13,2.57,,
14035,659,10.52,25,2.58,,
14054,660,-0.187,19,2.58,,
14082,661,-3.187,28,2.58,,
14117,662,8.344,35,2.59,,
14133,663,4.38,16,2.59,,
14160,664,-6.802,27,2.6,,
14200,665,8.781,40,2.61,,
14217,666,-0.917,17,2.61,,
14231,667,1.261,14,2.61,,
14259,668,7.721,28,2.61,,
14283,669,-9.517,24,2.62,,
14310,670,3.848,27,2.62,,
14339,671,8.417,29,2.63,,
14355,672,1.625,16,2.63,,
14378,673,4.394,23,2.63,,
14392,674,5.125,14,2.64,,
14417,675,2.267,25,2.64,,
14428,676,-2.175,11,2.64,,
14454,677,3.882,26,2.65,,
14477,678,7.209,23,2.65,,
14503,679,-2.91,26,2.66,,
14522,680,0.21,19,2.66,,
14536,681,1.501,14,2.66,,
14562,682,4.313,26,2.67,,
14574,683,-0.384,12,2.67,,
14589,684,3.134,15,2.67,,
14605,685,-4.556,16,2.67,,
14616,686,-2.158,11,2.67,,
14632,687,4.22,16,2.68,,
14647,688,-2.283,15,2.68,,
14666,689,3.064,19,2.68,,
14683,690,-0.145,17,2.69,,
14698,691,0.229,15,2.69,,
14720,692,-2.947,22,2.69,,
14733,693,2.308,13,2.7,,
14759,694,-6.469,26,2.7,,
14775,695,4.118,16,2.7,,
14797,696,6.736,22,2.71,,
14807,697,-2.836,10,2.71,,
14830,698,3.341,23,2.71,,
14856,699,-3.366,26,2.72,,
14870,700,2.578,14,2.72,,
14898,701,12.681,28,2.72,,
14913,702,-2.444,15,2.72,,
14932,703,3.857,19,2.73,,
14963,704,5.006,31,2.73,,
14986,705,-9.938,23,2.74,,
15002,706,2.126,16,2.74,,
15020,707,0.917,18,2.74,,
15033,708,-0.896,13,2.74,,
15065,709,9.365,32,2.75,,
15101,710,5.176,36,2.76,,
15116,711,-2.772,15,2.76,,
15145,712,3.664,29,2.77,,
15163,713,-0.815,18,2.77,,
15180,714,-1.263,17,2.77,,
15205,715,3.896,25,2.78,,
15249,716,24.987,44,2.79,,
15278,717,15.465,29,2.79,,
15291,718,0.25,13,2.79,,
15319,719,11.011,28,2.8,,
15360,720,22.383,41,2.8,,
15385,721,7.356,25,2.81,,
15416,722,-2.094,31,2.81,,
15437,723,2.272,21,2.82,,
15451,724,1.615,14,2.82,,
15467,725,3.347,16,2.82,,
15489,726,-1.181,22,2.83,,
15503,727,-1.728,14,2.83,,
15516,728,1.006,13,2.83,,
15532,729,1.547,16,2.84,,
15555,730,-1.314,23,2.84,,
15582,731,1.118,27,2.84,,
15595,732,2.376,13,2.85,,
15617,733,-7.767,22,2.85,,
15629,734,-3.807,12,2.85,,
15655,735,-1.699,26,2.86,,
15668,736,-3.334,13,2.86,,
15685,737,5.505,17,2.86,,
15710,738,-2.187,25,2.87,,
15735,739,1.657,25,2.87,,
15746,740,0.76,11,2.87,,
15756,741,-1.651,10,2.87,,
15766,742,-4.634,10,2.88,,
15786,743,-0.144,20,2.88,,
15811,744,-1.765,25,2.88,,
15843,745,2.015,32,2.89,,
15860,746,3.783,17,2.89,,
15895,747,4.169,35,2.9,,
15926,748,10.528,31,2.9,,
15941,749,3.498,15,2.91,,
15960,750,3.401,19,2.91,,
15990,751,-1.482,30,2.91,,
16008,752,-0.732,18,2.92,,
16029,753,9.597,21,2.92,,
16043,754,3.091,14,2.92,,
16060,755,6.036,17,2.93,,
16074,756,0.222,14,2.93,,
16102,757,6.823,28,2.93,,
16109,758,-5.003,7,2.94,,
16122,759,-4.324,13,2.94,,
16132,760,-1.411,10,2.94,,
16146,761,0.354,14,2.94,,
16162,762,-7.111,16,2.94,,
16179,763,-1.164,17,2.95,,
16192,764,-3.377,13,2.95,,
16206,765,-4.648,14,2.95,,
16231,766,1.326,25,2.96,,
16256,767,13.395,25,2.96,,
16282,768,0.696,26,2.96,,
16312,769,8.988,30,2.97,,
16336,770,-5.17,24,2.97,,
16383,771,3.584,47,2.98,,
16407,772,7.446,24,2.99,,
16428,773,-1.606,21,2.99,,
16441,774,-0.408,13,2.99,,
16475,775,8.429,34,3.0,,
16492,776,-7.06,17,3.0,,
16515,777,6.205,23,3.0,,
16539,778,-5.456,24,3.01,,
16556,779,5.242,17,3.01,,
16568,780,-3.306,12,3.01,,
16591,781,-0.418,23,3.02,,
16606,782,-1.317,15,3.02,,
16632,783,5.83,26,3.02,,
16654,784,2.504,22,3.03,,
16667,785,-2.208,13,3.03,,
16684,786,2.129,17,3.03,,
16707,787,10.651,23,3.04,,
16721,788,3.549,14,3.04,,
16736,789,-0.256,15,3.04,,
16761,790,1.003,25,3.04,,
16770,791,-1.589,9,3.05,,
16799,792,6.91,29,3.05,,
16815,793,1.421,16,3.05,,
16830,794,-5.478,15,3.06,,
16855,795,7.031,25,3.06,,
16876,796,6.58,21,3.06,,
16897,797,-0.166,21,3.07,,
16917,798,1.736,20,3.07,,
16936,799,-3.459,19,3.07,,
16968,800,6.788,32,3.08,,
16992,801,7.623,24,3.08,,
17011,802,1.879,19,3.09,,
17024,803,-1.07,13,3.09,,
17050,804,9.47,26,3.09,,
17077,805,0.078,27,3.1,,
17118,806,9.782,41,3.11,,
17156,807,17.113,38,3.11,,
17172,808,-4.389,16,3.11,,
17194,809,-1.281,22,3.12,,
17225,810,3.428,31,3.13,,
17249,811,3.765,24,3.14,,
17267,812,-3.217,18,3.14,,
17286,813,7.396,19,3.14,,
17297,814,-1.511,11,3.14,,
17310,815,0.628,13,3.15,,
17347,816,2.105,37,3.15,,
17369,817,7.727,22,3.16,,
17392,818,-6.951,23,3.16,,
17416,819,10.515,24,3.16,,
17429,820,-0.503,13,3.17,,
17473,821,21.73,44,3.17,,
17512,822,10.034,39,3.18,,
17530,823,-2.098,18,3.18,,
17553,824,-5.264,23,3.19,,
17576,825,0.284,23,3.19,,
17589,826,0.392,13,3.19,,
17603,827,0.9,14,3.19,,
17614,828,-1.706,11,3.2,,
17628,829,0.36,14,3.2,,
17639,830,-2.109,11,3.2,,
17653,831,-2.96,14,3.2,,
17670,832,5.05,17,3.2,,
17706,833,0.061,36,3.21,,
17742,834,11.184,36,3.22,,
17769,835,12.095,27,3.22,,
17783,836,1.421,14,3.23,,
17816,837,14.764,33,3.23,,
17853,838,-1.535,37,3.24,,
17882,839,0.264,29,3.25,,
17897,840,3.631,15,3.25,,
17910,841,0.083,13,3.25,,
17921,842,-0.963,11,3.25,,
17958,843,8.734,37,3.26,,
17975,844,1.158,17,3.26,,
17997,845,-6.732,22,3.26,,
18014,846,0.62,17,3.27,,
18031,847,-4.815,17,3.27,,
18059,848,6.783,28,3.27,,
18073,849,-0.556,14,3.28,,
18122,850,10.045,49,3.28,,
18134,851,-2.582,12,3.28,,
18154,852,-10.636,20,3.29,,
18180,853,13.261,26,3.29,,
18215,854,16.606,35,3.3,,
18253,855,6.41,38,3.3,,
18268,856,-4.81,15,3.31,,
18304,857,1.8,36,3.31,,
18332,858,6.264,28,3.32,,
18354,859,-9.143,22,3.32,,
18379,860,1.616,25,3.32,,
18387,861,-5.541,8,3.32,,
18406,862,0.964,19,3.33,,
18425,863,-7.789,19,3.33,,
18447,864,2.339,22,3.33,,
18467,865,-3.377,20,3.34,,
18503,866,6.517,36,3.34,,
18513,867,-3.019,10,3.35,,
18535,868,10.108,22,3.35,,
18554,869,-2.321,19,3.35,,
18567,870,2.532,13,3.35,,
18580,871,-1.641,13,3.36,,
18605,872,7.509,25,3.36,,
18627,873,-0.89,22,3.36,,
18656,874,2.411,29,3.37,,
18666,875,-4.416,10,3.37,,
18683,876,-2.438,17,3.37,,
18703,877,3.941,20,3.38,,
18756,878,4.936,53,3.39,,
18770,879,-2.401,14,3.39,,
18790,880,-7.076,20,3.39,,
18816,881,2.423,26,3.39,,
18826,882,-0.046,10,3.4,,
18853,883,4.667,27,3.4,,
18871,884,-3.381,18,3.4,,
18883,885,-4.544,12,3.4,,
18913,886,9.757,30,3.41,,
18923,887,-1.1,10,3.41,,
18957,888,10.12,34,3.42,,
18970,889,-4.489,13,3.42,,
18999,890,9.7,29,3.42,,
19034,891,10.004,35,3.43,,
19044,892,-2.43,10,3.43,,
19055,893,0.866,11,3.43,,
19079,894,2.038,24,3.43,,
19102,895,-0.703,23,3.44,,
19127,896,3.733,25,3.44,,
19150,897,-3.478,23,3.45,,
19164,898,0.594,14,3.45,,
19182,899,2.902,18,3.45,,
19208,900,8.59,26,3.46,,
19217,901,-2.614,9,3.46,,
19234,902,1.747,17,3.46,,
19282,903,-5.278,48,3.47,,
19312,904,4.354,30,3.47,,
19332,905,-1.867,20,3.48,,
19352,906,-2.9,20,3.48,,
19369,907,-5.773,17,3.48,,
19414,908,-0.43,45,3.49,,
19439,909,-1.783,25,3.49,,
19480,910,5.87,41,3.5,,
19511,911,9.804,31,3.5,,
19525,912,1.312,14,3.51,,
19566,913,21.61,41,3.51,,
19582,914,1.65,16,3.52,,
19599,915,0.183,17,3.52,,
19634,916,2.636,35,3.52,,
19650,917,-0.023,16,3.53,,
19670,918,-5.164,20,3.53,,
19690,919,1.918,20,3.53,,
19710,920,4.179,20,3.54,,
19722,921,-1.192,12,3.54,,
19743,922,4.677,21,3.54,,
19764,923,-6.306,21,3.54,,
19777,924,-1.881,13,3.55,,
19810,925,11.674,33,3.55,,
19832,926,-1.226,22,3.56,,
19848,927,4.082,16,3.56,,
19862,928,-2.587,14,3.56,,
19887,929,10.904,25,3.57,,
19910,930,-4.032,23,3.57,,
19933,931,3.668,23,3.57,,
19959,932,-6.405,26,3.58,,
19990,933,1.307,31,3.58,,
20002,934,-0.345,12,3.72,,
20017,935,5.235,15,3.72,,
20045,936,-5.255,28,3.72,,
20066,937,9.815,21,3.73,,
20075,938,-2.435,9,3.73,,
20083,939,-5.422,8,3.73,,
20104,940,-2.948,21,3.73,,
20117,941,2.049,13,3.74,,
20140,942,0.34,23,3.74,,
20171,943,0.608,31,3.75,,
20188,944,3.189,17,3.75,,
20210,945,5.555,22,3.75,,
20230,946,3.256,20,3.76,,
20251,947,1.464,21,3.76,,
20265,948,-0.965,14,3.76,,
20291,949,2.154,26,3.77,,
20312,950,-4.855,21,3.77,,
20325,951,1.651,13,3.77,,
20358,952,11.92,33,3.78,,
20368,953,-1.809,10,3.78,,
20388,954,-7.112,20,3.78,,
20414,955,-1.744,26,3.79,,
20443,956,-3.651,29,3.79,,
20455,957,-2.419,12,3.8,,
20467,958,-7.176,12,3.8,,
20491,959,9.891,24,3.8,,
20533,960,-3.342,42,3.81,,
20554,961,-3.548,21,3.81,,
20571,962,-2.641,17,3.81,,
20593,963,-0.707,22,3.82,,
20606,964,3.177,13,3.82,,
20619,965,1.023,13,3.82,,
20631,966,-0.419,12,3.82,,
20659,967,-6.654,28,3.83,,
20686,968,15.465,27,3.83,,
20706,969,-9.005,20,3.84,,
20723,970,-0.007,17,3.84,,
20737,971,1.653,14,3.84,,
20760,972,-12.876,23,3.84,,
20775,973,-1.302,15,3.85,,
20790,974,1.251,15,3.85,,
20807,975,1.307,17,3.85,,
20824,976,-2.17,17,3.85,,
20841,977,3.994,17,3.86,,
20864,978,5.871,23,3.86,,
20899,979,-9.529,35,3.87,,
20926,980,3.79,27,3.87,,
20948,981,5.408,22,3.87,,
20978,982,6.046,30,3.88,,
20989,983,-1.311,11,3.88,,
21004,984,5.043,15,3.88,,
21028,985,-3.128,24,3.89,,
21061,986,18.349,33,3.89,,
21113,987,28.482,52,3.9,,
21134,988,2.908,21,3.9,,
21150,989,0.156,16,3.91,,
21168,990,5.615,18,3.91,,
21178,991,-0.123,10,3.91,,
21203,992,-2.236,25,3.91,,
21223,993,3.004,20,3.92,,
21240,994,-5.405,17,3.92,,
21264,995,5.515,24,3.92,,
21280,996,3.043,16,3.93,,
21292,997,-4.603,12,3.93,,
21316,998,-2.286,24,3.93,,
21337,999,1.732,21,3.94,,
21350,1000,0.411,13,3.94,,
21374,1001,-3.139,24,3.94,,
21387,1002,0.249,13,3.94,,
21399,1003,-4.275,12,3.95,,
21422,1004,-0.982,23,3.95,,
21431,1005,-1.403,9,3.95,,
21448,1006,-2.33,17,3.95,,
21464,1007,2.556,16,3.96,,
21478,1008,2.352,14,3.96,,
21500,1009,0.622,22,3.96,,
21520,1010,5.31,20,3.97,,
21543,1011,0.102,23,3.97,,
21575,1012,-4.42,32,3.97,,
21601,1013,2.497,26,3.98,,
21618,1014,6.477,17,3.98,,
21635,1015,2.982,17,3.98,,
21651,1016,-0.556,16,3.99,,
21672,1017,5.095,21,3.99,,
21694,1018,6.568,22,3.99,,
21709,1019,4.428,15,3.99,,
21720,1020,-0.037,11,4.0,,
21748,1021,11.859,28,4.0,,
21765,1022,-7.849,17,4.0,,
21779,1023,2.017,14,4.01,,
21803,1024,-2.45,24,4.01,,
21816,1025,-0.425,13,4.01,,
21836,1026,-1.805,20,4.01,,
21864,1027,9.21,28,4.02,,
21876,1028,-4.502,12,4.02,,
21901,1029,7.529,25,4.03,,
21918,1030,-3.773,17,4.03,,
21955,1031,20.214,37,4.03,,
21974,1032,3.416,19,4.04,,
21987,1033,-3.876,13,4.04,,
22016,1034,-0.325,29,4.04,,
22036,1035,4.882,20,4.05,,
22074,1036,2.503,38,4.05,,
22087,1037,0.314,13,4.05,,
22114,1038,3.272,27,4.06,,
22130,1039,-0.341,16,4.06,,
22142,1040,-0.37,12,4.06,,
22177,1041,9.559,35,4.07,,
22205,1042,15.399,28,4.07,,
22219,1043,3.662,14,4.08,,
22230,1044,-0.806,11,4.08,,
22250,1045,7.268,20,4.08,,
22264,1046,-9.667,14,4.08,,
22279,1047,3.193,15,4.09,,
22295,1048,4.184,16,4.09,,
22319,1049,-0.255,24,4.09,,
22335,1050,-5.889,16,4.09,,
22358,1051,3.141,23,4.1,,
22424,1052,27.276,66,4.11,,
22458,1053,14.042,34,4.12,,
22476,1054,4.605,18,4.12,,
22502,1055,11.66,26,4.12,,
22525,1056,9.608,23,4.13,,
22534,1057,-3.221,9,4.13,,
22570,1058,7.041,36,4.13,,
22601,1059,7.964,31,4.14,,
22625,1060,8.9,24,4.14,,
22646,1061,4.151,21,4.15,,
22679,1062,12.036,33,4.15,,
22689,1063,-3.223,10,4.15,,
22716,1064,-0.219,27,4.16,,
22725,1065,-7.107,9,4.16,,
22737,1066,-1.792,12,4.16,,
22751,1067,1.277,14,4.16,,
22774,1068,2.105,23,4.17,,
22801,1069,4.896,27,4.17,,
22813,1070,1.183,12,4.17,,
22837,1071,-2.159,24,4.18,,
22870,1072,3.367,33,4.18,,
22887,1073,0.667,17,4.18,,
22920,1074,1.732,33,4.19,,
22937,1075,-1.868,17,4.19,,
22950,1076,-2.881,13,4.19,,
22979,1077,6.111,29,4.2,,
23009,1078,2.341,30,4.2,,
23030,1079,-3.985,21,4.21,,
23071,1080,15.872,41,4.21,,
23086,1081,-3.524,15,4.21,,
23101,1082,-3.935,15,4.22,,
23139,1083,1.905,38,4.22,,
23153,1084,0.541,14,4.23,,
23188,1085,10.389,35,4.23,,
23203,1086,-1.707,15,4.23,,
23231,1087,8.154,28,4.24,,
23244,1088,0.861,13,4.24,,
23270,1089,5.28,26,4.25,,
23294,1090,8.411,24,4.25,,
23312,1091,1.53,18,4.25,,
23332,1092,3.71,20,4.26,,
23349,1093,3.511,17,4.26,,
23373,1094,5.542,24,4.26,,
23385,1095,-2.49,12,4.27,,
23405,1096,4.767,20,4.27,,
23415,1097,-1.757,10,4.27,,
23435,1098,-5.101,20,4.27,,
23458,1099,7.999,23,4.28,,
23478,1100,-0.758,20,4.28,,
23497,1101,6.738,19,4.28,,
23516,1102,2.549,19,4.29,,
23535,1103,2.221,19,4.29,,
23546,1104,-2.407,11,4.29,,
23585,1105,7.309,39,4.3,,
23619,1106,12.069,34,4.3,,
23635,1107,2.673,16,4.31,,
23651,1108,1.848,16,4.31,,
23674,1109,3.45,23,4.31,,
23705,1110,2.175,31,4.32,,
23744,1111,-7.921,39,4.32,,
23780,1112,21.101,36,4.33,,
23792,1113,-2.677,12,4.33,,
23812,1114,-0.124,20,4.33,,
23826,1115,-1.957,14,4.34,,
23845,1116,1.449,19,4.34,,
23881,1117,7.462,36,4.35,,
23907,1118,-4.287,26,4.35,,
23927,1119,-1.172,20,4.35,,
23950,1120,5.175,23,4.36,,
23971,1121,-5.096,21,4.36,,
23994,1122,-4.059,23,4.37,,
24027,1123,-4.125,33,4.37,,
24059,1124,1.55,32,4.38,,
24070,1125,-1.653,11,4.38,,
24100,1126,12.644,30,4.38,,
24114,1127,-6.225,14,4.39,,
24128,1128,0.023,14,4.39,,
24165,1129,-4.212,37,4.39,,
24186,1130,-3.794,21,4.4,,
24215,1131,3.537,29,4.4,,
24232,1132,3.119,17,4.41,,
24260,1133,4.545,28,4.41,,
24273,1134,-1.546,13,4.41,,
24298,1135,3.709,25,4.42,,
24334,1136,8.726,36,4.42,,
24359,1137,8.227,25,4.43,,
24380,1138,1.652,21,4.43,,
24404,1139,-2.425,24,4.43,,
24448,1140,27.991,44,4.44,,
24472,1141,1.971,24,4.45,,
24491,1142,2.699,19,4.45,,
24504,1143,-0.989,13,4.45,,
24517,1144,-2.465,13,4.45,,
24535,1145,1.494,18,4.46,,
24549,1146,-3.854,14,4.46,,
24566,1147,-0.766,17,4.46,,
24582,1148,-2.136,16,4.46,,
24597,1149,-5.266,15,4.47,,
24646,1150,26.353,49,4.47,,
24665,1151,-0.458,19,4.48,,
24688,1152,-2.191,23,4.48,,
24700,1153,0.098,12,4.48,,
24711,1154,-1.209,11,4.48,,
24738,1155,3.173,27,4.49,,
24765,1156,8.666,27,4.49,,
24810,1157,18.475,45,4.51,,
24832,1158,1.146,22,4.51,,
24875,1159,27.099,43,4.52,,
24886,1160,-3.817,11,4.52,,
24904,1161,4.731,18,4.52,,
24918,1162,-1.327,14,4.53,,
24949,1163,3.618,31,4.53,,
24962,1164,-0.506,13,4.53,,
24973,1165,-8.391,11,4.54,,
24988,1166,-3.76,15,4.54,,
25000,1167,-0.703,12,4.64,0.807784,
25011,1168,-1.804,11,4.77,0.399413,0.288417
25021,1169,-5.861,10,4.86,0.307037,0.180743
25039,1170,-9.569,18,5.0,0.267304,0.134213
25106,1171,-7.786,67,5.49,0.172032,-0.136169
25175,1172,-10.79,69,6.02,0.119648,-0.477279
25245,1173,-9.507,70,6.57,0.103437,-0.612616
25315,1174,-6.18,70,7.1,0.103266,-0.752459
25385,1175,-5.517,70,7.64,0.107627,-0.896214
25455,1176,-9.268,70,8.21,0.119313,-1.05416
25525,1177,-8.867,70,8.78,0.127536,-1.244194
25643,1178,-3.661,118,9.8,0.15577,-1.487099
25913,1179,154.826,270,11.93,0.211502,-2.049813
26122,1180,93.988,209,13.48,0.311778,-2.796099
26355,1181,116.943,233,15.23,0.422138,-3.517137
26516,1182,70.127,161,16.5,0.552919,-4.194111
26712,1183,87.605,196,18.13,0.693044,-4.789815
26905,1184,86.077,193,19.72,0.885448,-5.354732
27172,1185,187.465,267,21.86,1.05497,-6.065604
27379,1186,76.883,207,23.6,1.253318,-6.668394
27807,1187,391.62,428,26.8,1.429208,-7.619691
27936,1188,-14.179,129,27.87,1.620495,-8.446838
28353,1189,534.303,417,31.28,1.835886,-9.201843
28512,1190,263.377,159,32.54,2.05698,-10.105177
28685,1191,292.415,173,34.09,2.256159,-10.647682
28829,1192,256.735,144,35.36,2.357936,-11.184738
28954,1193,229.234,125,36.38,2.679772,-11.59928
29132,1194,295.422,178,37.85,2.703909,-12.122026
29415,1195,414.329,283,40.12,2.901191,-12.949996
29596,1196,306.162,181,41.54,3.265702,-13.785288
30060,1197,340.541,464,46.84,3.559847,-14.872738
30186,1198,241.469,126,47.85,3.947655,-15.842988
30342,1199,264.955,156,48.86,3.990862,-16.353603
30458,1200,223.127,116,49.63,4.319091,-16.818239
30656,1201,69.077,198,50.86,4.783851,-17.27767
30840,1202,304.163,184,52.01,4.925291,-17.882573
31024,1203,307.51,184,53.19,5.1501,-18.508836
31218,1204,312.762,194,54.44,5.434986,-19.124801
31336,1205,220.061,118,55.23,5.788262,-19.549102
31467,1206,240.61,131,56.07,6.207005,-19.952981
31595,1207,20.392,128,56.98,6.171258,-20.324137
31748,1208,274.074,153,58.02,5.81868,-20.770431
32505,1209,783.868,757,63.16,6.592924,-22.010035
32627,1210,232.387,122,63.99,6.953616,-23.21432
32784,1211,267.695,157,65.03,7.192166,-23.52579
32912,1212,233.095,128,65.98,6.933052,-23.965329
32989,1213,143.311,77,66.53,7.553216,-24.339848
33061,1214,133.49,72,67.06,7.103929,-24.507752
33143,1215,144.954,82,67.66,8.26359,-24.634511
33278,1216,43.547,135,68.68,8.048078,-24.834566
33528,1217,391.168,250,70.46,7.695984,-25.353875
33672,1218,216.32,144,71.5,8.111679,-25.788223
33816,1219,268.991,144,72.51,8.246239,-26.270052
34086,1220,139.527,270,74.29,8.155295,-26.746822
34425,1221,439.823,339,76.52,8.221386,-27.528708
34747,1222,381.11,322,78.86,8.683185,-28.329099
34899,1223,270.059,152,80.16,9.289467,-28.940957
35009,1224,209.894,110,80.97,9.221228,-29.358092
35119,1225,211.091,110,81.86,9.850509,-29.594283
35546,1226,268.158,427,84.96,9.613183,-30.265017
35746,1227,315.773,200,86.37,10.47613,-30.899628
35908,1228,282.2,162,87.59,9.997665,-31.31031
36040,1229,242.399,132,88.52,9.366329,-31.737652
36155,1230,222.981,115,89.42,10.436736,-32.238633
36332,1231,295.797,177,90.73,10.039298,-32.446599
36467,1232,249.895,135,91.73,10.53334,-32.938314
36575,1233,210.668,108,92.44,10.809094,-33.271372
36735,1234,278.878,160,93.61,11.524406,-33.432352
36831,1235,191.332,96,94.27,10.716079,-33.813242
37105,1236,407.21,274,96.29,11.297268,-34.236851
37266,1237,282.574,161,97.35,11.501834,-34.697438
37467,1238,311.586,201,98.75,11.239088,-35.20558
37587,1239,228.815,120,99.62,11.623272,-35.499847
37704,1240,223.663,117,100.45,11.854923,-35.81489
37845,1241,256.309,141,101.5,11.331486,-36.328443
38042,1242,75.757,197,102.84,11.898782,-36.59011
38243,1243,323.772,201,104.24,11.719215,-37.085676
38470,1244,348.886,227,105.92,12.814429,-37.506269
38740,1245,357.99,270,107.75,12.955634,-38.080685
39037,1246,186.278,297,109.77,12.55176,-38.832948
39209,1247,289.952,172,111.06,12.56198,-39.223117
39315,1248,209.739,106,111.88,13.423454,-39.543038
39440,1249,236.186,125,112.82,11.70506,-39.743184
39963,1250,644.708,523,116.81,13.096303,-40.483388
40315,1251,310.827,352,120.28,12.923227,-41.399558
40428,1252,220.198,113,121.14,12.637994,-41.934515
40588,1253,277.352,160,122.31,13.272853,-42.113414
40732,1254,257.637,144,123.33,13.472612,-42.520466
40888,1255,278.549,156,124.35,13.171203,-42.819409
41015,1256,237.905,127,125.15,13.751813,-43.164663
41183,1257,299.184,168,126.22,13.618025,-43.498673
41310,1258,243.391,127,127.04,14.366217,-43.781381
41486,1259,298.625,176,128.23,14.37929,-44.268845
41613,1260,236.45,127,129.17,14.107487,-44.697556
41764,1261,274.327,151,130.17,14.293005,-44.999297
41976,1262,334.524,212,131.77,15.599428,-45.290425
42132,1263,282.996,156,132.95,15.053165,-45.640988
42293,1264,290.592,161,134.0,15.085643,-46.173706
42452,1265,280.818,159,135.11,16.214845,-46.49951
42630,1266,294.429,178,136.33,15.845527,-46.863695
42753,1267,220.523,123,137.08,17.66686,-47.394334
42925,1268,293.129,172,138.24,16.9125,-47.972498
43067,1269,259.934,142,139.19,16.695003,-47.985538
43242,1270,286.536,175,140.51,16.666811,-48.487467
43416,1271,291.354,174,141.58,16.102268,-48.928217
43591,1272,291.827,175,142.74,17.788597,-49.361671
43767,1273,316.282,176,143.92,18.227048,-49.453068
43930,1274,278.99,163,144.94,17.854758,-50.060113
44093,1275,283.058,163,145.98,16.936341,-50.483705
44260,1276,278.808,167,147.03,17.991364,-50.836253
44416,1277,266.285,156,147.97,18.052408,-51.100693
44582,1278,325.281,166,149.07,17.975115,-51.553262
44730,1279,264.74,148,150.1,17.663692,-51.899477
44881,1280,307.862,151,151.12,16.706681,-52.139713
45028,1281,255.047,147,151.99,17.994578,-52.37393
45161,1282,226.709,133,152.84,18.158433,-52.665803
45268,1283,188.071,107,153.53,18.340992,-52.811596
45409,1284,234.264,141,154.44,18.832348,-52.981954
45564,1285,258.954,155,155.52,19.24487,-53.36532
45730,1286,270.046,166,156.72,18.145829,-53.538626
45885,1287,254.151,155,157.91,17.299746,-53.793841
46072,1288,302.527,187,159.26,17.691947,-53.973385
46270,1289,313.801,198,160.69,18.618663,-54.1631
46448,1290,310.973,178,161.83,17.799231,-54.495964
46624,1291,332.671,176,162.99,17.314027,-54.715448
46825,1292,357.819,201,164.42,16.826583,-55.22356
46981,1293,315.65,156,165.47,16.713769,-55.564907
47146,1294,317.474,165,166.54,15.913406,-55.833386
47318,1295,315.826,172,167.62,17.438868,-55.883374
47518,1296,369.459,200,169.01,16.324715,-56.274359
47692,1297,341.953,174,170.19,15.882554,-56.689286
47850,1298,305.182,158,171.25,17.7671,-56.882239
48005,1299,302.622,155,172.36,16.984999,-57.217204
48178,1300,328.082,173,173.59,17.218447,-57.394515
48343,1301,329.433,165,174.77,15.989736,-57.823961
48483,1302,290.952,140,175.61,16.907934,-58.03623
48610,1303,271.104,127,176.38,16.910426,-58.361765
48752,1304,295.619,142,177.27,16.64626,-58.562447
48868,1305,256.967,116,177.94,16.052382,-58.930118
49013,1306,301.076,145,178.83,16.095424,-59.503499
49194,1307,364.561,181,180.03,17.55265,-59.477207
49354,1308,286.78,160,181.06,16.596855,-59.839179
49477,1309,266.347,123,181.89,16.869368,-60.319948
49575,1310,192.151,98,182.6,17.268246,-60.539004
49726,1311,316.364,151,183.68,17.106011,-60.792704
49837,1312,241.522,111,184.57,17.169537,-60.983356
49981,1313,273.464,144,185.66,16.677241,-61.057255
50144,1314,314.695,163,187.75,16.683263,-61.500387
50294,1315,282.978,150,188.77,17.245526,-61.689772
50462,1316,300.874,168,189.95,17.639228,-62.103324
50609,1317,268.243,147,190.86,16.855102,-62.39476
50733,1318,251.747,124,191.66,17.457134,-62.806268
50885,1319,298.375,152,192.6,16.683656,-63.235711
51049,1320,305.073,164,193.65,16.746109,-63.391447
51179,1321,254.91,130,194.5,16.708462,-63.668403
51275,1322,213.687,96,195.08,17.077921,-63.780205
51415,1323,277.992,140,196.08,17.27691,-63.875301
51583,1324,300.222,168,197.19,17.335831,-64.439664
51734,1325,282.843,151,198.15,16.638619,-64.859345
51854,1326,231.935,120,198.9,16.814689,-64.943272
51990,1327,251.632,136,199.84,16.368902,-65.234026
52119,1328,242.494,129,200.78,17.617713,-65.572282
52236,1329,225.951,117,201.72,17.792479,-65.759843
52380,1330,256.757,144,202.89,17.029181,-66.132643
52537,1331,276.69,157,204.03,16.488222,-66.490775
52695,1332,282.998,158,205.25,17.935957,-66.676055
52811,1333,239.505,116,206.08,17.265195,-67.071373
52928,1334,238.769,117,206.89,17.7236,-67.226739
53078,1335,285.092,150,208.0,18.236042,-67.603884
53200,1336,240.637,122,208.89,17.057091,-68.048108
53314,1337,238.472,114,209.77,16.484616,-68.306731
53433,1338,247.227,119,210.6,17.3106,-67.928971
53566,1339,271.208,133,211.55,16.761179,-68.929425
53684,1340,247.73,118,212.4,16.960723,-69.065288
53913,1341,354.205,229,214.0,17.687431,-69.262572
54023,1342,214.47,110,214.7,16.670493,-69.76586
54156,1343,263.143,133,215.6,17.365322,-70.244828
54280,1344,252.941,124,216.46,18.00373,-69.912749
54448,1345,298.9,168,217.66,18.543832,-70.222829
54590,1346,290.07,142,218.69,17.440797,-70.76147
54704,1347,230.457,114,219.51,17.088099,-71.078565
54860,1348,306.083,156,220.66,17.591892,-71.383929
54999,1349,303.919,139,221.69,18.508382,-71.94211
55160,1350,323.925,161,222.94,17.550982,-71.816729
56160,1351,1002.791,1000,229.96,18.234061,-73.032478
56312,1352,288.2,152,231.07,17.694045,-73.966091
56487,1353,341.251,175,232.2,17.993551,-74.565399
56642,1354,300.07,155,233.21,18.473801,-74.630682
57088,1355,604.289,446,236.15,18.066956,-75.480802
57267,1356,324.751,179,237.45,17.433634,-76.078648
57445,1357,348.892,178,238.68,17.632353,-76.415797
57610,1358,307.458,165,239.84,18.364291,-76.979245
57748,1359,265.225,138,240.7,19.505212,-77.063576
57914,1360,324.44,166,241.71,18.642752,-77.219963
58106,1361,347.712,192,242.93,18.078258,-77.65077
58286,1362,320.434,180,244.04,18.363358,-78.194524
58427,1363,291.278,141,244.93,18.408341,-78.270974
58567,1364,70.503,140,245.88,18.445526,-78.661246
58702,1365,269.28,135,246.79,19.582095,-78.961397
58872,1366,297.723,170,247.96,18.156654,-79.592858
59011,1367,272.678,139,248.88,19.027196,-79.542062
59167,1368,284.307,156,249.93,18.347111,-79.772149
59404,1369,377.593,237,251.46,18.78546,-80.18349
59570,1370,85.423,166,252.51,19.662112,-80.494356
59780,1371,353.424,210,253.86,18.166746,-80.813962
59981,1372,327.872,201,255.18,18.800163,-81.243015
60112,1373,63.63,131,256.87,18.036354,-81.437662
60283,1374,105.284,171,258.02,18.487455,-81.774489
60407,1375,36.836,124,258.8,19.228549,-81.949583
60802,1376,364.513,395,261.36,19.71493,-81.982955
61029,1377,389.232,227,262.92,19.424307,-82.556365
61160,1378,261.39,131,263.84,19.383951,-82.970731
61623,1379,621.553,463,267.07,19.434431,-83.073137
61743,1380,246.892,120,267.88,20.271623,-83.254361
61893,1381,293.315,150,268.87,19.801417,-83.560801
62013,1382,250.891,120,269.68,20.228139,-83.72312
62158,1383,296.691,145,270.62,20.101257,-83.951272
62455,1384,470.379,297,272.65,19.582217,-84.116478
62599,1385,284.604,144,273.63,21.118755,-84.404369
62731,1386,256.149,132,274.55,20.455673,-84.611102
62873,1387,268.291,142,275.53,19.88561,-84.711159
63018,1388,304.414,145,276.49,19.457709,-84.942874
63152,1389,260.398,134,277.36,19.837971,-85.309787
63243,1390,41.894,91,277.97,19.413067,-84.801583
63376,1391,264.791,133,278.81,19.226268,-85.332938
63495,1392,246.802,119,279.58,19.320324,-85.17838
63608,1393,204.288,113,280.33,20.111695,-85.178476
63735,1394,277.29,127,281.19,20.205969,-85.554282
64529,1395,676.557,794,286.5,20.082113,-85.911642
64632,1396,235.616,103,287.23,19.20452,-86.790323
64737,1397,215.18,105,288.03,19.821202,-86.228638
64983,1398,399.983,246,289.91,20.301699,-86.675272
65092,1399,229.751,109,290.67,20.457131,-86.43914
65202,1400,247.548,110,291.44,20.43315,-86.683194
65338,1401,261.271,136,292.41,19.449119,-87.051751
65450,1402,217.517,112,293.2,21.056177,-87.077434
65516,1403,100.47,66,293.67,19.589208,-87.411988
65709,1404,377.475,193,295.13,19.932687,-87.250188
65897,1405,271.86,188,296.66,20.578367,-87.464999
66090,1406,348.618,193,298.3,21.542784,-87.876123
66205,1407,236.514,115,299.17,20.400162,-87.485415
67205,1408,1029.506,1000,306.53,20.493481,-88.31335
67275,1409,117.537,70,307.09,20.120488,-88.743044
67451,1410,318.188,176,309.17,19.929703,-88.832306
67698,1411,432.269,247,311.15,19.951544,-89.247142
67759,1412,90.65,61,311.59,20.958548,-89.336995
67857,1413,199.825,98,312.3,19.442616,-89.746321
68069,1414,354.125,212,313.9,19.748091,-89.898493
68219,1415,295.007,150,315.02,19.993341,-89.516097
68367,1416,326.025,148,316.06,19.527078,-90.182632
68543,1417,314.759,176,317.43,20.308929,-90.36195
68681,1418,287.821,138,318.55,20.126914,-90.495972
68812,1419,260.475,131,319.72,19.882959,-90.563186
68969,1420,282.547,157,320.99,20.340238,-90.8173
69106,1421,253.86,137,322.19,19.783139,-90.747619
69211,1422,217.683,105,322.98,19.645287,-90.951865
69403,1423,368.063,192,324.51,20.437982,-91.553996
69626,1424,371.221,223,326.17,20.191524,-91.446545
69810,1425,330.219,184,327.59,20.575435,-91.509269
69997,1426,318.452,187,329.18,19.801595,-91.617359
70078,1427,152.254,81,330.85,20.0289,-91.969945
70268,1428,349.065,190,332.35,20.324936,-92.184331
70370,1429,202.065,102,333.11,20.365993,-92.275405
70519,1430,279.203,149,334.28,20.574154,-92.511794
70627,1431,242.548,108,335.22,20.333777,-92.517077
70730,1432,212.264,103,335.96,19.912025,-92.677053
70840,1433,217.756,110,336.85,19.7482,-92.334943
70908,1434,134.205,68,337.39,21.207773,-92.89929
71108,1435,391.624,200,339.03,19.721251,-93.090092
71442,1436,557.098,334,341.82,21.231885,-93.338149
71627,1437,354.226,185,343.34,20.367666,-93.525163
71780,1438,312.983,153,344.57,20.567159,-93.790639
71971,1439,391.057,191,346.2,21.021694,-94.255287
72115,1440,313.076,144,347.37,20.36332,-94.095516
72344,1441,395.097,229,349.03,21.508347,-94.525447
72456,1442,225.883,112,349.81,21.394957,-94.470827
72562,1443,216.114,106,350.57,21.737043,-94.893327
72730,1444,303.127,168,351.79,21.13236,-94.980006
72869,1445,267.779,139,352.77,20.957906,-95.320219
73001,1446,267.108,132,353.69,21.648467,-95.268188
73111,1447,225.642,110,354.45,20.240103,-95.597785
73308,1448,356.369,197,355.82,21.292789,-95.987046
73476,1449,321.928,168,356.98,21.397581,-96.004358
73576,1450,197.774,100,357.69,20.135599,-96.267981
73751,1451,339.277,175,358.93,20.908688,-96.051736
73880,1452,252.938,129,359.83,21.238774,-96.24854
73960,1453,149.927,80,360.38,21.695831,-96.764668
74105,1454,283.166,145,361.4,21.051694,-96.36297
74256,1455,296.4,151,362.46,20.606296,-96.903829
74382,1456,273.126,126,363.34,21.216302,-97.052763
74485,1457,211.484,103,364.07,21.86119,-96.962676
74609,1458,250.858,124,364.92,20.854914,-97.224858
74708,1459,215.805,99,365.62,21.105076,-97.084528
74802,1460,197.015,94,366.27,21.454073,-97.692892
74868,1461,119.705,66,366.72,21.904816,-97.08533
74979,1462,228.376,111,367.52,21.145385,-97.452504
75063,1463,170.493,84,368.13,21.783497,-97.60526
75168,1464,209.257,105,368.86,21.378687,-98.078239
75243,1465,147.327,75,369.39,20.90619,-97.807408
75347,1466,219.029,104,370.11,22.495935,-97.822292
75519,1467,292.913,172,371.33,21.706275,-98.006701
75669,1468,300.893,150,372.37,21.540228,-98.414516
75770,1469,205.967,101,373.08,22.446434,-98.309353
75890,1470,218.496,120,373.89,21.980131,-98.046183
75978,1471,172.451,88,374.51,19.982775,-98.792742
76065,1472,185.475,87,375.12,22.154901,-98.779742
76196,1473,273.987,131,376.01,22.073044,-98.693416
76299,1474,205.526,103,376.73,21.927285,-98.869042
76415,1475,250.734,116,377.6,20.08032,-98.947995
76522,1476,240.063,107,378.39,21.609764,-99.476422
76696,1477,338.606,174,379.65,21.196276,-99.073211
76796,1478,203.439,100,380.4,21.974188,-99.23811
76874,1479,144.941,78,380.96,22.19296,-99.456393
76988,1480,227.869,114,381.78,21.514721,-99.548192
77151,1481,292.955,163,382.95,21.543004,-99.382894
77250,1482,205.419,99,383.66,22.703616,-99.167098
77332,1483,149.786,82,384.24,20.463069,-100.114355
77426,1484,196.996,94,384.89,20.900047,-100.325445
77572,1485,297.255,146,385.91,21.341673,-99.633394
77708,1486,309.933,136,386.9,20.850225,-100.322874
77793,1487,171.9,85,387.51,19.983121,-100.368082
77897,1488,224.156,104,388.26,22.080049,-100.08175
78018,1489,256.231,121,389.15,21.102378,-100.347449
78094,1490,136.277,76,389.69,19.084684,-100.471731
78157,1491,98.164,63,390.17,21.30814,-100.09212
78220,1492,86.907,63,390.6,21.685781,-100.548172
78321,1493,207.652,101,391.28,20.999475,-100.406546
78465,1494,280.287,144,392.28,21.479757,-100.618567
78556,1495,170.723,91,392.93,21.188707,-100.538397
78677,1496,240.954,121,393.81,21.180904,-100.915057
78763,1497,172.569,86,394.45,21.149193,-101.15982
78891,1498,248.074,128,395.38,19.953926,-100.999502
78998,1499,225.996,107,396.16,20.954466,-100.944449
79148,1500,276.905,150,397.31,20.831982,-100.975285
79239,1501,170.143,91,397.98,21.429443,-101.103275
79391,1502,286.944,152,399.12,21.656934,-101.055656
79501,1503,218.644,110,399.92,21.138724,-101.086917
79579,1504,138.692,78,400.5,20.75646,-101.305737
79672,1505,177.783,93,401.16,21.376036,-101.352289
79790,1506,235.374,118,402.02,21.407884,-101.539086
79858,1507,102.244,68,402.51,19.657796,-101.752253
79943,1508,161.142,85,403.14,20.392506,-101.769449
80013,1509,112.244,70,404.24,20.440654,-101.841997
80072,1510,90.68,59,404.69,21.602371,-101.776155
80136,1511,96.551,64,405.19,21.778526,-101.938599
80203,1512,110.449,67,405.7,21.853501,-101.730944
80284,1513,150.221,81,406.28,21.347017,-102.014422
80368,1514,145.756,84,406.91,20.257734,-101.497597
80441,1515,124.076,73,407.42,21.230656,-102.25044
80534,1516,181.662,93,408.12,20.909702,-101.777891
80604,1517,134.489,70,408.62,21.969739,-101.607976
80698,1518,186.545,94,409.36,21.112773,-101.844456
80790,1519,164.236,92,410.09,22.469362,-101.568722
80901,1520,231.571,111,410.96,23.462162,-102.135853
81004,1521,204.696,103,411.76,21.672941,-101.77796
81097,1522,180.766,93,412.49,21.017085,-101.741572
81186,1523,180.118,89,413.18,20.952492,-102.077718
81251,1524,90.107,65,413.68,21.765911,-101.98799
81344,1525,177.158,93,414.44,21.018884,-102.438713
81442,1526,189.01,98,415.25,21.920619,-102.544369
81533,1527,155.762,91,415.98,21.174503,-102.608929
81607,1528,128.828,74,416.56,21.984397,-102.300197
81673,1529,106.444,66,417.06,22.16473,-102.593052
81748,1530,115.085,75,417.64,22.031354,-102.222846
81857,1531,231.398,109,418.51,22.039325,-102.395601
81960,1532,210.848,103,419.32,21.855894,-102.134681
82059,1533,184.952,99,420.11,21.833367,-102.514221
82145,1534,146.64,86,420.77,22.934375,-102.561541
82243,1535,180.262,98,421.51,22.257065,-102.236772
82345,1536,186.528,102,422.31,21.025999,-102.886169
82471,1537,279.909,126,423.31,22.504142,-102.933415
82574,1538,199.48,103,424.16,22.165479,-102.388986
82669,1539,171.25,95,424.88,21.80274,-103.385779
82755,1540,150.061,86,425.56,20.217998,-102.816059
82825,1541,106.235,70,426.1,21.934582,-102.669515
82909,1542,150.297,84,426.78,21.711861,-102.94568
82994,1543,162.261,85,427.44,20.679493,-103.337288
83080,1544,159.108,86,428.07,23.099354,-102.615199
83164,1545,173.549,84,428.72,24.420891,-103.245597
83244,1546,147.143,80,429.37,22.676376,-103.248698
83323,1547,137.6,79,429.99,22.764896,-103.38023
83422,1548,201.757,99,430.75,22.65705,-103.639294
83531,1549,231.212,109,431.57,23.759804,-103.021537
83640,1550,226.047,109,432.42,21.581059,-103.089785
83718,1551,135.273,78,433.02,21.043432,-103.660717
83781,1552,98.385,63,433.5,22.075724,-103.448347
83850,1553,106.312,69,433.96,22.857211,-103.928305
83970,1554,258.297,120,434.81,22.38731,-103.33598
84083,1555,213.57,113,435.58,22.764565,-103.358109
84186,1556,226.906,103,436.33,22.09885,-103.732045
84294,1557,193.465,108,437.1,22.922155,-103.474061
84422,1558,280.028,128,438.11,22.405491,-103.569524
84533,1559,221.309,111,438.95,22.324554,-103.815963
84592,1560,89.307,59,439.39,22.531325,-103.853342
84663,1561,118.385,71,439.96,23.358281,-103.844689
84740,1562,147.622,77,440.61,23.17956,-103.765694
84795,1563,62.302,55,441.01,24.520383,-103.397677
84859,1564,85.053,64,441.53,25.564627,-104.272943
84980,1565,244.327,121,442.54,23.145889,-103.749082
85050,1566,125.264,70,443.08,24.378463,-104.056632
85147,1567,147.044,97,443.91,22.663065,-104.323682
85219,1568,117.163,72,444.48,22.74541,-103.982393
85293,1569,119.283,74,445.07,22.143373,-103.75865
85450,1570,370.822,157,446.35,22.817741,-104.333651
85520,1571,127.408,70,446.93,22.584671,-104.312106
85581,1572,81.845,61,447.4,21.890787,-104.779097
85653,1573,115.042,72,447.98,22.776206,-104.113727
85838,1574,333.73,185,449.5,23.445084,-104.583169
86016,1575,281.033,178,451.03,22.806939,-104.313886
86086,1576,115.765,70,451.62,22.358343,-104.620252
86261,1577,312.717,175,453.03,22.875459,-104.418886
86325,1578,97.056,64,453.58,23.57739,-104.482682
86480,1579,307.663,155,454.78,22.653789,-104.481332
86633,1580,316.185,153,456.01,22.932551,-104.629227
86703,1581,113.229,70,456.58,21.207641,-104.470173
86810,1582,182.055,107,457.43,24.236018,-104.184656
87009,1583,396.292,199,459.14,22.507544,-104.356818
87143,1584,60.585,134,460.27,22.978793,-105.278199
87274,1585,271.297,131,461.35,23.568572,-104.640784
87397,1586,75.014,123,462.4,23.319063,-104.898978
87505,1587,219.979,108,463.33,22.762794,-104.837691
87690,1588,325.312,185,464.87,23.32875,-104.659568
87816,1589,228.206,126,465.86,23.789687,-104.997315
88009,1590,382.598,193,467.39,22.594746,-104.567569
88186,1591,339.566,177,468.64,23.386495,-105.014372
88323,1592,312.016,137,469.6,23.615868,-105.305689
88476,1593,337.133,153,470.64,23.762407,-105.03532
88565,1594,149.654,89,471.26,25.434767,-104.843904
88624,1595,89.524,59,471.66,25.075936,-104.542005
88768,1596,320.061,144,472.65,23.367046,-104.769189
88952,1597,281.766,184,473.9,23.121317,-104.937302
89073,1598,267.827,121,474.75,21.811509,-105.000286
89220,1599,319.153,147,475.8,23.768395,-104.754056
89353,1600,271.819,133,476.73,22.630109,-104.941595
89413,1601,86.557,60,477.15,22.006725,-104.610972
89485,1602,105.708,72,477.65,23.764923,-104.442365
89604,1603,198.543,119,478.49,23.7008,-104.78925
89757,1604,297.573,153,479.52,22.956584,-104.707087
89871,1605,204.774,114,480.2,23.464176,-105.138543
89999,1606,257.379,128,480.97,22.712391,-105.105075
90063,1607,100.129,64,482.21,24.064349,-104.901734
90206,1608,307.842,143,483.2,22.451704,-104.506702
90405,1609,312.805,199,484.48,22.717233,-104.623518
90533,1610,272.159,128,485.33,23.04,-105.014575
90603,1611,110.563,70,485.79,22.611634,-103.938449
90752,1612,334.984,149,486.74,22.978331,-104.701769
90898,1613,303.816,146,487.64,22.665599,-105.107521
91056,1614,291.187,158,488.64,22.579495,-104.697665
91160,1615,201.251,104,489.3,23.904464,-105.031427
91229,1616,101.581,69,489.73,24.106593,-105.224337
91410,1617,335.954,181,490.8,23.663896,-104.376642
91553,1618,288.789,143,491.75,22.870289,-104.528318
91684,1619,297.202,131,492.57,22.511977,-104.297821
91752,1620,94.301,68,493.03,22.280159,-104.578262
91845,1621,156.686,93,493.68,22.818271,-104.609323
92082,1622,20.958,237,495.23,24.084923,-104.40203
92214,1623,321.353,132,496.08,23.561513,-104.339562
92484,1624,369.624,270,497.93,24.464092,-104.495248
92611,1625,273.789,127,498.83,23.40238,-104.363447
92733,1626,207.64,122,499.71,23.420597,-104.574134
92843,1627,202.025,110,500.47,24.383435,-104.66966
92957,1628,232.394,114,501.32,25.000228,-104.45449
93085,1629,264.973,128,502.21,23.356201,-104.62012
93182,1630,113.959,97,502.92,23.67507,-104.65448
93274,1631,137.887,92,503.61,23.554533,-103.737973
93417,1632,256.225,143,504.69,24.467479,-104.670756
93610,1633,298.563,193,506.04,23.958232,-104.162261
93675,1634,94.102,65,506.5,23.575077,-104.203838
93794,1635,234.517,119,507.37,23.318152,-104.080687
93905,1636,197.766,111,508.16,23.980185,-104.003948
93988,1637,144.449,83,508.77,23.626911,-104.027449
94071,1638,139.325,83,509.36,23.558226,-104.434277
94202,1639,264.209,131,510.33,25.016252,-103.618603
94317,1640,223.255,115,511.17,22.838136,-104.463479
94553,1641,477.3,236,512.93,24.411155,-104.041586
94668,1642,241.107,115,513.77,23.727167,-103.593135
94804,1643,268.667,136,514.72,23.813242,-104.342243
94905,1644,176.665,101,515.42,24.299197,-104.544335
95043,1645,309.005,138,516.41,23.586895,-104.27025
95173,1646,292.905,130,517.29,22.773966,-103.989843
95315,1647,264.185,142,518.22,24.888691,-103.854208
95432,1648,258.916,117,519.01,24.905067,-103.877993
95536,1649,187.104,104,519.72,25.198046,-103.978917
95695,1650,261.366,159,520.85,25.255779,-104.04551
95767,1651,99.858,72,521.4,25.08684,-103.496174
95922,1652,315.47,155,522.5,24.32083,-104.196939
96014,1653,165.708,92,523.16,23.985464,-103.592274
96092,1654,118.056,78,523.75,26.295209,-104.015952
96215,1655,261.815,123,524.6,24.530323,-103.825541
96330,1656,245.909,115,525.41,24.603291,-103.895775
96439,1657,148.392,109,526.19,24.403812,-103.572424
96552,1658,154.232,113,526.99,24.436873,-103.702345
96705,1659,373.089,153,528.04,25.755496,-104.064204
96813,1660,190.68,108,528.77,25.308254,-104.189786
96913,1661,153.629,100,529.47,24.096991,-103.913484
97063,1662,312.558,150,530.49,24.948486,-103.684697
97199,1663,315.074,136,531.41,25.55406,-104.027876
97328,1664,289.333,129,532.31,23.967724,-103.572244
97404,1665,110.563,76,532.81,24.602576,-103.387295
97521,1666,237.844,117,533.62,24.210966,-103.495205
97623,1667,198.104,102,534.31,25.263365,-103.515646
97710,1668,136.612,87,534.91,23.715983,-103.914366
97790,1669,123.112,80,535.46,23.966662,-104.342905
97902,1670,190.905,112,536.2,24.111802,-103.220238
97979,1671,114.553,77,536.73,25.085171,-103.176497
98121,1672,303.244,142,537.72,24.324984,-103.140035
98267,1673,309.073,146,538.79,25.759378,-103.266254
98372,1674,176.08,105,539.54,25.330933,-103.61876
98501,1675,252.353,129,540.46,24.928384,-103.468852
98627,1676,287.003,126,541.36,24.210917,-102.940229
98759,1677,267.375,132,542.31,24.356275,-103.274419
98887,1678,267.036,128,543.21,24.491115,-103.229305
98990,1679,170.314,103,543.96,25.108067,-103.390242
99112,1680,267.331,122,544.76,24.541656,-103.093125
99221,1681,23.832,109,545.46,24.980669,-103.417336
99349,1682,275.868,128,546.33,24.839559,-103.498644
99520,1683,318.748,171,547.6,25.029948,-103.21256
99672,1684,260.278,152,548.68,25.228535,-103.313048
99807,1685,322.399,135,549.59,25.54132,-103.187441
99897,1686,153.491,90,550.2,24.978785,-103.459163
100014,1687,232.753,117,551.52,25.106822,-103.029515
100118,1688,200.553,104,552.23,25.03037,-103.084525
100258,1689,338.021,140,553.18,25.075075,-103.130708
100403,1690,288.8,145,554.13,24.778517,-103.231833
100505,1691,191.016,102,554.77,23.421221,-102.703921
100613,1692,211.395,108,555.46,25.971809,-102.783664
100782,1693,324.684,169,556.6,24.100028,-102.561609
100967,1694,420.61,185,557.89,25.949409,-102.678862
101085,1695,250.354,118,558.67,25.635957,-102.7825
101178,1696,143.625,93,559.28,24.375852,-102.570053
101312,1697,235.084,134,560.14,25.431908,-102.628732
101396,1698,96.968,84,560.63,24.734346,-102.49126
101589,1699,398.042,193,561.89,25.753748,-103.051317
101697,1700,189.226,108,562.59,25.516432,-102.75208
101827,1701,255.181,130,563.41,24.931435,-102.491312
101963,1702,286.055,136,564.31,25.532806,-102.465133
102186,1703,389.164,223,565.78,24.973184,-102.778614
102283,1704,162.513,97,566.42,24.754578,-102.495002
102413,1705,257.87,130,567.28,24.253256,-102.837998
102549,1706,280.851,136,568.2,25.944045,-102.826298
102736,1707,332.605,187,569.46,24.478742,-102.861568
102918,1708,377.141,182,570.61,25.440321,-102.822116
103099,1709,372.818,181,571.77,25.36081,-102.410343
103232,1710,277.57,133,572.61,24.537461,-102.458812
103320,1711,107.261,88,573.17,24.744246,-102.526211
103494,1712,352.732,174,574.4,24.971911,-102.466879
103632,1713,230.452,138,575.36,23.777213,-102.621878
103760,1714,262.105,128,576.23,24.275582,-102.28635
103881,1715,251.706,121,577.03,25.062129,-102.492279
103978,1716,139.757,97,577.65,24.725672,-102.223776
104051,1717,102.393,73,578.1,24.877172,-102.044109
104163,1718,214.975,112,578.84,24.174286,-102.34774
104254,1719,129.789,91,579.43,24.640563,-102.621379
104351,1720,133.615,97,580.04,24.200945,-102.406814
104463,1721,186.462,112,580.73,26.059628,-102.498712
104612,1722,250.231,149,581.63,24.833521,-102.283562
104762,1723,274.463,150,582.58,24.872204,-102.360274
104923,1724,345.25,161,583.64,25.218491,-101.961663
105041,1725,225.389,118,584.46,24.614291,-101.947937
105165,1726,234.654,124,585.28,24.534869,-101.725433
105195,1727,13.949,30,585.48,27.003092,-102.013765
105320,1728,256.036,125,586.34,27.702376,-101.497282
105630,1729,512.711,310,588.24,25.285217,-101.895176
105756,1730,212.16,126,589.03,25.869879,-101.950831
105846,1731,126.544,90,589.59,25.180783,-101.90549
106009,1732,336.278,163,590.57,25.03141,-101.750577
106146,1733,251.558,137,591.5,25.017797,-101.677453
106275,1734,296.903,129,592.35,24.549695,-102.013706
106402,1735,222.033,127,593.27,25.023989,-101.639468
106562,1736,377.684,160,594.41,24.846802,-101.526023
106733,1737,322.539,171,595.62,25.041735,-101.396729
106888,1738,373.366,155,596.64,24.216379,-101.239962
107020,1739,259.46,132,597.5,25.542442,-101.734973
107104,1740,128.561,84,598.05,25.185999,-101.066994
107221,1741,227.597,117,598.84,23.789286,-101.604456
107382,1742,335.891,161,599.95,24.831389,-101.383518
107517,1743,294.326,135,600.88,25.279952,-101.274185
107616,1744,175.625,99,601.59,24.808458,-101.179488
107734,1745,238.391,118,602.4,25.68948,-101.894982
107826,1746,161.083,92,603.05,23.788476,-101.668748
107916,1747,145.626,90,603.72,24.21853,-101.117666
108055,1748,370.297,139,604.7,24.994882,-100.935081
108165,1749,225.815,110,605.47,26.785614,-101.461097
108282,1750,180.162,117,606.28,24.71841,-101.370851
108402,1751,242.083,120,607.05,23.81043,-101.260944
108489,1752,187.87,87,607.6,24.22331,-101.835185
108666,1753,339.333,177,608.71,24.21365,-101.432135
108835,1754,330.007,169,609.78,24.785273,-101.157263
108975,1755,314.062,140,610.73,25.824252,-101.072242
109100,1756,270.664,125,611.53,24.62097,-101.052035
109209,1757,187.816,109,612.27,25.225728,-101.510262
109350,1758,342.356,141,613.2,25.840002,-101.133258
109417,1759,103.195,67,613.63,24.08991,-101.280623
109540,1760,251.041,123,614.37,25.008447,-100.995732
109616,1761,120.204,76,614.86,24.506363,-101.039886
109738,1762,258.083,122,615.61,24.28852,-101.311398
109885,1763,358.227,147,616.51,24.594036,-100.50639
109980,1764,175.234,95,617.1,24.562642,-100.766706
110060,1765,108.987,80,618.31,26.738536,-100.922518
110162,1766,194.44,102,619.04,26.111354,-101.125323
110311,1767,289.203,149,620.07,24.28541,-101.04357
110448,1768,316.011,137,620.97,25.488677,-100.530823
110568,1769,220.569,120,621.78,24.785212,-100.478833
110654,1770,165.304,86,622.35,24.924123,-100.243808
110730,1771,121.845,76,622.82,24.990972,-101.280677
110863,1772,251.328,133,623.7,27.023775,-100.711965
110975,1773,206.807,112,624.43,26.044388,-100.53194
111093,1774,264.782,118,625.2,26.630333,-100.631669
111238,1775,314.5,145,626.19,25.398085,-100.35428
111343,1776,205.832,105,626.91,28.074003,-100.714988
111453,1777,223.187,110,627.71,25.11264,-100.311372
111589,1778,273.215,136,628.67,25.839617,-100.400392
111689,1779,180.756,100,629.37,25.283339,-100.271856
111790,1780,181.685,101,630.07,27.412789,-100.556214
111863,1781,99.369,73,630.6,25.92346,-100.571576
111951,1782,146.752,88,631.22,25.441687,-100.251061
112047,1783,186.46,96,631.9,25.149166,-100.746196
112139,1784,173.067,92,632.55,24.419552,-100.355996
112236,1785,165.72,97,633.21,25.535857,-99.872041
112409,1786,364.595,173,634.41,26.225956,-100.010307
112538,1787,260.668,129,635.33,23.974148,-100.616726
112613,1788,113.833,75,635.86,24.112577,-100.52442
112722,1789,220.593,109,636.64,25.822885,-100.046823
112840,1790,223.599,118,637.47,24.493427,-100.146501
112949,1791,240.256,109,638.26,25.283899,-99.837718
113066,1792,209.148,117,639.11,25.606225,-100.229681
113206,1793,305.459,140,640.08,25.260023,-100.021567
113359,1794,332.57,153,641.14,24.597669,-100.069517
113462,1795,192.934,103,641.85,25.238647,-99.949851
113597,1796,296.74,135,642.76,25.506282,-100.212943
113667,1797,89.847,70,643.24,24.65153,-100.217977
113848,1798,368.206,181,644.46,25.77914,-100.243539
114353,1799,208.145,505,648.15,26.364013,-100.201297
114479,1800,281.175,126,649.12,25.272105,-100.428095
114636,1801,310.084,157,650.39,25.800594,-100.737481
114772,1802,311.769,136,651.52,25.970349,-100.358832
114870,1803,179.211,98,652.37,25.204703,-100.129061
114977,1804,199.402,107,653.25,27.160577,-100.114602
115091,1805,200.43,114,654.21,25.611258,-99.941531
115191,1806,175.764,100,654.99,24.338193,-100.606349
115335,1807,305.906,144,656.19,25.944867,-100.378945
115528,1808,435.073,193,657.72,26.304382,-100.377762
115664,1809,251.623,136,658.77,25.01125,-100.467555
115799,1810,275.308,135,659.83,26.526316,-100.392779
115910,1811,205.708,111,660.74,25.441853,-99.939247
116023,1812,161.987,113,661.67,25.363897,-100.194771
116151,1813,262.67,128,662.76,25.323406,-99.901794
116295,1814,274.83,144,663.96,24.985268,-100.03616
116428,1815,266.5,133,664.97,25.635536,-100.015965
116572,1816,347.724,144,666.06,25.780332,-100.253462
116742,1817,412.934,170,667.38,25.073025,-100.064151
116893,1818,190.971,151,668.56,26.498694,-100.000529
116997,1819,185.484,104,669.37,24.027103,-100.356777
117139,1820,302.359,142,670.56,24.225576,-100.23907
117286,1821,296.53,147,671.73,24.988298,-99.985606
117461,1822,360.394,175,673.16,26.303704,-99.84432
117628,1823,348.326,167,674.55,26.386661,-100.303153
117754,1824,206.922,126,675.55,25.061113,-100.252977
117898,1825,340.685,144,676.59,25.481607,-99.691215
118022,1826,266.492,124,677.56,26.12871,-100.203383
118135,1827,151.034,113,678.57,25.546888,-99.774724
118306,1828,357.347,171,679.95,25.353874,-100.033981
118410,1829,180.824,104,680.83,24.825703,-99.60523
118515,1830,207.621,105,681.74,24.937684,-100.017944
118643,1831,283.539,128,682.84,26.075353,-99.958517
118843,1832,430.739,200,684.48,25.973214,-100.163312
118918,1833,123.129,75,685.13,27.145341,-100.269375
119071,1834,286.884,153,686.47,26.024193,-99.709058
119276,1835,529.682,205,688.27,26.06654,-100.108084
119402,1836,273.5,126,689.41,25.699746,-99.830677
119635,1837,454.83,233,691.45,26.689385,-100.136047
119788,1838,310.711,153,692.77,23.849982,-99.879236
119959,1839,335.384,171,694.29,24.264782,-99.826946
120102,1840,370.102,143,696.76,26.14414,-100.108476
120275,1841,339.547,173,698.17,25.687822,-100.065651
120491,1842,433.255,216,699.94,25.436913,-100.146226
120627,1843,342.126,136,701.0,25.051496,-99.881337
120814,1844,495.128,187,702.58,25.214633,-100.390345
120978,1845,347.704,164,703.93,26.161081,-100.214121
121147,1846,370.768,169,705.34,24.467138,-100.335303
121335,1847,395.279,188,706.93,25.531129,-100.183513
121484,1848,230.563,149,708.02,26.893136,-100.520669
121661,1849,475.663,177,709.3,25.966503,-100.009013
121798,1850,274.38,137,710.23,25.690261,-100.234069
121991,1851,356.727,193,711.77,26.786556,-100.589336
122193,1852,389.719,202,713.28,25.178065,-100.377821
122370,1853,54.729,177,714.62,25.509826,-100.254399
122566,1854,472.578,196,716.19,25.339363,-100.400105
122719,1855,337.575,153,717.37,25.285828,-100.229577
122967,1856,422.887,248,719.27,24.569142,-100.064575
123171,1857,376.037,204,720.8,25.86174,-100.214283
123472,1858,205.126,301,723.05,26.250268,-100.724807
123687,1859,423.453,215,724.66,26.663479,-100.294535
123909,1860,356.678,222,726.36,27.133694,-100.418026
124102,1861,364.275,193,727.82,26.616211,-100.469315
124287,1862,-19.153,185,729.26,26.908738,-100.39158
124511,1863,409.637,224,730.93,25.864499,-100.629417
124658,1864,299.169,147,732.02,25.656449,-100.723698
124954,1865,331.131,296,734.18,26.72938,-100.679011
125098,1866,337.215,144,735.29,26.629463,-100.791048
125225,1867,240.506,127,736.26,27.002379,-100.70413
125441,1868,58.956,216,737.99,27.112917,-101.025599
125674,1869,378.296,233,739.63,26.668724,-100.611582
125848,1870,326.488,174,740.79,28.098753,-100.637906
126092,1871,360.515,244,742.44,27.279952,-100.377551
126446,1872,418.533,354,744.91,27.123986,-100.296818
126695,1873,612.73,249,746.69,26.404729,-100.934399
126808,1874,59.497,113,747.49,26.829791,-100.980263
126947,1875,290.436,139,748.44,25.720213,-100.379008
127106,1876,350.123,159,749.44,27.302686,-100.421
127684,1877,214.747,578,753.06,26.916974,-100.67463
127946,1878,81.873,262,754.88,28.185302,-100.273105
128194,1879,540.527,248,756.57,28.148185,-100.281355
128498,1880,523.628,304,758.83,27.800488,-100.370374
128675,1881,35.814,177,759.98,27.644108,-100.538257
129066,1882,474.994,391,762.68,28.609981,-100.670335
129261,1883,293.709,195,764.03,26.812491,-100.820341
129445,1884,330.132,184,765.36,27.535141,-100.601133
129757,1885,490.628,312,767.47,27.76392,-100.503985
130058,1886,648.813,301,771.22,27.504808,-100.667036
130336,1887,317.116,278,773.08,27.653924,-100.325655
130518,1888,298.933,182,774.2,28.374284,-100.337862
130750,1889,478.352,232,775.83,28.289719,-100.55177
131004,1890,612.046,254,777.64,28.00295,-100.806612
131231,1891,532.438,227,779.21,29.493887,-100.858257
131521,1892,38.171,290,781.16,28.118019,-100.554143
131791,1893,623.7,270,783.04,28.326205,-100.407771
132025,1894,535.527,234,784.64,28.251405,-100.68978
132375,1895,555.349,350,787.15,28.979789,-100.513427
132554,1896,386.799,179,788.51,27.200581,-100.917364
132821,1897,626.498,267,790.4,28.655307,-100.823805
133019,1898,252.653,198,791.8,27.577398,-100.517138
133163,1899,234.961,144,792.84,28.7106,-100.68691
133299,1900,288.962,136,793.82,29.45483,-100.451546
133513,1901,565.809,214,795.33,28.598894,-100.5781
133660,1902,236.293,147,796.38,28.88631,-100.273238
133884,1903,348.298,224,797.99,28.34673,-100.676333
133985,1904,-11.06,101,798.77,30.460563,-100.55985
134202,1905,535.768,217,800.45,29.001251,-100.492535
134334,1906,61.86,132,801.48,28.403143,-100.665909
134454,1907,-20.191,120,802.27,28.791125,-100.630682
134707,1908,494.661,253,804.08,30.104885,-100.455992
134881,1909,423.01,174,805.32,29.801309,-100.724654
135545,1910,856.967,664,810.1,28.947988,-100.650746
135826,1911,759.646,281,812.16,29.0675,-100.702665
136465,1912,625.584,639,816.88,29.259548,-101.057341
136791,1913,736.82,326,819.22,30.43794,-100.986306
136893,1914,180.723,102,819.94,28.730352,-101.094152
136987,1915,178.518,94,820.61,29.824648,-101.084534
137280,1916,793.635,293,822.75,29.445254,-100.981946
137388,1917,213.574,108,823.49,28.970207,-101.002149
137585,1918,526.937,197,825.02,28.696713,-101.071265
137803,1919,354.26,218,826.61,29.711403,-101.240386
138015,1920,566.204,212,828.12,29.772811,-101.220971
138184,1921,362.098,169,829.36,28.847591,-101.055997
138427,1922,615.227,243,831.16,29.405802,-101.120626
138613,1923,371.956,186,832.47,29.276936,-101.291217
139014,1924,913.292,401,835.37,29.981686,-101.180216
139122,1925,191.392,108,836.19,30.144017,-101.875808
139293,1926,399.384,171,837.47,30.863776,-101.447099
139576,1927,757.506,283,839.62,31.125397,-101.42814
139806,1928,574.856,230,841.3,29.926609,-101.636169
139956,1929,373.409,150,842.38,30.178413,-101.848276
140241,1930,753.86,285,845.59,29.607388,-101.290611
140569,1931,777.961,328,848.04,30.150958,-101.789299
140806,1932,558.615,237,849.7,29.886873,-101.88061
141020,1933,564.303,214,851.13,29.70652,-102.375706
141323,1934,766.271,303,853.19,29.628195,-102.318765
141429,1935,238.238,106,853.91,29.001012,-102.362274
141532,1936,223.186,103,854.61,30.632517,-101.892001
141797,1937,730.864,265,856.53,28.898909,-102.160489
141917,1938,262.196,120,857.37,28.595456,-102.220442
142225,1939,780.824,308,859.58,29.468849,-102.396392
142633,1940,940.227,408,862.42,29.630806,-102.792284
142941,1941,798.01,308,864.63,29.624322,-102.805796
143590,1942,889.433,649,869.38,29.923609,-102.863575
143787,1943,541.043,197,870.74,30.791837,-102.925015
144138,1944,884.036,351,873.23,29.773185,-103.191345
144822,1945,1380.498,684,878.22,29.732835,-103.440111
144963,1946,361.178,141,879.2,29.398476,-103.874283
145173,1947,563.691,210,880.57,30.471116,-103.672686
145299,1948,257.286,126,881.4,29.812345,-104.455544
145573,1949,767.46,274,883.31,30.995799,-103.74472
145833,1950,603.498,260,885.19,30.659421,-104.177781
146127,1951,761.512,294,887.28,29.785513,-104.409193
146403,1952,693.937,276,889.13,30.325508,-104.398149
146565,1953,436.03,162,890.2,28.461781,-105.036755
146749,1954,424.546,184,891.43,29.368314,-104.423274
146909,1955,373.029,160,892.52,29.344423,-104.621492
147176,1956,711.091,267,894.35,29.67398,-104.96917
147447,1957,648.278,271,896.17,30.804522,-105.244154
147662,1958,570.332,215,897.65,30.31161,-105.184628
147977,1959,770.125,315,899.73,30.267276,-105.296971
148280,1960,779.107,303,901.76,30.612489,-105.54053
148504,1961,591.211,224,903.26,29.426065,-105.756613
148739,1962,600.971,235,904.87,29.992622,-106.055725
149107,1963,876.458,368,907.41,29.86685,-105.731511
149384,1964,719.942,277,910.03,29.622268,-106.442978
149609,1965,477.449,225,911.64,30.110166,-106.443295
149897,1966,572.023,288,913.66,29.643873,-106.979417
150237,1967,835.231,340,918.29,30.103874,-106.860033
150510,1968,698.498,273,920.17,28.988768,-107.418343
150873,1969,870.395,363,922.57,30.217082,-107.513347
151255,1970,735.982,382,924.99,29.685711,-107.879301
151592,1971,845.744,337,927.14,29.482791,-107.99041
152010,1972,887.747,418,929.86,29.247403,-108.213051
152325,1973,744.247,315,931.93,30.02659,-108.812482
152677,1974,858.215,352,934.19,30.291409,-108.801504
152958,1975,736.521,281,936.05,29.94134,-108.945385
153958,1976,1950.051,1000,942.77,30.130563,-109.687003
154194,1977,525.887,236,944.27,28.727109,-110.114597
154536,1978,603.559,342,946.59,29.022525,-110.553107
154765,1979,71.292,229,948.21,28.956409,-110.636508
155066,1980,736.326,301,950.13,30.062489,-110.545103
155347,1981,759.178,281,951.89,30.0776,-110.538017
155610,1982,646.321,263,953.5,30.24225,-111.124618
155923,1983,719.598,313,955.7,30.931158,-111.029617
156281,1984,902.154,358,958.15,30.123198,-111.897484
156519,1985,597.375,238,959.63,30.271809,-111.980132
156833,1986,782.342,314,961.54,30.995942,-111.847288
157072,1987,600.432,239,963.23,29.719629,-112.400898
157367,1988,767.021,295,965.36,29.974525,-112.301322
157650,1989,722.466,283,967.35,29.85294,-112.554808
157817,1990,466.06,167,968.48,29.647561,-113.194314
158061,1991,645.321,244,970.18,30.343823,-113.175872
158181,1992,214.782,120,970.98,29.638707,-113.081974
158315,1993,243.896,134,971.9,28.314802,-113.02327
158461,1994,358.701,146,972.93,29.528366,-113.06367
158575,1995,199.517,114,973.73,31.201649,-113.153659
158740,1996,363.8,165,974.91,30.346378,-113.632219
158959,1997,554.428,219,976.42,29.498996,-113.583115
159074,1998,228.651,115,977.17,28.246809,-113.322945
159313,1999,678.259,239,978.68,29.470143,-113.53867
159443,2000,267.232,130,979.46,29.825233,-114.294366
159769,2001,827.257,326,981.67,30.404744,-113.622295
160109,2002,820.145,340,984.81,30.300219,-114.293211
160214,2003,208.86,105,985.51,30.778269,-114.264247
160439,2004,576.006,225,986.95,29.714521,-114.62934
160570,2005,237.256,131,987.81,28.303731,-114.087036
160765,2006,498.694,195,989.11,30.044776,-114.567087
160972,2007,561.261,207,990.59,30.520236,-114.695948
161180,2008,556.391,208,992.06,29.893582,-114.740361
161405,2009,585.544,225,993.67,29.943942,-114.591461
161599,2010,520.925,194,995.03,29.302205,-115.092294
161711,2011,264.671,112,995.85,30.190188,-115.564587
161930,2012,566.238,219,997.4,29.43667,-115.701295
162034,2013,204.567,104,998.16,30.282304,-115.758267
162280,2014,600.879,246,999.96,30.437931,-115.726353
162468,2015,530.101,188,1001.35,29.973046,-115.659579
162642,2016,473.82,174,1002.65,29.655697,-115.66595
162868,2017,569.872,226,1004.28,30.181782,-115.855276
162932,2018,92.332,64,1004.74,30.501292,-115.619996
163141,2019,558.017,209,1006.16,30.558505,-115.833133
163400,2020,715.976,259,1008.04,30.261017,-116.106402
163708,2021,830.079,308,1010.49,30.757172,-116.307404
163793,2022,139.12,85,1011.19,30.204356,-116.571393
163892,2023,183.301,99,1011.95,30.787906,-116.771121
164128,2024,605.45,236,1013.93,30.082974,-116.978974
164387,2025,711.823,259,1016.09,31.062822,-117.104063
164628,2026,607.969,241,1018.11,30.114066,-117.090058
164727,2027,203.911,99,1018.94,30.632609,-117.600952
164826,2028,182.97,99,1019.71,30.109032,-117.327705
165045,2029,548.446,219,1021.46,30.232026,-117.426879
165272,2030,632.943,227,1023.28,30.781941,-117.479766
165360,2031,135.976,88,1024.03,30.250888,-117.376916
165591,2032,575.313,231,1025.94,30.941383,-117.857945
165672,2033,122.961,81,1026.59,30.874811,-118.186323
165874,2034,531.182,202,1028.26,31.345705,-117.700307
165984,2035,204.009,110,1029.13,29.910177,-117.893405
166259,2036,779.043,275,1031.23,31.145366,-117.933618
166479,2037,588.031,220,1032.96,30.740333,-117.669468
166608,2038,275.053,129,1034.07,29.264377,-118.368859
166849,2039,589.614,241,1036.11,30.588509,-118.180757
167050,2040,521.139,201,1037.76,30.251896,-117.976927
167160,2041,211.802,110,1038.65,30.759932,-118.356273
167295,2042,278.744,135,1039.74,30.845297,-118.145024
167430,2043,268.054,135,1040.92,30.334418,-118.587914
167610,2044,480.259,180,1042.49,30.800948,-118.750719
167833,2045,602.749,223,1044.27,31.538222,-118.580425
167938,2046,219.261,105,1045.13,30.962297,-118.834776
168157,2047,570.267,219,1046.87,31.333383,-118.83377
168420,2048,709.883,263,1049.01,30.788073,-118.999655
168552,2049,282.675,132,1050.12,31.338304,-118.564128
168783,2050,604.345,231,1052.13,30.222079,-119.329805
168992,2051,554.969,209,1053.88,31.578637,-119.50486
169195,2052,525.861,203,1055.57,30.960489,-119.083595
169349,2053,387.292,154,1056.77,31.160977,-119.658453
169540,2054,516.091,191,1058.32,31.020516,-119.594676
169641,2055,196.534,101,1059.17,29.712316,-119.828477
169817,2056,429.827,176,1060.71,30.957928,-119.907467
170021,2057,554.769,204,1064.28,30.637089,-120.065973
170289,2058,715.664,268,1066.5,30.991328,-119.799092
170500,2059,609.817,211,1068.1,31.357988,-120.238039
170597,2060,216.359,97,1068.79,31.870928,-120.446477
170820,2061,615.235,223,1070.37,31.134059,-120.304234
171060,2062,659.469,240,1072.07,30.257384,-120.64603
171260,2063,549.275,200,1073.48,30.949518,-120.498193
171493,2064,589.102,233,1075.1,30.840304,-120.890901
171627,2065,330.388,134,1076.03,32.046885,-120.41066
171869,2066,606.766,242,1077.7,31.065145,-120.722604
172056,2067,510.212,187,1079.01,32.554308,-121.457276
172172,2068,194.206,116,1079.84,31.67132,-121.31112
172400,2069,633.529,228,1081.41,29.908261,-121.299589
172509,2070,241.289,109,1082.2,30.970923,-121.284576
172704,2071,508.124,195,1083.52,31.323638,-121.636119
172911,2072,592.375,207,1084.92,30.798087,-121.585525
173131,2073,572.727,220,1086.41,31.803107,-121.790258
173245,2074,189.501,114,1087.2,32.344608,-121.709891
173402,2075,430.241,157,1088.32,32.266789,-121.858485
173500,2076,190.466,98,1089.05,31.123872,-121.895604
173607,2077,221.07,107,1089.79,31.218511,-121.79352
173712,2078,201.005,105,1090.52,31.170783,-121.730485
173831,2079,240.154,119,1091.34,31.715268,-121.285765
173995,2080,459.273,164,1092.48,31.545531,-122.0921
174232,2081,653.254,237,1094.11,31.453394,-122.198637
174409,2082,517.686,177,1095.32,32.456439,-121.83454
174609,2083,513.955,200,1096.69,32.262774,-122.056026
174901,2084,746.051,292,1098.79,31.826508,-122.565485
175180,2085,778.599,279,1100.77,31.153914,-122.42682
175290,2086,210.76,110,1101.57,33.009934,-122.90177
175523,2087,582.179,233,1103.26,31.734559,-122.849486
175628,2088,214.534,105,1104.01,30.815667,-122.712633
175829,2089,521.467,201,1105.45,30.955629,-123.114335
176033,2090,516.157,204,1106.94,31.114054,-122.843745
176150,2091,229.873,117,1107.8,31.429106,-123.098172
176438,2092,636.741,288,1109.93,31.601805,-123.30983
176727,2093,794.984,289,1112.07,31.576901,-122.906315
176988,2094,687.18,261,1113.94,31.641761,-123.726884
177257,2095,685.333,269,1116.01,32.080503,-123.777999
177541,2096,752.916,284,1118.07,31.61173,-124.205184
177798,2097,708.358,257,1119.9,29.845666,-124.564814
177900,2098,204.112,102,1120.65,30.91233,-124.162067
178060,2099,409.499,160,1121.73,31.624382,-124.559192
178349,2100,785.639,289,1123.68,30.93292,-124.13181
178568,2101,545.663,219,1125.13,32.818709,-124.510256
178844,2102,769.629,276,1127.08,31.128376,-124.573765
179116,2103,689.669,272,1129.0,30.894183,-124.88207
179255,2104,270.09,139,1129.98,31.111431,-124.906124
179474,2105,582.472,219,1131.85,31.301196,-124.668555
179770,2106,800.696,296,1133.93,31.258693,-125.220654
180025,2107,687.36,255,1136.94,31.205079,-125.584746
180180,2108,433.106,155,1138.04,31.091879,-125.694532
180300,2109,270.493,120,1138.81,31.416165,-124.959189
180450,2110,397.696,150,1139.86,32.740965,-125.596748
180569,2111,259.854,119,1140.68,31.762426,-124.585004
180697,2112,326.27,128,1141.58,31.414334,-125.808968
180920,2113,604.439,223,1143.11,31.900652,-125.285428
181041,2114,300.402,121,1143.88,31.251221,-125.65727
181185,2115,382.826,144,1144.78,31.608358,-125.390324
181398,2116,538.863,213,1146.13,31.253345,-125.361255
181680,2117,719.557,282,1147.97,30.70939,-125.514391
181782,2118,229.579,102,1148.71,30.74134,-126.316918
182074,2119,741.349,292,1150.76,30.827546,-126.237755
182157,2120,167.81,83,1151.35,30.497406,-126.502219
182267,2121,257.904,110,1152.14,32.455604,-126.423599
182561,2122,766.896,294,1154.19,30.813062,-125.882422
182840,2123,714.802,279,1156.12,30.817708,-126.464096
183013,2124,467.628,173,1157.28,32.077108,-126.063548
183184,2125,460.927,171,1158.5,32.25824,-126.868871
183465,2126,736.799,281,1160.59,30.780129,-126.611867
183735,2127,700.866,270,1162.53,31.303937,-126.864698
184008,2128,697.709,273,1164.59,30.319049,-126.855414
184201,2129,589.954,193,1165.92,32.480479,-127.362492
184467,2130,736.553,266,1167.91,31.096714,-126.930019
184624,2131,409.951,157,1169.01,30.15059,-127.688987
184819,2132,519.024,195,1170.47,30.900122,-127.248383
185069,2133,707.167,250,1172.52,31.70596,-127.538071
185188,2134,239.589,119,1173.48,30.558267,-127.36653
185400,2135,562.552,212,1175.14,31.099604,-127.428898
185513,2136,223.553,113,1176.04,31.704078,-127.225004
185852,2137,804.715,339,1178.54,31.023006,-127.508414
186061,2138,575.97,209,1180.1,29.663628,-127.358054
186207,2139,394.183,146,1181.14,31.208903,-127.822857
186423,2140,568.497,216,1182.87,29.869232,-127.860721
186519,2141,190.596,96,1183.63,31.691956,-127.823008
186633,2142,248.695,114,1184.6,30.176343,-127.140417
186940,2143,805.353,307,1187.02,30.736711,-128.347698
187121,2144,495.315,181,1188.2,31.253804,-127.939505
187329,2145,558.414,208,1189.47,31.060473,-127.959416
187622,2146,748.18,293,1191.42,30.951882,-127.73747
187944,2147,805.09,322,1193.64,31.469908,-128.3862
188369,2148,1062.241,425,1196.49,30.654913,-128.379549
188507,2149,310.874,138,1197.36,30.1766,-128.701904
188908,2150,940.496,401,1199.9,31.190235,-128.769061
189107,2151,539.954,199,1201.28,30.722642,-128.981256
189214,2152,219.04,107,1202.02,30.688465,-129.251164
189316,2153,220.346,102,1202.74,30.728739,-128.868319
189664,2154,873.037,348,1205.21,30.790098,-128.64064
189798,2155,320.522,134,1206.14,29.769439,-129.524632
190099,2156,829.222,301,1209.29,31.464526,-129.110689
190206,2157,246.138,107,1210.11,30.796495,-129.778519
190455,2158,700.05,249,1211.94,30.097745,-129.304591
190828,2159,978.976,373,1214.59,30.849513,-129.660154
190927,2160,210.461,99,1215.27,30.842652,-129.212556
191117,2161,509.446,190,1216.59,29.968696,-129.353804
191245,2162,335.071,128,1217.48,30.846581,-129.221361
191613,2163,921.35,368,1220.13,30.637643,-129.870611
191737,2164,226.265,124,1221.07,29.329903,-130.071606
191848,2165,203.315,111,1221.87,30.621963,-129.998754
191998,2166,368.198,150,1222.92,31.257603,-130.094353
192165,2167,359.97,167,1223.97,31.345614,-129.465706
192494,2168,874.205,329,1226.12,30.130029,-129.954332
192802,2169,781.339,308,1228.3,30.379138,-130.061467
193056,2170,597.668,254,1230.2,30.683725,-130.109442
193440,2171,943.691,384,1233.03,30.960299,-130.369119
193762,2172,907.67,322,1235.29,30.379501,-130.832178
194000,2173,700.084,238,1237.07,29.746093,-130.70221
194392,2174,990.082,392,1240.05,30.559997,-131.05854
194500,2175,276.345,108,1240.82,31.959057,-130.925625
194574,2176,123.952,74,1241.4,31.078741,-130.327275
194876,2177,792.596,302,1243.64,30.501141,-131.013343
195019,2178,437.866,143,1244.65,30.235623,-131.526334
195131,2179,220.456,112,1245.5,30.959211,-130.836801
195257,2180,229.977,126,1246.43,29.861447,-131.036811
195352,2181,189.58,95,1247.13,30.910893,-131.041014
195425,2182,108.902,73,1247.67,31.404507,-130.618982
195646,2183,565.38,221,1249.3,29.088926,-131.548995
196082,2184,1126.702,436,1252.5,30.011738,-131.272795
196446,2185,945.275,364,1254.99,30.010775,-131.638585
196542,2186,196.54,96,1255.65,32.180066,-131.374442
196907,2187,912.35,365,1258.09,30.305138,-131.63138
196985,2188,140.363,78,1258.65,30.65038,-131.65546
197097,2189,266.188,112,1259.42,31.968824,-131.629043
197293,2190,522.062,196,1260.8,31.151483,-131.692092
197594,2191,790.766,301,1262.86,29.814246,-132.131503
197997,2192,1032.751,403,1265.53,30.352907,-132.191587
198114,2193,224.808,117,1266.34,30.55798,-131.918251
198238,2194,312.357,124,1267.22,30.139982,-132.408973
198341,2195,201.848,103,1268.04,29.296312,-131.931942
198429,2196,161.947,88,1268.69,30.195737,-132.100212
198569,2197,405.384,140,1269.71,30.76074,-131.921273
198646,2198,106.156,77,1270.25,32.625134,-132.162745
198923,2199,697.184,277,1272.22,30.973354,-132.782882
199020,2200,239.365,97,1272.93,30.896403,-132.561521
199160,2201,234.11,140,1273.91,30.473138,-132.092772
199252,2202,179.47,92,1274.57,30.859657,-132.541535
199378,2203,250.573,126,1275.5,29.9604,-132.057115
199551,2204,511.388,173,1276.81,30.312195,-132.150257
199669,2205,281.329,118,1277.7,30.9809,-132.872097
199937,2206,723.239,268,1279.58,29.944752,-132.126073
200077,2207,287.803,140,1282.51,31.180452,-132.327379
200364,2208,739.436,287,1284.52,30.471723,-132.219317
200505,2209,394.775,141,1285.55,31.670256,-132.311101
200590,2210,136.338,85,1286.14,30.466191,-131.869532
200692,2211,213.14,102,1286.85,30.490127,-132.787502
200991,2212,720.018,299,1288.77,30.657772,-132.594663
201098,2213,223.959,107,1289.44,30.155479,-131.998225
201262,2214,369.757,164,1290.49,29.972627,-132.396836
201369,2215,244.65,107,1291.16,30.324327,-132.164537
201473,2216,257.159,104,1291.81,29.426564,-132.875343
201594,2217,275.199,121,1292.64,30.302414,-132.839905
201723,2218,242.812,129,1293.52,28.674588,-132.524851
201835,2219,213.337,112,1294.3,29.398475,-132.928615
201922,2220,197.722,87,1294.97,29.348764,-131.919225
202221,2221,783.757,299,1297.09,31.356528,-132.701488
202399,2222,514.855,178,1298.32,29.760393,-132.832743
202490,2223,142.581,91,1298.94,30.885522,-132.764133
202774,2224,715.18,284,1300.94,31.294205,-132.652407
202874,2225,237.42,100,1301.7,29.857385,-132.53117
202949,2226,107.558,75,1302.27,28.045923,-132.782792
203152,2227,557.82,203,1303.77,30.90462,-133.254662
203285,2228,288.956,133,1304.78,30.286838,-133.090066
203355,2229,99.029,70,1305.3,30.109634,-133.282225
203465,2230,256.353,110,1306.1,30.073207,-132.583764
203771,2231,790.96,306,1308.2,31.365503,-132.893726
203846,2232,111.657,75,1308.7,31.811799,-132.712476
204135,2233,764.509,289,1310.62,30.626291,-132.817291
204408,2234,770.252,273,1312.51,30.004729,-133.180118
204701,2235,767.036,293,1314.61,30.466111,-132.953904
204814,2236,204.261,113,1315.38,31.663079,-132.429663
205111,2237,767.651,297,1317.31,29.600257,-133.209081
205267,2238,326.29,156,1318.35,30.896366,-132.989778
205567,2239,767.868,300,1320.27,30.297548,-133.242257
205723,2240,440.255,156,1321.32,30.675862,-133.222619
205819,2241,226.246,96,1321.95,30.320742,-133.121428
205959,2242,276.47,140,1322.92,30.70071,-133.240828
206150,2243,517.088,191,1324.17,30.96387,-132.463915
206444,2244,768.095,294,1326.03,31.304357,-132.872743
206559,2245,227.463,115,1326.75,30.504033,-133.538334
206875,2246,898.863,316,1328.82,30.665338,-133.400383
206991,2247,234.367,116,1329.59,31.017425,-133.830205
207406,2248,788.501,415,1332.33,30.469515,-133.768282
207748,2249,900.143,342,1334.53,32.058032,-133.535111
208123,2250,975.245,375,1336.86,30.097031,-133.542827
208280,2251,423.692,157,1337.93,30.546866,-133.533531
208559,2252,741.788,279,1339.79,29.507395,-133.962742
208678,2253,285.301,119,1340.69,31.386899,-133.538264
208791,2254,290.952,113,1341.56,31.583599,-133.511717
208858,2255,93.04,67,1342.03,30.194024,-134.181138
209113,2256,688.635,255,1343.74,31.019067,-133.501934
209396,2257,746.965,283,1345.66,30.402413,-133.455548
209533,2258,328.798,137,1346.62,30.852451,-133.142781
209690,2259,310.141,157,1347.73,31.249355,-133.56517
209860,2260,474.572,170,1348.91,30.388308,-133.630657
210037,2261,453.109,177,1351.14,30.654965,-133.758296
210364,2262,823.557,327,1353.44,31.205789,-133.921603
210470,2263,253.897,106,1354.16,30.770809,-134.194438
210572,2264,206.642,102,1354.83,31.310584,-133.516643
210801,2265,578.052,229,1356.48,30.743756,-134.043327
210905,2266,266.421,104,1357.17,30.735717,-132.69948
210982,2267,118.426,77,1357.66,32.644106,-134.627642
211089,2268,258.767,107,1358.38,30.927185,-133.677138
211154,2269,89.495,65,1358.82,30.748366,-134.186205
211264,2270,214.358,110,1359.54,33.792709,-133.463885
211512,2271,655.776,248,1361.16,31.862948,-134.053968
211699,2272,487.356,187,1362.38,30.526285,-133.909245
211862,2273,463.933,163,1363.45,32.425672,-133.734713
212032,2274,447.221,170,1364.58,30.460546,-133.732122
212350,2275,865.024,318,1366.82,32.079656,-133.81255
212538,2276,498.608,188,1368.21,29.945008,-134.246864
212735,2277,498.566,197,1369.76,31.712927,-134.301244
212920,2278,484.345,185,1371.18,30.963806,-134.161033
212984,2279,89.355,64,1371.7,32.218761,-134.212508
213053,2280,111.564,69,1372.25,30.27561,-134.141404
213340,2281,769.465,287,1374.46,30.306039,-133.671044
213692,2282,828.106,352,1377.17,31.36348,-133.876673
213802,2283,273.302,110,1377.95,31.229019,-134.345632
213902,2284,210.722,100,1378.77,31.598174,-133.491392
214005,2285,231.302,103,1379.6,31.523334,-134.095759
214087,2286,123.07,82,1380.26,32.732733,-134.441768
214197,2287,268.823,110,1381.19,31.993038,-133.669869
214305,2288,271.132,108,1381.98,32.874558,-133.418017
214402,2289,169.471,97,1382.71,30.401343,-134.363357
214543,2290,348.374,141,1383.81,31.469251,-134.063769
214661,2291,242.013,118,1384.71,30.682429,-135.11099
214786,2292,240.76,125,1385.68,32.587355,-134.245801
214898,2293,266.405,112,1386.56,31.483534,-133.932856
215115,2294,616.773,217,1388.32,31.609816,-133.857787
215454,2295,841.809,339,1390.82,31.704893,-133.693157
215558,2296,224.767,104,1391.66,32.594803,-133.538914
215670,2297,242.396,112,1392.53,31.083935,-134.129445
215774,2298,243.742,104,1393.31,31.941602,-134.066982
215926,2299,334.653,152,1394.52,32.201359,-133.568987
216038,2300,276.068,112,1395.43,33.295896,-133.53859
216149,2301,268.074,111,1396.3,32.801807,-132.40061
216256,2302,280.77,107,1397.16,34.126805,-132.872644
216324,2303,87.596,68,1397.68,33.368922,-134.522116
216573,2304,707.112,249,1399.57,31.749336,-133.724101
216678,2305,235.332,105,1400.41,31.098603,-134.759568
216830,2306,369.879,152,1401.64,31.156919,-134.110677
216916,2307,150.292,86,1402.21,31.44671,-133.512957
217027,2308,264.973,111,1403.04,30.885894,-134.321705
217203,2309,460.416,176,1404.44,31.680671,-133.092248
217267,2310,83.458,64,1404.93,31.128648,-133.564434
217394,2311,250.469,127,1405.9,31.093194,-133.92678
217518,2312,270.113,124,1406.86,32.854007,-133.77528
217606,2313,179.288,88,1407.54,32.485776,-133.98516
217744,2314,395.631,138,1408.66,33.193969,-133.818772
217849,2315,258.814,105,1409.47,31.929514,-133.061744
217972,2316,231.06,123,1410.44,32.716152,-133.473533
218158,2317,489.455,186,1411.82,32.327681,-133.419998
218229,2318,103.831,71,1412.34,33.276086,-133.19236
218297,2319,103.744,68,1412.89,30.99773,-133.579355
219297,2320,1877.999,1000,1420.99,32.031422,-133.492844
219403,2321,266.078,106,1421.78,31.550483,-133.519033
219471,2322,92.024,68,1422.27,31.630631,-133.694984
219599,2323,258.519,128,1423.23,32.047105,-134.218979
219705,2324,240.616,106,1424.08,32.419185,-133.979124
220705,2325,1867.264,1000,1432.64,32.426179,-133.966021
221032,2326,932.093,327,1434.92,32.472882,-134.200697
221230,2327,516.799,198,1436.32,31.121124,-133.677128
221368,2328,408.648,138,1437.26,32.531603,-134.170763
221551,2329,470.318,183,1438.52,31.517673,-134.160767
222551,2330,1948.435,1000,1445.45,32.620812,-133.942976
222672,2331,282.85,121,1446.28,32.730119,-133.686113
222762,2332,176.48,90,1446.89,33.226216,-134.069093
222861,2333,217.849,99,1447.57,31.562925,-134.384576
222979,2334,266.827,118,1448.39,30.923056,-133.389566
223088,2335,218.014,109,1449.14,33.10934,-133.580696
223203,2336,260.106,115,1449.93,31.303848,-133.737424
223900,2337,1620.943,697,1454.79,32.28957,-134.137767
224206,2338,857.329,306,1456.92,31.988568,-133.760662
224310,2339,252.59,104,1457.61,31.910779,-134.136434
224637,2340,846.6,327,1459.81,32.00169,-133.784153
224747,2341,208.174,110,1460.58,30.738067,-133.94458
225197,2342,1142.647,450,1463.79,32.702053,-133.921058
225308,2343,259.942,111,1464.58,32.085173,-134.72668
225432,2344,263.448,124,1465.42,33.131211,-134.572913
225795,2345,949.649,363,1467.82,31.72941,-134.230775
225978,2346,512.246,183,1469.02,31.133321,-134.478063
226154,2347,443.715,176,1470.26,32.254608,-133.933224
226284,2348,282.65,130,1471.19,32.558058,-134.704288
226393,2349,201.991,109,1471.99,32.345003,-133.83522
226525,2350,299.33,132,1472.95,32.657756,-133.843834
226630,2351,236.113,105,1473.72,33.086314,-134.010829
226780,2352,402.928,150,1474.8,33.168565,-134.402436
226934,2353,421.854,154,1475.91,31.949333,-134.213092
227139,2354,590.395,205,1477.39,32.660561,-134.519827
227309,2355,494.431,170,1478.63,31.356211,-134.697685
227455,2356,421.657,146,1479.71,31.700569,-133.937107
227567,2357,274.987,112,1480.53,32.091641,-134.201041
227730,2358,455.37,163,1481.71,33.599507,-134.60011
227902,2359,485.651,172,1482.97,31.253901,-134.445588
228006,2360,234.118,104,1483.72,31.997287,-133.018032
228132,2361,292.088,126,1484.63,31.691402,-134.071114
228264,2362,264.278,132,1485.59,30.957873,-133.964194
228405,2363,385.517,141,1486.64,31.837626,-134.400441
228514,2364,193.052,109,1487.43,32.127997,-133.257536
228583,2365,98.051,69,1487.93,32.278491,-133.635244
228653,2366,105.51,70,1488.39,33.592373,-134.064119
228746,2367,194.208,93,1489.01,32.543668,-134.494701
228860,2368,317.893,114,1489.74,33.89894,-134.80453
229179,2369,866.818,319,1491.92,31.269117,-134.309946
229308,2370,289.828,129,1492.79,31.50586,-134.223396
229424,2371,289.092,116,1493.57,33.590086,-133.994317
229584,2372,463.424,160,1494.65,32.695109,-134.398509
229704,2373,281.953,120,1495.47,32.188798,-134.291037
229811,2374,243.489,107,1496.23,32.54082,-134.132227
229983,2375,487.714,172,1497.5,32.391,-134.162384
230076,2376,164.986,93,1498.86,31.669394,-133.364848
230167,2377,159.655,91,1499.53,32.282299,-134.338023
230302,2378,326.124,135,1500.49,34.187159,-133.738286
230475,2379,488.292,173,1501.68,32.052369,-134.175814
230609,2380,323.426,134,1502.64,33.871994,-134.071752
230736,2381,296.401,127,1503.57,33.062823,-134.025818
230861,2382,326.408,125,1504.43,31.834391,-133.841835
231036,2383,399.205,175,1505.57,32.528482,-133.478523
231220,2384,509.526,184,1506.78,31.292799,-134.190484
231403,2385,492.854,183,1508.24,32.528058,-134.017006
231500,2386,192.236,97,1509.47,32.62508,-133.906485
231603,2387,213.658,103,1510.18,31.650328,-134.521163
231705,2388,218.081,102,1510.99,34.47966,-134.510544
231776,2389,124.263,71,1511.58,32.161562,-133.862959
231940,2390,434.071,164,1512.95,32.663693,-133.837492
232048,2391,248.157,108,1513.82,33.44151,-133.496476
232208,2392,461.257,160,1515.17,32.730254,-133.70505
232332,2393,301.075,124,1516.08,33.194679,-134.400647
232420,2394,163.221,88,1516.82,32.659489,-133.571413
232558,2395,279.345,138,1517.96,33.853591,-132.983492
232668,2396,289.013,110,1518.86,34.124061,-133.422224
232766,2397,206.2,98,1519.63,32.548662,-133.941906
232888,2398,339.507,122,1520.45,33.629009,-132.71464
233070,2399,522.451,182,1521.95,33.141276,-133.617497
233139,2400,107.05,69,1522.52,32.523625,-133.917147
233276,2401,281.269,137,1523.67,32.129588,-133.844961
233357,2402,138.403,81,1524.37,33.555753,-133.98132
233426,2403,94.216,69,1524.95,32.425225,-133.212234
233617,2404,557.594,191,1526.54,34.026827,-133.916372
233696,2405,140.326,79,1527.19,31.786364,-133.574603
233785,2406,149.64,89,1527.9,33.711949,-133.302907
233954,2407,438.081,169,1529.28,33.403657,-133.934334
234041,2408,180.022,87,1530.0,33.912278,-133.898509
234193,2409,359.426,152,1531.29,33.180221,-133.774607
234263,2410,111.185,70,1531.85,33.326389,-134.940576
234417,2411,441.21,154,1533.17,33.794845,-133.031965
234556,2412,350.295,139,1534.35,33.500644,-133.263138
234689,2413,350.962,133,1535.48,33.526343,-133.475831
234801,2414,295.388,112,1536.42,32.569885,-133.927965
234961,2415,468.618,160,1537.75,33.406738,-133.572
235042,2416,139.359,81,1538.4,33.445383,-133.400616
235193,2417,403.58,151,1539.68,33.070731,-134.148129
235310,2418,275.038,117,1540.69,32.507863,-134.125304
235412,2419,212.225,102,1541.54,33.175669,-133.368848
235570,2420,450.55,158,1542.76,34.903579,-133.707558
235669,2421,217.004,99,1543.54,31.962135,-133.137
235784,2422,267.951,115,1544.45,32.365432,-133.895927
235906,2423,325.552,122,1545.41,34.850921,-133.707164
236058,2424,432.674,152,1546.66,34.02757,-133.396555
236173,2425,252.264,115,1547.56,34.009551,-133.105691
236341,2426,479.803,168,1548.74,32.773851,-133.469689
236589,2427,743.113,248,1550.49,33.897329,-134.312857
236741,2428,382.392,152,1551.54,33.814483,-133.779862
236906,2429,439.181,165,1552.65,33.388189,-133.931351
237051,2430,331.254,145,1553.64,32.870292,-133.702216
237218,2431,456.767,167,1554.72,33.687427,-133.541413
237553,2432,890.269,335,1556.96,33.516462,-134.196687
237676,2433,338.54,123,1557.79,34.98264,-133.814634
237830,2434,437.522,154,1558.86,33.831097,-133.069761
237982,2435,339.469,152,1559.84,34.434682,-133.706155
238085,2436,265.893,103,1560.53,34.792439,-133.550918
238246,2437,435.079,161,1561.55,33.647975,-133.443396
238346,2438,231.755,100,1562.22,34.505133,-133.921896
238475,2439,354.783,129,1563.12,35.06541,-133.606453
238585,2440,225.022,110,1563.86,33.08899,-133.202522
238968,2441,1053.472,383,1566.44,33.297331,-133.389909
239080,2442,262.8,112,1567.16,33.277159,-133.523926
239189,2443,272.034,109,1567.84,33.35354,-134.347992
239289,2444,230.565,100,1568.48,34.737665,-133.179861
239354,2445,103.055,65,1568.88,36.491208,-133.460097
239461,2446,183.238,107,1569.54,34.248305,-133.483544
239549,2447,117.471,88,1570.07,33.183092,-133.509838
239681,2448,296.11,132,1570.88,33.685279,-133.707299
239795,2449,287.424,114,1571.57,34.149776,-133.691172
239910,2450,244.656,115,1572.3,33.511914,-133.11093
239986,2451,132.895,76,1572.83,33.950343,-133.159114
240077,2452,148.396,91,1573.95,34.406295,-133.412002
240395,2453,916.259,318,1576.16,34.211093,-133.239643
240519,2454,233.373,124,1577.08,33.284256,-133.222755
240632,2455,267.644,113,1577.91,33.857803,-133.798511
240760,2456,314.662,128,1578.84,34.553945,-133.247216
240906,2457,382.716,146,1579.88,34.853176,-133.447989
241031,2458,239.157,125,1580.67,33.786934,-133.574929
241434,2459,1026.048,403,1583.27,34.528184,-133.314202
241555,2460,245.641,121,1584.11,32.490583,-133.457328
241622,2461,96.953,67,1584.52,32.668791,-132.46792
241723,2462,228.299,101,1585.31,33.642638,-133.276467
241837,2463,255.01,114,1586.11,34.127736,-133.161279
241998,2464,463.779,161,1587.27,34.311789,-133.532253
242106,2465,221.737,108,1587.97,34.21155,-133.883101
242213,2466,220.631,107,1588.74,36.539203,-133.495195
242305,2467,178.031,92,1589.32,33.315539,-134.151365
242503,2468,530.93,198,1590.56,34.06161,-133.500425
242567,2469,82.128,64,1591.0,34.334748,-132.613755
242669,2470,214.374,102,1591.68,34.463596,-133.59636
242877,2471,598.401,208,1593.12,35.128849,-133.751506
242965,2472,137.822,88,1593.7,34.267204,-133.962066
243075,2473,236.299,110,1594.43,34.877402,-132.752134
243197,2474,255.861,122,1595.23,34.05555,-133.288512
243289,2475,155.792,92,1595.86,33.493846,-132.800975
243361,2476,108.231,72,1596.38,33.314359,-133.392695
243568,2477,621.631,207,1597.78,34.324759,-133.252879
243695,2478,349.213,127,1598.66,33.894987,-133.27283
243867,2479,497.424,172,1599.85,34.957612,-133.132997
244400,2480,1381.423,533,1603.61,34.442627,-133.185507
244644,2481,542.727,244,1605.39,34.558024,-133.511883
244759,2482,266.456,115,1606.25,36.14429,-133.575395
244823,2483,89.281,64,1606.72,35.00893,-133.444017
244896,2484,123.476,73,1607.26,35.502505,-133.068693
244998,2485,253.616,102,1607.99,34.866955,-133.448343
245344,2486,931.118,346,1610.52,35.109602,-133.304796
245461,2487,292.965,117,1611.37,34.073844,-133.333885
245540,2488,146.467,79,1611.96,33.703542,-132.581093
245623,2489,137.697,83,1612.59,36.735915,-133.954188
245688,2490,92.473,65,1613.07,33.078034,-132.539214
246062,2491,1062.187,374,1615.77,34.395223,-133.142982
246318,2492,749.889,256,1617.61,34.458485,-134.041662
246428,2493,253.023,110,1618.38,33.48284,-134.751441
246511,2494,145.509,83,1619.03,34.419512,-133.920658
246577,2495,105.942,66,1619.51,34.56169,-133.171814
246654,2496,122.837,77,1620.06,36.160085,-134.116428
247138,2497,1281.185,484,1623.54,33.947567,-133.501729
247549,2498,1092.727,411,1626.34,34.726304,-133.116269
247794,2499,747.85,245,1628.0,34.306378,-133.700822
247858,2500,94.011,64,1628.43,33.562395,-133.84445
248026,2501,507.301,168,1629.54,34.409747,-134.083318
248599,2502,1322.674,573,1633.33,34.419766,-134.005682
248684,2503,146.865,85,1633.89,33.459411,-133.935594
248758,2504,124.026,74,1634.38,33.89127,-133.622155
248911,2505,426.799,153,1635.42,34.648482,-134.13254
249081,2506,494.572,170,1636.62,34.582204,-133.455731
249215,2507,331.303,134,1637.6,34.555506,-133.805457
249319,2508,181.605,104,1638.33,33.403072,-133.965054
249477,2509,455.451,158,1639.45,34.388658,-134.235786
249622,2510,400.84,145,1640.45,34.171698,-134.302578
249788,2511,491.309,166,1641.57,33.279361,-133.377946
249866,2512,138.505,78,1642.07,33.850411,-133.599253
249989,2513,275.673,123,1642.95,34.108741,-133.998509
250127,2514,393.763,138,1645.93,34.497603,-134.560886
250232,2515,257.426,105,1646.77,34.274288,-133.517122
250400,2516,497.12,168,1647.89,32.562129,-134.212627
250598,2517,543.003,198,1649.25,33.916382,-133.556969
250679,2518,156.998,81,1649.79,35.520133,-133.765688
250930,2519,831.121,251,1651.39,35.011649,-133.93038
251456,2520,1364.222,526,1654.86,34.835023,-133.97929
251672,2521,637.94,216,1656.29,33.259378,-134.044845
251750,2522,123.833,78,1656.82,34.141158,-133.573494
251890,2523,420.127,140,1657.83,33.764767,-134.44982
252299,2524,1074.622,409,1660.51,34.803898,-133.755321
252438,2525,370.234,139,1661.38,34.342948,-134.497994
252714,2526,817.366,276,1663.11,34.661171,-134.284727
252885,2527,562.723,171,1664.24,34.884166,-134.282243
252986,2528,214.776,101,1664.91,36.507777,-134.103134
253179,2529,603.322,193,1666.16,32.976823,-133.921672
253288,2530,269.959,109,1666.88,35.414646,-134.043292
253708,2531,1061.169,420,1669.51,33.880873,-134.307787
253801,2532,185.893,93,1670.09,34.080743,-134.381974
254324,2533,1257.957,523,1673.69,34.674738,-133.990574
254446,2534,246.334,122,1674.55,34.235608,-134.072112
254589,2535,396.131,143,1675.56,33.16863,-133.922281
254656,2536,95.033,67,1676.01,32.417451,-134.440517
254764,2537,171.798,108,1676.7,33.777398,-134.456028
254838,2538,117.209,74,1677.17,35.05926,-133.371813
254909,2539,103.155,71,1677.63,32.41871,-134.132716
255538,2540,1550.03,629,1681.83,33.651039,-133.948358
255610,2541,111.951,72,1682.34,35.786143,-132.942631
255740,2542,257.814,130,1683.24,33.826947,-133.669361
255892,2543,342.943,152,1684.34,33.683405,-134.574135
256146,2544,696.82,254,1686.04,33.109024,-134.690024
256319,2545,500.706,173,1687.12,34.093041,-133.912756
256438,2546,314.861,119,1687.84,35.490788,-134.552634
256522,2547,137.781,84,1688.37,34.188609,-134.715462
256809,2548,717.288,287,1690.29,34.335309,-134.031597
256975,2549,493.685,166,1691.59,34.620585,-134.15654
257080,2550,223.671,105,1692.37,36.91693,-134.121248
257266,2551,419.276,186,1693.62,34.555736,-133.877584
257661,2552,1038.767,395,1696.06,35.094415,-134.365676
257763,2553,145.38,102,1696.68,34.385859,-134.383007
257911,2554,397.96,148,1697.62,33.025755,-133.927593
258053,2555,381.229,142,1698.52,34.328305,-134.090906
258208,2556,453.959,155,1699.6,35.176862,-133.674224
258417,2557,628.986,209,1701.05,35.146474,-134.295203
258566,2558,420.853,149,1702.23,34.642901,-133.798901
258671,2559,267.732,105,1702.95,34.739287,-134.466207
258827,2560,452.487,156,1704.08,35.076035,-133.605613
259012,2561,523.539,185,1705.38,34.992069,-133.580125
259419,2562,952.96,407,1708.25,34.653822,-134.232633
259959,2563,1321.814,540,1712.19,34.903263,-134.264117
260095,2564,374.339,136,1715.63,34.268764,-134.210217
260231,2565,394.818,136,1716.64,33.820092,-133.347604
260338,2566,198.687,107,1717.41,35.588903,-134.167095
260489,2567,431.643,151,1718.54,35.022719,-134.331755
261113,2568,1533.332,624,1722.92,34.215389,-134.092232
261291,2569,452.602,178,1724.1,34.259445,-134.118869
261782,2570,1233.335,491,1727.66,34.837836,-134.737398
262424,2571,1557.028,642,1732.56,34.8571,-134.281221
263157,2572,1680.101,733,1738.38,34.550781,-134.514502
263710,2573,1366.842,553,1742.67,33.704189,-134.566448
264210,2574,1335.112,500,1746.67,34.030539,-134.730736
264633,2575,1087.233,423,1750.06,33.994832,-134.402674
264953,2576,933.146,320,1752.75,35.08233,-135.216682
265374,2577,1095.867,421,1755.98,33.695938,-134.964911
265699,2578,878.474,325,1758.59,33.507517,-134.965563
266186,2579,1315.526,487,1762.55,34.58803,-135.239041
266640,2580,1189.28,454,1766.28,34.026516,-135.364919
267082,2581,1208.582,442,1769.88,34.08508,-135.512942
267489,2582,1112.863,407,1773.12,34.507564,-135.504822
267902,2583,1140.132,413,1776.66,33.452124,-135.41396
268266,2584,954.145,364,1779.86,33.301344,-135.777311
268655,2585,1084.046,389,1783.18,33.447044,-135.994276
268991,2586,853.314,336,1786.01,34.372538,-135.593537
269112,2587,225.335,121,1787.05,32.233192,-135.613639
269275,2588,424.665,163,1788.28,34.074932,-135.682744
269419,2589,369.841,144,1789.29,34.5339,-135.21167
269566,2590,387.94,147,1790.32,32.720437,-135.918249
269724,2591,466.026,158,1791.42,34.006163,-136.02532
269892,2592,495.294,168,1792.61,34.891136,-134.801985
269968,2593,135.214,76,1793.13,32.164918,-135.756474
270065,2594,217.68,97,1795.71,34.271708,-135.697691
270188,2595,298.32,123,1796.64,32.378172,-135.983135
270398,2596,630.193,210,1798.13,33.472893,-135.992397
270493,2597,206.963,95,1798.79,33.302773,-135.329696
270659,2598,477.826,166,1799.94,33.699022,-135.584069
270937,2599,720.959,278,1801.86,32.805219,-136.112063
271313,2600,1096.504,376,1804.52,33.559611,-135.743974
271464,2601,427.234,151,1805.62,33.137039,-135.88766
271640,2602,483.9,176,1806.88,33.182784,-135.646508
272057,2603,1173.9,417,1809.84,33.527446,-136.169515
272414,2604,993.041,357,1812.44,32.820967,-135.670942
272812,2605,1240.945,398,1815.44,33.078609,-136.009055
272957,2606,364.879,145,1816.52,32.420064,-135.862038
273242,2607,884.198,285,1818.65,32.172509,-136.284737
273666,2608,1150.105,424,1821.75,32.017737,-135.860213
274043,2609,943.798,377,1824.55,32.437426,-136.358593
274370,2610,837.266,327,1827.05,32.691437,-136.440317
274575,2611,592.039,205,1828.45,32.108473,-136.673384
275077,2612,1320.459,502,1831.93,32.786304,-136.234477
275292,2613,654.261,215,1833.46,32.84472,-136.727312
275605,2614,827.452,313,1835.72,33.748653,-136.608716
275827,2615,670.329,222,1837.31,31.779814,-136.317557
275937,2616,233.95,110,1838.05,33.055172,-136.36703
276409,2617,1418.449,472,1841.35,32.663132,-136.555522
276830,2618,1136.339,421,1844.42,31.804014,-136.489103
277188,2619,1002.597,358,1847.07,31.017012,-137.024533
277304,2620,229.792,116,1848.07,32.063509,-136.369429
277627,2621,820.301,323,1850.85,31.162771,-137.126832
277888,2622,636.221,261,1853.06,32.374442,-136.38927
278347,2623,1139.424,459,1856.71,32.100955,-136.651274
278672,2624,888.396,325,1859.41,31.404386,-136.944584
279003,2625,906.363,331,1862.21,31.605445,-136.869383
279327,2626,857.933,324,1864.84,32.286416,-136.839746
279527,2627,569.871,200,1866.42,32.038715,-136.918208
279703,2628,484.549,176,1867.84,32.21764,-137.022227
279947,2629,684.01,244,1869.85,32.016613,-136.831182
280290,2630,984.622,343,1875.17,31.646791,-137.133794
280476,2631,518.357,186,1876.66,32.147261,-137.228639
280784,2632,821.247,308,1879.3,33.072584,-137.382006
281071,2633,737.981,287,1881.66,31.79195,-137.00601
281341,2634,732.548,270,1883.82,30.625215,-137.525835
281583,2635,630.915,242,1885.77,31.761637,-137.259615
281819,2636,683.337,236,1887.64,33.444769,-137.632802
282088,2637,753.33,269,1889.89,32.468059,-137.356331
282258,2638,449.77,170,1891.25,31.636967,-137.41136
282567,2639,860.633,309,1893.78,31.96556,-137.671749
282834,2640,711.767,267,1895.97,31.182297,-137.887843
283122,2641,838.133,288,1898.21,32.236816,-137.708605
283308,2642,554.722,186,1899.73,31.380337,-137.957186
283581,2643,730.089,273,1901.9,31.254741,-137.968495
283848,2644,793.661,267,1904.17,30.612628,-137.512523
284120,2645,714.798,272,1906.56,30.995787,-137.585516
284488,2646,1082.361,368,1909.04,31.365199,-138.389181
284616,2647,332.888,128,1909.82,32.823509,-137.83966
284867,2648,763.362,251,1911.41,31.56608,-138.390563
285026,2649,474.552,159,1912.46,32.004932,-138.035165
285243,2650,581.332,217,1913.86,31.87914,-138.344962
285433,2651,561.684,190,1915.04,31.695857,-138.20039
285585,2652,440.566,152,1915.97,32.865247,-138.164896
285849,2653,761.023,264,1917.59,31.262842,-138.488712
286064,2654,627.335,215,1918.9,32.050271,-138.41533
286340,2655,774.31,276,1920.78,31.55518,-138.934901
286597,2656,754.426,257,1922.58,31.885213,-138.616743
286924,2657,935.201,327,1924.82,32.132672,-138.948784
287186,2658,781.406,262,1926.58,31.495704,-138.88209
287367,2659,509.319,181,1927.79,32.061574,-138.270375
287536,2660,474.189,169,1928.95,30.56967,-139.353808
287639,2661,231.131,103,1929.69,32.070323,-138.757503
287813,2662,554.108,174,1930.9,31.121945,-138.873458
288065,2663,781.771,252,1932.69,31.105843,-138.926571
288320,2664,733.431,255,1934.39,31.199858,-138.780098
288445,2665,308.45,125,1935.13,30.557911,-139.146007
288640,2666,530.735,195,1936.29,31.478339,-138.990145
288889,2667,671.289,249,1937.86,31.188555,-139.277482
289150,2668,752.47,261,1939.72,30.433095,-138.599421
289370,2669,602.188,220,1941.27,31.338022,-139.197733
289625,2670,739.411,255,1943.08,32.121644,-139.367204
289870,2671,752.071,245,1944.82,30.736984,-138.86962
290127,2672,792.008,257,1947.61,30.610535,-139.171097
290423,2673,850.49,296,1949.7,31.191408,-139.194313
290671,2674,680.271,248,1951.43,31.393924,-139.550175
290983,2675,863.712,312,1953.7,31.069118,-139.461606
291225,2676,724.948,242,1955.48,30.578544,-139.95027
291382,2677,459.119,157,1956.66,30.901954,-139.444392
291646,2678,740.524,264,1958.6,31.480633,-139.781895
291898,2679,742.982,252,1960.48,31.465992,-139.825892
292178,2680,841.719,280,1962.56,31.110234,-140.249169
292395,2681,532.872,217,1964.13,31.414106,-140.140777
292650,2682,709.483,255,1966.01,30.44373,-140.331531
292798,2683,404.829,148,1967.11,30.794849,-139.714838
293057,2684,751.385,259,1969.0,29.878019,-139.973368
293207,2685,426.152,150,1970.08,30.19457,-140.642352
293462,2686,707.715,255,1971.83,31.678533,-140.277601
293714,2687,720.442,252,1973.45,31.131471,-140.65279
293862,2688,400.049,148,1974.36,31.459094,-140.054281
294012,2689,437.025,150,1975.37,32.586694,-140.944844
294234,2690,607.044,222,1976.84,32.330325,-140.712459
294482,2691,734.629,248,1978.5,30.859294,-140.630807
294723,2692,695.467,241,1980.03,31.16015,-140.412994
294903,2693,517.81,180,1981.27,31.232794,-140.062385
295110,2694,569.582,207,1982.69,30.11597,-140.588293
295303,2695,515.475,193,1984.02,31.764154,-140.347225
295566,2696,781.967,263,1985.92,31.509875,-140.920371
295798,2697,692.027,232,1987.68,30.483579,-140.801479
296127,2698,1052.01,329,1990.05,30.50313,-140.839222
296392,2699,774.902,265,1991.82,30.347272,-141.240146
296573,2700,524.626,181,1993.03,30.985156,-140.928872
296896,2701,1017.451,323,1995.27,30.78922,-140.654569
297007,2702,264.461,111,1996.05,31.459293,-140.936229
297308,2703,1056.214,301,1998.05,30.856392,-141.319097
297467,2704,432.683,159,1999.06,30.927895,-141.127872
297613,2705,347.885,146,2000.0,30.156281,-141.178641
297875,2706,756.912,262,2001.69,30.820373,-140.76962
298353,2707,1486.749,478,2005.03,30.366325,-141.625484
298548,2708,614.0,195,2006.27,31.130752,-140.992972
298850,2709,1020.28,302,2008.19,29.740932,-141.832191
299051,2710,562.028,201,2009.47,31.287987,-141.476905
299401,2711,1133.391,350,2011.74,31.640499,-141.476456
299590,2712,492.98,189,2012.98,31.013987,-141.528481
299827,2713,715.702,237,2014.53,30.413279,-141.788695
300067,2714,745.698,240,2017.5,30.499932,-141.654731
300257,2715,621.603,190,2018.82,29.522585,-141.842527
300501,2716,724.952,244,2020.5,31.279482,-141.926628
300752,2717,730.709,251,2022.25,30.289748,-141.896488
300992,2718,792.438,240,2023.85,30.124126,-142.284057
301390,2719,1445.568,398,2026.36,29.80253,-142.286296
301591,2720,583.734,201,2027.69,31.142729,-141.929548
301715,2721,281.597,124,2028.55,30.80006,-142.009884
301835,2722,322.805,120,2029.4,29.683653,-141.781119
301955,2723,265.82,120,2030.24,30.754491,-141.978468
302132,2724,465.533,177,2031.49,30.486715,-142.006499
302380,2725,747.899,248,2033.1,31.336802,-142.3628
302506,2726,334.162,126,2033.9,31.357346,-142.009751
302882,2727,976.955,376,2036.38,30.511275,-142.38976
303145,2728,740.135,263,2038.09,30.737452,-142.506537
303268,2729,311.402,123,2038.97,29.568949,-142.840604
303592,2730,985.839,324,2041.07,30.340294,-142.825868
303864,2731,827.705,272,2042.79,31.298651,-142.611256
304130,2732,772.885,266,2044.57,30.306354,-142.359568
304259,2733,255.826,129,2045.39,31.755952,-142.189739
304539,2734,825.996,280,2047.25,30.928229,-143.140808
304741,2735,518.12,202,2048.64,30.542688,-142.924001
304864,2736,309.831,123,2049.44,31.017298,-142.919471
305178,2737,1110.012,314,2051.5,31.718642,-143.257668
305422,2738,823.703,244,2053.08,30.495651,-143.99852
305532,2739,266.534,110,2053.78,30.219526,-142.780307
305857,2740,1085.482,325,2056.03,30.104715,-143.142016
306173,2741,944.029,316,2058.13,30.512185,-143.090991
306350,2742,521.52,177,2059.29,30.611057,-143.678427
306661,2743,862.6,311,2061.3,30.637268,-143.303259
306955,2744,963.255,294,2063.2,31.508576,-143.705388
307273,2745,953.475,318,2065.46,30.350573,-143.707028
307454,2746,504.281,181,2066.74,30.448467,-143.641357
308014,2747,1876.674,560,2070.6,31.015534,-143.998583
308258,2748,690.481,244,2072.23,32.036909,-143.867105
308534,2749,870.438,276,2074.12,31.00672,-143.730392
308683,2750,415.909,149,2075.2,30.262431,-143.844655
308980,2751,941.383,297,2077.29,31.346198,-144.034984
309143,2752,503.567,163,2078.42,31.326462,-144.369446
309417,2753,757.446,274,2080.3,30.71075,-144.220324
309717,2754,1014.966,300,2082.36,31.257805,-144.493809
310030,2755,1004.403,313,2086.98,30.750101,-143.629876
310304,2756,999.128,274,2089.08,30.787808,-144.582665
310425,2757,291.55,121,2090.0,30.860988,-143.297916
310685,2758,739.616,260,2091.91,31.211927,-144.477664
310940,2759,811.575,255,2093.8,31.777151,-144.10694
311138,2760,564.508,198,2095.36,31.392769,-144.350504
311470,2761,991.314,332,2097.91,31.208797,-144.476423
311711,2762,790.962,241,2099.75,30.218181,-144.195713
312049,2763,1151.585,338,2102.38,30.501042,-145.094781
312226,2764,543.689,177,2103.77,32.022967,-144.623054
312453,2765,658.228,227,2105.49,32.296157,-144.61095
312841,2766,1344.063,388,2109.43,31.937141,-144.606783
313245,2767,1495.154,404,2112.54,31.477122,-145.054576
313694,2768,1364.64,449,2116.1,30.602167,-145.007037
314223,2769,1776.408,529,2120.2,31.435294,-144.95931
314533,2770,1047.852,310,2122.72,31.039472,-145.374122
314797,2771,923.751,264,2124.76,31.608356,-145.050239
315302,2772,1752.742,505,2128.67,32.064584,-145.263136
315583,2773,885.414,281,2130.85,31.01788,-145.754809
315970,2774,1128.282,387,2133.87,31.260919,-145.541366
316327,2775,1245.091,357,2136.57,31.790743,-146.01551
316619,2776,994.523,292,2138.72,31.707755,-145.842935
316802,2777,523.417,183,2140.17,32.266419,-145.547204
317215,2778,1293.75,413,2143.56,31.246791,-146.192704
317942,2779,2608.478,727,2148.61,31.924848,-145.699344
318241,2780,851.646,299,2150.64,32.391513,-146.227478
318613,2781,1179.535,372,2153.32,31.676314,-146.399941
318893,2782,844.033,280,2155.34,31.401421,-146.292558
319088,2783,629.202,195,2156.69,32.649494,-146.464427
319275,2784,543.303,187,2158.03,32.095817,-147.06643
319655,2785,1341.121,380,2160.7,32.177378,-146.965367
320655,2786,3290.994,1000,2170.43,32.304448,-146.770491
321035,2787,1224.399,380,2173.07,32.776184,-147.589642
321267,2788,823.248,232,2174.73,31.997814,-147.18711
321487,2789,553.065,220,2176.38,32.621262,-147.386289
321799,2790,905.645,312,2178.69,31.442473,-147.341451
322418,2791,2087.321,619,2182.85,32.33437,-147.365377
322614,2792,524.578,196,2184.13,32.112085,-146.925034
322881,2793,809.178,267,2185.98,32.565005,-147.455574
323317,2794,1492.308,436,2189.07,32.57296,-147.525682
323626,2795,1054.152,309,2191.37,32.800688,-147.81288
323853,2796,706.531,227,2192.96,31.975247,-148.158777
324147,2797,882.462,294,2195.22,31.539354,-148.057724
324397,2798,649.098,250,2197.2,33.140029,-147.785126
324638,2799,831.542,241,2199.07,33.221925,-148.617169
324945,2800,992.373,307,2201.34,32.406852,-148.338078
325065,2801,288.31,120,2202.2,32.799644,-148.375929
325422,2802,1053.851,357,2204.82,33.218947,-148.295769
325894,2803,1583.988,472,2208.23,33.184723,-148.562185
326431,2804,1657.047,537,2212.74,33.758219,-148.569087
326630,2805,613.134,199,2214.33,33.518767,-148.567182
326858,2806,633.774,228,2216.05,33.371017,-148.860885
327149,2807,859.051,291,2218.46,32.363143,-149.30241
327386,2808,726.465,237,2220.37,32.567875,-149.573057
327799,2809,1381.958,413,2223.85,33.458545,-149.108821
328057,2810,763.684,258,2225.93,33.207336,-149.043567
328677,2811,2083.761,620,2230.7,33.290571,-149.914211
329162,2812,1646.681,485,2234.6,33.868213,-149.855728
329675,2813,1718.723,513,2238.59,32.954394,-149.981211
329949,2814,966.027,274,2240.39,33.20955,-149.906494
330455,2815,1790.263,506,2246.85,33.780932,-150.16697
330674,2816,583.007,219,2248.34,33.388611,-149.978427
330952,2817,857.191,278,2250.26,34.664003,-150.757669
331079,2818,347.659,127,2251.13,33.078686,-150.446402
331451,2819,1379.992,372,2253.77,34.036282,-150.009547
331800,2820,1049.085,349,2256.21,33.641282,-150.603118
332123,2821,1194.038,323,2258.59,33.096449,-150.480967
332518,2822,1375.571,395,2261.46,33.615743,-150.884769
333128,2823,2159.237,610,2265.72,33.869775,-151.320142
333664,2824,1819.539,536,2269.29,34.197496,-151.051697
333928,2825,794.542,264,2270.96,33.740151,-152.256289
334277,2826,1082.522,349,2273.34,33.670527,-151.604979
334837,2827,1461.914,560,2277.06,34.259657,-151.499374
335039,2828,591.932,202,2278.34,35.13098,-151.699072
335449,2829,1383.549,410,2281.27,34.804989,-151.491213
335815,2830,1180.946,366,2283.71,35.193816,-151.981451
336117,2831,883.473,302,2285.57,34.468191,-152.602925
336633,2832,1718.501,516,2288.94,34.997955,-152.248658
336868,2833,569.311,235,2290.55,35.288947,-152.232886
337124,2834,657.995,256,2292.35,35.623541,-152.128534
337812,2835,2338.232,688,2297.08,35.024181,-152.76167
338059,2836,818.332,247,2298.87,35.510819,-152.863284
338338,2837,829.284,279,2300.86,35.417887,-153.398152
338744,2838,1329.505,406,2303.89,34.246165,-153.227568
339084,2839,1097.119,340,2306.03,35.042808,-153.713858
339304,2840,656.815,220,2307.41,35.526587,-153.494519
339756,2841,1371.845,452,2310.33,35.266263,-153.366765
340127,2842,1094.838,371,2316.27,35.251437,-153.2882
340420,2843,898.427,293,2318.57,34.488578,-153.922096
340590,2844,498.497,170,2319.64,35.35934,-153.176332
340789,2845,633.613,199,2320.86,34.71788,-154.213787
340999,2846,644.612,210,2322.13,35.640555,-153.579692
341327,2847,1049.858,328,2324.32,36.022345,-153.60918
341510,2848,554.238,183,2325.52,35.141397,-153.780361
341768,2849,816.429,258,2327.11,34.930684,-154.039473
342037,2850,772.191,269,2328.98,35.102679,-154.187127
342397,2851,1128.977,360,2331.63,34.803394,-154.605852
342707,2852,962.972,310,2334.05,35.598008,-154.523631
343014,2853,1051.163,307,2335.95,34.703478,-154.590547
343541,2854,1836.129,527,2339.43,35.529748,-154.706977
343758,2855,639.565,217,2340.82,35.539106,-154.548949
344290,2856,1682.861,532,2344.42,36.064862,-155.209938
345290,2857,2732.519,1000,2351.74,36.013445,-155.27646
345715,2858,1129.616,425,2354.46,35.639202,-155.856408
346106,2859,1152.093,391,2357.19,36.740919,-155.397971
346854,2860,2313.76,748,2362.63,36.831006,-156.097079
347113,2861,822.017,259,2364.44,37.446334,-156.100507
347737,2862,2194.043,624,2368.82,36.746206,-156.229525
348737,2863,3397.134,1000,2375.84,35.72986,-156.475017
349180,2864,1350.232,443,2378.92,36.130486,-156.667777
349562,2865,1322.956,382,2381.34,36.480991,-157.3309
350429,2866,2893.39,867,2390.44,36.982151,-157.061714
351004,2867,1890.408,575,2394.23,36.615549,-157.530754
351696,2868,2153.879,692,2398.7,37.545386,-157.499151
351945,2869,781.544,249,2400.35,36.866195,-157.555938
352340,2870,1137.797,395,2403.07,37.19475,-157.921837
352600,2871,841.183,260,2404.81,37.918348,-157.592674
352875,2872,1027.812,275,2406.63,38.050412,-157.423295
353432,2873,1849.779,557,2410.24,37.078701,-157.935968
353614,2874,561.544,182,2411.41,35.562549,-158.296132
354003,2875,1413.909,389,2413.96,37.018801,-158.163057
354291,2876,980.928,288,2415.75,37.025347,-158.088357
354580,2877,872.79,289,2417.53,38.25554,-157.986273
354816,2878,735.578,236,2419.05,38.486269,-157.946225
355052,2879,752.43,236,2420.55,38.576058,-157.965277
355312,2880,759.224,260,2422.21,37.244622,-158.223131
355660,2881,1100.307,348,2424.46,37.067623,-158.675712
355930,2882,866.64,270,2426.21,38.358176,-158.52487
356930,2883,3032.517,1000,2432.99,37.978905,-158.799494
357165,2884,794.166,235,2434.56,36.394744,-159.419831
358135,2885,3137.924,970,2441.14,37.837393,-159.37673
358581,2886,1419.695,446,2444.05,37.764912,-159.487125
359581,2887,2850.86,1000,2451.38,38.799808,-159.796676
359881,2888,1020.525,300,2453.81,38.585347,-160.19107
360145,2889,862.072,264,2459.55,37.784369,-159.871621
361145,2890,3070.246,1000,2467.31,38.715498,-160.250834
361659,2891,1821.041,514,2471.5,38.011984,-160.537404
361924,2892,826.427,265,2473.52,38.860009,-159.990775
362295,2893,1211.719,371,2476.3,39.07804,-160.554848
363295,2894,3472.653,1000,2484.18,38.101335,-160.885087
363555,2895,904.112,260,2486.26,37.685852,-160.860563
363952,2896,1373.088,397,2489.43,39.530381,-160.978347
364398,2897,1548.504,446,2493.04,38.862979,-161.360362
365366,2898,3068.725,968,2500.82,39.793755,-161.27252
365956,2899,2162.757,590,2505.6,38.096802,-161.525127
366255,2900,1018.658,299,2507.89,38.59524,-161.94859
366943,2901,2074.476,688,2512.65,39.106666,-161.992167
367943,2902,3438.815,1000,2519.6,38.770994,-162.126179
368734,2903,3142.131,791,2525.16,38.620377,-162.737634
369379,2904,2173.547,645,2529.64,39.555318,-162.949495
369734,2905,1147.482,355,2532.11,40.155782,-163.134303
370643,2906,2806.012,909,2541.35,39.841907,-163.19906
371179,2907,1717.346,536,2545.26,39.229374,-163.348945
371473,2908,1105.917,294,2547.39,38.640844,-163.483608
372341,2909,3116.012,868,2553.71,39.169947,-163.85315
372619,2910,976.953,278,2555.58,38.411276,-163.827181
373361,2911,2568.831,742,2560.65,39.038855,-164.186186
373737,2912,1403.847,376,2563.3,38.62593,-164.531953
374737,2913,3376.491,1000,2570.08,39.269314,-164.688931
375237,2914,1813.903,500,2573.53,40.790395,-164.664793
375938,2915,2432.971,701,2578.51,39.680983,-165.320571
376566,2916,2302.999,628,2582.77,39.640185,-165.066193
377267,2917,2398.628,701,2587.82,40.113264,-165.349757
377626,2918,1249.186,359,2590.38,40.081406,-165.428502
377948,2919,1094.176,322,2592.68,39.138152,-165.751452
378582,2920,2473.361,634,2597.17,39.585561,-166.389638
379009,2921,1576.665,427,2600.23,39.807639,-166.391317
379512,2922,1758.81,503,2603.9,41.949658,-166.288074
379663,2923,386.461,151,2605.04,40.835054,-166.995569
380163,2924,1741.656,500,2612.25,39.353803,-166.61348
380458,2925,1002.982,295,2614.42,40.976888,-166.548988
380731,2926,958.158,273,2616.57,40.392163,-166.907865
381400,2927,2483.782,669,2621.54,41.039375,-167.438359
381815,2928,1560.694,415,2624.64,40.862703,-167.641531
382763,2929,3661.783,948,2631.04,40.88051,-167.988499
383138,2930,1384.867,375,2633.67,42.621647,-167.92103
383726,2931,2208.764,588,2637.89,41.25538,-168.340124
384236,2932,1978.747,510,2641.5,41.510968,-168.544934
385067,2933,3390.182,831,2647.41,41.145162,-168.872345
385513,2934,1543.069,446,2650.52,42.337564,-169.597422
385888,2935,1421.72,375,2653.21,42.420304,-169.460467
386831,2936,3273.673,943,2659.51,42.715815,-169.577623
387444,2937,2361.843,613,2663.91,43.13567,-169.787056
387988,2938,2104.2,544,2667.8,42.529636,-170.041793
388501,2939,2010.021,513,2671.58,42.413361,-170.44396
388798,2940,902.769,297,2673.77,43.414635,-170.765855
389167,2941,1397.767,369,2676.4,41.287407,-170.565926
390054,2942,3233.704,887,2686.33,43.320437,-170.741094
390391,2943,1089.464,337,2688.82,41.921265,-171.077357
390857,2944,1571.321,466,2692.19,43.1248,-171.352337
391517,2945,2534.147,660,2696.72,43.259262,-171.485088
391817,2946,1023.68,300,2698.9,43.525711,-171.937987
392224,2947,1511.296,407,2701.87,43.326999,-172.002362
392949,2948,2681.706,725,2706.93,44.366299,-171.772785
393467,2949,1864.793,518,2711.48,45.294487,-172.442701
393719,2950,849.434,252,2713.27,44.182675,-172.20707
394428,2951,2756.63,709,2718.25,43.792417,-172.589517
394819,2952,1453.208,391,2720.91,43.975527,-172.895185
395517,2953,2692.805,698,2725.29,46.196992,-172.985414
395829,2954,1051.96,312,2727.37,45.615903,-172.973562
396150,2955,1138.443,321,2729.46,45.236472,-173.433388
396584,2956,1653.482,434,2732.21,44.70894,-173.565392
397060,2957,1751.934,476,2735.39,46.253385,-173.415329
397989,2958,3737.368,929,2741.57,45.660458,-173.891742
398194,2959,636.31,205,2742.98,45.127647,-174.695084
398526,2960,978.239,332,2745.38,45.82922,-174.743203
398769,2961,773.783,243,2747.18,47.050245,-174.839327
399202,2962,1565.569,433,2750.12,46.820961,-174.769602
399497,2963,1003.456,295,2752.15,47.062057,-174.448617
400497,2964,3780.435,1000,2762.73,46.368666,-175.197374
400681,2965,541.473,184,2763.99,48.298147,-175.074556
400889,2966,436.289,208,2765.28,48.836148,-175.071886
401226,2967,1221.299,337,2767.49,48.090459,-175.593487
401429,2968,555.532,203,2768.91,46.641809,-175.558602
401833,2969,1353.989,404,2771.93,48.646734,-175.503236
402680,2970,2979.966,847,2777.58,47.585378,-175.858991
403271,2971,1989.491,591,2781.72,47.568744,-175.788633
403695,2972,1466.84,424,2784.6,48.116987,-176.357712
404155,2973,1249.206,460,2787.77,48.134615,-176.449958
405155,2974,3551.175,1000,2794.47,48.54514,-176.439448
405562,2975,1423.122,407,2797.31,48.16961,-177.09899
406008,2976,1544.269,446,2800.34,49.065984,-177.003086
406513,2977,1308.774,505,2803.73,48.757119,-177.114509
406934,2978,1453.449,421,2806.71,48.482424,-176.995335
407693,2979,2775.955,759,2812.69,49.820954,-177.589732
408276,2980,2173.297,583,2817.12,46.669571,-178.082714
408701,2981,1375.682,425,2820.51,48.253115,-178.109758
409332,2982,2355.703,631,2825.42,48.305363,-178.155283
409684,2983,1234.984,352,2828.09,49.490034,-178.592735
410109,2984,1293.602,425,2834.9,50.18668,-178.785262
410753,2985,2396.548,644,2839.42,50.285282,-178.75177
411146,2986,1525.934,393,2842.4,49.262517,-178.736652
411656,2987,1444.014,510,2845.59,50.810995,-178.979334
412046,2988,1276.976,390,2848.28,49.893341,-179.531717
412419,2989,1159.965,373,2850.92,50.382822,-179.285892
412953,2990,2103.809,534,2854.92,50.131705,-179.671219
413386,2991,1526.849,433,2858.09,50.375117,-180.015662
414386,2992,3721.824,1000,2865.84,51.174451,-179.828783
415043,2993,2435.591,657,2870.5,52.277209,-180.28529
415790,2994,2834.244,747,2875.59,51.476603,-180.582479
416184,2995,1290.906,394,2878.29,51.035716,-180.688055
416935,2996,2839.676,751,2883.51,50.467663,-180.746653
417392,2997,1721.934,457,2886.58,51.820909,-180.729408
417820,2998,1543.167,428,2889.63,52.098792,-180.978285
418793,2999,3595.359,973,2896.34,52.832301,-181.07177
419543,3000,3252.67,750,2901.71,51.893819,-181.543366
420543,3001,3827.495,1000,2913.61,53.013524,-181.607797
421258,3002,2614.786,715,2918.92,52.393621,-181.894366
421745,3003,1779.034,487,2922.48,53.71065,-181.722296
422532,3004,3058.894,787,2928.47,52.280569,-182.260795
423214,3005,2685.783,682,2933.89,54.263904,-182.257107
423431,3006,619.246,217,2935.65,57.677828,-182.502164
424431,3007,3480.42,1000,2943.64,54.196012,-182.697323
424857,3008,1625.683,426,2946.92,55.833135,-182.51955
425254,3009,1336.245,397,2950.07,52.919142,-182.374654
425898,3010,2311.596,644,2954.89,54.56982,-182.591913
426898,3011,3836.718,1000,2962.72,53.994922,-183.378122
427491,3012,1927.827,593,2967.55,54.877849,-183.536479
428247,3013,2971.194,756,2973.97,56.124265,-183.216218
428471,3014,644.924,224,2975.76,57.134,-183.2729
428963,3015,1787.212,492,2979.81,55.200775,-183.714883
429939,3016,4395.026,976,2988.0,55.066789,-183.743221
430497,3017,2098.508,558,2994.35,54.827698,-184.009542
431102,3018,2359.314,605,2998.77,56.283598,-183.840182
431330,3019,-32.822,228,3000.4,57.853716,-184.381334
432330,3020,3986.41,1000,3007.31,56.546669,-184.499893
432845,3021,2117.651,515,3010.89,56.044916,-184.539697
433535,3022,2652.785,690,3015.65,55.380065,-184.598073
433989,3023,1750.11,454,3018.75,57.147493,-185.360264
434706,3024,2798.847,717,3024.01,57.55876,-185.382568
435041,3025,1252.1,335,3026.44,55.670574,-185.843951
435630,3026,2168.512,589,3030.58,57.176215,-185.89638
436376,3027,2864.155,746,3035.93,55.307553,-185.638179
436850,3028,1796.605,474,3039.46,58.096252,-186.167713
437318,3029,1513.959,468,3042.82,55.278804,-186.670711
438062,3030,2777.261,744,3048.3,56.229617,-186.634277
438432,3031,1422.555,370,3050.95,58.409516,-186.296567
438821,3032,1516.807,389,3053.74,56.342477,-187.222996
439424,3033,2294.439,603,3057.94,58.347446,-187.395523
439700,3034,963.097,276,3060.02,55.797455,-187.456375
440189,3035,1973.163,489,3067.16,57.098983,-187.710435
441189,3036,4039.506,1000,3074.31,57.865853,-187.651878
442189,3037,3512.414,1000,3081.34,57.83577,-188.379017
442957,3038,3024.442,768,3086.47,59.548142,-188.977289
443889,3039,3930.94,932,3093.0,59.383091,-188.885288
444554,3040,2525.352,665,3097.69,58.08658,-189.233626
445554,3041,4283.853,1000,3104.34,60.247233,-189.438002
446554,3042,4063.114,1000,3110.88,59.804922,-189.802547
447013,3043,1820.477,459,3114.09,61.06288,-190.49259
447867,3044,3529.041,854,3119.69,58.969953,-190.782222
448867,3045,3968.565,1000,3126.95,59.495254,-191.002643
449420,3046,2248.86,553,3130.75,60.32119,-191.685347
449850,3047,1517.431,430,3133.7,59.572329,-191.606943
450613,3048,3062.008,763,3141.42,59.817283,-191.978612
451058,3049,1682.212,445,3144.38,58.847972,-191.833712
451560,3050,1991.195,502,3147.86,62.226404,-192.057958
452055,3051,2044.642,495,3151.23,58.720454,-192.370964
452525,3052,1660.968,470,3154.45,58.850883,-192.320164
452902,3053,1397.647,377,3157.2,60.438746,-192.26174
453379,3054,1872.328,477,3160.38,58.600701,-192.621804
454379,3055,4175.878,1000,3167.34,58.16474,-192.91464
454737,3056,1271.302,358,3170.08,61.501664,-193.65981
455357,3057,2619.784,620,3174.85,60.846437,-193.872748
455959,3058,2346.052,602,3179.41,60.351775,-193.339124
456284,3059,1228.485,325,3181.7,59.665021,-193.964382
456827,3060,2242.998,543,3185.49,60.769235,-194.016755
457819,3061,3962.657,992,3192.64,58.816673,-194.170315
458248,3062,1680.202,429,3195.62,59.983515,-194.559953
459141,3063,3928.079,893,3202.23,59.881594,-194.851952
459913,3064,3255.4,772,3208.74,60.310375,-195.01021
460339,3065,1762.133,426,3217.03,59.832733,-195.379428
460629,3066,968.958,290,3219.39,58.966311,-195.468512
460945,3067,1175.601,316,3222.01,61.044988,-195.139629
461874,3068,3885.564,929,3229.32,59.54751,-195.632334
462226,3069,1315.982,352,3231.84,59.873023,-195.236919
462648,3070,1647.008,422,3234.76,60.685421,-195.330158
463237,3071,2535.757,589,3238.8,59.01133,-195.986052
463840,3072,2375.538,603,3243.07,58.23965,-196.005375
464592,3073,3038.914,752,3248.2,58.899137,-195.899272
465214,3074,2528.015,622,3252.53,60.604248,-196.710309
465983,3075,3003.794,769,3257.81,60.736225,-196.854452
466422,3076,1825.207,439,3261.07,59.226542,-196.576252
466982,3077,2318.382,560,3265.22,61.46065,-196.645175
467368,3078,1539.038,386,3268.02,62.561114,-197.072976
467611,3079,759.864,243,3269.84,61.809595,-196.747307
467910,3080,1046.882,299,3272.08,60.045831,-196.991545
468643,3081,3054.999,733,3277.14,60.800586,-197.319369
469140,3082,1828.977,497,3280.74,61.496145,-197.632235
469620,3083,1831.908,480,3284.2,63.13751,-197.514669
470146,3084,2181.232,526,3294.18,59.364637,-197.556287
471075,3085,3957.286,929,3301.6,62.383712,-197.709867
471712,3086,2737.928,637,3306.75,59.285837,-197.919329
472451,3087,2876.338,739,3313.22,60.790633,-197.887054
473351,3088,3600.821,900,3320.77,59.62461,-198.54624
474040,3089,2597.055,689,3326.65,60.87716,-198.47493
474373,3090,1176.101,333,3329.35,60.237482,-198.604598
475373,3091,4052.579,1000,3337.76,60.618196,-199.16901
475759,3092,1397.758,386,3341.02,59.754725,-199.624128
476227,3093,1694.311,468,3344.66,62.013698,-199.18748
477098,3094,3504.703,871,3351.05,61.721032,-199.910404
478098,3095,4289.657,1000,3357.62,62.100207,-199.935204
478404,3096,1051.349,306,3359.59,61.4971,-200.151592
479057,3097,2806.248,653,3363.71,61.699392,-200.756706
479435,3098,1271.858,378,3366.29,60.359677,-201.491516
479763,3099,1170.861,328,3368.49,61.236421,-200.947989
480071,3100,1184.525,308,3373.46,59.323144,-201.950237
480962,3101,3920.301,891,3379.75,61.709577,-201.557772
481258,3102,1154.75,296,3382.05,60.502937,-201.922279
482069,3103,3494.889,811,3387.75,61.664726,-201.915375
482429,3104,1268.37,360,3390.29,60.777269,-201.578503
482816,3105,1471.673,387,3393.24,60.567412,-202.383322
483815,3106,4386.614,999,3400.49,61.653658,-202.240628
484815,3107,4066.736,1000,3407.91,62.480241,-202.689821
485170,3108,1356.534,355,3410.49,61.886565,-202.822834
486170,3109,4552.088,1000,3417.67,62.281211,-202.79072
486649,3110,2082.562,479,3421.01,64.166905,-203.059343
487360,3111,3073.572,711,3425.62,63.42439,-203.513259
488202,3112,3403.987,842,3431.68,63.375822,-203.595211
488570,3113,1389.921,368,3433.98,61.728588,-203.96022
489570,3114,4418.77,1000,3440.69,62.827921,-204.181695
490347,3115,3380.171,777,3451.41,61.488582,-204.372716
491347,3116,4277.442,1000,3458.29,64.936997,-205.022371
491657,3117,1160.722,310,3460.21,63.580445,-204.876299
492230,3118,2461.14,573,3463.97,62.407454,-204.990737
493230,3119,4307.714,1000,3470.27,63.971306,-205.334363
494230,3120,4496.977,1000,3476.95,63.492027,-205.49885
495230,3121,4533.087,1000,3483.89,62.367408,-206.23304
496230,3122,4435.93,1000,3490.55,63.521247,-206.396264
497230,3123,4141.291,1000,3497.11,64.239486,-206.442929
498230,3124,4294.112,1000,3504.0,63.013289,-206.984504
499230,3125,4531.226,1000,3510.66,62.548328,-207.20858
500230,3126,4281.465,1000,3523.61,62.143449,-207.647867
501230,3127,4309.131,1000,3530.72,63.775307,-208.556426
501930,3128,2863.882,700,3536.0,62.862337,-208.711754
502598,3129,2820.077,668,3541.09,65.071074,-209.068354
503598,3130,4240.921,1000,3548.82,61.468992,-209.423492
504598,3131,4329.672,1000,3556.25,63.517051,-209.569623
505598,3132,4389.55,1000,3563.83,62.779393,-210.3517
506227,3133,2655.509,629,3567.93,62.700619,-210.534766
506900,3134,2809.162,673,3573.11,62.327942,-210.90429
507900,3135,4486.454,1000,3580.64,62.405169,-211.281609
508293,3136,1408.604,393,3583.69,62.435584,-211.781268
509293,3137,4204.355,1000,3590.64,63.70971,-211.998958
510293,3138,4793.862,1000,3602.01,63.286052,-212.293505
511293,3139,4546.488,1000,3609.19,64.904054,-212.764102
511899,3140,2396.268,606,3613.44,63.074164,-213.307509
512899,3141,3596.758,1000,3620.66,63.026972,-213.419174
513899,3142,4188.889,1000,3627.74,63.086664,-213.864052
514899,3143,4247.978,1000,3634.89,63.451356,-214.26347
515899,3144,4309.649,1000,3641.63,64.608049,-214.720676
516555,3145,2834.611,656,3646.27,64.583605,-214.88354
517323,3146,3217.608,768,3651.8,66.834439,-215.274249
518323,3147,4277.139,1000,3658.87,65.225804,-215.721493
519158,3148,3639.341,835,3664.59,62.28756,-216.416666
520158,3149,3749.95,1000,3678.42,65.075913,-216.853942
520601,3150,1755.861,443,3681.7,63.90628,-216.560061
521601,3151,4260.702,1000,3689.58,64.295738,-217.38362
522601,3152,4439.863,1000,3697.44,65.611511,-217.731674
523601,3153,4363.189,1000,3705.39,64.06749,-218.177196
524334,3154,3098.816,733,3710.77,64.662884,-218.451411
525334,3155,4575.14,1000,3717.24,66.734004,-218.776795
526291,3156,4336.83,957,3724.59,64.103035,-219.464415
526865,3157,2412.206,574,3728.87,65.8191,-219.789444
527865,3158,4520.456,1000,3735.88,64.707032,-220.116334
528330,3159,1724.691,465,3739.27,63.744033,-220.651773
528805,3160,1874.375,475,3742.34,64.857639,-220.782524
529805,3161,4356.912,1000,3749.26,65.753569,-221.130368
530235,3162,1640.879,430,3757.84,65.469973,-222.053417
531235,3163,4124.477,1000,3764.79,65.219807,-221.465277
532079,3164,3619.929,844,3770.89,65.941459,-221.758312
533079,3165,4573.148,1000,3778.31,65.014316,-222.300106
533731,3166,2789.983,652,3782.79,64.976809,-222.6132
534387,3167,2854.816,656,3786.87,66.598784,-223.403814
535387,3168,4176.493,1000,3794.19,65.490554,-222.942166
536342,3169,4221.669,955,3800.97,65.583625,-223.693683
537342,3170,4514.42,1000,3807.74,65.707037,-224.261448
538125,3171,3478.739,783,3813.14,65.127865,-224.90795
539125,3172,4451.375,1000,3819.64,65.261165,-224.984431
539661,3173,1993.91,536,3822.97,64.410249,-225.634801
540661,3174,4448.911,1000,3835.15,65.859449,-226.122881
541661,3175,4357.405,1000,3841.88,65.796364,-226.184495
542661,3176,4417.814,1000,3848.72,66.161884,-226.984645
543661,3177,4130.615,1000,3855.17,66.219427,-227.531627
544661,3178,4229.54,1000,3861.91,66.983044,-228.052613
545661,3179,4342.402,1000,3868.76,68.289787,-228.53318
546661,3180,4229.178,1000,3875.38,67.588609,-228.914463
547661,3181,4417.127,1000,3882.04,68.324027,-230.052257
548481,3182,3257.34,820,3887.55,68.961826,-230.209727
549481,3183,4487.032,1000,3895.63,68.11666,-230.879929
550481,3184,4456.783,1000,3911.08,66.070677,-231.377773
551481,3185,4462.542,1000,3919.33,68.694777,-231.83887
552481,3186,4279.099,1000,3927.87,69.966561,-232.252262
553481,3187,4432.48,1000,3936.12,69.839725,-232.876373
554178,3188,2825.9,697,3941.8,69.804977,-232.911167
555178,3189,4316.462,1000,3949.79,69.413891,-233.393823
556178,3190,4408.244,1000,3956.89,69.616455,-234.245549
557178,3191,4180.558,1000,3963.95,68.939895,-234.694919
557799,3192,2552.923,621,3968.38,68.346134,-234.891079
558799,3193,4089.247,1000,3975.46,71.60838,-235.077953
559799,3194,3936.503,1000,3982.88,69.506164,-235.627687
560799,3195,3742.362,1000,3997.15,71.042152,-236.179227
561799,3196,4118.713,1000,4004.55,69.663972,-236.294111
562799,3197,4119.674,1000,4011.84,70.758796,-236.893848
563799,3198,3896.253,1000,4018.97,71.095144,-237.060143
564799,3199,4419.357,1000,4026.13,70.515414,-237.755118
565799,3200,4395.384,1000,4033.28,71.059883,-237.912451
566799,3201,4299.728,1000,4040.84,70.635244,-238.275986
567799,3202,4240.322,1000,4048.58,72.79359,-238.837237
568799,3203,4266.883,1000,4056.25,70.165308,-238.892343
569799,3204,4235.135,1000,4064.14,72.561532,-239.306995
570799,3205,4142.87,1000,4078.84,72.32046,-239.517156
571799,3206,4165.875,1000,4086.17,70.625605,-239.731278
572799,3207,4114.043,1000,4093.69,69.848565,-240.504352
573799,3208,4157.224,1000,4101.1,71.032919,-240.388399
574799,3209,4284.709,1000,4108.51,71.557854,-240.579746
575799,3210,4000.13,1000,4115.67,70.562439,-240.531671
576799,3211,4179.979,1000,4122.82,70.488331,-241.29062
577799,3212,4267.121,1000,4130.0,69.619356,-241.624127
578799,3213,4194.188,1000,4137.23,72.181473,-241.624199
579799,3214,4208.157,1000,4144.0,71.004328,-242.676837
580574,3215,3149.535,775,4155.04,69.449618,-242.699904
581574,3216,3966.422,1000,4161.47,70.547671,-243.408895
582574,3217,4128.473,1000,4168.37,71.552756,-243.70175
583574,3218,4230.317,1000,4175.6,71.599978,-244.130681
584574,3219,4134.037,1000,4182.49,71.105525,-244.675816
585574,3220,3929.028,1000,4189.08,70.168157,-245.057543
586574,3221,4074.163,1000,4195.66,69.419135,-245.208198
587574,3222,4052.372,1000,4202.51,70.105697,-245.580054
588574,3223,4008.638,1000,4209.21,71.08644,-246.5073
589574,3224,4210.716,1000,4215.69,71.448639,-246.10411
590574,3225,4079.731,1000,4228.39,70.275147,-246.907065
591574,3226,4156.69,1000,4234.74,71.442597,-247.079567
592574,3227,4124.0,1000,4241.21,70.585261,-247.722238
593574,3228,3894.096,1000,4248.28,71.005126,-248.067892
594574,3229,3215.427,1000,4256.17,72.292814,-248.393898
595308,3230,2755.772,734,4261.95,72.512178,-248.559928
596308,3231,4022.77,1000,4269.7,71.264952,-249.381269
597308,3232,4050.641,1000,4277.31,71.125701,-249.203025
598308,3233,4096.625,1000,4285.42,70.469907,-249.706003
599308,3234,4163.541,1000,4293.89,72.673211,-249.943206
600308,3235,4081.7,1000,4309.94,69.954071,-250.718909
601308,3236,4172.612,1000,4316.98,71.251897,-250.524838
602308,3237,3808.182,1000,4323.99,70.385118,-251.552675
603308,3238,4243.636,1000,4330.89,71.333152,-251.007033
604308,3239,4086.938,1000,4337.75,70.622368,-251.59125
605308,3240,4052.03,1000,4344.87,71.360917,-251.49447
606308,3241,4446.293,1000,4352.21,70.98386,-252.060792
607308,3242,4181.089,1000,4359.43,70.999338,-252.399142
608308,3243,4218.19,1000,4366.51,70.141046,-252.384479
609308,3244,4231.311,1000,4373.87,70.759776,-252.783113
610308,3245,3960.19,1000,4387.78,71.106558,-253.403208
611308,3246,4237.446,1000,4395.17,69.881933,-253.711105
612308,3247,4261.708,1000,4402.67,71.830658,-253.82514
613308,3248,4259.37,1000,4410.52,71.067776,-254.035607
614308,3249,4249.853,1000,4418.31,71.453923,-254.737831
615308,3250,4177.83,1000,4426.42,71.442722,-254.299466
616308,3251,4251.436,1000,4433.72,68.590995,-254.784963
617308,3252,4342.809,1000,4440.58,70.042901,-255.702698
618308,3253,4244.385,1000,4447.35,70.189883,-255.90607
619308,3254,4139.476,1000,4454.5,70.511126,-256.025828
620308,3255,3990.514,1000,4468.01,70.024322,-255.652009
621308,3256,4266.423,1000,4475.03,70.409676,-256.317782
622308,3257,4381.932,1000,4482.2,71.666803,-256.581003
623308,3258,4363.758,1000,4489.42,72.036534,-257.232392
624308,3259,4468.504,1000,4496.63,71.272125,-257.605655
625308,3260,4008.636,1000,4503.32,70.593898,-257.611394
626308,3261,4417.899,1000,4510.98,70.379611,-257.92882
627308,3262,4467.73,1000,4517.75,70.252105,-258.310766
627931,3263,1953.226,623,4522.06,69.241749,-258.27481
628931,3264,4527.153,1000,4528.63,69.568555,-258.773447
629931,3265,4370.056,1000,4535.13,70.184153,-259.295831
630931,3266,4288.26,1000,4547.87,69.995512,-259.5845
631361,3267,1459.026,430,4550.63,69.287382,-259.431576
631515,3268,329.946,154,4551.59,75.304222,-258.962628
632515,3269,4514.514,1000,4558.17,70.532848,-259.686616
632635,3270,206.638,120,4558.93,69.97611,-260.318631
633635,3271,4326.511,1000,4565.7,70.370842,-260.389048
634635,3272,4486.914,1000,4572.35,71.411684,-260.856842
635635,3273,4378.337,1000,4578.85,70.723161,-260.885939
636089,3274,1338.424,454,4581.76,70.333382,-260.765061
637089,3275,4389.095,1000,4587.91,72.01112,-261.239983
638089,3276,4444.028,1000,4594.43,71.836184,-261.726133
639089,3277,4415.957,1000,4601.13,71.03828,-261.867197
640089,3278,4423.734,1000,4614.86,71.026185,-261.965189
641089,3279,4458.487,1000,4622.75,72.86838,-262.333272
642089,3280,4258.965,1000,4630.88,72.137036,-262.845144
643089,3281,4426.296,1000,4638.45,71.15538,-263.164555
644089,3282,4574.253,1000,4646.17,71.980877,-263.048655
645089,3283,4489.915,1000,4654.11,71.284094,-263.513803
646089,3284,4391.535,1000,4662.09,71.115681,-263.997796
647089,3285,4528.798,1000,4669.77,72.493704,-263.708045
648089,3286,4359.164,1000,4676.79,70.741666,-264.769132
649089,3287,4386.497,1000,4683.8,72.484975,-264.908254
650089,3288,4482.17,1000,4697.83,70.063753,-264.555271
651089,3289,4445.915,1000,4705.5,72.081644,-265.554735
652089,3290,4519.344,1000,4713.02,71.083134,-265.619796
653089,3291,4403.909,1000,4720.49,73.586405,-265.922554
653151,3292,71.979,62,4720.96,71.883884,-263.429401
654151,3293,4382.118,1000,4728.22,70.940783,-266.29679
655151,3294,4381.55,1000,4735.65,71.575458,-266.870683
656151,3295,4275.535,1000,4742.58,72.695553,-266.623788
657151,3296,4466.705,1000,4749.6,72.730534,-266.723767
658151,3297,4216.714,1000,4757.23,73.15111,-267.254452
659151,3298,4458.703,1000,4764.83,71.681474,-267.415384
660151,3299,4291.197,1000,4780.99,74.726298,-267.689436
661151,3300,4565.452,1000,4789.05,73.059054,-267.186276
662151,3301,4428.249,1000,4796.69,72.737896,-267.859487
663151,3302,4466.704,1000,4803.84,73.651532,-267.590738
664151,3303,4471.693,1000,4811.07,71.16861,-267.873413
665151,3304,4423.762,1000,4818.44,72.230083,-267.664469
666151,3305,4397.64,1000,4825.74,72.971712,-268.057671
667151,3306,4471.907,1000,4832.83,71.827094,-268.120656
668151,3307,4294.802,1000,4839.73,72.223137,-268.269384
668203,3308,66.117,52,4840.1,70.64017,-267.447235
669203,3309,4434.178,1000,4847.08,73.043187,-268.175727
670203,3310,4599.42,1000,4860.49,70.900721,-268.55729
671203,3311,4366.423,1000,4867.41,71.991373,-268.751213
672203,3312,4399.692,1000,4874.52,72.086019,-268.858254
673203,3313,4481.476,1000,4881.37,72.016706,-269.54713
673266,3314,100.773,63,4881.77,77.630852,-268.962772
674266,3315,4327.033,1000,4888.56,71.776339,-269.844996
675266,3316,4376.483,1000,4895.69,71.838225,-269.119547
676266,3317,4517.5,1000,4902.4,71.154819,-269.762589
677266,3318,4474.614,1000,4909.02,71.286137,-270.176244
678266,3319,4414.337,1000,4915.76,73.100518,-270.063775
679266,3320,4498.311,1000,4922.89,71.539961,-270.275163
680266,3321,4286.506,1000,4935.37,71.669532,-270.876337
681266,3322,4449.815,1000,4942.14,71.204213,-271.419241
682266,3323,4513.228,1000,4949.04,71.189362,-271.166692
683266,3324,4423.109,1000,4955.9,72.48983,-271.224039
684266,3325,4504.737,1000,4962.66,71.508685,-271.611147
685266,3326,4429.398,1000,4970.0,69.948874,-271.99549
686266,3327,4457.506,1000,4978.03,72.089747,-271.65354
687266,3328,4501.272,1000,4985.93,71.434876,-272.322996
688266,3329,4627.584,1000,4993.84,71.20234,-272.504491
689266,3330,4473.93,1000,5001.61,72.746994,-272.634193
690266,3331,4631.524,1000,5016.49,72.065761,-273.165362
691266,3332,4596.892,1000,5024.13,71.364074,-273.864354
692266,3333,4684.105,1000,5031.46,71.511236,-274.422715
693266,3334,4391.353,1000,5038.66,71.651805,-273.931255
694266,3335,4290.512,1000,5045.73,70.695362,-274.444705
695266,3336,4632.97,1000,5053.09,70.279143,-274.867195
696266,3337,4500.419,1000,5060.13,70.305933,-275.650464
697266,3338,4494.928,1000,5067.15,72.543727,-275.987846
698266,3339,4472.028,1000,5074.29,72.140371,-275.283938
699266,3340,4587.615,1000,5081.24,71.28698,-276.723948
700266,3341,4461.028,1000,5094.41,72.091356,-276.822967
701266,3342,4556.809,1000,5102.01,70.613393,-276.999561
702266,3343,4466.772,1000,5110.52,72.605354,-277.767939
703266,3344,4613.24,1000,5118.16,72.122542,-278.013137
704266,3345,4502.43,1000,5126.61,72.253046,-278.177958
705266,3346,4524.594,1000,5134.82,71.873753,-278.177061
706266,3347,4505.145,1000,5143.22,72.728664,-278.82892
707266,3348,4462.998,1000,5150.58,70.143368,-279.115741
708266,3349,4522.851,1000,5157.39,70.803996,-279.580469
708854,3350,2469.072,588,5161.56,71.395414,-279.979862
709854,3351,4495.222,1000,5168.28,71.311287,-280.113
710854,3352,4484.594,1000,5181.81,71.719061,-280.331977
711854,3353,4560.161,1000,5189.51,73.387399,-280.961487
712854,3354,4466.389,1000,5196.67,72.941486,-280.970758
713854,3355,4209.781,1000,5204.14,72.378208,-281.103346
714854,3356,4481.272,1000,5211.4,71.827495,-281.024044
715854,3357,4498.5,1000,5218.78,70.869688,-281.600209
716854,3358,4522.864,1000,5226.06,70.853421,-281.678106
717854,3359,4328.192,1000,5232.58,72.165575,-282.37343
718854,3360,4540.827,1000,5239.31,71.831921,-282.394225
719854,3361,4342.578,1000,5246.04,71.306657,-282.441998
720854,3362,4505.149,1000,5259.2,70.505977,-282.539664
721854,3363,4375.535,1000,5265.84,71.569796,-283.191331
722854,3364,4387.454,1000,5272.35,71.091585,-283.268167
723854,3365,4445.518,1000,5278.97,72.778265,-283.791507
724854,3366,4382.6,1000,5285.97,70.341773,-284.048363
725854,3367,4496.594,1000,5292.76,70.550504,-283.784358
726854,3368,4606.421,1000,5299.65,72.312157,-283.942024
727854,3369,4300.093,1000,5307.07,70.351673,-284.532108
728854,3370,4440.577,1000,5314.49,70.270603,-284.593624
729854,3371,4492.505,1000,5321.62,71.128759,-284.549366
730854,3372,4421.587,1000,5336.07,70.691363,-284.867728
731854,3373,4376.829,1000,5344.49,70.797554,-284.703028
732854,3374,4498.334,1000,5351.62,72.175538,-285.436456
733854,3375,4317.639,1000,5358.68,69.214356,-285.510201
734854,3376,4594.803,1000,5365.96,72.377332,-286.030347
735854,3377,4474.458,1000,5373.04,70.188447,-286.146067
736854,3378,4430.472,1000,5379.97,71.727633,-286.235017
737854,3379,4352.491,1000,5387.29,71.444631,-286.647215
738854,3380,4510.29,1000,5394.3,70.187545,-286.703674
739854,3381,4393.1,1000,5401.4,69.199868,-286.585617
740854,3382,4512.119,1000,5414.2,71.006173,-287.334249
741854,3383,4521.177,1000,5420.83,69.612001,-286.571619
742854,3384,4448.594,1000,5427.52,71.26533,-286.954401
743854,3385,4487.725,1000,5434.92,70.227331,-286.763392
744854,3386,4614.914,1000,5442.09,69.930076,-286.993342
745854,3387,4467.061,1000,5449.14,69.89425,-287.649592
746854,3388,4502.299,1000,5456.13,69.567599,-287.9188
747854,3389,4568.042,1000,5462.76,70.362936,-288.042287
748854,3390,4550.123,1000,5469.42,69.749391,-288.667817
749854,3391,4626.886,1000,5476.67,69.886132,-288.561287
750854,3392,4473.681,1000,5492.8,71.319101,-288.337708
751854,3393,4580.603,1000,5500.52,68.299479,-288.983951
752854,3394,4559.247,1000,5508.35,71.251153,-289.3826
753854,3395,4493.986,1000,5515.4,70.769664,-289.045192
754854,3396,4613.374,1000,5521.83,69.408753,-289.526259
755854,3397,4405.594,1000,5528.49,69.824669,-289.898533
756854,3398,4370.929,1000,5535.46,69.080705,-289.40172
757854,3399,4433.462,1000,5542.57,68.980619,-289.667939
758854,3400,4739.988,1000,5549.74,69.009432,-289.983246
759854,3401,4650.147,1000,5556.85,69.540957,-290.070432
760854,3402,4474.965,1000,5570.23,69.866049,-289.73979
761854,3403,4599.198,1000,5577.36,69.692002,-290.374332
762854,3404,4549.157,1000,5584.71,69.941337,-290.723412
763854,3405,4628.651,1000,5591.91,68.664413,-290.503149
764854,3406,4571.478,1000,5599.13,69.183922,-290.97247
765854,3407,4638.647,1000,5605.95,71.758027,-290.966316
766854,3408,4591.594,1000,5612.57,69.401092,-291.138958
767854,3409,4606.26,1000,5619.19,69.354275,-291.502174
768854,3410,4648.793,1000,5626.07,69.688453,-291.863568
769854,3411,4544.229,1000,5632.66,69.218359,-290.887455
770854,3412,4550.166,1000,5645.35,68.404019,-291.459884
771854,3413,4686.339,1000,5652.21,69.461939,-291.356075
772854,3414,4525.696,1000,5659.2,69.329277,-292.378906
773503,3415,2926.862,649,5663.68,68.2983,-292.114149
774503,3416,4600.154,1000,5670.56,71.206534,-292.445599
775503,3417,4683.872,1000,5677.73,68.565339,-292.6163
776503,3418,4551.85,1000,5684.99,68.807337,-292.561302
777503,3419,4804.165,1000,5692.17,69.696632,-292.968091
778503,3420,4759.45,1000,5699.38,69.194179,-293.39599
779503,3421,4282.406,1000,5706.42,69.715368,-294.168628
780503,3422,4709.831,1000,5721.17,68.631695,-293.945293
781503,3423,4478.025,1000,5728.76,68.893145,-294.22456
782503,3424,4525.149,1000,5736.58,71.68783,-294.136316
783503,3425,4553.008,1000,5744.88,70.297545,-294.109649
784503,3426,4508.507,1000,5752.41,67.643044,-294.710779
785503,3427,4579.344,1000,5759.69,67.746511,-294.516072
786503,3428,4592.271,1000,5766.91,68.390057,-294.860735
787503,3429,4395.691,1000,5774.18,69.198428,-294.687969
788503,3430,4623.736,1000,5781.51,68.799501,-295.355883
789503,3431,4512.853,1000,5788.83,68.552001,-295.596196
790503,3432,4699.986,1000,5802.11,67.547558,-295.507806
791503,3433,4546.133,1000,5809.21,69.039863,-295.888033
792503,3434,4739.009,1000,5816.41,69.699261,-295.873481
793503,3435,4687.302,1000,5823.11,66.426835,-295.437594
794503,3436,4327.69,1000,5830.05,69.08362,-295.938937
795503,3437,4455.545,1000,5837.07,68.347807,-296.288564
796503,3438,4588.936,1000,5844.64,68.435009,-296.564705
797503,3439,4232.846,1000,5852.28,68.246843,-296.556682
798503,3440,4581.251,1000,5859.83,69.26608,-296.873478
799503,3441,4542.271,1000,5867.28,68.791224,-296.593586
800503,3442,4488.925,1000,5880.16,68.183279,-297.237526
801503,3443,4576.614,1000,5886.93,66.126565,-297.369899
802503,3444,4521.611,1000,5894.66,68.06469,-298.282719
803503,3445,4656.074,1000,5902.11,68.472893,-298.032195
804503,3446,4675.433,1000,5909.38,66.875571,-298.429046
805503,3447,4619.865,1000,5916.72,68.399037,-298.888566
806503,3448,4675.308,1000,5923.79,68.469849,-299.176105
807503,3449,4644.794,1000,5931.05,66.584834,-299.630637
808503,3450,4624.598,1000,5938.11,67.207875,-298.970897
809503,3451,4340.636,1000,5945.04,66.560036,-300.041482
810503,3452,4685.833,1000,5958.03,68.126799,-300.068116
811503,3453,4535.609,1000,5964.85,66.757898,-299.851475
812503,3454,4739.806,1000,5971.79,66.515471,-300.171704
813503,3455,4665.87,1000,5978.48,66.607039,-300.052197
814503,3456,4821.519,1000,5985.32,67.538691,-300.71916
815503,3457,4686.308,1000,5992.4,67.59487,-299.77832
816503,3458,4678.035,1000,5999.34,67.417114,-300.659506
817503,3459,4724.594,1000,6006.44,68.276843,-301.090025
818503,3460,4640.786,1000,6013.18,66.705069,-301.194746
819503,3461,4700.087,1000,6019.77,66.766964,-300.878608
820503,3462,4486.371,1000,6033.34,66.665839,-301.723643
821503,3463,4558.658,1000,6040.46,68.492442,-301.216655
822503,3464,4372.789,1000,6047.64,67.576941,-301.468694
823503,3465,4783.366,1000,6054.83,67.260618,-302.247165
824503,3466,4682.426,1000,6062.12,66.814849,-302.077702
825503,3467,4718.253,1000,6069.06,67.246423,-301.542954
826503,3468,4692.925,1000,6075.87,66.098346,-301.523131
827503,3469,4627.038,1000,6083.38,67.784999,-302.215545
828503,3470,4584.608,1000,6091.32,65.770705,-302.854773
829503,3471,4644.524,1000,6099.23,66.062297,-303.116099
830503,3472,4734.007,1000,6113.84,65.48528,-302.829907
831503,3473,4738.821,1000,6120.93,66.045164,-302.903403
832503,3474,4437.319,1000,6127.89,65.868165,-303.092986
833503,3475,4472.131,1000,6134.62,66.632792,-304.09707
834503,3476,4536.528,1000,6141.55,64.709927,-303.712074
835503,3477,4486.754,1000,6148.74,67.713085,-303.494135
836503,3478,4667.537,1000,6155.76,65.693243,-304.139226
837503,3479,4480.014,1000,6162.52,67.127149,-304.236284
838503,3480,4717.233,1000,6169.8,66.637379,-304.346688
839503,3481,4761.985,1000,6177.36,66.62614,-304.801723
840503,3482,4593.894,1000,6192.18,65.607139,-304.88102
841503,3483,4637.567,1000,6199.62,66.917783,-304.964973
842503,3484,4758.031,1000,6207.05,65.904805,-305.177576
843503,3485,4671.567,1000,6213.97,65.792415,-305.337248
844503,3486,4661.828,1000,6220.81,66.587972,-304.979649
845503,3487,4682.96,1000,6228.33,66.767552,-305.695513
846503,3488,4472.752,1000,6234.67,66.802118,-306.059976
847503,3489,4730.891,1000,6240.94,66.968366,-306.091927
848503,3490,4663.421,1000,6247.54,66.435973,-306.179797
849503,3491,4721.76,1000,6254.31,65.227692,-306.289867
850503,3492,4642.319,1000,6267.66,65.263248,-306.87839
851503,3493,4684.4,1000,6274.7,66.250712,-307.221429
852503,3494,4653.845,1000,6281.77,66.084906,-307.179615
853503,3495,4690.222,1000,6288.98,66.174735,-307.308423
854503,3496,4774.698,1000,6295.95,65.41607,-307.831753
855503,3497,4700.262,1000,6302.78,64.946531,-307.758167
856503,3498,4564.328,1000,6310.47,64.14021,-307.992596
857503,3499,4843.999,1000,6317.37,64.749071,-308.416135
858503,3500,4788.937,1000,6324.01,67.095031,-308.146782
859503,3501,4834.341,1000,6330.51,65.28535,-308.764298
860503,3502,4723.422,1000,6343.05,65.078582,-309.570543
861503,3503,4764.342,1000,6349.42,66.157879,-309.151655
862503,3504,4820.045,1000,6356.45,66.722721,-309.7304
863503,3505,4759.987,1000,6363.43,65.995565,-309.441489
864503,3506,4798.674,1000,6370.16,66.760319,-309.690685
865503,3507,4782.625,1000,6376.74,65.205625,-309.664193
866452,3508,4329.644,949,6382.96,66.097939,-310.335028
867452,3509,4777.169,1000,6389.65,64.345435,-310.311068
868452,3510,4558.486,1000,6396.25,63.942759,-311.026174
869452,3511,4373.378,1000,6403.0,65.170908,-310.384355
870452,3512,4624.905,1000,6417.04,64.811497,-311.178567
871452,3513,4664.37,1000,6424.85,64.730857,-311.365392
872452,3514,4721.14,1000,6432.81,64.657615,-311.388609
873452,3515,4801.07,1000,6441.15,65.066547,-311.501426
874452,3516,4777.712,1000,6449.32,65.443921,-311.30385
875452,3517,4702.276,1000,6457.47,64.164359,-311.655406
876452,3518,4601.15,1000,6465.89,65.118825,-311.93061
877452,3519,4829.357,1000,6473.34,65.373982,-312.257015
878452,3520,4771.072,1000,6480.58,65.097919,-312.28864
879452,3521,4798.333,1000,6487.98,63.356916,-313.099301
880267,3522,3825.543,815,6500.45,64.619879,-312.829905
881267,3523,4806.957,1000,6507.85,64.587043,-313.296252
882177,3524,4116.529,910,6514.5,65.038643,-312.864732
883177,3525,4722.746,1000,6521.5,65.988886,-313.496339
884177,3526,4718.748,1000,6528.62,64.207454,-313.685008
885177,3527,4735.151,1000,6536.79,65.841491,-314.101632
886177,3528,4798.381,1000,6545.05,63.17348,-313.868763
887177,3529,4600.148,1000,6553.44,65.38366,-314.417589
888177,3530,4625.584,1000,6561.97,65.152171,-314.415561
889177,3531,4558.551,1000,6570.7,65.166091,-314.54928
890177,3532,4608.624,1000,6588.47,63.891327,-314.239522
891177,3533,4643.953,1000,6595.34,65.960735,-314.980749
892177,3534,4494.637,1000,6601.81,63.879503,-315.273963
893177,3535,4706.799,1000,6608.18,64.356605,-314.894942
893936,3536,3210.147,759,6612.9,65.867916,-314.642938
894735,3537,3747.665,799,6618.75,64.726134,-315.784165
895735,3538,4671.031,1000,6626.03,62.97318,-315.471698
896735,3539,4835.231,1000,6633.27,63.887206,-315.778502
897735,3540,4851.853,1000,6640.45,63.984685,-315.435035
898735,3541,4844.143,1000,6647.39,64.006924,-315.738925
899735,3542,4598.362,1000,6654.34,65.388522,-315.870273
900735,3543,4753.214,1000,6667.3,65.69977,-316.189301
901685,3544,4434.653,950,6674.2,65.458671,-316.67544
902685,3545,4732.51,1000,6681.11,65.906523,-316.346861
903685,3546,4853.861,1000,6688.03,64.602228,-316.456554
904685,3547,4757.195,1000,6694.59,64.280167,-317.005722
905685,3548,4766.606,1000,6701.66,66.000375,-317.166322
906685,3549,4607.435,1000,6708.29,65.67608,-317.147085
907685,3550,4816.011,1000,6714.85,65.039727,-317.170052
908685,3551,4797.264,1000,6721.54,65.166937,-316.901117
909685,3552,4699.774,1000,6728.28,63.896944,-317.235601
910685,3553,4823.246,1000,6741.12,63.935826,-317.057352
911685,3554,4682.339,1000,6747.8,64.181761,-317.269853
912685,3555,4658.52,1000,6754.73,65.607747,-316.969892
913685,3556,4723.148,1000,6761.78,65.131818,-317.967777
914685,3557,4573.529,1000,6769.3,65.824849,-318.375494
915685,3558,4772.018,1000,6777.01,64.216001,-319.025844
916685,3559,4706.284,1000,6784.82,64.151086,-318.358035
917685,3560,4650.246,1000,6792.54,66.458463,-318.933829
918685,3561,4848.81,1000,6799.96,64.640838,-319.27745
919685,3562,4681.641,1000,6807.81,63.947752,-319.217039
920685,3563,4631.659,1000,6822.64,64.542727,-319.51898
921685,3564,4886.85,1000,6830.33,63.943411,-320.321564
922685,3565,4608.003,1000,6837.45,64.670318,-320.150018
923685,3566,4790.431,1000,6844.7,63.978838,-320.361039
924685,3567,4756.674,1000,6852.03,63.562328,-320.115362
925685,3568,4696.74,1000,6859.25,64.552118,-320.87063
926685,3569,4812.937,1000,6866.48,64.051255,-321.203108
927685,3570,4773.551,1000,6873.75,64.058488,-321.320327
928685,3571,4811.626,1000,6880.79,65.002546,-321.576539
929685,3572,4620.765,1000,6887.62,64.808691,-322.192274
930685,3573,4683.582,1000,6902.07,64.100779,-322.208924
931685,3574,4791.505,1000,6910.22,64.481886,-322.28221
932685,3575,4803.362,1000,6918.06,63.199333,-322.153231
933685,3576,4751.756,1000,6925.38,64.969971,-322.975458
934685,3577,4593.829,1000,6932.96,65.581803,-322.898399
935685,3578,4679.746,1000,6940.11,65.146951,-323.139635
936685,3579,4668.202,1000,6947.56,63.666903,-324.267293
937685,3580,4722.371,1000,6954.45,64.538783,-323.66807
938685,3581,4785.379,1000,6960.79,63.141882,-324.117344
939685,3582,4735.554,1000,6967.19,64.517001,-324.228263
940685,3583,4609.064,1000,6980.04,64.088465,-325.372249
941685,3584,4759.036,1000,6987.42,65.031307,-325.184712
942685,3585,4536.099,1000,6994.33,63.588909,-324.73295
943685,3586,4677.91,1000,7001.28,63.124325,-325.424043
944685,3587,4804.264,1000,7008.51,64.485431,-325.469596
945685,3588,4676.522,1000,7015.75,63.168897,-326.085649
946685,3589,4697.725,1000,7022.91,64.462031,-326.150135
947685,3590,4055.042,1000,7029.92,63.696304,-326.411951
948685,3591,4599.903,1000,7036.37,62.835583,-326.349115
949685,3592,4779.11,1000,7043.0,64.559963,-326.190742
950685,3593,4705.749,1000,7055.35,63.444986,-326.456917
951685,3594,4776.255,1000,7062.05,63.325055,-327.086695
952685,3595,4744.575,1000,7068.68,63.158517,-327.26607
953685,3596,4539.734,1000,7075.19,62.556976,-327.505278
954685,3597,4673.341,1000,7081.8,62.997166,-327.462553
955685,3598,4719.842,1000,7088.62,62.499788,-327.52885
956685,3599,4843.503,1000,7095.33,62.976546,-328.087344
957685,3600,4554.696,1000,7101.84,63.02402,-327.900323
958685,3601,4550.35,1000,7108.94,61.044967,-327.691243
959685,3602,4897.883,1000,7116.2,62.411048,-328.104094
960685,3603,4746.982,1000,7130.01,62.172528,-328.159875
961685,3604,4663.193,1000,7137.69,63.377681,-328.40051
962685,3605,4626.251,1000,7145.25,62.747264,-328.592727
963685,3606,4860.839,1000,7152.65,63.089116,-328.58987
964685,3607,4845.451,1000,7159.27,62.759935,-328.33988
965685,3608,4609.06,1000,7166.61,61.582838,-328.565418
966685,3609,4759.442,1000,7173.65,62.835286,-328.662428
967685,3610,4786.701,1000,7181.72,63.469128,-328.732029
968685,3611,4522.618,1000,7189.52,62.07493,-328.716147
969553,3612,4146.271,868,7195.85,62.147452,-328.604966
970403,3613,4010.994,850,7208.36,62.500205,-328.971599
971403,3614,4607.935,1000,7215.59,62.664213,-329.088385
972403,3615,4818.981,1000,7222.66,62.011866,-328.856557
973403,3616,4591.354,1000,7229.69,62.683828,-328.840641
974403,3617,4718.811,1000,7236.56,64.046363,-329.177755
974607,3618,646.539,204,7237.95,64.088175,-330.112648
975607,3619,4830.708,1000,7244.19,62.19375,-328.872812
976607,3620,4815.035,1000,7250.97,62.695382,-329.202886
977607,3621,4771.568,1000,7257.66,61.229519,-329.549845
978607,3622,4693.613,1000,7264.44,62.138048,-329.323313
979607,3623,4861.261,1000,7271.4,63.070516,-328.944113
980607,3624,4712.972,1000,7285.43,61.187286,-329.246777
981607,3625,4816.186,1000,7292.93,63.230248,-329.572104
982607,3626,4798.508,1000,7300.35,64.150783,-329.073745
983607,3627,4451.658,1000,7307.85,61.46838,-329.454692
984607,3628,4765.134,1000,7314.63,63.350194,-329.277177
985607,3629,4701.835,1000,7321.22,61.362838,-329.963098
986607,3630,4658.221,1000,7327.86,62.83334,-329.658491
987607,3631,4819.256,1000,7334.82,61.700711,-329.813222
988607,3632,4692.748,1000,7341.95,61.099499,-329.724354
989607,3633,4782.717,1000,7348.88,62.13813,-329.813994
990607,3634,4720.803,1000,7362.09,61.478742,-330.569721
991607,3635,4685.432,1000,7369.14,61.845852,-330.2084
992607,3636,4824.931,1000,7376.46,62.121425,-331.014212
993607,3637,4744.772,1000,7383.59,63.434751,-330.566447
994607,3638,4755.414,1000,7390.03,61.741967,-330.408416
995607,3639,4852.391,1000,7396.47,62.210192,-331.310871
996607,3640,4758.002,1000,7403.66,61.18837,-331.364191
997607,3641,4819.853,1000,7410.38,62.06637,-330.830321
998607,3642,4897.958,1000,7416.87,61.404141,-331.291971
999607,3643,4859.48,1000,7423.22,62.595513,-331.568348
