timestep,episode,episode_reward,episode_length,wall_time,critic_loss,actor_loss,alpha_loss,alpha
26,0,19.418,26,0.0,,,,
51,1,10.343,25,0.01,,,,
76,2,26.616,25,0.01,,,,
94,3,16.241,18,0.01,,,,
105,4,7.16,11,0.02,,,,
121,5,10.37,16,0.02,,,,
139,6,17.22,18,0.02,,,,
158,7,5.949,19,0.03,,,,
184,8,27.057,26,0.03,,,,
206,9,16.815,22,0.03,,,,
236,10,26.431,30,0.04,,,,
247,11,6.713,11,0.04,,,,
264,12,8.838,17,0.04,,,,
293,13,28.522,29,0.05,,,,
318,14,29.218,25,0.05,,,,
327,15,5.518,9,0.05,,,,
337,16,5.349,10,0.06,,,,
350,17,8.58,13,0.06,,,,
387,18,37.071,37,0.06,,,,
430,19,62.115,43,0.07,,,,
440,20,6.04,10,0.08,,,,
465,21,23.189,25,0.08,,,,
488,22,14.352,23,0.09,,,,
511,23,13.538,23,0.09,,,,
530,24,18.19,19,0.09,,,,
562,25,33.35,32,0.1,,,,
586,26,22.777,24,0.1,,,,
650,27,90.868,64,0.11,,,,
680,28,25.727,30,0.12,,,,
696,29,11.648,16,0.12,,,,
723,30,15.04,27,0.12,,,,
747,31,17.575,24,0.13,,,,
766,32,7.325,19,0.13,,,,
796,33,22.526,30,0.14,,,,
814,34,11.155,18,0.14,,,,
858,35,64.309,44,0.15,,,,
882,36,24.571,24,0.15,,,,
904,37,11.555,22,0.15,,,,
946,38,44.883,42,0.16,,,,
959,39,9.713,13,0.16,,,,
971,40,6.382,12,0.16,,,,
998,41,16.885,27,0.17,,,,
1020,42,11.149,22,0.17,,,,
1030,43,7.331,10,0.17,,,,
1059,44,12.652,29,0.18,,,,
1082,45,23.613,23,0.18,,,,
1103,46,9.143,21,0.18,,,,
1118,47,7.133,15,0.19,,,,
1133,48,5.85,15,0.19,,,,
1161,49,19.593,28,0.19,,,,
1187,50,19.187,26,0.2,,,,
1203,51,9.69,16,0.2,,,,
1218,52,11.016,15,0.2,,,,
1232,53,8.258,14,0.2,,,,
1246,54,10.921,14,0.21,,,,
1257,55,6.754,11,0.21,,,,
1269,56,6.781,12,0.21,,,,
1282,57,6.189,13,0.21,,,,
1305,58,11.99,23,0.21,,,,
1333,59,16.698,28,0.22,,,,
1352,60,10.52,19,0.22,,,,
1370,61,10.475,18,0.22,,,,
1385,62,9.654,15,0.23,,,,
1403,63,9.429,18,0.23,,,,
1432,64,27.106,29,0.23,,,,
1449,65,10.804,17,0.24,,,,
1465,66,12.689,16,0.24,,,,
1478,67,8.226,13,0.24,,,,
1505,68,31.751,27,0.24,,,,
1538,69,18.366,33,0.25,,,,
1552,70,11.123,14,0.25,,,,
1563,71,6.908,11,0.25,,,,
1592,72,27.593,29,0.26,,,,
1605,73,7.683,13,0.26,,,,
1624,74,13.097,19,0.26,,,,
1656,75,20.905,32,0.27,,,,
1666,76,4.889,10,0.27,,,,
1682,77,9.118,16,0.28,,,,
1700,78,15.65,18,0.28,,,,
1745,79,36.878,45,0.29,,,,
1761,80,9.764,16,0.29,,,,
1779,81,15.752,18,0.29,,,,
1811,82,18.494,32,0.3,,,,
1837,83,6.486,26,0.3,,,,
1849,84,8.262,12,0.3,,,,
1873,85,20.723,24,0.31,,,,
1895,86,14.959,22,0.31,,,,
1912,87,9.591,17,0.32,,,,
1926,88,9.324,14,0.32,,,,
1961,89,18.894,35,0.32,,,,
1977,90,10.152,16,0.33,,,,
2009,91,37.386,32,0.33,,,,
2024,92,12.653,15,0.33,,,,
2049,93,18.364,25,0.34,,,,
2070,94,21.345,21,0.34,,,,
2084,95,9.93,14,0.34,,,,
2112,96,16.682,28,0.35,,,,
2132,97,15.333,20,0.35,,,,
2146,98,8.998,14,0.35,,,,
2165,99,19.772,19,0.36,,,,
2198,100,30.347,33,0.36,,,,
2214,101,9.639,16,0.36,,,,
2256,102,32.68,42,0.37,,,,
2277,103,13.903,21,0.37,,,,
2288,104,5.479,11,0.38,,,,
2300,105,9.635,12,0.38,,,,
2316,106,6.25,16,0.38,,,,
2339,107,16.934,23,0.38,,,,
2358,108,15.018,19,0.39,,,,
2374,109,9.318,16,0.39,,,,
2399,110,16.489,25,0.39,,,,
2421,111,24.213,22,0.4,,,,
2433,112,9.066,12,0.4,,,,
2444,113,6.783,11,0.4,,,,
2545,114,190.951,101,0.42,,,,
2560,115,4.911,15,0.43,,,,
2577,116,14.95,17,0.43,,,,
2593,117,9.359,16,0.44,,,,
2611,118,10.142,18,0.44,,,,
2628,119,10.827,17,0.44,,,,
2645,120,9.013,17,0.44,,,,
2671,121,17.735,26,0.45,,,,
2690,122,19.158,19,0.45,,,,
2710,123,17.445,20,0.45,,,,
2748,124,44.553,38,0.46,,,,
2782,125,30.144,34,0.47,,,,
2802,126,12.808,20,0.47,,,,
2829,127,7.637,27,0.47,,,,
2846,128,9.94,17,0.47,,,,
2874,129,7.913,28,0.48,,,,
2889,130,12.161,15,0.48,,,,
2912,131,22.747,23,0.48,,,,
2931,132,6.704,19,0.49,,,,
2946,133,13.033,15,0.49,,,,
2962,134,13.301,16,0.49,,,,
2997,135,27.769,35,0.5,,,,
3012,136,12.225,15,0.5,,,,
3022,137,6.499,10,0.5,,,,
3037,138,9.262,15,0.51,,,,
3052,139,9.976,15,0.51,,,,
3086,140,20.416,34,0.51,,,,
3107,141,8.553,21,0.52,,,,
3126,142,11.704,19,0.52,,,,
3166,143,23.604,40,0.53,,,,
3177,144,7.874,11,0.53,,,,
3190,145,8.371,13,0.53,,,,
3202,146,9.147,12,0.53,,,,
3218,147,8.826,16,0.53,,,,
3239,148,18.376,21,0.54,,,,
3253,149,7.767,14,0.54,,,,
3302,150,45.495,49,0.55,,,,
3321,151,11.618,19,0.55,,,,
3341,152,19.006,20,0.55,,,,
3367,153,15.611,26,0.56,,,,
3383,154,13.35,16,0.56,,,,
3410,155,11.957,27,0.56,,,,
3438,156,12.49,28,0.57,,,,
3459,157,17.715,21,0.57,,,,
3474,158,6.575,15,0.58,,,,
3572,159,158.398,98,0.6,,,,
3593,160,16.305,21,0.6,,,,
3631,161,27.113,38,0.61,,,,
3651,162,7.639,20,0.62,,,,
3663,163,9.279,12,0.62,,,,
3689,164,23.177,26,0.62,,,,
3709,165,15.476,20,0.63,,,,
3719,166,7.477,10,0.63,,,,
3730,167,7.173,11,0.63,,,,
3741,168,6.776,11,0.64,,,,
3797,169,28.801,56,0.65,,,,
3812,170,11.459,15,0.65,,,,
3824,171,8.727,12,0.66,,,,
3838,172,8.224,14,0.66,,,,
3861,173,16.664,23,0.66,,,,
3895,174,29.136,34,0.67,,,,
3916,175,14.335,21,0.67,,,,
3942,176,15.741,26,0.68,,,,
3960,177,16.542,18,0.69,,,,
3980,178,9.149,20,0.69,,,,
4033,179,53.506,53,0.7,,,,
4048,180,8.433,15,0.71,,,,
4061,181,8.482,13,0.71,,,,
4079,182,13.1,18,0.72,,,,
4102,183,11.518,23,0.72,,,,
4122,184,14.025,20,0.72,,,,
4146,185,13.515,24,0.73,,,,
4166,186,7.882,20,0.73,,,,
4227,187,66.25,61,0.74,,,,
4250,188,22.949,23,0.74,,,,
4267,189,14.201,17,0.75,,,,
4282,190,14.505,15,0.75,,,,
4294,191,8.062,12,0.75,,,,
4308,192,10.523,14,0.75,,,,
4327,193,9.038,19,0.76,,,,
4347,194,13.699,20,0.76,,,,
4358,195,7.066,11,0.76,,,,
4371,196,8.515,13,0.76,,,,
4399,197,31.209,28,0.77,,,,
4423,198,23.2,24,0.77,,,,
4436,199,8.19,13,0.77,,,,
4454,200,13.349,18,0.78,,,,
4483,201,7.298,29,0.78,,,,
4513,202,26.453,30,0.79,,,,
4526,203,7.807,13,0.79,,,,
4541,204,10.574,15,0.79,,,,
4564,205,21.928,23,0.79,,,,
4582,206,17.509,18,0.8,,,,
4614,207,22.939,32,0.8,,,,
4631,208,13.108,17,0.8,,,,
4640,209,5.188,9,0.81,,,,
4687,210,40.825,47,0.81,,,,
4706,211,11.954,19,0.81,,,,
4728,212,17.636,22,0.82,,,,
4750,213,11.69,22,0.82,,,,
4778,214,13.192,28,0.83,,,,
4798,215,7.698,20,0.83,,,,
4807,216,3.092,9,0.83,,,,
4827,217,19.148,20,0.83,,,,
4844,218,10.276,17,0.84,,,,
4868,219,22.754,24,0.84,,,,
4877,220,4.41,9,0.84,,,,
4898,221,7.919,21,0.84,,,,
4915,222,13.996,17,0.85,,,,
4929,223,11.335,14,0.85,,,,
4956,224,15.486,27,0.85,,,,
4976,225,10.753,20,0.86,,,,
5030,226,67.773,54,1.68,7.692614,-3.418643,5.003691,0.990737
5042,227,9.063,12,1.89,3.422941,-4.621448,4.979695,0.987182
5071,228,24.587,29,2.33,2.772541,-4.718818,4.953129,0.978668
5084,229,8.383,13,2.52,2.159961,-5.052578,4.92095,0.97489
5098,230,9.026,14,2.71,1.95931,-5.151238,4.9009,0.970845
5115,231,14.781,17,2.96,1.744557,-5.294601,4.882009,0.965966
5141,232,6.769,26,3.36,1.617429,-5.472252,4.852553,0.958572
5155,233,5.79,14,3.57,1.48632,-5.659651,4.831253,0.954624
5196,234,11.188,41,4.19,1.523413,-5.851388,4.776444,0.943219
5227,235,18.547,31,4.64,1.648744,-6.120434,4.723355,0.934733
5238,236,8.351,11,4.78,1.751131,-6.287068,4.690879,0.931751
5254,237,7.617,16,5.02,1.749954,-6.373349,4.675034,0.927438
5284,238,28.618,30,5.44,1.659721,-6.58459,4.643069,0.919428
5331,239,63.249,47,6.2,1.88519,-6.890331,4.58699,0.907091
5375,240,59.675,44,6.88,1.922486,-7.2422,4.504253,0.895795
5405,241,26.667,30,7.35,2.201916,-7.524907,4.455312,0.888214
5472,242,101.813,67,8.32,2.080925,-7.962213,4.377596,0.871659
5576,243,43.496,104,9.81,2.230632,-8.702797,4.251503,0.846903
5605,244,3.73,29,10.25,2.572043,-9.220687,4.143719,0.840206
5665,245,77.967,60,11.14,2.722583,-9.627138,4.087086,0.826605
5716,246,73.938,51,11.84,2.573855,-10.120081,3.982269,0.81538
5765,247,60.079,49,12.56,3.09982,-10.532455,3.922907,0.804779
5826,248,99.633,61,13.43,2.944202,-11.06274,3.822816,0.791951
5894,249,80.299,68,14.4,3.373124,-11.684969,3.734481,0.778048
5956,250,90.95,62,15.18,3.5515,-12.204854,3.650488,0.76569
6004,251,83.93,48,15.78,3.643164,-12.722743,3.574487,0.756334
6047,252,74.752,43,16.33,4.296328,-13.182507,3.508226,0.748131
6123,253,93.854,76,17.29,4.111876,-13.727365,3.429825,0.733956
6188,254,108.336,65,18.09,4.590087,-14.358647,3.347149,0.722151
6248,255,72.097,60,18.85,5.021708,-15.017019,3.248739,0.711574
6278,256,49.524,30,19.27,5.333668,-15.286002,3.164598,0.706421
6350,257,110.479,72,20.45,5.466481,-15.818419,3.130425,0.694213
6379,258,47.333,29,20.93,6.271374,-16.290403,3.100543,0.689345
6430,259,86.974,51,21.72,5.788652,-16.672648,3.040276,0.680939
6480,260,84.407,50,22.56,6.55097,-17.199098,2.981871,0.672852
6521,261,69.236,41,23.22,6.229567,-17.686262,2.899308,0.666419
6551,262,48.735,30,23.71,6.571007,-17.987013,2.862745,0.661729
6584,263,54.028,33,24.25,6.851848,-18.234585,2.805069,0.656709
6617,264,55.808,33,24.77,7.000768,-18.514942,2.784124,0.65171
6671,265,67.606,54,25.47,7.446154,-19.002891,2.742532,0.64367
6721,266,84.099,50,26.15,7.643495,-19.474434,2.676455,0.636366
6750,267,49.606,29,26.52,7.299007,-19.914686,2.616349,0.632201
6782,268,54.553,32,26.91,8.941271,-20.156864,2.555332,0.627733
6814,269,52.059,32,27.35,7.815666,-20.462106,2.561989,0.62326
6851,270,64.83,37,27.82,7.626025,-20.901138,2.523884,0.618154
6898,271,86.499,47,28.44,8.415531,-21.33482,2.470594,0.611746
6957,272,105.281,59,29.24,9.636857,-21.729538,2.452598,0.6038
7026,273,125.837,69,30.11,9.989404,-22.334001,2.398008,0.594667
7115,274,172.739,89,31.25,9.896402,-23.130511,2.310539,0.583247
7215,275,196.125,100,32.5,10.344686,-24.024169,2.215511,0.570889
7277,276,106.775,62,33.3,11.77229,-24.877642,2.151524,0.563408
7337,277,102.397,60,34.12,10.947926,-25.477149,2.105987,0.556298
7418,278,142.171,81,35.23,10.722858,-26.306202,2.025634,0.54699
7494,279,139.523,76,36.26,11.534406,-27.051381,1.950309,0.538556
7566,280,130.432,72,37.32,11.658468,-27.779306,1.890457,0.530737
7636,281,128.868,70,38.35,13.26423,-28.536034,1.847969,0.523277
7721,282,156.287,85,39.65,12.795861,-29.312588,1.810204,0.514349
7802,283,150.594,81,40.93,14.851355,-30.235038,1.725729,0.506138
7896,284,185.29,94,42.42,16.801648,-30.973495,1.692542,0.496733
8007,285,244.423,111,44.17,15.868895,-32.04517,1.648098,0.485838
8106,286,197.628,99,45.58,15.995281,-33.057078,1.568657,0.476433
8201,287,181.748,95,46.92,18.201076,-34.080266,1.539673,0.467538
8306,288,233.724,105,48.38,16.644394,-35.19723,1.478651,0.457996
8405,289,202.634,99,49.78,19.101721,-36.039712,1.447309,0.449116
8510,290,213.847,105,51.4,18.620721,-37.048684,1.388196,0.439975
8616,291,212.982,106,53.07,20.331038,-38.130326,1.36404,0.430797
8716,292,215.225,100,54.66,21.130688,-39.09069,1.321919,0.422368
8814,293,211.504,98,55.87,20.957177,-40.112885,1.286218,0.41421
8920,294,207.895,106,57.18,21.721166,-41.001452,1.243551,0.405606
9025,295,209.369,105,58.48,24.703415,-42.117716,1.170765,0.397496
9128,296,205.139,103,59.83,23.635212,-43.164447,1.112112,0.389867
9224,297,187.015,96,61.16,25.03282,-44.120271,1.098831,0.382767
9329,298,221.201,105,62.59,26.599563,-45.039153,1.080436,0.375019
9430,299,211.977,101,64.0,26.678531,-45.992607,1.032017,0.367839
9532,300,215.146,102,65.57,26.507101,-47.012006,1.010531,0.360678
9643,301,250.224,111,67.29,27.107223,-47.978438,0.972703,0.353087
9743,302,196.92,100,68.86,27.685837,-49.0945,0.920491,0.34648
9850,303,221.028,107,70.32,30.328663,-49.823582,0.928782,0.339371
9952,304,224.076,102,71.64,30.856526,-50.914701,0.872943,0.332875
10058,305,235.668,106,73.66,30.212778,-51.896652,0.843314,0.326259
10165,306,212.488,107,75.04,30.649656,-52.856011,0.837443,0.31962
10272,307,237.407,107,76.44,33.322764,-53.698912,0.836652,0.312928
10389,308,237.74,117,78.0,34.130996,-54.603567,0.794621,0.305773
10490,309,207.728,101,79.47,30.915467,-55.651686,0.769536,0.299858
10602,310,244.51,112,81.2,33.865169,-56.264479,0.746753,0.293344
10717,311,236.553,115,83.02,34.213254,-57.39421,0.7183,0.286864
10837,312,284.036,120,84.77,32.3704,-58.472123,0.69711,0.28024
10958,313,263.907,121,86.43,35.395906,-59.462272,0.669106,0.273726
11081,314,277.658,123,88.13,36.654298,-60.62403,0.645677,0.267268
11211,315,294.771,130,89.93,39.19064,-61.44858,0.61651,0.260667
11332,316,279.129,121,91.52,37.939665,-62.73809,0.585828,0.254761
11453,317,285.328,121,93.11,37.986139,-63.728539,0.567724,0.248943
11574,318,275.479,121,94.83,42.415356,-64.621774,0.518503,0.243553
11701,319,302.168,127,96.68,39.124566,-65.759421,0.483246,0.238202
11825,320,277.948,124,98.5,41.845435,-66.978448,0.425994,0.233432
11900,321,140.27,75,99.55,40.722502,-67.783192,0.415809,0.230579
12024,322,277.342,124,101.21,42.500584,-68.741808,0.372816,0.226284
12148,323,270.13,124,102.95,40.661279,-69.945208,0.347377,0.222155
12269,324,257.852,121,104.54,42.988821,-70.985219,0.322435,0.218339
12415,325,321.962,146,106.35,45.09878,-72.219526,0.314799,0.213629
12552,326,294.118,137,108.13,44.02917,-73.674637,0.279989,0.2096
12694,327,298.959,142,110.25,46.752778,-75.023777,0.277938,0.205339
12821,328,276.128,127,112.13,47.799586,-76.07108,0.262091,0.201629
12959,329,292.738,138,113.96,47.63136,-77.407684,0.26026,0.197489
13099,330,296.048,140,115.78,47.42652,-78.435193,0.26111,0.193151
13234,331,290.094,135,117.7,48.920788,-79.774145,0.234922,0.189233
13401,332,327.579,167,119.89,47.973134,-80.722861,0.242296,0.184162
13538,333,289.388,137,121.65,47.38123,-81.788629,0.217989,0.180301
13680,334,328.061,142,123.57,48.850967,-83.003356,0.202527,0.176369
13828,335,321.016,148,125.57,50.483089,-84.369345,0.175692,0.172783
13967,336,277.821,139,127.5,48.655119,-85.504119,0.168699,0.169442
14115,337,320.387,148,129.88,55.792931,-86.779597,0.165258,0.165803
14263,338,313.221,148,132.16,54.555082,-87.720177,0.14536,0.162476
14395,339,289.962,132,133.95,51.903123,-89.049294,0.125201,0.159799
14539,340,313.874,144,135.76,48.969417,-90.312684,0.123341,0.156903
14680,341,308.574,141,137.58,56.960538,-91.285979,0.115656,0.154096
14817,342,306.226,137,139.55,49.918169,-92.417071,0.12462,0.151059
14948,343,288.226,131,141.44,54.492259,-93.103905,0.110337,0.14836
15086,344,301.263,138,143.3,54.585771,-94.234238,0.096832,0.14581
15216,345,277.529,130,145.05,53.851048,-95.45182,0.089885,0.143484
15349,346,291.853,133,147.12,57.867774,-95.958045,0.084311,0.141178
15482,347,293.205,133,149.04,54.993546,-97.175635,0.081983,0.138832
15617,348,290.881,135,150.69,56.300564,-97.897156,0.070546,0.136737
15757,349,310.312,140,152.51,56.450132,-98.702182,0.068083,0.134532
15905,350,329.909,148,154.42,56.466718,-99.937035,0.062858,0.132246
16007,351,209.784,102,155.87,56.147178,-100.942156,0.063518,0.130636
16151,352,321.102,144,158.0,62.023102,-101.740641,0.057323,0.128501
16283,353,268.296,132,159.84,69.426786,-102.658309,0.066824,0.126168
16421,354,320.442,138,161.76,66.041935,-103.128358,0.063354,0.123784
16561,355,320.594,140,163.77,65.736491,-104.079988,0.051827,0.12166
16713,356,368.376,152,165.76,56.97729,-105.001353,0.044041,0.119598
16846,357,299.686,133,167.53,62.511767,-105.970177,0.04674,0.117678
16976,358,302.372,130,169.32,60.423928,-106.46546,0.037108,0.116146
17114,359,322.25,138,171.16,58.446418,-107.362694,0.047299,0.114045
17215,360,214.447,101,172.48,61.917157,-107.881598,0.032016,0.112779
17345,361,290.435,130,174.31,55.107443,-108.732694,0.025317,0.111638
17442,362,198.65,97,175.71,59.997968,-109.126519,0.020663,0.110873
17541,363,198.291,99,176.93,60.476115,-109.793638,0.017851,0.110228
17643,364,217.348,102,178.33,72.459342,-110.251961,0.017329,0.109414
17781,365,337.139,138,180.3,70.274219,-110.970305,0.016915,0.108473
17889,366,237.864,108,181.7,69.281918,-111.726485,0.01906,0.107561
18052,367,414.302,163,184.11,71.10912,-112.519693,0.018985,0.10618
18153,368,228.301,101,185.61,75.468973,-113.132096,0.002244,0.106106
18256,369,231.893,103,187.1,67.79611,-113.969563,0.015058,0.105335
18348,370,199.295,92,188.3,79.821909,-114.177561,0.000292,0.105215
18487,371,339.351,139,190.11,70.940146,-115.093373,0.011068,0.104455
18587,372,200.362,100,191.45,80.623289,-115.53743,-0.004889,0.104721
18683,373,213.041,96,192.68,85.764889,-116.001472,-0.000301,0.104781
18853,374,467.534,170,194.94,73.916724,-116.931555,-0.010266,0.105685
18953,375,218.913,100,196.31,78.266275,-117.59602,-0.00646,0.106149
19056,376,225.348,103,197.83,72.181243,-118.246371,-0.002436,0.106406
19219,377,423.481,163,200.38,84.004101,-118.493404,0.000917,0.106405
19445,378,618.347,226,203.85,69.015829,-120.085966,0.006538,0.105187
19624,379,437.183,179,206.29,76.314683,-120.782798,0.007005,0.104243
19821,380,473.127,197,208.82,73.682342,-121.373331,0.003102,0.103796
20092,381,686.103,271,213.37,77.34854,-123.088992,-0.011772,0.106433
20274,382,487.221,182,215.91,73.171137,-123.86158,-0.009221,0.108092
20445,383,426.052,171,218.26,75.132455,-124.951516,-0.017553,0.110891
20605,384,407.812,160,220.47,77.694457,-125.831067,-0.005162,0.111878
20771,385,391.41,166,222.68,68.482783,-126.597416,-0.00659,0.113101
20926,386,357.768,155,224.73,75.601896,-127.444167,-0.007698,0.114273
21083,387,423.036,157,226.9,69.196404,-128.190589,-0.004633,0.115236
21252,388,401.646,169,229.52,74.746697,-128.289758,0.000112,0.115086
21440,389,410.158,188,232.31,76.066871,-129.5822,0.005243,0.114117
21637,390,411.871,197,234.84,72.160805,-130.379414,-0.000889,0.11434
21793,391,407.003,156,237.03,74.461545,-131.168639,0.003495,0.113776
21959,392,351.945,166,239.43,75.591788,-131.659939,-0.000346,0.113749
22115,393,409.294,156,241.74,74.830583,-131.761533,0.003902,0.112743
22270,394,389.773,155,244.14,77.240643,-132.240799,0.006306,0.111867
22423,395,375.308,153,246.46,78.420093,-133.044997,-0.00388,0.112437
22574,396,365.444,151,248.54,71.374665,-133.407049,-0.000878,0.112516
22736,397,344.856,162,250.72,75.455282,-134.005303,-0.004382,0.113474
22893,398,413.127,157,252.92,76.041054,-134.385803,0.014254,0.110859
23056,399,390.623,163,255.42,72.001901,-134.3813,-0.006513,0.11214
23216,400,370.255,160,257.75,73.690777,-135.029829,-0.000591,0.112048
23361,401,368.516,145,259.88,75.7463,-135.463303,0.003513,0.111452
23499,402,368.902,138,261.9,78.56739,-135.486,0.005286,0.110544
23656,403,380.057,157,264.3,74.337982,-136.226064,0.001976,0.110071
23804,404,394.093,148,266.57,72.938882,-136.911019,0.003126,0.109271
23960,405,350.185,156,269.02,67.464395,-136.85599,-0.001303,0.109748
24113,406,417.293,153,271.26,70.969416,-137.032386,0.003894,0.108841
24253,407,345.309,140,273.44,69.551042,-137.430373,0.000973,0.108895
24401,408,398.538,148,275.66,70.140176,-138.179096,0.001113,0.108783
24546,409,396.171,145,277.81,69.294574,-138.398536,0.000448,0.108483
24680,410,348.127,134,279.92,67.708461,-138.234512,-0.002608,0.108831
24820,411,371.907,140,282.21,69.834103,-138.647719,-0.006828,0.109905
24945,412,322.632,125,284.23,70.204565,-139.491961,0.001029,0.109991
25094,413,406.606,149,286.54,69.683709,-139.481362,-0.000996,0.110041
25226,414,360.283,132,288.64,73.800076,-139.590469,-0.001996,0.110578
25361,415,362.382,135,290.87,77.199645,-139.498215,-0.000245,0.110259
25503,416,395.008,142,293.16,82.047072,-139.679777,0.000128,0.110624
25628,417,324.896,125,295.06,74.209741,-140.100368,0.0038,0.109946
25774,418,403.786,146,296.98,65.088804,-140.178825,0.000507,0.109764
25916,419,390.639,142,298.8,75.208382,-140.630363,-0.001213,0.110048
26062,420,392.81,146,300.88,74.081902,-141.358183,-0.005631,0.111112
26215,421,405.192,153,303.11,73.373644,-141.390516,0.002214,0.110838
26360,422,391.86,145,305.22,64.863593,-141.773607,-0.001613,0.11076
26500,423,392.903,140,307.21,77.513375,-141.405414,0.003172,0.110475
26627,424,339.39,127,309.05,69.143413,-141.82784,0.006357,0.109338
26776,425,417.895,149,311.16,72.53842,-142.058355,-0.003566,0.109924
26921,426,403.607,145,313.14,65.188619,-142.556931,-0.005895,0.111161
27061,427,393.559,140,315.08,66.781606,-142.787354,0.001586,0.110953
27177,428,296.613,116,316.6,63.032551,-143.066577,-0.002717,0.111414
27314,429,378.751,137,318.32,72.303818,-143.401528,-0.006707,0.112706
27453,430,395.303,139,320.09,69.320723,-143.454149,0.004077,0.111811
27600,431,411.967,147,322.06,65.943279,-143.465405,-0.006384,0.112917
27754,432,410.669,154,324.21,70.004523,-143.731554,9.6e-05,0.112927
27905,433,439.541,151,326.43,68.833462,-144.280661,0.000923,0.112848
28053,434,420.518,148,328.54,65.979803,-144.352705,-0.002513,0.113362
28201,435,422.196,148,330.71,67.820566,-144.649719,-0.001103,0.113699
28351,436,429.855,150,333.05,73.525685,-145.165792,0.007762,0.112137
28498,437,424.116,147,335.27,68.709822,-145.134766,0.005417,0.110977
28644,438,408.265,146,337.39,69.100276,-145.705417,0.008059,0.109614
28799,439,446.918,155,339.33,69.638577,-145.504042,0.000793,0.10932
28941,440,376.575,142,341.13,64.495027,-146.099182,-0.000781,0.109511
29091,441,427.537,150,343.12,69.677367,-146.094503,0.005135,0.108428
29249,442,460.948,158,345.34,67.246029,-146.295659,0.004724,0.107488
29398,443,413.938,149,347.3,63.35556,-146.482319,0.011738,0.105159
29549,444,433.803,151,349.31,69.626455,-146.900482,0.001244,0.1049
29732,445,519.778,183,352.01,64.131954,-147.022586,-0.003589,0.105485
29905,446,490.839,173,354.65,61.476366,-147.461273,-0.006399,0.107108
30081,447,489.952,176,358.25,62.866612,-147.606791,-0.004304,0.10818
30226,448,391.889,145,360.31,66.810916,-147.679934,-0.00352,0.108925
30405,449,511.266,179,362.89,64.396643,-147.925895,0.005339,0.107803
30564,450,446.819,159,365.0,67.503148,-147.930247,-0.005431,0.108971
30755,451,549.135,191,367.45,60.60954,-148.562276,0.001443,0.108669
30929,452,488.185,174,369.71,63.150071,-148.650334,0.003206,0.107688
31109,453,509.087,180,372.08,62.997194,-148.605169,-2.5e-05,0.107571
31279,454,484.622,170,374.34,61.765957,-148.987676,0.001487,0.10739
31435,455,443.53,156,376.42,60.113442,-148.957759,-0.0017,0.107531
31674,456,651.701,239,379.74,64.657814,-149.513909,-0.01219,0.111548
31862,457,520.453,188,382.51,63.720246,-149.799324,-0.004179,0.112235
32062,458,554.301,200,385.44,58.802226,-150.326691,-0.006303,0.114304
32252,459,552.797,190,388.06,62.880499,-150.428986,-0.004779,0.115407
32414,460,452.111,162,390.18,59.249845,-150.097647,-0.006166,0.11693
32595,461,505.288,181,392.69,62.195506,-150.451532,-0.00685,0.118486
32769,462,474.529,174,395.06,60.139917,-150.662527,0.008257,0.116779
32922,463,422.066,153,397.08,62.469454,-150.517329,0.004112,0.11605
33109,464,533.076,187,399.46,57.06456,-151.053248,0.007442,0.114032
33289,465,481.625,180,402.05,58.388741,-150.750258,0.009028,0.112077
33444,466,431.831,155,404.28,57.759538,-150.920958,0.002777,0.11123
33628,467,509.374,184,406.88,61.588415,-151.307239,0.006856,0.109697
33812,468,500.637,184,409.46,55.748511,-150.954528,0.015523,0.106103
33969,469,436.275,157,411.71,56.414833,-150.995405,0.003524,0.105276
34139,470,470.948,170,414.11,59.414036,-151.195676,0.006698,0.103706
34297,471,435.587,158,416.19,53.086386,-151.74367,0.007674,0.102243
34453,472,421.249,156,418.1,55.339973,-150.875955,5.2e-05,0.102006
34609,473,438.517,156,420.06,61.298815,-151.349759,0.000657,0.102122
34770,474,424.873,161,422.27,54.112812,-151.698296,0.003774,0.101233
34972,475,516.626,202,425.04,54.337886,-151.6785,-0.000792,0.101249
35183,476,599.933,211,428.11,53.327813,-151.332876,0.001174,0.101403
35376,477,511.797,193,430.92,55.206602,-152.300775,0.002707,0.100531
35632,478,680.486,256,434.8,56.355196,-151.646233,-0.000987,0.10078
35833,479,538.427,201,437.73,49.881068,-152.310505,0.002554,0.100102
36124,480,792.642,291,441.5,56.123235,-152.184722,-0.001761,0.100656
36346,481,578.451,222,444.53,55.426995,-152.180595,-0.001102,0.101178
36519,482,473.007,173,446.74,50.951315,-153.139653,0.001349,0.100866
36776,483,690.364,257,449.98,51.457699,-152.491189,0.000428,0.10062
37048,484,674.38,272,453.89,51.397212,-153.041749,0.001336,0.100272
37257,485,561.067,209,456.86,47.705608,-153.308354,0.003636,0.098992
37466,486,522.223,209,459.78,49.901699,-153.630213,-0.000369,0.099246
37624,487,420.358,158,462.03,49.072592,-153.993857,0.003137,0.098317
37947,488,859.947,323,466.32,46.786177,-153.879375,-0.001844,0.099114
38670,489,2048.833,723,476.01,46.78122,-154.663738,0.002984,0.095957
39068,490,1169.616,398,482.1,47.664991,-155.14842,4.6e-05,0.095977
39249,491,489.942,181,484.54,49.724962,-155.78925,-0.006434,0.097747
39737,492,1461.782,488,492.01,45.519153,-156.071746,-0.001253,0.098625
40179,493,1325.943,442,502.35,44.93543,-156.53812,-0.001015,0.099613
40650,494,1282.526,471,509.59,42.840889,-157.089314,0.001712,0.097977
41216,495,1617.683,566,518.37,42.723616,-157.806471,0.000366,0.09802
41422,496,604.546,206,521.75,42.54223,-158.148616,-0.003647,0.098975
41668,497,688.457,246,525.77,42.388203,-157.401706,-0.003043,0.100295
42015,498,995.957,347,531.62,40.334699,-157.932001,-0.000659,0.100445
42619,499,1664.73,604,540.83,41.084329,-158.568537,0.001135,0.09928
43038,500,1285.883,419,546.63,37.962169,-159.29206,-0.001787,0.100452
43365,501,969.343,327,550.93,39.00853,-159.499792,-0.000547,0.100845
43747,502,1090.241,382,556.03,39.781916,-159.835581,0.000836,0.100179
44164,503,1204.206,417,561.73,38.98113,-160.013812,-0.000884,0.10076
44592,504,1258.08,428,567.93,36.90798,-160.673758,0.00351,0.098761
44866,505,822.364,274,571.6,39.509023,-160.808786,0.005104,0.096782
45336,506,1387.279,470,577.85,35.497918,-161.445632,0.002211,0.095287
45676,507,1041.334,340,582.2,40.350112,-162.086027,0.00407,0.093208
45952,508,816.4,276,586.19,36.547929,-162.310311,0.001129,0.092793
46232,509,831.743,280,590.24,35.288202,-162.685685,-0.005338,0.094888
46548,510,900.717,316,594.79,35.003922,-162.940001,0.001645,0.094413
46840,511,872.609,292,599.05,36.602792,-163.185269,-0.007262,0.096984
47121,512,831.277,281,603.26,37.893119,-163.930172,-0.005702,0.099816
47449,513,948.875,328,608.21,37.515775,-164.110446,-0.000715,0.100062
47762,514,904.047,313,612.83,35.191915,-164.521423,0.000563,0.099862
48053,515,886.143,291,617.04,34.6294,-165.779516,0.002191,0.09871
48415,516,1090.777,362,622.23,36.68849,-165.334383,0.00339,0.097127
48738,517,935.909,323,627.14,38.281728,-166.211211,0.001982,0.096237
48863,518,305.606,125,628.99,34.664116,-166.12237,0.000954,0.095913
49056,519,540.379,193,631.99,34.707076,-166.178159,-0.000181,0.095858
49179,520,311.962,123,634.02,33.64916,-166.260959,-0.000875,0.096124
49371,521,499.738,192,636.96,35.080139,-166.450936,-0.000929,0.09652
49654,522,851.68,283,641.46,34.977222,-167.0829,4.2e-05,0.096514
49769,523,280.175,115,643.24,34.22356,-166.73215,0.000344,0.096431
49892,524,302.868,123,645.11,35.336058,-166.934961,-0.002688,0.096868
50209,525,931.191,317,651.06,34.64553,-167.362325,-0.00542,0.099276
50329,526,300.865,120,652.98,33.814091,-167.543951,-0.005787,0.100345
50454,527,316.433,125,655.08,36.206066,-167.912934,-0.003346,0.101028
50579,528,317.287,125,656.74,36.174623,-167.765083,-0.000679,0.101346
50698,529,294.353,119,658.21,36.481565,-168.475192,0.000353,0.101095
50824,530,315.408,126,659.9,38.850937,-167.531257,-0.006836,0.102639
50960,531,349.164,136,661.76,36.02692,-167.662702,0.004376,0.101886
51077,532,292.39,117,663.36,33.872556,-168.170402,-0.005258,0.102504
51214,533,352.79,137,665.29,35.990837,-168.345731,0.001394,0.102312
51340,534,315.076,126,667.08,33.05354,-168.208765,0.003547,0.101824
51439,535,187.545,99,668.5,36.407643,-168.093119,-5.5e-05,0.101544
51577,536,363.429,138,670.54,39.157732,-168.848476,0.00294,0.101081
51708,537,336.534,131,672.46,36.000122,-168.259189,0.003929,0.100447
51839,538,336.403,131,674.35,35.691392,-168.730994,0.002178,0.099789
51969,539,330.762,130,676.1,34.194082,-168.698722,0.006982,0.098578
52087,540,290.361,118,677.57,35.115565,-168.93912,0.000685,0.098154
52247,541,430.025,160,679.65,35.317468,-168.786002,0.001623,0.097707
52380,542,341.9,133,681.46,35.09172,-168.960428,-0.000964,0.098249
52529,543,391.506,149,683.45,33.161339,-169.338856,-0.002198,0.098528
52653,544,307.025,124,685.04,38.914139,-169.21724,0.000106,0.098671
52804,545,400.014,151,687.01,32.30562,-168.714436,0.002143,0.098104
52941,546,335.714,137,688.81,36.666833,-169.487604,0.003537,0.097353
53041,547,196.844,100,690.33,34.766325,-168.774277,0.006461,0.096475
53181,548,362.97,140,692.45,35.592526,-169.071215,0.005496,0.0952
53305,549,311.039,124,694.39,39.378294,-169.137489,-0.004507,0.09604
53449,550,373.319,144,696.49,35.037021,-169.538176,-0.007602,0.097475
53576,551,323.489,127,698.27,34.755516,-169.157137,0.000534,0.097602
53771,552,574.31,195,701.19,35.86091,-169.321504,0.004899,0.096129
53954,553,530.867,183,703.78,38.783015,-169.499907,0.001651,0.095746
54126,554,495.694,172,706.1,41.385717,-169.380019,0.004355,0.09471
54272,555,334.859,146,707.96,38.024789,-169.198037,0.001476,0.094069
54410,556,354.857,138,709.8,37.682816,-169.671906,0.000585,0.094076
54558,557,336.827,148,711.91,46.278669,-169.379346,0.00411,0.093162
54786,558,694.559,228,715.17,40.333277,-169.749669,0.005407,0.091445
54944,559,418.763,158,717.32,33.66991,-169.731249,0.001959,0.09094
55079,560,353.79,135,719.12,40.849894,-169.831164,0.001102,0.09074
55244,561,469.596,165,721.54,37.782532,-170.24104,0.004645,0.089664
55425,562,487.234,181,724.22,37.467273,-169.83578,0.009542,0.087236
55602,563,504.463,177,726.58,41.312816,-170.103973,-0.001089,0.087205
56014,564,1224.038,412,731.8,35.188868,-170.70919,-0.006722,0.091213
56198,565,555.975,184,734.21,37.341147,-170.83037,-0.012148,0.094707
56605,566,1226.895,407,739.4,42.857316,-171.605522,-0.005773,0.097941
56772,567,524.529,167,741.8,40.365118,-172.294763,-0.008787,0.100457
56940,568,502.955,168,744.24,44.256395,-171.750177,-0.008218,0.102541
57178,569,671.897,238,747.61,41.166612,-172.565664,-0.004523,0.104012
57363,570,572.831,185,750.3,34.242018,-173.171489,-0.002072,0.104696
57533,571,505.718,170,752.62,37.761864,-173.225095,-0.002079,0.104859
57703,572,510.665,170,754.79,39.131777,-173.546992,-0.00322,0.105761
58158,573,1240.16,455,760.6,38.367142,-174.012059,0.001459,0.104881
58464,574,921.781,306,764.86,40.509515,-174.6666,0.000287,0.104634
58657,575,582.582,193,767.61,36.832362,-174.985543,0.002602,0.104069
58946,576,890.948,289,771.84,34.037691,-175.431768,0.000628,0.103528
59108,577,465.802,162,774.16,38.291527,-175.262667,-0.001828,0.104164
59277,578,483.955,169,776.4,33.693185,-175.705788,0.001004,0.104043
59485,579,622.967,208,779.06,35.933954,-176.378678,-0.002187,0.104613
59730,580,763.454,245,782.44,31.808714,-176.123906,0.003411,0.103277
60034,581,949.793,304,788.11,31.815571,-177.081394,0.00098,0.102858
60210,582,517.491,176,790.58,33.867839,-176.902046,0.001288,0.102283
60510,583,894.745,300,795.01,33.095876,-177.252818,0.002322,0.101136
60722,584,650.755,212,798.12,37.297173,-177.658703,0.008024,0.0985
60981,585,832.864,259,801.95,33.999447,-177.64287,0.001221,0.098205
61153,586,519.779,172,804.25,31.144119,-177.649305,0.001414,0.098055
61353,587,581.139,200,806.77,30.630937,-178.317935,0.00414,0.096431
61574,588,685.626,221,809.64,39.291222,-178.576265,0.002584,0.095812
61800,589,697.224,226,812.73,31.98079,-178.590071,0.000852,0.095187
61958,590,437.589,158,814.71,32.551107,-179.1337,0.000718,0.095164
62133,591,534.216,175,817.22,32.574924,-178.717798,-0.00223,0.095639
62284,592,420.479,151,819.4,34.888152,-178.643206,0.001396,0.095285
62501,593,654.852,217,822.53,31.614519,-179.272183,0.004217,0.094136
62678,594,540.624,177,825.09,33.736394,-179.540135,-0.002592,0.094715
62857,595,530.582,179,827.57,36.375157,-179.294609,-0.001481,0.095099
63019,596,485.356,162,829.73,32.952019,-179.125831,-0.004122,0.096207
63194,597,535.49,175,832.09,31.734724,-179.371877,0.002289,0.095591
63389,598,593.573,195,834.61,34.432854,-179.654767,0.002149,0.094978
63570,599,547.0,181,837.21,34.175501,-179.538237,-0.00585,0.096422
63757,600,570.719,187,840.03,40.61779,-179.328411,-0.001719,0.096942
63960,601,583.773,203,842.79,33.562271,-180.089854,0.002041,0.096431
64204,602,748.026,244,846.58,36.42565,-180.206922,0.000203,0.096454
64404,603,628.628,200,849.59,34.846158,-179.852291,0.000532,0.096125
64544,604,386.202,140,851.54,35.0148,-180.200611,-0.002658,0.096701
64785,605,722.181,241,855.06,33.863181,-180.338653,-0.00076,0.097074
65005,606,687.06,220,858.4,34.111496,-180.257007,0.001319,0.096683
65291,607,901.377,286,862.82,33.712684,-180.49554,-0.000534,0.096961
65611,608,1008.85,320,867.78,31.628938,-180.955555,0.004619,0.09437
65816,609,623.484,205,871.12,31.885004,-181.099058,0.002017,0.09377
65944,610,349.102,128,873.35,36.116001,-181.189706,0.001508,0.09349
66171,611,695.327,227,877.12,32.474109,-181.193298,-0.000294,0.093554
66418,612,784.692,247,881.1,32.553934,-181.090009,0.000831,0.093105
66720,613,982.252,302,885.9,31.295343,-181.84164,0.001921,0.092511
66875,614,437.508,155,888.39,32.549021,-181.697535,0.003382,0.091434
67091,615,660.69,216,892.1,32.336974,-181.884836,-0.000868,0.09194
67335,616,767.952,244,896.3,29.497361,-181.514133,0.00254,0.090747
67578,617,785.407,243,899.73,32.197919,-181.791535,-0.0041,0.092284
67907,618,1060.199,329,904.39,31.436871,-182.165649,0.000163,0.092316
68147,619,758.789,240,907.85,32.427296,-182.622783,0.00064,0.09209
68395,620,775.06,248,910.9,32.63018,-182.387153,-0.003522,0.093356
68670,621,847.637,275,914.34,32.730486,-182.423187,0.001366,0.092939
68959,622,903.164,289,918.08,27.784307,-182.622609,-0.002562,0.094085
69427,623,1387.526,468,924.5,32.7036,-183.170169,0.001872,0.09275
69739,624,969.947,312,928.96,31.485934,-183.479983,-0.001439,0.093534
69931,625,549.009,192,931.87,28.90839,-183.378069,0.001483,0.093134
70109,626,508.238,178,935.67,31.279778,-183.554544,-0.00207,0.093405
70449,627,1080.343,340,940.07,29.122793,-183.867193,-0.004555,0.096003
70810,628,1117.985,361,944.83,28.157632,-184.039008,0.000232,0.096113
71160,629,1064.258,350,949.79,32.828885,-184.441587,-0.003007,0.097708
71385,630,684.473,225,953.03,27.60077,-184.60319,0.002883,0.096648
71746,631,1107.142,361,958.26,29.701447,-185.005151,0.003122,0.094957
72300,632,1637.256,554,966.71,30.230268,-185.318719,-0.001925,0.096641
72711,633,1283.338,411,972.83,30.352094,-185.531991,0.004278,0.093849
72989,634,847.782,278,976.66,28.964858,-185.819338,0.000759,0.093384
73430,635,1364.741,441,983.28,28.39833,-185.887333,0.001448,0.092365
74015,636,1747.182,585,992.21,29.32617,-186.428576,0.002,0.090423
74246,637,725.21,231,995.76,28.298967,-186.189552,-0.0035,0.091992
74735,638,1500.072,489,1003.11,26.351773,-186.349648,0.000144,0.091669
74932,639,609.237,197,1006.16,24.510272,-186.695798,0.000941,0.091505
75580,640,1878.5,648,1016.36,26.778521,-187.178791,0.002507,0.088932
76006,641,1309.11,426,1022.05,26.788107,-187.524763,0.00194,0.087781
76423,642,1278.613,417,1027.5,26.314431,-187.460183,-0.000926,0.088301
76590,643,483.648,167,1029.95,27.688157,-187.432925,0.003192,0.087686
76948,644,1091.176,358,1035.06,27.326616,-187.787447,-0.001488,0.088128
77132,645,559.383,184,1037.72,25.957619,-188.251551,-0.002534,0.088954
77560,646,1270.904,428,1043.3,24.359121,-188.309631,0.001716,0.087911
77764,647,575.565,204,1045.95,27.46918,-188.037248,0.000195,0.087729
78256,648,1292.091,492,1052.85,25.797052,-188.481756,0.001961,0.086268
78414,649,454.895,158,1055.11,22.934888,-188.472199,0.002036,0.085939
79154,650,2140.696,740,1065.73,25.199928,-188.848227,0.002935,0.082532
79635,651,1439.053,481,1072.28,29.056573,-188.830118,-9.3e-05,0.08241
79827,652,591.682,192,1074.79,26.207802,-189.444592,-0.004709,0.083843
80474,653,1866.699,647,1089.11,26.84712,-189.48515,-0.002022,0.085996
81050,654,1671.527,576,1097.04,25.265579,-189.67698,0.001875,0.08436
81308,655,807.784,258,1100.45,28.617098,-189.927376,0.000948,0.083845
81935,656,1845.823,627,1109.08,25.64012,-190.454487,0.00227,0.081856
82935,657,2635.192,1000,1122.84,24.822419,-191.09499,-0.00052,0.082394
83516,658,1594.119,581,1130.4,23.087271,-192.184261,0.000393,0.082245
84516,659,2585.273,1000,1144.81,24.066924,-192.954103,0.000958,0.080794
84752,660,647.172,236,1148.0,22.818208,-193.670331,0.002109,0.080105
85492,661,2160.851,740,1157.72,24.391281,-194.020161,4.4e-05,0.079913
86492,662,2669.02,1000,1171.68,22.161589,-195.102597,-0.000472,0.08046
86851,663,1117.261,359,1176.4,26.384034,-195.836778,0.001964,0.079479
87629,664,2116.357,778,1187.13,23.081275,-196.535793,0.000892,0.07836
87779,665,323.347,150,1189.27,27.815518,-196.610804,0.003033,0.077741
88033,666,647.316,254,1192.75,23.76298,-197.384842,0.000621,0.077344
88587,667,1395.066,554,1200.61,25.381088,-198.054918,0.000964,0.076658
89587,668,2651.492,1000,1215.77,26.44322,-198.911479,-1.8e-05,0.076421
90587,669,2665.955,1000,1232.39,26.609167,-199.914105,-0.000439,0.0773
91066,670,1176.168,479,1240.44,28.147032,-200.92342,0.001032,0.07629
92066,671,2723.662,1000,1256.39,29.597818,-201.409509,-0.000327,0.077054
92208,672,386.135,142,1258.19,24.171031,-201.859318,-0.007284,0.07853
92343,673,363.429,135,1259.95,28.807545,-201.927466,-0.004257,0.079599
92512,674,496.402,169,1262.29,26.583683,-202.187238,0.001663,0.079204
92760,675,753.874,248,1265.68,29.297099,-201.826666,0.003037,0.077989
92890,676,348.431,130,1267.46,30.317502,-201.844223,-0.002784,0.078522
93209,677,1050.176,319,1272.08,25.409542,-202.024709,0.001529,0.077823
93652,678,1384.603,443,1277.71,23.225133,-202.166922,-0.001486,0.078788
93796,679,411.377,144,1279.59,38.80095,-202.870871,7.3e-05,0.078899
93922,680,330.57,126,1281.23,26.668916,-202.766901,-0.000141,0.078838
94091,681,506.765,169,1283.35,28.314927,-202.617039,-0.002943,0.079666
94250,682,455.664,159,1285.31,20.544807,-202.234162,-0.001088,0.079918
94385,683,365.628,135,1287.09,24.649782,-202.883387,0.000305,0.079856
94505,684,309.03,120,1288.86,26.690986,-202.750015,0.001414,0.079683
94671,685,502.637,166,1291.29,30.145158,-202.198618,0.002295,0.079025
94820,686,417.529,149,1293.41,26.579542,-202.435972,0.005248,0.07781
94965,687,405.404,145,1295.48,25.150944,-201.728506,0.003286,0.07696
95105,688,386.664,140,1297.44,28.140175,-202.136578,0.004564,0.075878
95354,689,781.425,249,1300.89,23.297578,-202.194697,-0.002182,0.076852
95477,690,323.662,123,1302.6,19.551013,-202.397781,-0.0006,0.076933
95632,691,455.543,155,1304.48,26.131486,-202.806076,0.006588,0.075346
95793,692,488.933,161,1306.49,35.502018,-202.45785,0.002675,0.074634
95934,693,398.41,141,1308.28,30.770931,-202.591619,0.001995,0.074252
96044,694,275.469,110,1309.73,28.804796,-202.436873,-0.003685,0.074865
96153,695,267.532,109,1311.19,24.025474,-202.61459,-0.005857,0.075857
96278,696,325.538,125,1312.93,22.463101,-203.048665,0.000649,0.07573
96446,697,488.88,168,1315.3,26.835683,-201.960737,0.004446,0.074578
96577,698,343.505,131,1317.29,23.899637,-201.906486,-0.001503,0.074861
96700,699,325.927,123,1318.99,24.918423,-202.317742,-0.002322,0.075277
96826,700,329.811,126,1320.74,27.609482,-202.445291,0.005666,0.074325
96958,701,367.297,132,1322.61,24.873202,-201.82292,-0.00083,0.074285
97279,702,1008.445,321,1327.56,23.670438,-202.735755,-0.001783,0.075482
97408,703,340.621,129,1329.42,31.231067,-202.886809,0.002155,0.07497
97532,704,338.622,124,1331.24,20.249446,-202.614821,-0.001829,0.07506
97663,705,368.223,131,1333.15,21.580588,-202.775048,-0.004183,0.075993
97824,706,480.497,161,1335.65,24.626572,-203.289312,0.003876,0.075218
97946,707,316.988,122,1337.6,27.915497,-202.505538,-0.001748,0.075319
98087,708,387.363,141,1339.67,19.699164,-203.247572,0.002961,0.074778
98240,709,438.367,153,1341.84,25.868059,-202.808,-0.001245,0.075044
98370,710,346.388,130,1343.75,28.518683,-202.881565,0.003016,0.074503
98499,711,357.42,129,1345.73,24.428209,-202.944942,0.002466,0.073938
98624,712,329.39,125,1347.64,24.215246,-202.622087,-0.001041,0.07415
98796,713,513.679,172,1350.33,30.704594,-202.492373,-0.001771,0.074681
98936,714,384.549,140,1352.55,25.027175,-202.942012,-0.001093,0.07502
99131,715,584.1,195,1355.57,23.692508,-202.54777,0.003071,0.073973
99801,716,2162.384,670,1366.03,28.86278,-202.824897,-0.001901,0.075849
99924,717,323.349,123,1367.92,25.662294,-202.817704,-0.003368,0.076577
100378,718,1427.14,454,1378.73,26.34017,-202.92137,0.000727,0.076115
100510,719,361.664,132,1380.62,37.440465,-202.82107,0.001495,0.075713
100652,720,387.902,142,1382.69,23.550661,-203.599105,0.001871,0.07532
100781,721,343.144,129,1384.45,23.624435,-203.468922,-0.000636,0.07533
101000,722,668.7,219,1387.25,30.089725,-202.977024,-0.00395,0.076781
101125,723,330.717,125,1388.84,33.581917,-202.839427,-0.000313,0.076893
101252,724,337.07,127,1390.46,29.923686,-202.571711,-6.8e-05,0.076876
101410,725,453.955,158,1392.61,24.888182,-202.838735,-0.002387,0.077266
101621,726,611.101,211,1395.46,24.055026,-202.940931,-0.004781,0.079106
101856,727,716.958,235,1398.83,28.013592,-202.456505,0.003214,0.077829
101984,728,340.018,128,1400.67,25.070896,-202.199503,0.003334,0.077502
102100,729,300.954,116,1402.33,32.421818,-201.99695,0.001716,0.076841
102228,730,343.161,128,1404.2,36.741901,-202.120793,-0.000749,0.077036
102401,731,512.717,173,1406.69,18.408513,-202.572613,-0.000305,0.077251
102542,732,411.557,141,1408.63,25.76728,-202.700244,-0.001665,0.077579
102659,733,303.586,117,1410.07,35.479001,-202.610919,0.006085,0.076555
103230,734,1853.751,571,1417.76,24.990452,-202.538959,0.001474,0.075047
103386,735,455.217,156,1419.76,26.151578,-202.241475,-0.000505,0.075242
103563,736,526.453,177,1422.48,23.775239,-202.688885,-0.003607,0.076333
103796,737,676.774,233,1425.98,30.186938,-202.088798,0.003006,0.075181
104527,738,2282.628,731,1436.53,25.518132,-202.507967,-0.000261,0.075452
105072,739,1639.907,545,1443.57,23.453692,-202.783895,0.000532,0.075073
105489,740,1286.74,417,1449.22,24.160177,-203.076395,0.000479,0.074632
106475,741,3044.733,986,1463.19,23.971189,-203.376257,0.00036,0.074224
107175,742,2056.862,700,1472.44,24.32631,-203.980848,0.001627,0.07234
107836,743,2006.099,661,1481.89,24.368134,-203.950797,-0.002635,0.075176
108600,744,2276.067,764,1492.1,23.570799,-204.126035,-2.6e-05,0.07513
109407,745,2473.588,807,1503.46,26.709304,-204.617537,-0.00158,0.077074
110407,746,2857.992,1000,1523.23,22.672087,-205.635048,0.001425,0.075093
111081,747,2128.671,674,1532.72,21.180918,-206.007564,7.4e-05,0.074852
111865,748,2481.399,784,1543.46,23.506101,-206.711022,-9.9e-05,0.074922
112546,749,2170.409,681,1552.13,22.108423,-207.510209,-0.001391,0.076517
112931,750,1215.146,385,1557.59,20.089518,-207.414055,0.000976,0.075985
113437,751,1584.758,506,1565.18,24.285266,-207.472904,-0.001186,0.077073
113921,752,1505.076,484,1572.39,21.070147,-208.118934,0.000262,0.076849
114253,753,1014.103,332,1577.55,21.996931,-207.971293,0.00114,0.075928
114523,754,830.597,270,1581.36,19.875096,-207.569819,0.001572,0.075476
114843,755,985.455,320,1586.35,22.529912,-208.176687,0.003555,0.073901
115150,756,923.367,307,1591.67,22.858851,-208.152274,-0.002448,0.074735
115552,757,1228.427,402,1598.77,19.022511,-208.449236,-0.00241,0.076152
116071,758,1544.954,519,1607.38,24.553267,-208.537606,0.001868,0.07488
116706,759,1938.586,635,1617.45,23.77724,-208.690149,-7e-06,0.075009
117493,760,2476.313,787,1627.83,20.928993,-209.0642,-0.000337,0.075265
117952,761,1370.121,459,1633.66,23.731794,-209.402306,-0.00031,0.075539
118570,762,1863.102,618,1642.43,20.339644,-209.537226,-0.002295,0.077653
118945,763,1154.903,375,1647.65,20.505363,-209.853572,-3.6e-05,0.077729
119256,764,931.998,311,1651.6,19.34389,-209.834645,-0.002241,0.078778
120146,765,2765.882,890,1666.4,21.697628,-210.583909,0.000771,0.077488
120702,766,1719.831,556,1674.19,19.670127,-210.771463,0.002149,0.07608
121133,767,1355.448,431,1680.53,18.711942,-211.060512,-0.000979,0.076492
121791,768,1905.766,658,1690.33,23.344511,-210.857197,0.00049,0.076049
122184,769,1166.357,393,1695.64,18.890362,-211.326717,0.000761,0.075503
122706,770,1604.642,522,1703.36,20.060448,-211.785259,0.001913,0.074163
123251,771,1681.953,545,1711.84,20.892778,-211.747602,0.001621,0.072727
123745,772,1494.593,494,1719.52,22.854065,-211.691714,0.000432,0.072364
124210,773,1396.69,465,1726.68,21.046225,-212.29649,0.001105,0.071631
124748,774,1633.614,538,1735.33,19.547846,-212.109237,0.001048,0.070753
125203,775,1404.901,455,1741.58,22.316782,-212.796657,-0.002043,0.072275
125590,776,1140.618,387,1747.25,24.275791,-212.946983,0.000455,0.071893
126155,777,1732.033,565,1755.21,18.224446,-213.291081,0.001362,0.070699
126688,778,1639.033,533,1762.46,18.569511,-213.228506,-0.000134,0.071118
127064,779,1154.666,376,1767.61,24.077431,-213.099833,0.00019,0.070571
127534,780,1447.025,470,1774.45,23.776141,-213.443738,0.001502,0.069793
127976,781,1346.258,442,1780.97,20.18701,-213.720113,0.001349,0.068818
128274,782,934.316,298,1784.74,19.454366,-213.704046,0.000172,0.068767
128631,783,1086.266,357,1789.73,19.165153,-213.091782,-0.00017,0.06875
129137,784,1495.499,506,1796.97,23.146257,-213.896401,0.000996,0.0681
129588,785,1389.116,451,1803.34,16.841885,-214.012298,0.001594,0.06708
130025,786,1310.455,437,1813.03,21.159125,-214.413752,0.000146,0.066794
130484,787,1428.93,459,1819.14,20.637714,-214.237186,0.001234,0.065981
130879,788,1134.266,395,1824.42,21.12003,-214.22476,0.000929,0.065705
131326,789,1421.581,447,1830.78,21.011725,-214.248285,-0.000216,0.065643
131941,790,1878.757,615,1838.84,16.898164,-214.130287,-0.000413,0.066235
132497,791,1671.382,556,1845.83,22.80804,-214.558868,-0.000384,0.066465
133062,792,1704.973,565,1854.02,19.473273,-214.861902,0.000743,0.065938
133532,793,1454.108,470,1860.33,21.408573,-214.840331,-0.000532,0.066038
133966,794,1353.425,434,1865.93,19.093624,-215.193653,0.000519,0.065903
134426,795,1453.964,460,1872.09,18.601704,-214.979839,0.001577,0.06481
134834,796,1363.198,408,1878.02,15.819891,-214.991458,-0.002387,0.06613
135153,797,1011.547,319,1882.36,16.6623,-215.115794,0.002966,0.064933
135658,798,1534.26,505,1889.07,19.34973,-215.554755,0.000543,0.064336
136109,799,1435.63,451,1894.95,19.899152,-215.792778,0.000285,0.06428
136611,800,1601.113,502,1901.9,16.164792,-215.916114,0.00032,0.063965
137003,801,1273.523,392,1907.39,17.252498,-216.070605,-0.00056,0.06417
137523,802,1645.781,520,1913.91,18.323336,-216.14958,0.001742,0.062894
138191,803,2124.335,668,1923.83,17.120764,-216.514035,0.000354,0.062683
138756,804,1801.458,565,1932.12,16.079681,-216.689014,-0.000683,0.063243
139341,805,1801.377,585,1941.1,20.282983,-216.855635,-0.000936,0.064028
139832,806,1526.806,491,1948.69,16.736707,-217.238779,0.001491,0.062876
140236,807,1253.193,404,1958.61,16.271813,-217.205482,-0.00021,0.062936
140777,808,1681.178,541,1966.78,17.917242,-217.234147,-0.001366,0.06427
141519,809,2328.142,742,1978.88,15.962605,-217.619284,-0.000253,0.0645
142148,810,1976.844,629,1987.84,15.731479,-217.760761,0.00033,0.064164
142648,811,1589.141,500,1994.43,17.325669,-218.057477,0.001582,0.063054
143521,812,2795.217,873,2006.33,16.647746,-218.454969,0.000936,0.061854
143873,813,1078.024,352,2011.52,21.747001,-219.062351,-0.000873,0.062296
144265,814,1297.349,392,2016.83,14.968677,-218.644583,-3e-06,0.062361
144886,815,1941.124,621,2025.12,18.918002,-219.038523,-5.4e-05,0.062299
145346,816,1451.595,460,2031.74,16.462077,-219.565316,-2.7e-05,0.062331
145710,817,1175.991,364,2037.02,18.02412,-219.478865,-0.000432,0.0626
146710,818,3005.048,1000,2051.65,17.758542,-219.65804,0.000231,0.062183
147033,819,1048.53,323,2056.58,15.958285,-219.832405,0.001968,0.061331
147508,820,1614.02,475,2063.21,14.271843,-220.13818,0.002097,0.059728
148237,821,2351.409,729,2074.17,16.144543,-220.737768,-0.000202,0.059923
148865,822,2112.121,628,2084.28,15.584564,-220.595725,0.001119,0.058922
149865,823,3288.33,1000,2098.81,16.462418,-221.188025,-0.001075,0.060557
150442,824,1856.758,577,2112.89,16.50585,-221.448552,0.001866,0.058921
151442,825,3144.49,1000,2126.77,15.385634,-222.091578,0.000956,0.057461
151938,826,1624.914,496,2134.47,17.877781,-222.150714,0.00165,0.056303
152794,827,2777.556,856,2145.84,15.672015,-222.584826,-0.000778,0.057287
153794,828,3022.645,1000,2159.96,16.814983,-223.214359,0.000526,0.056381
154088,829,966.97,294,2164.09,17.102018,-223.562649,0.000127,0.05634
154454,830,1177.024,366,2169.71,23.195694,-224.007679,-9.1e-05,0.056431
155311,831,2698.293,857,2182.77,15.597596,-223.979387,0.000317,0.055968
155594,832,940.711,283,2186.27,14.191943,-224.049268,0.001224,0.055466
156594,833,3114.97,1000,2200.14,16.906164,-224.788699,3.7e-05,0.055482
156880,834,939.09,286,2203.85,20.44466,-225.389235,-0.002366,0.05643
157880,835,3162.269,1000,2218.66,18.164854,-225.588322,0.000521,0.055674
158237,836,1154.278,357,2223.76,18.34149,-225.665263,-0.000132,0.055762
158489,837,871.645,252,2227.53,16.371376,-226.129721,0.001574,0.055116
158743,838,874.955,254,2231.25,13.279568,-226.53546,-7.9e-05,0.055096
159668,839,3031.212,925,2244.07,16.111767,-226.364389,-0.000917,0.056559
159958,840,957.191,290,2248.4,16.775248,-226.611999,0.000627,0.056203
160244,841,956.136,286,2254.94,15.511654,-226.619238,0.002425,0.055223
160613,842,1230.424,369,2259.83,17.971931,-227.373981,-0.000533,0.055337
160897,843,939.875,284,2263.35,15.848851,-226.893464,0.001039,0.054971
161897,844,3184.222,1000,2277.69,14.815234,-227.165017,0.000527,0.05402
162196,845,970.067,299,2281.84,15.584011,-227.878443,-0.003733,0.055796
163196,846,3139.776,1000,2296.26,17.322988,-227.845112,0.001248,0.053973
164196,847,3131.746,1000,2310.81,14.793797,-228.615913,-0.000728,0.055062
164498,848,985.09,302,2314.99,17.497776,-229.412424,0.000739,0.054768
165498,849,3124.858,1000,2329.09,15.480848,-229.285835,-0.00038,0.055309
165859,850,1184.782,361,2334.18,13.991316,-230.08482,0.001625,0.054429
166179,851,1050.529,320,2338.32,14.94377,-230.118938,-0.001076,0.054943
166606,852,1394.177,427,2344.27,15.502654,-229.89889,-5.1e-05,0.054988
167606,853,3081.717,1000,2357.92,14.508941,-230.255811,-0.000635,0.055979
168606,854,3113.043,1000,2371.8,14.139899,-231.022753,0.000996,0.054447
169606,855,3100.325,1000,2385.82,12.860527,-231.404896,-0.000298,0.0549
169909,856,964.303,303,2390.02,16.688729,-232.197592,-0.001105,0.055389
170213,857,957.323,304,2396.99,15.687792,-232.32793,0.000103,0.055325
170540,858,1036.908,327,2401.86,14.299654,-232.37333,0.000895,0.054932
171540,859,3119.947,1000,2416.49,13.935722,-232.4784,0.000316,0.054551
172034,860,1599.53,494,2423.94,17.641457,-232.944931,-0.000876,0.055092
173034,861,2994.157,1000,2439.22,16.082799,-233.335212,-0.000268,0.055561
174034,862,3087.433,1000,2454.7,14.586108,-233.821748,0.000632,0.054548
175034,863,2983.371,1000,2469.04,15.673376,-234.57481,0.000996,0.05307
176034,864,3027.672,1000,2482.55,12.3825,-235.314664,0.000244,0.052678
176306,865,922.905,272,2486.41,18.607877,-235.345588,0.000323,0.052474
176904,866,1975.632,598,2495.39,13.334602,-235.633215,0.000288,0.052265
177904,867,3101.102,1000,2509.02,14.471015,-235.952117,4.5e-05,0.052209
178904,868,3026.094,1000,2523.4,14.496147,-236.426574,-0.001333,0.05435
179904,869,3060.965,1000,2537.14,15.837906,-237.147595,0.001749,0.051547
180904,870,3043.651,1000,2557.0,15.024945,-237.386886,-0.000206,0.051964
181904,871,3109.778,1000,2571.2,16.578339,-237.799453,0.000227,0.051553
182193,872,961.342,289,2575.36,18.735337,-238.550168,0.000551,0.051352
183193,873,3031.718,1000,2588.49,15.305796,-238.388144,0.000737,0.05031
184193,874,3119.602,1000,2602.73,12.533464,-239.21992,0.000226,0.049793
185193,875,3127.468,1000,2615.89,15.871377,-239.749023,-0.000407,0.050462
186193,876,3080.64,1000,2629.51,14.331645,-240.107398,4.7e-05,0.050362
187193,877,3056.454,1000,2643.44,12.947273,-240.527576,0.000415,0.049768
188193,878,3102.886,1000,2658.53,16.654162,-241.225394,0.000343,0.049249
189193,879,3083.953,1000,2674.41,14.34503,-241.868087,0.000279,0.048872
190028,880,2725.969,835,2696.24,12.866256,-242.589707,-0.000594,0.0496
190434,881,1313.805,406,2701.78,16.914655,-242.450814,-0.000408,0.049898
191434,882,3082.155,1000,2715.4,16.139272,-242.618719,-0.000343,0.050409
192434,883,3033.025,1000,2728.53,19.410035,-243.085409,0.000764,0.049187
193434,884,3089.567,1000,2742.74,16.376553,-243.368942,-0.000155,0.049437
194434,885,2972.93,1000,2756.12,12.614914,-243.895951,0.00083,0.04819
194741,886,1003.035,307,2760.49,11.908697,-244.647326,-0.000174,0.048296
195043,887,987.689,302,2764.9,14.92254,-244.633974,-0.001053,0.048791
196043,888,3165.744,1000,2779.68,15.962405,-244.444663,-0.000129,0.049004
197043,889,3150.302,1000,2794.8,14.525311,-244.925609,-0.000321,0.049441
197485,890,1464.893,442,2801.64,13.096365,-245.199797,0.001442,0.048638
198485,891,3145.222,1000,2816.89,14.038669,-245.544036,-0.000246,0.048923
198825,892,1093.826,340,2821.49,15.364629,-245.745117,0.001101,0.048258
199825,893,3170.958,1000,2835.02,14.94978,-245.756647,-0.000336,0.048824
200390,894,1881.468,565,2849.51,16.267711,-246.096957,-0.000225,0.049108
200748,895,1185.931,358,2854.44,13.43471,-246.165349,0.000221,0.048916
201097,896,1191.572,349,2859.31,11.940955,-246.296384,-0.001428,0.049579
202097,897,3059.859,1000,2874.0,13.148667,-246.233459,0.001441,0.04751
202413,898,1050.564,316,2878.16,13.923081,-246.584337,-0.001296,0.048132
202444,899,51.117,31,2878.56,9.479285,-246.125558,0.002873,0.047976
202762,900,1043.71,318,2882.82,15.326216,-246.825374,-0.00036,0.048213
203230,901,1578.567,468,2888.87,14.636138,-246.792725,0.000508,0.047845
204230,902,3119.4,1000,2903.09,15.285077,-246.783195,-0.000136,0.048028
205230,903,3111.282,1000,2916.35,13.730983,-247.246821,-0.00015,0.048274
206230,904,3123.801,1000,2930.46,16.544962,-247.477563,0.000658,0.047259
207230,905,3042.537,1000,2944.05,13.671885,-247.788591,-0.000544,0.047963
207793,906,1864.568,563,2952.01,13.10019,-247.85949,0.000245,0.047802
208793,907,3041.275,1000,2965.39,13.087529,-248.378741,-0.000604,0.048824
209793,908,2972.606,1000,2979.21,13.804598,-248.687001,0.000879,0.047415
210057,909,904.475,264,2988.45,11.255117,-248.751565,0.002017,0.046473
210884,910,2715.02,827,2999.34,14.882466,-249.147198,0.00029,0.04628
211192,911,1042.289,308,3003.51,13.10092,-249.167308,-7.2e-05,0.046287
212192,912,2983.788,1000,3018.05,15.456458,-249.181929,-0.000763,0.047518
213192,913,3038.562,1000,3033.96,12.747723,-249.600791,-0.000166,0.047707
213470,914,935.958,278,3038.69,14.209556,-249.994125,0.002342,0.046852
214180,915,2356.568,710,3050.48,13.523689,-249.644464,0.000578,0.046083
215180,916,3091.297,1000,3064.89,14.493184,-250.157425,-0.000463,0.046852
215492,917,1055.688,312,3068.87,12.771108,-250.302822,-0.000655,0.047164
216492,918,3051.496,1000,3082.8,12.671915,-250.438884,0.000485,0.046378
217492,919,3019.77,1000,3096.02,13.511856,-250.395623,0.000422,0.045761
217931,920,1447.859,439,3102.16,14.791516,-251.051969,0.000149,0.045512
218229,921,993.41,298,3106.32,11.285706,-251.013232,0.000536,0.045335
218533,922,940.362,304,3110.7,11.392682,-251.039806,-0.001118,0.045894
218980,923,1445.099,447,3116.57,14.793426,-251.137931,-0.000893,0.046445
219980,924,3105.329,1000,3131.5,14.901902,-250.977303,0.000439,0.045835
220980,925,3129.643,1000,3151.76,12.810783,-251.34679,-0.000305,0.046186
221980,926,3020.123,1000,3167.19,12.251971,-251.722582,0.00046,0.045591
222980,927,2977.023,1000,3181.34,15.455887,-251.875723,-0.000391,0.046196
223362,928,1294.497,382,3186.75,11.151636,-252.233906,0.001191,0.045514
224362,929,3133.845,1000,3200.63,14.240792,-252.394463,-0.000255,0.045821
225362,930,3125.745,1000,3214.97,13.391974,-252.382196,0.000178,0.045581
226362,931,3072.492,1000,3228.5,12.84334,-252.874,-0.00021,0.045881
226898,932,1801.624,536,3235.87,14.303352,-253.267086,0.001425,0.044764
227176,933,935.305,278,3239.81,15.915385,-252.938938,0.001531,0.044024
227492,934,1066.149,316,3244.45,17.708845,-252.885627,-0.000632,0.044427
227855,935,1223.292,363,3249.52,17.096655,-253.198919,-0.000262,0.044491
228855,936,3151.372,1000,3263.65,12.926522,-253.501172,6.2e-05,0.044499
229442,937,1960.198,587,3271.63,13.785597,-253.224133,-0.000748,0.045115
230204,938,2532.532,762,3284.23,11.52549,-253.341301,0.000771,0.044179
231204,939,3136.782,1000,3298.53,14.662903,-253.987614,-0.000145,0.044476
232204,940,3167.748,1000,3311.84,13.154427,-254.232392,0.00029,0.044002
232658,941,1502.849,454,3318.34,11.255105,-254.375657,-0.001607,0.04507
233116,942,1548.51,458,3324.44,13.530456,-254.537759,-0.000689,0.045664
233541,943,1428.753,425,3329.98,10.236123,-254.285904,0.000161,0.045526
234541,944,3137.814,1000,3343.5,15.226883,-254.261173,0.00035,0.044962
235388,945,2796.977,847,3354.45,11.590626,-255.076226,0.000313,0.044537
236283,946,2951.64,895,3367.89,13.210907,-255.116902,0.000406,0.044064
237184,947,2940.222,901,3381.85,14.758354,-255.217936,-0.000246,0.044307
237496,948,1045.467,312,3386.73,12.878171,-255.204662,0.001523,0.043557
238447,949,3119.666,951,3402.61,13.142306,-255.408228,-0.0005,0.044267
239447,950,3137.485,1000,3418.99,13.199295,-255.723588,-0.00037,0.044946
239890,951,1491.718,443,3425.26,13.228793,-256.021034,0.00049,0.044571
240717,952,2699.395,827,3439.59,14.402271,-255.613776,6.1e-05,0.044426
241051,953,1137.629,334,3443.89,14.082807,-256.327119,0.000482,0.044263
241706,954,2173.729,655,3453.2,12.209947,-256.258642,0.000839,0.043443
242189,955,1578.921,483,3459.8,10.816936,-255.925973,-0.000562,0.043709
243001,956,2612.674,812,3470.73,13.927024,-256.155378,0.000462,0.043264
243679,957,2264.989,678,3480.51,10.612111,-256.337884,-0.000657,0.043934
244363,958,2213.468,684,3490.66,15.234485,-256.591218,0.000869,0.043003
244862,959,1660.963,499,3498.17,15.526374,-256.555538,4.8e-05,0.043004
245790,960,3028.48,928,3511.66,11.439314,-256.508206,0.000392,0.04241
246790,961,3076.858,1000,3527.07,13.070774,-256.721512,-0.000897,0.043741
247429,962,2061.244,639,3536.67,11.682771,-256.990942,-0.000425,0.044252
247910,963,1606.3,481,3543.02,11.72416,-256.968687,0.000386,0.043925
248605,964,2283.282,695,3552.52,12.293039,-256.984608,0.000611,0.04329
249290,965,2273.925,685,3562.26,11.646697,-256.973296,-0.00025,0.043509
250290,966,3162.26,1000,3581.57,11.494521,-257.448171,-0.000309,0.044033
250767,967,1594.864,477,3588.33,13.409582,-257.478104,0.000632,0.043494
251334,968,1868.707,567,3596.43,10.241867,-257.148359,-0.000332,0.043907
252030,969,2218.973,696,3605.43,13.786845,-257.430829,0.000165,0.043634
252809,970,2551.533,779,3616.53,11.714776,-257.512156,0.000189,0.043364
253114,971,949.765,305,3620.37,10.355448,-257.455749,0.000705,0.043101
253611,972,1570.251,497,3626.9,12.885938,-257.548819,-2e-05,0.043098
254611,973,3173.491,1000,3640.81,12.275831,-257.375308,-0.000134,0.043258
255212,974,1964.241,601,3648.63,12.022768,-257.919226,-0.000266,0.04363
255599,975,1283.655,387,3654.09,11.978506,-257.714181,0.000987,0.043004
256379,976,2495.319,780,3665.21,11.639694,-257.774326,-0.000186,0.043167
256952,977,1906.012,573,3672.74,14.05735,-258.081884,0.00065,0.04272
257354,978,1348.435,402,3677.73,13.139016,-258.07216,-0.000142,0.042623
257649,979,970.121,295,3681.82,16.00127,-258.382061,-0.001184,0.043238
258516,980,2785.471,867,3693.99,12.300948,-258.02917,-0.000445,0.043795
259142,981,2095.177,626,3701.76,12.080717,-258.314623,0.001545,0.042323
259483,982,1147.182,341,3706.32,9.659188,-258.148544,7.3e-05,0.042188
260290,983,2681.555,807,3721.51,13.299111,-258.19232,-0.000177,0.042422
260828,984,1806.137,538,3729.64,12.401567,-258.317523,-0.000349,0.042799
261098,985,875.091,270,3733.68,16.437281,-257.967127,0.000833,0.042376
261857,986,2470.781,759,3745.17,10.738534,-258.326061,0.000152,0.042279
262142,987,907.835,285,3750.17,12.097227,-258.320456,-5.8e-05,0.042255
262913,988,2583.665,771,3763.26,15.620908,-258.498996,-0.00032,0.042699
263193,989,945.917,280,3768.16,11.040149,-258.684066,0.000289,0.042503
263537,990,1130.081,344,3773.74,15.533143,-258.28549,-0.000429,0.042784
263837,991,995.501,300,3778.28,9.378552,-258.30069,-0.001479,0.043527
264837,992,3190.791,1000,3791.35,12.048763,-258.268548,-0.000128,0.043681
265837,993,3167.777,1000,3805.22,11.636936,-258.492658,0.00035,0.043085
266837,994,3133.24,1000,3818.89,12.698038,-258.564758,-0.000279,0.043624
267837,995,3180.542,1000,3832.56,10.215868,-258.807739,0.000493,0.042876
268837,996,3322.029,1000,3846.93,12.550826,-258.784261,0.000247,0.042428
269764,997,3054.795,927,3860.46,11.361151,-259.222476,-2.6e-05,0.042498
270622,998,2833.926,858,3880.1,13.393773,-259.038787,-0.000104,0.042604
271071,999,1450.871,449,3886.87,11.040436,-259.161863,4.8e-05,0.042575
271365,1000,943.201,294,3891.69,13.815173,-259.291036,-0.000244,0.04266
271668,1001,967.651,303,3896.48,11.64985,-259.642061,0.000249,0.042633
272668,1002,3171.463,1000,3910.65,10.564128,-259.338975,0.000353,0.041956
273204,1003,1820.488,536,3917.66,11.524099,-259.541832,-0.000192,0.042182
274204,1004,3182.331,1000,3931.58,11.298348,-259.522287,-5.5e-05,0.042307
275204,1005,3123.144,1000,3945.38,12.052534,-259.617678,-0.000542,0.043193
276204,1006,3162.382,1000,3959.24,12.116641,-259.773758,0.000175,0.042835
277204,1007,3174.189,1000,3972.63,15.348096,-260.006943,0.000572,0.041963
278068,1008,2820.021,864,3984.51,12.176553,-260.053147,-0.000592,0.042705
279068,1009,3173.614,1000,3997.77,11.854442,-260.190135,0.000479,0.042033
279411,1010,1118.308,343,4002.57,8.951242,-260.603425,0.000174,0.041875
279742,1011,1071.025,331,4007.39,11.499486,-260.677866,-0.000584,0.042269
280742,1012,3170.314,1000,4027.02,12.610714,-260.443151,0.000116,0.042032
281742,1013,3153.703,1000,4040.83,9.736244,-260.710677,-0.000228,0.042432
282030,1014,942.277,288,4044.83,11.189259,-261.026235,9.2e-05,0.042427
282544,1015,1698.55,514,4051.36,10.364797,-260.558158,6.4e-05,0.042323
283544,1016,3267.892,1000,4065.07,12.196022,-260.847775,0.000583,0.041517
284544,1017,3141.224,1000,4078.62,11.655086,-260.984152,0.000325,0.040959
285544,1018,3147.881,1000,4093.36,11.444145,-261.12078,-0.000898,0.042359
285909,1019,1215.39,365,4098.86,13.912897,-261.235187,0.002027,0.041192
286173,1020,841.622,264,4103.0,15.593397,-261.593563,-4.9e-05,0.041262
287173,1021,3128.479,1000,4119.0,10.661693,-261.24265,-0.000482,0.04202
287527,1022,1174.494,354,4124.92,12.600306,-261.360338,0.000216,0.041866
288527,1023,3129.727,1000,4140.58,14.419242,-261.44155,0.000469,0.041089
289527,1024,3157.133,1000,4154.16,11.99982,-261.685391,-3.5e-05,0.041081
290527,1025,3139.447,1000,4171.53,11.386944,-261.780876,-6.2e-05,0.041255
291478,1026,3132.046,951,4184.45,10.916516,-262.019798,0.000502,0.040534
292471,1027,3333.884,993,4197.77,11.124489,-262.179076,0.000231,0.040104
292737,1028,874.177,266,4201.5,11.112301,-262.200365,0.001037,0.039714
293737,1029,3185.544,1000,4216.48,12.540545,-262.253368,-0.000237,0.040067
294128,1030,1262.451,391,4221.98,10.8112,-262.65431,-0.000419,0.040262
295128,1031,3157.529,1000,4238.0,11.149618,-262.612934,-2e-06,0.040367
295382,1032,804.056,254,4241.88,12.219598,-263.129349,0.000492,0.040128
295666,1033,904.418,284,4246.18,11.889362,-262.216711,0.001458,0.03949
296288,1034,2059.21,622,4255.92,10.704886,-262.884439,-0.000576,0.040014
297288,1035,3158.852,1000,4268.87,11.783278,-262.824465,4e-06,0.040022
298288,1036,3196.68,1000,4282.94,9.750326,-262.994655,0.000426,0.039353
299288,1037,3152.157,1000,4296.2,13.620474,-263.137699,-0.00038,0.040046
300288,1038,3141.786,1000,4316.75,10.192755,-263.470268,-0.000267,0.040438
300565,1039,868.048,277,4320.56,10.105895,-263.490736,0.000407,0.040222
300840,1040,880.232,275,4324.06,12.041534,-263.58554,0.001896,0.039341
301840,1041,3148.854,1000,4337.86,10.635522,-263.699151,-0.000534,0.040202
302840,1042,3187.051,1000,4350.84,10.605355,-263.935915,0.000785,0.039094
303840,1043,3156.556,1000,4364.9,10.757705,-264.08435,0.000363,0.038493
304836,1044,3261.016,996,4378.21,10.890147,-264.206152,-0.000599,0.039378
305836,1045,3144.563,1000,4392.07,12.159583,-264.115351,0.000333,0.038906
306836,1046,3200.13,1000,4405.46,11.156363,-264.376177,-0.000523,0.039713
307135,1047,952.75,299,4409.76,8.480565,-264.346237,0.000495,0.03949
308135,1048,3132.441,1000,4422.83,10.263795,-264.75781,0.000361,0.038903
309135,1049,3180.998,1000,4436.6,10.318013,-264.650623,0.000683,0.037823
309470,1050,1075.844,335,4441.33,10.958961,-264.584249,-2e-05,0.03779
310470,1051,3199.416,1000,4463.16,11.107986,-264.973767,-0.000683,0.038874
310764,1052,916.218,294,4467.58,15.871223,-265.055988,-0.003218,0.040427
311764,1053,3203.794,1000,4483.5,12.049869,-265.131199,0.00049,0.039663
312764,1054,3222.372,1000,4499.16,10.675011,-265.310128,-0.000263,0.040111
313171,1055,1334.617,407,4504.49,10.151779,-265.477438,0.001555,0.039187
314171,1056,3184.491,1000,4517.95,10.623442,-265.271432,0.000482,0.038374
314449,1057,889.717,278,4521.86,8.924282,-265.584136,0.001066,0.0379
315449,1058,3209.187,1000,4534.96,10.045739,-265.839968,-0.000792,0.039218
315744,1059,965.093,295,4538.96,10.638311,-265.779644,-0.001294,0.039836
316591,1060,2773.162,847,4550.83,10.845205,-265.959051,0.000917,0.03861
316888,1061,928.735,297,4554.51,10.478752,-265.966685,-0.000646,0.038742
317156,1062,886.919,268,4558.24,10.080077,-265.92868,-0.000817,0.039207
317886,1063,2393.906,730,4569.11,11.384025,-266.2518,-0.00093,0.040276
318151,1064,917.932,265,4572.86,11.52645,-266.320644,-0.001158,0.040669
318454,1065,960.968,303,4577.61,9.436242,-265.966143,0.000442,0.040587
319454,1066,3195.409,1000,4593.05,12.396508,-266.139455,0.000193,0.040276
320454,1067,3216.356,1000,4616.66,11.682121,-266.343517,1.6e-05,0.040218
321055,1068,1949.718,601,4624.53,12.915401,-266.546136,0.000989,0.039278
321896,1069,2742.824,841,4636.54,11.790121,-266.423972,-0.000909,0.04045
322798,1070,2976.0,902,4648.1,10.167304,-266.430861,-0.000103,0.040658
323798,1071,3185.06,1000,4662.62,9.039344,-266.638334,0.000806,0.039404
324775,1072,3235.364,977,4675.72,12.193149,-266.793177,0.000326,0.038879
325716,1073,3066.976,941,4688.57,11.863161,-267.049755,-0.000114,0.039024
325993,1074,895.521,277,4692.29,14.156737,-266.877628,-0.001267,0.039523
326993,1075,3275.351,1000,4705.65,10.366812,-266.862432,-0.000106,0.039854
327750,1076,2474.105,757,4715.97,12.973003,-267.167496,-0.000517,0.040346
328750,1077,3215.58,1000,4729.64,10.556299,-267.185108,0.00087,0.039084
329134,1078,1260.252,384,4735.23,10.527839,-267.302095,0.000186,0.038989
330134,1079,3202.289,1000,4754.44,11.513433,-267.596234,-0.000387,0.039521
330472,1080,1100.678,338,4759.39,12.17165,-267.546417,0.000685,0.039247
330758,1081,935.512,286,4763.45,8.841635,-267.699132,-0.000208,0.039305
331758,1082,3199.206,1000,4776.73,11.87913,-267.185026,0.000103,0.039182
332039,1083,899.507,281,4780.46,10.611732,-267.820907,-0.00106,0.039566
332370,1084,1076.497,331,4785.11,9.46201,-267.505779,2.3e-05,0.039634
332649,1085,913.434,279,4789.1,9.937052,-267.199415,0.00074,0.039281
333649,1086,3161.34,1000,4803.37,12.971446,-267.61833,6.2e-05,0.039172
334649,1087,3174.793,1000,4818.01,10.011286,-267.670064,0.000447,0.038462
335540,1088,2934.358,891,4832.24,10.073904,-267.745337,-0.000441,0.039124
336540,1089,3213.332,1000,4848.22,10.204652,-267.956104,-0.000123,0.039303
337540,1090,3217.182,1000,4862.98,10.808378,-268.071654,0.000373,0.038686
337779,1091,814.906,239,4866.39,14.942095,-268.032776,-0.000922,0.039028
338779,1092,3227.045,1000,4879.65,11.178089,-268.511573,-0.0004,0.039687
339137,1093,1227.556,358,4884.45,10.726925,-268.823902,-0.000549,0.03999
339378,1094,818.165,241,4887.85,11.122725,-268.863917,0.001444,0.039464
339699,1095,1042.476,321,4892.48,10.17904,-268.238318,-0.000233,0.039618
340216,1096,1722.379,517,4905.53,13.279767,-268.535759,0.000358,0.039315
341216,1097,3150.122,1000,4918.64,10.292811,-268.793339,0.000528,0.038482
341488,1098,947.918,272,4922.35,14.039983,-268.885642,-2.4e-05,0.038471
342488,1099,3199.695,1000,4937.18,11.139208,-268.738389,-0.000525,0.039349
343488,1100,3193.2,1000,4952.2,11.782283,-269.015344,0.000296,0.038802
344488,1101,3182.211,1000,4968.05,10.638129,-268.892954,0.001034,0.03719
344760,1102,919.368,272,4972.3,11.184333,-269.296262,-0.000956,0.037564
345760,1103,3157.727,1000,4986.59,10.719424,-269.450836,-0.000475,0.038439
346760,1104,3176.781,1000,5000.25,12.095215,-269.670607,-0.000552,0.039101
347700,1105,3146.088,940,5013.32,10.586789,-269.756673,-0.000203,0.039541
347940,1106,811.044,240,5016.65,16.166976,-269.094059,-0.000105,0.039556
348216,1107,943.024,276,5020.32,12.921552,-269.499295,-7.1e-05,0.039607
348570,1108,1181.929,354,5025.51,13.592476,-269.558207,-0.00127,0.040315
349570,1109,3135.44,1000,5039.19,10.805693,-269.77116,-0.000821,0.041587
349942,1110,1245.227,372,5044.05,9.759718,-270.344366,0.003203,0.039824
350190,1111,858.661,248,5053.06,8.921101,-269.698094,0.00198,0.039019
351190,1112,3187.83,1000,5066.82,11.788067,-270.017329,-0.000123,0.039113
352190,1113,3168.569,1000,5080.18,12.620621,-270.146306,-0.001021,0.040848
352539,1114,1204.31,349,5085.26,9.101817,-270.224994,0.001141,0.040143
352938,1115,1363.752,399,5090.84,9.346271,-269.930672,-0.000157,0.040328
353208,1116,916.89,270,5094.35,8.018954,-270.074723,0.001878,0.03941
353725,1117,1695.69,517,5101.28,10.206581,-270.229645,0.001107,0.038534
354008,1118,955.634,283,5105.39,10.26181,-270.220525,-0.000569,0.03874
354311,1119,1012.997,303,5109.66,11.254939,-270.205108,-5.2e-05,0.038862
355311,1120,3208.314,1000,5123.07,10.112544,-270.221663,-0.000332,0.039351
355594,1121,977.582,283,5126.66,10.705904,-270.177522,0.00085,0.038974
355965,1122,1281.965,371,5132.03,12.192823,-270.000082,-0.000204,0.039128
356294,1123,1127.479,329,5136.69,11.165552,-270.030685,-0.000163,0.039151
356619,1124,1107.866,325,5140.98,8.972174,-270.352446,0.001245,0.038601
356664,1125,76.081,45,5141.58,11.302437,-269.938498,0.00227,0.038397
356901,1126,798.381,237,5144.64,12.154409,-270.116404,0.000106,0.038357
357188,1127,957.525,287,5148.24,11.771569,-270.221572,-0.001021,0.03889
358188,1128,3163.702,1000,5162.31,11.411546,-270.169382,-0.000624,0.039748
358454,1129,894.547,266,5166.49,10.919113,-270.236531,0.001734,0.039153
358840,1130,1307.755,386,5172.37,11.889278,-270.320761,0.000804,0.038635
359138,1131,1012.78,298,5177.0,16.255772,-269.662642,-0.000734,0.038918
359390,1132,838.917,252,5180.75,13.510856,-270.006473,0.000249,0.038934
359664,1133,916.681,274,5184.65,12.139584,-269.694913,0.001859,0.038144
359940,1134,923.136,276,5188.81,11.398195,-270.482553,0.000779,0.037755
360250,1135,1057.579,310,5196.47,7.929252,-270.366061,0.000411,0.0375
360534,1136,970.258,284,5201.42,12.16283,-270.381331,-0.001262,0.038125
360843,1137,1034.969,309,5206.35,13.54517,-269.894579,-0.000163,0.038249
361192,1138,1174.236,349,5211.68,9.581295,-270.273134,0.000258,0.038015
361483,1139,999.798,291,5216.55,14.80604,-269.824754,-0.002492,0.039083
361814,1140,1111.835,331,5221.15,10.143511,-270.014615,-0.0001,0.039298
362123,1141,1054.855,309,5225.17,14.821822,-269.919471,0.000495,0.039004
362498,1142,1280.515,375,5229.89,17.942397,-269.896229,0.000415,0.038783
362753,1143,881.95,255,5233.1,10.754979,-269.646212,6.9e-05,0.038726
363064,1144,1061.207,311,5237.56,10.864364,-269.580652,-0.000609,0.039069
363343,1145,928.974,279,5241.47,9.601269,-269.757777,0.000198,0.038947
363602,1146,896.378,259,5245.22,12.139323,-269.98975,0.000548,0.038832
363851,1147,856.743,249,5248.45,12.014229,-269.678485,-0.000393,0.038919
364142,1148,981.892,291,5252.03,8.794794,-269.788727,0.000144,0.03877
364455,1149,1078.6,313,5256.32,10.311805,-269.686226,0.001573,0.038101
364730,1150,935.23,275,5260.07,13.96909,-269.606745,-0.000845,0.038363
365029,1151,1023.39,299,5264.31,9.779422,-269.511185,-0.00313,0.039809
365373,1152,1152.577,344,5269.21,11.928504,-269.753028,0.001173,0.039259
366373,1153,3207.977,1000,5283.39,10.458266,-269.682226,0.000101,0.039061
366645,1154,912.297,272,5287.05,10.670284,-269.971603,8.2e-05,0.039038
367006,1155,1219.742,361,5292.62,9.073417,-270.002981,0.000934,0.03858
367316,1156,1060.068,310,5296.84,10.708833,-269.944662,-3.3e-05,0.038519
367591,1157,913.511,275,5301.06,14.416804,-268.765838,-0.000332,0.038699
367865,1158,915.301,274,5305.14,17.910159,-269.392978,0.000781,0.038419
368865,1159,3164.516,1000,5320.19,10.805217,-269.539382,-0.000699,0.039373
369134,1160,888.104,269,5324.37,11.580113,-269.561197,3e-05,0.039512
370134,1161,3154.648,1000,5342.6,9.763783,-269.480092,0.000441,0.038735
371134,1162,3151.254,1000,5356.6,9.460418,-269.782275,0.000487,0.037949
372134,1163,3140.684,1000,5370.14,10.350864,-269.910369,0.000621,0.03702
372410,1164,913.84,276,5374.04,13.704546,-270.221201,-0.001429,0.037595
372681,1165,893.587,271,5378.01,13.184245,-269.63035,6e-06,0.037552
373041,1166,1222.131,360,5382.73,14.211683,-269.934359,0.001279,0.036864
373331,1167,988.24,290,5386.49,11.956454,-269.944702,-0.000906,0.037293
373715,1168,1304.549,384,5391.72,10.229472,-269.618044,-0.001156,0.037957
374715,1169,3152.731,1000,5405.64,12.457107,-269.850966,-0.000812,0.039357
375715,1170,3148.067,1000,5419.16,9.691875,-270.041831,0.000199,0.039029
376003,1171,960.476,288,5423.23,10.369089,-269.847808,0.000824,0.038628
377003,1172,3181.008,1000,5436.55,9.538294,-269.938502,0.000383,0.038063
377380,1173,1284.545,377,5441.57,10.391362,-269.87695,-0.0005,0.038266
378380,1174,3156.735,1000,5455.66,10.215457,-270.089249,0.000441,0.037603
379380,1175,3137.284,1000,5468.94,11.494184,-269.893917,-0.000333,0.038179
380380,1176,3139.797,1000,5487.22,9.314567,-270.020357,0.000586,0.037214
380623,1177,828.231,243,5490.37,8.61018,-270.47651,-0.001195,0.037658
380950,1178,1113.569,327,5494.69,10.870057,-270.103921,0.000633,0.037313
381950,1179,3147.624,1000,5508.15,10.18891,-270.043353,-0.000308,0.037874
382262,1180,1071.447,312,5512.06,9.410539,-270.272295,0.000208,0.037719
383262,1181,3139.189,1000,5526.53,11.452069,-270.402738,-0.000279,0.03817
383734,1182,1584.539,472,5533.97,9.611743,-270.28875,0.000202,0.038027
384066,1183,1100.543,332,5539.02,8.556231,-270.297451,0.000789,0.037613
385066,1184,3165.296,1000,5554.38,9.077693,-270.496726,0.000199,0.037304
386066,1185,3145.199,1000,5570.4,11.057349,-270.686612,-0.000314,0.037811
387066,1186,3170.318,1000,5585.0,9.636464,-270.726154,0.00021,0.037378
387336,1187,915.796,270,5588.81,10.245318,-270.770533,0.000653,0.03712
388336,1188,3176.563,1000,5601.97,12.221781,-270.517274,-9e-05,0.037348
388605,1189,916.764,269,5605.79,11.568628,-270.908063,0.00077,0.037034
388877,1190,889.276,272,5609.72,8.462703,-270.661471,0.001007,0.036587
389158,1191,940.286,281,5613.32,15.520332,-270.926099,-0.000542,0.036805
389467,1192,1045.021,309,5617.3,10.062781,-270.641433,0.000458,0.036604
389744,1193,914.831,277,5620.98,8.146386,-270.36627,-0.001054,0.03702
390744,1194,3173.645,1000,5641.2,8.856329,-270.798701,-0.000123,0.03726
391062,1195,1093.569,318,5645.82,12.126569,-270.741011,-0.000193,0.037314
391333,1196,903.502,271,5649.89,9.231614,-271.13058,-0.000263,0.037428
391749,1197,1397.46,416,5656.15,11.938101,-270.669712,-5e-05,0.037505
392025,1198,925.091,276,5660.13,12.756885,-270.670517,0.001911,0.0367
392296,1199,891.425,271,5664.14,10.861831,-270.841566,7.1e-05,0.03659
393296,1200,3113.655,1000,5679.76,10.536268,-270.917429,-0.000516,0.037445
393600,1201,1052.039,304,5684.62,10.736191,-270.915127,-0.000142,0.037473
393930,1202,1114.539,330,5689.83,9.319648,-270.727522,0.000282,0.03739
394196,1203,881.794,266,5693.95,9.138116,-271.023828,-0.000228,0.03748
394523,1204,1102.449,327,5698.54,8.690102,-270.682544,-0.000107,0.0375
395523,1205,3146.25,1000,5711.98,9.148434,-270.950665,0.000306,0.037049
396523,1206,3116.675,1000,5725.9,9.131095,-271.016757,0.000911,0.035571
396555,1207,54.319,32,5726.38,18.995763,-271.269855,-0.004179,0.035706
396883,1208,1107.744,328,5731.18,7.818884,-270.766462,-0.001056,0.036358
397883,1209,3141.442,1000,5745.19,10.236716,-271.03344,-0.00036,0.036799
398225,1210,1140.735,342,5750.0,11.213906,-270.670946,-0.001547,0.037763
399225,1211,3142.986,1000,5763.27,12.888926,-271.109625,7.2e-05,0.037646
399500,1212,916.206,275,5767.06,10.006231,-271.481205,-0.000253,0.037803
399839,1213,1129.456,339,5771.9,8.130788,-271.194835,0.000921,0.037254
400192,1214,1216.29,353,5781.85,11.109435,-271.759878,0.001313,0.036488
400432,1215,818.515,240,5784.94,17.06682,-271.456231,-0.00036,0.03657
400510,1216,147.781,78,5786.03,15.978572,-270.464474,-0.004253,0.037152
401510,1217,3188.73,1000,5799.87,11.785623,-271.235272,-0.000556,0.038122
402510,1218,3156.772,1000,5813.15,11.011032,-271.436444,0.001306,0.036009
403510,1219,3187.617,1000,5827.42,10.85404,-271.727388,-0.000943,0.037501
404510,1220,3193.784,1000,5840.37,10.095339,-271.433986,0.000758,0.036443
405510,1221,3168.858,1000,5854.5,9.976252,-271.752422,0.000633,0.035386
406510,1222,3179.819,1000,5867.67,14.242845,-271.814395,-6.5e-05,0.035484
407510,1223,3200.147,1000,5882.16,10.365001,-271.923439,-0.000146,0.035675
407784,1224,908.858,274,5886.23,8.851022,-271.97129,-0.000772,0.036116
408062,1225,927.07,278,5890.51,9.080766,-272.145104,0.000136,0.036019
408399,1226,1128.577,337,5895.63,8.753504,-271.710761,0.000201,0.035842
408716,1227,1072.315,317,5900.33,8.682043,-271.825381,-0.000875,0.036317
409716,1228,3189.07,1000,5916.46,11.006481,-272.142161,0.000206,0.036008
410716,1229,3247.035,1000,5939.65,9.826704,-272.16332,-0.000241,0.036344
411120,1230,1352.646,404,5944.68,11.101021,-272.046499,0.000418,0.036086
412120,1231,3203.139,1000,5958.13,8.689307,-272.484216,0.00019,0.035834
412471,1232,1168.871,351,5963.15,12.015384,-272.43757,0.00094,0.035264
413471,1233,3193.69,1000,5976.26,11.625255,-272.417348,0.000306,0.034824
413708,1234,811.553,237,5979.77,11.520069,-272.533134,0.001021,0.034375
414022,1235,1065.193,314,5984.2,10.032013,-272.794289,-0.000934,0.034838
414383,1236,1187.327,361,5989.36,13.390276,-272.450951,-0.001945,0.035911
414657,1237,920.84,274,5992.93,13.529375,-272.308563,0.000689,0.035598
415657,1238,3201.065,1000,6007.25,9.91214,-272.338746,0.001249,0.033712
416657,1239,3222.834,1000,6021.77,10.512808,-272.388264,-0.000948,0.035241
416922,1240,893.103,265,6025.76,10.417603,-272.23159,0.000331,0.035078
417172,1241,858.94,250,6029.69,11.472007,-272.795789,-0.001174,0.035564
417443,1242,932.28,271,6034.08,10.034445,-272.87097,-0.001037,0.036036
417700,1243,886.263,257,6037.87,8.783707,-272.633461,0.001986,0.035253
418700,1244,3199.659,1000,6053.71,12.218925,-272.547298,0.000509,0.034398
419700,1245,3202.116,1000,6068.06,10.004013,-272.897911,-0.000468,0.035116
420700,1246,3222.627,1000,6084.32,9.628433,-272.86335,0.000198,0.034807
421700,1247,3211.916,1000,6098.96,10.178859,-272.99058,0.000284,0.034378
422700,1248,3214.966,1000,6112.74,11.8384,-273.008838,-0.000968,0.035979
423003,1249,1045.695,303,6117.13,7.598273,-273.006966,-0.0001,0.035947
423378,1250,1262.556,375,6122.48,7.598848,-273.169139,-0.000144,0.0361
423620,1251,841.364,242,6125.87,11.647417,-272.92562,-0.000497,0.036301
424620,1252,3196.122,1000,6139.32,9.471142,-273.105109,0.000495,0.035471
425620,1253,3192.197,1000,6153.38,12.657968,-273.390118,0.000439,0.034716
425911,1254,985.224,291,6156.98,8.934169,-273.425281,-0.000552,0.035019
426911,1255,3222.976,1000,6171.66,8.956652,-273.437383,0.000174,0.034667
427286,1256,1263.502,375,6176.72,8.978428,-273.641012,4.5e-05,0.03468
427358,1257,126.199,72,6177.65,17.620598,-273.602071,0.000715,0.034581
428358,1258,3208.523,1000,6191.32,10.429836,-273.548111,-4.8e-05,0.034665
428736,1259,1284.088,378,6196.76,8.078259,-273.834851,-0.000482,0.034999
429013,1260,920.443,277,6200.57,8.612914,-273.388862,0.000415,0.034805
429272,1261,875.686,259,6204.1,13.109438,-273.645052,0.000411,0.034579
429303,1262,42.53,31,6204.47,8.546357,-273.618737,-0.002931,0.034727
429655,1263,1180.325,352,6208.89,7.631722,-273.621309,-0.000223,0.034923
429976,1264,1070.49,321,6213.43,11.2716,-273.822586,-0.000823,0.035306
430976,1265,3174.201,1000,6231.44,12.307692,-273.721791,0.000528,0.034502
431271,1266,1014.024,295,6235.15,12.171882,-273.965789,0.000612,0.034246
431548,1267,928.748,277,6239.18,9.137192,-274.143432,7.5e-05,0.034136
432548,1268,3211.498,1000,6253.78,11.171552,-273.86185,0.000227,0.033768
433548,1269,3236.547,1000,6269.71,11.249117,-274.28325,0.000365,0.033179
433802,1270,855.989,254,6274.16,10.410286,-273.947045,-0.000928,0.033603
434802,1271,3252.946,1000,6290.56,9.812179,-274.062857,-3.7e-05,0.033607
435093,1272,948.744,291,6295.16,12.126398,-273.632158,0.000609,0.033332
435413,1273,1098.381,320,6299.8,10.656964,-274.167448,-0.000303,0.033547
436413,1274,3213.025,1000,6313.53,9.045173,-273.979067,0.000617,0.032496
437413,1275,3205.456,1000,6327.17,13.069994,-274.365842,-0.00058,0.033488
438413,1276,3200.906,1000,6340.96,10.207781,-274.364521,0.000265,0.032975
439413,1277,3226.501,1000,6354.72,9.000711,-274.219369,-0.000238,0.033424
439748,1278,1130.45,335,6359.6,9.190749,-274.668802,-0.000872,0.033912
440748,1279,3205.344,1000,6380.96,9.117992,-274.580141,0.000153,0.033688
441748,1280,3234.196,1000,6395.37,9.699472,-274.527531,0.000205,0.033349
442748,1281,3217.074,1000,6411.16,10.036641,-274.711469,-0.00022,0.033632
443748,1282,3169.865,1000,6424.99,9.472186,-274.938685,0.000335,0.033199
444748,1283,3198.289,1000,6438.74,10.007329,-275.160221,-0.000219,0.033503
445748,1284,3188.057,1000,6452.45,12.573105,-275.357482,0.000138,0.033276
446748,1285,3240.536,1000,6466.89,10.440165,-275.268281,-0.000485,0.034088
447748,1286,3213.898,1000,6480.13,9.679862,-275.590659,0.000362,0.033511
448049,1287,1028.796,301,6484.26,11.590447,-275.436136,0.0013,0.032808
449049,1288,3216.687,1000,6498.2,11.180293,-275.534413,0.000169,0.032541
450049,1289,3202.338,1000,6517.89,9.313865,-275.685127,-0.000167,0.032838
451049,1290,3216.014,1000,6531.81,9.774408,-275.894318,0.00064,0.031805
451503,1291,1536.723,454,6537.81,9.234056,-275.97163,-0.000957,0.032461
452503,1292,3219.613,1000,6552.06,8.602629,-275.967164,-0.000275,0.032944
452527,1293,25.79,24,6552.39,8.3528,-276.958412,0.000723,0.03291
453527,1294,3264.166,1000,6565.91,9.944771,-276.022896,8.9e-05,0.032798
453918,1295,1329.549,391,6571.44,13.278546,-275.97374,-0.000555,0.033154
454266,1296,1189.386,348,6576.24,9.883224,-276.23404,-0.000123,0.033177
455266,1297,3240.497,1000,6589.13,9.255323,-276.42207,-4.7e-05,0.033269
455599,1298,1111.404,333,6593.83,9.391986,-276.285204,0.001233,0.032569
455980,1299,1263.212,381,6599.93,10.364679,-276.243992,6.2e-05,0.032582
456980,1300,3243.762,1000,6614.56,10.996761,-276.337886,-0.000933,0.034093
457980,1301,3242.597,1000,6629.62,11.209832,-276.551607,1.7e-05,0.034021
458458,1302,1621.353,478,6637.37,7.781348,-276.750134,0.001949,0.032577
458769,1303,1046.764,311,6642.55,9.149131,-276.946679,0.000308,0.032401
459124,1304,1198.381,355,6648.73,9.701696,-276.096415,-0.001269,0.033127
459344,1305,739.155,220,6651.93,10.87315,-276.499653,-0.000604,0.033335
460344,1306,3223.187,1000,6667.73,10.054177,-276.452653,0.000465,0.032611
461344,1307,3186.069,1000,6681.39,8.577889,-276.53166,2.1e-05,0.032549
461631,1308,964.237,287,6685.17,13.641986,-276.667839,-0.001058,0.033065
462631,1309,3162.281,1000,6698.39,9.122948,-276.845434,0.000224,0.032663
462923,1310,948.114,292,6702.4,9.499798,-277.355282,-6.5e-05,0.032727
463923,1311,3218.904,1000,6715.57,9.895667,-277.072814,-5e-06,0.032771
464347,1312,1430.984,424,6722.1,10.697768,-277.116779,-0.000332,0.03292
465347,1313,3197.909,1000,6736.95,9.621974,-277.284558,0.000811,0.031694
466347,1314,3221.718,1000,6752.36,9.279639,-277.145989,-4.1e-05,0.031733
466772,1315,1425.328,425,6758.7,9.697051,-277.447937,8.7e-05,0.031624
467103,1316,1132.316,331,6763.99,8.164958,-277.138524,0.001963,0.030692
468103,1317,3231.915,1000,6779.57,10.027405,-277.419874,-0.000891,0.032114
468466,1318,1242.685,363,6784.78,11.41312,-277.366313,0.000585,0.031793
469466,1319,3234.077,1000,6798.05,9.791737,-277.360568,-0.000309,0.032294
470466,1320,3211.557,1000,6818.86,8.650209,-277.607616,0.000121,0.032169
470880,1321,1418.065,414,6824.26,8.737897,-277.826156,0.001225,0.031309
471880,1322,3220.936,1000,6838.19,10.676635,-277.82194,0.000206,0.030955
472184,1323,1002.28,304,6842.49,8.156764,-277.838278,0.000441,0.030761
473184,1324,3228.934,1000,6856.0,9.42512,-277.763183,-3.4e-05,0.03092
473470,1325,967.815,286,6860.11,15.749951,-277.680136,-0.000104,0.030864
474470,1326,3213.987,1000,6873.68,8.181633,-278.008274,-0.000547,0.031733
475470,1327,3182.897,1000,6887.45,9.966817,-278.054326,8.2e-05,0.031596
475782,1328,1057.052,312,6891.87,13.473315,-278.28861,-0.002949,0.033037
476152,1329,1262.836,370,6896.9,9.738841,-278.282201,0.000247,0.032975
476529,1330,1283.128,377,6901.8,10.918032,-278.179169,-0.00013,0.033035
476944,1331,1420.06,415,6907.47,9.598226,-278.022635,0.000149,0.032972
477944,1332,3221.899,1000,6921.42,9.842121,-278.114589,0.00094,0.031523
478344,1333,1359.364,400,6926.63,11.175087,-278.195656,-0.000366,0.031784
479344,1334,3196.967,1000,6940.43,8.352289,-278.540991,0.000194,0.031416
479646,1335,1034.622,302,6944.38,13.76176,-278.147379,0.00036,0.03128
480646,1336,3207.502,1000,6960.88,9.341712,-278.396672,0.000507,0.030442
480974,1337,1098.378,328,6965.66,7.359174,-278.290906,-0.000519,0.030761
481974,1338,3251.648,1000,6980.91,11.906667,-278.470771,-0.00092,0.032242
482255,1339,965.347,281,6985.21,10.955123,-278.211724,0.001092,0.031739
482558,1340,1038.128,303,6989.94,8.280352,-279.023826,0.001182,0.031161
482836,1341,945.804,278,6993.86,7.099243,-278.730313,0.00114,0.030737
483836,1342,3195.916,1000,7009.72,7.710913,-278.371267,-0.000279,0.031112
484836,1343,3226.503,1000,7024.37,10.218063,-278.557792,-0.000164,0.031371
485108,1344,944.864,272,7027.83,12.356934,-278.768082,0.000227,0.031256
486108,1345,3218.399,1000,7041.05,8.813197,-278.640739,-0.000286,0.031751
486423,1346,1090.573,315,7045.52,7.763576,-278.939664,0.001853,0.030839
487423,1347,3197.601,1000,7058.8,9.85244,-278.770251,-0.000613,0.031712
488015,1348,2020.121,592,7066.78,8.492495,-279.002563,-0.001417,0.033106
488341,1349,1114.561,326,7071.5,8.855097,-278.991559,0.001105,0.032611
488679,1350,1153.821,338,7076.12,7.035996,-278.834279,0.001499,0.031795
488982,1351,1020.664,303,7080.48,11.608638,-278.676678,-3e-06,0.031817
489982,1352,3219.943,1000,7095.11,13.260878,-278.86586,-0.000263,0.032175
490982,1353,3214.335,1000,7114.51,9.248129,-278.979791,0.00037,0.031611
491982,1354,3217.189,1000,7129.56,9.069739,-279.137306,6.1e-05,0.031537
492256,1355,953.621,274,7133.93,9.771894,-279.275248,4.9e-05,0.031501
492554,1356,1014.108,298,7138.13,6.836704,-279.414476,0.001101,0.030994
493554,1357,3235.226,1000,7151.9,8.314645,-279.267905,-0.000253,0.031398
493829,1358,928.486,275,7155.74,13.443392,-279.30236,-3.1e-05,0.031394
494092,1359,904.26,263,7159.35,15.406911,-278.808919,-1.3e-05,0.031448
494387,1360,985.512,295,7163.3,11.228395,-278.833995,0.000568,0.031179
495387,1361,3199.962,1000,7177.05,11.295846,-279.19869,-0.000533,0.031974
495664,1362,950.99,277,7181.08,11.602566,-279.14805,-0.000416,0.032229
496664,1363,3196.277,1000,7194.61,9.676043,-279.164624,0.000566,0.031315
497664,1364,3187.417,1000,7208.62,8.26228,-279.353579,0.000575,0.030366
497933,1365,925.635,269,7212.22,10.119444,-279.545887,0.000247,0.03027
498187,1366,877.302,254,7215.37,11.652031,-279.499776,0.000157,0.030228
498431,1367,841.817,244,7218.59,6.814354,-279.823152,0.000168,0.030123
499124,1368,2343.511,693,7228.37,10.535029,-279.332349,-0.000159,0.030316
500124,1369,3184.523,1000,7248.19,10.360152,-279.527286,-0.000237,0.030729
501124,1370,3165.808,1000,7262.21,8.105548,-279.331694,0.00011,0.030499
501465,1371,1161.844,341,7266.68,9.472507,-279.463643,0.000442,0.030293
502465,1372,3170.391,1000,7280.24,10.265957,-279.444419,-0.000636,0.031279
503465,1373,3186.553,1000,7293.77,10.097321,-279.532973,0.000417,0.030662
503737,1374,909.661,272,7297.3,7.29838,-279.248929,4.6e-05,0.030638
504089,1375,1188.288,352,7301.8,7.789583,-279.648082,-0.000499,0.030893
505089,1376,3190.187,1000,7315.66,8.067933,-279.784632,-0.000278,0.031378
506089,1377,3199.581,1000,7330.6,9.576078,-280.048907,0.000309,0.030901
506454,1378,1232.931,365,7336.02,12.177171,-280.163405,0.00036,0.03072
507454,1379,3171.378,1000,7351.76,9.77911,-280.215414,-0.000425,0.031419
507873,1380,1425.515,419,7358.59,8.81108,-280.274587,-0.000416,0.031638
508228,1381,1202.804,355,7364.26,7.791687,-280.085524,0.001097,0.031041
509228,1382,3285.201,1000,7379.1,9.554873,-280.209862,0.001003,0.02942
510228,1383,3210.357,1000,7399.32,8.860658,-280.140293,-7.1e-05,0.029617
511228,1384,3189.904,1000,7412.36,11.924218,-280.352269,-0.000242,0.029952
512228,1385,3191.695,1000,7426.14,8.74693,-280.254147,1.3e-05,0.02997
513228,1386,3196.087,1000,7439.02,8.037969,-280.495947,-0.000424,0.030593
514228,1387,3195.283,1000,7453.03,8.849925,-280.682049,-0.000549,0.031515
514509,1388,932.569,281,7457.19,8.957996,-280.761123,-0.000536,0.031781
514829,1389,1110.168,320,7461.98,8.29591,-280.583156,0.000752,0.031478
515205,1390,1286.722,376,7467.59,12.908269,-281.023518,0.000968,0.030814
516205,1391,3203.486,1000,7482.84,8.418296,-280.838529,0.000315,0.030325
517205,1392,3212.16,1000,7498.09,9.250988,-280.611869,0.000716,0.029253
517537,1393,1114.125,332,7502.83,12.234239,-281.008174,-0.001325,0.029934
518537,1394,3228.179,1000,7515.93,9.606074,-280.984469,0.000138,0.029705
519537,1395,3188.55,1000,7530.04,9.549967,-280.965787,-1.6e-05,0.029751
519890,1396,1200.788,353,7534.96,9.877495,-281.060612,0.000578,0.029363
520890,1397,3196.062,1000,7554.94,8.7197,-281.010618,-0.000291,0.029809
521801,1398,3027.574,911,7567.62,9.593383,-281.233646,-0.00033,0.030396
522801,1399,3200.29,1000,7581.59,9.957571,-281.177194,0.000668,0.029274
523136,1400,1161.311,335,7586.08,10.826663,-281.047672,0.000261,0.029141
523490,1401,1200.242,354,7590.79,6.786917,-281.43478,-0.000878,0.029645
523840,1402,1169.831,350,7595.46,10.740682,-281.054142,0.000245,0.029552
524248,1403,1365.744,408,7601.37,9.645774,-281.341043,-0.000179,0.029606
524639,1404,1302.237,391,7607.13,7.214462,-281.108537,-0.001433,0.030581
525047,1405,1372.46,408,7612.49,6.269896,-281.288722,0.000579,0.030206
526047,1406,3198.921,1000,7626.26,9.256698,-281.306326,-0.000155,0.030381
527047,1407,3214.413,1000,7640.1,8.821973,-281.389754,5.8e-05,0.030309
528047,1408,3360.012,1000,7653.7,8.943643,-281.577894,8.9e-05,0.030238
528388,1409,1159.623,341,7658.46,9.012114,-281.479886,0.000465,0.029987
529388,1410,3192.905,1000,7671.22,7.643461,-281.672223,-0.000413,0.030551
529626,1411,796.291,238,7674.56,6.465242,-281.740691,-0.000722,0.030874
529985,1412,1215.968,359,7679.86,6.738254,-281.773094,0.000644,0.030516
530985,1413,3167.934,1000,7699.82,8.22631,-281.704512,-0.000349,0.03102
531274,1414,942.825,289,7704.14,10.830579,-281.92079,4.8e-05,0.030938
531535,1415,858.511,261,7708.16,7.483636,-282.063339,0.00035,0.030942
532535,1416,3166.842,1000,7723.69,6.925989,-281.809579,0.001237,0.028951
533535,1417,3200.039,1000,7739.18,10.861425,-281.870832,0.000171,0.02866
534535,1418,3179.729,1000,7752.15,6.886949,-281.969012,7.6e-05,0.028549
535254,1419,2416.953,719,7762.24,9.140827,-281.850756,-0.000883,0.029582
536254,1420,3200.227,1000,7776.02,8.975101,-282.285928,-0.000115,0.029819
536482,1421,754.003,228,7779.13,9.391202,-282.041739,-0.000505,0.030008
537482,1422,3202.431,1000,7793.0,9.624152,-282.202101,0.000476,0.029223
538482,1423,3221.03,1000,7807.26,9.163917,-282.36517,-0.000413,0.029898
539482,1424,3207.984,1000,7821.6,8.089464,-282.355747,-0.000554,0.030834
539818,1425,1151.877,336,7826.7,11.699878,-281.991507,0.000654,0.030456
540818,1426,3193.721,1000,7849.08,7.755257,-282.376455,0.000722,0.02931
540976,1427,452.516,158,7851.48,6.702376,-282.347088,8.9e-05,0.029274
541163,1428,568.076,187,7854.5,14.413612,-282.67852,0.000305,0.029183
541345,1429,564.905,182,7857.19,6.176614,-282.240822,-0.000625,0.029361
541585,1430,799.376,240,7860.46,8.397882,-282.222332,-0.000558,0.029594
541759,1431,535.843,174,7862.69,6.304609,-282.419259,-0.001085,0.029909
542041,1432,948.904,282,7866.47,7.204559,-282.191305,-0.000975,0.030431
542349,1433,1045.015,308,7870.92,7.595408,-282.29285,0.000896,0.029929
542627,1434,912.32,278,7874.77,12.243853,-281.868687,-0.000304,0.030067
542979,1435,1183.976,352,7879.65,8.508475,-281.979319,-0.001229,0.030773
543979,1436,3208.721,1000,7893.12,8.012246,-281.976516,0.000671,0.029701
544242,1437,848.653,263,7896.95,14.785144,-282.564203,-0.001401,0.030292
544420,1438,547.861,178,7899.54,8.34325,-282.064402,0.001949,0.029744
545420,1439,3143.638,1000,7912.93,12.24461,-282.030229,0.000426,0.029082
545599,1440,550.534,179,7915.14,6.120365,-282.33842,-0.000793,0.02931
545816,1441,698.419,217,7918.21,9.387033,-281.962791,-0.001447,0.029781
546102,1442,968.384,286,7922.25,8.506826,-281.98679,-0.0011,0.030301
546326,1443,732.865,224,7925.37,9.790657,-281.976365,0.000429,0.030171
547326,1444,3208.889,1000,7938.47,9.782531,-281.775783,-0.000358,0.030722
548326,1445,3175.956,1000,7952.47,9.210531,-281.968793,-0.000404,0.031363
548616,1446,978.377,290,7956.22,11.032436,-281.714088,0.000111,0.031337
549616,1447,3213.017,1000,7970.04,6.966709,-281.902771,0.000866,0.029972
549925,1448,1063.9,309,7974.38,5.760035,-282.175211,-3.8e-05,0.029962
550273,1449,1181.168,348,7982.3,10.129439,-281.6596,-0.000629,0.030358
551022,1450,2527.089,749,7992.05,8.546513,-281.992567,0.000943,0.02915
552022,1451,3206.736,1000,8006.5,10.810031,-282.061307,-0.000908,0.030656
553022,1452,3215.196,1000,8019.63,8.907549,-282.039218,0.00051,0.029733
554022,1453,3194.714,1000,8033.26,8.054954,-281.900145,0.000166,0.029597
554588,1454,1922.748,566,8041.5,9.20165,-282.234368,-0.000869,0.030368
555588,1455,3193.406,1000,8056.45,8.511744,-282.31643,-9.4e-05,0.0305
556588,1456,3202.125,1000,8070.95,9.159468,-282.200715,0.000366,0.029952
557588,1457,3195.951,1000,8086.81,11.594805,-282.096344,-0.000456,0.030716
558588,1458,3215.673,1000,8102.22,8.363212,-282.309238,0.00044,0.029971
559588,1459,3200.945,1000,8115.79,8.966142,-282.414951,-0.000124,0.030203
560588,1460,3207.411,1000,8135.93,7.809158,-282.625326,0.000386,0.029506
561588,1461,3214.567,1000,8149.39,8.227765,-282.654375,-0.0002,0.029905
561920,1462,1112.129,332,8153.66,9.840786,-282.792782,0.000631,0.029594
562920,1463,3214.036,1000,8168.04,9.141702,-282.719968,-0.000133,0.029756
563920,1464,3192.578,1000,8182.6,12.182243,-282.83452,-0.000121,0.030019
564920,1465,3223.782,1000,8198.08,8.174009,-283.018747,0.000289,0.029519
565920,1466,3203.313,1000,8213.72,7.323285,-283.058927,0.000158,0.029288
566920,1467,3199.141,1000,8227.22,9.351736,-283.160821,-0.000218,0.02968
567920,1468,3189.798,1000,8241.16,8.789489,-283.354757,0.000353,0.029082
568920,1469,3176.024,1000,8254.86,7.164822,-283.12864,-0.000379,0.029631
569920,1470,3190.322,1000,8268.91,6.695152,-283.243292,0.000256,0.0293
570920,1471,3191.196,1000,8288.79,9.132188,-283.491491,1e-06,0.029293
571920,1472,3172.539,1000,8302.65,9.243405,-283.634382,0.000389,0.028685
572920,1473,3214.023,1000,8315.92,9.106802,-283.599372,-0.000894,0.03014
573920,1474,3205.559,1000,8330.12,9.249816,-283.563041,-8e-06,0.030134
574920,1475,3207.821,1000,8343.6,9.005607,-283.623807,0.00029,0.029708
575920,1476,3183.261,1000,8357.5,8.099805,-283.780407,0.000291,0.029264
576920,1477,3162.846,1000,8371.82,8.533097,-283.840309,0.0004,0.028637
577920,1478,3168.226,1000,8384.99,8.325137,-284.022516,-0.000475,0.029386
578920,1479,3171.714,1000,8399.08,8.464229,-284.053592,0.000166,0.029115
579920,1480,3207.275,1000,8414.45,6.439485,-284.138681,0.000153,0.028841
580920,1481,3167.704,1000,8436.64,5.954313,-284.205676,0.000324,0.028294
581920,1482,3163.56,1000,8453.18,10.008976,-284.471321,-0.000139,0.028538
582920,1483,3168.82,1000,8466.91,9.43957,-284.490256,-0.000506,0.029334
583920,1484,3217.319,1000,8480.33,9.486076,-284.375772,-5.5e-05,0.029466
584920,1485,3197.365,1000,8493.85,8.356823,-284.676104,0.000143,0.029246
585920,1486,3196.112,1000,8507.25,7.686527,-284.691059,0.000374,0.028646
586920,1487,3206.051,1000,8521.47,9.626488,-284.576406,-3.2e-05,0.028715
587920,1488,3198.622,1000,8536.21,8.147539,-285.083747,-0.000573,0.029655
588920,1489,3190.722,1000,8551.39,7.12267,-285.234217,0.000453,0.028904
589920,1490,3213.513,1000,8566.87,8.954207,-285.409632,0.000239,0.028575
590920,1491,3210.515,1000,8588.75,7.202706,-285.536248,-0.000283,0.028958
591920,1492,3199.318,1000,8602.89,5.988067,-285.376154,0.000199,0.028734
592920,1493,3182.164,1000,8616.53,7.931959,-285.637751,0.000469,0.027997
593920,1494,3226.587,1000,8630.54,8.814641,-285.609246,0.000339,0.027316
594920,1495,3203.325,1000,8644.45,7.947231,-285.887543,-0.000241,0.027802
595920,1496,3220.516,1000,8657.85,6.853558,-285.873555,0.00024,0.027439
596920,1497,3181.457,1000,8671.92,10.497937,-285.664467,-0.000816,0.028734
597920,1498,3213.865,1000,8685.26,8.257307,-285.74134,-0.000255,0.029148
598748,1499,2813.944,828,8696.86,7.415615,-285.900511,0.000256,0.028809
599748,1500,3225.02,1000,8709.97,8.326418,-286.028224,-0.000331,0.029333
600748,1501,3203.755,1000,8730.58,7.389687,-286.210205,0.000835,0.028055
601748,1502,3220.204,1000,8743.6,7.231327,-286.168064,-0.000218,0.02843
602748,1503,3216.58,1000,8757.64,6.834471,-286.385754,0.000512,0.02757
603748,1504,3204.062,1000,8772.49,9.109327,-286.487028,-0.00048,0.028391
604748,1505,3200.498,1000,8787.38,6.085104,-286.649761,0.000284,0.027875
605748,1506,3201.106,1000,8803.36,8.77966,-286.588161,5.2e-05,0.027833
606748,1507,3211.296,1000,8818.04,8.078921,-286.66797,-0.000203,0.028155
607748,1508,3226.938,1000,8831.71,8.689186,-286.790594,0.00031,0.027623
608748,1509,3220.679,1000,8845.28,9.171284,-286.821894,-0.000317,0.028214
609748,1510,3211.898,1000,8859.13,8.778519,-286.73526,-0.000144,0.02842
610748,1511,3222.361,1000,8878.59,6.892754,-286.863639,-0.00028,0.02888
611748,1512,3232.985,1000,8893.58,9.243001,-287.249285,0.000629,0.027847
612748,1513,3211.926,1000,8908.74,8.419589,-287.19431,-0.0001,0.027984
613748,1514,3185.188,1000,8923.63,6.64698,-287.267165,-0.000318,0.028565
614748,1515,3229.654,1000,8938.86,7.813924,-287.140575,-0.000491,0.029376
615748,1516,3218.653,1000,8952.47,6.123531,-287.294421,0.00041,0.028701
616748,1517,3212.861,1000,8966.56,7.228028,-287.375456,-9.6e-05,0.028856
617748,1518,3214.193,1000,8980.1,9.398383,-287.497903,0.000664,0.027751
618748,1519,3219.354,1000,8994.56,7.289568,-287.40354,0.00012,0.027624
619748,1520,3239.457,1000,9007.89,5.948327,-287.621337,-0.000377,0.028163
620731,1521,3314.92,983,9027.53,8.717421,-287.957474,0.000437,0.027495
621731,1522,3204.989,1000,9041.19,8.313625,-287.857018,0.000129,0.027281
622648,1523,3115.26,917,9054.03,11.247916,-287.828578,9.3e-05,0.027168
623648,1524,3223.365,1000,9067.67,6.699726,-287.912574,-0.000155,0.027371
624648,1525,3234.504,1000,9081.22,6.140256,-287.805177,0.000308,0.026836
625648,1526,3202.238,1000,9094.87,8.36031,-288.249862,-0.000235,0.02727
626648,1527,3204.259,1000,9107.97,7.141105,-288.178765,-0.00026,0.027691
627455,1528,2727.222,807,9118.84,7.446068,-288.107183,0.000294,0.027352
628455,1529,3232.348,1000,9134.23,8.617879,-288.262817,-0.000165,0.02764
629455,1530,3267.204,1000,9149.43,8.436295,-288.314266,-0.00042,0.028304
630401,1531,3227.923,946,9172.76,8.347087,-288.325551,-0.000587,0.029282
631401,1532,3213.227,1000,9187.22,8.404632,-288.376676,0.00073,0.027938
631757,1533,1198.405,356,9191.84,6.348156,-288.233218,0.000401,0.02781
632584,1534,2755.189,827,9202.93,10.040146,-288.352788,0.000192,0.027574
633584,1535,3222.341,1000,9216.67,6.565395,-288.568249,-0.000398,0.028218
634584,1536,3252.45,1000,9230.21,8.222072,-288.490103,-2e-05,0.028284
635584,1537,3207.702,1000,9244.72,7.668583,-288.58732,9.4e-05,0.028075
636584,1538,3241.894,1000,9259.1,8.047875,-288.881524,0.000419,0.02745
637167,1539,1975.574,583,9267.65,7.428479,-288.756898,0.000657,0.02684
638167,1540,3200.295,1000,9282.87,7.75968,-288.88163,-0.00045,0.027461
639167,1541,3205.242,1000,9297.73,7.271864,-288.93123,9e-05,0.027386
640167,1542,3225.346,1000,9317.83,6.458413,-289.107575,-0.000441,0.028162
641167,1543,3200.556,1000,9331.5,7.229327,-289.229021,0.000145,0.027808
642167,1544,3236.222,1000,9346.34,8.14756,-289.275436,-1e-06,0.027879
643167,1545,3228.497,1000,9359.88,8.689011,-289.235175,-0.000256,0.028366
644167,1546,3225.069,1000,9374.02,5.601153,-289.377176,0.001188,0.026471
645167,1547,3212.415,1000,9387.06,7.769614,-289.422676,0.000109,0.026302
646167,1548,3232.251,1000,9401.41,9.449891,-289.383216,-0.000884,0.027759
647167,1549,3176.018,1000,9414.91,7.097492,-289.691841,3.5e-05,0.027691
648042,1550,2933.336,875,9426.97,7.016007,-289.726438,0.000257,0.027241
649042,1551,3211.523,1000,9440.87,6.794546,-289.769167,-0.000551,0.028228
650042,1552,3234.864,1000,9459.37,5.184754,-289.76812,0.000564,0.027248
650492,1553,1553.36,450,9465.08,5.239093,-289.85575,-0.000108,0.027314
651321,1554,2811.29,829,9476.82,6.41714,-289.903643,-0.000131,0.027531
651922,1555,2002.23,601,9485.84,6.341429,-289.952973,-0.000509,0.028043
652831,1556,3068.779,909,9499.4,7.034708,-290.272688,0.000814,0.026856
653831,1557,3250.57,1000,9514.9,8.786549,-290.043351,-0.000565,0.027809
654831,1558,3209.515,1000,9531.03,5.804318,-290.193069,0.0008,0.026558
655831,1559,3219.606,1000,9545.12,6.249886,-290.08561,0.000114,0.026328
656760,1560,3104.78,929,9558.14,7.158815,-289.983219,-3.8e-05,0.02637
657760,1561,3202.155,1000,9571.18,6.122682,-290.23359,5.5e-05,0.026309
658760,1562,3215.059,1000,9585.28,5.955233,-290.316977,-0.000464,0.02704
659760,1563,3214.877,1000,9599.01,6.826081,-290.502846,0.000101,0.026892
660760,1564,3354.651,1000,9619.23,7.30701,-290.654334,-0.000555,0.027859
661475,1565,2412.136,715,9630.1,7.631504,-290.40182,3.1e-05,0.027778
662217,1566,2450.266,742,9641.44,5.101097,-290.547103,0.001072,0.026514
663217,1567,3178.445,1000,9656.89,10.187323,-290.398041,-0.000773,0.027782
664217,1568,3203.157,1000,9670.68,7.509189,-290.512341,-0.000389,0.028367
665217,1569,3198.574,1000,9683.86,5.726924,-290.667432,0.0012,0.026489
665954,1570,2505.229,737,9694.46,5.837483,-290.541129,-4.5e-05,0.026565
666546,1571,2001.416,592,9702.16,7.371457,-290.425872,-0.000391,0.026949
667030,1572,1653.889,484,9708.85,8.003221,-290.666854,-0.000621,0.027435
667491,1573,1600.58,461,9715.68,6.951029,-290.345396,0.000706,0.026927
668230,1574,2477.144,739,9725.54,7.340525,-290.51155,-0.000398,0.027328
669230,1575,3178.751,1000,9739.03,7.277875,-290.587476,-0.000223,0.027704
670230,1576,3187.171,1000,9758.69,7.692207,-290.727073,0.001019,0.02614
671023,1577,2682.338,793,9770.45,6.463037,-290.604503,3e-05,0.026121
671484,1578,1595.763,461,9776.67,6.106483,-290.498647,-0.000664,0.026606
672484,1579,3226.22,1000,9790.52,6.836808,-290.565332,-0.000489,0.027437
673484,1580,3181.709,1000,9804.25,9.24394,-290.561512,-0.000177,0.027747
673898,1581,1422.868,414,9809.67,8.502953,-290.610427,0.002132,0.026346
674511,1582,2096.427,613,9818.13,9.96966,-290.617549,-0.001654,0.027962
675511,1583,3336.728,1000,9831.41,7.817527,-290.333333,0.000538,0.027148
676511,1584,3207.325,1000,9845.6,8.435383,-290.367144,-0.000755,0.028381
677511,1585,3185.084,1000,9860.46,5.982332,-290.66127,0.000993,0.026748
678511,1586,3261.062,1000,9876.19,6.926406,-290.580604,-0.000151,0.026987
679511,1587,3249.206,1000,9891.88,6.850863,-290.700052,0.000413,0.026367
680511,1588,3252.466,1000,9910.7,7.668606,-290.78062,-0.000387,0.026978
681511,1589,3229.312,1000,9924.0,8.670157,-290.752011,0.000182,0.026637
682366,1590,2896.7,855,9935.92,6.446194,-290.456227,0.000292,0.026255
682989,1591,2120.769,623,9944.0,7.134684,-290.712972,-0.000114,0.026355
683989,1592,3230.604,1000,9958.05,7.812783,-290.79956,-0.000402,0.027056
684560,1593,1942.122,571,9966.54,6.139638,-290.910007,0.000811,0.026307
685560,1594,3242.396,1000,9981.01,6.42335,-290.763646,0.000302,0.025752
686455,1595,3006.394,895,9994.52,8.463102,-290.912323,-0.000391,0.026357
687455,1596,3187.249,1000,10009.67,6.664958,-291.09226,0.000141,0.026092
688455,1597,3204.588,1000,10023.59,7.194576,-290.835402,-0.000385,0.026733
689119,1598,2235.309,664,10033.18,6.788585,-290.9816,0.000852,0.025833
690119,1599,3234.569,1000,10052.96,6.678657,-291.200614,-0.000164,0.026125
691119,1600,3232.157,1000,10067.04,5.907992,-291.153996,-4e-06,0.026076
692119,1601,3201.167,1000,10080.5,6.394173,-290.993295,0.000177,0.025813
692668,1602,1901.664,549,10088.41,8.151628,-291.061501,-0.00024,0.025997
693668,1603,3242.986,1000,10101.87,5.794388,-291.166824,-0.000398,0.026684
694668,1604,3230.546,1000,10115.74,6.858043,-290.988529,9.6e-05,0.026597
695668,1605,3239.656,1000,10129.36,6.404705,-291.339401,0.000327,0.02607
696668,1606,3225.64,1000,10143.71,4.992637,-291.412056,-0.000441,0.026781
697668,1607,3201.125,1000,10156.88,7.941132,-291.368826,-0.000816,0.028011
698668,1608,3206.876,1000,10170.82,6.915614,-291.237299,0.000469,0.02734
699668,1609,3213.27,1000,10183.98,6.378364,-291.280057,0.00066,0.026328
700668,1610,3200.452,1000,10205.01,7.34268,-291.60491,-0.000667,0.027392
701668,1611,3173.358,1000,10220.19,7.319145,-291.320972,-0.000284,0.027867
702668,1612,3215.095,1000,10235.14,6.841879,-291.491095,0.000767,0.026594
703668,1613,3269.245,1000,10251.1,8.399068,-291.520673,-0.000484,0.02735
704668,1614,3232.356,1000,10264.91,7.560246,-291.580411,-0.000153,0.027721
705302,1615,2182.09,634,10273.82,6.50448,-291.73287,-0.001089,0.028826
705780,1616,1638.152,478,10280.58,7.404318,-291.746681,-0.000792,0.02952
706780,1617,3209.868,1000,10294.0,6.567703,-291.959491,0.000909,0.028026
707384,1618,2075.916,604,10302.48,7.435191,-291.70987,0.000165,0.027878
707963,1619,1981.936,579,10310.05,6.044426,-291.827647,0.000311,0.027585
708963,1620,3218.462,1000,10323.44,7.971708,-291.886039,0.000471,0.026811
709963,1621,3215.276,1000,10338.13,11.578116,-291.896245,-0.000365,0.027433
710545,1622,1947.248,582,10353.34,7.505864,-292.046914,0.000141,0.027325
711545,1623,3214.094,1000,10368.77,6.943503,-291.968885,0.000114,0.02715
712545,1624,3321.816,1000,10383.98,5.838349,-292.093917,0.000301,0.026622
713099,1625,1874.935,554,10391.73,7.644644,-292.017302,0.000197,0.026458
714099,1626,3297.129,1000,10405.07,6.659343,-292.167222,0.000237,0.025994
714576,1627,1627.47,477,10412.23,8.683588,-292.002763,-0.000654,0.026587
715576,1628,3230.082,1000,10425.63,6.646479,-292.325315,0.000289,0.026075
716576,1629,3345.168,1000,10440.01,6.991359,-292.568264,-0.000205,0.026489
717062,1630,1679.267,486,10446.36,5.09696,-292.338777,6.6e-05,0.026422
717503,1631,1530.203,441,10452.27,6.659987,-292.192296,0.000161,0.026301
718251,1632,2526.572,748,10462.85,7.776542,-292.555761,-0.000569,0.026973
719106,1633,2932.266,855,10474.12,5.79404,-292.389846,-0.000196,0.027226
719758,1634,2209.402,652,10483.43,7.039915,-292.417755,-0.000535,0.027834
720445,1635,2357.74,687,10495.75,5.441149,-292.503284,0.000581,0.027244
720965,1636,1803.498,520,10502.65,7.224146,-292.229268,0.001022,0.026336
721965,1637,3251.224,1000,10516.7,6.416261,-292.318208,0.000269,0.025903
722805,1638,2839.94,840,10527.86,5.731721,-292.746078,-0.000117,0.026035
723805,1639,3266.472,1000,10541.89,7.642299,-292.58075,0.000228,0.025734
724438,1640,2170.02,633,10550.11,6.18455,-292.688333,-0.000325,0.026026
725157,1641,2463.908,719,10560.04,4.945757,-292.624414,0.000101,0.025914
725740,1642,2005.117,583,10568.71,6.205635,-292.563843,-0.000528,0.026444
726231,1643,1698.918,491,10576.19,6.956144,-292.609055,-0.000131,0.026503
726875,1644,2209.083,644,10586.2,7.348633,-292.854246,0.001057,0.025467
727407,1645,1833.126,532,10594.86,6.329088,-292.560013,-0.000635,0.025955
727918,1646,1743.269,511,10603.67,5.175655,-292.963612,2.8e-05,0.025917
728915,1647,3370.327,997,10619.69,7.245417,-292.768765,-0.000518,0.026745
729584,1648,2250.611,669,10628.43,6.890228,-292.696778,0.000816,0.02591
730380,1649,2693.299,796,10643.63,6.560657,-292.954265,1e-06,0.02593
731380,1650,3209.901,1000,10657.15,5.438653,-292.709149,3.7e-05,0.025909
731972,1651,2054.713,592,10664.81,6.611365,-292.859646,0.000113,0.025716
732371,1652,1364.315,399,10670.56,8.733953,-292.515597,0.000777,0.025262
733371,1653,3208.277,1000,10685.26,7.072223,-292.814894,-0.000729,0.026466
733785,1654,1409.379,414,10691.32,5.36066,-292.820005,-0.001397,0.027402
734190,1655,1436.61,405,10697.07,5.34143,-293.100598,0.001072,0.026854
734644,1656,1577.135,454,10703.59,5.306991,-292.948661,0.000156,0.02668
735264,1657,2110.218,620,10711.74,8.030323,-292.992097,0.000229,0.026474
736264,1658,3268.469,1000,10726.38,7.687855,-293.086926,-5.1e-05,0.026538
736662,1659,1389.606,398,10732.15,5.30828,-293.108571,0.001615,0.025598
737118,1660,1593.86,456,10738.81,8.171265,-292.804169,0.000664,0.025076
737895,1661,2647.967,777,10749.99,5.325098,-292.699013,-0.000888,0.026118
738895,1662,3242.07,1000,10763.68,5.853714,-292.955045,0.000483,0.02543
739895,1663,3196.101,1000,10777.56,8.185691,-292.921161,-0.000426,0.026059
740889,1664,3366.682,994,10794.4,4.598942,-292.943944,0.000447,0.025382
741384,1665,1702.865,495,10801.39,6.229539,-292.978542,0.000148,0.025247
741933,1666,1900.614,549,10808.99,6.081248,-292.908654,-1e-05,0.025303
742780,1667,2899.85,847,10820.68,7.087708,-293.205407,0.000253,0.024908
743387,1668,2111.779,607,10828.96,6.938143,-293.201826,0.000473,0.024413
744387,1669,3185.759,1000,10843.81,7.713924,-293.143661,-0.000789,0.02572
745233,1670,2860.383,846,10856.22,6.853516,-293.178261,-0.000367,0.026239
746233,1671,3203.159,1000,10869.75,7.085647,-293.149469,0.000511,0.025427
746878,1672,2216.619,645,10879.25,6.330332,-293.144866,-0.000242,0.025701
747458,1673,1976.931,580,10887.16,6.885515,-293.241082,-0.000182,0.02588
748244,1674,2676.813,786,10897.88,7.587452,-293.269237,0.000301,0.025453
748676,1675,1484.906,432,10904.19,6.900415,-293.071166,-3.4e-05,0.025475
749505,1676,2824.129,829,10916.57,6.892296,-293.326392,-0.000623,0.026377
750055,1677,1890.388,550,10928.53,5.238504,-293.116456,0.000571,0.025804
750786,1678,2454.972,731,10939.07,9.359758,-293.331417,-0.000979,0.027033
751264,1679,1663.312,478,10945.87,4.935795,-293.078843,0.001247,0.026119
752264,1680,3304.819,1000,10960.09,6.23082,-293.410876,-0.00048,0.026885
753245,1681,3339.647,981,10974.52,5.443024,-293.326149,-9.6e-05,0.027024
753969,1682,2463.615,724,10984.78,6.174159,-293.179394,0.000159,0.02682
754353,1683,1281.59,384,10989.8,5.689326,-293.25203,-0.000831,0.027327
754804,1684,1542.055,451,10995.71,5.905141,-293.587647,0.000314,0.027168
755317,1685,1754.379,513,11002.44,6.456651,-293.848957,0.001057,0.026259
756317,1686,3233.516,1000,11016.17,5.587642,-293.449928,0.000283,0.025769
757107,1687,2665.05,790,11026.5,6.950137,-293.562585,-0.000626,0.026565
758107,1688,3325.765,1000,11041.14,7.324811,-293.587222,-0.000424,0.027268
758821,1689,2446.708,714,11051.92,6.675376,-293.264251,0.000635,0.026534
759598,1690,2648.156,777,11063.02,7.165207,-293.696351,9.1e-05,0.026486
760108,1691,1751.956,510,11077.43,5.987189,-293.423009,0.000459,0.026033
760884,1692,2677.71,776,11089.59,5.546414,-293.377933,-0.000443,0.026578
761884,1693,3218.436,1000,11103.61,6.927084,-293.510665,1e-06,0.026618
762884,1694,3210.931,1000,11118.18,6.050115,-293.600868,0.000121,0.026412
763578,1695,2344.102,694,11127.58,8.351046,-293.412778,0.000451,0.025901
764578,1696,3206.102,1000,11141.3,5.318972,-293.671005,0.000348,0.025372
765371,1697,2672.426,793,11152.76,5.86144,-293.453736,-0.000156,0.025606
765967,1698,2023.344,596,11161.96,11.974797,-293.586853,-0.000278,0.025849
766967,1699,3222.355,1000,11176.08,5.432608,-293.391025,-1.9e-05,0.025937
767506,1700,1857.558,539,11183.32,4.700034,-293.281831,-0.000367,0.026216
767870,1701,1278.819,364,11188.2,7.983834,-293.209962,-0.001278,0.026963
768354,1702,1662.788,484,11195.58,5.59809,-293.527739,0.000659,0.026446
768879,1703,1812.031,525,11202.58,5.06733,-293.3625,0.00081,0.025693
769530,1704,2246.099,651,11211.61,5.987817,-293.479242,0.000221,0.025562
769996,1705,1614.09,466,11218.08,6.105293,-293.323004,-0.000593,0.026014
770722,1706,2469.822,726,11232.63,5.705282,-293.27548,-0.000389,0.026409
771722,1707,3233.932,1000,11247.01,6.825792,-293.384202,0.000401,0.025778
772512,1708,2691.698,790,11257.76,5.17828,-293.646887,-0.000261,0.026191
773038,1709,1814.114,526,11265.22,5.952879,-293.987228,0.000898,0.025425
773740,1710,2399.332,702,11275.28,6.008455,-293.723602,0.00147,0.023879
774211,1711,1652.23,471,11282.11,8.343675,-293.587329,-0.000763,0.024405
775211,1712,3249.52,1000,11296.09,6.387382,-293.650967,-0.000781,0.025631
776211,1713,3221.788,1000,11310.64,6.227653,-293.912613,-4.8e-05,0.025723
776639,1714,1481.078,428,11316.64,7.827554,-293.781768,0.00046,0.02536
777285,1715,2221.887,646,11325.5,8.413336,-293.706849,-0.000554,0.026014
777749,1716,1611.502,464,11332.16,5.151577,-293.947513,-0.000626,0.02642
778271,1717,1829.27,522,11339.48,8.035504,-293.846978,0.000567,0.025934
778889,1718,2135.556,618,11347.39,6.134369,-293.769228,-0.000699,0.026632
779497,1719,2102.993,608,11356.61,8.926471,-293.663366,-5.9e-05,0.026732
780497,1720,3249.025,1000,11374.48,5.294135,-293.808383,0.000501,0.025937
781497,1721,3189.152,1000,11388.38,6.98922,-293.851206,-0.00041,0.026556
782497,1722,3212.72,1000,11403.25,5.327175,-293.864476,-6.1e-05,0.026674
783497,1723,3214.731,1000,11417.65,5.663138,-293.830012,1.1e-05,0.026662
784317,1724,2806.445,820,11430.03,7.846687,-293.900881,-0.00026,0.026991
785222,1725,3058.505,905,11443.84,6.330964,-293.998953,0.000521,0.026306
785896,1726,2328.408,674,11454.64,6.045638,-293.909527,0.00056,0.025738
786543,1727,2238.778,647,11463.99,5.866423,-293.792213,0.000959,0.024738
787111,1728,1968.134,568,11471.45,5.582789,-293.81207,-0.001233,0.025811
787674,1729,1958.06,563,11478.94,5.18095,-293.821462,0.000229,0.025645
788379,1730,2484.627,705,11489.17,5.599175,-293.723161,-6.3e-05,0.025737
788903,1731,1850.004,524,11496.52,4.826986,-294.005452,-0.000109,0.025821
789850,1732,3244.499,947,11509.37,7.431571,-293.859855,4.7e-05,0.02581
790415,1733,1966.028,565,11522.7,6.078731,-293.877887,0.000203,0.025613
790916,1734,1737.713,501,11529.05,6.061673,-294.11712,0.000783,0.025017
791430,1735,1799.639,514,11535.93,5.238242,-293.652016,0.000274,0.024749
792430,1736,3360.195,1000,11549.59,5.912535,-294.066585,-0.000126,0.024976
793394,1737,3315.227,964,11562.74,5.793024,-294.094354,0.000192,0.024682
793946,1738,1933.43,552,11570.54,11.034836,-293.719127,-0.002003,0.026468
794470,1739,1824.08,524,11577.48,4.61653,-294.227012,8e-06,0.026422
795208,1740,2542.237,738,11587.46,8.53655,-293.852794,-0.00055,0.027071
795684,1741,1672.776,476,11594.49,8.722289,-293.868942,0.000689,0.026625
796411,1742,2521.669,727,11604.13,5.727191,-293.883852,0.000455,0.026068
797007,1743,2087.39,596,11612.02,7.462095,-294.25227,0.000123,0.025961
797764,1744,2636.016,757,11622.49,7.696789,-293.835621,0.000242,0.02571
798321,1745,1936.491,557,11629.69,6.06146,-293.931105,0.000576,0.025207
798916,1746,2068.271,595,11638.37,7.48289,-293.923575,-0.000316,0.025419
799760,1747,2925.611,844,11650.86,6.343756,-294.253072,-1.5e-05,0.025499
800299,1748,1906.999,539,11664.76,4.904935,-293.971887,-0.000261,0.025686
800808,1749,1770.516,509,11673.28,4.742965,-293.577537,-0.000145,0.025793
801432,1750,2162.331,624,11683.23,4.553613,-294.172475,0.000221,0.025595
801905,1751,1659.228,473,11691.32,7.224474,-293.84844,-0.000199,0.025779
802377,1752,1648.198,472,11698.5,8.517026,-293.9062,-0.000628,0.026202
803091,1753,2452.246,714,11708.49,9.67778,-293.984371,-0.00036,0.026616
803887,1754,2739.642,796,11718.96,5.384341,-294.089069,0.000597,0.025867
804887,1755,3252.589,1000,11733.21,6.855637,-293.782755,0.000268,0.025449
805547,1756,2272.378,660,11741.63,5.517268,-294.093164,-0.00013,0.025563
806547,1757,3259.888,1000,11755.99,6.739823,-293.96134,0.000336,0.025075
807280,1758,2524.179,733,11767.01,5.486045,-293.933231,0.000387,0.024632
808218,1759,3266.015,938,11781.0,5.490459,-293.969209,7e-06,0.024572
808704,1760,1708.474,486,11788.18,6.81344,-293.829879,-0.000926,0.025356
809288,1761,2024.654,584,11797.64,5.314981,-293.854209,8.7e-05,0.025271
809775,1762,1705.439,487,11804.97,7.52288,-294.122176,-0.000164,0.025416
810192,1763,1456.317,417,11815.65,8.265886,-293.983812,0.000409,0.025137
810700,1764,1775.876,508,11822.28,9.76731,-294.279205,0.000208,0.024915
811338,1765,2214.709,638,11830.73,6.117649,-293.949721,0.000827,0.024097
812022,1766,2380.34,684,11840.58,7.505146,-294.199981,2.2e-05,0.024064
812491,1767,1662.13,469,11846.55,6.616206,-293.95771,-0.000125,0.024177
813077,1768,2028.608,586,11854.38,5.351005,-293.961607,-0.000436,0.024593
813531,1769,1598.221,454,11861.18,9.19365,-294.207126,-2.8e-05,0.02458
814021,1770,1709.593,490,11868.17,6.653994,-294.19384,-0.000107,0.024694
814560,1771,1860.34,539,11875.32,5.009637,-294.391884,9.8e-05,0.024646
815036,1772,1671.954,476,11881.89,6.594299,-294.151022,-0.000562,0.025068
815731,1773,2424.457,695,11891.51,4.624345,-294.366161,0.000564,0.024454
816123,1774,1384.622,392,11896.47,6.197605,-294.118357,-0.000242,0.024538
816582,1775,1654.811,459,11902.54,4.60875,-294.183223,-0.000523,0.024948
816976,1776,1379.234,394,11908.04,12.169473,-294.120568,-0.001673,0.026031
817508,1777,1868.418,532,11915.61,6.336536,-294.098823,0.000908,0.02523
817891,1778,1350.932,383,11920.66,6.491519,-294.219783,-0.000589,0.025626
818334,1779,1572.382,443,11926.39,6.379254,-294.238487,0.000314,0.025385
818802,1780,1629.665,468,11932.95,7.972301,-294.099198,0.000471,0.025092
819494,1781,2397.087,692,11942.5,7.978396,-294.296908,-0.000617,0.025733
820294,1782,2774.155,800,11957.75,4.596333,-294.435568,0.000445,0.025207
820974,1783,2368.766,680,11967.4,8.011146,-294.321392,-0.000403,0.025562
821863,1784,3042.682,889,11978.88,7.042483,-294.143363,-0.000175,0.025893
822863,1785,3307.577,1000,11992.72,5.924513,-294.362711,0.000542,0.025053
823421,1786,1946.009,558,12000.95,6.339275,-294.276391,-8.5e-05,0.025098
824109,1787,2405.705,688,12011.59,4.80519,-294.624759,-6.1e-05,0.025191
824612,1788,1745.285,503,12018.76,5.951993,-294.310136,-7.4e-05,0.025243
825107,1789,1734.04,495,12026.5,5.108435,-294.277263,0.000109,0.025166
825980,1790,3010.615,873,12041.07,4.797596,-294.315483,0.000102,0.024979
826805,1791,2849.474,825,12054.61,5.178556,-294.428325,-0.000484,0.025657
827361,1792,1956.745,556,12062.14,5.092528,-294.207733,7.6e-05,0.025543
828347,1793,3386.269,986,12076.01,5.422617,-294.746922,0.000198,0.025271
829101,1794,2597.795,754,12085.68,6.048092,-294.909565,0.000627,0.024524
830101,1795,3258.824,1000,12106.11,7.446435,-294.692904,-0.000388,0.025132
830610,1796,1756.689,509,12112.7,5.502724,-294.528612,-0.000253,0.025367
831231,1797,2163.672,621,12121.48,6.710936,-294.814778,0.000729,0.024616
831794,1798,2007.973,563,12129.76,6.952829,-294.683769,0.000473,0.024225
832794,1799,3252.436,1000,12144.93,6.365914,-294.727866,-0.000965,0.025766
833408,1800,2162.189,614,12154.12,5.83143,-294.722388,0.000474,0.025258
834061,1801,2301.567,653,12164.16,5.966273,-294.983124,-0.000538,0.025833
835061,1802,3411.707,1000,12179.3,5.725084,-294.956746,0.000406,0.02517
835727,1803,2293.845,666,12188.54,6.935858,-294.835346,-4.5e-05,0.025223
836348,1804,2183.373,621,12196.74,5.734452,-294.729146,0.000248,0.025047
837348,1805,3346.873,1000,12211.13,5.387432,-294.755448,0.000155,0.024812
838348,1806,3278.403,1000,12224.79,5.079495,-294.947809,0.000283,0.02429
839348,1807,3266.844,1000,12239.14,7.175125,-295.07654,-0.000562,0.025228
840262,1808,3160.836,914,12254.69,6.894991,-295.460463,0.000255,0.024865
841024,1809,2663.963,762,12265.35,6.056619,-295.611247,-0.000126,0.024991
841479,1810,1612.139,455,12271.49,7.705109,-295.349339,0.001313,0.024091
841987,1811,1791.404,508,12278.15,6.18248,-295.366914,-0.000339,0.024357
842987,1812,3275.109,1000,12292.21,5.731984,-295.447607,0.000173,0.024105
843479,1813,1762.826,492,12298.53,5.704475,-295.503954,4.9e-05,0.024086
844279,1814,2723.545,800,12309.85,5.84838,-295.465668,0.000458,0.023464
844823,1815,1902.878,544,12317.31,5.861857,-295.454169,-0.000789,0.02414
845655,1816,2884.345,832,12328.3,8.4202,-295.397812,-0.000194,0.024435
846351,1817,2422.707,696,12338.18,5.891064,-295.535147,0.000577,0.02378
847351,1818,3264.737,1000,12351.31,4.877748,-295.734366,0.000101,0.023626
848112,1819,2653.54,761,12361.9,5.718354,-295.423329,-0.001043,0.024981
848897,1820,2746.472,785,12373.91,6.712216,-295.735191,0.00032,0.024518
849396,1821,1746.734,499,12381.16,4.300495,-295.425456,0.000689,0.024015
849956,1822,1977.578,560,12389.32,4.604972,-295.563971,-0.000459,0.024355
850438,1823,1718.012,482,12405.76,6.366623,-295.696732,-1.5e-05,0.024405
850963,1824,1843.883,525,12414.03,6.482442,-295.30053,-0.000388,0.024695
851807,1825,2954.466,844,12425.99,6.062861,-295.652064,0.000304,0.024368
852704,1826,3113.625,897,12437.56,4.707752,-295.910988,0.000213,0.02397
853278,1827,2003.321,574,12445.82,4.831513,-295.820258,4.8e-05,0.023953
853701,1828,1490.54,423,12451.7,5.044645,-295.690874,-3e-05,0.023994
854679,1829,3383.143,978,12464.55,5.283116,-295.681022,0.000373,0.023405
855144,1830,1651.562,465,12471.25,4.809754,-295.895059,0.000149,0.02324
855660,1831,1826.92,516,12478.93,6.367936,-295.883008,-0.001019,0.024143
856328,1832,2342.018,668,12488.95,5.967218,-296.161612,-0.000662,0.0248
856908,1833,2009.952,580,12497.25,6.830616,-295.826525,-0.000596,0.02544
857730,1834,2804.597,822,12509.82,5.654442,-295.673195,0.000113,0.025281
858260,1835,1880.513,530,12517.98,5.785709,-295.743498,-0.001175,0.026378
858895,1836,2227.644,635,12527.8,5.250026,-295.669605,0.001024,0.025285
859465,1837,1997.53,570,12536.57,4.408537,-295.844015,6e-05,0.025232
860400,1838,3243.633,935,12555.57,6.915208,-296.011002,0.000299,0.024789
861224,1839,2900.345,824,12566.91,7.961434,-295.745148,3.5e-05,0.024717
861328,1840,244.029,104,12568.2,5.698343,-295.624431,-0.002477,0.025115
862328,1841,3254.914,1000,12582.24,7.367564,-295.833169,0.000423,0.024446
863159,1842,2894.863,831,12593.66,5.423754,-295.832211,0.00066,0.023665
864134,1843,3369.322,975,12606.84,5.674922,-295.922701,-0.000473,0.024384
864761,1844,2158.184,627,12615.33,5.152151,-295.931468,0.000758,0.023613
865376,1845,2174.618,615,12623.19,7.68659,-295.971286,-0.000205,0.023785
866058,1846,2393.033,682,12632.95,6.823678,-295.95034,-0.000943,0.024844
866884,1847,2857.221,826,12643.89,6.005049,-295.841019,0.000527,0.024126
867884,1848,3300.608,1000,12657.7,4.774108,-296.205108,-2.2e-05,0.024187
868884,1849,3298.256,1000,12671.04,6.943771,-295.92803,-6.6e-05,0.024316
869348,1850,1659.996,464,12677.45,4.452019,-295.91396,0.000864,0.023635
869779,1851,1555.789,431,12683.63,6.323575,-295.987244,0.001124,0.022836
870407,1852,2196.737,628,12697.82,6.167978,-295.957333,-0.000776,0.02359
870916,1853,1821.911,509,12704.28,5.627806,-296.025719,-4.3e-05,0.023667
871422,1854,1807.946,506,12711.52,5.770018,-296.156125,-0.000276,0.023888
871954,1855,1884.154,532,12719.38,4.653256,-296.233184,-0.000639,0.024457
872487,1856,1855.905,533,12727.57,6.323417,-295.787007,-3.1e-05,0.024501
873091,1857,2106.693,604,12736.62,5.832632,-296.409244,0.000921,0.023608
873822,1858,2554.215,731,12747.76,4.849289,-296.058985,-0.000555,0.024249
874469,1859,2245.637,647,12758.78,5.077618,-296.212345,-8e-06,0.024262
875469,1860,3256.922,1000,12775.18,6.06773,-296.252886,-0.000116,0.024442
876194,1861,2543.877,725,12784.31,4.545229,-296.171898,-0.000462,0.025002
876767,1862,2021.667,573,12792.37,4.827721,-296.253231,0.000567,0.024438
877379,1863,2169.971,612,12800.57,3.918653,-296.406183,0.00033,0.024179
878055,1864,2385.729,676,12809.27,4.944309,-296.283595,0.001015,0.023056
878862,1865,2869.211,807,12820.65,4.600465,-296.116686,-0.000353,0.023509
879444,1866,2078.8,582,12828.6,6.128045,-296.21192,-0.000335,0.023817
880032,1867,2056.556,588,12843.19,7.445677,-296.023164,0.000331,0.02352
881032,1868,3254.335,1000,12857.8,6.297191,-296.357514,-0.000303,0.023985
881459,1869,1491.577,427,12864.27,7.608933,-296.672781,-0.000222,0.02416
881986,1870,1873.11,527,12872.31,5.092086,-296.540847,0.000585,0.023665
882653,1871,2335.291,667,12882.65,7.556755,-296.256877,2e-06,0.023719
883653,1872,3418.603,1000,12898.37,6.263836,-296.377835,0.000167,0.0234
884126,1873,1696.163,473,12905.16,7.410027,-296.199329,-0.000117,0.023405
884889,1874,2650.805,763,12916.12,4.331598,-296.460919,0.00035,0.023082
885631,1875,2623.449,742,12926.48,6.476552,-296.436456,-6.7e-05,0.023149
886631,1876,3350.269,1000,12940.46,6.521415,-296.392981,-9.8e-05,0.023348
887631,1877,3249.57,1000,12954.57,7.234729,-296.413041,0.000133,0.023113
888458,1878,2916.812,827,12965.59,5.375858,-296.68904,-7.7e-05,0.023192
888987,1879,1872.872,529,12972.72,7.30129,-296.46176,-0.000659,0.02379
889987,1880,3254.928,1000,12986.6,5.259325,-296.607434,-0.000482,0.024564
890813,1881,2858.034,826,13001.95,6.916682,-296.922291,0.000527,0.02391
891813,1882,3280.903,1000,13015.88,5.675741,-296.670471,0.000167,0.0236
892813,1883,3309.446,1000,13029.24,6.516984,-296.686773,-0.000403,0.024252
893552,1884,2592.4,739,13039.47,5.724902,-296.978746,0.000395,0.023818
894552,1885,3308.439,1000,13052.52,8.275713,-296.931795,-0.000651,0.024811
895179,1886,2234.583,627,13061.27,5.8091,-297.029665,-0.000359,0.025253
895936,1887,2647.841,757,13070.88,5.316049,-297.177223,-0.000181,0.025418
896649,1888,2554.505,713,13081.46,7.982871,-296.901555,-0.000909,0.026455
897257,1889,2169.399,608,13090.53,4.630271,-297.279239,0.000307,0.026174
898120,1890,3008.369,863,13103.62,7.602437,-297.406102,-0.000688,0.02707
898972,1891,2981.273,852,13116.17,7.720813,-297.30465,0.000388,0.026602
899164,1892,529.632,192,13119.06,8.530588,-297.057705,0.00097,0.026284
899673,1893,1819.308,509,13127.4,8.437245,-297.110096,0.000984,0.025564
900157,1894,1723.018,484,13140.45,5.712888,-296.958804,0.000869,0.02495
901157,1895,3286.026,1000,13153.82,5.392979,-297.37676,0.000161,0.024706
902157,1896,3304.698,1000,13167.86,5.811185,-297.428766,0.000254,0.024271
902629,1897,1694.692,472,13174.18,6.56001,-296.975917,-0.001349,0.025224
903240,1898,2142.604,611,13182.16,8.442802,-297.752626,0.00022,0.025098
904202,1899,3389.781,962,13195.91,7.283972,-297.374535,-0.000541,0.02599
904899,1900,2447.49,697,13206.38,5.834246,-297.637684,0.00079,0.025069
905899,1901,3265.942,1000,13220.9,6.945206,-297.352306,8.6e-05,0.024975
906559,1902,2357.456,660,13230.74,4.819953,-297.257972,0.000249,0.024697
907168,1903,2129.259,609,13240.51,4.523412,-297.364244,-0.000311,0.024954
907716,1904,1937.913,548,13248.78,5.968512,-297.320263,3.7e-05,0.024975
908496,1905,2707.902,780,13260.19,5.554066,-297.593843,8.2e-05,0.024843
909199,1906,2447.047,703,13269.91,7.508019,-297.381122,0.000305,0.024545
910199,1907,3348.306,1000,13290.01,6.827389,-297.369037,-0.000273,0.02495
910530,1908,1176.176,331,13294.42,5.977003,-297.764254,0.000337,0.024818
911006,1909,1685.088,476,13301.02,5.309089,-297.548197,0.000762,0.024229
912006,1910,3297.729,1000,13315.09,5.108244,-297.405505,0.000402,0.023614
912760,1911,2677.451,754,13325.33,6.939386,-297.367686,-0.000501,0.024206
913289,1912,1892.668,529,13332.6,5.175847,-297.902232,-0.000398,0.024536
914289,1913,3295.484,1000,13345.57,6.684763,-297.568576,0.000149,0.024291
915098,1914,2879.06,809,13357.26,5.729024,-297.840269,0.000658,0.02345
916098,1915,3257.453,1000,13370.41,4.88185,-297.868638,-0.000258,0.023889
917098,1916,3345.056,1000,13384.33,4.344904,-297.787598,7.1e-05,0.023734
917762,1917,2368.239,664,13393.4,5.034996,-297.765404,-9.8e-05,0.02385
918472,1918,2490.338,710,13403.57,8.118731,-297.928843,-0.000177,0.024084
919092,1919,2164.451,620,13411.75,5.459047,-297.692437,0.000378,0.023684
919979,1920,3062.433,887,13423.47,6.97051,-297.952316,-0.00029,0.024104
920979,1921,3260.926,1000,13444.37,5.251166,-297.96112,0.000421,0.023423
921979,1922,3239.541,1000,13459.21,6.557283,-298.166347,0.000138,0.023195
922500,1923,1867.897,521,13467.44,7.029761,-298.168941,-0.00054,0.023665
923500,1924,3417.697,1000,13483.84,6.931889,-298.327231,0.000182,0.02337
923910,1925,1436.078,410,13490.43,5.859881,-298.386717,-0.000344,0.023583
924880,1926,3308.083,970,13504.4,5.974239,-298.50506,0.000249,0.023211
925398,1927,1779.955,518,13511.87,5.583604,-298.239706,-4e-05,0.023231
926248,1928,2938.062,850,13523.43,8.26597,-298.354334,-0.000197,0.0235
926676,1929,1501.776,428,13529.06,5.403426,-298.432078,-0.000983,0.024167
927110,1930,1551.012,434,13535.28,5.997502,-298.691087,0.000618,0.023754
927690,1931,2083.075,580,13543.46,6.502532,-298.466457,0.000259,0.023533
928335,1932,2252.146,645,13552.09,9.116391,-298.613077,0.000344,0.023187
928882,1933,1941.15,547,13559.5,4.755098,-298.400521,-0.000281,0.023422
929730,1934,2955.444,848,13571.88,6.41867,-298.606811,-0.000242,0.023742
930551,1935,2831.24,821,13590.37,4.13989,-298.741827,0.000647,0.022931
931098,1936,1925.372,547,13598.93,8.543167,-298.487783,0.000595,0.022464
931562,1937,1623.776,464,13606.49,6.815104,-298.561794,0.000121,0.022382
932016,1938,1622.197,454,13613.91,5.047978,-298.56647,-4e-05,0.022353
932445,1939,1518.41,429,13620.33,9.743011,-298.634729,-0.000807,0.02287
933094,1940,2297.277,649,13629.52,5.879307,-298.507898,0.000179,0.022714
933794,1941,2458.912,700,13638.76,3.957956,-298.847328,0.000435,0.022258
934286,1942,1779.186,492,13645.75,3.970362,-298.777725,0.000281,0.022073
934819,1943,1925.044,533,13653.61,6.762199,-298.850464,-0.000263,0.022267
935302,1944,1687.584,483,13659.7,6.252076,-298.840961,-0.001081,0.023115
935815,1945,1830.682,513,13666.68,7.404286,-298.540897,-0.000461,0.023502
936333,1946,1798.422,518,13674.59,6.122402,-298.837797,0.001343,0.022404
936788,1947,1666.844,455,13680.88,5.617566,-298.755462,-0.000695,0.02287
937234,1948,1586.919,446,13686.74,7.632747,-298.565946,-0.000832,0.023461
938159,1949,3227.074,925,13699.23,5.678971,-298.746849,0.000193,0.023204
938690,1950,1912.816,531,13706.5,8.645995,-298.867984,-0.000487,0.023615
939150,1951,1603.031,460,13712.59,5.881133,-298.868839,-8.8e-05,0.023695
939589,1952,1566.079,439,13718.51,5.547274,-298.681837,0.001083,0.02295
940045,1953,1619.244,456,13728.03,5.97028,-298.49432,-0.000262,0.023136
940468,1954,1496.224,423,13733.83,6.240228,-299.242687,0.000438,0.02285
940962,1955,1758.217,494,13740.12,7.067897,-298.814778,-0.000534,0.023202
941406,1956,1535.372,444,13746.07,4.500529,-298.755553,-0.00059,0.023663
941838,1957,1559.031,432,13752.31,6.73864,-298.93109,0.000641,0.023237
942294,1958,1607.356,456,13758.53,5.253798,-298.895208,-9.4e-05,0.0233
942860,1959,2004.316,566,13766.0,4.975405,-298.874827,0.000417,0.022902
943304,1960,1619.129,444,13772.14,7.487187,-298.743408,-0.00021,0.023082
943951,1961,2303.238,647,13781.04,6.808785,-298.809003,-0.000393,0.023475
944518,1962,2020.738,567,13788.26,8.000166,-298.683873,-0.000193,0.023645
944972,1963,1616.37,454,13794.2,7.659475,-298.831764,0.000436,0.023317
945533,1964,1976.344,561,13802.2,5.152867,-298.927394,0.000134,0.023226
946171,1965,2275.793,638,13812.13,7.31761,-299.058243,-0.001545,0.024826
946550,1966,1356.184,379,13818.07,7.72673,-299.094717,0.000552,0.024505
946990,1967,1604.967,440,13824.4,5.395136,-298.759177,0.000658,0.024025
947397,1968,1423.076,407,13830.82,4.288661,-299.199341,0.000551,0.02367
947849,1969,1639.414,452,13838.63,5.915515,-298.714335,0.000112,0.023561
948849,1970,3399.663,1000,13855.5,8.121009,-298.986388,-0.000376,0.024175
949291,1971,1588.363,442,13861.64,6.799999,-298.971105,-0.000734,0.024666
949724,1972,1573.012,433,13867.6,6.076858,-298.869884,0.002103,0.023311
950219,1973,1805.241,495,13876.14,4.658063,-299.080152,0.000911,0.022636
950243,1974,26.748,24,13876.44,3.150072,-298.890728,8.2e-05,0.022634
950260,1975,15.324,17,13876.68,3.412009,-298.384556,-0.000737,0.022624
950275,1976,12.477,15,13876.9,5.384084,-297.569438,0.001214,0.02262
950292,1977,14.558,17,13877.13,47.33813,-299.424446,-0.000763,0.022623
950769,1978,1718.006,477,13883.9,5.975409,-298.954328,-0.000635,0.023116
951499,1979,2578.519,730,13893.89,8.711038,-299.088084,-0.000748,0.023943
952102,1980,2151.168,603,13901.83,6.550044,-298.836607,0.000103,0.023853
952776,1981,2425.696,674,13911.59,4.612161,-298.935286,-0.000791,0.024666
953399,1982,2224.765,623,13920.71,5.479238,-299.209545,0.000813,0.023899
953973,1983,2083.073,574,13929.14,9.302255,-298.738112,-0.001324,0.025109
954528,1984,1992.969,555,13937.21,5.262606,-298.994366,9e-06,0.025079
954983,1985,1657.464,455,13943.98,9.902361,-299.129151,-0.000359,0.02534
955505,1986,1887.686,522,13952.23,6.858203,-298.865486,0.001143,0.024431
956222,1987,2505.345,717,13963.28,6.91651,-298.777555,0.000904,0.02344
956750,1988,1923.201,528,13971.31,4.854034,-298.910396,-0.000453,0.023817
957258,1989,1808.464,508,13978.8,5.668171,-299.149073,-0.000477,0.024171
957732,1990,1729.419,474,13985.35,6.769086,-299.033689,0.00063,0.023706
958228,1991,1784.784,496,13992.62,6.187456,-298.875996,0.000395,0.02343
958748,1992,1863.071,520,13999.55,10.490067,-298.749343,-0.001174,0.024353
959185,1993,1589.918,437,14005.21,7.475916,-298.791653,0.000827,0.023818
959746,1994,1990.778,561,14013.19,7.092712,-298.929885,0.000153,0.023638
960274,1995,1868.228,528,14025.74,5.228446,-298.944414,-0.000874,0.024434
961206,1996,3296.221,932,14038.61,5.548213,-299.046001,-4.4e-05,0.024469
961655,1997,1664.97,449,14044.77,3.769923,-299.024394,-0.000475,0.024853
962103,1998,1651.576,448,14050.92,6.638878,-299.131085,-0.000664,0.025349
962801,1999,2366.68,698,14059.87,6.488127,-299.192521,0.000965,0.024264
963271,2000,1654.302,470,14066.33,5.410783,-299.11797,0.000639,0.023832
963703,2001,1574.815,432,14072.47,11.757205,-298.879938,0.000417,0.023493
964125,2002,1562.408,422,14078.09,6.032003,-298.904526,-0.000349,0.023737
964608,2003,1727.528,483,14084.3,10.683746,-298.98646,-0.001179,0.024562
965512,2004,3148.793,904,14097.03,5.67694,-299.185095,0.000595,0.023823
965955,2005,1627.038,443,14102.91,5.165964,-298.855979,0.000713,0.023327
966518,2006,1974.625,563,14110.52,5.339494,-299.105908,-0.00013,0.023414
966929,2007,1499.109,411,14116.34,6.852146,-299.230405,0.001108,0.022782
967532,2008,2161.604,603,14124.81,5.312058,-299.215586,-0.000365,0.023107
967914,2009,1366.585,382,14129.69,4.64787,-299.286575,0.000127,0.023026
968319,2010,1447.178,405,14135.13,5.806297,-299.151041,-0.000924,0.023607
968787,2011,1703.157,468,14141.67,8.200759,-299.054252,-0.000794,0.024229
969392,2012,2195.196,605,14150.1,6.425784,-299.117221,0.000582,0.023705
969914,2013,1926.362,522,14157.12,6.712797,-299.110292,-0.000134,0.023764
970342,2014,1577.07,428,14166.2,5.910189,-299.346492,0.000671,0.023381
970839,2015,1788.345,497,14173.79,5.723564,-299.086368,-0.001214,0.02432
971303,2016,1716.265,464,14180.68,7.923291,-299.199435,0.000128,0.024194
971770,2017,1684.475,467,14187.99,7.793926,-298.939803,-0.000713,0.024685
972332,2018,1985.375,562,14197.11,6.062737,-299.289553,0.000305,0.02445
972785,2019,1661.859,453,14204.22,6.775142,-299.117556,0.000407,0.024132
973233,2020,1654.459,448,14211.53,6.940485,-298.766215,-0.000842,0.024735
973609,2021,1374.593,376,14217.37,7.888512,-298.918066,-0.000214,0.024894
974067,2022,1634.242,458,14223.79,7.457999,-299.040166,0.001439,0.023889
974514,2023,1637.362,447,14230.18,6.77366,-299.075294,-0.000205,0.023998
975135,2024,2249.82,621,14238.0,5.662329,-299.207973,-6.3e-05,0.02409
975614,2025,1788.192,479,14244.24,6.787576,-299.307506,0.000996,0.023387
976079,2026,1723.868,465,14250.88,8.785957,-299.187347,-0.00022,0.023498
976486,2027,1475.921,407,14256.39,6.80494,-298.953317,-0.000818,0.023965
976991,2028,1848.066,505,14263.22,7.105223,-298.938291,0.000719,0.023453
977421,2029,1577.702,430,14268.95,6.626883,-299.40521,0.000361,0.023247
977946,2030,1934.996,525,14276.48,5.983755,-298.982897,0.000633,0.022681
978574,2031,2234.053,628,14285.72,7.772199,-299.279904,0.000612,0.022137
979046,2032,1762.973,472,14292.67,8.31678,-299.022472,-0.000125,0.02222
979439,2033,1459.341,393,14298.64,7.121714,-299.265202,-0.000341,0.022442
980011,2034,2072.258,572,14312.54,5.849497,-299.397699,5.7e-05,0.022389
980772,2035,2766.372,761,14324.29,7.095766,-299.128073,-8.2e-05,0.022501
981170,2036,1474.699,398,14330.19,7.487207,-299.270603,2.8e-05,0.022485
981695,2037,1909.974,525,14337.87,7.035771,-299.165963,-0.000864,0.023179
982141,2038,1581.42,446,14343.91,5.015302,-299.590174,0.00022,0.023
982528,2039,1377.869,387,14348.75,7.36888,-299.377489,-0.000682,0.023468
982940,2040,1520.355,412,14354.46,9.14093,-299.474838,-0.000156,0.023547
983281,2041,1238.954,341,14359.34,9.721428,-299.40995,-0.000179,0.023669
983668,2042,1408.764,387,14364.94,7.273964,-299.321155,0.00141,0.022846
984044,2043,1378.712,376,14369.89,8.362962,-298.952142,-0.000324,0.022992
984424,2044,1409.482,380,14374.93,7.108152,-299.467285,-0.000168,0.023124
984878,2045,1699.964,454,14381.18,8.753279,-299.57454,-0.000453,0.023441
985218,2046,1234.294,340,14386.17,7.231613,-299.398354,0.000639,0.023078
985498,2047,980.908,280,14390.22,5.823104,-299.584782,-0.001269,0.023637
986234,2048,2588.883,736,14400.32,6.983345,-299.406752,-0.000649,0.02441
986688,2049,1652.212,454,14406.64,5.076786,-299.719421,4.6e-05,0.02439
987198,2050,1814.194,510,14413.95,7.685011,-299.374538,0.000227,0.024197
987697,2051,1816.904,499,14420.47,5.966742,-299.569944,0.000613,0.023715
988031,2052,1211.664,334,14424.9,10.049447,-299.597552,-0.001007,0.024219
988455,2053,1537.609,424,14430.71,7.633516,-299.901957,-0.001482,0.025131
988766,2054,1127.126,311,14435.12,5.657577,-299.462694,-7.5e-05,0.025267
988800,2055,55.373,34,14435.59,4.759168,-300.210403,0.004492,0.02508
989229,2056,1574.857,429,14441.57,4.56966,-299.418021,0.001933,0.023815
989616,2057,1413.777,387,14446.5,6.839601,-299.565383,-0.000471,0.02404
990055,2058,1615.82,439,14454.83,7.064564,-299.459896,0.001147,0.02333
990481,2059,1541.417,426,14461.06,5.646627,-299.74881,4e-05,0.023258
990964,2060,1769.343,483,14467.91,8.005393,-299.815966,-0.000507,0.023667
991397,2061,1605.161,433,14473.77,7.215038,-299.475239,0.000293,0.023495
991792,2062,1389.218,395,14478.93,5.394709,-299.761547,-0.000977,0.024032
992194,2063,1501.454,402,14484.54,5.229289,-300.025098,0.001233,0.023278
992647,2064,1688.416,453,14490.93,4.366513,-299.490065,-0.000364,0.023511
993049,2065,1488.309,402,14496.11,8.633523,-299.651091,-0.000795,0.02402
993626,2066,2079.346,577,14503.8,7.958513,-299.413505,0.000239,0.023834
994138,2067,1884.48,512,14510.82,8.20629,-299.663892,-0.000308,0.024044
994566,2068,1568.804,428,14516.97,7.763285,-299.57795,-0.000329,0.02431
994959,2069,1472.591,393,14522.86,6.519911,-299.262688,0.000323,0.024152
995462,2070,1873.686,503,14530.49,6.536488,-299.565301,-1e-06,0.024063
996004,2071,2005.275,542,14538.81,6.4934,-299.609019,0.00081,0.023457
996354,2072,1278.479,350,14543.69,7.377439,-299.458138,-0.000525,0.023713
996741,2073,1428.766,387,14550.0,5.763842,-299.689635,0.000107,0.023665
997126,2074,1443.186,385,14556.26,9.94673,-299.486615,0.001116,0.022955
997513,2075,1437.27,387,14562.69,4.5176,-299.766433,9.9e-05,0.022968
997867,2076,1324.342,354,14568.69,7.557274,-299.488614,-0.000737,0.023294
998202,2077,1235.729,335,14573.85,4.349475,-299.629315,-0.000822,0.023727
998525,2078,1167.498,323,14578.23,7.76759,-299.718935,-0.001315,0.024407
998925,2079,1428.938,400,14583.28,6.523827,-299.473115,-0.000491,0.024765
999294,2080,1384.128,369,14588.32,5.777258,-299.461582,6.4e-05,0.024672
999650,2081,1309.39,356,14593.28,5.740489,-299.492711,0.001035,0.024154
