timestep,episode,episode_reward,episode_length,wall_time,critic_loss,actor_loss,alpha_loss,alpha
12,0,6.027,12,0.0,,,,
28,1,14.684,16,0.01,,,,
52,2,12.126,24,0.01,,,,
69,3,7.104,17,0.01,,,,
85,4,13.579,16,0.01,,,,
105,5,19.456,20,0.02,,,,
122,6,13.497,17,0.02,,,,
148,7,8.697,26,0.02,,,,
171,8,18.71,23,0.03,,,,
210,9,33.788,39,0.03,,,,
232,10,24.274,22,0.04,,,,
285,11,57.54,53,0.06,,,,
299,12,13.224,14,0.06,,,,
311,13,8.799,12,0.06,,,,
369,14,47.361,58,0.07,,,,
406,15,21.938,37,0.08,,,,
421,16,6.202,15,0.08,,,,
434,17,8.195,13,0.08,,,,
446,18,6.993,12,0.08,,,,
475,19,10.424,29,0.09,,,,
510,20,45.769,35,0.1,,,,
529,21,16.657,19,0.11,,,,
546,22,9.383,17,0.11,,,,
557,23,6.502,11,0.11,,,,
569,24,9.246,12,0.12,,,,
597,25,36.468,28,0.12,,,,
609,26,6.257,12,0.12,,,,
617,27,4.703,8,0.12,,,,
634,28,14.869,17,0.13,,,,
650,29,9.639,16,0.13,,,,
664,30,7.916,14,0.13,,,,
689,31,29.471,25,0.13,,,,
718,32,19.569,29,0.14,,,,
732,33,12.175,14,0.14,,,,
756,34,7.35,24,0.14,,,,
780,35,26.088,24,0.15,,,,
804,36,8.795,24,0.15,,,,
819,37,10.726,15,0.15,,,,
843,38,10.199,24,0.16,,,,
874,39,32.033,31,0.16,,,,
901,40,8.801,27,0.16,,,,
924,41,7.337,23,0.17,,,,
942,42,15.33,18,0.17,,,,
951,43,6.694,9,0.17,,,,
982,44,18.951,31,0.18,,,,
1005,45,17.193,23,0.18,,,,
1016,46,4.151,11,0.18,,,,
1032,47,8.517,16,0.18,,,,
1049,48,8.635,17,0.19,,,,
1075,49,26.201,26,0.19,,,,
1088,50,10.743,13,0.19,,,,
1108,51,9.29,20,0.2,,,,
1128,52,12.403,20,0.2,,,,
1146,53,10.509,18,0.2,,,,
1168,54,13.912,22,0.21,,,,
1184,55,12.861,16,0.21,,,,
1224,56,21.258,40,0.22,,,,
1237,57,5.678,13,0.22,,,,
1256,58,11.764,19,0.22,,,,
1289,59,8.815,33,0.23,,,,
1306,60,9.284,17,0.23,,,,
1328,61,21.478,22,0.23,,,,
1353,62,20.838,25,0.24,,,,
1378,63,14.06,25,0.24,,,,
1403,64,18.225,25,0.24,,,,
1416,65,8.813,13,0.25,,,,
1433,66,8.624,17,0.25,,,,
1453,67,19.718,20,0.25,,,,
1474,68,11.685,21,0.25,,,,
1499,69,23.75,25,0.26,,,,
1517,70,15.019,18,0.26,,,,
1529,71,10.135,12,0.26,,,,
1552,72,12.967,23,0.27,,,,
1571,73,9.74,19,0.27,,,,
1588,74,11.996,17,0.27,,,,
1605,75,15.567,17,0.27,,,,
1663,76,48.538,58,0.28,,,,
1678,77,11.297,15,0.28,,,,
1690,78,7.722,12,0.29,,,,
1709,79,13.207,19,0.29,,,,
1734,80,13.098,25,0.29,,,,
1757,81,20.775,23,0.3,,,,
1775,82,13.191,18,0.3,,,,
1800,83,27.558,25,0.3,,,,
1812,84,9.917,12,0.3,,,,
1841,85,21.885,29,0.31,,,,
1855,86,10.652,14,0.31,,,,
1905,87,58.105,50,0.32,,,,
1922,88,8.796,17,0.32,,,,
1950,89,7.348,28,0.32,,,,
1963,90,8.379,13,0.33,,,,
1997,91,17.168,34,0.33,,,,
2030,92,27.225,33,0.34,,,,
2048,93,17.199,18,0.34,,,,
2079,94,17.409,31,0.34,,,,
2090,95,5.833,11,0.34,,,,
2113,96,19.443,23,0.35,,,,
2126,97,10.349,13,0.35,,,,
2197,98,102.895,71,0.36,,,,
2215,99,15.46,18,0.36,,,,
2264,100,83.402,49,0.37,,,,
2291,101,30.72,27,0.37,,,,
2309,102,10.911,18,0.38,,,,
2333,103,21.622,24,0.38,,,,
2358,104,21.499,25,0.38,,,,
2372,105,12.437,14,0.39,,,,
2387,106,8.358,15,0.39,,,,
2408,107,20.773,21,0.39,,,,
2440,108,24.172,32,0.4,,,,
2475,109,33.477,35,0.4,,,,
2498,110,22.737,23,0.41,,,,
2540,111,14.212,42,0.41,,,,
2562,112,20.786,22,0.42,,,,
2585,113,25.055,23,0.42,,,,
2599,114,12.715,14,0.43,,,,
2621,115,23.297,22,0.43,,,,
2634,116,9.567,13,0.43,,,,
2658,117,12.187,24,0.44,,,,
2682,118,13.186,24,0.44,,,,
2694,119,7.463,12,0.44,,,,
2732,120,33.561,38,0.45,,,,
2751,121,12.161,19,0.45,,,,
2773,122,22.745,22,0.45,,,,
2799,123,17.563,26,0.46,,,,
2816,124,10.144,17,0.46,,,,
2828,125,6.649,12,0.46,,,,
2864,126,26.365,36,0.47,,,,
2879,127,7.137,15,0.47,,,,
2896,128,15.698,17,0.47,,,,
2914,129,8.773,18,0.47,,,,
2947,130,10.758,33,0.48,,,,
2970,131,12.25,23,0.49,,,,
2984,132,11.676,14,0.49,,,,
3003,133,15.716,19,0.5,,,,
3015,134,7.885,12,0.5,,,,
3025,135,6.46,10,0.5,,,,
3051,136,11.31,26,0.51,,,,
3083,137,13.644,32,0.51,,,,
3099,138,10.611,16,0.52,,,,
3120,139,13.441,21,0.52,,,,
3138,140,17.637,18,0.52,,,,
3174,141,25.131,36,0.53,,,,
3192,142,16.416,18,0.53,,,,
3214,143,22.503,22,0.54,,,,
3235,144,21.744,21,0.54,,,,
3257,145,10.212,22,0.55,,,,
3284,146,10.707,27,0.55,,,,
3296,147,6.277,12,0.56,,,,
3330,148,28.785,34,0.56,,,,
3346,149,10.379,16,0.56,,,,
3372,150,12.11,26,0.57,,,,
3384,151,8.043,12,0.57,,,,
3437,152,58.456,53,0.58,,,,
3450,153,10.995,13,0.58,,,,
3474,154,17.033,24,0.59,,,,
3534,155,48.805,60,0.6,,,,
3551,156,9.333,17,0.6,,,,
3583,157,31.658,32,0.61,,,,
3616,158,32.87,33,0.61,,,,
3644,159,24.31,28,0.62,,,,
3666,160,5.874,22,0.62,,,,
3681,161,10.904,15,0.62,,,,
3700,162,14.077,19,0.62,,,,
3738,163,35.048,38,0.63,,,,
3749,164,7.089,11,0.64,,,,
3774,165,5.233,25,0.64,,,,
3787,166,10.913,13,0.64,,,,
3797,167,5.625,10,0.64,,,,
3808,168,8.065,11,0.65,,,,
3821,169,10.13,13,0.65,,,,
3838,170,15.946,17,0.65,,,,
3859,171,9.406,21,0.65,,,,
3877,172,9.879,18,0.66,,,,
3898,173,17.186,21,0.66,,,,
3932,174,34.525,34,0.66,,,,
3945,175,11.935,13,0.67,,,,
3962,176,13.136,17,0.67,,,,
3976,177,8.702,14,0.67,,,,
3997,178,11.356,21,0.67,,,,
4050,179,61.811,53,0.68,,,,
4079,180,13.439,29,0.69,,,,
4109,181,13.221,30,0.69,,,,
4119,182,7.856,10,0.69,,,,
4145,183,20.776,26,0.7,,,,
4172,184,20.407,27,0.71,,,,
4198,185,14.055,26,0.71,,,,
4216,186,11.335,18,0.72,,,,
4230,187,11.86,14,0.72,,,,
4241,188,6.447,11,0.72,,,,
4251,189,6.861,10,0.73,,,,
4263,190,9.774,12,0.73,,,,
4285,191,22.933,22,0.73,,,,
4301,192,11.286,16,0.73,,,,
4317,193,9.33,16,0.74,,,,
4335,194,9.8,18,0.74,,,,
4346,195,7.012,11,0.74,,,,
4462,196,227.292,116,0.76,,,,
4481,197,18.534,19,0.76,,,,
4490,198,4.404,9,0.76,,,,
4511,199,13.739,21,0.77,,,,
4543,200,28.784,32,0.77,,,,
4560,201,8.093,17,0.77,,,,
4591,202,33.33,31,0.78,,,,
4601,203,5.596,10,0.78,,,,
4617,204,14.677,16,0.78,,,,
4674,205,51.986,57,0.79,,,,
4715,206,53.69,41,0.8,,,,
4743,207,21.387,28,0.8,,,,
4754,208,6.585,11,0.81,,,,
4763,209,5.502,9,0.81,,,,
4778,210,6.832,15,0.81,,,,
4800,211,12.688,22,0.82,,,,
4834,212,34.032,34,0.83,,,,
4850,213,11.334,16,0.83,,,,
4871,214,21.118,21,0.84,,,,
4888,215,7.275,17,0.84,,,,
4910,216,20.009,22,0.84,,,,
4931,217,16.504,21,0.85,,,,
4955,218,14.588,24,0.85,,,,
4970,219,7.171,15,0.86,,,,
5028,220,84.798,58,1.6,8.213628,-3.158,5.00765,0.991336
5054,221,29.743,26,1.97,3.197974,-4.586291,4.9806,0.983651
5071,222,13.682,17,2.22,2.509528,-4.740401,4.953083,0.978673
5081,223,7.284,10,2.36,2.208888,-4.925478,4.921772,0.975765
5098,224,11.002,17,2.61,2.003548,-5.097404,4.912234,0.970849
5115,225,9.306,17,2.87,1.755088,-5.227532,4.887825,0.965968
5128,226,8.942,13,3.06,1.734056,-5.37662,4.856399,0.962264
5167,227,26.446,39,3.58,1.472407,-5.601212,4.822097,0.95128
5185,228,9.615,18,3.82,1.678257,-5.792188,4.789333,0.94627
5225,229,26.504,40,4.29,1.570647,-6.051793,4.740306,0.935281
5235,230,7.223,10,4.41,1.538471,-6.222727,4.695749,0.932568
5261,231,12.861,26,4.74,1.453589,-6.395642,4.678281,0.925562
5271,232,6.675,10,4.85,1.81919,-6.525166,4.646949,0.92289
5287,233,13.162,16,5.06,1.632206,-6.656097,4.637177,0.918634
5313,234,8.268,26,5.38,1.773326,-6.795388,4.604645,0.911782
5393,235,121.503,80,6.49,1.91385,-7.214125,4.517745,0.891218
5413,236,16.378,20,6.77,1.98247,-7.623894,4.434771,0.886199
5452,237,28.303,39,7.33,2.188238,-7.887425,4.399407,0.876522
5487,238,56.901,35,7.77,2.191097,-8.181182,4.350389,0.867968
5505,239,15.878,18,8.01,2.079602,-8.442348,4.313291,0.863621
5548,240,35.086,43,8.57,2.308008,-8.683719,4.253728,0.853394
5630,241,121.512,82,9.71,2.491137,-9.201107,4.159804,0.834433
5695,242,35.439,65,10.58,2.782364,-9.857383,4.048349,0.819881
5748,243,29.298,53,11.29,2.951578,-10.321415,3.95025,0.808347
5790,244,34.685,42,11.88,2.99201,-10.766402,3.887512,0.799388
5895,245,133.724,105,13.3,2.906661,-11.392539,3.775166,0.777705
6013,246,149.668,118,14.93,3.318166,-12.387479,3.617715,0.754462
6055,247,70.308,42,15.5,3.865506,-13.121835,3.530517,0.746426
6124,248,98.75,69,16.45,3.685566,-13.606702,3.425348,0.733599
6160,249,60.925,36,16.96,3.845495,-14.105642,3.357339,0.727057
6203,250,73.308,43,17.55,3.785301,-14.482353,3.355094,0.719264
6240,251,58.424,37,18.04,5.005865,-14.833567,3.267859,0.712726
6394,252,180.975,154,20.27,4.497816,-15.707545,3.172991,0.686359
6487,253,178.428,93,21.62,5.616283,-16.854941,3.04327,0.671119
6552,254,109.587,65,22.6,5.68866,-17.657123,2.951039,0.660776
6598,255,80.052,46,23.28,5.682488,-18.151292,2.892073,0.653619
6718,256,288.786,120,24.96,6.32266,-18.97171,2.804334,0.635484
6771,257,95.563,53,25.79,6.075985,-19.728546,2.704058,0.627755
6888,258,221.936,117,27.61,6.601506,-20.683747,2.622204,0.611162
7006,259,242.717,118,29.48,7.952327,-21.724262,2.502582,0.595129
7117,260,236.405,111,31.11,8.265387,-22.941973,2.371433,0.580784
7223,261,228.037,106,32.67,8.092802,-24.05959,2.290451,0.567532
7324,262,215.006,101,34.19,9.045607,-25.130604,2.169312,0.555435
7426,263,228.662,102,35.8,9.651843,-26.276192,2.124658,0.543433
7532,264,211.994,106,37.45,9.787734,-27.321087,2.009709,0.531528
7630,265,220.961,98,38.97,11.305336,-28.333274,1.938515,0.520835
7755,266,295.588,125,40.81,11.515626,-29.558961,1.869347,0.507595
7849,267,209.793,94,42.19,12.036029,-30.741148,1.789276,0.497964
7954,268,219.408,105,43.66,12.494534,-31.816775,1.74685,0.487385
8042,269,198.41,88,44.87,13.111895,-32.839014,1.678616,0.47879
8137,270,212.935,95,46.29,13.431851,-33.797439,1.634957,0.469697
8230,271,212.924,93,47.53,14.732712,-34.706121,1.585496,0.460973
8336,272,255.988,106,49.15,15.154761,-35.873058,1.531281,0.451301
8426,273,203.242,90,50.5,15.220344,-36.962179,1.476817,0.443327
8552,274,253.105,126,52.22,15.96872,-37.919206,1.407255,0.432519
8642,275,201.926,90,53.54,17.726174,-39.169159,1.336864,0.425111
8732,276,199.739,90,54.87,17.489871,-40.069069,1.318268,0.417739
8822,277,203.235,90,56.23,20.559088,-40.999243,1.25732,0.410662
8912,278,202.53,90,57.66,17.060765,-42.047007,1.22491,0.403666
9005,279,209.069,93,59.09,19.296824,-42.966598,1.189592,0.396573
9094,280,200.975,89,60.64,20.215851,-43.945941,1.129952,0.390046
9179,281,189.253,85,61.92,19.972168,-44.675528,1.080704,0.384002
9270,282,206.114,91,63.25,20.233931,-46.064951,1.056361,0.377654
9356,283,192.139,86,64.53,18.98976,-46.995089,1.039893,0.371675
9446,284,202.067,90,65.95,20.895568,-47.965132,0.992229,0.3656
9535,285,199.248,89,67.2,21.627337,-48.707345,0.955934,0.359728
9624,286,198.364,89,68.42,21.240438,-49.754695,0.941918,0.353917
9714,287,201.139,90,69.57,22.611734,-50.674254,0.931898,0.34804
9800,288,193.91,86,70.7,21.789298,-51.721047,0.894701,0.342569
9889,289,201.886,89,71.93,22.774185,-52.311811,0.863265,0.337055
9974,290,189.158,85,73.22,23.234823,-53.546419,0.850194,0.331791
10063,291,200.459,89,75.28,24.702603,-54.26487,0.813459,0.32643
10153,292,204.349,90,76.68,22.687438,-55.182073,0.793742,0.321104
10241,293,196.376,88,77.85,22.679335,-56.065418,0.771202,0.316017
10327,294,194.395,86,79.1,24.442294,-56.896481,0.739709,0.311154
10414,295,196.337,87,80.46,22.064075,-57.855455,0.737396,0.306195
10519,296,275.88,105,82.0,25.357574,-58.68727,0.727624,0.300217
10607,297,197.08,88,83.34,25.057013,-59.559711,0.672712,0.295543
10694,298,194.435,87,84.56,24.748036,-60.621039,0.6696,0.290872
10780,299,187.77,86,85.84,25.34333,-61.438724,0.647222,0.286345
10869,300,200.208,89,87.26,22.302545,-62.361312,0.651257,0.281666
10962,301,217.433,93,88.42,22.849325,-63.091854,0.620604,0.276864
11047,302,186.632,85,89.47,23.998664,-64.102032,0.619905,0.272466
11134,303,191.811,87,90.59,29.183669,-64.73008,0.582465,0.268142
11224,304,201.959,90,91.81,26.664292,-65.655857,0.570036,0.263744
11313,305,200.73,89,93.04,27.693934,-66.301585,0.557357,0.259431
11425,306,298.562,112,94.49,27.387955,-67.193437,0.521985,0.254307
11536,307,279.736,111,96.06,28.370381,-68.19514,0.52261,0.249161
11643,308,273.657,107,97.59,29.918526,-69.50548,0.500264,0.244301
11750,309,272.058,107,99.1,30.352485,-70.266785,0.483093,0.239599
11864,310,279.641,114,100.69,33.257991,-71.312154,0.477985,0.234497
11980,311,298.908,116,102.35,31.964688,-72.189739,0.450029,0.229609
12096,312,296.428,116,103.96,30.824188,-73.590474,0.429451,0.22483
12214,313,295.36,118,105.56,31.092038,-74.37464,0.407273,0.220132
12334,314,309.819,120,107.17,31.305039,-75.397236,0.378274,0.215631
12466,315,293.129,132,108.76,30.473405,-76.399603,0.380743,0.210577
12591,316,310.331,125,110.36,34.697829,-77.592313,0.362472,0.205942
12712,317,298.136,121,111.91,35.988704,-78.545923,0.345535,0.201519
12834,318,301.892,122,113.62,36.571925,-79.306047,0.328092,0.197263
12957,319,298.777,123,115.35,33.733902,-80.535955,0.319868,0.193006
13082,320,310.463,125,117.12,36.620608,-81.78182,0.297606,0.188872
13209,321,308.555,127,118.93,36.670296,-82.817601,0.292517,0.184708
13335,322,307.178,126,120.69,38.05122,-83.893569,0.261064,0.180867
13456,323,274.318,121,122.45,35.704895,-84.807715,0.25602,0.177264
13581,324,304.816,125,124.27,35.829798,-86.031307,0.236154,0.173673
13706,325,300.88,125,126.09,40.565453,-87.068911,0.228134,0.170168
13838,326,318.935,132,128.01,36.366103,-88.289362,0.226869,0.166397
13969,327,316.679,131,129.63,41.417455,-88.770899,0.20261,0.16295
14101,328,319.249,132,131.31,40.985683,-90.180798,0.199567,0.159467
14229,329,312.072,128,133.03,38.364789,-91.276309,0.182563,0.156275
14365,330,334.984,136,134.81,40.156029,-92.256453,0.172293,0.152978
14492,331,315.112,127,136.58,42.610481,-93.354256,0.16979,0.149923
14622,332,320.137,130,138.17,39.424978,-94.420715,0.14102,0.147211
14745,333,303.291,123,139.67,39.629191,-95.127327,0.148541,0.144466
14879,334,316.702,134,141.47,40.492755,-96.240845,0.141727,0.141466
15009,335,317.659,130,143.35,39.962162,-97.136033,0.129975,0.138782
15137,336,317.263,128,145.14,38.955318,-97.735824,0.120807,0.136215
15274,337,331.987,137,147.06,41.491958,-98.697005,0.110324,0.13363
15406,338,324.526,132,149.08,37.414611,-99.662099,0.111131,0.131023
15536,339,320.28,130,151.07,42.042359,-100.880767,0.099345,0.128697
15671,340,329.268,135,153.0,44.870773,-101.562441,0.099798,0.126189
15806,341,324.27,135,155.02,41.26729,-102.20786,0.08858,0.123865
15940,342,324.734,134,157.0,41.832268,-103.18242,0.087203,0.121529
16071,343,321.444,131,158.95,45.043924,-103.714385,0.072704,0.119554
16207,344,328.952,136,160.94,44.572312,-105.291018,0.07542,0.117391
16340,345,325.791,133,162.81,42.174206,-105.499421,0.066997,0.115335
16473,346,322.766,133,164.78,46.266071,-106.185472,0.06127,0.113481
16610,347,324.564,137,166.74,44.191744,-107.040963,0.059143,0.111563
16746,348,324.959,136,168.69,43.128954,-107.781951,0.041399,0.110129
16875,349,316.337,129,170.62,47.337582,-108.61187,0.044885,0.108644
17005,350,318.355,130,172.67,46.621396,-109.092205,0.035563,0.107354
17138,351,321.224,133,174.69,39.534531,-109.858134,0.034439,0.106065
17265,352,315.687,127,176.69,47.633896,-110.643548,0.048089,0.104317
17393,353,312.791,128,178.71,47.356707,-111.111849,0.024178,0.103318
17528,354,319.17,135,180.73,42.547565,-111.810082,0.031175,0.101999
17658,355,315.32,130,182.76,43.484849,-112.783274,0.031561,0.100641
17788,356,317.361,130,184.83,44.207874,-113.216307,0.032355,0.099111
17914,357,313.362,126,186.82,43.097797,-113.72063,0.020593,0.098155
18038,358,305.581,124,188.65,41.865327,-114.127224,0.026098,0.096972
18165,359,311.371,127,190.54,41.912689,-114.426529,0.020981,0.095843
18293,360,321.47,128,192.57,42.277089,-115.062785,0.028724,0.094468
18418,361,309.759,125,194.5,44.517354,-115.819663,0.020257,0.093329
18543,362,310.672,125,196.46,40.203235,-116.231912,0.00839,0.092833
18661,363,289.575,118,198.32,43.912318,-116.662096,0.009699,0.092337
18786,364,306.847,125,200.37,44.053802,-117.523592,0.015366,0.091378
18912,365,311.747,126,202.19,48.112854,-118.006556,0.007992,0.09088
19040,366,314.876,128,204.06,50.501758,-118.675475,0.001839,0.090733
19163,367,305.834,123,205.81,45.485822,-119.10094,0.001753,0.090618
19292,368,314.835,129,207.62,46.887734,-119.899514,-3.1e-05,0.090593
19410,369,287.213,118,209.24,43.388056,-120.486324,-0.006134,0.091015
19526,370,283.163,116,210.8,42.409375,-120.79123,-0.001731,0.091158
19648,371,294.341,122,212.34,37.793906,-121.184528,0.001498,0.091033
19770,372,298.232,122,213.85,53.52608,-121.840867,6.1e-05,0.091027
19888,373,281.693,118,215.3,44.039608,-122.216872,0.000963,0.091101
20007,374,290.134,119,217.6,41.44328,-122.878923,0.011533,0.090013
20120,375,274.762,113,219.12,49.457672,-123.433748,0.004864,0.089489
20238,376,288.903,118,220.61,43.253399,-123.315898,0.005321,0.089025
20351,377,272.201,113,222.16,42.767256,-124.133713,0.008628,0.088222
20473,378,292.909,122,223.87,45.730442,-124.401854,0.007941,0.08731
20587,379,274.732,114,225.46,43.722858,-124.779792,8.9e-05,0.087323
20709,380,294.966,122,227.18,45.764773,-125.298209,0.008075,0.086527
20824,381,280.044,115,228.85,43.035396,-126.305027,0.00454,0.086056
20934,382,250.234,110,230.45,43.725394,-126.559237,0.005953,0.085358
21044,383,255.788,110,232.01,42.106061,-126.542873,0.003899,0.085019
21195,384,440.263,151,234.1,41.754285,-127.200142,0.00285,0.084517
21311,385,268.278,116,235.7,41.507167,-127.649151,-0.001855,0.084743
21430,386,268.325,119,237.41,41.362624,-127.927869,0.009526,0.083671
21546,387,255.204,116,239.07,43.134068,-128.627597,-0.002317,0.083784
21746,388,519.267,200,241.94,44.702678,-129.245692,-0.004501,0.084684
21867,389,276.985,121,243.59,52.760186,-130.087636,-0.006429,0.085663
22274,390,996.098,407,249.39,50.018461,-131.50226,-0.00611,0.088597
22488,391,498.141,214,252.45,49.413509,-132.865789,-0.015393,0.092573
22648,392,299.114,160,254.71,47.876446,-133.343704,-0.010564,0.094483
23021,393,726.367,373,259.96,53.42568,-134.657141,-0.010577,0.099459
23250,394,553.297,229,262.85,47.84727,-136.602258,-0.012053,0.102758
23396,395,373.955,146,264.67,52.611368,-137.566702,-0.007527,0.103855
23595,396,455.125,199,267.33,47.335142,-138.426584,-0.003001,0.104855
23733,397,410.362,138,269.26,46.084429,-138.846815,-0.006788,0.10627
23881,398,376.385,148,271.31,52.057353,-139.79851,0.009361,0.10444
24043,399,430.773,162,273.48,49.198707,-140.486579,0.000489,0.10434
24200,400,424.484,157,275.63,46.275397,-141.563929,0.010469,0.102431
24341,401,318.414,141,277.64,43.59059,-141.967472,0.005285,0.101478
24498,402,378.228,157,279.86,50.516443,-142.666344,0.005053,0.10041
24640,403,324.131,142,281.82,48.463356,-143.242371,0.000257,0.100279
24782,404,322.232,142,283.62,44.530617,-143.785556,0.003459,0.09978
24930,405,380.528,148,285.54,52.056779,-144.611174,0.003638,0.098924
25095,406,354.241,165,288.06,54.60905,-145.09487,-0.002515,0.099126
25304,407,513.811,209,290.8,46.231006,-145.789309,0.000473,0.099244
25467,408,399.955,163,292.79,62.993793,-146.038967,-0.011071,0.101403
25676,409,506.387,209,295.59,50.430035,-147.175985,-0.02237,0.107008
25849,410,388.267,173,298.11,48.942523,-148.102617,-0.02847,0.113244
26034,411,458.974,185,300.67,51.817584,-148.776676,-0.017707,0.116877
26206,412,345.112,172,302.95,56.209812,-149.146428,-0.014971,0.120006
26388,413,402.801,182,305.49,49.858877,-149.619346,-0.006622,0.121511
26570,414,388.388,182,307.93,47.599534,-150.885603,-0.005977,0.12283
26768,415,401.522,198,310.54,53.599782,-151.329584,-0.00757,0.124908
26966,416,431.41,198,312.97,51.388545,-151.875492,0.00441,0.123921
27200,417,448.754,234,315.98,47.899255,-153.060182,-0.0005,0.123776
27566,418,817.91,366,320.98,51.269128,-153.357018,-0.002492,0.125212
27766,419,406.85,200,323.69,55.977761,-154.461049,0.015248,0.121117
28046,420,621.861,280,327.75,52.232168,-154.998393,2.1e-05,0.121277
28304,421,550.555,258,331.34,55.767134,-155.943075,-0.006907,0.123359
28490,422,487.712,186,333.69,50.381602,-156.138174,0.005335,0.122551
28687,423,450.922,197,336.22,56.515487,-157.212904,0.004702,0.121347
28812,424,281.622,125,337.87,51.449179,-157.036118,0.005587,0.120317
28943,425,292.337,131,339.55,44.952188,-157.094825,0.000128,0.120192
29082,426,291.543,139,341.22,56.405735,-158.089291,0.012959,0.118123
29206,427,268.436,124,342.8,47.611618,-158.200695,-0.005893,0.118975
29337,428,277.617,131,344.68,45.21609,-158.610116,0.001499,0.118808
29474,429,289.886,137,346.69,45.290546,-158.945422,0.003522,0.118084
29629,430,336.74,155,348.9,56.601874,-158.843855,0.00286,0.117364
29765,431,286.216,136,350.79,52.762946,-159.682536,-0.003297,0.118177
29898,432,281.442,133,352.65,49.076853,-159.649208,-0.004209,0.118683
30043,433,307.225,145,355.68,62.690264,-160.457027,-0.004131,0.119767
30198,434,344.018,155,357.72,50.02118,-160.288105,0.00153,0.119173
30334,435,288.572,136,359.48,53.320607,-161.204124,0.003818,0.118608
30486,436,341.655,152,361.35,53.713398,-161.293251,-0.003051,0.119213
30623,437,286.095,137,363.02,47.862176,-161.472086,-0.006032,0.120355
30960,438,922.462,337,367.46,46.651598,-162.552062,0.003411,0.118819
31118,439,361.022,158,369.61,50.926112,-163.595456,-0.002725,0.11934
31309,440,496.021,191,372.29,46.082067,-163.597632,0.000668,0.119198
31464,441,448.679,155,374.5,56.791762,-164.961529,0.001079,0.119165
31618,442,438.03,154,376.73,52.420027,-164.25385,0.001485,0.118538
31792,443,437.116,174,379.03,55.474171,-164.800897,-0.004381,0.119781
31943,444,346.376,151,381.09,50.159613,-165.432552,-0.002404,0.120236
32102,445,452.401,159,383.11,54.745791,-165.746745,-0.002526,0.1208
32211,446,251.955,109,384.63,55.061629,-165.727613,-0.002138,0.121231
32372,447,464.557,161,387.03,57.435136,-166.733975,-0.002085,0.121686
32534,448,449.788,162,389.48,59.631224,-166.693467,0.006104,0.120363
32736,449,554.127,202,392.72,58.604879,-166.917335,0.013865,0.116412
32908,450,478.34,172,395.19,51.776928,-167.626884,0.007224,0.114536
33068,451,423.05,160,397.43,51.302769,-167.848888,0.005526,0.113331
33244,452,482.693,176,399.98,49.38906,-168.145965,0.007242,0.111626
33400,453,409.851,156,402.4,53.157778,-167.561736,0.006134,0.110314
33681,454,654.479,281,406.53,56.502221,-168.279781,0.012308,0.105866
33856,455,483.984,175,409.14,51.096439,-168.019321,0.001689,0.105232
34059,456,492.099,203,412.22,45.405715,-168.425426,0.003535,0.104552
34156,457,194.546,97,413.73,54.051888,-168.931425,-0.004123,0.104785
34429,458,680.209,273,417.73,56.972409,-169.132927,0.000844,0.104656
34701,459,654.893,272,421.66,59.254491,-169.344654,0.003709,0.103237
34882,460,465.069,181,424.04,50.289647,-169.450372,0.002119,0.102677
35068,461,479.807,186,426.92,54.045021,-169.614862,-4.3e-05,0.1028
35225,462,412.694,157,429.55,56.971884,-170.073415,0.005664,0.101482
35393,463,472.91,168,432.16,53.743739,-170.517791,0.003622,0.100486
35596,464,545.953,203,435.31,54.739641,-170.026498,0.006263,0.098838
35754,465,430.529,158,437.82,57.159079,-169.920548,-0.006051,0.100203
35972,466,561.079,218,441.27,57.88064,-170.337771,-0.000256,0.100287
36176,467,568.505,204,444.77,56.058905,-170.860931,-1.6e-05,0.100382
36393,468,604.836,217,447.64,55.114225,-170.83161,-0.000696,0.100519
36590,469,549.126,197,450.56,63.058808,-170.494645,0.00243,0.099923
36788,470,547.273,198,453.44,48.942097,-170.311171,-0.003917,0.100911
36963,471,501.286,175,455.93,51.576016,-170.785921,-0.001657,0.101483
37143,472,510.831,180,458.46,52.167484,-170.731911,0.000118,0.10148
37345,473,573.907,202,461.23,51.777729,-170.801985,0.0018,0.100779
37535,474,545.406,190,463.73,52.58589,-170.632618,-0.004955,0.101846
37742,475,580.517,207,466.31,47.878096,-170.39107,-0.003862,0.103257
37905,476,472.841,163,468.45,54.643464,-170.602839,0.00468,0.10244
38086,477,528.764,181,470.94,58.858587,-171.110725,-0.001541,0.102536
38261,478,517.476,175,473.43,45.198818,-170.953886,0.006465,0.101078
38435,479,511.746,174,475.91,47.612603,-170.45777,0.005992,0.099427
38600,480,482.726,165,478.2,52.191812,-171.080392,0.002138,0.099072
38783,481,542.192,183,480.91,51.563992,-170.77224,0.003403,0.098251
38941,482,455.402,158,483.17,50.775242,-170.720029,0.002522,0.097546
39119,483,524.31,178,485.48,54.511434,-170.392679,0.002432,0.097018
39278,484,467.763,159,487.41,55.114363,-170.765224,0.000233,0.097013
39441,485,471.523,163,489.52,50.68504,-171.148125,-0.003676,0.097836
39614,486,492.445,173,491.81,53.949218,-171.527703,0.002225,0.097398
39791,487,503.707,177,494.06,51.533107,-170.981393,-0.003678,0.098149
39963,488,509.959,172,496.21,47.660545,-170.722039,-0.003904,0.099085
40128,489,489.336,165,499.57,53.969142,-171.154061,-0.004224,0.100205
40309,490,533.206,181,502.2,52.074463,-170.790193,-0.004874,0.101219
40487,491,532.84,178,504.73,45.783925,-171.518107,-0.004224,0.102753
40656,492,510.234,169,507.31,52.203426,-171.476555,0.002377,0.101855
40833,493,540.238,177,509.76,49.628041,-172.075073,0.003922,0.101165
40999,494,481.738,166,512.17,51.809936,-171.638592,-0.010083,0.103212
41175,495,525.522,176,514.81,49.359761,-171.153828,-0.007303,0.105038
41364,496,586.131,189,517.68,51.210571,-171.454938,-0.006632,0.106944
41554,497,573.736,190,520.57,49.807163,-171.559342,-0.00111,0.1074
41724,498,523.503,170,523.07,56.310831,-171.666334,-0.002368,0.107832
41888,499,496.807,164,525.54,50.143732,-172.097529,-0.003639,0.108792
42038,500,437.882,150,527.9,44.62835,-172.009056,0.00796,0.106917
42213,501,532.651,175,530.32,48.504389,-172.108488,0.000206,0.107097
42402,502,586.329,189,532.77,52.59634,-172.142209,0.006581,0.105309
42549,503,411.636,147,534.89,45.994096,-172.291382,0.009788,0.103308
42735,504,577.38,186,537.69,43.109995,-171.896571,0.001491,0.102902
42956,505,682.433,221,541.03,51.530331,-172.306009,0.002703,0.102225
43101,506,393.491,145,543.25,46.332839,-172.275712,0.009688,0.100001
43282,507,534.578,181,546.13,47.302811,-172.081373,0.011279,0.097458
43468,508,570.065,186,549.3,42.721369,-171.849675,0.00423,0.096271
43638,509,524.497,170,552.16,52.339254,-171.877902,0.007797,0.094619
43835,510,590.159,197,555.49,45.716178,-172.2547,0.008828,0.092087
44086,511,679.811,251,559.33,44.702798,-172.562777,-0.003554,0.093103
44117,512,42.517,31,559.81,61.613419,-171.192403,-0.006852,0.093516
44274,513,488.021,157,562.19,50.133139,-172.243212,-0.006559,0.094896
44464,514,605.475,190,565.34,43.739485,-172.264059,0.007035,0.093292
44644,515,564.846,180,567.71,42.62765,-173.031075,0.004798,0.092066
44837,516,605.452,193,570.1,46.177308,-172.612642,8.1e-05,0.092053
45040,517,661.56,203,572.67,48.140326,-172.766172,-0.001586,0.092506
45072,518,42.722,32,573.11,54.41105,-171.979363,-0.000912,0.092498
45102,519,39.15,30,573.51,51.089962,-172.30388,-0.009355,0.092812
45265,520,497.492,163,575.63,55.555795,-173.21357,0.001385,0.092691
45514,521,762.605,249,578.87,44.671296,-173.081427,0.000893,0.092355
45706,522,613.734,192,581.67,50.642181,-173.71907,0.000592,0.092069
45909,523,641.331,203,584.63,49.539132,-172.889955,-0.003591,0.093049
46086,524,546.399,177,587.24,46.908031,-173.558867,-0.006131,0.09448
46321,525,630.101,235,590.58,43.882237,-173.90267,-0.003058,0.095694
46673,526,965.697,352,595.2,42.983514,-174.262199,-0.003313,0.097437
46856,527,566.845,183,597.66,50.364499,-174.564777,0.000991,0.097297
47043,528,580.167,187,599.92,57.511631,-174.781183,-0.001623,0.097646
47198,529,458.023,155,601.8,47.255983,-174.9143,-0.001898,0.098081
47491,530,879.563,293,605.94,51.301981,-174.826235,-0.003745,0.099629
47742,531,782.487,251,609.54,44.028593,-175.541755,-0.005407,0.101775
47918,532,520.046,176,611.99,45.158561,-175.897677,-0.003723,0.102851
48075,533,468.803,157,614.25,50.546102,-175.681915,-0.001042,0.102969
48325,534,638.131,250,617.82,48.685105,-176.241846,0.002434,0.102494
48595,535,863.787,270,621.56,54.65625,-176.959475,0.003795,0.100708
48925,536,858.189,330,626.09,45.466861,-176.947585,0.005447,0.098254
49049,537,304.689,124,627.71,48.994955,-177.121362,0.002217,0.0978
49300,538,672.141,251,630.99,50.919478,-178.028978,-0.000921,0.098024
49639,539,966.351,339,635.72,45.582525,-177.788474,0.001206,0.097551
49949,540,857.07,310,640.05,43.368903,-178.453353,0.00498,0.095213
50081,541,294.684,132,643.3,46.439365,-178.781977,0.004721,0.094429
50310,542,580.187,229,646.39,43.5286,-178.712843,0.000964,0.093884
50637,543,815.724,327,650.45,48.099679,-179.136264,0.001165,0.093535
50780,544,333.957,143,652.33,45.312211,-179.264966,0.002524,0.093044
51050,545,669.752,270,656.07,53.519607,-179.178389,0.002386,0.092145
51270,546,728.522,220,659.18,46.789227,-179.06878,0.003661,0.090975
51629,547,898.159,359,664.3,46.931112,-179.374673,-0.002373,0.092156
51859,548,750.989,230,667.42,52.494051,-180.262062,0.000207,0.092284
52142,549,710.238,283,670.94,53.992541,-180.005726,-0.001111,0.092536
52415,550,719.679,273,674.51,53.699155,-180.195381,-0.002252,0.093299
52585,551,333.805,170,676.87,45.444578,-180.077929,-0.002327,0.093847
52824,552,641.796,239,680.24,44.277797,-180.286747,-0.003871,0.095372
52926,553,202.974,102,681.66,46.023961,-180.996557,-0.006102,0.096052
53070,554,275.778,144,683.77,48.545159,-180.869737,-0.002601,0.096732
53309,555,525.827,239,687.22,52.685389,-180.707156,-0.003786,0.098282
53558,556,657.05,249,690.66,42.886468,-181.136977,-0.000616,0.098322
53924,557,1007.529,366,695.64,49.663044,-181.296635,-0.002479,0.099875
54180,558,799.858,256,698.9,53.496873,-181.868513,0.004723,0.098009
54386,559,520.587,206,701.51,61.117543,-181.553279,-0.002142,0.098413
54602,560,688.286,216,704.51,47.071153,-181.842219,-0.004617,0.099746
54792,561,589.992,190,707.28,49.998915,-182.398037,-0.001475,0.100263
54966,562,516.61,174,709.73,62.209252,-181.758379,-0.004635,0.10152
55150,563,589.712,184,712.38,43.082706,-182.012097,0.003721,0.100628
55292,564,417.557,142,714.44,42.259427,-182.184373,-0.000876,0.100868
55498,565,670.689,206,717.2,55.228447,-182.361312,0.00098,0.100378
55643,566,421.217,145,718.98,47.009461,-181.874796,0.002451,0.099853
55792,567,451.263,149,720.82,62.520469,-182.030044,0.000559,0.09983
55940,568,446.798,148,722.81,52.224109,-182.281219,0.008149,0.097902
56123,569,570.471,183,725.29,45.326783,-182.864845,0.005041,0.096665
56336,570,673.171,213,728.06,51.029359,-182.060865,0.006851,0.094642
56544,571,657.005,208,731.02,54.913038,-182.451502,0.002335,0.093946
56693,572,376.348,149,733.21,57.449058,-182.490215,0.004522,0.092853
56983,573,732.809,290,737.5,47.781173,-182.824729,0.001505,0.092311
57382,574,1014.989,399,742.87,57.640706,-183.134274,0.00316,0.09058
57792,575,1240.743,410,748.77,52.19141,-183.402473,-0.00182,0.091634
58029,576,497.677,237,752.42,45.093554,-183.597472,-0.004093,0.093119
58154,577,254.106,125,754.06,49.563513,-184.022405,-0.00309,0.093624
58506,578,1041.951,352,759.07,55.749974,-184.252655,-0.004072,0.095746
59012,579,1197.275,506,766.52,53.738371,-184.315453,-0.00123,0.096434
59413,580,1035.092,401,772.59,56.035185,-184.920984,-0.00448,0.099414
60124,581,2086.08,711,786.47,50.026373,-185.57955,-0.003068,0.10266
60393,582,701.385,269,790.49,50.852533,-185.774117,-0.000996,0.103002
60622,583,677.852,229,793.94,44.381311,-186.210662,-0.005025,0.104685
60925,584,935.297,303,798.7,49.995097,-186.35602,0.006332,0.102017
61225,585,829.75,300,803.58,55.49659,-186.357603,0.001642,0.101222
61816,586,1899.051,591,811.99,51.967236,-187.126855,-0.000625,0.101761
62122,587,874.675,306,816.44,50.414703,-187.23207,-0.001349,0.10239
62573,588,1350.015,451,822.82,50.336163,-188.023046,-0.000536,0.102662
62959,589,1095.2,386,827.96,45.598795,-188.081414,0.000392,0.102589
63206,590,694.841,247,831.2,43.364757,-188.716093,0.006205,0.100349
63575,591,1198.514,369,836.24,49.219919,-188.975282,0.002295,0.099195
63998,592,1267.148,423,842.24,49.263285,-189.082778,0.005775,0.095748
64216,593,659.852,218,845.26,49.43361,-189.560392,0.006275,0.093774
64469,594,815.884,253,848.66,54.118469,-189.573138,0.003263,0.092753
64676,595,635.692,207,851.36,44.769037,-189.667907,0.006397,0.090878
64924,596,804.737,248,854.47,46.615218,-190.392383,0.004639,0.089355
65185,597,826.601,261,857.9,47.533394,-190.338771,-0.001084,0.089633
65429,598,809.652,244,861.36,49.372902,-189.979939,-0.000781,0.090054
65789,599,1131.151,360,866.4,41.789575,-190.320821,0.002249,0.088731
66091,600,1004.812,302,870.5,56.160902,-190.366864,0.001503,0.088098
66337,601,793.138,246,874.36,52.152043,-190.948062,-0.000354,0.088208
66585,602,805.294,248,878.03,48.727858,-190.986289,-0.003581,0.089505
66767,603,590.96,182,880.72,50.224745,-190.535822,0.000923,0.089308
67028,604,884.14,261,884.74,46.724898,-191.255815,-0.000337,0.089466
67212,605,565.796,184,888.12,44.141523,-191.010585,0.001262,0.089096
67451,606,801.001,239,891.44,55.746505,-191.117456,0.002743,0.088194
67669,607,714.695,218,894.95,44.013849,-191.605963,-0.000692,0.088371
67863,608,606.042,194,897.81,53.503874,-191.597529,0.002703,0.087511
68041,609,584.275,178,900.62,46.95313,-192.033805,-0.001567,0.088036
68243,610,630.99,202,903.92,48.428405,-191.512141,-0.002593,0.088537
68415,611,554.16,172,906.7,43.615956,-191.289993,-0.005163,0.089956
68659,612,622.984,244,910.46,43.594477,-192.204037,0.002241,0.089346
68889,613,781.869,230,914.11,43.789477,-191.994387,0.004529,0.087802
69097,614,679.494,208,917.25,43.86625,-191.810447,0.001337,0.087262
69281,615,604.455,184,920.2,46.608552,-191.892516,0.000781,0.087047
69471,616,576.005,190,923.37,42.520095,-192.084664,0.002944,0.086428
69746,617,914.135,275,927.23,40.46258,-192.367124,-0.000769,0.086621
69938,618,596.929,192,929.68,49.009878,-192.324023,0.001147,0.086358
70166,619,771.379,228,934.14,44.04122,-192.545078,-0.00185,0.08682
70402,620,784.942,236,937.22,49.524852,-192.965798,0.000904,0.086537
70661,621,853.797,259,940.76,32.709105,-192.616682,0.000383,0.086394
70927,622,879.055,266,944.61,46.413992,-193.134346,-0.001909,0.08706
71120,623,615.663,193,947.38,49.69408,-193.291902,-0.002742,0.087868
71313,624,627.055,193,950.1,52.241632,-192.910157,-0.001777,0.0884
71561,625,845.248,248,953.56,44.021786,-193.393718,0.002573,0.087478
71789,626,701.261,228,956.45,47.551234,-193.359315,0.001775,0.086912
72074,627,954.331,285,960.08,45.431421,-193.429973,0.00112,0.08649
72337,628,895.294,263,963.52,47.386407,-193.166655,0.001494,0.085912
72588,629,796.264,251,966.85,38.791919,-193.805989,0.00053,0.08582
72827,630,805.687,239,970.36,42.095475,-193.822463,0.002445,0.084829
73073,631,823.939,246,974.06,42.414475,-194.202577,0.006549,0.082458
73329,632,884.515,256,977.46,30.569786,-194.323306,0.000272,0.082468
73571,633,822.588,242,980.59,38.596892,-194.352887,6e-05,0.082119
73803,634,798.162,232,983.78,43.413144,-194.364204,0.000458,0.082208
74059,635,902.611,256,986.95,46.146741,-194.37858,-0.002564,0.083308
74337,636,975.244,278,990.59,42.916276,-194.962439,0.002381,0.082233
74569,637,781.566,232,993.82,40.649275,-194.992977,0.002618,0.081344
74877,638,1040.629,308,997.92,38.664052,-195.21013,-0.002284,0.082297
75073,639,633.109,196,1000.69,34.859038,-195.127038,0.000571,0.082115
75316,640,844.04,243,1003.87,43.375987,-195.481766,-0.00314,0.083354
75543,641,766.724,227,1006.67,37.701656,-196.137572,-0.000707,0.083556
75733,642,617.98,190,1009.16,39.502629,-195.996885,-0.005689,0.085173
75931,643,644.243,198,1012.01,50.874426,-195.656621,-0.000166,0.085346
76115,644,591.287,184,1014.63,42.922972,-196.141346,0.00188,0.084763
76356,645,815.896,241,1017.98,43.102324,-196.363871,-0.003835,0.086121
76593,646,821.633,237,1021.39,38.595014,-196.587304,0.000268,0.086144
76885,647,953.284,292,1025.32,48.668472,-196.319124,-0.001116,0.086499
77116,648,809.204,231,1028.23,39.111681,-197.038379,-0.005317,0.088304
77311,649,629.486,195,1030.87,51.037978,-197.36456,0.000355,0.088274
77610,650,1032.388,299,1034.62,40.243816,-197.229786,0.00074,0.087995
77830,651,611.402,220,1037.37,40.771912,-197.137445,0.001609,0.087419
78078,652,855.928,248,1040.96,32.053288,-197.640026,0.002712,0.086571
78336,653,893.178,258,1044.55,38.831724,-197.913966,-0.000343,0.086499
78782,654,1457.859,446,1050.93,41.527823,-198.267798,0.001036,0.085754
78983,655,662.105,201,1053.52,47.699023,-198.923671,-0.006356,0.087772
79246,656,879.212,263,1056.71,37.329001,-198.793457,0.000394,0.087705
79443,657,611.24,197,1059.39,46.379803,-199.101733,0.001112,0.087223
79718,658,943.817,275,1063.13,45.234534,-199.281097,-0.000406,0.08755
79945,659,719.665,227,1066.21,48.607204,-199.295344,0.004325,0.08604
80155,660,659.164,210,1070.51,29.787177,-199.486906,-0.003711,0.087172
80406,661,856.016,251,1074.03,40.099983,-199.809962,-0.005821,0.089323
80636,662,771.973,230,1077.14,41.563124,-200.137197,-0.002836,0.090179
80900,663,910.385,264,1080.72,33.602265,-199.742626,0.003262,0.089246
81131,664,737.694,231,1083.64,37.46494,-200.084951,-0.001728,0.089512
81373,665,841.169,242,1086.8,43.164576,-200.091328,-0.002522,0.09046
81587,666,700.798,214,1089.84,37.945596,-201.165684,0.000951,0.09035
81804,667,693.791,217,1092.9,36.855732,-201.140838,-0.002719,0.091006
82043,668,822.293,239,1096.25,44.244125,-201.215977,-0.002293,0.091838
82275,669,738.383,232,1099.6,29.743367,-201.347617,0.001781,0.091303
82516,670,818.167,241,1102.64,37.434689,-201.674168,-0.000211,0.091413
82734,671,720.607,218,1105.46,32.811602,-201.666759,-0.000756,0.091675
83128,672,1325.289,394,1111.31,33.853523,-202.172403,0.001837,0.090503
83535,673,1383.191,407,1117.44,41.037087,-202.641086,0.004144,0.088091
83795,674,815.111,260,1120.97,43.747675,-202.793418,0.000913,0.087652
84066,675,944.667,271,1125.07,40.8693,-203.365313,0.000322,0.087845
84614,676,1778.283,548,1133.37,43.503528,-203.229732,-0.001159,0.088378
84891,677,860.486,277,1137.66,35.998607,-203.705393,0.003681,0.087207
85138,678,764.69,247,1141.67,31.343819,-204.021365,-0.000841,0.08724
85544,679,1252.362,406,1147.8,43.817127,-204.259715,-0.000991,0.087819
85820,680,901.446,276,1152.19,38.184728,-204.685732,-0.002212,0.08876
86106,681,960.02,286,1156.83,35.869753,-204.640488,0.001977,0.088033
86480,682,1109.623,374,1162.97,42.632508,-204.778654,-0.003148,0.089726
86840,683,1156.475,360,1168.01,39.069674,-205.022947,0.002877,0.088065
87145,684,1010.075,305,1172.37,39.951437,-205.739024,-2e-06,0.087997
87598,685,1491.691,453,1178.82,35.437499,-206.120951,0.000506,0.087682
87970,686,1171.661,372,1183.54,38.332381,-206.271472,-0.001077,0.088486
88299,687,992.391,329,1187.8,37.710044,-206.410312,0.003848,0.086679
88565,688,835.309,266,1191.08,40.061672,-206.648888,0.002167,0.085944
88972,689,1294.771,407,1196.95,42.802006,-206.816568,-0.002512,0.087361
89254,690,887.707,282,1200.96,35.935168,-206.907462,0.003318,0.085865
89470,691,646.329,216,1204.04,37.948436,-207.078874,0.000543,0.085794
89769,692,900.02,299,1207.87,44.085968,-207.106178,0.000782,0.085575
90066,693,914.746,297,1213.83,31.949259,-207.745028,0.002098,0.084337
90447,694,1169.013,381,1218.75,35.58178,-208.09023,0.002124,0.083246
90703,695,743.408,256,1222.39,34.195732,-208.377315,-0.001464,0.083696
91006,696,963.291,303,1226.94,38.624582,-208.445632,0.001705,0.082967
91185,697,520.692,179,1229.76,30.889408,-208.513802,-0.007167,0.084981
91576,698,1152.273,391,1235.51,32.833468,-208.657727,0.001306,0.084217
92017,699,1338.116,441,1242.12,38.595501,-209.328393,0.001475,0.08333
92208,700,520.694,191,1244.82,37.752827,-209.393173,0.000426,0.082995
92403,701,550.168,195,1247.76,28.64514,-209.920988,-0.002546,0.083781
92608,702,590.357,205,1251.01,43.949208,-209.159263,-0.000536,0.083944
92823,703,617.784,215,1253.99,37.775922,-210.044979,-0.001426,0.084357
93053,704,674.477,230,1257.2,32.272358,-209.64681,-0.000883,0.084673
93418,705,1074.877,365,1263.22,38.004343,-209.78576,-0.001691,0.085799
93669,706,788.621,251,1267.05,36.913065,-209.876012,-0.000452,0.08596
93987,707,916.093,318,1272.25,32.573197,-209.815052,0.003647,0.084206
94213,708,652.595,226,1275.84,28.402361,-209.883896,0.005671,0.082138
94553,709,1019.865,340,1281.03,42.911705,-210.072325,0.002273,0.080996
94791,710,722.114,238,1284.6,36.557423,-209.865053,0.000745,0.080609
95105,711,924.055,314,1288.97,34.412139,-209.94382,-0.001248,0.081241
95428,712,960.98,323,1292.99,33.540052,-209.932047,-0.001669,0.08208
95675,713,715.861,247,1296.2,37.181735,-209.849352,0.000351,0.081767
95951,714,820.741,276,1299.97,43.204238,-210.032059,-0.001664,0.082481
96196,715,734.078,245,1303.42,35.28907,-210.007413,0.001977,0.081887
96478,716,847.169,282,1307.44,42.166256,-210.355179,0.000358,0.081744
96878,717,1257.787,400,1312.91,41.015428,-210.230037,-0.000814,0.082415
97129,718,756.554,251,1316.15,36.724693,-210.550058,-0.000414,0.082396
97412,719,851.758,283,1320.05,48.599028,-209.886959,0.001273,0.081919
97648,720,670.91,236,1322.94,32.030002,-210.387765,0.000211,0.081645
97923,721,792.065,275,1326.87,34.304574,-210.201779,0.004973,0.079896
98293,722,1142.862,370,1332.21,36.501792,-210.696552,0.000287,0.0797
98512,723,652.017,219,1335.14,43.787964,-209.863701,-0.000877,0.080026
98800,724,897.708,288,1339.28,35.231794,-210.670261,0.000657,0.079841
99039,725,733.032,239,1342.29,26.367738,-210.67816,-0.000269,0.079711
99258,726,640.619,219,1344.97,41.424666,-211.032869,-0.0025,0.080595
99514,727,759.346,256,1348.41,33.871168,-210.551995,-0.002021,0.081252
99762,728,753.465,248,1351.83,35.425485,-210.71714,0.000536,0.081061
100032,729,795.484,270,1357.05,35.732657,-211.033017,0.001146,0.080621
100298,730,836.071,266,1360.79,38.90884,-210.859041,-0.003134,0.081701
100641,731,1094.496,343,1365.25,43.606056,-211.495645,0.00084,0.081661
100923,732,896.909,282,1368.96,39.63977,-211.036193,0.00128,0.081001
101153,733,659.744,230,1371.79,31.917837,-211.516217,0.000754,0.080545
101426,734,872.974,273,1375.39,40.019216,-210.893997,-0.001466,0.081256
101686,735,773.008,260,1379.14,32.672456,-210.844252,-0.000659,0.08165
102005,736,1024.562,319,1383.59,32.523783,-211.556652,0.001692,0.080621
102236,737,657.979,231,1386.85,38.214797,-211.899929,0.00236,0.079822
102518,738,850.332,282,1390.43,37.059898,-211.468018,-0.001251,0.080408
102798,739,872.676,280,1394.01,36.205163,-211.82664,-0.001321,0.080871
103113,740,960.008,315,1398.19,33.246019,-211.641883,0.000428,0.080807
103356,741,703.092,243,1401.48,33.535687,-212.231306,0.003864,0.079545
103613,742,815.339,257,1405.11,36.600685,-211.949316,-0.001745,0.079929
103841,743,672.515,228,1408.41,43.211104,-211.707206,0.001555,0.079731
104612,744,2293.435,771,1418.47,34.835205,-212.588173,-0.000265,0.079879
105234,745,1885.899,622,1426.74,37.717573,-212.715209,-0.000434,0.080282
106234,746,2933.53,1000,1440.48,34.877004,-213.003536,0.00054,0.079543
106772,747,1631.73,538,1447.48,37.237979,-213.380222,-0.001522,0.080654
106999,748,739.647,227,1450.56,32.896164,-213.730788,-0.000352,0.080787
107221,749,728.069,222,1453.68,38.228298,-213.990697,-0.000566,0.081161
107726,750,1617.254,505,1460.92,30.782524,-213.848,-0.000355,0.081319
108021,751,994.063,295,1465.05,34.204953,-214.833171,-0.002697,0.082608
108493,752,1494.17,472,1471.96,35.631897,-214.281744,0.000421,0.082204
108981,753,1572.027,488,1479.02,31.63257,-214.728984,0.001011,0.081466
109261,754,957.295,280,1483.28,35.093739,-214.288044,-0.001103,0.081913
109664,755,1234.502,403,1489.84,40.203297,-215.473896,0.00059,0.081517
110086,756,1366.747,422,1500.95,36.265785,-214.950101,-0.001032,0.082169
111086,757,2921.635,1000,1515.69,31.930045,-215.130425,0.001069,0.08071
112086,758,2820.46,1000,1529.95,33.673592,-215.978431,0.000639,0.07973
112825,759,2294.968,739,1540.58,33.607414,-216.580685,0.000788,0.078854
113169,760,1063.978,344,1545.19,35.581154,-216.568547,-0.000817,0.079258
113752,761,1901.198,583,1553.03,33.124816,-216.505079,-0.000145,0.079288
114105,762,1099.023,353,1557.93,35.314529,-217.218119,-0.001262,0.079926
114333,763,621.072,228,1561.19,32.285004,-216.67353,0.000121,0.079988
114751,764,1258.038,418,1567.11,34.375291,-216.952418,-0.001959,0.08121
115009,765,818.24,258,1570.42,29.928229,-217.803659,0.002852,0.080079
115785,766,2477.824,776,1580.45,32.965085,-217.398884,0.000494,0.079466
116327,767,1706.228,542,1588.18,29.017353,-217.630487,0.002509,0.077578
116637,768,920.09,310,1592.97,36.133028,-217.804286,0.000909,0.077071
117637,769,3023.445,1000,1607.71,34.146942,-217.92246,-0.000922,0.078576
117855,770,598.191,218,1610.71,27.110169,-218.239949,0.00163,0.077931
118319,771,1333.266,464,1618.03,31.319927,-218.5754,0.000689,0.077415
118546,772,624.514,227,1621.62,31.993116,-218.900627,-0.001782,0.078013
118888,773,1138.775,342,1627.13,32.158478,-219.123215,0.000715,0.077765
119273,774,1150.477,385,1633.42,33.567152,-218.962061,0.00359,0.075573
119755,775,1385.659,482,1640.87,33.667306,-219.004226,0.000788,0.074827
120739,776,2931.692,984,1656.88,37.355845,-219.184197,-3.3e-05,0.075034
121739,777,2791.897,1000,1670.68,34.893137,-219.558178,0.000389,0.074395
122142,778,1324.983,403,1676.25,33.946381,-219.53956,0.002671,0.072784
123142,779,3067.983,1000,1689.53,37.148346,-219.812592,-0.001601,0.07534
123487,780,1092.738,345,1694.56,33.051996,-219.77927,-0.002321,0.076791
123961,781,1497.673,474,1701.27,30.025468,-220.24269,0.000825,0.076046
124387,782,1298.189,426,1706.77,34.463279,-220.91704,0.000445,0.075696
125096,783,2208.157,709,1716.42,35.192667,-220.459226,-0.00071,0.076639
125525,784,1315.841,429,1722.44,38.64139,-220.969999,-0.000216,0.076688
125935,785,1273.089,410,1727.64,28.031888,-221.140921,0.003664,0.074447
126778,786,2557.377,843,1738.67,34.905037,-220.906232,0.000528,0.073589
127711,787,2819.464,933,1751.98,38.527804,-221.296969,-0.00057,0.074431
128205,788,1587.482,494,1758.23,38.890944,-221.52087,-0.003171,0.076957
128817,789,1882.381,612,1766.76,31.922284,-222.102797,0.000719,0.076256
129101,790,1009.134,284,1770.79,31.559797,-222.193832,0.003215,0.074881
129989,791,2768.74,888,1782.68,32.935981,-222.111254,0.000444,0.074148
130714,792,2321.888,725,1795.16,37.783892,-222.563681,0.000473,0.073739
131116,793,1241.614,402,1800.84,30.402101,-222.181404,0.001133,0.073143
131318,794,662.412,202,1803.43,33.211014,-222.723842,-0.003533,0.074254
131586,795,902.278,268,1806.75,36.21739,-222.592568,0.000202,0.074064
132586,796,2957.837,1000,1820.56,29.877768,-222.913097,5.7e-05,0.073882
133586,797,2953.799,1000,1835.66,30.23081,-223.58043,0.000761,0.072862
133961,798,1231.855,375,1841.27,32.280541,-223.690737,0.000479,0.072465
134373,799,1292.955,412,1847.39,30.014168,-223.886683,0.001381,0.07165
134626,800,833.912,253,1851.1,33.01381,-224.213524,-0.002137,0.07246
135626,801,3075.745,1000,1866.68,33.06105,-224.532675,0.000157,0.072152
135989,802,1119.034,363,1871.77,29.511386,-224.671392,-0.002079,0.07327
136230,803,817.152,241,1875.84,28.593535,-224.719539,0.001621,0.072846
136534,804,855.534,304,1880.46,37.653658,-225.003779,-0.000132,0.072863
136834,805,879.022,300,1885.11,35.316505,-224.678731,-0.003122,0.074134
137063,806,762.071,229,1888.03,30.510115,-225.022547,-0.001213,0.074599
137786,807,2309.393,723,1897.77,28.151862,-225.162822,0.00197,0.07239
137995,808,695.515,209,1900.76,28.896348,-225.897452,0.000287,0.072539
138378,809,1175.69,383,1906.14,30.334913,-225.226394,-0.001471,0.073206
138691,810,1075.816,313,1910.02,30.231927,-225.19122,0.000128,0.073307
138974,811,991.145,283,1913.56,29.774516,-225.176067,0.000387,0.073035
139378,812,1169.59,404,1919.21,28.237947,-225.719854,-0.000967,0.073762
139709,813,980.309,331,1923.86,27.536611,-225.69592,0.001053,0.073075
139930,814,720.66,221,1927.02,37.305363,-225.576092,-0.00058,0.073226
140902,815,2973.745,972,1944.22,33.565153,-225.681881,-0.000171,0.073711
141902,816,2949.07,1000,1959.11,29.364439,-226.106397,0.001351,0.071491
142225,817,1100.426,323,1963.88,29.95947,-226.605569,-0.000813,0.071926
142465,818,806.927,240,1967.5,33.50595,-226.64519,7e-05,0.071757
143321,819,2665.347,856,1980.12,35.141077,-226.659946,-0.000948,0.073024
143590,820,888.31,269,1984.41,35.923674,-226.850739,-0.001358,0.07381
143890,821,1027.723,300,1989.24,25.051097,-226.712346,0.001934,0.072778
144890,822,3082.761,1000,2004.79,35.003295,-226.897404,-0.000383,0.0734
145300,823,1242.083,410,2010.79,29.179115,-227.467403,0.001476,0.072519
145658,824,1243.231,358,2015.65,27.288505,-227.460411,-0.000494,0.072627
145990,825,1119.027,332,2020.16,33.539917,-227.445099,-0.000541,0.073044
146554,826,1639.676,564,2027.43,31.005554,-227.681465,-0.001383,0.074191
147198,827,1960.55,644,2036.64,31.470942,-227.508074,0.00122,0.073039
148198,828,3145.78,1000,2049.9,33.049236,-227.849097,-0.001113,0.074921
148954,829,2454.367,756,2060.63,30.07089,-228.211864,-0.000131,0.074943
149954,830,3078.612,1000,2073.75,32.226854,-228.471363,0.000737,0.073976
150339,831,1156.601,385,2081.3,30.827584,-229.015868,-0.001017,0.074438
150789,832,1411.08,450,2087.98,30.969942,-229.264505,-0.000742,0.074961
151789,833,3030.25,1000,2101.38,31.192503,-229.523292,-1.5e-05,0.075012
152150,834,1269.534,361,2106.28,31.085641,-229.764689,0.000699,0.074559
152533,835,1202.068,383,2111.75,30.940055,-229.979118,-0.000836,0.075203
153078,836,1577.142,545,2119.23,29.645398,-229.895354,0.000653,0.074473
154078,837,3006.176,1000,2132.56,28.464404,-230.263318,0.001887,0.071794
155077,838,2971.59,999,2146.17,31.882398,-230.67273,-0.000796,0.072831
155303,839,649.138,226,2149.27,27.536371,-230.97407,0.002605,0.072003
155522,840,615.492,219,2151.92,42.515274,-231.245526,0.002656,0.071138
155991,841,1441.643,469,2158.55,35.241724,-230.965284,0.002466,0.06949
156296,842,1050.413,305,2162.8,29.579415,-231.183637,-0.001057,0.069897
157296,843,2946.65,1000,2176.04,33.429289,-231.230778,-0.000228,0.070214
157561,844,919.882,265,2179.74,29.421639,-232.033278,-0.001705,0.07081
158028,845,1517.465,467,2186.33,32.311825,-231.299459,0.002767,0.068976
158474,846,1498.769,446,2192.92,36.473964,-231.234693,-0.000108,0.068989
159474,847,2959.478,1000,2207.97,32.871416,-231.660328,-0.000885,0.070461
160474,848,3029.636,1000,2228.39,32.309849,-232.330758,-0.000476,0.071122
161474,849,3013.406,1000,2243.87,30.857479,-232.575329,0.000776,0.06994
161716,850,809.563,242,2247.23,37.112546,-233.337645,-2.8e-05,0.069798
162002,851,991.837,286,2251.19,28.952206,-232.667625,0.000972,0.069603
163002,852,3028.379,1000,2264.41,30.99556,-233.088029,-0.000115,0.069627
164002,853,3034.77,1000,2277.98,32.935709,-233.133809,0.00114,0.067964
164364,854,1257.395,362,2282.5,36.234558,-233.558367,0.00064,0.06751
165292,855,2996.851,928,2295.31,29.773684,-233.876222,-0.000642,0.068435
166153,856,2834.956,861,2306.67,33.390317,-234.117515,0.000696,0.067488
166693,857,1775.444,540,2314.76,31.126642,-234.634564,0.001741,0.066128
167141,858,1473.507,448,2320.97,37.584561,-234.500994,-0.001887,0.067286
168043,859,3034.144,902,2334.56,30.042874,-234.778582,0.001295,0.065492
168690,860,2128.851,647,2344.99,30.386186,-235.307707,-0.000925,0.066573
168950,861,864.0,260,2348.83,33.272356,-235.918003,-0.001697,0.067275
169246,862,1017.833,296,2353.51,33.113191,-235.210057,-0.000178,0.067382
169823,863,1885.055,577,2362.99,28.325285,-235.600037,0.001556,0.066064
170649,864,2864.583,826,2378.32,29.716972,-235.926713,4.1e-05,0.065974
171012,865,1269.782,363,2383.35,30.744128,-236.113289,0.003338,0.064106
171352,866,1179.322,340,2387.83,29.208512,-236.12093,0.000604,0.063706
171622,867,941.705,270,2391.34,31.161921,-236.307738,-0.000827,0.06409
172086,868,1503.998,464,2397.66,31.508685,-236.380563,-0.000936,0.064653
172397,869,1093.54,311,2402.08,36.027711,-236.205483,-0.00198,0.065637
173028,870,2114.339,631,2410.61,35.816922,-236.545145,-0.000945,0.066399
173947,871,3030.462,919,2423.39,30.953158,-236.955965,0.000681,0.065554
174947,872,3332.599,1000,2436.84,35.41245,-237.222889,-3e-06,0.065655
175947,873,3300.637,1000,2450.28,27.924319,-237.857007,0.0014,0.063351
176676,874,2416.658,729,2459.89,33.036521,-237.991305,0.001273,0.062031
177094,875,1369.01,418,2465.44,32.483132,-237.805495,-0.000855,0.062617
178094,876,3151.779,1000,2479.34,30.299859,-238.174156,-0.000497,0.063456
178582,877,1539.875,488,2485.67,28.077,-238.250561,0.001153,0.062456
179448,878,2825.035,866,2497.24,34.613188,-238.891298,-0.001041,0.063976
180448,879,3014.716,1000,2516.61,31.139509,-238.940203,0.000139,0.06362
181448,880,3070.35,1000,2530.46,32.137155,-239.430236,0.001268,0.061877
181781,881,1166.603,333,2535.14,28.999785,-239.688507,-0.00065,0.06216
182781,882,3073.597,1000,2548.41,29.261649,-239.579283,-0.000676,0.063229
183781,883,2990.743,1000,2563.41,29.1063,-240.503037,-0.000586,0.064053
184314,884,1770.424,533,2571.46,24.370152,-240.528298,0.001329,0.062915
184854,885,1753.585,540,2579.34,33.554197,-240.778412,-6.7e-05,0.062912
185081,886,746.385,227,2582.45,32.747831,-241.591669,2e-05,0.063043
186081,887,3287.747,1000,2596.06,28.913611,-241.16622,0.000152,0.062712
186892,888,2770.128,811,2606.85,30.567475,-241.699812,0.000351,0.062273
187082,889,593.606,190,2609.66,26.426471,-241.888742,0.002245,0.06166
187471,890,1358.206,389,2614.8,25.037129,-241.605685,-2e-06,0.061654
187651,891,558.172,180,2617.01,26.880981,-241.296575,0.001301,0.061339
187812,892,437.58,161,2619.16,31.979675,-242.056899,0.000707,0.061145
188812,893,3047.045,1000,2633.24,29.021335,-241.862908,0.000494,0.06039
189812,894,3028.421,1000,2646.47,29.25017,-242.346237,0.000938,0.059126
190812,895,3077.517,1000,2662.01,29.996676,-243.110266,0.000525,0.058244
191812,896,3048.218,1000,2676.29,27.778441,-243.232453,-0.000755,0.059388
192812,897,2952.489,1000,2691.48,27.231673,-243.425413,0.000916,0.05792
193812,898,3177.718,1000,2706.45,29.007643,-244.074371,0.000844,0.056632
194812,899,2958.778,1000,2722.27,26.846638,-244.466451,-0.000475,0.057384
195812,900,3170.62,1000,2736.43,24.680539,-244.715292,0.000111,0.05725
196167,901,1250.671,355,2741.51,25.045085,-244.680782,-0.001696,0.058142
197167,902,3106.147,1000,2754.71,25.293654,-245.210131,0.000227,0.05781
197439,903,950.074,272,2758.64,26.686327,-245.524005,-0.002222,0.058776
198439,904,3053.398,1000,2772.43,28.046805,-245.469774,0.001195,0.056892
199439,905,3007.165,1000,2786.34,26.758172,-245.726598,-0.000416,0.057558
199666,906,731.041,227,2789.4,23.262387,-246.647752,0.000258,0.057415
199932,907,927.829,266,2793.03,36.537024,-246.341743,0.000756,0.057165
200932,908,3107.435,1000,2808.69,29.449366,-246.171181,-0.00049,0.058022
201932,909,3057.921,1000,2822.24,28.220166,-246.603361,0.000786,0.056652
202932,910,3211.681,1000,2835.68,29.164438,-247.082622,-0.000374,0.057338
203352,911,1462.535,420,2841.74,26.436761,-247.314513,-0.000566,0.057612
203382,912,49.52,30,2842.17,24.788398,-247.71866,-0.001246,0.057734
204382,913,3193.52,1000,2855.09,26.521769,-247.614057,-0.00044,0.05843
204864,914,1691.822,482,2861.97,31.177753,-247.696601,-0.000291,0.058663
205187,915,1140.671,323,2866.63,28.506005,-247.875943,0.001413,0.057936
205391,916,655.015,204,2869.25,33.990036,-247.911379,-0.00017,0.057977
206391,917,3133.519,1000,2882.64,26.514016,-247.979339,-0.000253,0.058383
207391,918,3202.027,1000,2896.3,28.522087,-248.538362,0.001368,0.056171
207646,919,885.537,255,2899.47,32.446322,-249.096093,9.2e-05,0.056199
208646,920,3219.2,1000,2913.6,23.522045,-248.716822,0.000413,0.055503
208854,921,670.035,208,2916.67,24.655957,-248.915527,0.00013,0.055553
209161,922,1055.715,307,2921.38,27.227751,-249.0343,-0.00031,0.055711
210125,923,3177.471,964,2941.85,34.117736,-249.229599,2.1e-05,0.055548
210288,924,510.995,163,2944.28,36.985194,-249.855933,0.000963,0.055444
210510,925,738.295,222,2947.56,23.723335,-248.896946,0.001461,0.054923
210714,926,664.886,204,2950.7,25.984747,-248.503484,-0.001538,0.055437
210874,927,500.436,160,2953.14,29.283032,-249.157621,-0.001389,0.055598
211399,928,1771.812,525,2961.83,25.254611,-249.253037,0.000487,0.055362
211690,929,1020.17,291,2966.3,26.09783,-249.00952,0.000308,0.055211
212373,930,2341.897,683,2976.18,26.680569,-249.396693,-0.001483,0.056626
212587,931,707.781,214,2978.81,25.196645,-248.900221,0.003625,0.055574
212891,932,1033.342,304,2982.8,26.210818,-249.704104,0.001186,0.055103
213185,933,997.227,294,2986.71,23.390005,-249.968777,0.000187,0.055088
214185,934,3210.39,1000,3000.82,27.248427,-249.620504,0.000388,0.05436
215185,935,3147.859,1000,3013.78,26.480529,-250.0207,0.000249,0.054092
215500,936,1084.942,315,3018.22,22.764474,-250.010113,0.000123,0.054051
216500,937,3272.842,1000,3032.68,26.592339,-250.150291,-0.001058,0.05571
216793,938,1020.286,293,3037.0,30.005008,-250.03167,0.00128,0.055064
217186,939,1398.089,393,3042.98,27.166723,-250.244522,-0.000425,0.055247
217457,940,933.545,271,3046.51,23.378585,-249.986728,-0.00114,0.055747
218457,941,3166.122,1000,3061.96,24.303862,-250.652616,4.9e-05,0.05574
219457,942,3234.57,1000,3077.62,26.669617,-250.814673,-0.000733,0.056789
219692,943,801.32,235,3081.07,23.524194,-250.936212,0.002239,0.056098
220014,944,1129.702,322,3087.32,31.212843,-251.191733,0.001457,0.055339
221014,945,3284.491,1000,3101.3,22.104344,-250.911634,0.001141,0.053599
221463,946,1480.117,449,3107.64,25.582438,-251.170683,-0.000779,0.054152
222463,947,3314.552,1000,3121.29,22.259063,-251.470033,-0.000116,0.054333
222792,948,1160.474,329,3125.91,29.07774,-251.508543,0.00081,0.054002
223152,949,1279.351,360,3131.14,18.714165,-251.480524,0.000711,0.053534
223396,950,830.666,244,3134.15,24.129742,-251.807503,0.000298,0.053466
223646,951,861.365,250,3137.51,31.833886,-252.206586,-0.002078,0.054275
224646,952,3277.591,1000,3151.3,26.913285,-251.852717,-0.000374,0.054748
224908,953,935.13,262,3154.89,26.80384,-251.732019,0.000573,0.054593
225183,954,986.243,275,3158.49,25.499004,-252.25231,-0.000153,0.054636
225433,955,868.62,250,3161.6,27.720305,-251.991627,-8.2e-05,0.054793
225697,956,904.503,264,3164.82,22.315109,-251.94843,0.001443,0.054121
225976,957,984.763,279,3168.58,27.734972,-251.975487,0.002021,0.053238
226267,958,1011.994,291,3172.62,23.023652,-252.191217,0.002962,0.051858
226567,959,1029.201,300,3176.8,26.652327,-251.740458,-0.001117,0.052275
226929,960,1282.525,362,3181.64,21.284673,-252.226637,-0.002477,0.053817
227753,961,2770.911,824,3192.32,29.474991,-252.093573,-0.001105,0.055307
228326,962,1847.476,573,3200.45,23.810609,-252.39902,0.000508,0.054843
229209,963,2939.454,883,3212.07,22.873998,-252.361537,0.001321,0.053157
229487,964,969.625,278,3215.65,24.864416,-252.395884,-0.001717,0.053858
230184,965,2320.631,697,3230.15,25.060097,-252.743193,-0.000493,0.054525
231098,966,3023.186,914,3242.19,24.965663,-252.857919,0.000444,0.053717
231414,967,1105.651,316,3246.82,25.972425,-252.957155,0.000347,0.053676
232105,968,2245.758,691,3256.73,23.777614,-252.840186,0.000229,0.053346
232476,969,1305.508,371,3261.41,21.40571,-253.238585,-0.001006,0.053997
232769,970,1017.493,293,3265.32,24.875921,-253.3791,-0.001365,0.054495
233543,971,2644.292,774,3276.58,26.399556,-253.059069,-0.000984,0.055807
234246,972,2333.913,703,3288.0,23.811679,-253.515977,-0.000547,0.056488
235246,973,3281.389,1000,3303.0,21.622907,-253.530265,9e-05,0.056364
235936,974,2226.49,690,3313.78,27.457974,-253.75958,0.000798,0.055431
236936,975,3240.607,1000,3328.63,24.580061,-253.840917,0.000591,0.054489
237582,976,2139.075,646,3337.71,27.855454,-254.1156,-0.001012,0.055447
238582,977,3187.906,1000,3351.03,25.129988,-254.322738,-0.000269,0.055922
239582,978,3327.252,1000,3364.62,26.105559,-254.986994,-0.000691,0.057036
240582,979,3161.796,1000,3383.1,23.023903,-255.146548,0.000678,0.056052
241582,980,3273.315,1000,3397.74,23.661204,-255.518769,0.000399,0.055362
242582,981,3296.365,1000,3412.58,19.897211,-255.603096,0.000396,0.054765
243364,982,2625.68,782,3425.16,24.165591,-256.232829,0.000246,0.054469
243725,983,1267.183,361,3430.82,28.203049,-255.836408,0.002195,0.053263
244725,984,3277.184,1000,3445.99,26.366069,-255.937067,-0.000276,0.053604
245018,985,1018.019,293,3449.7,18.62204,-256.234988,-0.001626,0.054428
245312,986,1017.408,294,3453.59,23.626389,-256.527355,-0.000773,0.054771
246312,987,3298.276,1000,3467.09,26.70165,-256.640892,0.000272,0.05433
247312,988,3264.778,1000,3480.3,27.978041,-256.608226,-0.000958,0.055762
248312,989,3313.149,1000,3494.45,23.988046,-257.197054,0.000822,0.054523
248696,990,1167.134,384,3499.44,24.982555,-257.442766,0.000743,0.054146
249696,991,3308.745,1000,3512.77,24.060521,-257.295019,1.5e-05,0.054138
250696,992,3246.881,1000,3531.51,22.250348,-257.706501,-0.000526,0.055035
251696,993,3194.742,1000,3545.05,22.2216,-257.765184,0.000969,0.053495
252696,994,3322.589,1000,3558.43,23.786552,-257.936951,5.3e-05,0.053302
253070,995,1312.818,374,3563.21,26.913511,-258.423563,0.00023,0.053272
254070,996,3347.97,1000,3577.06,22.952737,-258.603881,1e-05,0.053363
255070,997,3376.933,1000,3590.24,21.724116,-258.859436,0.000273,0.052826
256070,998,3341.239,1000,3603.69,22.009491,-259.587118,-0.00013,0.053022
256363,999,1019.452,293,3607.62,16.673073,-259.565366,0.000152,0.052986
257363,1000,3350.889,1000,3621.47,22.568358,-259.960011,-0.000885,0.054375
258363,1001,3344.721,1000,3636.15,22.890251,-260.465905,0.001729,0.051669
259363,1002,3335.597,1000,3650.32,20.657454,-260.835719,-0.000522,0.05255
259778,1003,1465.904,415,3656.76,22.757552,-260.953521,0.000193,0.052446
260778,1004,3302.993,1000,3679.86,22.315406,-261.045985,-0.000126,0.052515
261778,1005,3348.973,1000,3693.41,22.621318,-261.241812,-0.000312,0.053161
262778,1006,3345.932,1000,3707.65,20.183752,-261.796054,0.001101,0.0513
263778,1007,3332.976,1000,3720.58,21.743429,-262.025778,0.000271,0.050933
264778,1008,3341.706,1000,3734.43,24.445873,-262.467743,-0.001002,0.052528
265078,1009,1016.173,300,3738.21,27.136401,-262.538255,-0.000235,0.05261
266078,1010,3324.163,1000,3751.4,20.960031,-262.613683,0.000859,0.051358
267078,1011,3378.781,1000,3766.41,19.596637,-263.021813,0.000119,0.051161
267430,1012,1246.697,352,3771.73,17.540526,-263.19084,-0.00043,0.051322
268430,1013,3339.597,1000,3787.37,23.185403,-263.303601,0.000392,0.050736
269430,1014,3458.072,1000,3803.94,21.183355,-263.775558,-0.001084,0.052543
269725,1015,1018.063,295,3808.29,24.130583,-263.867557,0.000186,0.052402
270725,1016,3310.339,1000,3823.69,22.343521,-264.025324,0.000677,0.051236
270999,1017,948.142,274,3827.19,18.451117,-264.104036,0.000948,0.050959
271347,1018,1210.923,348,3831.93,17.15191,-264.363376,-2e-05,0.050891
272347,1019,3343.677,1000,3845.93,22.136039,-264.150782,0.000169,0.050682
273347,1020,3316.598,1000,3859.57,19.27067,-264.706268,0.000277,0.050225
274347,1021,3382.588,1000,3873.19,26.438594,-264.982019,-0.000683,0.051296
275347,1022,3368.337,1000,3886.87,20.227721,-265.448383,-0.000196,0.051609
276347,1023,3363.607,1000,3900.21,21.479685,-265.685011,0.000202,0.05122
277347,1024,3373.913,1000,3914.33,20.558599,-266.065149,-0.000405,0.051829
277678,1025,1176.099,331,3918.55,20.734445,-266.243941,-0.002318,0.05312
278678,1026,3365.105,1000,3932.04,21.149374,-266.21765,0.00057,0.052239
279678,1027,3429.62,1000,3945.88,21.29238,-266.688124,0.001037,0.050649
280016,1028,1179.847,338,3952.03,18.180769,-266.252221,-0.001229,0.051305
280582,1029,1999.358,566,3959.91,20.223181,-267.077932,-0.0006,0.051686
280909,1030,1146.899,327,3964.64,23.436042,-267.016968,-7.1e-05,0.051878
281909,1031,3439.634,1000,3978.69,22.630297,-267.010594,-0.000409,0.052457
282852,1032,3297.104,943,3992.49,21.28129,-267.096899,0.000281,0.051925
283852,1033,3394.666,1000,4007.6,22.16703,-267.384384,0.000441,0.051387
284845,1034,3422.14,993,4022.08,19.810718,-267.204481,-8.5e-05,0.051657
285151,1035,1043.589,306,4026.81,18.849952,-267.495636,-0.000932,0.05194
286151,1036,3387.55,1000,4041.98,23.440763,-267.7167,0.001581,0.049654
286675,1037,1842.294,524,4049.26,19.828537,-268.047427,-0.000297,0.049773
287009,1038,1150.15,334,4053.62,21.849691,-267.631241,-0.000186,0.050033
287305,1039,1027.692,296,4057.55,19.330202,-267.578148,0.000172,0.049815
287576,1040,922.125,271,4061.38,24.479722,-267.903595,0.000247,0.049793
287873,1041,1023.261,297,4065.76,22.127359,-268.171685,-0.001751,0.050591
288165,1042,1013.394,292,4069.95,23.897624,-267.617141,0.000299,0.050523
288886,1043,2520.457,721,4079.23,22.68176,-267.804699,-6.5e-05,0.050574
289834,1044,3306.971,948,4092.32,17.055045,-268.010276,0.000271,0.05012
290135,1045,1031.911,301,4098.46,26.033626,-267.784987,-0.001661,0.050837
290928,1046,2745.11,793,4109.34,22.707569,-268.429695,0.000308,0.050483
291928,1047,3391.997,1000,4123.91,18.162194,-268.450419,-0.00061,0.051492
292928,1048,3490.611,1000,4139.05,19.693242,-268.518101,0.001485,0.049107
293222,1049,1015.762,294,4143.49,27.081719,-268.677401,0.001402,0.048552
293503,1050,987.502,281,4148.19,20.283484,-269.02976,-0.000374,0.048717
294503,1051,3415.376,1000,4164.05,22.33838,-268.999387,-0.000562,0.049539
294872,1052,1292.26,369,4169.51,15.921871,-269.174059,-0.001338,0.050291
295872,1053,3381.659,1000,4183.3,21.92422,-269.136736,0.000953,0.048789
296872,1054,3435.18,1000,4197.12,20.139034,-269.360255,-0.0,0.048824
297872,1055,3346.298,1000,4210.95,16.913206,-269.735524,-7.1e-05,0.048925
298533,1056,2370.49,661,4219.98,23.313769,-270.130498,-0.000162,0.049083
299533,1057,3345.047,1000,4233.48,21.520006,-270.085222,-0.000576,0.049949
300533,1058,3366.919,1000,4250.24,18.268634,-270.325124,0.00044,0.049459
301533,1059,3357.704,1000,4263.34,17.699962,-270.747451,0.000697,0.048188
302533,1060,3323.728,1000,4277.26,21.540561,-270.957458,-0.00037,0.048899
302930,1061,1383.893,397,4282.59,23.392446,-271.227481,-0.000802,0.04933
303930,1062,3376.383,1000,4295.98,21.356953,-271.227421,0.000201,0.049058
304930,1063,3324.725,1000,4309.55,21.572205,-271.371529,-0.000814,0.050224
305930,1064,3372.208,1000,4323.2,21.13295,-271.797169,0.000401,0.049655
306224,1065,1021.67,294,4327.49,21.355559,-272.011679,0.000734,0.049333
307224,1066,3382.826,1000,4340.49,16.838981,-271.792522,0.000474,0.048644
307554,1067,1146.851,330,4345.17,20.520983,-272.081864,-0.000819,0.049092
308554,1068,3342.736,1000,4360.44,18.231581,-272.140277,0.000373,0.048384
309554,1069,3331.864,1000,4375.66,22.444148,-272.437589,0.000845,0.047198
310554,1070,3387.237,1000,4395.67,19.94771,-272.65083,-0.000724,0.048299
311393,1071,2920.852,839,4407.93,22.787401,-272.981091,0.001276,0.046702
311808,1072,1447.004,415,4413.55,19.048964,-272.892227,-0.000323,0.04686
312808,1073,3351.111,1000,4426.52,19.153569,-273.012284,-0.000375,0.047515
313118,1074,1077.992,310,4431.06,13.333694,-273.341531,-6.7e-05,0.047571
313432,1075,1108.35,314,4435.48,21.612103,-273.415303,-0.001164,0.048071
314432,1076,3347.203,1000,4448.62,16.436978,-273.179095,0.000785,0.046862
315432,1077,3340.271,1000,4462.56,20.23188,-273.56177,-0.000215,0.047173
316432,1078,3376.351,1000,4477.22,20.059752,-273.685607,-0.000234,0.047564
316887,1079,1634.888,455,4483.64,20.57081,-273.634817,-0.000607,0.048014
317720,1080,2945.033,833,4496.56,16.688416,-273.875328,0.000887,0.046962
318720,1081,3376.512,1000,4512.24,21.982268,-274.18469,-6.5e-05,0.046965
319011,1082,1034.458,291,4517.01,17.006397,-274.093668,-0.000524,0.047165
320011,1083,3390.011,1000,4536.6,22.263842,-274.116447,-0.000399,0.047872
320344,1084,1168.136,333,4541.56,28.546712,-273.348121,-0.000397,0.048051
321344,1085,3390.827,1000,4555.05,16.507679,-274.507875,-0.00027,0.048413
321628,1086,992.18,284,4558.69,17.885969,-274.366328,0.002139,0.047528
322057,1087,1530.379,429,4565.01,22.80108,-274.498494,7.6e-05,0.047468
322428,1088,1291.731,371,4570.44,17.561194,-274.917996,0.000308,0.04724
322708,1089,983.042,280,4574.21,19.670901,-274.326618,0.000559,0.046959
322991,1090,993.869,283,4577.85,18.644658,-274.506515,-0.00029,0.047148
323269,1091,983.811,278,4581.67,21.11716,-274.239168,-0.000462,0.047295
324269,1092,3408.73,1000,4595.37,17.445815,-274.699499,0.000346,0.046789
324564,1093,1027.512,295,4599.09,15.268065,-274.376628,-0.000298,0.046881
324868,1094,1031.574,304,4603.18,20.750247,-274.765768,-0.000418,0.047117
325868,1095,3396.589,1000,4616.95,17.017717,-274.590709,-0.000716,0.048215
326868,1096,3348.392,1000,4631.51,16.388613,-275.153993,0.001771,0.045617
327868,1097,3423.661,1000,4647.98,19.320846,-275.28143,-0.001049,0.047157
328868,1098,3371.633,1000,4665.03,18.082774,-275.360495,0.001108,0.045448
329868,1099,3346.55,1000,4679.03,17.896687,-275.246608,-5.4e-05,0.045509
330231,1100,1264.928,363,4689.96,20.515714,-275.132118,-0.003859,0.047556
330552,1101,1121.714,321,4694.63,21.627461,-275.749673,0.000768,0.047264
330851,1102,1025.929,299,4698.93,20.294508,-275.612544,-0.000215,0.047317
331125,1103,968.1,274,4702.54,16.879173,-275.390676,-0.001371,0.047896
332125,1104,3416.704,1000,4717.22,18.979134,-275.444171,0.000223,0.047622
333125,1105,3404.635,1000,4732.04,18.072488,-275.664214,7.2e-05,0.047426
333396,1106,950.459,271,4736.09,15.295351,-276.14365,-0.000245,0.047578
334396,1107,3360.649,1000,4750.63,16.172291,-276.098055,0.00022,0.047237
335396,1108,3344.22,1000,4765.91,19.863516,-275.826672,-0.000573,0.048076
336396,1109,3379.233,1000,4780.26,17.625594,-276.271203,-0.000165,0.048403
336688,1110,1014.131,292,4783.86,14.558668,-276.360365,-0.000748,0.048686
337688,1111,3392.639,1000,4797.59,18.544184,-276.276354,-0.000497,0.049416
337978,1112,1015.828,290,4801.83,23.472615,-276.544262,0.000427,0.049427
338978,1113,3357.292,1000,4814.68,21.093367,-276.518329,0.001565,0.046981
339291,1114,1081.606,313,4818.97,14.972912,-276.922362,0.001334,0.046356
339549,1115,882.131,258,4822.62,15.937986,-276.882963,-0.000367,0.046365
339957,1116,1432.644,408,4828.42,18.750666,-276.673057,0.000681,0.046076
340957,1117,3386.574,1000,4846.23,19.890883,-276.62295,-0.000949,0.047461
341206,1118,871.419,249,4849.57,24.068347,-276.726942,0.001861,0.046765
341483,1119,981.026,277,4853.46,26.48376,-276.012419,-0.00104,0.047146
342483,1120,3384.509,1000,4868.72,17.780194,-277.075814,-0.000997,0.048728
343483,1121,3372.229,1000,4884.08,18.646131,-276.880574,-0.000179,0.049114
343819,1122,1175.981,336,4888.55,21.452089,-277.051735,-0.001858,0.05011
344819,1123,3364.867,1000,4901.98,15.5549,-277.263073,0.002387,0.046535
345096,1124,945.079,277,4906.04,16.889937,-277.332972,0.001168,0.046009
345341,1125,847.554,245,4909.54,20.383292,-277.878231,0.00188,0.045311
345695,1126,1217.205,354,4914.47,23.298702,-277.458264,-0.000105,0.045387
346000,1127,1029.817,305,4918.37,17.592942,-277.387047,-0.001863,0.04632
347000,1128,3335.814,1000,4932.54,17.398805,-277.548818,7.7e-05,0.04616
347251,1129,855.423,251,4936.3,12.910348,-277.346869,0.000898,0.04583
347474,1130,747.33,223,4939.23,23.93834,-277.478587,0.000322,0.045737
347797,1131,1110.222,323,4943.49,15.841584,-277.040166,-0.000525,0.045969
348091,1132,1028.032,294,4947.31,18.416774,-277.270238,0.001235,0.045302
349091,1133,3369.99,1000,4961.08,15.634631,-277.84056,2.2e-05,0.045295
350091,1134,3351.179,1000,4975.42,17.415972,-277.659248,3.7e-05,0.045271
351091,1135,3341.376,1000,4989.3,17.551849,-277.917426,-0.000721,0.046363
352091,1136,3332.896,1000,5002.84,17.75489,-278.049511,-0.000319,0.0469
353091,1137,3375.382,1000,5016.52,18.70683,-277.992603,0.001078,0.045284
354091,1138,3393.471,1000,5030.05,14.824555,-278.407533,0.00053,0.044405
355091,1139,3415.081,1000,5043.5,16.572239,-278.440559,0.00011,0.04425
356091,1140,3369.121,1000,5057.36,19.454746,-278.354995,0.000381,0.043724
357091,1141,3344.103,1000,5071.87,17.035829,-278.476493,-0.000733,0.0448
357440,1142,1256.353,349,5076.91,16.987379,-278.901474,0.000224,0.044692
357807,1143,1311.695,367,5082.34,15.937686,-278.885157,-0.000763,0.045114
358044,1144,813.536,237,5086.27,18.913765,-278.515804,-0.000827,0.045369
358289,1145,862.7,245,5090.41,15.174007,-278.55739,-0.003294,0.046708
358712,1146,1516.245,423,5096.79,19.461724,-278.727109,0.000946,0.046109
358995,1147,1008.527,283,5101.22,12.697367,-278.72943,-0.000819,0.046487
359995,1148,3364.9,1000,5116.78,14.399647,-278.889711,0.001048,0.04482
360995,1149,3389.247,1000,5137.55,18.342509,-279.008497,-0.00017,0.045092
361422,1150,1517.793,427,5143.78,18.257092,-278.83767,-0.001328,0.045912
361722,1151,1021.843,300,5147.91,24.968676,-278.717145,0.00312,0.044581
361963,1152,839.69,241,5150.98,18.901353,-278.994968,-0.000541,0.04478
362253,1153,1002.503,290,5154.98,13.117598,-278.861503,0.001059,0.044343
362548,1154,1011.918,295,5158.81,24.244165,-279.092773,-0.000503,0.044434
362829,1155,985.908,281,5162.81,17.975829,-279.367897,-0.004214,0.046325
363031,1156,647.483,202,5165.73,15.334262,-278.627068,-0.001086,0.046629
363386,1157,1250.488,355,5170.67,15.335319,-279.0492,0.001686,0.045788
363679,1158,1021.906,293,5174.44,14.432779,-279.289863,0.001338,0.045279
364679,1159,3334.329,1000,5187.63,16.363271,-279.18229,-0.000295,0.045574
364952,1160,953.041,273,5191.96,15.570413,-279.319673,0.001928,0.044798
365253,1161,1034.373,301,5195.89,20.745572,-279.305006,-0.000185,0.044877
365606,1162,1278.689,353,5201.13,19.142284,-278.765679,-0.000312,0.045097
366606,1163,3371.065,1000,5216.19,14.728712,-279.293139,-0.000287,0.045561
367606,1164,3358.901,1000,5231.52,15.417881,-279.356941,0.000974,0.044058
367883,1165,987.312,277,5236.19,15.818201,-279.534235,-0.0003,0.044159
368165,1166,965.149,282,5240.94,12.890242,-279.220905,0.000738,0.043776
369165,1167,3389.375,1000,5255.03,16.385335,-279.115983,0.000403,0.043228
370165,1168,3355.062,1000,5274.07,14.624406,-279.327034,-0.000217,0.043437
371165,1169,3339.969,1000,5288.02,15.362038,-279.545587,0.000348,0.042973
371476,1170,1093.116,311,5291.95,11.837009,-279.732248,0.000373,0.042732
372476,1171,3343.0,1000,5306.08,16.441936,-279.81752,8.7e-05,0.042665
373476,1172,3356.354,1000,5318.99,17.524502,-279.894618,-0.00147,0.044986
373750,1173,972.318,274,5322.71,20.246745,-279.868801,-0.000737,0.045345
374750,1174,3347.03,1000,5336.16,17.696907,-279.619196,0.000459,0.044555
375750,1175,3392.863,1000,5349.73,15.594782,-280.130925,-0.000166,0.044948
376053,1176,1067.192,303,5354.05,16.366821,-280.001944,0.000155,0.044774
377053,1177,3319.044,1000,5367.08,14.752667,-279.993236,-0.000111,0.045042
378053,1178,3366.978,1000,5381.06,16.629041,-280.223104,0.000343,0.044441
379053,1179,3387.203,1000,5394.29,13.945347,-280.440513,0.000401,0.043822
379448,1180,1387.707,395,5399.97,14.170974,-280.600008,-6.8e-05,0.043797
379786,1181,1188.817,338,5404.62,20.202051,-280.36861,0.000236,0.043778
380786,1182,3370.425,1000,5423.77,15.130502,-280.67013,-0.000468,0.044484
381091,1183,1077.427,305,5428.45,16.681914,-280.996737,0.002032,0.043564
382091,1184,3352.834,1000,5443.35,16.132008,-280.723461,0.001031,0.041935
383091,1185,3400.84,1000,5457.95,16.51898,-280.760652,-0.001487,0.044182
384091,1186,3376.504,1000,5473.55,17.155567,-281.140107,0.00043,0.043478
385091,1187,3392.941,1000,5488.66,15.070033,-281.080315,-0.000849,0.044838
386091,1188,3351.626,1000,5501.43,18.19245,-281.221841,0.000214,0.044576
387091,1189,3365.572,1000,5515.62,13.372465,-281.618292,0.00012,0.044354
388091,1190,3375.357,1000,5528.62,18.1166,-281.681559,0.000626,0.04332
389091,1191,3377.342,1000,5542.69,14.684098,-282.10041,0.000629,0.042344
390091,1192,3360.339,1000,5562.84,17.019657,-282.258645,0.00031,0.041847
391091,1193,3386.146,1000,5577.48,15.169436,-282.360157,-0.000417,0.04255
391400,1194,1070.523,309,5582.44,17.087601,-282.55702,-0.000243,0.042702
392400,1195,3357.854,1000,5597.89,13.82172,-282.585129,-1.9e-05,0.042674
393400,1196,3373.169,1000,5612.5,13.262323,-282.638659,0.00062,0.041703
393742,1197,1215.6,342,5617.37,14.881817,-282.589143,0.000378,0.041471
394742,1198,3377.247,1000,5631.03,13.234801,-282.896762,-0.000691,0.042602
395742,1199,3374.506,1000,5644.86,14.216595,-283.080906,0.000691,0.04157
396041,1200,1029.906,299,5649.16,13.993875,-283.228697,-0.000869,0.041844
397041,1201,3358.49,1000,5662.32,14.528048,-283.273579,-0.000449,0.042588
398041,1202,3360.361,1000,5675.96,11.508267,-283.533528,0.000992,0.041063
399041,1203,3397.317,1000,5690.31,13.602993,-283.371822,-4.4e-05,0.04113
399347,1204,1054.257,306,5694.51,18.988778,-283.714829,-0.000422,0.041328
400347,1205,3360.791,1000,5713.69,13.742912,-283.638649,-0.000551,0.04225
401347,1206,3407.511,1000,5727.86,15.556072,-284.245227,-0.000233,0.042564
402347,1207,3394.207,1000,5740.75,13.464535,-284.51804,0.000948,0.04114
402671,1208,1123.791,324,5745.47,13.614745,-284.029772,-0.001036,0.041627
403671,1209,3413.257,1000,5759.12,12.404901,-284.747869,0.000333,0.041124
403997,1210,1130.651,326,5763.34,12.930548,-285.179285,-0.000392,0.041355
404301,1211,1044.162,304,5767.71,17.259563,-284.588169,0.001138,0.040855
404704,1212,1415.818,403,5773.47,21.872013,-284.749476,0.000239,0.04062
405704,1213,3388.453,1000,5786.98,14.689929,-284.901953,9.9e-05,0.040448
406704,1214,3404.082,1000,5801.87,16.559341,-284.74518,-0.000372,0.041153
407704,1215,3381.841,1000,5816.99,13.362974,-285.101118,0.000233,0.040747
408704,1216,3382.112,1000,5832.43,14.220455,-285.168169,0.000148,0.040503
409704,1217,3361.671,1000,5847.42,13.781604,-285.364373,0.000207,0.040187
410704,1218,3380.411,1000,5867.25,13.997847,-285.434442,0.000599,0.039294
411704,1219,3387.582,1000,5881.04,12.758594,-285.891042,-0.000161,0.039543
412704,1220,3414.771,1000,5894.12,16.913466,-286.243812,0.000153,0.039339
413704,1221,3402.221,1000,5907.94,15.003487,-286.132469,-0.000681,0.040326
414704,1222,3359.524,1000,5923.38,15.725853,-286.233397,-0.000448,0.041058
415704,1223,3376.864,1000,5938.27,14.768784,-286.560984,0.000824,0.039739
416704,1224,3361.71,1000,5953.86,15.328083,-287.00917,-0.000438,0.040476
417704,1225,3401.003,1000,5968.99,11.045312,-286.992728,-0.000534,0.041255
418704,1226,3369.907,1000,5982.51,12.456059,-286.976452,0.001548,0.038975
419704,1227,3389.4,1000,5996.44,12.911529,-287.36233,-0.00028,0.039365
420704,1228,3372.242,1000,6016.11,15.315638,-287.676054,-0.001407,0.041653
421704,1229,3394.456,1000,6029.72,15.87782,-287.662622,0.002027,0.038613
422704,1230,3408.488,1000,6043.11,12.189027,-287.724255,-0.000791,0.039874
423704,1231,3408.081,1000,6056.32,13.91815,-287.894202,0.000306,0.039283
424704,1232,3403.46,1000,6070.46,11.687681,-288.001216,-0.00113,0.041084
425704,1233,3410.2,1000,6083.35,12.438747,-288.262553,-9.3e-05,0.041316
426704,1234,3380.857,1000,6097.86,14.501293,-288.656054,0.000243,0.040956
427704,1235,3429.859,1000,6111.1,14.660091,-288.57631,-0.000441,0.041625
428704,1236,3416.624,1000,6125.03,11.303469,-288.905647,0.001831,0.038779
429704,1237,3400.577,1000,6138.93,11.842056,-289.11599,-0.000553,0.039599
430704,1238,3434.055,1000,6160.29,14.277418,-289.230545,0.000187,0.039304
431704,1239,3416.843,1000,6174.93,14.08066,-289.242022,-7.2e-05,0.039511
432704,1240,3411.964,1000,6190.12,14.646034,-289.583767,4e-05,0.039521
433704,1241,3383.054,1000,6204.02,13.906664,-289.853341,0.001443,0.037311
434704,1242,3397.494,1000,6217.2,14.681299,-289.791005,-0.001173,0.038951
435704,1243,3416.655,1000,6231.15,12.271682,-289.855977,0.000495,0.038278
436704,1244,3399.197,1000,6244.45,11.612921,-290.139914,0.000388,0.03774
437704,1245,3400.639,1000,6258.27,13.519431,-290.300024,-0.000224,0.038038
438704,1246,3375.257,1000,6272.73,16.053522,-290.553201,-7e-06,0.038045
439704,1247,3409.409,1000,6287.88,12.181465,-290.65989,-0.000723,0.039189
440704,1248,3407.97,1000,6311.32,13.489593,-290.734044,9.1e-05,0.039013
441704,1249,3383.671,1000,6326.99,13.124737,-291.119417,0.000246,0.038607
442704,1250,3417.386,1000,6341.26,13.078964,-291.16584,-0.000416,0.039321
443704,1251,3424.333,1000,6354.56,13.668869,-291.326055,-0.00019,0.039545
444704,1252,3419.545,1000,6368.61,13.347594,-291.53688,0.000182,0.039301
445704,1253,3392.891,1000,6382.09,14.733161,-291.576962,-3.4e-05,0.039339
446704,1254,3406.409,1000,6395.37,14.273767,-291.736994,-9.4e-05,0.039469
447704,1255,3385.759,1000,6408.76,12.286041,-291.898529,0.000277,0.039033
448704,1256,3404.448,1000,6421.9,13.49906,-291.802167,0.000746,0.037964
449704,1257,3423.962,1000,6435.69,14.538476,-292.146394,0.000102,0.03781
450704,1258,3411.362,1000,6454.76,13.86034,-292.314442,0.000269,0.037343
451704,1259,3417.613,1000,6468.88,11.556868,-292.476508,-0.000502,0.038133
452704,1260,3375.5,1000,6481.93,13.503574,-292.568405,-0.000534,0.038956
453704,1261,3403.713,1000,6496.31,11.889981,-292.870812,0.000114,0.03881
454704,1262,3416.608,1000,6510.29,12.922424,-293.008299,-0.000281,0.039191
455704,1263,3417.038,1000,6525.05,11.465092,-293.371213,3e-05,0.039155
456022,1264,1125.349,318,6529.81,13.34374,-293.394282,0.001684,0.038476
457022,1265,3408.758,1000,6544.27,13.530047,-293.293798,-0.000716,0.039442
458022,1266,3430.197,1000,6560.33,12.805025,-293.640578,-5e-05,0.039484
459022,1267,3390.909,1000,6574.23,13.886432,-293.655123,0.00118,0.037657
460022,1268,3396.736,1000,6593.3,12.349971,-293.704148,-0.000485,0.038439
461022,1269,3390.568,1000,6607.32,13.856184,-293.666551,0.000397,0.037787
462022,1270,3400.591,1000,6620.78,12.250115,-293.971935,-0.001036,0.039454
463022,1271,3395.031,1000,6635.65,11.940858,-294.057949,0.000798,0.038111
464022,1272,3386.373,1000,6650.52,10.692105,-294.168918,6.7e-05,0.038102
465022,1273,3388.7,1000,6666.69,11.149286,-294.172403,-0.000646,0.039079
466022,1274,3411.548,1000,6682.68,12.219127,-294.667089,0.000657,0.038075
467022,1275,3432.308,1000,6695.95,12.357132,-294.822427,-0.000188,0.038309
468022,1276,3411.432,1000,6710.14,12.178831,-295.199035,0.000601,0.037537
468129,1277,255.841,107,6711.59,10.266946,-295.135771,-0.000868,0.037623
469129,1278,3415.707,1000,6724.88,11.871514,-295.202081,8.3e-05,0.037503
470129,1279,3423.417,1000,6744.44,13.753064,-295.373817,4.7e-05,0.037446
471129,1280,3408.865,1000,6757.92,16.356439,-295.800001,5e-05,0.037386
472129,1281,3407.372,1000,6771.39,14.125553,-295.857253,-0.000163,0.03755
473129,1282,3433.675,1000,6785.1,13.498409,-295.791615,0.000378,0.036975
474129,1283,3416.784,1000,6798.54,13.347653,-296.103738,-6e-06,0.037065
475129,1284,3416.679,1000,6812.5,10.815335,-296.313942,0.001103,0.035449
476129,1285,3387.734,1000,6825.43,12.383037,-296.413287,-0.000687,0.036521
477129,1286,3390.411,1000,6839.41,10.284623,-296.683555,-0.000469,0.037045
478129,1287,3413.208,1000,6852.43,11.396315,-296.872368,-0.000178,0.037398
479129,1288,3427.298,1000,6866.32,12.980917,-297.024563,0.000459,0.036653
480129,1289,3421.589,1000,6888.24,11.232317,-297.32151,-0.000291,0.037167
481129,1290,3393.011,1000,6903.19,11.832537,-297.470466,0.000652,0.036138
482129,1291,3417.796,1000,6917.78,11.932688,-297.565994,-0.000124,0.03636
483129,1292,3399.666,1000,6931.65,13.512644,-297.679083,-0.000508,0.037123
484129,1293,3414.91,1000,6946.04,11.102847,-297.765257,0.001039,0.035527
485129,1294,3402.079,1000,6959.06,10.184468,-297.883845,-1.9e-05,0.035543
486129,1295,3423.048,1000,6972.9,12.448953,-297.973356,-0.000549,0.036422
487129,1296,3421.704,1000,6985.94,12.33335,-298.095064,-0.000687,0.03749
488129,1297,3421.071,1000,7000.77,10.486503,-298.272525,-0.000156,0.037741
489129,1298,3437.953,1000,7015.7,11.874017,-298.588884,0.001016,0.036227
490129,1299,3412.94,1000,7039.86,11.857942,-298.596671,-3.1e-05,0.036306
491129,1300,3413.676,1000,7054.62,13.99744,-298.704574,-7.2e-05,0.03645
492129,1301,3407.876,1000,7067.77,13.548072,-298.97067,-2e-06,0.036428
493129,1302,3420.014,1000,7082.31,14.741225,-299.012667,0.000249,0.035989
494129,1303,3435.759,1000,7095.52,11.632112,-299.494561,0.000177,0.035701
495129,1304,3387.851,1000,7109.73,12.77027,-299.324861,0.000237,0.035362
496129,1305,3391.936,1000,7122.9,12.916831,-299.845052,0.000187,0.035038
497129,1306,3420.641,1000,7136.41,13.892658,-299.775924,-0.000517,0.035864
497897,1307,2713.583,768,7146.71,12.908346,-300.003693,0.000222,0.035643
498897,1308,3424.591,1000,7160.66,12.295914,-300.38522,0.000358,0.03512
499897,1309,3407.66,1000,7174.19,11.243073,-300.290413,-0.00021,0.035488
500897,1310,3413.228,1000,7193.91,12.427889,-300.443211,0.000281,0.035023
501897,1311,3406.521,1000,7208.02,10.403222,-300.520316,-0.000639,0.036058
502228,1312,1128.027,331,7212.63,10.74215,-300.780416,0.001869,0.035097
503228,1313,3453.652,1000,7225.96,14.145122,-300.60011,-0.000643,0.036009
503610,1314,1335.366,382,7231.57,12.133297,-300.621619,0.000843,0.035549
504610,1315,3420.448,1000,7246.75,10.685961,-300.763436,-0.00037,0.036024
505610,1316,3404.239,1000,7262.0,12.481388,-300.849785,-8.9e-05,0.0362
506610,1317,3441.388,1000,7277.4,10.583273,-300.99704,0.001009,0.034705
507610,1318,3432.502,1000,7292.14,11.835167,-300.979248,-0.000568,0.035593
508610,1319,3430.167,1000,7305.26,9.459425,-301.238551,0.000672,0.03455
509610,1320,3429.388,1000,7319.04,11.268364,-301.280685,-0.000594,0.035485
510610,1321,3411.253,1000,7338.41,11.040498,-301.49887,-0.00049,0.036151
511610,1322,3422.052,1000,7353.05,11.190061,-301.493132,0.001076,0.034619
512610,1323,3435.332,1000,7367.56,10.565816,-301.642999,6.4e-05,0.034498
513610,1324,3402.651,1000,7382.04,11.141314,-301.951475,-0.00051,0.035298
514610,1325,3422.365,1000,7397.13,11.953229,-301.807716,0.000543,0.034537
515610,1326,3428.724,1000,7411.33,10.6029,-302.058882,-0.000704,0.035582
516610,1327,3459.22,1000,7425.54,13.393767,-301.994279,0.000326,0.035019
517610,1328,3414.367,1000,7439.13,9.759436,-301.822104,-0.000285,0.035436
518610,1329,3421.088,1000,7453.85,12.656566,-302.206249,-4.6e-05,0.035566
519610,1330,3413.025,1000,7467.49,11.33491,-302.265512,-3.6e-05,0.035633
520610,1331,3411.39,1000,7488.73,10.499871,-302.217212,0.000371,0.035037
521610,1332,3404.807,1000,7503.03,9.597161,-302.23781,-0.000216,0.035299
522610,1333,3434.003,1000,7516.99,13.129232,-302.388957,0.000463,0.034722
523610,1334,3405.051,1000,7530.9,11.918547,-302.737374,0.000132,0.034483
524610,1335,3417.9,1000,7545.21,11.232369,-302.54504,3.1e-05,0.034404
525610,1336,3402.683,1000,7559.51,9.00386,-302.712581,0.00017,0.034196
526610,1337,3408.275,1000,7573.0,9.965436,-302.730861,0.000317,0.03372
527610,1338,3422.373,1000,7586.68,12.182755,-302.843437,0.000427,0.033041
528610,1339,3400.225,1000,7600.91,10.46626,-303.028613,-0.001247,0.034993
529610,1340,3439.301,1000,7614.79,11.325251,-303.384058,0.000402,0.034451
530610,1341,3416.7,1000,7635.3,9.180124,-303.255579,5.5e-05,0.034314
530953,1342,1207.874,343,7639.8,10.138269,-303.541928,-0.001346,0.035056
531953,1343,3421.016,1000,7652.96,14.40818,-303.413965,-5e-06,0.035001
532953,1344,3415.72,1000,7667.37,11.531581,-303.300907,0.000247,0.034679
533953,1345,3402.439,1000,7681.16,14.318331,-303.288311,6.3e-05,0.034599
534953,1346,3432.065,1000,7694.7,8.72216,-303.522052,-0.000909,0.035975
535953,1347,3404.342,1000,7708.48,11.552133,-303.737388,0.000735,0.034861
536953,1348,3381.51,1000,7723.54,11.884774,-303.889418,0.000331,0.034381
537953,1349,3402.269,1000,7738.54,13.066722,-303.824892,-2.1e-05,0.034421
538953,1350,3393.82,1000,7754.38,11.008286,-304.170888,0.000662,0.033314
539953,1351,3422.113,1000,7769.72,9.86104,-304.015588,0.000522,0.032604
540953,1352,3411.946,1000,7787.78,13.554797,-304.21295,-0.000491,0.033291
541953,1353,3399.932,1000,7802.02,9.621282,-304.233427,-0.00022,0.033679
542953,1354,3403.448,1000,7815.42,10.199389,-304.484686,0.000249,0.033246
543953,1355,3392.006,1000,7829.36,9.524964,-304.466591,-1e-05,0.033221
544953,1356,3391.215,1000,7842.46,10.708506,-304.447572,5.8e-05,0.033227
545953,1357,3428.876,1000,7855.82,11.41908,-304.546284,0.00011,0.033147
546953,1358,3418.784,1000,7869.82,9.059572,-304.477968,-8.6e-05,0.033205
547953,1359,3420.108,1000,7882.71,8.498574,-304.732066,-0.000689,0.034192
548953,1360,3427.001,1000,7896.92,9.281465,-304.978,0.000259,0.033926
549953,1361,3419.735,1000,7909.98,10.751931,-305.019169,-0.000404,0.034513
550953,1362,3400.861,1000,7929.85,11.008044,-305.117512,0.000333,0.034068
551953,1363,3438.949,1000,7943.33,9.892597,-305.297534,0.000373,0.033478
552953,1364,3426.647,1000,7958.3,12.317008,-305.367288,0.00012,0.033255
553953,1365,3430.313,1000,7973.33,12.296657,-305.556178,-0.001053,0.034959
554286,1366,1176.148,333,7978.33,12.754391,-305.307068,0.001531,0.034144
555286,1367,3388.574,1000,7994.06,10.171411,-305.617321,0.000587,0.033285
556286,1368,3426.409,1000,8008.96,12.040239,-305.501264,1.5e-05,0.033193
557286,1369,3416.426,1000,8022.46,12.510742,-305.757915,-0.000292,0.03367
557678,1370,1397.436,392,8028.12,12.636225,-305.305754,0.000417,0.033404
558005,1371,1145.976,327,8032.69,6.562717,-306.038094,-0.000497,0.033682
558445,1372,1580.661,440,8038.34,11.90016,-305.477325,-9.7e-05,0.033688
559445,1373,3388.777,1000,8052.04,8.542217,-305.609789,0.000225,0.033395
560445,1374,3401.278,1000,8072.48,13.637542,-305.716509,-0.001502,0.035736
560747,1375,1054.757,302,8076.84,11.551281,-305.66546,0.000247,0.035627
561093,1376,1224.193,346,8081.71,11.18423,-305.769127,0.000507,0.03536
562093,1377,3412.728,1000,8097.19,8.869419,-305.791648,0.001042,0.033774
563093,1378,3432.879,1000,8112.95,10.595549,-305.500362,8.8e-05,0.033586
564093,1379,3400.291,1000,8127.68,8.564556,-305.968224,-2.9e-05,0.033655
565093,1380,3407.809,1000,8141.88,11.636401,-306.285863,0.000404,0.032967
566093,1381,3405.053,1000,8154.99,9.344868,-306.178273,0.000208,0.03272
567093,1382,3429.835,1000,8169.37,9.348285,-306.087808,-0.000281,0.03303
568093,1383,3401.185,1000,8183.66,9.166339,-306.450491,1e-06,0.03311
569093,1384,3423.951,1000,8197.07,12.248082,-306.429874,0.000536,0.032229
570093,1385,3418.548,1000,8216.03,11.849131,-306.252548,-0.000846,0.033659
571093,1386,3421.519,1000,8229.66,8.44198,-306.568746,-0.000335,0.034117
572093,1387,3417.986,1000,8243.26,9.4967,-306.60036,0.001484,0.031932
573093,1388,3421.413,1000,8256.72,10.302192,-306.490071,-0.000545,0.032766
574093,1389,3400.66,1000,8270.81,9.350313,-306.902136,-0.000661,0.033775
575093,1390,3424.162,1000,8283.86,11.630874,-307.134463,-0.000124,0.033908
576093,1391,3428.451,1000,8298.31,9.282382,-307.106681,-0.000652,0.035029
577093,1392,3402.434,1000,8311.96,8.244308,-307.055614,0.000914,0.03356
578093,1393,3412.788,1000,8326.59,9.767993,-306.80109,-0.000814,0.034812
579093,1394,3413.801,1000,8341.31,9.995932,-307.125676,0.000517,0.034089
580093,1395,3415.868,1000,8364.02,9.298684,-307.243233,-0.000398,0.034688
581093,1396,3405.662,1000,8378.37,10.300334,-307.428742,0.000416,0.034015
582093,1397,3406.104,1000,8391.69,10.786914,-307.194492,0.000282,0.033615
583093,1398,3418.25,1000,8405.76,9.690445,-307.439069,0.000264,0.03315
584093,1399,3424.639,1000,8418.88,9.862328,-307.39671,-6.4e-05,0.033264
584461,1400,1293.666,368,8424.1,7.965417,-307.489077,-0.001271,0.03407
585461,1401,3396.904,1000,8438.81,11.467388,-307.591416,-9.6e-05,0.0342
586461,1402,3408.032,1000,8453.74,8.265885,-307.44265,0.000516,0.033426
587461,1403,3426.92,1000,8469.46,9.562034,-307.341576,-1.1e-05,0.033391
588461,1404,3412.65,1000,8485.52,10.144503,-307.555083,0.000432,0.032739
589461,1405,3433.0,1000,8498.27,9.96632,-307.950185,-0.000352,0.033209
590461,1406,3431.61,1000,8518.07,8.189489,-307.884009,-0.000512,0.034103
591461,1407,3420.224,1000,8531.03,9.713759,-307.988511,0.001275,0.032142
592461,1408,3430.694,1000,8545.26,10.622938,-307.965342,5.3e-05,0.032125
592917,1409,1597.859,456,8551.23,10.246454,-308.189604,0.000565,0.03165
593917,1410,3405.861,1000,8564.84,9.775919,-307.738172,-0.001453,0.033954
594917,1411,3422.715,1000,8577.84,11.311112,-307.864489,0.000297,0.033491
595917,1412,3407.982,1000,8592.0,11.678879,-308.093221,-1.7e-05,0.033463
596917,1413,3414.554,1000,8605.03,9.4581,-308.062527,0.000381,0.032925
597917,1414,3426.178,1000,8618.98,9.949905,-308.412519,0.000517,0.032086
598917,1415,3406.427,1000,8632.54,8.704144,-308.285381,-0.000462,0.032767
599917,1416,3402.213,1000,8645.93,8.742884,-308.505523,0.000245,0.032451
600917,1417,3405.74,1000,8665.83,11.559157,-308.445808,0.000828,0.031156
601917,1418,3422.079,1000,8680.99,11.22886,-308.650127,-0.00121,0.032965
602917,1419,3423.553,1000,8696.92,10.800866,-308.528842,0.000382,0.03242
603917,1420,3456.43,1000,8712.89,6.942878,-308.734456,-0.000467,0.033116
604917,1421,3452.147,1000,8727.26,10.856368,-308.902212,0.000747,0.032013
605917,1422,3411.895,1000,8740.49,9.534536,-308.900469,0.00055,0.0312
606917,1423,3423.646,1000,8754.2,9.409302,-308.961199,-0.00045,0.031901
607917,1424,3430.05,1000,8767.52,11.653591,-308.916851,-1.9e-05,0.031918
608917,1425,3420.875,1000,8780.84,9.578891,-309.034464,-0.000133,0.032168
609917,1426,3421.917,1000,8794.82,9.014014,-309.233334,0.000124,0.031905
610917,1427,3536.588,1000,8812.09,9.012341,-309.411329,0.000303,0.03151
611917,1428,3452.049,1000,8827.28,11.3429,-309.222253,-0.000252,0.031892
612917,1429,3458.998,1000,8843.18,8.69474,-309.097138,-0.000951,0.033472
613917,1430,3417.85,1000,8857.43,7.334682,-309.517281,0.001173,0.031615
614917,1431,3391.0,1000,8870.47,8.578343,-309.612496,0.000146,0.031388
615248,1432,1148.179,331,8875.27,8.617717,-309.559384,-0.001421,0.032193
616248,1433,3427.36,1000,8888.59,9.644678,-309.566536,0.0004,0.031534
617248,1434,3435.623,1000,8902.22,8.595177,-309.601514,0.000508,0.030781
618248,1435,3461.673,1000,8915.59,9.4983,-309.530933,-0.000634,0.031633
619248,1436,3426.807,1000,8929.63,9.399411,-309.788172,0.000338,0.031268
619669,1437,1488.929,421,8935.14,9.868004,-309.53903,0.000504,0.030954
620669,1438,3415.336,1000,8950.63,8.589004,-310.02417,-0.000475,0.031645
621005,1439,1163.647,336,8955.46,11.842711,-310.411332,0.001121,0.031078
622005,1440,3420.238,1000,8968.43,9.31628,-309.940844,-0.000783,0.032299
622301,1441,1037.425,296,8972.73,8.538549,-310.31572,0.000251,0.032175
622614,1442,1096.764,313,8977.16,10.761873,-310.166803,-0.000136,0.032221
623614,1443,3421.285,1000,8990.37,8.404257,-310.262507,-0.000532,0.033136
624614,1444,3432.277,1000,9004.59,11.123844,-309.938301,-0.000242,0.033433
625614,1445,3452.334,1000,9017.6,9.66244,-310.438683,0.000799,0.032255
626614,1446,3425.671,1000,9032.49,8.798571,-310.42102,0.00108,0.030651
627614,1447,3419.742,1000,9047.28,9.540921,-310.134821,-0.000417,0.031298
628614,1448,3419.909,1000,9062.45,11.389933,-310.490783,-0.000755,0.032381
629614,1449,3399.807,1000,9077.88,9.745001,-310.444133,-0.000502,0.033203
630614,1450,3429.073,1000,9096.59,6.994558,-310.563981,0.000281,0.032829
631068,1451,1619.352,454,9102.42,10.934779,-310.558191,0.001078,0.031964
632068,1452,3440.704,1000,9116.53,9.913011,-310.712252,0.000625,0.031131
632382,1453,1107.159,314,9120.37,7.441016,-310.798237,-8.9e-05,0.031089
633029,1454,2306.698,647,9129.02,9.416294,-310.708035,-0.001373,0.032499
634029,1455,3436.725,1000,9142.56,8.093308,-310.772302,0.000506,0.031699
635029,1456,3455.35,1000,9156.64,7.194224,-310.332772,-1.8e-05,0.031783
635429,1457,1430.828,400,9162.62,8.359804,-310.733091,0.000719,0.031329
635756,1458,1159.71,327,9167.32,10.768344,-310.229333,0.000924,0.030944
636103,1459,1237.552,347,9172.63,8.219354,-310.333457,0.001261,0.030182
636426,1460,1140.233,323,9177.54,8.491938,-310.779651,-0.000721,0.030565
636864,1461,1559.338,438,9183.89,6.685617,-310.632025,-0.00094,0.031177
637864,1462,3435.787,1000,9199.11,8.463087,-310.365538,-0.000654,0.032222
638864,1463,3443.674,1000,9214.39,8.978498,-310.462716,7.5e-05,0.032183
639864,1464,3443.193,1000,9227.8,8.687533,-310.742232,0.000268,0.031724
640864,1465,3421.147,1000,9247.8,10.641602,-310.58892,-0.000408,0.032283
641864,1466,3439.447,1000,9260.95,9.203554,-310.872211,0.000258,0.031885
642864,1467,3424.989,1000,9274.7,10.157366,-310.809556,-0.000331,0.032482
643864,1468,3430.427,1000,9288.22,7.655505,-310.930249,6.1e-05,0.032402
644864,1469,3435.116,1000,9301.68,7.013184,-310.775892,0.000475,0.031656
645864,1470,3431.788,1000,9315.26,9.011715,-310.702141,-0.00011,0.031794
646864,1471,3448.035,1000,9328.97,9.624452,-310.9118,-0.000543,0.032681
647864,1472,3443.122,1000,9342.54,7.502446,-310.870541,-5.5e-05,0.032814
648864,1473,3432.755,1000,9356.08,8.537678,-310.654597,0.000308,0.032319
649864,1474,3449.108,1000,9370.14,7.224945,-310.745263,0.000109,0.032135
650864,1475,3430.58,1000,9389.85,8.866961,-310.904081,-5e-06,0.032168
651864,1476,3446.053,1000,9404.18,9.509089,-310.910673,-3.7e-05,0.032246
652864,1477,3459.115,1000,9419.06,8.735171,-310.933667,0.000495,0.031501
653864,1478,3430.369,1000,9434.03,8.27031,-311.081791,-0.000136,0.031712
654864,1479,3451.932,1000,9449.54,9.093923,-311.180154,0.000364,0.031082
655864,1480,3459.626,1000,9462.83,8.962585,-311.265204,-0.000787,0.032391
656864,1481,3441.961,1000,9476.78,7.841085,-311.282155,0.000862,0.031001
657864,1482,3453.232,1000,9489.81,8.380457,-311.237369,-0.000575,0.031917
658864,1483,3440.042,1000,9503.57,8.33573,-311.311395,0.000141,0.031689
659864,1484,3419.9,1000,9518.62,8.507522,-311.335057,-0.000221,0.032028
660864,1485,3450.748,1000,9540.02,8.198046,-311.474581,-0.000975,0.033568
661864,1486,3459.769,1000,9555.61,6.285113,-311.54681,0.001077,0.031873
662864,1487,3440.543,1000,9570.18,9.182548,-311.55884,0.000489,0.03113
663864,1488,3444.924,1000,9583.44,8.167369,-311.747489,-0.001068,0.032809
664864,1489,3446.013,1000,9597.17,9.286091,-312.100208,0.001002,0.031267
665864,1490,3437.056,1000,9611.1,8.457686,-311.898379,-9.6e-05,0.031403
666363,1491,1807.774,499,9617.92,6.452093,-311.848078,0.000468,0.031037
667363,1492,3439.94,1000,9630.93,8.75049,-312.048797,0.00025,0.030706
668363,1493,3467.223,1000,9644.45,10.053012,-312.464644,1.5e-05,0.030686
668635,1494,949.305,272,9648.06,7.515765,-312.20112,-0.000516,0.030782
668900,1495,928.852,265,9651.43,10.868601,-312.047435,8.3e-05,0.030893
669900,1496,3443.707,1000,9665.28,10.253908,-312.035979,-0.000648,0.031744
670900,1497,3432.642,1000,9680.55,8.619192,-312.334583,-9e-06,0.031823
671900,1498,3440.192,1000,9694.31,6.97388,-312.547224,0.000697,0.030846
672261,1499,1279.762,361,9699.15,8.115341,-312.194229,0.000575,0.030458
673261,1500,3415.044,1000,9712.78,8.250978,-312.344102,-0.000286,0.030882
674261,1501,3441.775,1000,9725.97,10.442933,-312.482789,-0.000169,0.031173
674599,1502,1208.798,338,9730.62,6.03328,-312.482707,0.000941,0.030661
674894,1503,1034.418,295,9734.8,7.991228,-312.315632,0.00072,0.030385
675894,1504,3448.404,1000,9748.84,8.067554,-312.270367,0.000181,0.030055
676894,1505,3470.768,1000,9763.61,6.924798,-312.438354,-0.000202,0.030369
677226,1506,1180.164,332,9768.57,8.351368,-312.445982,2.5e-05,0.03044
677524,1507,1045.544,298,9773.09,10.480843,-312.849697,0.001395,0.029747
677935,1508,1473.351,411,9779.68,7.491117,-312.269057,-0.001408,0.030658
678265,1509,1168.501,330,9784.68,9.386925,-312.55364,-0.00027,0.030781
679265,1510,3443.556,1000,9799.39,7.925885,-312.49273,0.000337,0.030276
679552,1511,1011.426,287,9803.35,12.865719,-312.397833,-0.000351,0.030378
679861,1512,1086.137,309,9807.74,9.168616,-312.228155,-0.000809,0.03079
680861,1513,3430.495,1000,9824.09,8.152484,-312.203916,-0.000383,0.031358
681237,1514,1330.97,376,9829.27,7.303279,-312.245076,0.000941,0.030829
682237,1515,3418.412,1000,9843.26,9.208567,-312.387754,0.000634,0.029911
682570,1516,1182.605,333,9847.73,5.951842,-312.663565,1.9e-05,0.02984
682889,1517,1142.868,319,9851.93,9.17588,-312.052365,-0.000553,0.030102
683155,1518,941.225,266,9855.21,8.226601,-312.534943,-0.001267,0.030622
683438,1519,1000.726,283,9859.01,7.057938,-312.250548,-0.001319,0.031224
684438,1520,3422.314,1000,9873.47,8.966072,-312.283484,0.000598,0.030348
685438,1521,3433.849,1000,9888.55,8.927495,-312.399584,-0.000226,0.030632
685754,1522,1106.824,316,9892.94,8.718449,-312.348545,-0.001083,0.031116
686152,1523,1419.847,398,9899.06,10.081349,-312.111191,0.00058,0.030902
686508,1524,1278.926,356,9904.31,7.808659,-312.093314,-6e-05,0.03089
686791,1525,995.99,283,9908.49,6.240374,-312.264707,0.000552,0.030668
687791,1526,3408.023,1000,9924.2,7.655048,-312.419457,-0.00018,0.030912
688791,1527,3434.364,1000,9937.23,9.984997,-312.378752,0.000713,0.029837
689791,1528,3452.321,1000,9951.42,8.840158,-312.405126,-0.000728,0.031
690791,1529,3466.448,1000,9971.02,8.366029,-312.346901,-0.000241,0.031385
691791,1530,3416.524,1000,9984.8,7.915406,-312.317475,-0.000153,0.031652
692791,1531,3450.724,1000,9998.17,10.566347,-312.206404,0.000435,0.031004
693092,1532,1042.672,301,10002.35,8.088527,-312.767043,0.00181,0.03022
694092,1533,3423.345,1000,10015.02,6.859242,-312.348528,0.000172,0.030009
695092,1534,3440.231,1000,10029.32,8.695538,-312.359548,-0.000298,0.030412
696092,1535,3407.757,1000,10042.31,7.262636,-312.433004,-0.001081,0.032059
697092,1536,3438.209,1000,10056.28,8.469931,-312.358352,0.000944,0.030734
698092,1537,3419.002,1000,10069.64,7.270247,-312.842851,0.000433,0.030121
698473,1538,1362.185,381,10075.11,8.25721,-312.431546,0.001001,0.029593
699473,1539,3465.076,1000,10088.4,9.098214,-312.756329,-0.000434,0.030184
700473,1540,3428.977,1000,10108.67,7.845283,-312.592932,0.001432,0.028028
701473,1541,3428.376,1000,10123.84,6.569105,-312.768368,-0.000601,0.02894
701799,1542,1151.201,326,10128.53,6.836265,-312.758102,-0.000415,0.029154
702799,1543,3455.44,1000,10143.95,11.23961,-313.003404,0.000118,0.028983
703799,1544,3437.786,1000,10159.03,8.231098,-312.682517,-1.6e-05,0.028989
704057,1545,895.358,258,10162.91,10.205091,-312.742335,0.000452,0.02882
705057,1546,3453.242,1000,10176.48,8.652423,-312.811583,-0.000991,0.030387
706057,1547,3474.263,1000,10190.91,8.015174,-312.977705,0.000123,0.030239
706373,1548,1113.388,316,10194.93,9.043974,-313.146726,-5.2e-05,0.030173
707373,1549,3436.901,1000,10208.73,8.284377,-313.103425,-0.000383,0.030741
708373,1550,3419.371,1000,10222.13,8.516814,-313.105681,0.000396,0.030262
709373,1551,3438.015,1000,10236.43,7.776324,-313.167907,-0.000351,0.030732
710373,1552,3403.388,1000,10257.88,7.542046,-312.957233,0.000208,0.030369
711373,1553,3413.446,1000,10273.72,7.662369,-313.067485,0.000126,0.030166
711649,1554,975.397,276,10278.08,7.498015,-313.344065,-0.001085,0.030681
712649,1555,3411.042,1000,10293.08,6.466682,-313.071047,0.000162,0.030415
712998,1556,1248.153,349,10297.94,9.543621,-313.335108,-0.000235,0.030542
713998,1557,3449.134,1000,10311.18,7.668438,-313.094329,-0.000541,0.031365
714998,1558,3426.831,1000,10325.53,10.535088,-313.144695,-1.3e-05,0.031397
715998,1559,3457.634,1000,10338.95,11.701737,-313.087959,-0.000997,0.032816
716327,1560,1173.722,329,10343.97,7.126972,-313.240154,0.001041,0.032357
717327,1561,3445.286,1000,10357.2,8.279391,-313.250344,0.000885,0.031106
718327,1562,3421.946,1000,10371.04,7.483334,-313.483533,0.000686,0.030065
719327,1563,3424.701,1000,10384.24,7.693672,-313.482256,0.000707,0.029073
719626,1564,1037.111,299,10388.38,6.135305,-313.303547,-0.000106,0.029082
720626,1565,3437.98,1000,10408.02,9.398875,-313.215525,-8.3e-05,0.029204
721626,1566,3454.105,1000,10421.46,7.755323,-313.609623,-0.000984,0.030673
722626,1567,3453.84,1000,10434.91,7.850638,-313.136648,-0.000427,0.031335
723626,1568,3426.216,1000,10448.84,8.103739,-313.411297,3e-05,0.031346
724626,1569,3445.6,1000,10462.11,7.350727,-313.568379,0.000634,0.030335
725626,1570,3474.049,1000,10476.28,8.284868,-313.452581,-0.000631,0.031308
726626,1571,3417.389,1000,10491.33,9.36825,-313.672875,7.4e-05,0.031188
727626,1572,3446.199,1000,10507.16,7.882026,-313.726646,-0.000473,0.032041
728626,1573,3420.901,1000,10522.95,7.435042,-313.875667,0.000253,0.031607
729626,1574,3427.705,1000,10536.67,9.44893,-313.841865,0.0004,0.030973
730626,1575,3473.941,1000,10556.4,9.220711,-313.758044,-0.000631,0.031993
731626,1576,3437.242,1000,10569.65,7.50853,-313.966003,0.000413,0.031296
732626,1577,3432.669,1000,10583.4,7.515562,-314.022967,0.000499,0.030593
733626,1578,3448.696,1000,10598.29,6.252473,-314.148546,0.000176,0.03037
734626,1579,3426.113,1000,10612.57,8.14111,-313.890536,-0.00063,0.031267
734964,1580,1198.298,338,10618.05,9.533604,-313.798936,0.000389,0.03117
735357,1581,1406.5,393,10624.28,8.99978,-314.31231,0.000636,0.030682
736357,1582,3426.553,1000,10639.6,7.392313,-314.370416,0.000217,0.030355
737357,1583,3425.033,1000,10653.26,8.271019,-314.208429,0.000505,0.029617
738357,1584,3460.235,1000,10667.45,7.593691,-314.04305,0.000433,0.028986
739357,1585,3452.051,1000,10680.69,8.195704,-314.200577,-0.000792,0.030198
740357,1586,3448.794,1000,10700.43,7.239144,-314.119788,0.000281,0.029853
741357,1587,3456.645,1000,10714.08,6.180989,-314.554647,0.000412,0.029174
742357,1588,3436.346,1000,10727.35,7.54815,-314.767576,0.000201,0.028832
742732,1589,1345.229,375,10732.2,8.737878,-314.444021,-0.001428,0.029665
743732,1590,3437.157,1000,10746.22,9.10386,-314.465098,0.000531,0.028901
744732,1591,3467.439,1000,10759.32,7.342447,-314.599933,-0.000759,0.030026
745732,1592,3445.868,1000,10773.36,7.15505,-314.903424,-9.3e-05,0.03009
746732,1593,3391.042,1000,10786.69,9.308787,-314.739087,0.000859,0.028889
747732,1594,3446.793,1000,10800.27,6.098004,-314.5908,-0.000549,0.029699
748732,1595,3420.646,1000,10813.89,8.446437,-314.715116,7.8e-05,0.029539
749732,1596,3458.213,1000,10827.93,8.245268,-314.757455,0.000325,0.029139
750732,1597,3453.941,1000,10849.6,6.645673,-314.898132,-0.000991,0.030603
751732,1598,3438.933,1000,10865.28,6.711823,-314.967979,-0.000464,0.031278
752732,1599,3413.753,1000,10880.38,6.802159,-314.852503,0.000127,0.031089
753732,1600,3430.827,1000,10894.12,7.481898,-314.946148,0.000217,0.030764
754732,1601,3438.726,1000,10908.04,9.861159,-315.044048,0.000491,0.030079
755035,1602,1067.187,303,10912.03,6.944625,-315.133596,0.002272,0.029033
756035,1603,3435.621,1000,10925.73,8.182688,-315.158703,-0.000736,0.030174
757035,1604,3450.186,1000,10938.84,8.388868,-315.082509,8.8e-05,0.03001
758035,1605,3440.859,1000,10953.2,6.689722,-315.143986,-0.000386,0.030591
759035,1606,3436.091,1000,10968.11,8.852263,-315.434902,-0.000546,0.03147
760035,1607,3441.01,1000,10990.41,8.330587,-315.53341,0.000757,0.030335
760395,1608,1284.094,360,10995.84,7.591117,-315.662077,0.001191,0.029686
761395,1609,3421.004,1000,11011.31,6.332951,-315.512765,0.000403,0.029071
762395,1610,3438.581,1000,11024.71,7.533166,-315.611823,-0.000232,0.029453
763395,1611,3438.194,1000,11038.75,7.639551,-315.628604,-8.3e-05,0.029575
764395,1612,3439.175,1000,11051.83,6.947177,-315.758454,0.000608,0.028655
764741,1613,1257.503,346,11056.83,6.861177,-315.526272,-0.000798,0.02901
765741,1614,3462.377,1000,11070.47,6.68594,-315.890927,-0.00068,0.030116
766064,1615,1159.002,323,11074.6,11.622257,-315.623028,0.00071,0.029777
767064,1616,3456.626,1000,11088.59,8.932458,-315.847649,-0.000322,0.030246
768064,1617,3457.427,1000,11101.49,6.629153,-315.698412,0.000458,0.029663
769064,1618,3453.373,1000,11115.85,9.049137,-315.949632,0.000538,0.028871
770064,1619,3452.618,1000,11132.54,8.641791,-315.918471,-0.000112,0.029055
770421,1620,1299.468,357,11137.68,5.807021,-316.578294,4.7e-05,0.029011
770769,1621,1234.38,348,11142.89,5.302191,-315.89087,-0.000343,0.029219
771769,1622,3432.885,1000,11156.2,7.567481,-315.837725,0.000906,0.027897
772081,1623,1096.347,312,11160.74,7.089316,-316.013396,-0.000389,0.028078
772460,1624,1339.398,379,11166.14,5.622385,-315.678754,-0.000953,0.028565
772808,1625,1242.124,348,11170.75,6.038592,-316.016368,-0.001385,0.029282
773808,1626,3441.374,1000,11184.32,8.96462,-316.092058,0.000543,0.028568
774808,1627,3420.285,1000,11199.18,7.655023,-316.058659,0.000539,0.027745
775808,1628,3428.065,1000,11213.8,8.812748,-316.072676,-0.000702,0.028764
776808,1629,3448.121,1000,11228.66,6.354044,-316.344773,-0.000931,0.030139
777808,1630,3454.652,1000,11244.61,9.268085,-316.100702,-0.000478,0.030805
778808,1631,3469.895,1000,11257.93,6.29662,-316.096082,0.000667,0.029868
779808,1632,3439.999,1000,11272.03,6.712113,-316.092894,0.000716,0.028791
780175,1633,1319.826,367,11282.63,7.317802,-315.969444,-0.000718,0.029172
781175,1634,3414.1,1000,11296.04,9.205784,-316.046218,-0.000288,0.029644
782175,1635,3425.652,1000,11310.22,6.439171,-316.260324,-5.4e-05,0.029735
783175,1636,3450.312,1000,11324.82,6.579585,-316.217225,0.000543,0.028894
784175,1637,3453.126,1000,11340.1,6.679293,-316.290105,-0.000267,0.029295
785175,1638,3428.391,1000,11356.04,5.709748,-316.46605,0.000864,0.028081
786175,1639,3436.204,1000,11371.18,6.581239,-316.386878,0.000144,0.027909
787175,1640,3419.173,1000,11385.12,7.23586,-316.528478,-0.000677,0.028852
788175,1641,3429.255,1000,11398.71,6.639007,-316.474941,2.5e-05,0.028873
789175,1642,3447.412,1000,11412.73,5.921405,-316.542709,0.000502,0.027992
790175,1643,3479.656,1000,11432.26,7.724876,-316.63416,-0.000759,0.029202
791175,1644,3449.942,1000,11445.49,8.045117,-316.655748,0.000517,0.028455
792175,1645,3458.33,1000,11459.26,8.018748,-316.484277,-0.000953,0.029873
793175,1646,3449.446,1000,11472.47,6.313357,-316.665484,0.000774,0.028692
794175,1647,3435.137,1000,11486.77,6.751422,-316.853915,0.000404,0.028211
795175,1648,3434.172,1000,11499.79,8.478967,-316.729735,-0.000746,0.029297
796175,1649,3452.4,1000,11513.72,8.691155,-316.802408,0.000594,0.028386
797175,1650,3433.283,1000,11527.02,7.817284,-316.809854,-6.5e-05,0.028472
798175,1651,3461.203,1000,11540.89,7.1831,-316.6903,-0.000439,0.029243
799175,1652,3452.125,1000,11555.27,6.991207,-316.761817,0.000181,0.028896
800175,1653,3436.706,1000,11575.58,7.826792,-317.050371,-3.8e-05,0.028943
801175,1654,3445.998,1000,11591.0,7.16995,-317.197463,-0.000136,0.029168
802175,1655,3462.358,1000,11606.18,6.042857,-316.989361,-6.1e-05,0.02929
802474,1656,1039.371,299,11610.45,7.498106,-316.881934,0.000347,0.02909
803474,1657,3445.456,1000,11624.25,6.584109,-317.015895,-0.000369,0.029664
804474,1658,3469.963,1000,11637.84,5.985614,-317.208504,0.000633,0.028697
804928,1659,1591.519,454,11644.23,7.190985,-316.808407,-0.000281,0.028959
805260,1660,1183.265,332,11648.63,5.129738,-317.399689,0.000419,0.028694
806260,1661,3449.285,1000,11661.67,7.533116,-317.291169,3e-06,0.02866
807260,1662,3448.806,1000,11676.16,7.985419,-317.402745,0.000349,0.028201
807552,1663,1028.253,292,11680.51,4.810113,-317.332086,-0.000566,0.02842
808552,1664,3446.667,1000,11696.29,6.622505,-317.237366,0.000196,0.028135
809552,1665,3459.395,1000,11712.14,7.031716,-317.518117,0.000256,0.02774
810552,1666,3454.712,1000,11734.28,7.029895,-317.530258,-2.8e-05,0.027842
811552,1667,3458.002,1000,11747.41,6.890611,-317.496492,-0.000276,0.028241
812552,1668,3438.999,1000,11761.45,5.723159,-317.446105,-0.000331,0.028719
813552,1669,3436.33,1000,11774.89,6.800765,-317.365705,0.00064,0.027813
814552,1670,3468.292,1000,11788.49,7.877256,-317.51174,-0.000769,0.028936
815552,1671,3436.555,1000,11801.96,6.729026,-317.517741,0.000543,0.028089
816552,1672,3441.251,1000,11815.06,6.94337,-317.71111,-0.000286,0.028708
817552,1673,3443.498,1000,11829.07,7.410792,-317.760007,-0.000112,0.028715
818552,1674,3454.708,1000,11841.97,6.231823,-317.780146,0.000771,0.027644
819552,1675,3430.782,1000,11856.05,5.73811,-317.976395,0.000157,0.027402
820552,1676,3425.558,1000,11875.19,5.677666,-318.009342,0.000236,0.027037
821552,1677,3436.954,1000,11889.55,9.000201,-317.823267,0.000258,0.026704
822552,1678,3437.909,1000,11903.19,5.652454,-317.968172,0.000204,0.026401
822936,1679,1366.534,384,11908.74,5.758185,-317.9275,-0.001061,0.026937
823936,1680,3466.46,1000,11923.97,5.837294,-317.844034,-0.000784,0.028165
824936,1681,3471.278,1000,11939.0,7.040533,-317.842411,0.000199,0.027986
825936,1682,3430.242,1000,11954.81,6.97799,-317.959483,-8.6e-05,0.028034
826936,1683,3445.17,1000,11969.41,7.545685,-317.99599,-0.000992,0.02955
827936,1684,3449.836,1000,11982.84,5.658441,-318.018584,-0.000104,0.029767
828273,1685,1201.276,337,11987.66,7.204233,-318.087675,6.5e-05,0.029679
828570,1686,1051.147,297,11991.79,5.996632,-317.972574,0.000967,0.029219
828882,1687,1109.676,312,11995.55,5.85428,-317.980106,0.001039,0.0288
829882,1688,3450.803,1000,12009.28,7.591522,-317.948229,-0.000212,0.029046
830882,1689,3447.594,1000,12028.8,7.498735,-318.112899,-9.2e-05,0.029209
831882,1690,3453.35,1000,12043.55,6.289211,-318.10125,0.000517,0.028378
832882,1691,3459.382,1000,12058.23,7.872044,-318.042096,-0.000625,0.029386
833882,1692,3465.841,1000,12073.4,7.992333,-317.904398,0.000261,0.029012
834276,1693,1400.761,394,12079.53,6.512907,-318.083038,0.000368,0.028808
835276,1694,3459.269,1000,12094.35,7.046196,-317.987553,-0.000847,0.030092
835683,1695,1445.276,407,12100.16,6.539394,-317.918949,-0.000652,0.030487
836683,1696,3470.607,1000,12113.49,8.078658,-318.138085,0.000218,0.030156
837683,1697,3453.39,1000,12127.45,7.181411,-317.966309,0.000238,0.029794
838683,1698,3428.317,1000,12141.14,5.331018,-318.22753,0.000357,0.029259
839683,1699,3440.117,1000,12154.73,6.077638,-318.176894,0.000494,0.028515
840683,1700,3441.618,1000,12173.85,5.390278,-318.314148,-0.000229,0.02886
841683,1701,3448.663,1000,12187.27,8.370718,-318.344348,0.000256,0.028531
842683,1702,3442.764,1000,12200.95,6.668684,-318.325023,-3.6e-05,0.02855
843683,1703,3428.595,1000,12214.17,7.501218,-318.188913,0.000559,0.027694
844683,1704,3473.535,1000,12228.22,6.279088,-318.22611,-0.000515,0.028511
845683,1705,3445.669,1000,12241.14,7.511379,-318.251629,0.000719,0.02741
846683,1706,3445.673,1000,12255.26,6.075786,-318.4886,-0.000886,0.028826
847683,1707,3428.576,1000,12268.42,6.766005,-318.39634,0.001193,0.026947
848683,1708,3440.488,1000,12283.31,7.321178,-318.473351,0.000165,0.026702
849683,1709,3453.213,1000,12299.64,7.10248,-318.459363,-0.000583,0.027484
850683,1710,3454.133,1000,12322.83,6.158855,-318.432361,-0.000611,0.028456
851683,1711,3454.57,1000,12337.44,5.599716,-318.382268,0.000606,0.027549
852683,1712,3442.815,1000,12350.56,6.378402,-318.567907,-0.0006,0.028516
853683,1713,3451.35,1000,12364.54,7.294676,-318.31081,-0.000373,0.029105
854683,1714,3446.399,1000,12377.28,6.889031,-318.49491,0.000554,0.028179
855683,1715,3461.41,1000,12391.79,5.944633,-318.768597,-0.00033,0.028716
856683,1716,3460.439,1000,12406.54,5.739398,-318.931921,0.001378,0.02671
857683,1717,3465.257,1000,12421.36,6.585161,-318.7184,-5.4e-05,0.02677
858683,1718,3454.675,1000,12437.3,6.369978,-318.876249,-0.000348,0.02732
859683,1719,3451.893,1000,12451.28,7.079532,-318.702525,-8.9e-05,0.027404
860683,1720,3435.64,1000,12470.91,6.576827,-318.93573,0.000191,0.027143
861683,1721,3472.687,1000,12484.41,7.369994,-318.69267,-0.000167,0.027399
862683,1722,3456.938,1000,12498.53,7.270111,-318.890963,-0.000566,0.02827
863065,1723,1350.774,382,12503.67,7.595837,-318.710978,0.000316,0.028096
864065,1724,3475.982,1000,12517.53,6.237604,-318.673404,0.0001,0.027946
865065,1725,3460.901,1000,12530.93,8.004275,-318.659281,-0.000101,0.028093
866065,1726,3471.949,1000,12544.67,7.791692,-318.69852,-0.000131,0.028227
867065,1727,3447.104,1000,12557.72,7.070223,-318.790677,-9.4e-05,0.028394
868065,1728,3459.297,1000,12572.11,6.07001,-318.717041,-0.00032,0.028943
868449,1729,1363.856,384,12577.04,6.685979,-318.836244,0.00179,0.027916
869449,1730,3447.219,1000,12590.47,6.706871,-318.695164,-0.000858,0.029165
870449,1731,3451.574,1000,12610.35,6.694762,-318.762476,0.001165,0.027489
870463,1732,10.127,14,12610.54,4.544013,-318.376622,0.001756,0.027484
870477,1733,10.089,14,12610.73,3.612696,-318.568396,0.001916,0.027439
870496,1734,18.273,19,12610.98,3.455693,-319.952227,0.000505,0.027397
870514,1735,16.713,18,12611.19,4.06672,-318.573059,0.001287,0.027374
870531,1736,15.032,17,12611.4,4.365997,-318.494819,0.005383,0.027284
871531,1737,3491.882,1000,12625.25,7.735487,-318.797252,-5.7e-05,0.02734
872531,1738,3458.148,1000,12640.29,5.638255,-318.993936,-0.000453,0.02804
873531,1739,3472.979,1000,12655.04,6.040757,-318.977006,-0.000191,0.028235
874531,1740,3475.109,1000,12671.05,8.479435,-318.861573,8.6e-05,0.02815
875531,1741,3477.339,1000,12686.15,6.595492,-318.966667,8.8e-05,0.027997
876531,1742,3460.644,1000,12700.04,6.628932,-319.016583,-0.000493,0.028738
877531,1743,3469.396,1000,12713.66,4.830691,-319.096034,0.00139,0.026787
878531,1744,3476.34,1000,12727.28,7.190226,-319.075314,-0.000171,0.027047
879531,1745,3470.279,1000,12740.52,7.081575,-319.241505,-0.000471,0.027765
880531,1746,3472.094,1000,12761.53,6.373591,-319.112291,8.5e-05,0.027624
881531,1747,3463.038,1000,12776.59,8.153409,-319.253823,-2e-05,0.02769
882531,1748,3486.514,1000,12792.04,5.970676,-319.39657,-6.6e-05,0.027778
883531,1749,3488.09,1000,12807.44,8.011573,-319.300002,-0.000463,0.028396
884531,1750,3472.364,1000,12821.26,8.017576,-319.347657,0.00012,0.028265
885531,1751,3468.238,1000,12834.77,6.346224,-319.440033,-0.000101,0.028412
886531,1752,3442.456,1000,12848.64,6.631974,-319.33957,0.000464,0.027726
887531,1753,3445.376,1000,12862.41,6.257748,-319.682003,0.000154,0.027526
888531,1754,3471.782,1000,12875.77,7.714725,-319.689606,0.000305,0.027075
889531,1755,3446.938,1000,12889.82,9.138759,-319.651625,-0.001284,0.028955
890531,1756,3458.964,1000,12909.03,6.822986,-319.486061,0.001268,0.027141
890957,1757,1527.605,426,12914.98,5.639409,-319.694848,-0.000833,0.027635
891957,1758,3471.918,1000,12928.54,6.519517,-319.725994,0.000356,0.02712
892957,1759,3431.178,1000,12942.53,7.404461,-319.649291,0.000859,0.025839
893957,1760,3452.88,1000,12956.01,5.961461,-319.750547,-0.00085,0.027103
894957,1761,3444.482,1000,12970.26,6.629814,-320.09408,-1e-05,0.027149
895957,1762,3428.295,1000,12983.19,5.668643,-320.011513,0.00098,0.02573
896957,1763,3446.837,1000,12998.12,6.395146,-319.811371,-0.000326,0.026187
897957,1764,3429.63,1000,13012.75,8.140542,-320.078585,-0.000807,0.027464
898957,1765,3488.535,1000,13028.33,7.047783,-320.194762,-0.000358,0.027994
899957,1766,3449.741,1000,13043.79,7.193392,-320.104657,-0.000224,0.028407
900957,1767,3449.239,1000,13063.2,6.226208,-320.085049,0.000892,0.027169
901957,1768,3468.321,1000,13076.84,6.844175,-320.214102,-0.000274,0.027495
902331,1769,1342.312,374,13082.03,5.857278,-320.522172,-0.000502,0.027784
903331,1770,3467.256,1000,13095.77,6.427389,-320.046085,0.000234,0.027445
904331,1771,3465.021,1000,13110.27,5.626815,-320.345471,0.000706,0.02643
905331,1772,3445.419,1000,13124.95,7.335904,-320.356426,9.7e-05,0.026215
906331,1773,3437.577,1000,13140.36,6.99324,-320.328582,-0.0003,0.026704
907331,1774,3430.014,1000,13155.39,7.281932,-320.463067,0.000549,0.025894
908331,1775,3471.764,1000,13170.05,5.874935,-320.283306,-0.001101,0.027493
909331,1776,3462.014,1000,13184.26,6.205127,-320.29914,0.001007,0.026112
910331,1777,3453.841,1000,13203.33,7.425564,-320.387031,-0.000688,0.026983
911331,1778,3458.903,1000,13217.56,5.974905,-320.531271,-0.001042,0.028588
912331,1779,3448.849,1000,13230.77,6.19433,-320.402386,0.001394,0.026591
912686,1780,1266.343,355,13235.74,4.775794,-320.580717,0.000163,0.026471
913221,1781,1890.137,535,13242.93,6.539961,-320.444148,0.000259,0.026255
914221,1782,3509.615,1000,13256.17,7.030701,-320.572859,-0.000774,0.027467
915221,1783,3482.435,1000,13269.7,7.769675,-320.576706,6.5e-05,0.027317
916221,1784,3467.729,1000,13283.55,6.183245,-320.66264,0.000935,0.025988
917221,1785,3479.176,1000,13296.85,5.157378,-320.592189,-0.000298,0.026403
918221,1786,3505.677,1000,13310.78,5.667207,-320.760824,-0.000431,0.027038
919221,1787,3497.445,1000,13324.25,7.556194,-320.638905,-0.000233,0.027381
920221,1788,3455.537,1000,13344.39,4.900753,-320.770082,0.00055,0.026616
920649,1789,1556.623,428,13350.68,5.654476,-320.818677,0.000702,0.026166
921039,1790,1384.117,390,13356.6,6.147439,-320.710843,-7.4e-05,0.026137
922039,1791,3475.509,1000,13370.93,7.192926,-320.708551,8e-05,0.026084
923039,1792,3467.028,1000,13385.89,6.283436,-320.950889,-5.9e-05,0.026176
924039,1793,3484.593,1000,13401.25,5.241705,-321.049601,-0.000102,0.026321
925039,1794,3479.536,1000,13415.11,4.95399,-321.03159,-0.000119,0.026501
926039,1795,3438.439,1000,13428.58,6.676277,-320.955281,-6.3e-05,0.026619
927039,1796,3478.269,1000,13443.15,6.123751,-321.089497,-1.1e-05,0.026619
928039,1797,3479.473,1000,13456.28,6.434174,-321.182079,0.000184,0.026352
929039,1798,3456.842,1000,13470.59,6.240201,-321.137702,0.000242,0.026016
930039,1799,3451.083,1000,13491.44,6.272379,-320.989551,0.000572,0.025149
931039,1800,3462.83,1000,13506.74,5.784864,-321.158104,-0.000169,0.025429
932039,1801,3447.458,1000,13522.49,6.787838,-321.058737,0.000391,0.024812
933039,1802,3445.558,1000,13536.62,6.927579,-321.27027,-8.8e-05,0.024995
933394,1803,1274.245,355,13541.11,3.912072,-321.32045,-0.000763,0.025408
934394,1804,3459.406,1000,13555.39,6.498568,-321.14921,-0.000432,0.026035
935262,1805,3109.526,868,13567.14,6.298019,-321.167386,0.000294,0.025635
936262,1806,3491.311,1000,13581.38,7.613179,-321.020511,-0.000818,0.026751
937262,1807,3445.852,1000,13594.51,6.651324,-321.038694,0.000999,0.025371
938262,1808,3453.436,1000,13608.37,6.029301,-321.1188,-2.7e-05,0.02546
939262,1809,3460.438,1000,13626.89,6.449901,-321.008848,-0.000291,0.025827
940262,1810,3479.87,1000,13648.18,6.567494,-321.14061,-9.5e-05,0.025979
941041,1811,2779.64,779,13659.43,6.549257,-321.491603,-5.3e-05,0.026021
942041,1812,3493.898,1000,13673.2,6.636325,-321.307753,0.000355,0.02555
943041,1813,3461.929,1000,13688.33,6.383246,-321.329251,0.000891,0.024196
943406,1814,1300.789,365,13693.38,7.386159,-321.062827,-0.001008,0.024755
944406,1815,3476.191,1000,13707.19,6.575599,-321.293312,-0.000778,0.025887
945406,1816,3465.207,1000,13721.48,5.847401,-321.181094,0.000692,0.0249
946406,1817,3480.366,1000,13735.51,7.03473,-321.321539,-7.8e-05,0.024983
946771,1818,1311.554,365,13740.68,4.877471,-321.429707,0.000219,0.024861
947269,1819,1796.955,498,13747.41,5.044653,-321.244787,-0.000961,0.025611
947606,1820,1206.599,337,13752.28,10.375351,-321.149315,-0.000806,0.02603
948374,1821,2769.979,768,13763.17,5.977227,-321.330645,0.000121,0.025951
948692,1822,1140.561,318,13767.51,7.817803,-321.233503,-0.000146,0.025965
949692,1823,3463.192,1000,13781.19,6.025134,-321.233792,0.000201,0.02574
950692,1824,3512.019,1000,13800.76,5.145761,-321.446203,-0.000504,0.026446
951052,1825,1300.72,360,13805.99,5.356317,-321.091338,0.000868,0.025983
951378,1826,1162.19,326,13810.51,11.10896,-321.277732,-0.000115,0.02602
952378,1827,3463.505,1000,13824.36,7.066386,-321.351954,-6.5e-05,0.026126
953378,1828,3478.302,1000,13838.83,6.755119,-321.370369,5.5e-05,0.026011
953718,1829,1222.265,340,13843.58,5.679646,-321.392631,-0.000554,0.02631
954718,1830,3482.601,1000,13857.62,6.396217,-321.134098,0.000126,0.026079
955051,1831,1217.748,333,13862.51,6.757496,-321.46473,0.000951,0.025662
955461,1832,1489.666,410,13868.81,4.872817,-321.203436,-0.001145,0.026343
955786,1833,1160.652,325,13873.52,5.188875,-321.247821,0.000366,0.026181
956099,1834,1112.338,313,13878.28,6.204191,-321.512925,0.001076,0.025711
956476,1835,1345.873,377,13884.56,7.933364,-320.935213,0.000745,0.025292
957476,1836,3479.077,1000,13898.89,7.571038,-321.18656,-0.001108,0.026944
958476,1837,3555.809,1000,13912.02,5.557274,-321.202979,0.000467,0.026259
958859,1838,1374.732,383,13917.54,5.037587,-321.439465,7e-06,0.026283
959859,1839,3500.375,1000,13931.41,7.425467,-321.258351,-0.000154,0.026481
960140,1840,1023.335,281,13937.16,5.406634,-321.205376,0.001012,0.026075
961140,1841,3504.343,1000,13951.12,5.738318,-321.367276,-0.000263,0.026515
961455,1842,1124.281,315,13955.11,5.227143,-321.0665,-0.000428,0.026696
962455,1843,3488.344,1000,13968.58,6.859838,-321.410703,0.000316,0.026224
962776,1844,1143.353,321,13972.88,5.856331,-321.110501,0.001597,0.025423
963776,1845,3491.707,1000,13986.16,6.200591,-321.270333,3e-06,0.025432
964776,1846,3469.083,1000,14000.43,6.14868,-321.481535,-0.00013,0.025593
965776,1847,3460.635,1000,14013.57,6.062184,-321.504396,0.000617,0.024719
966776,1848,3477.726,1000,14027.68,5.695982,-321.334254,-0.000244,0.025102
967776,1849,3489.305,1000,14041.23,5.285656,-321.338453,-0.0,0.025051
968776,1850,3475.179,1000,14055.0,6.32403,-321.673319,-0.000903,0.026436
969110,1851,1205.406,334,14059.43,4.379936,-321.71283,0.001012,0.025948
969472,1852,1304.294,362,14064.42,3.990013,-321.400756,-0.000462,0.026125
970472,1853,3482.481,1000,14086.85,7.337421,-321.606605,0.000721,0.025108
970820,1854,1253.612,348,14092.01,5.114282,-321.405413,7e-05,0.025111
971820,1855,3463.737,1000,14106.94,6.253086,-321.356154,0.000601,0.024214
972820,1856,3465.41,1000,14122.04,6.102078,-321.429306,-0.000275,0.024669
973820,1857,3483.091,1000,14136.24,6.240671,-321.591929,0.000295,0.024206
974199,1858,1362.443,379,14141.01,4.948375,-321.366152,-0.002143,0.025378
975199,1859,3465.131,1000,14154.89,7.027562,-321.402748,-0.000148,0.02559
976199,1860,3465.521,1000,14167.95,6.667445,-321.324556,3.4e-05,0.025602
977199,1861,3466.245,1000,14181.98,5.879075,-321.409973,-2.8e-05,0.025627
978199,1862,3485.344,1000,14196.34,5.271957,-321.304092,-0.000223,0.025973
979199,1863,3463.718,1000,14210.61,5.900355,-321.301945,0.000337,0.025451
979815,1864,2221.714,616,14220.21,6.28892,-321.59927,-9.8e-05,0.025578
980815,1865,3484.763,1000,14245.19,6.564476,-321.598342,3.3e-05,0.025515
981815,1866,3499.89,1000,14258.17,6.614017,-321.636762,-0.000714,0.026627
982167,1867,1274.25,352,14263.19,4.975861,-321.336426,0.000944,0.026101
982622,1868,1628.048,455,14269.76,6.277051,-321.619584,0.000379,0.025843
982981,1869,1287.375,359,14274.75,9.397774,-321.696745,0.001172,0.025214
983981,1870,3487.298,1000,14288.74,5.51976,-321.500003,-7.5e-05,0.02534
984981,1871,3471.001,1000,14302.5,6.163867,-321.631041,-1.3e-05,0.02531
985981,1872,3480.31,1000,14316.11,6.651456,-321.540979,-0.000267,0.025721
986981,1873,3508.771,1000,14329.3,6.26893,-321.536461,0.000365,0.025218
987981,1874,3482.158,1000,14343.06,6.983958,-321.690818,-0.000612,0.026114
988731,1875,2719.639,750,14352.93,5.259199,-321.737918,0.000962,0.02505
989731,1876,3466.863,1000,14366.71,4.855864,-321.81284,-0.000247,0.02542
990049,1877,1135.355,318,14377.25,6.312599,-321.373879,0.000937,0.024982
990538,1878,1818.477,489,14383.4,3.976541,-321.968356,-0.00042,0.025235
991538,1879,3498.123,1000,14397.69,7.822827,-321.701461,-0.00033,0.025743
992538,1880,3496.304,1000,14410.7,6.103952,-321.727958,0.000498,0.025042
993538,1881,3467.551,1000,14424.91,6.854378,-321.699576,-0.000747,0.026098
994538,1882,3487.32,1000,14439.69,7.231119,-321.96643,0.001058,0.024597
994994,1883,1674.217,456,14446.54,4.764323,-321.516429,-0.000497,0.02491
995994,1884,3482.034,1000,14462.05,5.815992,-321.949904,-0.000587,0.025774
996994,1885,3511.565,1000,14477.23,6.390753,-321.816345,-0.00039,0.026361
997450,1886,1615.439,456,14484.71,4.877505,-321.579324,3.2e-05,0.026359
997914,1887,1703.247,464,14490.74,5.217845,-321.86059,0.00089,0.025778
998258,1888,1249.303,344,14495.66,8.226236,-321.576696,-0.000403,0.025953
999258,1889,3471.982,1000,14509.26,5.409279,-321.723196,0.000791,0.024851
