timestep,episode,episode_reward,episode_length,wall_time,critic_loss,actor_loss,alpha_loss,alpha
24,0,-5.053,24,0.01,,,,
49,1,1.52,25,0.01,,,,
62,2,-7.193,13,0.01,,,,
73,3,0.202,11,0.01,,,,
83,4,-1.414,10,0.02,,,,
97,5,1.622,14,0.02,,,,
110,6,-0.888,13,0.02,,,,
121,7,-0.577,11,0.02,,,,
149,8,5.289,28,0.03,,,,
165,9,-0.521,16,0.03,,,,
183,10,5.289,18,0.03,,,,
208,11,6.079,25,0.04,,,,
218,12,-3.591,10,0.04,,,,
231,13,-3.506,13,0.04,,,,
253,14,-3.292,22,0.04,,,,
270,15,4.67,17,0.05,,,,
286,16,-2.451,16,0.05,,,,
301,17,1.596,15,0.05,,,,
315,18,0.169,14,0.05,,,,
340,19,-3.954,25,0.06,,,,
357,20,-7.44,17,0.07,,,,
376,21,2.75,19,0.08,,,,
407,22,15.971,31,0.09,,,,
440,23,13.516,33,0.09,,,,
454,24,-8.135,14,0.09,,,,
466,25,-3.992,12,0.1,,,,
486,26,-5.641,20,0.1,,,,
523,27,3.675,37,0.11,,,,
549,28,-4.461,26,0.11,,,,
572,29,-2.415,23,0.11,,,,
631,30,-7.278,59,0.12,,,,
644,31,-1.683,13,0.13,,,,
663,32,5.169,19,0.13,,,,
689,33,6.288,26,0.13,,,,
714,34,-2.216,25,0.14,,,,
729,35,0.778,15,0.14,,,,
756,36,1.422,27,0.14,,,,
780,37,6.001,24,0.15,,,,
806,38,-1.533,26,0.15,,,,
821,39,-0.378,15,0.15,,,,
841,40,3.735,20,0.16,,,,
856,41,1.814,15,0.16,,,,
886,42,-2.49,30,0.16,,,,
899,43,-0.432,13,0.17,,,,
921,44,-5.091,22,0.17,,,,
949,45,0.264,28,0.17,,,,
963,46,-4.343,14,0.18,,,,
975,47,-2.675,12,0.18,,,,
1002,48,0.479,27,0.18,,,,
1016,49,1.621,14,0.19,,,,
1025,50,-2.272,9,0.19,,,,
1035,51,-2.144,10,0.19,,,,
1054,52,0.554,19,0.19,,,,
1072,53,0.368,18,0.19,,,,
1096,54,-0.231,24,0.2,,,,
1123,55,-0.485,27,0.2,,,,
1144,56,-4.288,21,0.21,,,,
1162,57,-11.907,18,0.21,,,,
1178,58,1.047,16,0.21,,,,
1211,59,2.614,33,0.22,,,,
1237,60,0.847,26,0.22,,,,
1252,61,-0.916,15,0.22,,,,
1276,62,6.644,24,0.23,,,,
1293,63,-6.687,17,0.23,,,,
1320,64,8.977,27,0.23,,,,
1339,65,-2.174,19,0.24,,,,
1352,66,-4.084,13,0.24,,,,
1363,67,-0.52,11,0.24,,,,
1380,68,0.441,17,0.24,,,,
1398,69,-5.634,18,0.25,,,,
1423,70,6.69,25,0.25,,,,
1446,71,-3.32,23,0.25,,,,
1531,72,9.451,85,0.27,,,,
1543,73,-1.236,12,0.27,,,,
1565,74,2.4,22,0.28,,,,
1592,75,0.308,27,0.28,,,,
1610,76,-2.585,18,0.28,,,,
1624,77,-0.254,14,0.28,,,,
1640,78,-8.019,16,0.29,,,,
1657,79,0.436,17,0.29,,,,
1688,80,9.059,31,0.29,,,,
1715,81,8.724,27,0.3,,,,
1747,82,13.609,32,0.3,,,,
1782,83,9.853,35,0.31,,,,
1816,84,1.212,34,0.32,,,,
1842,85,-2.219,26,0.32,,,,
1854,86,-1.556,12,0.32,,,,
1865,87,0.318,11,0.32,,,,
1885,88,9.322,20,0.33,,,,
1898,89,0.298,13,0.33,,,,
1920,90,3.246,22,0.33,,,,
1960,91,1.577,40,0.34,,,,
1978,92,3.1,18,0.34,,,,
1997,93,3.07,19,0.34,,,,
2016,94,4.086,19,0.35,,,,
2042,95,-3.467,26,0.35,,,,
2069,96,-0.97,27,0.36,,,,
2088,97,-2.922,19,0.36,,,,
2105,98,-2.247,17,0.36,,,,
2118,99,-0.891,13,0.36,,,,
2141,100,1.055,23,0.37,,,,
2161,101,3.229,20,0.37,,,,
2195,102,-6.653,34,0.38,,,,
2214,103,3.825,19,0.38,,,,
2223,104,-1.332,9,0.38,,,,
2253,105,12.281,30,0.38,,,,
2275,106,3.84,22,0.39,,,,
2288,107,-0.655,13,0.39,,,,
2308,108,3.574,20,0.39,,,,
2321,109,-3.631,13,0.4,,,,
2350,110,11.642,29,0.4,,,,
2365,111,-7.964,15,0.4,,,,
2392,112,8.691,27,0.41,,,,
2403,113,-2.598,11,0.41,,,,
2425,114,-6.069,22,0.41,,,,
2441,115,2.845,16,0.42,,,,
2459,116,-7.471,18,0.42,,,,
2498,117,6.352,39,0.42,,,,
2541,118,15.4,43,0.43,,,,
2567,119,-8.029,26,0.44,,,,
2581,120,-0.395,14,0.44,,,,
2590,121,-1.376,9,0.44,,,,
2606,122,4.818,16,0.44,,,,
2628,123,1.643,22,0.45,,,,
2646,124,3.4,18,0.45,,,,
2662,125,2.388,16,0.45,,,,
2679,126,-1.972,17,0.46,,,,
2704,127,-1.426,25,0.46,,,,
2715,128,0.61,11,0.46,,,,
2734,129,-9.641,19,0.47,,,,
2744,130,-4.252,10,0.47,,,,
2777,131,5.748,33,0.48,,,,
2794,132,2.709,17,0.48,,,,
2814,133,-1.434,20,0.49,,,,
2830,134,5.277,16,0.49,,,,
2852,135,6.82,22,0.49,,,,
2866,136,-3.747,14,0.49,,,,
2900,137,6.968,34,0.5,,,,
2917,138,-1.893,17,0.51,,,,
2935,139,1.027,18,0.51,,,,
2963,140,0.756,28,0.51,,,,
2981,141,5.65,18,0.52,,,,
3021,142,7.338,40,0.52,,,,
3045,143,-1.033,24,0.53,,,,
3071,144,-0.964,26,0.53,,,,
3090,145,-1.882,19,0.54,,,,
3101,146,-2.484,11,0.54,,,,
3118,147,-1.75,17,0.54,,,,
3146,148,4.593,28,0.55,,,,
3161,149,0.505,15,0.55,,,,
3190,150,7.341,29,0.56,,,,
3204,151,-0.744,14,0.56,,,,
3254,152,27.578,50,0.56,,,,
3278,153,-2.456,24,0.57,,,,
3296,154,1.82,18,0.57,,,,
3331,155,13.188,35,0.58,,,,
3347,156,2.871,16,0.58,,,,
3367,157,-9.6,20,0.58,,,,
3382,158,-5.225,15,0.59,,,,
3394,159,-2.777,12,0.59,,,,
3409,160,0.726,15,0.59,,,,
3421,161,-0.894,12,0.59,,,,
3437,162,-1.185,16,0.59,,,,
3463,163,-2.041,26,0.6,,,,
3481,164,-5.436,18,0.6,,,,
3498,165,-0.028,17,0.61,,,,
3513,166,3.484,15,0.61,,,,
3529,167,4.661,16,0.61,,,,
3554,168,-2.723,25,0.61,,,,
3570,169,2.443,16,0.62,,,,
3582,170,1.604,12,0.62,,,,
3605,171,7.788,23,0.62,,,,
3626,172,4.674,21,0.63,,,,
3653,173,18.696,27,0.63,,,,
3665,174,-0.732,12,0.64,,,,
3683,175,-1.372,18,0.64,,,,
3704,176,7.786,21,0.64,,,,
3733,177,-0.01,29,0.65,,,,
3745,178,0.05,12,0.65,,,,
3772,179,-2.103,27,0.65,,,,
3783,180,-1.839,11,0.65,,,,
3821,181,15.294,38,0.66,,,,
3847,182,9.786,26,0.66,,,,
3868,183,-1.899,21,0.67,,,,
3893,184,3.31,25,0.67,,,,
3905,185,-3.506,12,0.67,,,,
3924,186,-4.148,19,0.68,,,,
3941,187,5.457,17,0.68,,,,
3956,188,0.896,15,0.68,,,,
3982,189,-0.399,26,0.69,,,,
4009,190,7.817,27,0.69,,,,
4018,191,-3.541,9,0.69,,,,
4041,192,7.381,23,0.69,,,,
4059,193,0.326,18,0.7,,,,
4074,194,1.939,15,0.7,,,,
4092,195,2.795,18,0.7,,,,
4108,196,3.535,16,0.71,,,,
4122,197,1.724,14,0.71,,,,
4135,198,-2.369,13,0.71,,,,
4172,199,16.013,37,0.72,,,,
4183,200,-2.042,11,0.72,,,,
4194,201,0.874,11,0.72,,,,
4214,202,-11.256,20,0.72,,,,
4238,203,-2.347,24,0.73,,,,
4268,204,3.276,30,0.73,,,,
4296,205,-2.26,28,0.74,,,,
4312,206,3.433,16,0.74,,,,
4341,207,12.116,29,0.74,,,,
4357,208,0.259,16,0.75,,,,
4399,209,17.224,42,0.75,,,,
4416,210,4.654,17,0.76,,,,
4437,211,-0.06,21,0.76,,,,
4467,212,1.268,30,0.76,,,,
4494,213,11.303,27,0.77,,,,
4525,214,13.315,31,0.77,,,,
4545,215,0.057,20,0.78,,,,
4589,216,1.411,44,0.78,,,,
4607,217,-2.476,18,0.79,,,,
4635,218,-0.161,28,0.79,,,,
4652,219,-4.311,17,0.79,,,,
4671,220,1.676,19,0.8,,,,
4687,221,3.335,16,0.8,,,,
4706,222,-6.851,19,0.8,,,,
4731,223,-4.189,25,0.81,,,,
4746,224,-3.429,15,0.81,,,,
4770,225,4.518,24,0.81,,,,
4786,226,-4.019,16,0.82,,,,
4804,227,1.409,18,0.82,,,,
4817,228,-2.233,13,0.82,,,,
4836,229,4.443,19,0.82,,,,
4848,230,0.056,12,0.82,,,,
4867,231,-11.236,19,0.83,,,,
4896,232,15.052,29,0.83,,,,
4915,233,3.522,19,0.84,,,,
4943,234,8.208,28,0.84,,,,
4968,235,-8.03,25,0.84,,,,
4991,236,0.571,23,0.85,,,,
5005,237,-3.919,14,1.24,16.409254,-3.86321,9.21142,0.998195
5021,238,3.95,16,1.55,8.185381,-6.759004,9.846413,0.993358
5051,239,9.187,30,2.01,6.694895,-7.31808,9.908965,0.984354
5078,240,-1.056,27,2.46,6.954439,-7.899435,9.847375,0.976378
5112,241,11.444,34,2.99,6.454504,-8.341931,9.758724,0.966504
5154,242,33.653,42,3.71,5.782311,-8.816178,9.653753,0.954531
5187,243,5.012,33,4.29,5.213904,-9.216595,9.532094,0.945299
5203,244,2.104,16,4.6,4.824548,-9.433257,9.461408,0.940876
5233,245,2.501,30,5.11,4.451065,-9.701039,9.394055,0.932667
5275,246,15.95,42,5.8,4.137143,-10.079324,9.264555,0.92138
5297,247,0.645,22,6.13,4.078364,-10.427605,9.182974,0.915552
5343,248,-0.978,46,6.86,4.258106,-10.640951,9.082604,0.90354
5376,249,-9.508,33,7.37,3.996942,-11.07217,8.959376,0.895079
5392,250,2.993,16,7.67,3.905968,-11.34253,8.878613,0.891023
5411,251,2.685,19,8.01,4.101366,-11.416294,8.825841,0.886247
5457,252,24.537,46,8.69,4.100867,-11.784396,8.734589,0.874847
5490,253,0.62,33,9.16,4.204693,-12.178494,8.606565,0.866809
5505,254,-4.941,15,9.37,4.508364,-12.372393,8.545933,0.863196
5557,255,0.441,52,10.14,4.309347,-12.74246,8.441845,0.850854
5585,256,6.696,28,10.6,4.636877,-13.06717,8.28493,0.844343
5632,257,22.237,47,11.49,4.39721,-13.551884,8.196973,0.833583
5662,258,4.417,30,11.98,4.834444,-13.945404,8.08054,0.826824
5811,259,69.471,149,14.24,4.748392,-14.895202,7.81116,0.794584
5890,260,-18.294,79,15.52,5.0345,-16.111083,7.484071,0.778312
5991,261,-47.753,101,16.93,5.075996,-17.061561,7.236766,0.758273
6097,262,1.896,106,18.69,5.509261,-18.109394,6.971597,0.738094
6189,263,-23.841,92,20.01,5.550684,-19.098644,6.718397,0.721278
6362,264,245.705,173,22.83,6.132197,-20.591596,6.393213,0.691229
6523,265,23.817,161,25.56,6.662892,-22.512567,5.997923,0.665047
6776,266,88.43,253,29.87,7.463307,-24.686134,5.594078,0.626666
6892,267,4.123,116,31.86,7.826094,-26.649289,5.249311,0.610116
7063,268,17.885,171,34.49,8.406313,-28.084982,4.977406,0.586907
7249,269,61.504,186,37.47,9.571791,-29.88572,4.664947,0.563134
7414,270,9.682,165,40.11,9.950156,-31.721586,4.401089,0.543106
7555,271,30.518,141,42.36,10.610695,-33.263725,4.164882,0.526802
7768,272,78.073,213,45.88,11.921367,-34.976595,3.944292,0.503265
7966,273,321.156,198,49.0,12.457743,-37.054746,3.733608,0.482388
8200,274,363.099,234,52.51,13.903914,-39.611805,3.481703,0.459096
8995,275,560.77,795,64.0,17.583167,-44.785823,3.053849,0.387939
9214,276,66.691,219,67.07,20.022622,-49.104493,2.726808,0.370051
9357,277,28.829,143,69.01,21.20067,-50.500335,2.585146,0.358889
10096,278,540.624,739,85.99,22.840406,-53.741999,2.333339,0.306216
10336,279,125.433,240,89.79,25.807787,-56.98344,2.04133,0.290973
10527,280,274.475,191,92.84,25.916909,-58.273828,1.968875,0.279213
10679,281,240.837,152,95.32,26.568313,-59.620352,1.871409,0.270267
10763,282,1.313,84,96.75,29.889037,-60.327954,1.829493,0.265397
10898,283,19.403,135,98.94,30.47747,-60.695176,1.782362,0.257795
11173,284,211.018,275,103.54,30.084077,-61.648794,1.680572,0.243054
11400,285,247.688,227,107.23,28.17752,-62.807802,1.555966,0.231691
11561,286,208.21,161,109.41,30.238181,-63.90369,1.481911,0.223947
11827,287,98.915,266,113.8,31.199065,-64.858249,1.401548,0.211739
12009,288,272.694,182,116.67,32.059906,-65.504415,1.310472,0.203833
12131,289,30.972,122,118.43,29.917662,-66.183479,1.256944,0.198724
12286,290,55.564,155,120.46,31.552283,-66.449495,1.203975,0.192455
12382,291,152.23,96,121.67,30.496612,-66.804926,1.162568,0.188677
12533,292,25.209,151,123.91,32.877757,-67.08005,1.113661,0.182928
12706,293,23.765,173,126.66,32.691834,-67.398883,1.054957,0.17663
12923,294,35.078,217,130.04,35.023321,-67.688512,0.981495,0.169165
13171,295,48.304,248,133.5,33.241785,-67.998998,0.913556,0.161088
13313,296,208.862,142,135.7,33.472711,-68.264898,0.865342,0.156618
13541,297,38.108,228,139.11,34.454898,-68.52808,0.826272,0.149683
13702,298,-13.27,161,141.33,37.687021,-68.554621,0.771614,0.145023
13792,299,75.332,90,142.63,35.279401,-68.497922,0.749801,0.142454
14012,300,55.189,220,145.64,37.159138,-68.581314,0.697042,0.136557
14186,301,43.11,174,148.06,35.009211,-68.590764,0.675863,0.131944
14358,302,29.019,172,150.63,33.392139,-68.30901,0.623213,0.127663
14510,303,216.988,152,152.94,34.67378,-68.518164,0.598946,0.123977
14678,304,138.942,168,155.23,36.492508,-68.575997,0.567382,0.120037
14835,305,178.161,157,157.42,37.449694,-68.838567,0.518371,0.116624
15055,306,71.21,220,160.49,35.402518,-68.865905,0.505845,0.111845
15306,307,391.077,251,163.74,34.50857,-68.60289,0.457173,0.106776
15502,308,331.049,196,166.44,35.15416,-69.128614,0.428401,0.102959
15706,309,63.525,204,169.42,36.369494,-69.378226,0.396123,0.099192
16465,310,813.564,759,180.29,34.061924,-69.74251,0.322387,0.086963
16748,311,441.195,283,184.23,30.982951,-70.533566,0.266734,0.08284
17145,312,538.989,397,189.65,32.350787,-71.341086,0.227192,0.07763
17447,313,497.054,302,193.79,32.017196,-72.373505,0.18581,0.074136
17624,314,318.492,177,196.23,32.723955,-72.863122,0.172138,0.072139
18624,315,682.337,1000,211.43,34.297911,-74.216837,0.130487,0.062408
18983,316,529.617,359,216.95,33.13636,-75.721559,0.096724,0.059356
19275,317,469.683,292,221.54,35.001656,-76.618655,0.078664,0.057156
19523,318,121.821,248,225.34,34.881521,-77.431381,0.074877,0.055268
19693,319,90.565,170,228.01,36.427523,-77.653467,0.070268,0.053971
19906,320,338.159,213,230.92,33.33309,-78.025979,0.065709,0.052373
20126,321,387.649,220,236.19,33.761235,-78.634766,0.059512,0.050796
20334,322,339.703,208,239.25,33.54063,-79.283733,0.055452,0.049361
20500,323,292.927,166,241.74,35.363614,-80.089276,0.05121,0.048224
20763,324,475.506,263,245.61,36.439672,-80.524459,0.042933,0.046666
20961,325,358.79,198,248.55,36.162849,-81.382593,0.037069,0.045575
21234,326,504.604,273,252.55,35.335782,-82.172504,0.032593,0.044153
21419,327,353.065,185,255.08,35.476215,-82.880458,0.023682,0.043392
21634,328,373.911,215,258.15,34.764672,-83.459473,0.018464,0.042663
21932,329,521.747,298,262.33,35.488195,-84.21975,0.013151,0.041903
22080,330,309.843,148,264.43,37.929592,-84.966995,0.011146,0.04152
22285,331,361.066,205,267.49,36.899735,-85.49343,0.004576,0.04128
22450,332,288.552,165,269.91,38.226019,-86.066997,0.005134,0.04107
22627,333,336.247,177,272.35,33.535713,-86.604528,0.003066,0.040936
22776,334,281.839,149,274.4,36.084641,-87.274891,-0.001628,0.040984
22866,335,121.593,90,275.66,33.866133,-87.483735,0.007931,0.040807
23029,336,374.494,163,277.93,34.586827,-87.949637,0.006539,0.040422
23173,337,278.822,144,280.94,33.679311,-88.361095,0.001793,0.040373
23341,338,300.093,168,283.04,34.201695,-88.942024,-0.002844,0.040506
23434,339,169.127,93,284.28,33.749688,-89.386364,-0.003045,0.040641
23519,340,168.872,85,285.57,34.178109,-89.628155,0.000282,0.040633
23663,341,261.393,144,287.75,34.077856,-90.102221,0.001572,0.040496
23811,342,263.758,148,289.88,35.605248,-90.623488,-0.002375,0.040647
23940,343,318.108,129,291.67,33.484959,-90.847601,-0.006143,0.041016
24121,344,335.382,181,294.12,34.281016,-91.249326,0.00016,0.041024
24242,345,251.81,121,295.79,35.988171,-91.819832,-0.000464,0.041048
24363,346,289.927,121,297.38,34.125234,-92.280004,0.002854,0.040885
24486,347,-18.111,123,298.94,35.200338,-92.43771,0.000218,0.04086
24717,348,394.393,231,301.77,34.08809,-92.924905,-0.002529,0.041198
24857,349,218.408,140,303.5,33.734448,-93.349748,-0.004524,0.041491
24995,350,-6.471,138,305.29,36.452364,-93.723302,-0.000217,0.041591
25487,351,323.985,492,311.93,35.887657,-94.301595,-0.001881,0.042105
25693,352,310.655,206,314.75,35.523489,-94.864216,0.000904,0.042051
25807,353,153.933,114,316.32,34.516387,-95.268107,-0.002857,0.042228
25945,354,293.194,138,318.18,35.548554,-95.580639,-0.004727,0.042745
26017,355,81.763,72,319.13,33.006655,-95.548379,-0.000262,0.042828
26095,356,-1.006,78,320.17,36.862848,-95.789458,-0.00346,0.043005
26206,357,167.83,111,321.52,39.51788,-95.959551,0.003359,0.042716
26309,358,160.761,103,322.84,37.365343,-95.915176,0.005655,0.042373
26446,359,252.522,137,324.62,37.193258,-96.048301,0.005194,0.041742
26559,360,185.341,113,326.11,38.012747,-96.100427,0.00339,0.041502
26674,361,220.361,115,327.84,34.227365,-96.508755,0.003888,0.041157
26786,362,228.921,112,329.43,37.955539,-96.552331,0.001916,0.040936
26941,363,329.147,155,331.51,35.491133,-96.65289,0.004941,0.040437
27051,364,172.047,110,332.97,31.39842,-96.990605,0.007463,0.039786
27176,365,179.179,125,334.68,35.648802,-96.776892,0.004606,0.039322
27299,366,245.035,123,336.36,35.406112,-96.987033,0.00231,0.03916
27438,367,247.696,139,338.29,35.301546,-97.098659,0.001731,0.038991
27593,368,286.969,155,340.42,34.547448,-97.436689,0.001948,0.038764
27771,369,389.739,178,342.86,33.752608,-97.717495,0.003391,0.038282
27905,370,237.564,134,344.6,33.501265,-97.611554,-0.001646,0.038503
28041,371,282.078,136,346.35,33.028256,-97.927806,-0.002605,0.038705
28169,372,295.006,128,347.92,33.900175,-97.897274,-0.004607,0.039185
28271,373,199.862,102,349.26,33.124371,-97.877301,-0.003117,0.039385
28446,374,347.327,175,351.38,33.758991,-98.110032,-0.003841,0.039773
28583,375,214.364,137,353.15,33.42864,-98.347486,0.005182,0.039304
28826,376,101.116,243,356.78,33.705929,-98.322827,0.001036,0.039191
28996,377,333.951,170,359.18,32.953455,-98.638325,0.001287,0.039027
29146,378,275.006,150,361.48,33.382312,-98.593881,-0.002174,0.039199
29378,379,392.551,232,364.97,34.143003,-98.811271,-0.001656,0.039586
29653,380,87.413,275,369.07,34.524687,-99.256648,-0.001975,0.03994
29938,381,510.169,285,373.04,32.769243,-99.290092,0.004489,0.039034
30087,382,260.565,149,376.54,33.244643,-99.540874,-0.000185,0.039078
30240,383,89.69,153,378.7,34.035155,-99.430348,0.000427,0.038961
30364,384,193.344,124,380.5,31.760137,-99.738127,0.001631,0.038812
30473,385,213.834,109,382.07,30.094262,-99.574628,0.005681,0.038369
30545,386,5.152,72,383.06,31.348571,-99.924278,0.002477,0.038178
30705,387,292.738,160,385.15,33.15372,-99.88215,-0.001387,0.038417
30949,388,493.623,244,388.62,33.743158,-100.008627,-0.003111,0.038984
31123,389,154.638,174,391.15,31.165219,-100.213856,-0.002424,0.039218
31375,390,104.373,252,394.58,32.680069,-100.52224,-0.001152,0.039506
31485,391,1.157,110,396.05,34.34294,-100.663836,-0.003028,0.039702
31594,392,88.673,109,397.64,31.207823,-100.626956,-0.008227,0.040423
31745,393,5.298,151,399.88,31.607328,-100.602588,0.002342,0.040285
31965,394,419.196,220,403.06,35.022791,-100.538059,0.006438,0.039232
32101,395,179.117,136,405.01,34.9818,-100.388852,-0.003344,0.039456
32608,396,156.404,507,412.12,33.905964,-100.339313,0.000547,0.039285
32710,397,185.814,102,413.74,34.214468,-100.184781,-0.001938,0.039305
32832,398,232.794,122,415.84,34.033155,-100.130974,-0.000217,0.039412
33010,399,194.515,178,418.58,33.526639,-100.308245,0.002587,0.039071
33119,400,185.603,109,420.31,31.369831,-100.271179,-0.002968,0.039269
33458,401,373.902,339,425.79,33.477297,-100.188007,-0.001693,0.039786
33650,402,38.411,192,428.84,33.274577,-99.986616,-0.00453,0.040435
33837,403,14.898,187,431.96,33.085154,-99.929189,-0.000308,0.040411
34110,404,405.402,273,436.45,34.333505,-99.929546,-0.002001,0.040855
34282,405,266.539,172,439.0,33.885507,-99.8708,0.007972,0.039912
34423,406,268.896,141,441.01,36.294564,-99.9104,0.006434,0.039178
34574,407,301.167,151,443.05,35.295711,-99.846461,-0.000408,0.039302
34800,408,123.394,226,446.19,33.430574,-100.076768,0.000251,0.039202
35242,409,120.939,442,452.04,34.381758,-99.704272,0.002619,0.038423
35446,410,283.213,204,454.59,36.214709,-99.254996,-0.000149,0.038289
35682,411,332.092,236,457.66,35.979701,-99.322132,-0.002325,0.038702
35988,412,327.144,306,461.76,36.00639,-99.505578,0.001553,0.038449
36361,413,269.135,373,466.99,35.42974,-99.178581,0.001631,0.038048
36803,414,425.839,442,473.4,38.636437,-98.995598,0.000247,0.037857
37029,415,225.151,226,476.68,36.937232,-99.080949,-0.001545,0.038224
37373,416,471.191,344,481.58,37.545187,-99.234814,-0.001773,0.038661
37721,417,561.481,348,486.57,38.126936,-99.123693,-0.000923,0.03891
37987,418,452.942,266,490.6,37.980925,-99.276069,0.000109,0.038794
38166,419,327.386,179,493.21,37.148186,-99.213021,0.003599,0.038383
38407,420,489.064,241,496.78,36.446893,-99.065669,0.001153,0.038189
38554,421,256.186,147,499.04,37.298976,-99.513316,-0.000462,0.038167
38965,422,759.541,411,505.71,37.468787,-99.49813,-5.5e-05,0.038141
39410,423,732.643,445,512.99,36.392924,-99.629734,-0.001199,0.038674
39742,424,494.099,332,518.51,36.578739,-99.95646,-0.000926,0.038848
40314,425,824.467,572,531.18,35.765696,-100.099943,0.000386,0.038687
40676,426,738.491,362,537.0,36.755283,-100.49639,-0.002433,0.03935
40915,427,455.405,239,540.88,35.354883,-100.743017,0.003106,0.038841
41364,428,728.407,449,548.1,36.238399,-101.011307,-0.0023,0.039632
41557,429,383.379,193,551.25,35.145191,-101.37833,0.000486,0.039522
41875,430,520.628,318,556.35,35.563736,-101.158823,0.002168,0.038974
42307,431,631.713,432,562.29,34.842819,-101.524237,-0.001108,0.039402
42625,432,475.709,318,566.23,35.516295,-101.99676,0.002234,0.038842
42798,433,375.875,173,568.29,33.556168,-102.466995,0.000838,0.03873
42959,434,302.476,161,570.43,33.911416,-102.486628,-0.004027,0.039237
43091,435,184.384,132,572.19,34.184567,-102.52722,-0.005915,0.039818
43342,436,494.13,251,575.67,33.76955,-102.649824,2.1e-05,0.039902
43521,437,302.783,179,578.06,32.654284,-102.727495,0.002482,0.039525
43670,438,263.247,149,580.1,33.174033,-102.91765,-0.002482,0.039822
43923,439,486.823,253,583.55,32.447144,-103.059379,0.00312,0.03918
44042,440,177.028,119,584.95,32.662989,-102.837097,-0.005111,0.039615
44190,441,247.069,148,586.72,33.5832,-103.213949,0.000619,0.039589
44313,442,192.103,123,588.27,32.763906,-103.213952,-0.00277,0.039849
44528,443,410.323,215,591.37,32.552854,-103.429099,0.003493,0.03919
44712,444,291.33,184,594.04,32.600115,-103.755418,0.001742,0.039008
44881,445,241.383,169,596.43,32.283684,-103.723504,0.003099,0.038578
45046,446,286.568,165,598.8,33.119999,-103.883256,-0.000534,0.038613
45193,447,316.347,147,600.97,31.848476,-103.867458,-0.004999,0.039153
45288,448,140.924,95,602.38,31.695115,-104.149693,-0.002625,0.039377
45430,449,235.09,142,604.42,31.746512,-104.053476,0.002819,0.039081
45617,450,191.355,187,607.09,31.402275,-104.088358,-0.000909,0.039174
45802,451,376.192,185,609.74,31.127119,-104.074918,-0.000544,0.039245
46062,452,465.916,260,613.49,31.98738,-104.172889,0.003206,0.038659
46227,453,261.234,165,615.82,32.448563,-104.391012,0.002049,0.038411
46381,454,263.084,154,617.98,30.912799,-104.59019,0.000259,0.038334
46550,455,293.266,169,620.25,31.347114,-104.567792,-0.001892,0.038661
46763,456,387.157,213,623.29,29.976646,-104.850328,0.001382,0.038329
46939,457,303.743,176,625.68,30.873488,-104.916636,-0.002938,0.038815
47230,458,558.09,291,629.52,30.647823,-105.099423,0.004043,0.037835
47364,459,261.578,134,631.33,30.404613,-105.05116,0.001888,0.037678
47504,460,239.543,140,633.21,30.12792,-104.890691,-0.001389,0.037806
47670,461,320.318,166,635.36,30.273324,-105.1066,0.002044,0.037553
47998,462,595.327,328,639.44,30.805554,-105.435076,0.002727,0.036807
48216,463,326.494,218,642.23,29.537342,-105.662735,-0.000539,0.036856
48440,464,419.074,224,645.02,28.727294,-105.982408,0.001948,0.036582
48620,465,339.485,180,647.42,29.406789,-106.05565,-0.001069,0.036709
48756,466,281.06,136,649.38,30.013502,-105.755057,-0.000553,0.036736
48913,467,247.632,157,651.6,29.296752,-106.250803,-0.002883,0.037156
49202,468,394.192,289,655.6,29.382982,-106.242597,-0.000489,0.037247
49382,469,308.338,180,657.97,30.519583,-106.470781,0.002519,0.036799
49551,470,305.78,169,660.18,29.647808,-106.507547,0.001344,0.036737
49714,471,334.74,163,662.26,29.893014,-106.409328,-0.002931,0.03711
49882,472,316.049,168,664.32,29.449924,-106.496885,0.001107,0.036933
50023,473,231.933,141,667.11,29.127458,-106.57602,-0.002098,0.037093
50170,474,270.753,147,669.14,28.94038,-106.579596,-0.004575,0.03771
50297,475,231.139,127,670.78,29.806496,-106.538563,-0.000331,0.03772
50400,476,146.324,103,672.19,29.975326,-106.433189,-0.001941,0.037837
50534,477,219.221,134,674.14,29.097774,-106.444028,0.002908,0.037555
50673,478,245.994,139,676.1,29.414142,-106.676556,-0.001147,0.037722
50852,479,325.994,179,678.62,28.727797,-106.716649,0.003221,0.037211
51026,480,332.799,174,681.18,28.868104,-106.453711,-0.000647,0.03721
51140,481,158.888,114,682.79,29.149644,-106.568426,-0.000384,0.03732
51287,482,290.879,147,684.61,28.651345,-106.522115,-0.002295,0.037638
51435,483,234.438,148,686.42,28.076235,-106.6828,0.002468,0.037337
51653,484,422.457,218,689.28,28.344398,-106.927333,0.00072,0.037277
51851,485,375.942,198,691.87,29.126737,-106.940717,-0.001948,0.03752
51949,486,178.814,98,693.11,28.10638,-107.29633,-0.000923,0.037632
52053,487,144.733,104,694.44,29.456389,-106.983046,0.0006,0.03751
52154,488,152.964,101,695.69,29.782195,-106.854393,-3.6e-05,0.037527
52270,489,236.567,116,697.31,28.211396,-106.94363,-0.006042,0.038121
52378,490,187.41,108,698.82,29.436551,-106.717586,-0.002822,0.038311
52521,491,248.248,143,700.82,28.946831,-106.94022,0.004022,0.037924
52635,492,183.813,114,702.37,28.322253,-107.070517,0.004999,0.037472
52836,493,368.585,201,705.07,28.264978,-106.87532,0.000333,0.037375
52985,494,217.677,149,707.13,28.080516,-107.146182,-0.002161,0.037663
53091,495,194.592,106,708.52,29.257293,-107.198376,0.000601,0.037626
53212,496,223.778,121,710.09,28.958555,-107.080297,-0.003625,0.037907
53297,497,129.108,85,711.16,29.427829,-106.470999,-0.012096,0.038765
53480,498,361.054,183,713.46,28.626911,-106.988941,-0.004065,0.039316
53582,499,149.034,102,714.87,29.4922,-106.896399,-0.001203,0.039524
53716,500,290.842,134,716.66,28.684587,-106.731701,-0.005683,0.040134
53834,501,172.226,118,718.25,29.280934,-106.858596,-0.000368,0.040175
53957,502,202.657,123,719.92,28.969423,-107.228787,0.004316,0.039718
54066,503,162.846,109,721.47,28.54289,-107.016988,0.006654,0.039208
54246,504,334.907,180,723.97,29.13467,-106.736334,0.002112,0.038823
54366,505,153.711,120,725.64,27.78617,-106.916063,0.003182,0.038481
54480,506,215.106,114,727.24,28.172545,-106.70482,0.000533,0.03845
54637,507,241.196,157,729.48,29.832617,-106.791617,-0.000817,0.038555
54817,508,356.35,180,732.09,28.327129,-106.690407,-0.004125,0.03914
54979,509,392.212,162,734.28,28.831653,-106.664335,0.001468,0.038907
55086,510,149.394,107,735.73,29.008257,-106.651997,0.000532,0.038942
55189,511,146.192,103,737.18,28.417267,-106.614828,0.004096,0.038692
55436,512,540.595,247,741.03,28.464696,-106.509849,-0.006239,0.039893
55557,513,209.616,121,742.98,27.600556,-106.608881,-0.003827,0.040188
55707,514,232.641,150,745.4,27.906159,-106.686666,0.001448,0.040004
55904,515,392.352,197,748.43,28.504746,-106.278849,0.000368,0.039999
56005,516,138.998,101,749.99,27.781587,-106.247095,-0.001416,0.040076
56187,517,337.33,182,752.91,28.321662,-106.396187,0.00061,0.039935
56374,518,442.072,187,755.93,28.228102,-106.43207,-0.000495,0.040168
56573,519,415.556,199,759.05,27.073617,-106.561805,0.002673,0.039671
56723,520,272.901,150,761.52,27.609867,-106.542454,-0.001499,0.039861
56842,521,205.236,119,763.48,27.426286,-106.151285,0.007096,0.039242
56979,522,184.206,137,765.74,27.505958,-106.671909,0.004229,0.038799
57300,523,546.816,321,770.97,27.453911,-106.55304,0.001871,0.03829
57627,524,624.502,327,776.14,26.445287,-106.31102,-0.001891,0.038771
57984,525,855.305,357,781.75,26.916003,-106.477693,-0.001464,0.039174
58132,526,97.287,148,784.18,26.808065,-106.505296,0.002056,0.038954
58433,527,608.108,301,789.09,27.951252,-106.409341,-0.002195,0.039425
58553,528,216.491,120,791.12,27.126968,-106.426977,-0.000366,0.039506
58717,529,310.297,164,793.83,26.061485,-106.399514,0.005261,0.038881
59002,530,542.396,285,798.15,26.404206,-106.687724,-0.000316,0.03888
59137,531,276.236,135,799.8,28.639169,-106.223024,-0.001922,0.039059
59476,532,740.187,339,804.32,25.939263,-106.539467,-0.000288,0.039263
59681,533,402.775,205,807.11,24.989849,-106.719321,0.00167,0.038886
59811,534,207.738,130,808.84,24.435128,-106.529497,-0.005176,0.039397
60105,535,551.816,294,814.61,25.91414,-106.761884,0.000336,0.039453
60208,536,209.052,103,815.99,25.820452,-106.780385,0.000141,0.039454
60333,537,259.949,125,817.61,24.922849,-106.881371,0.003429,0.039066
60439,538,180.918,106,819.18,26.594001,-106.689122,0.003924,0.038791
60611,539,375.599,172,821.61,25.870483,-106.637491,0.004154,0.038192
60963,540,801.285,352,826.56,26.286828,-106.486641,-0.003642,0.039178
61309,541,666.341,346,832.18,25.540695,-107.048027,0.00235,0.038447
61537,542,464.164,228,836.26,25.119784,-107.11741,-0.001992,0.038931
62117,543,1120.935,580,845.92,24.902202,-107.081614,-0.000322,0.039045
62449,544,755.413,332,850.45,25.463059,-107.269494,0.001591,0.038604
62551,545,147.446,102,851.85,25.823817,-107.392787,0.000332,0.038635
62789,546,446.966,238,855.36,26.348613,-107.393117,0.001538,0.038359
62944,547,254.674,155,858.25,25.63627,-107.498077,0.001376,0.038175
63081,548,254.144,137,860.56,24.103636,-107.635094,0.000847,0.038026
63265,549,431.662,184,863.98,25.119435,-107.721616,0.001742,0.037888
63414,550,251.547,149,866.14,23.660474,-107.810173,-0.003106,0.038172
63677,551,497.423,263,870.31,25.144123,-107.678833,-0.00027,0.038277
64060,552,825.741,383,875.83,25.043562,-107.697669,-9.4e-05,0.038237
64196,553,309.543,136,877.92,26.136482,-108.240009,-0.008681,0.039129
64619,554,897.358,423,885.33,24.118018,-108.234545,0.000872,0.03888
64763,555,284.127,144,887.78,25.521088,-108.254885,0.002377,0.038603
65083,556,638.591,320,892.94,24.449436,-108.33703,-0.000943,0.038907
65196,557,190.115,113,894.58,25.640019,-108.646018,0.00083,0.038858
65330,558,261.814,134,896.78,24.280122,-108.687469,0.003351,0.038477
65683,559,745.495,353,901.85,24.679125,-108.687737,0.001045,0.038165
65915,560,477.509,232,905.13,24.388296,-108.829769,0.000247,0.038147
66142,561,591.782,227,908.44,24.615186,-108.994015,0.001443,0.037948
66261,562,195.296,119,910.16,23.792531,-109.015779,-0.002901,0.038113
66556,563,530.81,295,914.4,24.929754,-108.875792,-0.002472,0.038709
66714,564,301.296,158,916.72,24.054864,-109.148597,0.000501,0.038608
66830,565,209.336,116,918.65,26.111939,-109.351095,0.00336,0.038407
66965,566,203.269,135,921.53,24.2799,-109.562547,0.004266,0.037884
67085,567,246.939,120,923.59,24.782428,-109.558536,0.001345,0.037774
67323,568,488.375,238,927.97,23.551373,-109.478806,-0.000539,0.037872
67634,569,592.6,311,932.45,23.218872,-109.532084,-0.000584,0.038029
67874,570,463.112,240,936.87,23.823686,-109.928405,0.000619,0.037932
68009,571,262.806,135,939.46,22.991805,-109.832377,-0.001495,0.038078
68292,572,665.087,283,943.87,23.483059,-109.850719,-0.003062,0.038783
68438,573,326.989,146,946.05,23.43124,-109.903958,-0.002283,0.039031
68595,574,267.742,157,948.4,23.037589,-110.00242,-1.6e-05,0.0391
68777,575,296.613,182,950.76,23.330246,-110.443717,0.001325,0.038786
68883,576,185.733,106,952.2,23.909224,-110.279678,-0.004575,0.039224
69075,577,388.17,192,955.06,23.906279,-110.194893,0.001164,0.039078
69335,578,534.85,260,958.86,22.72079,-110.500785,0.000335,0.039048
69462,579,267.342,127,960.7,23.008365,-110.350284,-0.002172,0.039127
69687,580,400.854,225,964.01,23.842899,-110.558239,-0.00086,0.039369
69831,581,293.245,144,966.21,23.83681,-111.058209,-3.4e-05,0.039445
69939,582,60.021,108,968.05,24.060708,-110.561599,0.007453,0.038759
70086,583,345.912,147,971.64,23.035696,-110.55154,-0.000778,0.038796
70263,584,328.728,177,973.92,22.986658,-110.615821,0.004455,0.038203
70426,585,214.781,163,976.08,23.608722,-110.864558,0.000421,0.038112
70591,586,409.419,165,978.27,24.634705,-110.89998,-0.002086,0.038315
70704,587,52.315,113,979.75,23.376312,-110.903828,0.001074,0.038323
70859,588,340.167,155,981.91,25.802643,-110.8317,-0.00553,0.039005
71093,589,439.52,234,985.41,24.731286,-110.973462,0.000346,0.038912
71169,590,9.032,76,986.49,24.782859,-110.446214,-0.000759,0.038929
71390,591,579.389,221,989.6,25.494925,-110.830282,0.000807,0.038864
71545,592,328.335,155,991.88,24.321817,-110.867243,0.003648,0.038361
71810,593,492.334,265,995.73,24.269081,-110.85749,0.001151,0.038112
71918,594,212.067,108,997.25,23.320799,-111.310825,0.002753,0.037975
72015,595,167.326,97,998.6,24.243752,-110.854831,0.001449,0.037842
72131,596,211.343,116,1000.23,23.539905,-110.828979,-0.002612,0.037991
72276,597,266.861,145,1002.29,23.222997,-110.876709,0.001642,0.037801
72459,598,364.86,183,1004.92,24.059183,-111.004149,-0.002683,0.038235
72629,599,273.588,170,1007.41,23.638683,-110.822319,0.001182,0.038125
72851,600,382.115,222,1010.54,23.945819,-111.055831,0.000295,0.038077
73030,601,345.078,179,1012.99,23.237445,-110.86297,-0.004564,0.038545
73497,602,992.428,467,1020.84,23.27839,-111.117655,-0.001375,0.039229
73732,603,20.431,235,1025.18,23.288501,-110.935518,-0.000184,0.039173
73931,604,450.582,199,1028.64,24.696679,-110.887225,-0.002934,0.039693
74583,605,1471.811,652,1037.76,24.037775,-111.045613,0.001343,0.039037
74720,606,237.862,137,1039.58,24.048876,-111.545769,-0.001562,0.039256
74899,607,322.982,179,1042.01,23.385685,-111.22514,0.001053,0.039084
75018,608,251.643,119,1043.61,23.579569,-111.572659,0.001893,0.038985
75426,609,839.872,408,1048.86,24.190309,-111.126663,0.000203,0.038828
75781,610,785.787,355,1053.31,23.525614,-111.745868,-0.00273,0.039643
75916,611,293.44,135,1055.23,24.421152,-111.254322,-0.002164,0.039824
76116,612,445.047,200,1057.94,23.480924,-111.54261,-0.000615,0.039934
76411,613,803.849,295,1062.08,23.940137,-111.491731,0.002055,0.039533
76734,614,809.508,323,1066.66,23.367388,-111.697149,-0.001172,0.039774
76869,615,253.286,135,1068.5,22.290624,-111.748713,0.005971,0.039187
77432,616,1263.866,563,1076.0,23.923361,-111.730663,-0.001642,0.039912
77565,617,192.67,133,1077.77,23.481245,-111.726197,-0.00621,0.040429
77684,618,65.632,119,1079.25,22.33913,-111.909305,0.001713,0.040383
77839,619,316.387,155,1081.22,23.32998,-112.051287,0.001902,0.040146
78479,620,1150.318,640,1090.06,23.082328,-111.970262,-0.003591,0.041982
78626,621,258.946,147,1092.1,24.9739,-112.029178,-4.9e-05,0.041958
78959,622,722.299,333,1096.69,22.70142,-112.219438,-0.000133,0.042039
79248,623,704.503,289,1101.78,23.092031,-112.111983,-0.001832,0.042441
79543,624,677.824,295,1106.94,23.189761,-112.060694,0.002464,0.041847
79794,625,561.337,251,1110.88,23.343641,-112.423022,-0.001642,0.042182
79936,626,269.631,142,1113.06,23.000082,-112.190169,0.002576,0.041953
80241,627,648.925,305,1119.23,23.641509,-112.56165,-0.000893,0.042156
80393,628,274.153,152,1121.62,22.671329,-112.529289,-0.001255,0.042274
80641,629,628.111,248,1125.5,22.698407,-112.795098,-0.001379,0.04261
80879,630,510.216,238,1129.14,23.233609,-112.881176,-0.002531,0.042974
81175,631,418.049,296,1134.02,22.802058,-112.821545,-0.002855,0.043732
81471,632,642.72,296,1138.73,23.378328,-112.877416,0.002854,0.0431
81766,633,664.779,295,1143.87,22.546218,-112.835181,0.002614,0.042405
81976,634,520.079,210,1147.49,22.818352,-112.723881,0.00094,0.042329
82190,635,411.455,214,1151.36,21.94293,-113.078991,0.003863,0.041509
82426,636,505.819,236,1155.38,21.883153,-112.63552,-0.000765,0.041707
82750,637,702.015,324,1160.56,22.113616,-113.092224,-0.005443,0.043119
83071,638,533.453,321,1165.28,22.893856,-113.301814,-0.002325,0.043749
83234,639,314.441,163,1167.66,22.213559,-113.257821,0.004767,0.0432
83502,640,385.182,268,1171.78,22.342598,-113.418456,-0.001813,0.043562
83710,641,365.851,208,1175.42,22.23485,-113.550159,-0.001416,0.043724
83944,642,429.415,234,1179.3,22.401566,-113.351674,-0.002951,0.044211
84176,643,515.196,232,1183.04,22.800999,-113.588565,0.000826,0.044153
84394,644,565.909,218,1186.86,22.133257,-113.627869,-0.000166,0.044209
84613,645,535.264,219,1190.65,22.290008,-113.484139,-0.00084,0.04442
84868,646,513.303,255,1194.29,21.615791,-113.85601,-0.001601,0.044709
85045,647,316.913,177,1196.85,21.724059,-113.717747,0.002155,0.044479
85272,648,497.951,227,1200.1,21.641915,-113.739313,0.004116,0.04362
85397,649,321.749,125,1201.84,22.835118,-113.758118,0.008173,0.042746
85504,650,199.829,107,1203.29,22.239148,-113.72634,-0.001813,0.042952
85704,651,340.038,200,1206.04,23.010613,-113.723114,-0.001551,0.043133
85959,652,509.378,255,1209.62,21.403864,-114.161989,-0.000759,0.043288
86118,653,297.487,159,1211.99,22.132802,-114.155338,0.000473,0.043265
86370,654,545.777,252,1215.61,21.957051,-113.86262,-0.001035,0.043475
86554,655,462.257,184,1218.29,22.380765,-113.99584,-0.002366,0.043918
86792,656,670.074,238,1221.77,21.67403,-114.251451,-0.002465,0.044333
87058,657,597.351,266,1225.97,23.048891,-114.04744,-0.000995,0.044533
87318,658,555.311,260,1229.98,22.449463,-114.123662,-0.00449,0.045477
87567,659,586.676,249,1233.83,22.153153,-114.433132,-0.000946,0.045721
87744,660,377.0,177,1236.57,21.442124,-114.565463,0.005433,0.045057
87923,661,348.057,179,1239.13,21.981325,-114.611033,-0.002745,0.045224
88114,662,388.292,191,1241.98,22.24369,-114.818301,-0.001674,0.045523
88338,663,443.561,224,1245.44,22.021093,-114.704592,0.00124,0.045461
88518,664,336.058,180,1248.37,22.316612,-114.44728,-0.001154,0.045563
88819,665,604.242,301,1253.66,22.004333,-114.819243,-0.002911,0.046217
89045,666,559.182,226,1257.51,22.178509,-114.780608,0.001684,0.045968
89267,667,186.581,222,1261.38,22.077077,-115.036371,0.000509,0.045839
89554,668,649.941,287,1266.35,21.986677,-115.024973,-0.00103,0.04601
89785,669,515.749,231,1270.44,23.068696,-114.938256,0.00172,0.045894
90075,670,674.089,290,1277.56,22.933341,-115.041181,0.000171,0.04574
90187,671,267.597,112,1279.12,22.975495,-115.80806,-0.001566,0.045882
90417,672,529.624,230,1282.21,22.407228,-115.384051,0.001343,0.045597
90705,673,661.942,288,1286.18,21.726167,-115.614337,-0.000632,0.045788
90880,674,388.211,175,1288.37,22.132352,-115.689869,0.002675,0.045517
91151,675,678.111,271,1291.6,21.74544,-115.718634,0.002461,0.044876
91327,676,328.211,176,1293.92,21.76758,-116.028111,-0.002668,0.045297
91629,677,713.617,302,1297.97,21.474869,-115.933581,0.000232,0.045287
91815,678,399.496,186,1300.52,22.089411,-115.907439,0.00136,0.044999
91965,679,378.28,150,1302.56,21.970471,-116.529098,0.000819,0.044948
92111,680,276.25,146,1304.62,21.771976,-116.301197,0.00967,0.043787
92402,681,658.431,291,1308.71,23.802783,-116.24677,-0.003448,0.04449
92550,682,293.474,148,1310.54,21.322957,-116.669991,0.0018,0.044323
92764,683,591.946,214,1313.36,21.495056,-116.783745,-0.000789,0.044378
92941,684,399.727,177,1316.17,21.457672,-116.668152,-0.000251,0.044341
93168,685,632.118,227,1319.15,21.534606,-116.584934,-0.007288,0.045808
93384,686,478.53,216,1322.29,21.80652,-117.084148,-0.000556,0.045885
93596,687,536.58,212,1325.48,21.927535,-116.764614,-0.000974,0.046046
93745,688,317.97,149,1327.71,20.669273,-117.138623,0.000405,0.045985
93941,689,463.725,196,1330.57,21.421735,-117.138237,0.001761,0.045802
94285,690,771.66,344,1335.68,21.325224,-117.145791,0.001855,0.04517
94515,691,556.321,230,1338.68,21.782042,-117.503492,-0.001731,0.045507
94694,692,432.469,179,1340.99,22.101225,-117.346073,0.003625,0.044998
94862,693,372.177,168,1343.24,22.250155,-117.743951,0.004842,0.044318
95031,694,373.415,169,1345.73,20.671485,-117.824059,-0.004395,0.044905
95301,695,648.814,270,1349.69,21.16543,-117.59233,0.000443,0.044928
95505,696,508.281,204,1352.63,21.633344,-117.743958,0.003002,0.044353
95794,697,704.951,289,1356.92,21.854705,-117.956236,-0.000586,0.0445
96055,698,624.281,261,1360.58,21.182575,-118.060864,0.000462,0.044256
96241,699,407.398,186,1363.15,22.097413,-118.495353,-0.003696,0.044857
96520,700,602.706,279,1367.15,21.322889,-118.318779,-0.00053,0.045
96607,701,172.154,87,1368.37,20.802579,-118.947353,0.003248,0.044804
97032,702,777.45,425,1374.23,21.187093,-118.610151,0.000919,0.044538
97279,703,627.886,247,1377.91,21.514594,-118.702753,0.000174,0.044425
97402,704,302.654,123,1379.69,20.265807,-118.686184,-0.001955,0.044654
97676,705,628.493,274,1383.49,21.08645,-119.027121,0.001334,0.044387
97911,706,619.354,235,1386.57,21.257795,-119.058825,-0.000311,0.044412
98022,707,231.888,111,1388.02,20.725814,-118.775463,0.003638,0.044051
98229,708,452.624,207,1390.84,20.58391,-119.150321,0.000405,0.043994
98382,709,334.173,153,1392.72,21.208375,-119.090537,-0.000477,0.044106
98613,710,612.371,231,1395.94,20.507588,-119.283872,-0.003174,0.044594
98859,711,668.188,246,1399.28,21.114244,-119.743813,-0.001218,0.044909
99227,712,819.966,368,1404.24,21.372184,-119.633574,-0.003276,0.046042
99385,713,398.376,158,1406.4,22.041435,-119.713981,-0.000646,0.045987
99592,714,523.061,207,1409.12,20.933243,-119.636262,-0.00289,0.046545
99721,715,268.794,129,1410.7,21.381394,-119.864716,0.01045,0.045454
99891,716,432.046,170,1412.82,20.319385,-119.871598,0.002436,0.045182
100112,717,539.99,221,1417.43,20.442388,-120.198577,0.001892,0.044829
100240,718,298.771,128,1419.04,21.353105,-119.918657,0.001885,0.044566
100553,719,705.283,313,1423.13,21.084392,-120.263958,-0.000932,0.044753
100679,720,312.303,126,1424.86,20.97266,-119.901106,-0.003135,0.045138
100970,721,691.979,291,1428.94,20.227765,-120.173088,0.000999,0.044954
101093,722,273.575,123,1430.63,20.861889,-120.305331,-0.00798,0.045668
101236,723,315.408,143,1432.64,20.618813,-120.489519,-0.000462,0.045776
101391,724,378.906,155,1434.74,20.372049,-120.570612,0.005041,0.04519
101564,725,434.65,173,1437.03,19.868506,-120.912094,0.002497,0.044753
101806,726,532.796,242,1440.11,21.527318,-120.933611,0.002256,0.044301
101964,727,364.732,158,1442.23,22.07805,-121.046119,-0.000511,0.044413
102083,728,258.3,119,1443.8,21.491243,-121.074188,-0.006105,0.045006
102229,729,354.665,146,1445.72,21.04953,-121.094898,-0.00438,0.045613
102394,730,361.657,165,1447.97,20.940157,-121.157584,0.000575,0.045391
102531,731,342.606,137,1449.88,20.052919,-120.908303,0.002277,0.045146
102662,732,342.485,131,1451.77,20.467726,-120.895,0.00333,0.0448
102820,733,317.404,158,1454.0,20.992442,-121.031904,-0.000615,0.044879
102940,734,263.841,120,1455.66,21.088284,-121.061384,-0.001428,0.044925
103060,735,309.33,120,1457.32,20.250359,-120.929631,0.00277,0.04481
103179,736,205.392,119,1459.13,21.084113,-121.014861,-0.001737,0.04484
103358,737,420.543,179,1461.99,20.465473,-121.007714,0.000137,0.04488
103457,738,191.391,99,1463.53,19.669182,-121.373336,0.001004,0.044792
103572,739,242.079,115,1465.34,19.64627,-121.235309,0.001467,0.044656
103728,740,357.238,156,1467.88,20.243066,-121.521507,-0.001133,0.044834
104035,741,667.474,307,1472.67,20.22677,-121.198418,-0.002331,0.045479
104379,742,767.954,344,1478.15,20.504014,-121.498221,-0.000271,0.045529
104692,743,852.776,313,1483.67,19.948927,-121.67747,0.000436,0.045324
104851,744,354.31,159,1485.77,20.560378,-121.670534,0.00801,0.044368
105133,745,698.947,282,1489.79,19.985071,-121.892679,0.001062,0.044096
105497,746,798.812,364,1495.11,21.216233,-122.159595,-0.000924,0.04439
105694,747,469.37,197,1497.9,20.58894,-122.071129,0.00169,0.044077
105862,748,353.213,168,1500.31,20.434361,-122.119285,0.002311,0.043786
106184,749,772.566,322,1504.85,20.161321,-122.493324,-0.002249,0.044325
106524,750,736.409,340,1509.55,19.806788,-122.61349,-0.002629,0.045119
106812,751,748.477,288,1513.8,19.779823,-122.941759,0.000877,0.044871
106980,752,429.536,168,1516.12,19.686473,-123.233981,0.000667,0.044846
107252,753,644.52,272,1519.76,20.575343,-123.044631,0.002047,0.044354
107431,754,454.142,179,1521.95,19.680872,-123.113594,0.005931,0.043535
107585,755,355.2,154,1524.04,19.851677,-123.299053,-0.006399,0.044234
107711,756,273.709,126,1525.93,19.818506,-123.135997,0.001492,0.044095
107820,757,267.903,109,1527.5,19.945837,-123.399138,0.004164,0.043768
107955,758,296.339,135,1529.4,20.546346,-123.007278,0.001877,0.043566
108094,759,313.54,139,1531.37,20.855576,-123.210724,-4.7e-05,0.043539
108391,760,618.179,297,1535.59,21.163441,-123.268148,-0.00155,0.044025
108511,761,231.007,120,1537.15,20.287176,-123.349358,-0.004378,0.044372
108791,762,689.073,280,1540.6,20.725431,-123.466066,-0.003378,0.045125
109102,763,755.228,311,1544.65,19.939355,-123.46542,0.000183,0.045009
109379,764,673.869,277,1548.26,20.567917,-123.532476,0.003713,0.044292
109452,765,64.845,73,1549.25,19.78115,-124.597212,0.003934,0.043985
109729,766,698.554,277,1553.01,19.435529,-124.305512,-0.00372,0.044848
109836,767,231.069,107,1554.46,21.612733,-124.218353,0.002668,0.044568
109962,768,269.446,126,1556.05,20.371979,-124.315122,-0.003506,0.045014
110231,769,673.022,269,1560.74,20.847617,-124.055272,0.000645,0.044759
110467,770,555.907,236,1563.87,20.29174,-124.66298,-0.006167,0.04596
110767,771,743.761,300,1567.66,21.029065,-124.667247,-0.000332,0.045964
110804,772,13.3,37,1568.1,20.424143,-124.713957,-0.007552,0.046336
110956,773,363.301,152,1569.97,20.884403,-124.864813,0.002754,0.045898
111071,774,215.37,115,1571.45,19.670593,-124.490404,0.000929,0.045897
111311,775,608.687,240,1574.69,22.819905,-124.596046,-0.001764,0.046285
111578,776,653.372,267,1578.62,21.105736,-124.710115,0.006144,0.044934
111701,777,302.522,123,1580.4,21.386567,-124.870756,0.000417,0.04489
111853,778,347.317,152,1582.39,19.768772,-124.949259,-0.008191,0.045843
112087,779,613.687,234,1585.47,21.716242,-125.074458,0.000829,0.045754
112367,780,652.387,280,1589.41,20.771853,-125.078598,-0.000837,0.045936
112475,781,234.824,108,1590.9,22.081856,-124.970528,0.00733,0.045404
112640,782,401.283,165,1593.2,20.453364,-125.265689,0.001459,0.045112
112796,783,355.751,156,1595.42,20.793648,-125.266294,-0.000463,0.045157
113173,784,969.238,377,1600.79,21.156054,-125.133916,-0.004316,0.046423
113336,785,342.103,163,1602.93,20.498379,-125.665041,-0.000884,0.046524
113635,786,766.48,299,1606.94,19.998173,-125.495409,0.000884,0.04635
113710,787,141.16,75,1607.94,19.717529,-124.799316,0.003278,0.046095
113912,788,473.532,202,1610.78,20.240794,-125.726421,8.3e-05,0.046148
114051,789,313.056,139,1612.74,20.525577,-125.689476,0.001824,0.045953
114351,790,735.013,300,1617.02,20.814804,-125.717326,-0.001386,0.046185
114602,791,662.613,251,1620.62,20.823526,-125.603817,-0.000898,0.046512
114866,792,708.54,264,1624.38,19.790315,-126.464515,-0.002067,0.046918
115267,793,835.615,401,1630.14,20.560758,-126.251625,0.002673,0.046113
115492,794,562.616,225,1633.65,19.344779,-126.551918,0.002323,0.045792
115731,795,622.35,239,1637.24,21.348414,-126.485222,0.00345,0.044953
116035,796,796.767,304,1641.37,20.762215,-126.862334,-0.000442,0.045115
116336,797,761.191,301,1645.83,20.171957,-126.620874,0.000648,0.044982
116495,798,380.767,159,1648.03,19.698045,-127.137661,0.00025,0.044908
116731,799,640.51,236,1651.34,20.261329,-127.032362,-0.00025,0.044924
116973,800,673.256,242,1655.01,20.306599,-127.158818,-0.002119,0.045473
117206,801,603.142,233,1658.55,20.105483,-127.44319,0.001628,0.045158
117343,802,128.321,137,1660.44,21.006166,-127.007294,-0.005306,0.045685
117603,803,668.146,260,1664.03,20.252668,-127.5184,-0.000352,0.045865
117854,804,678.931,251,1667.39,20.523814,-127.554035,0.00524,0.044704
118173,805,835.394,319,1671.6,23.269348,-127.366415,-0.003486,0.045679
118305,806,295.857,132,1673.36,21.838894,-127.697319,-0.00024,0.045674
118557,807,700.963,252,1676.95,20.511878,-127.573856,0.003482,0.045037
118768,808,523.702,211,1679.89,20.137146,-127.994117,0.000764,0.044807
118976,809,547.155,208,1682.75,20.903731,-128.139823,0.001709,0.044578
119161,810,423.724,185,1685.45,19.976854,-127.905379,0.003756,0.044
119421,811,665.242,260,1689.0,20.037721,-128.083292,-0.002116,0.044305
119786,812,922.286,365,1693.66,20.382526,-128.293904,0.000472,0.044262
120039,813,613.936,253,1698.98,21.683815,-128.293614,-0.001002,0.044515
120291,814,618.029,252,1702.44,20.030478,-128.447234,-0.00321,0.045115
120630,815,934.378,339,1707.25,21.332361,-128.621112,-0.005042,0.046539
121196,816,1113.384,566,1715.02,20.784755,-128.586931,0.0015,0.045932
121335,817,288.503,139,1717.05,22.977565,-129.48314,-0.005282,0.04642
121502,818,406.328,167,1719.37,20.014905,-129.056211,0.001831,0.046205
121760,819,675.382,258,1722.95,20.184109,-128.894087,0.000589,0.046141
122065,820,815.059,305,1727.13,20.767695,-129.106959,0.000133,0.045986
122388,821,750.233,323,1731.74,20.246461,-129.300882,-0.001781,0.046481
122689,822,710.344,301,1735.95,20.218605,-129.70234,0.004605,0.045344
122947,823,674.864,258,1739.49,20.933195,-129.90506,0.000887,0.045171
123262,824,781.736,315,1743.84,20.73501,-129.711711,-0.002705,0.045878
123477,825,137.59,215,1746.71,20.760237,-129.875856,-0.000358,0.045913
123570,826,44.087,93,1747.91,25.270037,-129.593369,-0.004817,0.046325
123906,827,833.315,336,1752.56,20.840186,-130.022869,0.002951,0.04533
124298,828,924.82,392,1758.1,19.825976,-130.184439,0.00096,0.045269
124534,829,576.886,236,1761.44,20.657159,-130.601104,-0.002168,0.045593
124951,830,402.711,417,1766.92,20.675435,-130.453005,-0.000408,0.045746
125197,831,692.498,246,1770.2,21.356763,-130.695278,0.000478,0.045627
125486,832,770.649,289,1774.36,21.260502,-130.646878,-0.000197,0.045842
125818,833,811.337,332,1778.72,21.035398,-131.000666,0.003176,0.044919
126115,834,781.025,297,1782.91,20.634061,-131.197729,0.002219,0.044299
126466,835,1001.768,351,1787.78,20.641248,-131.251956,-0.000561,0.044557
126894,836,885.892,428,1793.45,20.118616,-131.416366,-0.006019,0.046521
127176,837,686.264,282,1797.19,19.952227,-131.580879,-0.000644,0.046642
128176,838,739.395,1000,1810.68,21.532636,-131.698451,4.2e-05,0.046634
128554,839,817.579,378,1815.59,21.242398,-131.81354,0.002484,0.046055
128905,840,975.741,351,1820.83,20.615989,-132.241414,0.003249,0.044987
129237,841,859.818,332,1825.97,21.757806,-132.30026,-0.00157,0.045364
129502,842,733.81,265,1830.25,20.830441,-132.698465,0.001989,0.045014
129774,843,744.837,272,1834.37,20.397742,-132.572921,-0.002909,0.045576
130071,844,795.137,297,1841.72,22.22212,-132.56855,-0.001229,0.045929
130398,845,852.298,327,1846.89,22.002946,-132.667631,-0.002303,0.046452
130817,846,1243.636,419,1853.77,22.158095,-132.776003,0.004437,0.045058
131154,847,946.456,337,1859.21,21.01103,-133.092869,-0.001035,0.045251
131446,848,736.517,292,1863.75,22.330711,-133.264424,0.000233,0.045186
131724,849,692.966,278,1868.21,22.013787,-133.174582,0.00291,0.044538
132067,850,959.562,343,1873.79,22.457288,-133.601915,-0.003045,0.045446
132313,851,585.809,246,1877.79,20.726935,-133.851239,-0.002205,0.045795
132645,852,855.772,332,1882.17,21.325054,-134.036173,0.000245,0.045804
132816,853,224.574,171,1884.53,21.570511,-134.380179,0.004834,0.045246
133131,854,827.588,315,1889.06,21.032358,-134.208599,0.000867,0.044996
133528,855,929.436,397,1895.01,21.668416,-134.305095,0.001015,0.044628
133888,856,977.066,360,1900.54,22.80113,-134.608631,3.8e-05,0.044761
134076,857,511.37,188,1903.27,22.407535,-134.568024,-0.001434,0.044871
134420,858,845.461,344,1911.03,21.663836,-134.911284,-0.000182,0.044797
134713,859,671.215,293,1918.4,20.992213,-135.173607,-0.001405,0.045211
134985,860,719.186,272,1923.58,21.540271,-135.301762,-0.001962,0.045559
135348,861,956.592,363,1930.33,21.77072,-135.171827,-0.001077,0.045988
135725,862,1183.284,377,1936.49,21.964836,-135.484256,-0.001164,0.046378
135992,863,728.442,267,1940.5,22.031798,-135.556811,0.007214,0.044853
136245,864,707.986,253,1944.45,22.831479,-135.725091,-0.005208,0.045721
136530,865,697.26,285,1948.6,22.59866,-136.04835,0.002273,0.045356
137056,866,1587.357,526,1956.49,22.730776,-136.210079,-0.000837,0.045668
137355,867,744.394,299,1960.84,21.476453,-136.671174,0.004964,0.044522
137627,868,728.766,272,1964.86,21.260465,-136.805547,2.4e-05,0.044439
137820,869,287.817,193,1967.41,22.261494,-136.913799,-0.002398,0.044903
138128,870,780.807,308,1972.31,22.224405,-136.897594,-0.001176,0.045279
138531,871,1035.95,403,1978.13,21.669162,-137.21116,-0.000269,0.045192
138743,872,578.986,212,1981.28,22.196221,-137.311831,0.004133,0.044524
139058,873,781.068,315,1985.97,22.421724,-137.483182,-0.002798,0.04528
139333,874,740.245,275,1990.3,21.946836,-137.683669,0.001384,0.044948
139656,875,802.539,323,1994.78,21.751192,-137.693687,-0.002483,0.045554
139920,876,759.763,264,1998.53,21.186112,-137.874952,-0.003207,0.046207
140173,877,602.076,253,2004.01,21.975361,-137.901382,-0.00183,0.046708
140412,878,622.124,239,2007.1,23.039319,-137.939095,0.000956,0.046456
140511,879,195.047,99,2008.45,21.377841,-138.295708,0.00034,0.046416
141055,880,1530.831,544,2015.57,22.026396,-138.273545,-0.000233,0.046431
141781,881,2451.158,726,2025.9,22.216175,-138.77637,-0.000978,0.047069
142183,882,1128.89,402,2031.38,23.273668,-139.114144,0.001839,0.046493
142492,883,722.954,309,2035.68,23.054367,-139.326992,-0.000721,0.046741
142777,884,715.953,285,2039.7,22.307338,-139.06006,-0.000298,0.046712
143060,885,765.227,283,2043.65,22.230544,-139.422315,0.00062,0.046602
143303,886,624.292,243,2047.09,22.196654,-139.74966,0.000989,0.046412
143593,887,847.597,290,2051.32,22.704852,-139.932895,-0.002846,0.047112
144017,888,1228.25,424,2057.25,22.962707,-140.092206,6.4e-05,0.047155
144303,889,746.327,286,2061.4,22.570527,-140.287056,0.000532,0.046972
144684,890,1021.776,381,2067.24,22.60124,-140.365878,-0.00337,0.048138
144989,891,884.848,305,2071.81,21.811308,-140.915864,-0.007642,0.050089
145545,892,1878.875,556,2080.13,23.616852,-140.922515,0.001103,0.049655
146231,893,2104.28,686,2089.87,22.917326,-141.392897,0.0019,0.048622
146690,894,837.636,459,2096.4,23.017684,-141.895864,0.000976,0.048078
147057,895,1173.229,367,2101.62,23.371696,-142.299342,7.5e-05,0.048139
147313,896,609.227,256,2104.85,22.56372,-142.479213,-0.002751,0.048729
147621,897,783.525,308,2109.16,23.018379,-142.374375,-0.001032,0.049085
148439,898,2713.784,818,2120.65,22.95632,-142.840685,0.001415,0.048041
148716,899,693.784,277,2124.34,23.178269,-143.227897,0.002641,0.047407
148994,900,703.553,278,2128.03,22.970326,-143.16249,-0.001189,0.047676
149414,901,1128.427,420,2133.36,23.580142,-143.789322,-0.000348,0.047688
149587,902,407.167,173,2135.66,23.432122,-143.906601,0.000203,0.047763
149917,903,926.083,330,2140.17,22.450052,-143.744006,-0.001648,0.048188
150199,904,777.317,282,2147.02,23.125352,-144.154946,0.001045,0.048006
150607,905,1040.483,408,2152.63,23.742841,-144.604368,0.003718,0.046798
150905,906,749.619,298,2156.69,23.877003,-144.438872,-0.004891,0.04796
151188,907,660.493,283,2160.49,23.016282,-144.84647,-0.000931,0.0482
151378,908,603.707,190,2163.07,22.590713,-145.181311,0.000406,0.048039
151957,909,1566.534,579,2171.1,23.423753,-145.170962,-0.004185,0.050142
152233,910,713.74,276,2174.99,23.129472,-145.551547,0.001823,0.049704
152905,911,2043.109,672,2185.21,22.837917,-145.840452,6.4e-05,0.049853
153258,912,806.259,353,2190.6,24.59244,-146.074995,0.004736,0.048434
153624,913,1001.822,366,2196.11,22.909191,-146.489118,0.00026,0.048141
153916,914,815.083,292,2200.56,23.06547,-146.582844,-0.000992,0.048557
154220,915,755.599,304,2205.37,23.24658,-146.486276,-0.004031,0.049528
154516,916,644.065,296,2209.96,23.966241,-147.04872,-0.000366,0.049582
154873,917,1036.309,357,2215.91,23.816486,-146.978495,0.003397,0.048635
155392,918,1847.093,519,2224.51,23.064297,-147.233725,-0.000601,0.04876
155687,919,753.408,295,2229.4,22.789175,-147.69731,0.002515,0.048261
155995,920,773.565,308,2234.55,23.728671,-147.758671,-0.002843,0.048921
156358,921,929.018,363,2239.87,22.773356,-148.057253,-0.002675,0.049808
156567,922,529.462,209,2242.57,23.185129,-147.664732,0.002207,0.049334
156963,923,1151.173,396,2247.5,23.015415,-148.202215,0.000299,0.04921
157329,924,1117.456,366,2252.48,23.979227,-148.672445,-0.001443,0.049903
157479,925,334.312,150,2254.48,23.878213,-147.99724,-7.6e-05,0.049749
157929,926,1442.456,450,2260.42,24.215608,-148.915438,0.001161,0.049295
158266,927,975.003,337,2264.63,24.435224,-149.234795,-0.002291,0.049999
158704,928,1396.468,438,2270.55,23.11364,-149.29017,0.002635,0.049131
159000,929,847.741,296,2274.92,24.050426,-149.431479,-0.000377,0.049147
159632,930,2033.927,632,2284.05,24.102134,-149.999456,-0.003229,0.050866
159975,931,888.005,343,2288.23,25.049611,-150.046103,0.00097,0.050527
160355,932,772.901,380,2297.31,23.80994,-150.515027,0.00464,0.049047
160775,933,1126.039,420,2303.58,23.983751,-150.615409,0.001745,0.048468
161053,934,681.555,278,2307.67,24.225506,-150.853075,-0.004177,0.049405
161401,935,898.838,348,2312.41,24.716531,-150.711472,-0.001573,0.049837
161737,936,887.257,336,2317.37,24.041293,-151.48083,-0.002559,0.050522
162063,937,747.795,326,2322.38,24.46865,-151.496975,-0.001308,0.050866
162476,938,1088.239,413,2328.82,24.673669,-151.989283,0.002307,0.050067
162770,939,764.973,294,2333.7,24.576909,-152.043805,-0.003404,0.050862
162878,940,182.449,108,2335.38,24.601016,-152.244393,0.003309,0.050681
163139,941,722.242,261,2339.53,23.63271,-152.580357,0.00088,0.050473
163378,942,585.451,239,2343.37,25.679919,-152.55939,-0.001197,0.050715
163690,943,728.359,312,2348.34,24.883091,-152.729295,0.003601,0.049778
164217,944,1382.417,527,2356.78,24.857273,-153.300047,-0.001937,0.050582
164793,945,1837.096,576,2365.38,24.591534,-153.654824,0.000628,0.05028
165203,946,1054.632,410,2371.11,24.493758,-154.259264,-0.002958,0.051195
165417,947,650.766,214,2374.2,25.582969,-154.673,-1.7e-05,0.051305
165761,948,898.118,344,2378.95,24.941733,-154.294621,0.001637,0.050867
166394,949,1803.297,633,2388.26,25.484967,-154.697935,-0.000112,0.05097
166667,950,671.973,273,2392.01,25.052074,-155.045209,0.000107,0.050967
167142,951,1200.244,475,2399.03,24.835401,-155.339831,-0.000725,0.051172
167748,952,1809.04,606,2407.49,25.053316,-155.845367,-0.001,0.051716
168273,953,1511.933,525,2415.08,25.226784,-156.039734,-0.000222,0.051761
168898,954,1839.549,625,2423.83,25.946296,-156.550028,3e-05,0.051934
169453,955,1749.351,555,2431.43,25.551561,-156.714832,-0.0009,0.052333
169651,956,482.535,198,2434.32,26.184716,-156.756013,-0.00211,0.052543
169988,957,757.111,337,2439.27,25.478067,-156.828969,-0.002366,0.053382
170300,958,701.242,312,2448.35,26.558028,-157.460999,0.001148,0.053267
170663,959,1069.504,363,2453.46,25.213254,-157.802345,-1.1e-05,0.053117
171229,960,1705.476,566,2461.34,25.328069,-157.748386,0.000204,0.052978
171554,961,821.764,325,2465.87,25.053509,-158.156037,-0.00181,0.053507
172242,962,2023.73,688,2475.61,26.228601,-158.49708,-0.000107,0.053648
172648,963,1026.698,406,2480.68,25.664724,-158.8373,-0.000545,0.053781
173221,964,1516.198,573,2488.31,25.814895,-159.079001,-0.003972,0.055661
174221,965,2972.44,1000,2502.07,25.896851,-159.726907,0.002127,0.053754
174638,966,991.3,417,2508.03,25.773262,-160.447531,-0.000995,0.054059
175281,967,2164.03,643,2516.56,26.574474,-160.597584,-0.002213,0.055534
175618,968,972.948,337,2521.37,26.440747,-160.582981,0.000957,0.054966
176349,969,2144.754,731,2531.31,26.713972,-161.21264,-0.000405,0.055576
176724,970,941.24,375,2536.52,27.845958,-161.522943,0.004011,0.054203
177137,971,1151.756,413,2542.87,26.137185,-162.012113,0.005194,0.052648
177616,972,1223.253,479,2550.31,25.432533,-162.270289,-0.003989,0.053984
177916,973,773.558,300,2555.15,26.251471,-162.154612,-0.000254,0.05429
178253,974,1011.337,337,2560.57,26.540779,-162.266486,-0.004078,0.055365
178741,975,1261.146,488,2568.15,27.074723,-162.550535,0.002103,0.054458
179344,976,1742.043,603,2578.04,27.124378,-163.235362,-0.002203,0.055602
179651,977,382.956,307,2583.37,27.503989,-162.90394,0.000971,0.055282
180145,978,1389.261,494,2597.97,26.865662,-162.966643,0.006855,0.052528
180574,979,1132.391,429,2604.05,26.492059,-163.469675,-0.00487,0.054304
181257,980,1969.487,683,2613.63,27.077965,-163.656787,-0.000597,0.054553
182074,981,2346.007,817,2624.8,27.140598,-163.99965,0.000536,0.054094
182738,982,1885.016,664,2634.45,26.61022,-164.11713,0.000539,0.053794
183145,983,1166.578,407,2640.21,26.584475,-164.838698,-0.000616,0.053979
183342,984,581.523,197,2642.86,28.061577,-164.592446,0.003535,0.053526
184253,985,2654.995,911,2655.84,27.509705,-164.769522,-0.002974,0.055781
184805,986,1544.449,552,2664.31,27.018905,-165.161864,-0.002568,0.056915
185560,987,2241.782,755,2675.43,27.926159,-165.450768,0.003474,0.054793
186513,988,2853.93,953,2691.16,27.919991,-166.114531,-0.00212,0.056271
187513,989,2851.388,1000,2706.49,28.213695,-166.503097,-0.000336,0.056761
188513,990,3033.319,1000,2721.47,27.962267,-167.076441,-0.000593,0.05726
189513,991,2962.724,1000,2734.94,28.090785,-167.564641,-0.00032,0.057376
190312,992,2527.776,799,2750.54,27.958832,-168.24015,-0.001639,0.058698
190884,993,1861.917,572,2758.28,27.818218,-168.72648,0.005356,0.056128
191452,994,1664.143,568,2766.57,27.336664,-169.018166,0.001009,0.055553
191948,995,1420.628,496,2773.39,28.530837,-169.353757,-0.00056,0.055795
192273,996,908.984,325,2777.65,30.061878,-169.301087,-0.005392,0.057189
192902,997,1778.855,629,2786.42,28.237924,-169.530478,0.001643,0.056305
193455,998,1717.478,553,2794.62,28.949903,-170.079046,-0.00109,0.056804
194314,999,2799.612,859,2805.99,28.951535,-170.298237,0.000118,0.056837
195102,1000,2467.718,788,2816.77,29.008455,-170.953501,-0.000891,0.057452
196102,1001,3337.121,1000,2829.96,29.309418,-171.516394,0.001283,0.056305
196516,1002,1254.185,414,2835.44,28.477712,-172.164421,-0.001937,0.056966
196891,1003,1002.24,375,2840.64,28.118043,-172.460581,-0.001386,0.057378
197778,1004,2911.508,887,2852.04,29.07477,-172.386922,-0.000792,0.05806
198263,1005,1490.053,485,2859.1,28.224452,-172.71674,-6.3e-05,0.058073
198741,1006,1604.793,478,2865.69,29.57786,-173.020333,-0.000984,0.058438
199030,1007,821.211,289,2869.55,30.24377,-173.232175,-0.002877,0.059185
200030,1008,2570.326,1000,2887.97,28.69072,-173.665279,0.000213,0.058962
200406,1009,1221.116,376,2893.29,28.205359,-174.361851,-0.004219,0.060354
200596,1010,520.811,190,2895.94,29.546428,-174.066527,0.005231,0.059452
201596,1011,3361.371,1000,2911.01,30.021903,-174.629854,0.001742,0.058033
202014,1012,1062.53,418,2916.77,29.616626,-175.175454,0.000391,0.057725
202060,1013,44.72,46,2917.44,29.025114,-175.248155,-0.008631,0.058268
203060,1014,3240.179,1000,2931.72,28.754376,-175.34767,0.000283,0.058159
203257,1015,411.832,197,2934.67,30.212058,-175.970485,0.001728,0.057789
203805,1016,1649.616,548,2943.15,29.704256,-175.891807,0.000507,0.057498
204805,1017,2888.85,1000,2958.71,30.467009,-176.394328,-0.002263,0.059422
205805,1018,3355.424,1000,2972.77,29.878744,-177.209592,0.001293,0.058306
206805,1019,3274.814,1000,2986.48,29.912933,-177.787811,0.000733,0.057778
207805,1020,3575.821,1000,3000.58,29.645761,-178.468306,-0.00177,0.059244
207926,1021,293.379,121,3002.15,30.03723,-179.199187,0.000932,0.059119
208926,1022,3651.554,1000,3015.62,30.190078,-179.450109,-0.001186,0.060121
209333,1023,1393.462,407,3021.87,29.606587,-180.165822,0.000291,0.060037
209548,1024,706.431,215,3025.15,29.948753,-179.915153,-0.001495,0.060439
210548,1025,3318.768,1000,3045.78,30.05018,-180.804275,0.001154,0.059422
211247,1026,2518.529,699,3056.68,30.513461,-181.204683,-0.000408,0.059644
211344,1027,208.388,97,3058.18,31.453195,-181.009212,-0.003047,0.059775
212344,1028,3411.852,1000,3073.53,30.517133,-181.995953,0.00031,0.05973
213002,1029,2236.677,658,3083.02,30.542278,-182.430385,-0.002197,0.060855
214002,1030,3459.447,1000,3095.82,30.135294,-183.195363,-0.001003,0.0618
215002,1031,3507.645,1000,3109.26,30.497509,-184.028002,0.003367,0.058992
216002,1032,3545.416,1000,3122.28,29.825721,-184.699455,-0.001551,0.060403
217002,1033,3461.835,1000,3136.52,30.301713,-185.358681,0.000175,0.060081
218002,1034,3615.158,1000,3150.45,30.711198,-186.452514,-0.002576,0.062206
218132,1035,81.755,130,3152.32,30.100345,-186.829656,0.000239,0.062314
219132,1036,3512.096,1000,3166.39,30.713526,-187.556891,0.001861,0.060665
220132,1037,3523.687,1000,3185.29,30.369349,-188.444064,-0.001955,0.062385
221132,1038,3619.995,1000,3198.32,31.680305,-189.355236,6.8e-05,0.062262
222132,1039,3505.95,1000,3211.98,31.469105,-190.169906,-0.000297,0.062475
222323,1040,163.193,191,3214.52,31.460207,-190.401337,-0.001106,0.06286
223323,1041,3476.943,1000,3227.85,31.016692,-191.183699,0.000436,0.062579
224323,1042,3556.15,1000,3242.04,32.491078,-191.848503,0.000523,0.062061
224703,1043,1157.038,380,3247.39,31.532245,-192.387899,-0.002171,0.062679
225703,1044,3611.85,1000,3261.98,31.659163,-193.112608,-0.000598,0.063276
226703,1045,3450.869,1000,3277.29,31.704849,-194.411975,-0.000121,0.06329
227703,1046,3481.118,1000,3293.88,31.476217,-195.197466,-0.001175,0.064263
228703,1047,3317.279,1000,3310.72,31.599006,-195.838486,0.002337,0.062308
229703,1048,3498.594,1000,3325.01,31.722297,-196.953783,-0.000826,0.063139
230703,1049,3596.18,1000,3344.37,31.398214,-197.943378,-0.000195,0.06328
231703,1050,3645.243,1000,3358.09,32.14268,-198.831338,0.000685,0.062707
231892,1051,582.312,189,3360.66,33.538604,-198.98339,-0.000262,0.062741
232892,1052,3591.521,1000,3374.78,32.075893,-200.022477,-0.001089,0.063582
233892,1053,3528.859,1000,3389.92,32.181446,-201.11063,-0.001207,0.064569
234892,1054,3589.051,1000,3403.85,32.039171,-201.878365,0.000183,0.064406
235892,1055,3525.446,1000,3420.24,32.069456,-203.029346,0.000586,0.064075
236006,1056,248.465,114,3421.99,31.218029,-203.866193,-0.003777,0.064444
237006,1057,3540.319,1000,3438.4,31.871486,-203.828303,0.00215,0.062668
238006,1058,3733.857,1000,3451.94,31.715849,-204.700464,-0.001011,0.063362
238492,1059,1661.935,486,3458.11,31.761576,-205.290294,-0.003161,0.064907
238731,1060,788.646,239,3461.36,32.900104,-205.558824,0.005512,0.063689
239059,1061,1072.555,328,3465.37,32.019023,-205.48769,0.000496,0.063708
240059,1062,3626.976,1000,3485.3,32.637174,-206.276124,-0.000282,0.063704
241059,1063,3603.832,1000,3499.4,32.021551,-206.877066,0.001708,0.062352
242059,1064,3586.432,1000,3513.6,32.170664,-207.465613,-0.005348,0.067029
243059,1065,3296.325,1000,3527.34,31.922874,-208.33524,0.003933,0.063788
243154,1066,185.0,95,3528.74,32.885356,-208.275668,-0.001537,0.063741
244154,1067,3526.216,1000,3542.05,31.5026,-208.941148,-0.00055,0.064417
244252,1068,168.094,98,3543.26,34.030403,-209.058991,-0.009306,0.065053
245252,1069,3454.799,1000,3556.96,32.657722,-209.878039,0.001583,0.06382
246252,1070,3405.004,1000,3570.93,31.852489,-210.510329,-0.002012,0.065502
247252,1071,3471.686,1000,3584.92,31.863987,-210.96861,0.002401,0.063537
247431,1072,462.836,179,3587.26,31.107217,-211.627749,-0.000692,0.063601
248431,1073,3401.11,1000,3600.48,31.453699,-211.77449,-0.001427,0.064943
249431,1074,3587.16,1000,3614.49,30.953193,-212.457725,-0.000252,0.065091
249612,1075,549.804,181,3616.99,31.635532,-212.779241,-0.00191,0.065375
250612,1076,3471.505,1000,3639.72,32.025455,-212.979613,0.00072,0.064651
251612,1077,3680.216,1000,3655.24,31.660345,-213.24766,-0.000208,0.06485
251742,1078,312.44,130,3657.29,30.341444,-213.822268,-0.007744,0.065584
252742,1079,3358.126,1000,3673.12,32.347228,-214.069441,0.002386,0.063714
253742,1080,3476.011,1000,3687.47,31.646558,-214.600757,-0.000624,0.064168
254742,1081,3666.411,1000,3701.78,31.894455,-215.050422,-0.004221,0.067907
255742,1082,3731.417,1000,3716.12,32.464779,-215.702962,0.001072,0.06693
256742,1083,3614.85,1000,3730.16,31.531999,-216.616555,0.001081,0.066008
257742,1084,3574.63,1000,3745.63,31.173647,-217.09884,0.000549,0.065723
258742,1085,3392.163,1000,3762.65,31.117938,-217.789642,0.001185,0.064698
259742,1086,3447.119,1000,3779.15,30.914382,-218.468648,-0.00064,0.065132
259927,1087,515.769,185,3782.35,31.70649,-218.7578,0.000533,0.065088
260927,1088,3712.358,1000,3804.17,31.46223,-219.078066,0.001977,0.063421
261927,1089,3550.402,1000,3817.38,32.185188,-219.672435,-0.00183,0.064872
262927,1090,3507.456,1000,3830.65,31.042614,-220.513931,-0.001807,0.066717
263927,1091,3605.609,1000,3844.72,31.857938,-220.860953,0.001767,0.06493
264036,1092,214.35,109,3846.29,32.06107,-221.023706,0.003516,0.064647
265036,1093,3538.465,1000,3860.89,31.814616,-221.678859,0.00177,0.063023
266036,1094,3521.274,1000,3874.79,31.946636,-222.120741,-0.000995,0.064038
267036,1095,3611.172,1000,3889.02,31.198832,-222.684784,-9.3e-05,0.064048
268036,1096,3570.917,1000,3902.67,31.529435,-223.4479,-0.001535,0.065367
269036,1097,3832.459,1000,3916.16,31.025133,-223.899034,-0.000557,0.066027
270036,1098,3531.303,1000,3935.83,31.142119,-224.598152,0.002555,0.063819
271036,1099,3715.244,1000,3949.2,31.037289,-225.37348,-0.002629,0.066041
272036,1100,3574.278,1000,3962.67,31.428198,-225.593433,-0.001581,0.067607
273036,1101,3575.503,1000,3975.44,31.284123,-226.084688,0.003618,0.064436
274036,1102,3594.194,1000,3990.46,30.650959,-226.883541,-0.001043,0.06522
275036,1103,3710.107,1000,4006.12,30.92503,-227.649042,0.001757,0.063713
276036,1104,3844.647,1000,4022.87,31.140486,-228.193664,-0.001059,0.064694
277036,1105,3630.0,1000,4039.44,31.347145,-228.681041,9e-05,0.064516
278036,1106,3601.527,1000,4054.55,30.31013,-229.137691,-0.002604,0.067023
279036,1107,3846.416,1000,4068.66,31.480423,-230.004268,0.001238,0.065899
280036,1108,3904.509,1000,4088.94,31.28484,-230.529816,0.001501,0.064697
281036,1109,3751.357,1000,4103.44,31.466488,-231.484476,-0.001388,0.065978
282036,1110,3648.036,1000,4117.21,31.05074,-231.897347,-0.000121,0.06601
283036,1111,3679.883,1000,4130.64,30.802516,-232.631798,0.002303,0.064073
284036,1112,3606.032,1000,4144.86,30.352094,-232.905998,-0.001761,0.065324
285036,1113,3751.239,1000,4158.9,30.712321,-233.796672,-0.001767,0.067095
286036,1114,3624.082,1000,4172.02,31.174421,-234.19722,0.00121,0.066048
287036,1115,3814.133,1000,4185.33,30.098151,-234.937094,-0.001016,0.066832
288036,1116,3553.864,1000,4198.56,31.268257,-235.593624,-0.002076,0.068644
289036,1117,3937.484,1000,4211.86,30.561846,-236.215347,0.000573,0.068079
290036,1118,3775.937,1000,4229.63,30.360099,-236.798596,0.001401,0.066952
291036,1119,3714.665,1000,4243.73,30.226919,-237.610199,0.00013,0.066812
292036,1120,3705.833,1000,4257.13,30.381088,-238.204438,0.002397,0.064777
293036,1121,3887.943,1000,4270.58,30.781414,-238.781682,-5.4e-05,0.064947
294036,1122,3751.238,1000,4283.93,30.655781,-239.356164,-0.000967,0.065623
295036,1123,3528.181,1000,4296.97,30.395279,-240.161271,-0.000904,0.066492
296036,1124,3816.798,1000,4310.42,30.403383,-240.560125,-0.00023,0.06678
297036,1125,3817.855,1000,4323.84,30.06281,-241.611576,0.002463,0.064291
298036,1126,3988.417,1000,4338.04,29.841356,-242.163122,0.000276,0.06416
299036,1127,3742.224,1000,4353.33,30.774275,-242.8354,2.1e-05,0.064169
300036,1128,3847.697,1000,4375.32,30.391156,-243.424821,-0.001041,0.065055
300133,1129,194.917,97,4376.86,32.248045,-244.319663,-0.012626,0.066129
301133,1130,3979.435,1000,4392.9,29.920415,-244.063599,5.4e-05,0.066133
302133,1131,3731.272,1000,4407.56,30.173872,-244.547562,0.000355,0.065778
302530,1132,1200.286,397,4413.41,30.451939,-244.976302,-4.4e-05,0.065801
303530,1133,3930.502,1000,4427.65,30.126985,-245.099094,-0.001776,0.067466
304530,1134,3928.736,1000,4442.37,29.66149,-245.648001,0.001243,0.066417
305530,1135,3632.298,1000,4456.56,30.472517,-246.253562,-0.001742,0.067942
306530,1136,3888.671,1000,4472.25,30.514153,-246.470996,0.003834,0.064518
307530,1137,3956.049,1000,4488.97,29.885016,-246.780478,-0.003506,0.067811
308530,1138,3845.214,1000,4506.05,30.500902,-247.5733,0.003285,0.06487
309530,1139,3958.762,1000,4522.25,29.960723,-247.878142,-0.001026,0.065514
310530,1140,3885.995,1000,4542.44,30.609072,-248.524817,0.002037,0.063917
310734,1141,653.21,204,4545.16,30.526673,-248.451476,0.000704,0.063836
311734,1142,3806.2,1000,4559.91,30.029145,-249.179744,-0.001594,0.065182
312734,1143,3835.991,1000,4574.33,30.028218,-249.568391,-0.000264,0.065537
313734,1144,3908.936,1000,4588.82,29.700981,-249.730696,-0.002375,0.06744
313815,1145,105.876,81,4589.93,31.584547,-249.878379,-0.004242,0.067926
314815,1146,3976.159,1000,4604.07,30.526869,-250.052283,0.000846,0.067193
315815,1147,3918.271,1000,4617.67,31.164133,-250.736165,-0.001434,0.068494
316815,1148,3758.713,1000,4631.14,30.912086,-250.739801,0.001318,0.06729
317815,1149,3874.226,1000,4643.99,30.299104,-251.238232,0.002676,0.064794
318815,1150,3927.244,1000,4657.42,30.058703,-251.700675,-0.000322,0.065121
319411,1151,2277.103,596,4665.29,30.96257,-252.126486,0.000129,0.065141
320411,1152,3819.643,1000,4685.02,30.523048,-252.087194,-0.00107,0.066084
321411,1153,3747.357,1000,4698.93,30.762445,-252.283298,0.000503,0.065706
322411,1154,3885.99,1000,4714.43,30.676729,-253.108241,-0.000899,0.06651
322554,1155,211.769,143,4716.63,30.85234,-252.746441,0.004596,0.066
323554,1156,3958.643,1000,4732.56,30.126217,-253.626364,1.1e-05,0.065995
323668,1157,215.535,114,4734.36,31.5271,-253.559981,-0.000307,0.065974
324668,1158,3954.96,1000,4750.32,30.373674,-253.783059,-0.000275,0.066138
325668,1159,4075.056,1000,4765.56,30.375214,-254.631868,0.00294,0.063501
326668,1160,3807.493,1000,4779.78,31.075122,-254.818604,-0.002922,0.066268
327668,1161,3978.216,1000,4794.33,30.183293,-255.096338,0.001597,0.064771
328668,1162,3845.238,1000,4808.57,30.819823,-255.600203,-0.000252,0.064997
329668,1163,3963.64,1000,4823.8,30.348875,-256.198674,-0.000716,0.065576
330668,1164,3755.496,1000,4847.29,30.221719,-256.480275,0.000178,0.065517
331668,1165,3986.451,1000,4863.82,30.093855,-257.057827,0.000615,0.064883
331891,1166,540.552,223,4867.51,29.348351,-257.307176,0.004838,0.063992
332891,1167,4033.096,1000,4882.95,30.550037,-257.667034,-0.002197,0.065913
333891,1168,3973.345,1000,4896.1,29.90109,-258.057092,0.000319,0.065693
334891,1169,3550.56,1000,4909.52,30.131691,-258.314106,9.3e-05,0.065501
335139,1170,722.699,248,4913.06,30.084107,-259.090597,0.002708,0.065129
336139,1171,3892.928,1000,4927.16,30.945339,-258.946773,0.000976,0.064117
337139,1172,3995.026,1000,4941.73,30.079866,-259.528184,-0.002189,0.066151
338139,1173,3969.439,1000,4955.76,30.438048,-259.607498,-0.000869,0.066876
339139,1174,3984.508,1000,4970.09,29.8992,-259.694433,-0.00059,0.067509
340139,1175,4024.339,1000,4989.68,30.013957,-260.4264,0.002698,0.064938
341139,1176,3694.508,1000,5003.42,30.630388,-261.000116,-0.002224,0.067004
342139,1177,4011.725,1000,5017.02,29.664263,-261.019749,-0.000119,0.066981
343139,1178,4001.167,1000,5030.09,30.803408,-261.410497,0.001655,0.065544
344139,1179,4115.594,1000,5043.83,29.905126,-262.12585,9.1e-05,0.065344
345139,1180,4118.526,1000,5056.87,30.406849,-262.715035,0.001851,0.063701
346139,1181,4045.136,1000,5072.25,29.528003,-262.91541,-0.000896,0.064566
347139,1182,4020.931,1000,5088.74,29.869969,-263.788297,-0.00021,0.064483
347403,1183,672.617,264,5093.14,29.490338,-263.729496,-0.001627,0.06504
348403,1184,3994.57,1000,5110.32,29.520622,-264.420801,-0.001446,0.066612
349403,1185,4130.14,1000,5125.58,30.210459,-264.360714,-0.000796,0.067073
350403,1186,3841.067,1000,5144.64,31.012991,-264.735743,0.000693,0.066552
351109,1187,2843.004,706,5154.59,30.138638,-265.245439,0.001136,0.065974
352109,1188,4128.685,1000,5168.56,30.368167,-265.171652,0.000274,0.065591
353109,1189,4034.159,1000,5183.39,29.896732,-265.559222,0.001165,0.064577
354109,1190,3451.154,1000,5198.59,30.186077,-266.047832,-0.002805,0.067167
355109,1191,4103.485,1000,5214.9,30.095692,-266.580515,0.000933,0.066289
356109,1192,3887.324,1000,5232.09,29.699133,-267.065449,0.003087,0.063488
357109,1193,4126.597,1000,5246.97,30.051531,-267.987437,-0.001104,0.064585
357388,1194,845.022,279,5250.86,29.456999,-267.897691,0.001546,0.064224
358388,1195,3891.598,1000,5265.3,29.897129,-268.121031,-0.002212,0.066238
359388,1196,4121.84,1000,5279.04,29.030736,-268.460024,0.00333,0.063173
360388,1197,4136.304,1000,5300.69,29.434992,-269.059334,-0.000148,0.063283
361388,1198,3969.343,1000,5314.63,30.42906,-269.117253,-0.002401,0.065478
362388,1199,3894.259,1000,5328.92,30.180223,-269.270639,0.00118,0.06442
363388,1200,4054.393,1000,5342.64,29.959552,-270.000762,0.001435,0.063252
364388,1201,4030.192,1000,5355.76,29.879471,-270.241483,-0.000965,0.064004
364482,1202,179.02,94,5356.91,29.642635,-270.264335,-0.005988,0.064532
365482,1203,4185.649,1000,5370.56,29.906599,-270.537102,0.000503,0.06414
366482,1204,4162.868,1000,5383.53,29.415549,-270.982309,0.000684,0.063481
367482,1205,3709.142,1000,5397.14,29.464696,-271.113161,0.001637,0.061896
368482,1206,3665.139,1000,5410.89,29.913355,-271.665088,-0.001885,0.063714
369482,1207,3964.402,1000,5425.55,30.012302,-272.086447,-0.000328,0.064003
370001,1208,2032.737,519,5440.85,29.806301,-272.136568,0.004503,0.061825
371001,1209,3866.265,1000,5456.74,29.743893,-272.588178,-0.000375,0.062108
372001,1210,4001.312,1000,5472.83,29.992091,-272.710776,-0.000702,0.062924
373001,1211,3919.913,1000,5487.11,29.22911,-273.240501,0.001687,0.061352
374001,1212,4025.457,1000,5499.89,29.182612,-273.667678,0.000373,0.060854
374029,1213,20.689,28,5500.29,31.672153,-274.829235,-0.02106,0.061269
375029,1214,4059.175,1000,5514.1,30.621927,-274.070493,-0.001123,0.062601
376029,1215,4122.07,1000,5528.2,30.181373,-274.44774,0.001215,0.06146
377029,1216,4169.607,1000,5542.79,29.148554,-274.872445,-3e-06,0.061245
378029,1217,4168.205,1000,5557.73,30.42041,-275.10654,0.000271,0.061022
379029,1218,4111.377,1000,5573.39,29.623454,-275.260152,-0.001542,0.06248
380029,1219,4024.245,1000,5598.35,28.762184,-275.726042,-0.000487,0.062943
381029,1220,3913.859,1000,5612.33,29.624562,-275.766266,0.000434,0.062528
382029,1221,3993.861,1000,5626.76,29.706634,-276.347105,0.001085,0.061912
382556,1222,2020.095,527,5634.35,29.015685,-276.489322,0.001912,0.060711
383556,1223,3831.901,1000,5648.9,29.62356,-276.552033,-0.000312,0.060981
384556,1224,4064.565,1000,5663.08,30.314022,-277.059006,0.000923,0.060105
385556,1225,4116.185,1000,5676.97,29.834795,-277.475092,-0.003481,0.063471
386556,1226,4089.687,1000,5691.97,29.329425,-277.921341,0.001017,0.062559
387556,1227,4074.367,1000,5705.43,29.989581,-278.15983,0.001563,0.061039
388027,1228,1636.85,471,5711.34,28.426633,-278.777684,-0.002831,0.062192
389027,1229,4014.567,1000,5724.99,29.730641,-278.884822,0.001337,0.061112
390027,1230,4000.978,1000,5744.26,29.410254,-278.841497,-0.001424,0.06235
391027,1231,4140.552,1000,5758.35,29.375409,-279.253641,-0.001942,0.06435
392027,1232,4083.085,1000,5772.15,29.717062,-279.771081,0.002533,0.062031
393027,1233,4144.37,1000,5786.59,28.817947,-280.018312,-0.000368,0.062387
394027,1234,4029.306,1000,5801.35,29.232053,-280.259489,0.00017,0.062166
395027,1235,4060.087,1000,5816.75,29.72752,-280.745116,0.000871,0.061422
396027,1236,4165.936,1000,5831.6,28.946992,-280.92953,1.5e-05,0.061539
397027,1237,3959.585,1000,5845.44,29.096154,-281.523384,0.000431,0.061187
398027,1238,4025.723,1000,5859.27,29.572797,-282.133436,-0.001585,0.062696
399027,1239,4138.415,1000,5872.28,29.33228,-282.588604,0.002331,0.060548
400027,1240,3965.383,1000,5891.12,28.982254,-282.769861,-0.000939,0.061332
401027,1241,3966.717,1000,5905.03,29.151503,-283.320146,-0.00088,0.062235
402027,1242,3986.102,1000,5920.56,28.311888,-283.815694,0.001151,0.061104
402620,1243,2434.049,593,5929.5,28.984419,-283.528638,0.000851,0.060774
403620,1244,4179.352,1000,5946.37,29.293942,-283.733765,-0.001022,0.061777
404620,1245,4157.638,1000,5962.07,29.677385,-284.035963,0.001866,0.06004
405620,1246,4129.397,1000,5975.6,28.635505,-284.516339,-0.002616,0.062415
406620,1247,4029.3,1000,5988.75,28.920917,-284.955743,-0.000974,0.063367
407620,1248,4189.998,1000,6003.14,28.997167,-284.998994,0.003236,0.060426
408620,1249,4067.948,1000,6017.79,29.330518,-285.400207,-0.002252,0.062525
409620,1250,4148.657,1000,6031.99,29.422294,-285.966467,0.00236,0.060199
410620,1251,4032.537,1000,6052.63,28.87811,-286.235469,-0.001428,0.061581
411620,1252,4168.044,1000,6065.63,29.054105,-286.460334,-0.001102,0.062517
412620,1253,4181.024,1000,6079.36,28.398187,-286.982609,-0.000755,0.063386
413620,1254,3988.754,1000,6092.74,29.468203,-286.99605,0.002056,0.061337
414620,1255,4142.198,1000,6106.53,28.780918,-287.269059,0.000814,0.06068
415620,1256,4181.031,1000,6119.5,28.497892,-288.075477,-0.000451,0.061027
416620,1257,4121.218,1000,6133.37,28.912098,-288.14593,0.001825,0.059211
417620,1258,3922.168,1000,6147.96,28.961589,-288.548435,-0.00109,0.060432
418620,1259,4113.916,1000,6163.86,29.82629,-288.884876,0.000656,0.059827
419620,1260,4025.506,1000,6178.94,29.287766,-289.170472,-0.0022,0.062002
420620,1261,4092.515,1000,6200.47,29.365779,-289.589884,0.002351,0.059713
421620,1262,4095.385,1000,6214.18,28.438248,-289.957185,-0.00222,0.061634
422620,1263,4122.497,1000,6226.78,28.898677,-290.232921,0.001185,0.060601
423620,1264,4120.118,1000,6241.08,28.576527,-290.472423,-0.000489,0.061142
424620,1265,4143.651,1000,6254.9,28.995241,-291.059194,-0.000143,0.061364
425620,1266,4265.161,1000,6268.8,28.40883,-291.457332,-0.000554,0.061904
426620,1267,4180.573,1000,6283.4,29.396709,-291.348555,0.000753,0.061236
427620,1268,4095.361,1000,6298.2,27.703226,-291.944475,0.001751,0.059475
428620,1269,4277.965,1000,6313.51,28.692267,-292.645724,-0.001864,0.061241
429620,1270,4076.538,1000,6327.8,28.56007,-292.730218,0.000162,0.060987
430620,1271,4116.194,1000,6349.18,28.837083,-292.825741,0.001778,0.059547
431394,1272,3248.786,774,6359.87,28.000484,-293.268521,-0.000883,0.060121
432394,1273,4139.545,1000,6374.39,28.086117,-293.823752,-0.000378,0.060453
433394,1274,4155.373,1000,6388.4,27.867733,-293.97148,-0.002241,0.062459
434164,1275,3143.122,770,6399.86,27.973909,-294.28534,0.002397,0.060875
434926,1276,3042.405,762,6412.2,27.81796,-294.46173,-0.002339,0.06254
435926,1277,4086.563,1000,6431.9,27.768565,-294.763737,0.002814,0.059842
436926,1278,4168.071,1000,6458.22,28.850052,-295.009116,-0.000962,0.060943
437039,1279,135.944,113,6461.0,27.650221,-295.239124,0.001337,0.060665
438039,1280,4139.364,1000,6475.04,29.210255,-295.583597,0.000103,0.06046
439039,1281,4220.563,1000,6488.71,28.498566,-295.771251,-0.000648,0.06126
440039,1282,4188.415,1000,6509.47,29.705294,-295.980905,0.001573,0.059828
441039,1283,4280.113,1000,6525.16,28.475179,-296.18506,-0.001617,0.061114
441864,1284,3424.501,825,6538.89,28.092251,-296.637383,0.001133,0.060283
442864,1285,4208.595,1000,6555.7,28.983356,-296.951301,0.000131,0.060287
443809,1286,3970.429,945,6568.19,29.047994,-296.949122,-0.000553,0.060666
444231,1287,1598.826,422,6573.46,29.511861,-296.998825,-0.000356,0.060914
445231,1288,4113.283,1000,6587.08,28.233893,-297.288758,-0.000135,0.06097
446231,1289,4260.399,1000,6602.02,28.411043,-298.005635,0.001185,0.059819
446935,1290,2917.258,704,6612.15,28.451878,-297.944285,-0.003433,0.062106
447935,1291,4243.065,1000,6627.95,28.556778,-298.180389,0.000179,0.061871
448935,1292,4317.066,1000,6643.22,29.121021,-298.406892,0.001954,0.060086
449935,1293,4205.214,1000,6658.24,29.104362,-298.458192,-0.000481,0.0607
450935,1294,4151.498,1000,6681.4,28.546577,-298.996356,-5.1e-05,0.060654
451935,1295,4087.522,1000,6694.9,29.047655,-299.354845,-0.000472,0.061086
452935,1296,4151.711,1000,6708.07,27.765511,-299.272531,-0.000767,0.061773
453935,1297,4271.172,1000,6722.56,28.392141,-299.478818,-0.000514,0.062276
454935,1298,4277.874,1000,6736.06,28.570993,-299.723452,0.000543,0.061811
455935,1299,4177.48,1000,6749.89,28.496104,-300.024914,-0.000852,0.062502
456935,1300,4166.004,1000,6762.78,27.962675,-300.14644,0.000523,0.062206
457423,1301,1880.931,488,6769.56,28.025969,-300.285634,0.002238,0.061175
458423,1302,4228.307,1000,6783.12,28.551669,-300.520178,-4.5e-05,0.061203
459423,1303,4262.259,1000,6796.89,28.338645,-300.740144,0.000309,0.060828
460423,1304,4302.897,1000,6814.32,29.471539,-300.904039,-0.001488,0.06222
461423,1305,4078.996,1000,6828.18,27.764096,-301.253203,0.000943,0.061404
462423,1306,4207.312,1000,6841.05,28.530449,-301.560296,-0.001047,0.062389
463423,1307,4133.677,1000,6855.2,28.727305,-301.397945,0.001226,0.061197
464423,1308,4173.358,1000,6870.42,28.423081,-302.011732,-0.001398,0.062573
465423,1309,4369.211,1000,6886.59,28.215648,-302.208947,-0.00018,0.062764
466423,1310,4310.951,1000,6903.21,27.758053,-302.656313,0.003346,0.059556
467423,1311,4120.325,1000,6919.44,27.989302,-302.959942,-0.002378,0.061777
468423,1312,4287.196,1000,6933.06,27.551943,-303.440169,7.5e-05,0.061942
468512,1313,167.691,89,6934.14,26.89634,-303.794652,0.00314,0.061637
469512,1314,3986.115,1000,6947.0,28.573744,-303.627306,-0.001221,0.062733
470512,1315,4131.55,1000,6962.54,28.231867,-303.639769,0.000862,0.061939
471512,1316,4182.794,1000,6975.18,27.709636,-303.924165,-0.000239,0.062155
472512,1317,4285.347,1000,6990.32,29.271961,-303.884331,-5.3e-05,0.06208
473437,1318,3866.824,925,7004.51,28.01718,-304.520055,-0.000116,0.062205
474437,1319,4192.143,1000,7020.44,27.950189,-304.151466,-0.001404,0.063593
475437,1320,4282.686,1000,7036.63,28.406289,-304.489522,0.00252,0.061165
476437,1321,4011.705,1000,7049.27,28.34624,-305.092355,-0.001101,0.06241
477437,1322,4238.736,1000,7062.83,27.627321,-305.150343,0.001469,0.060868
478437,1323,4336.514,1000,7076.63,29.284609,-304.813402,-0.001472,0.062475
479269,1324,3537.145,832,7088.6,27.695139,-305.230849,0.002117,0.060637
480269,1325,4228.674,1000,7107.48,28.159073,-305.870308,-0.000202,0.060865
481269,1326,4319.789,1000,7120.95,28.356878,-305.842034,-0.000914,0.061827
482269,1327,4455.841,1000,7134.18,27.960553,-306.19611,-0.001383,0.062928
483269,1328,3602.855,1000,7147.56,28.651432,-306.003221,0.001208,0.06193
484269,1329,4112.144,1000,7161.13,28.520386,-306.566829,-0.000379,0.062182
484368,1330,164.158,99,7162.49,27.902665,-306.611157,-0.0029,0.062652
485368,1331,4336.261,1000,7175.57,28.136204,-306.547445,0.001282,0.061364
485485,1332,153.388,117,7177.11,27.48521,-306.779677,-0.006875,0.062029
486485,1333,4150.786,1000,7190.78,28.344874,-306.86197,0.00079,0.061423
487485,1334,4243.47,1000,7203.95,28.689157,-307.072534,-0.001029,0.062544
488485,1335,4297.026,1000,7217.92,28.359217,-307.236026,0.002191,0.060556
489485,1336,4302.369,1000,7233.59,28.544303,-307.826997,-0.000691,0.060997
490485,1337,4242.172,1000,7257.39,29.316025,-307.623215,-0.000411,0.061443
491485,1338,4437.92,1000,7274.19,28.717298,-308.095548,-5.3e-05,0.061409
492485,1339,4385.788,1000,7288.23,29.04203,-308.140177,-0.001524,0.062892
493485,1340,4282.294,1000,7302.44,28.535723,-308.661711,0.002588,0.060485
494485,1341,4223.325,1000,7316.39,29.484446,-308.670037,-0.000246,0.060617
495271,1342,3341.116,786,7327.88,28.16556,-308.978468,0.000249,0.060375
496271,1343,4290.193,1000,7341.94,28.297782,-309.109042,0.001016,0.059538
497271,1344,4337.443,1000,7355.47,27.500151,-309.489937,-0.003288,0.062798
498271,1345,4369.391,1000,7369.64,28.337477,-309.635942,0.000559,0.062136
499271,1346,4400.858,1000,7385.02,28.269332,-309.825343,-0.000339,0.062504
500271,1347,4285.671,1000,7406.07,28.524029,-309.945545,0.000397,0.06213
501271,1348,4317.414,1000,7419.54,28.442423,-310.337845,0.00165,0.060701
502271,1349,4409.327,1000,7432.95,29.350567,-310.908024,-0.000265,0.060861
503271,1350,4340.745,1000,7446.35,28.024855,-310.878267,-0.000818,0.061508
503764,1351,1946.418,493,7453.3,28.135392,-311.372284,0.002599,0.060377
504764,1352,4395.55,1000,7467.68,28.717303,-311.201749,0.00068,0.059674
505764,1353,4319.353,1000,7482.35,28.524317,-311.936566,-0.002237,0.061875
505896,1354,333.831,132,7484.32,29.086973,-312.383541,-0.002455,0.062209
506896,1355,4442.133,1000,7498.12,27.827609,-311.862828,0.003746,0.058748
507896,1356,4496.522,1000,7511.91,28.247012,-312.278858,-0.002912,0.061289
508896,1357,4312.014,1000,7524.93,28.168815,-312.572503,0.001167,0.060439
509896,1358,4319.101,1000,7538.57,27.537895,-313.165202,-0.000955,0.061348
509982,1359,129.757,86,7539.83,29.304558,-312.441052,0.002377,0.061029
510982,1360,4314.85,1000,7558.99,27.607525,-313.175899,3.1e-05,0.061153
511982,1361,4311.208,1000,7573.4,26.69311,-313.299805,0.0017,0.059412
512982,1362,4421.431,1000,7587.33,28.440776,-313.742695,-0.001658,0.060821
513982,1363,4339.923,1000,7601.28,27.790151,-313.74523,0.000804,0.060408
514982,1364,4298.241,1000,7615.44,27.266436,-314.536298,-0.000488,0.060723
515982,1365,4351.956,1000,7631.22,27.430904,-314.501947,0.002506,0.058413
516982,1366,4363.648,1000,7645.99,27.27946,-314.746738,-0.00064,0.059093
517982,1367,4362.786,1000,7658.63,27.810392,-315.198845,-0.000331,0.059429
518982,1368,4292.333,1000,7672.26,27.9959,-316.116007,0.00099,0.058432
519982,1369,4338.486,1000,7686.07,28.42425,-315.700744,-0.000632,0.058847
520982,1370,4287.731,1000,7706.3,27.856282,-316.331593,-0.00077,0.059682
521982,1371,4381.619,1000,7720.23,27.380644,-316.699772,-0.000301,0.060069
522982,1372,4277.103,1000,7734.49,27.035305,-316.93466,0.001219,0.058951
523982,1373,4311.977,1000,7749.16,28.439399,-316.602103,-0.002432,0.061263
524982,1374,4275.473,1000,7763.89,27.130979,-317.354077,-0.000843,0.062043
525982,1375,4373.298,1000,7777.96,27.592478,-317.799916,0.001125,0.060967
526387,1376,1530.929,405,7783.63,28.841449,-317.44148,0.002021,0.060161
527387,1377,4376.321,1000,7797.57,27.286884,-318.203579,0.001082,0.059191
528387,1378,4438.154,1000,7812.78,27.948038,-318.358557,-0.001235,0.060375
529387,1379,4454.642,1000,7826.74,28.116883,-318.745826,-0.000414,0.060817
530387,1380,4391.022,1000,7847.27,27.163999,-319.204548,0.000834,0.060099
531387,1381,4311.39,1000,7860.95,26.430221,-319.449575,0.000477,0.059664
532076,1382,2936.01,689,7870.14,28.103525,-319.777859,-0.001478,0.060627
533076,1383,4399.737,1000,7883.34,27.998289,-319.605511,0.000576,0.059968
534076,1384,4428.709,1000,7896.4,27.932128,-320.412432,0.000416,0.059726
535076,1385,4357.759,1000,7910.51,26.808902,-320.476148,-0.001678,0.061383
536076,1386,4252.053,1000,7924.19,26.899833,-320.890551,0.000867,0.060547
537076,1387,4387.223,1000,7938.3,26.202524,-321.14129,0.001387,0.059212
538076,1388,4355.811,1000,7953.29,26.269432,-321.42638,-0.00085,0.059915
539076,1389,4309.761,1000,7968.2,27.91428,-321.514214,-0.000336,0.060361
540076,1390,4433.314,1000,7990.43,26.966377,-321.83298,-0.001149,0.061391
541076,1391,4339.162,1000,8004.4,27.477988,-322.2342,-0.000246,0.061557
542076,1392,4417.196,1000,8017.97,26.961845,-322.399549,0.000496,0.061108
543076,1393,4374.251,1000,8032.91,26.103438,-322.57976,0.001782,0.05947
544076,1394,4446.379,1000,8046.82,26.948886,-322.866711,-0.00157,0.060919
545076,1395,4464.596,1000,8060.05,26.392619,-323.06398,-0.001226,0.062194
546076,1396,4290.151,1000,8074.53,26.363992,-323.343335,0.001492,0.060828
547076,1397,4468.21,1000,8090.05,26.234657,-323.807423,0.000576,0.0602
548076,1398,4365.759,1000,8104.54,27.237635,-323.907534,0.000237,0.060102
549076,1399,4446.793,1000,8120.36,27.413592,-323.886693,-0.00084,0.060827
550076,1400,4440.182,1000,8140.3,26.47792,-324.484735,-5.3e-05,0.06103
551076,1401,4412.707,1000,8154.96,26.359078,-324.421404,0.000628,0.060349
552076,1402,4327.846,1000,8168.92,26.272318,-324.589284,-0.00045,0.060832
553076,1403,4343.015,1000,8183.31,27.065945,-325.012408,0.000902,0.060066
554076,1404,4469.051,1000,8197.22,26.068226,-325.204411,-0.000141,0.060053
555076,1405,4320.103,1000,8211.82,25.550278,-325.841523,0.000535,0.059514
556076,1406,4407.627,1000,8226.25,26.551439,-325.942507,-0.000673,0.06027
557076,1407,4424.287,1000,8240.27,26.338235,-326.20503,-8.3e-05,0.060294
558076,1408,4415.391,1000,8254.21,25.661261,-326.501728,0.001295,0.05905
559076,1409,4437.831,1000,8268.56,26.300225,-327.197004,-0.000949,0.060022
560076,1410,4485.009,1000,8290.0,25.445707,-327.030525,1.1e-05,0.059928
561076,1411,4347.917,1000,8304.94,24.779517,-327.32566,0.000467,0.059654
562076,1412,4370.842,1000,8319.82,26.339097,-327.44926,-0.000284,0.059754
563076,1413,4495.346,1000,8334.73,26.306094,-327.877119,-0.002528,0.062426
564076,1414,4372.219,1000,8349.95,26.040149,-328.007027,0.002478,0.060097
565076,1415,4426.817,1000,8364.44,25.677344,-328.304769,0.001969,0.058223
566076,1416,4435.386,1000,8378.22,25.029754,-328.22197,-0.003068,0.061106
567076,1417,4358.089,1000,8392.06,25.591593,-328.662401,0.001962,0.059318
568076,1418,4430.982,1000,8404.73,25.762495,-328.88918,-0.000632,0.059822
569076,1419,4465.927,1000,8418.98,25.956286,-329.077075,-0.001377,0.061078
570076,1420,4580.499,1000,8440.82,26.43966,-329.472438,0.00161,0.059487
571076,1421,4472.84,1000,8455.07,25.397227,-330.071635,0.000199,0.059376
572076,1422,4386.315,1000,8471.66,26.595391,-330.053625,0.000579,0.058901
572199,1423,292.062,123,8473.75,25.584988,-330.528508,-0.002513,0.059073
573082,1424,3815.841,883,8486.16,25.271367,-330.165721,-0.001888,0.060794
574082,1425,4439.786,1000,8499.14,24.983335,-330.399114,0.000208,0.060499
575082,1426,4467.858,1000,8512.67,25.076932,-330.997053,0.001485,0.059377
576082,1427,4437.673,1000,8527.22,26.209745,-330.677569,-0.000235,0.059487
577082,1428,4495.438,1000,8541.26,26.390343,-331.300534,-0.000588,0.060218
578082,1429,4419.485,1000,8555.15,24.747116,-331.81617,-0.000287,0.06032
579082,1430,4514.178,1000,8568.55,26.028013,-331.287722,0.002481,0.058029
580082,1431,4502.814,1000,8589.08,25.194935,-331.880296,-0.000958,0.058922
581082,1432,4527.127,1000,8602.42,25.01724,-331.817509,-6e-06,0.058943
582082,1433,4422.799,1000,8616.12,25.178536,-331.624106,0.000969,0.058118
583082,1434,4379.822,1000,8629.32,25.696125,-332.658464,-0.00065,0.058712
584082,1435,4399.151,1000,8643.36,26.192776,-332.866404,0.001668,0.057173
585082,1436,4502.106,1000,8658.05,25.327472,-332.901195,-0.000246,0.057405
586082,1437,4443.364,1000,8673.47,25.684873,-333.319698,-0.002721,0.059923
587082,1438,4465.003,1000,8689.61,24.957008,-333.449563,-0.000112,0.060186
588082,1439,4354.584,1000,8706.37,25.912621,-333.756074,0.000897,0.059274
589082,1440,4462.221,1000,8721.89,24.677797,-333.995807,-0.000724,0.059832
590082,1441,4609.993,1000,8741.14,24.670296,-334.626028,0.001222,0.05885
591082,1442,4456.045,1000,8754.92,25.797703,-334.576432,-0.000835,0.05954
592082,1443,4534.17,1000,8769.18,25.790019,-334.723256,-0.000353,0.059958
593082,1444,4539.106,1000,8783.37,25.056689,-334.785031,0.000305,0.059625
594082,1445,4484.563,1000,8796.75,24.819418,-335.206512,0.00072,0.059203
595082,1446,4443.206,1000,8810.89,24.516014,-335.399671,-0.00136,0.060444
596082,1447,4507.371,1000,8826.12,24.751031,-335.514671,0.003584,0.05721
597082,1448,4502.687,1000,8840.86,24.528162,-335.768584,-0.001099,0.058051
597218,1449,403.494,136,8842.74,23.267101,-337.330169,-0.002497,0.058568
598218,1450,4495.611,1000,8858.9,24.600547,-336.271634,0.000293,0.058169
599218,1451,4583.177,1000,8874.01,25.4617,-336.499121,-0.00128,0.059616
600218,1452,4417.71,1000,8894.43,24.857322,-336.834784,0.001246,0.058244
601218,1453,4565.231,1000,8908.73,25.458812,-337.191549,0.001072,0.057156
602218,1454,4433.22,1000,8922.63,23.755135,-337.170817,-1.4e-05,0.057113
602802,1455,2414.897,584,8931.29,25.67654,-337.55358,-4.6e-05,0.057202
603802,1456,4468.335,1000,8946.81,25.336422,-337.520232,-0.000779,0.058114
604802,1457,4541.795,1000,8962.26,25.253349,-338.054092,0.00126,0.056898
605433,1458,2700.156,631,8971.6,24.929444,-338.153295,-0.002298,0.058351
606433,1459,4605.59,1000,8986.64,24.801166,-338.201938,0.000517,0.057671
607433,1460,4508.077,1000,9001.83,25.605981,-338.319352,0.000545,0.057284
608155,1461,3207.879,722,9012.98,23.719778,-338.910276,0.00142,0.056221
609155,1462,4479.52,1000,9026.67,24.550941,-339.003126,0.000923,0.055487
610155,1463,4416.054,1000,9046.83,24.447414,-339.255035,-1.3e-05,0.055486
611155,1464,4508.454,1000,9059.87,24.225082,-339.462878,-0.000528,0.055982
612155,1465,4496.965,1000,9074.53,24.705115,-339.819533,-7e-05,0.056099
613155,1466,4497.506,1000,9089.55,24.88822,-340.056923,-0.001898,0.058018
614155,1467,4431.177,1000,9105.36,24.468609,-340.082443,-0.000989,0.059148
614284,1468,384.136,129,9107.13,26.018295,-340.66356,0.006054,0.058357
615284,1469,4453.954,1000,9123.07,24.485284,-340.70902,0.001626,0.056785
616284,1470,4524.845,1000,9137.31,24.378035,-340.374464,0.000222,0.056649
617284,1471,4553.67,1000,9152.07,25.282189,-340.530937,-1.6e-05,0.05658
618284,1472,4577.564,1000,9167.89,24.894588,-340.635339,-0.000107,0.056755
619284,1473,4480.766,1000,9184.55,24.357805,-341.116232,-0.001536,0.058238
620284,1474,4405.5,1000,9206.04,23.758692,-340.89401,0.000217,0.05813
621284,1475,4485.446,1000,9219.43,24.580311,-341.182133,-0.000401,0.058423
622284,1476,4519.674,1000,9232.96,25.123592,-341.105584,0.000253,0.058225
622397,1477,336.754,113,9234.64,23.596824,-341.513568,0.000878,0.058138
623397,1478,4479.732,1000,9248.03,23.966039,-341.297403,-0.00038,0.058348
624397,1479,4498.611,1000,9262.28,25.079177,-341.391754,0.001929,0.056557
625397,1480,4534.7,1000,9276.08,24.449415,-341.528257,-0.00102,0.057465
626397,1481,4555.643,1000,9291.08,24.285717,-342.016271,0.00149,0.056185
627397,1482,4450.579,1000,9304.58,24.706778,-341.998247,-0.002172,0.058233
628397,1483,4497.37,1000,9318.44,24.220692,-342.057639,-0.001036,0.059325
629397,1484,4492.555,1000,9331.69,24.494588,-342.282855,-0.000195,0.059519
630397,1485,4417.304,1000,9351.0,24.002997,-342.54999,0.002722,0.057
631397,1486,4510.51,1000,9365.35,24.251308,-342.685097,-0.00099,0.058015
632397,1487,4477.872,1000,9378.92,25.079605,-342.36504,0.001592,0.056456
633378,1488,4389.514,981,9393.33,24.135694,-343.235311,5.1e-05,0.056464
634378,1489,4540.321,1000,9408.55,24.585959,-343.087345,-0.001025,0.05742
635378,1490,4554.849,1000,9422.87,24.94435,-343.550289,-0.001353,0.058656
636378,1491,4505.63,1000,9437.8,24.412294,-343.747843,0.001464,0.057371
637378,1492,4487.545,1000,9452.27,23.116297,-344.405151,0.000944,0.056398
638378,1493,4478.211,1000,9467.65,24.082885,-344.506325,-0.001306,0.057855
638491,1494,241.135,113,9469.34,24.945279,-343.536029,-0.001545,0.057976
639491,1495,4413.085,1000,9483.68,25.321549,-344.384618,0.000803,0.057265
640491,1496,4358.155,1000,9505.12,25.224072,-344.232046,-0.000845,0.057864
641491,1497,4491.055,1000,9519.71,24.185065,-344.343571,-0.000296,0.058294
642223,1498,3089.169,732,9529.9,24.01617,-343.968164,0.001542,0.057149
643223,1499,4405.177,1000,9544.67,24.274591,-344.66376,0.001177,0.056247
644223,1500,4475.865,1000,9559.23,24.690719,-344.490599,-0.001366,0.057507
645223,1501,4545.601,1000,9572.67,24.591399,-344.99857,-0.002013,0.059624
646223,1502,4474.922,1000,9586.23,25.469952,-344.898124,0.002383,0.057203
647223,1503,4405.693,1000,9599.52,24.231766,-345.153961,-0.001967,0.059116
648223,1504,4340.492,1000,9613.13,25.092729,-345.074496,0.000291,0.058844
648641,1505,1716.131,418,9618.4,24.931712,-345.264479,0.003033,0.057547
649641,1506,4507.644,1000,9632.03,24.236904,-345.587111,0.000307,0.057134
650641,1507,4432.369,1000,9651.83,24.691039,-345.321152,-0.001886,0.059129
651641,1508,4577.776,1000,9665.14,24.496039,-345.579589,0.001014,0.058098
652641,1509,4444.716,1000,9678.71,25.149987,-345.607043,-0.000418,0.058487
653641,1510,4534.834,1000,9692.02,24.135567,-345.972269,-0.000701,0.059176
654641,1511,4543.44,1000,9705.67,24.78563,-345.761478,0.000678,0.058574
655641,1512,4470.01,1000,9718.61,24.55746,-346.059381,-0.001896,0.060513
656641,1513,4434.266,1000,9732.68,24.337652,-346.151177,0.00289,0.057754
657641,1514,4531.931,1000,9747.58,24.507811,-346.408602,0.000133,0.057619
658641,1515,4487.382,1000,9762.68,24.346787,-346.281657,-0.000855,0.058503
659641,1516,4414.517,1000,9777.09,24.06932,-346.793289,0.002619,0.055955
660641,1517,4513.978,1000,9799.8,24.825531,-346.969883,-0.002847,0.058806
661641,1518,4504.218,1000,9813.11,24.635309,-347.278829,-0.000368,0.059183
662641,1519,4475.043,1000,9826.61,24.22024,-347.051181,-0.000713,0.059927
663641,1520,4487.897,1000,9840.32,23.869792,-347.550565,0.004262,0.055887
664641,1521,4424.172,1000,9853.35,23.992279,-347.518211,-0.001922,0.05773
665641,1522,4621.812,1000,9867.8,24.339347,-347.58189,-0.002282,0.060095
666641,1523,4510.42,1000,9883.93,25.058543,-347.840121,0.002892,0.057171
667641,1524,4504.841,1000,9900.13,24.256312,-347.928733,0.000584,0.056578
668641,1525,4350.506,1000,9916.39,25.342375,-347.897047,-0.002513,0.059043
669641,1526,4395.576,1000,9930.11,23.925515,-348.410916,0.002823,0.056337
670641,1527,4501.28,1000,9949.57,24.818043,-348.404226,-0.001903,0.058099
671641,1528,4385.566,1000,9963.5,24.367137,-348.765375,0.000418,0.057792
672641,1529,4665.86,1000,9977.29,24.238281,-348.596899,-0.000541,0.058244
673641,1530,4445.355,1000,9991.23,23.955573,-348.820187,0.001394,0.057091
674641,1531,4521.568,1000,10005.55,24.096318,-348.788673,-0.001263,0.058286
675641,1532,4512.086,1000,10019.03,24.038554,-349.258258,0.000111,0.058081
676641,1533,4445.289,1000,10032.87,23.424293,-349.770553,0.001713,0.05649
676768,1534,266.367,127,10034.45,23.579749,-349.3964,0.010005,0.055283
677768,1535,4463.301,1000,10047.44,23.267502,-349.381553,-0.001943,0.056936
678768,1536,4511.142,1000,10061.08,23.531102,-349.641161,0.001644,0.055654
679372,1537,2599.973,604,10069.12,23.145122,-349.793092,-0.003543,0.057488
680372,1538,4429.495,1000,10089.12,23.469125,-350.026261,-0.000169,0.057774
681372,1539,4485.736,1000,10103.23,24.019937,-350.081753,1e-06,0.057919
682372,1540,4422.509,1000,10118.39,23.633304,-350.283891,-0.000457,0.05813
683372,1541,4479.656,1000,10133.45,23.999488,-350.54718,-0.000429,0.058733
684372,1542,4595.1,1000,10149.68,23.875955,-350.786254,0.001206,0.057431
685372,1543,4488.145,1000,10164.47,23.554616,-350.9255,0.000459,0.057046
686372,1544,4545.185,1000,10178.13,23.781471,-350.645613,0.000547,0.056659
687372,1545,4414.87,1000,10191.89,23.67854,-350.984975,0.000447,0.056222
688372,1546,4420.854,1000,10205.28,23.28237,-351.09409,0.000974,0.055259
689372,1547,4503.612,1000,10219.36,23.703251,-351.292893,0.000403,0.054836
690372,1548,4579.074,1000,10240.56,23.928112,-351.912141,-0.002551,0.057307
691372,1549,4421.008,1000,10255.46,23.720963,-351.360514,0.000744,0.05665
692372,1550,4498.825,1000,10272.05,23.25407,-351.865184,0.000459,0.05615
693372,1551,4520.446,1000,10286.21,23.064341,-352.531082,0.000715,0.055635
694372,1552,4558.101,1000,10299.64,23.92314,-351.810903,-0.002899,0.058182
695372,1553,4562.773,1000,10312.45,22.827077,-352.330276,0.00079,0.057543
696372,1554,4513.822,1000,10326.93,23.625901,-352.38359,0.001833,0.0558
697372,1555,4565.62,1000,10340.26,23.553608,-352.549451,-0.002318,0.057979
698372,1556,4590.385,1000,10354.25,23.917992,-352.763324,0.001489,0.056699
699372,1557,4479.803,1000,10367.88,22.863219,-353.220097,-0.00154,0.057952
700372,1558,4611.045,1000,10388.1,22.958512,-352.838288,0.000987,0.057037
701372,1559,4605.631,1000,10402.03,22.864112,-353.291343,-0.000656,0.057862
702372,1560,4540.201,1000,10415.73,23.047206,-353.253119,0.002009,0.055988
703372,1561,4617.059,1000,10429.44,23.400942,-353.625151,-0.000301,0.056022
704372,1562,4559.315,1000,10442.47,22.982439,-353.819366,-9.1e-05,0.056192
705372,1563,4512.536,1000,10456.36,23.128092,-354.010731,0.001484,0.054744
706372,1564,4599.224,1000,10471.73,23.326794,-353.908436,-0.002623,0.057395
707372,1565,4522.689,1000,10488.03,23.394132,-354.395786,4.8e-05,0.057206
708372,1566,4701.292,1000,10503.27,23.504693,-354.224346,-0.000872,0.058272
709372,1567,4519.841,1000,10518.66,23.407696,-354.286803,0.000238,0.057872
710372,1568,4501.849,1000,10539.22,22.653078,-354.969614,0.000359,0.057423
711372,1569,4559.281,1000,10552.33,23.531356,-354.565721,0.001892,0.055994
712372,1570,4427.749,1000,10565.76,23.485526,-354.62237,-0.001649,0.057442
713372,1571,4428.41,1000,10578.58,23.26443,-354.919672,0.001268,0.056203
714372,1572,4472.774,1000,10593.34,22.84937,-355.222154,0.000838,0.055581
715372,1573,4542.903,1000,10608.33,23.924984,-355.381898,0.001356,0.054292
716372,1574,4579.347,1000,10623.28,23.117308,-355.980852,-0.00085,0.055018
717372,1575,4525.622,1000,10638.36,22.221588,-355.781716,-0.001369,0.056241
718372,1576,4505.214,1000,10651.75,22.280115,-356.061197,0.001054,0.055386
719372,1577,4469.809,1000,10665.28,22.447766,-355.990484,-0.002207,0.057433
720372,1578,4501.315,1000,10685.25,23.683579,-356.143497,0.000456,0.057142
721372,1579,4600.661,1000,10699.21,22.89521,-355.993338,-0.000857,0.057839
722372,1580,4586.831,1000,10712.89,22.090028,-356.628532,0.002603,0.055505
723372,1581,4558.255,1000,10727.19,22.474815,-356.623952,-0.00078,0.056082
724372,1582,4635.219,1000,10740.65,23.214201,-356.949735,-0.000634,0.056904
725372,1583,4523.135,1000,10754.52,22.234857,-357.094124,-0.000395,0.057215
726372,1584,4485.845,1000,10767.48,23.654384,-357.176557,0.00193,0.055392
727372,1585,4552.626,1000,10781.11,22.594316,-357.136407,0.000297,0.055285
728372,1586,4545.134,1000,10794.87,22.509014,-357.767346,-0.000777,0.055883
729372,1587,4600.155,1000,10809.27,22.991405,-357.789797,-0.000968,0.056729
730372,1588,4574.419,1000,10830.76,22.923471,-357.670137,0.002023,0.054888
731372,1589,4570.435,1000,10845.71,22.853189,-358.227672,-0.000808,0.055562
732372,1590,4591.002,1000,10860.71,22.279059,-358.529884,0.000743,0.054697
733372,1591,4615.73,1000,10876.5,22.286334,-358.26862,-0.003017,0.057994
734372,1592,4509.672,1000,10890.28,21.787758,-358.589753,0.001602,0.056292
734480,1593,279.921,108,10891.61,21.219258,-359.553115,-0.005096,0.056735
735480,1594,4587.474,1000,10904.66,22.456183,-358.547202,0.000344,0.056538
736480,1595,4555.833,1000,10919.26,22.524424,-358.752027,0.000591,0.055891
737480,1596,4625.883,1000,10933.81,22.776282,-358.681488,0.000939,0.054948
738480,1597,4634.673,1000,10948.52,22.494614,-358.599705,-0.001414,0.056392
739480,1598,4572.207,1000,10963.28,21.657505,-359.128881,0.001317,0.055144
740117,1599,2837.754,637,10981.41,21.905497,-359.201434,0.000619,0.054864
741117,1600,4541.962,1000,10996.58,22.136649,-359.322219,-0.00071,0.055516
742117,1601,4637.428,1000,11009.98,21.922094,-359.047739,-0.000157,0.05556
743117,1602,4546.107,1000,11024.84,22.51478,-359.475031,-0.000667,0.056267
744117,1603,4497.034,1000,11040.29,22.020173,-359.453018,0.00111,0.055289
745117,1604,4636.025,1000,11054.36,21.963596,-359.72176,-0.000665,0.055953
746117,1605,4640.622,1000,11068.81,22.060271,-360.019219,-0.000841,0.05675
746252,1606,290.214,135,11070.77,22.437125,-360.341957,0.007951,0.055709
747252,1607,4664.968,1000,11085.04,22.47514,-359.992348,-4.3e-05,0.055801
747485,1608,813.522,233,11088.07,22.998743,-360.900247,0.004525,0.054523
748485,1609,4554.627,1000,11102.46,21.998679,-360.2681,-0.000463,0.055232
749485,1610,4557.601,1000,11117.74,22.466251,-360.256512,-0.000148,0.055225
750485,1611,4548.591,1000,11141.78,21.787276,-360.336315,0.000664,0.054723
751485,1612,4604.936,1000,11157.43,22.459946,-360.721135,0.000426,0.054306
751616,1613,279.056,131,11159.54,20.883509,-360.843655,-0.007187,0.055098
752616,1614,4575.312,1000,11174.31,21.808148,-360.07559,-0.001042,0.056083
753616,1615,4637.291,1000,11189.84,21.878156,-360.069901,0.000354,0.055679
754616,1616,4627.258,1000,11206.15,23.834733,-360.730233,-0.00039,0.056075
755616,1617,4525.482,1000,11222.89,22.167448,-360.675314,-0.001489,0.057483
756616,1618,4628.873,1000,11238.94,21.59921,-361.085751,0.002504,0.055154
757616,1619,4554.894,1000,11252.13,22.418177,-361.023185,-0.001546,0.0566
758616,1620,4573.482,1000,11265.45,22.021045,-361.339453,0.000712,0.056133
759616,1621,4635.492,1000,11279.71,22.154932,-361.667588,0.001265,0.05488
760616,1622,4573.786,1000,11300.16,22.48209,-361.51552,0.000289,0.05484
761616,1623,4657.769,1000,11316.21,22.174905,-361.330158,-0.001236,0.055724
762616,1624,4562.982,1000,11330.56,22.454224,-361.699919,0.001223,0.054584
763616,1625,4605.283,1000,11345.91,22.053643,-361.630341,0.000504,0.054123
764616,1626,4615.408,1000,11360.54,21.272739,-362.072208,0.000658,0.05358
765616,1627,4645.436,1000,11374.68,22.291807,-362.09513,-0.000502,0.053971
766616,1628,4605.773,1000,11388.74,21.674069,-362.460326,-0.001432,0.055526
767616,1629,4596.179,1000,11402.02,21.872826,-362.640409,-0.000284,0.055741
768616,1630,4604.838,1000,11416.05,22.006153,-362.682352,0.0007,0.055078
769616,1631,4668.237,1000,11429.84,21.702031,-362.788302,-0.000168,0.055185
770616,1632,4666.037,1000,11450.31,21.425214,-363.007592,-0.000676,0.055811
771616,1633,4513.926,1000,11464.49,21.082686,-362.972387,-0.000536,0.056332
772616,1634,4671.579,1000,11478.15,22.33135,-363.415303,0.000207,0.056053
773616,1635,4686.655,1000,11492.79,22.018771,-363.182546,0.001256,0.055094
774616,1636,4602.588,1000,11507.16,22.403346,-363.680306,-0.001081,0.056326
775616,1637,4609.504,1000,11521.33,21.737129,-363.656638,0.000603,0.055704
775689,1638,172.267,73,11522.41,22.929868,-364.435892,0.004353,0.05533
776689,1639,4653.129,1000,11536.81,22.224338,-363.801184,-0.000206,0.055566
777689,1640,4699.763,1000,11551.93,20.82437,-363.829134,0.002758,0.052926
778689,1641,4675.411,1000,11567.62,20.973796,-363.917143,-0.001501,0.054251
779689,1642,4626.735,1000,11583.91,21.480592,-364.284483,-0.000965,0.05509
780689,1643,4533.149,1000,11605.6,22.3443,-364.291274,0.00183,0.05351
781689,1644,4653.546,1000,11619.4,21.447964,-364.671111,-0.00274,0.056271
782689,1645,4628.634,1000,11632.9,21.007511,-364.476223,0.001736,0.05456
783689,1646,4558.077,1000,11646.72,21.640728,-364.69686,-0.001421,0.05592
784689,1647,4640.662,1000,11660.92,21.432876,-364.833233,7.6e-05,0.055914
785689,1648,4753.976,1000,11674.37,21.854676,-365.137068,0.003326,0.052662
786689,1649,4592.16,1000,11689.51,21.197089,-365.390174,-0.001216,0.053772
787689,1650,4605.173,1000,11704.38,22.0118,-365.301811,-0.002636,0.056317
788689,1651,4689.237,1000,11718.92,21.6587,-365.15768,0.000883,0.055429
789104,1652,1743.098,415,11724.73,21.476276,-365.077781,-0.001942,0.056221
790104,1653,4737.822,1000,11745.39,20.909451,-365.190068,0.001558,0.054704
791104,1654,4647.967,1000,11759.57,22.094969,-365.476734,-0.000554,0.055316
792104,1655,4645.377,1000,11773.6,22.16508,-365.753339,0.000122,0.05513
793104,1656,4677.536,1000,11788.06,21.301752,-365.761619,0.000378,0.054814
793776,1657,3033.44,672,11797.39,21.122565,-365.664083,-0.000827,0.055286
794776,1658,4693.737,1000,11811.85,22.313235,-365.454777,0.001111,0.054395
795776,1659,4622.073,1000,11825.08,22.146269,-365.717022,-0.000863,0.05509
796776,1660,4752.969,1000,11839.92,21.020512,-366.318731,0.001526,0.053813
797776,1661,4682.946,1000,11854.07,21.074994,-366.325496,-0.000752,0.054556
798776,1662,4690.149,1000,11867.42,21.730742,-366.656691,-0.000472,0.054972
799321,1663,2397.394,545,11875.41,20.904059,-367.033941,0.000597,0.054504
800321,1664,4709.608,1000,11896.68,21.801718,-367.098184,-0.001302,0.055802
801321,1665,4710.516,1000,11912.03,21.786557,-366.56664,0.001305,0.054651
802321,1666,4642.395,1000,11927.28,21.901093,-366.910045,0.000218,0.054418
803321,1667,4598.559,1000,11943.76,22.236432,-366.595479,-0.000249,0.054619
804321,1668,4619.543,1000,11959.64,21.409379,-366.74452,-0.000962,0.055522
805321,1669,4579.045,1000,11973.32,21.67243,-366.618878,0.000722,0.054873
806321,1670,4692.89,1000,11986.17,21.782361,-367.233045,5e-05,0.054819
807321,1671,4616.999,1000,12000.69,21.8154,-366.885386,-0.000652,0.055443
808321,1672,4684.41,1000,12014.86,22.932304,-367.284487,-0.002227,0.057387
809321,1673,4676.043,1000,12029.77,21.173229,-367.486497,0.002151,0.055468
810321,1674,4626.158,1000,12052.04,22.30154,-367.276832,0.000847,0.054619
811321,1675,4604.597,1000,12066.85,21.520562,-367.514683,-0.001625,0.056336
812321,1676,4582.051,1000,12081.58,21.267466,-367.909884,0.001556,0.0548
813321,1677,4681.586,1000,12095.18,21.710363,-368.342022,0.002351,0.05246
814321,1678,4637.086,1000,12108.91,21.91679,-368.325352,-0.001799,0.054322
815321,1679,4658.505,1000,12121.64,20.997872,-368.362169,0.000573,0.053598
816321,1680,4673.042,1000,12135.68,21.528385,-368.446336,-0.001227,0.054992
817321,1681,4738.984,1000,12149.59,21.058636,-368.816071,0.002611,0.05244
818321,1682,4599.56,1000,12164.17,22.133253,-369.065975,-0.001962,0.05402
819321,1683,4676.272,1000,12178.72,21.114705,-368.897605,0.00234,0.051983
820321,1684,4678.438,1000,12199.15,21.575567,-369.191224,-0.00109,0.05297
821321,1685,4694.588,1000,12212.95,21.425533,-369.427752,0.001101,0.05196
822321,1686,4739.738,1000,12226.16,21.551334,-369.765845,-0.001488,0.053322
823321,1687,4741.264,1000,12240.49,20.745971,-369.747434,-0.001463,0.05467
824321,1688,4638.709,1000,12254.66,21.085033,-369.956578,-0.00093,0.05556
825321,1689,4638.981,1000,12270.29,21.661687,-370.127767,0.002531,0.05334
826321,1690,4624.526,1000,12286.81,21.39018,-370.136289,0.000308,0.052938
827321,1691,4661.923,1000,12300.47,20.869941,-370.391357,0.000568,0.052436
828321,1692,4734.859,1000,12314.36,20.544864,-370.626993,-0.003178,0.05554
829321,1693,4747.459,1000,12328.15,21.177755,-370.328979,0.002101,0.053533
830284,1694,4470.031,963,12346.8,20.932285,-370.707172,-0.00042,0.053886
831284,1695,4638.474,1000,12361.05,21.816155,-371.210776,-0.000246,0.054066
831382,1696,232.852,98,12362.4,22.000022,-370.950466,0.008201,0.053311
832382,1697,4701.495,1000,12377.08,21.775055,-371.178037,-0.000243,0.053531
833382,1698,4627.237,1000,12391.28,21.291645,-370.857304,0.000478,0.053138
834382,1699,4715.385,1000,12405.97,21.916542,-371.057746,-0.002074,0.055131
835382,1700,4781.677,1000,12421.21,20.739577,-371.445815,0.000654,0.054517
836382,1701,4679.94,1000,12435.73,20.64264,-371.479168,-0.000133,0.054693
837382,1702,4725.172,1000,12450.29,22.090124,-371.529435,0.00262,0.05213
838382,1703,4647.686,1000,12463.8,20.983608,-371.548928,-0.002592,0.054571
839382,1704,4731.347,1000,12478.4,21.586192,-371.683352,0.000773,0.053885
840382,1705,4739.562,1000,12499.37,21.885044,-371.695284,-0.000519,0.054363
841382,1706,4671.384,1000,12514.36,21.156718,-371.843136,-0.001601,0.055916
842382,1707,4648.237,1000,12528.92,21.03919,-372.123741,0.001371,0.054583
843382,1708,4633.641,1000,12543.07,21.167444,-372.420983,0.001708,0.053049
844382,1709,4761.377,1000,12557.2,21.481973,-372.517221,0.000275,0.052681
845382,1710,4785.725,1000,12570.14,21.11006,-372.681488,0.000273,0.052533
846382,1711,4778.493,1000,12584.28,20.959822,-372.857231,-0.000502,0.052864
847382,1712,4786.982,1000,12598.14,21.261837,-372.884091,0.000202,0.05276
848382,1713,4623.113,1000,12612.17,20.989316,-373.178479,-0.000178,0.052866
849382,1714,4670.017,1000,12626.62,20.546459,-372.929675,-0.000993,0.053904
850382,1715,4756.605,1000,12648.67,20.312384,-373.582965,0.002627,0.051341
851382,1716,4759.09,1000,12664.74,20.365672,-373.464046,-0.000501,0.051684
852382,1717,4704.337,1000,12680.23,20.375492,-373.484238,-0.0014,0.053126
853382,1718,4695.477,1000,12694.12,20.981763,-373.731242,-9.7e-05,0.053215
854382,1719,4721.456,1000,12708.19,21.285798,-374.10604,0.00071,0.052606
855382,1720,4798.812,1000,12723.1,20.470493,-374.085923,0.001224,0.051439
856382,1721,4622.674,1000,12737.44,21.086624,-374.121567,0.000645,0.050777
857382,1722,4769.106,1000,12751.27,21.173641,-374.637255,2.1e-05,0.050906
858382,1723,4755.91,1000,12766.47,20.686064,-374.796014,-0.001783,0.052688
859382,1724,4787.98,1000,12782.02,20.115355,-375.077928,0.000498,0.052096
860382,1725,4757.293,1000,12805.38,20.170034,-375.23956,0.000836,0.051303
860591,1726,752.832,209,12808.31,21.100908,-375.474239,-0.000198,0.051245
861591,1727,4730.59,1000,12821.65,20.395488,-375.240503,0.000322,0.050965
862591,1728,4810.391,1000,12835.8,20.825912,-375.583274,-0.003081,0.054145
863591,1729,4779.297,1000,12849.55,21.446875,-375.781912,0.000902,0.053182
864591,1730,4757.44,1000,12863.37,21.011509,-375.598422,-0.000609,0.053813
865591,1731,4788.577,1000,12877.44,21.021735,-375.459159,0.002395,0.051419
866591,1732,4684.328,1000,12892.43,20.734525,-375.666225,-0.002047,0.053208
867591,1733,4702.685,1000,12905.82,20.643039,-375.620178,0.001963,0.051772
868591,1734,4679.898,1000,12919.22,20.302216,-375.791261,-0.000289,0.051919
869591,1735,4716.996,1000,12932.77,20.173045,-376.025516,-0.001309,0.052971
870591,1736,4720.38,1000,12952.26,20.619993,-376.124848,-0.000419,0.053566
871591,1737,4609.825,1000,12966.48,20.664547,-376.282307,-0.000744,0.054157
872591,1738,4624.904,1000,12980.45,20.513439,-376.120391,0.002236,0.051979
873591,1739,4644.044,1000,12995.66,21.390352,-376.038268,-0.001091,0.053028
874591,1740,4668.341,1000,13011.12,20.498367,-376.277894,-0.000634,0.053714
875591,1741,4772.286,1000,13026.99,20.375464,-376.274487,-0.000369,0.054139
876591,1742,4715.13,1000,13042.22,20.388072,-376.253022,0.000233,0.05386
877591,1743,4587.429,1000,13054.77,20.968347,-376.479984,0.001121,0.053003
878591,1744,4612.946,1000,13068.18,21.322442,-376.37051,-0.000278,0.05316
879591,1745,4699.594,1000,13081.62,21.109159,-376.314624,-0.000965,0.054067
880591,1746,4668.053,1000,13101.88,20.523168,-376.619274,-0.000731,0.054894
881591,1747,4665.969,1000,13116.44,20.722749,-376.74924,0.000824,0.053977
882591,1748,4715.522,1000,13130.6,20.857035,-377.066614,-0.000791,0.054712
883591,1749,4850.6,1000,13145.08,20.392614,-376.812518,-0.000889,0.055587
884591,1750,4787.723,1000,13159.34,20.429992,-377.082163,0.002175,0.053697
885591,1751,4607.201,1000,13172.47,20.711496,-377.219808,-0.000957,0.054644
886591,1752,4763.821,1000,13185.3,19.874518,-377.421975,0.002103,0.052775
887591,1753,4836.278,1000,13198.79,19.891882,-377.490341,0.000304,0.052384
888591,1754,4747.234,1000,13212.87,20.055057,-377.254009,-0.000231,0.052598
889591,1755,4651.564,1000,13227.25,20.86147,-377.858016,0.000318,0.052365
890591,1756,4710.114,1000,13247.23,20.45179,-377.674038,-0.000577,0.052801
891591,1757,4757.35,1000,13261.1,20.082801,-378.378798,-0.002035,0.054811
892591,1758,4805.852,1000,13274.01,20.784153,-378.130203,0.003205,0.051733
893591,1759,4761.284,1000,13287.53,20.288298,-378.485163,-0.001322,0.053099
894591,1760,4780.221,1000,13300.71,18.98045,-378.966465,-0.000379,0.053383
895591,1761,4742.147,1000,13314.28,20.423471,-378.668078,0.001318,0.052144
895729,1762,416.266,138,13316.13,22.097039,-378.005704,0.003836,0.051779
896729,1763,4729.29,1000,13330.12,19.617265,-378.728318,-0.000365,0.05208
897729,1764,4810.64,1000,13344.36,19.646123,-379.119084,0.000445,0.051622
898729,1765,4770.523,1000,13358.05,19.156595,-379.563819,0.000851,0.050728
899729,1766,4725.42,1000,13373.58,20.574083,-379.417215,-4.6e-05,0.050893
900729,1767,4777.985,1000,13396.04,19.561204,-379.496285,-0.002516,0.053131
901729,1768,4766.635,1000,13410.09,20.053513,-379.579242,-0.001361,0.0545
902729,1769,4755.085,1000,13423.91,19.538315,-379.620903,0.00168,0.052885
903729,1770,4700.676,1000,13437.67,20.274337,-379.857923,0.001038,0.051942
904729,1771,4705.958,1000,13450.95,20.551633,-379.948638,-0.000425,0.052275
905729,1772,4719.773,1000,13464.72,20.097382,-380.17632,0.000942,0.051342
906729,1773,4748.331,1000,13480.11,19.688265,-380.026248,-0.000784,0.052172
907729,1774,4770.588,1000,13494.61,20.248901,-380.458593,-1.7e-05,0.052276
908729,1775,4846.342,1000,13510.24,20.574868,-380.385503,-0.00107,0.053378
909729,1776,4716.822,1000,13524.85,19.579556,-380.846713,-4.6e-05,0.053297
910729,1777,4802.417,1000,13544.28,19.851238,-380.669784,0.002419,0.050945
911729,1778,4669.104,1000,13557.75,20.155003,-380.476966,-0.001338,0.052255
912729,1779,4712.002,1000,13571.88,20.265079,-380.525257,0.000485,0.051658
913729,1780,4733.751,1000,13585.81,19.912594,-380.732622,-0.001899,0.053444
914729,1781,4857.894,1000,13599.57,19.814565,-380.829696,0.000406,0.053071
915729,1782,4726.385,1000,13613.16,19.51378,-380.845563,0.000288,0.052743
916729,1783,4760.218,1000,13626.94,19.247106,-381.166646,-0.002063,0.054702
917729,1784,4785.158,1000,13639.36,19.909531,-381.110426,0.001572,0.053501
918729,1785,4754.341,1000,13653.24,20.635839,-381.121749,-0.000243,0.053518
919729,1786,4707.277,1000,13666.25,19.262847,-381.615406,2.1e-05,0.05359
920729,1787,4728.148,1000,13686.28,19.692727,-381.819745,0.002258,0.05135
921729,1788,4740.981,1000,13700.27,19.329714,-381.868779,-0.001057,0.05249
922729,1789,4751.285,1000,13714.93,19.837978,-381.567378,0.000649,0.05183
923729,1790,4691.276,1000,13731.02,19.642409,-381.908766,-0.001276,0.05308
924729,1791,4819.068,1000,13748.61,19.17707,-381.856227,0.00195,0.050979
925729,1792,4776.03,1000,13764.24,18.890405,-381.861946,-0.001574,0.052645
926729,1793,4712.824,1000,13776.93,19.400984,-382.088542,0.001299,0.051291
927729,1794,4810.881,1000,13790.7,19.307223,-382.636565,-0.000997,0.052347
928729,1795,4817.618,1000,13805.14,18.5352,-382.191049,-0.000242,0.052484
929729,1796,4822.767,1000,13819.93,19.742156,-382.435091,0.001006,0.051638
930729,1797,4746.205,1000,13841.22,19.27676,-382.849088,0.000274,0.051511
931729,1798,4861.218,1000,13856.04,19.128851,-382.879483,0.000515,0.050829
932729,1799,4765.232,1000,13871.3,19.451658,-383.120805,-0.001732,0.052612
933729,1800,4847.0,1000,13885.15,19.764919,-383.52279,-0.002315,0.054811
934729,1801,4789.071,1000,13898.87,19.245922,-383.328579,0.001739,0.053076
935729,1802,4753.163,1000,13912.04,18.63817,-383.352342,0.002005,0.051351
936729,1803,4741.397,1000,13926.23,20.093129,-383.819401,0.000704,0.050662
937729,1804,4724.607,1000,13939.63,19.476157,-383.956621,-0.000311,0.050736
938729,1805,4726.928,1000,13953.7,18.725889,-384.149609,-0.000764,0.051487
939729,1806,4747.271,1000,13967.69,19.628318,-384.229456,-0.001463,0.052969
940729,1807,4754.586,1000,13987.79,19.28135,-384.354692,0.002142,0.051019
941729,1808,4803.099,1000,14000.87,18.318428,-384.372894,-0.000208,0.051184
942729,1809,4763.064,1000,14014.1,19.425804,-384.545728,-0.000302,0.051595
943729,1810,4783.927,1000,14027.41,19.177105,-384.450389,0.000599,0.050871
944729,1811,4796.747,1000,14041.71,18.933003,-384.916165,-2e-05,0.050922
945729,1812,4724.254,1000,14056.58,19.251174,-384.869968,0.000484,0.050472
946729,1813,4740.547,1000,14072.36,19.187477,-385.093322,3.6e-05,0.05046
947729,1814,4793.922,1000,14088.35,18.826375,-385.072866,-0.000487,0.050831
948729,1815,4767.568,1000,14102.46,19.446102,-385.392164,0.000259,0.050724
949729,1816,4796.871,1000,14117.81,19.520358,-385.436179,0.000502,0.050211
950729,1817,4736.492,1000,14137.63,18.649236,-385.242084,-0.001865,0.052021
951729,1818,4710.164,1000,14150.93,19.886216,-385.370353,0.000911,0.051156
952729,1819,4759.401,1000,14164.71,18.861433,-385.83081,0.001299,0.049963
953729,1820,4763.208,1000,14177.66,18.563166,-386.383011,-0.001478,0.051206
954729,1821,4914.139,1000,14191.97,18.631649,-386.232752,-0.000463,0.051732
955729,1822,4844.796,1000,14206.59,18.784192,-386.195339,0.000675,0.051171
956729,1823,4717.685,1000,14221.67,19.190822,-386.445379,0.00065,0.050631
957729,1824,4727.535,1000,14237.71,19.115576,-386.467405,-0.001433,0.051846
958729,1825,4726.304,1000,14251.29,19.29946,-386.433807,-0.000855,0.052811
959729,1826,4798.603,1000,14264.86,18.594261,-386.606921,0.000908,0.051584
960729,1827,4774.745,1000,14284.88,19.315289,-386.613383,6.7e-05,0.051795
961729,1828,4842.806,1000,14299.3,18.615576,-386.645367,0.000465,0.051406
962729,1829,4759.274,1000,14313.11,18.356618,-387.183952,0.00034,0.050975
963729,1830,4860.472,1000,14327.33,19.345285,-387.282651,-0.002114,0.053154
964729,1831,4852.282,1000,14340.55,19.059316,-387.124424,0.000435,0.052666
965729,1832,4831.273,1000,14354.5,18.910823,-387.387445,0.000269,0.052358
966501,1833,3560.118,772,14364.42,19.686891,-387.237556,-0.0018,0.053879
967501,1834,4779.638,1000,14378.44,18.740725,-387.422962,0.001553,0.052206
968501,1835,4864.803,1000,14391.77,19.02261,-387.604221,9.8e-05,0.052116
969501,1836,4795.548,1000,14406.04,19.445846,-387.943865,0.001181,0.050942
970501,1837,4799.787,1000,14427.01,18.599243,-387.763844,0.000852,0.050112
971501,1838,4801.53,1000,14441.81,18.812779,-387.987518,-0.001259,0.051446
972501,1839,4847.977,1000,14456.55,19.909127,-387.595383,-0.001832,0.053165
973501,1840,4764.922,1000,14471.92,18.825155,-388.262093,0.001168,0.051985
974501,1841,4752.997,1000,14486.35,18.796031,-387.771109,0.000472,0.05148
975501,1842,4737.043,1000,14499.33,19.13596,-388.292412,0.000685,0.050699
976501,1843,4849.915,1000,14513.42,19.283544,-388.428811,0.000533,0.050439
977501,1844,4736.347,1000,14526.01,18.472259,-388.549732,-0.000161,0.050539
978501,1845,4865.196,1000,14540.31,18.612513,-388.841631,0.000838,0.049642
979501,1846,4747.887,1000,14554.98,18.778632,-389.07574,-0.001093,0.050769
980501,1847,4758.305,1000,14577.11,19.486915,-389.278975,-0.000181,0.050888
981206,1848,3222.414,705,14587.43,17.756471,-389.203236,0.000523,0.050701
982206,1849,4820.095,1000,14602.0,19.747093,-389.708686,0.000397,0.050187
983206,1850,4855.872,1000,14615.69,18.828469,-389.585001,-0.002573,0.052624
984206,1851,4813.912,1000,14630.63,18.277945,-389.184741,0.00197,0.050865
985206,1852,4853.859,1000,14646.33,18.991406,-389.493403,-0.000129,0.050915
986206,1853,4782.452,1000,14660.87,18.967637,-389.486526,0.000722,0.050294
987206,1854,4862.756,1000,14675.0,19.487315,-389.660141,-0.000453,0.050836
988206,1855,4860.809,1000,14689.08,18.403633,-390.102411,-8e-06,0.05094
989206,1856,4724.058,1000,14704.0,18.760257,-390.259191,0.000372,0.050449
990206,1857,4901.383,1000,14725.47,18.437602,-390.541431,0.000801,0.049694
991206,1858,4765.341,1000,14741.18,18.312501,-390.693248,-9e-06,0.049756
992206,1859,4771.943,1000,14756.05,19.217856,-390.726875,0.000113,0.049557
993206,1860,4904.857,1000,14770.76,18.718768,-391.051963,-0.001585,0.051183
994206,1861,4908.306,1000,14785.7,17.743298,-391.085321,0.001622,0.049586
995206,1862,4761.46,1000,14799.8,18.440959,-391.515022,-0.000601,0.050231
996206,1863,4798.43,1000,14814.11,18.869461,-391.312321,0.002239,0.048073
997206,1864,4675.839,1000,14830.11,18.631443,-391.623642,-0.001359,0.049424
998206,1865,4737.032,1000,14844.39,18.239563,-391.72374,0.001131,0.048316
999206,1866,4801.985,1000,14857.96,19.004423,-391.638255,-0.000459,0.048685
