timestep,episode,episode_reward,episode_length,wall_time,critic_loss,actor_loss
19,0,14.336,19,0.0,,
40,1,9.669,21,0.01,,
62,2,11.002,22,0.01,,
105,3,15.344,43,0.02,,
119,4,8.325,14,0.02,,
134,5,12.724,15,0.02,,
177,6,58.426,43,0.03,,
197,7,14.201,20,0.03,,
239,8,60.138,42,0.04,,
249,9,6.512,10,0.04,,
281,10,15.616,32,0.04,,
298,11,11.918,17,0.05,,
316,12,16.543,18,0.05,,
330,13,12.021,14,0.05,,
353,14,10.099,23,0.05,,
363,15,6.971,10,0.06,,
378,16,12.139,15,0.06,,
395,17,11.283,17,0.06,,
413,18,9.195,18,0.06,,
424,19,6.726,11,0.07,,
436,20,6.258,12,0.07,,
467,21,10.123,31,0.07,,
480,22,9.026,13,0.07,,
503,23,14.654,23,0.08,,
516,24,9.676,13,0.08,,
550,25,37.385,34,0.09,,
571,26,19.05,21,0.09,,
586,27,8.397,15,0.09,,
599,28,7.597,13,0.09,,
642,29,59.117,43,0.1,,
658,30,10.291,16,0.1,,
684,31,19.841,26,0.1,,
697,32,10.585,13,0.11,,
708,33,8.317,11,0.11,,
725,34,12.396,17,0.11,,
737,35,8.863,12,0.11,,
753,36,12.102,16,0.11,,
781,37,10.08,28,0.12,,
796,38,7.069,15,0.12,,
812,39,14.994,16,0.12,,
826,40,9.145,14,0.13,,
841,41,11.731,15,0.13,,
858,42,8.36,17,0.13,,
873,43,8.691,15,0.13,,
901,44,13.198,28,0.14,,
914,45,8.946,13,0.14,,
942,46,32.524,28,0.15,,
958,47,9.354,16,0.16,,
971,48,10.343,13,0.16,,
996,49,21.512,25,0.17,,
1020,50,20.992,24,0.17,,
1042,51,22.912,22,0.17,,
1053,52,8.552,11,0.18,,
1066,53,10.337,13,0.18,,
1089,54,15.368,23,0.18,,
1106,55,13.141,17,0.18,,
1119,56,11.595,13,0.19,,
1139,57,12.81,20,0.19,,
1155,58,12.552,16,0.19,,
1170,59,14.319,15,0.19,,
1183,60,8.564,13,0.2,,
1207,61,10.06,24,0.2,,
1231,62,11.215,24,0.2,,
1251,63,8.948,20,0.21,,
1273,64,9.06,22,0.21,,
1294,65,18.336,21,0.21,,
1304,66,6.09,10,0.21,,
1317,67,5.274,13,0.22,,
1366,68,52.053,49,0.22,,
1377,69,6.073,11,0.23,,
1426,70,60.148,49,0.23,,
1445,71,9.825,19,0.24,,
1462,72,7.687,17,0.24,,
1500,73,44.816,38,0.24,,
1516,74,5.914,16,0.25,,
1534,75,14.522,18,0.25,,
1553,76,9.95,19,0.25,,
1574,77,18.896,21,0.25,,
1590,78,9.9,16,0.26,,
1641,79,61.722,51,0.27,,
1677,80,33.688,36,0.27,,
1691,81,11.497,14,0.27,,
1712,82,21.738,21,0.28,,
1742,83,34.414,30,0.28,,
1760,84,14.05,18,0.28,,
1789,85,33.739,29,0.29,,
1832,86,32.655,43,0.29,,
1846,87,12.459,14,0.3,,
1880,88,43.22,34,0.3,,
1897,89,16.726,17,0.3,,
1917,90,5.037,20,0.31,,
1931,91,9.057,14,0.31,,
1954,92,21.717,23,0.31,,
1967,93,7.667,13,0.31,,
1981,94,10.863,14,0.32,,
2010,95,9.564,29,0.32,,
2035,96,26.71,25,0.32,,
2056,97,14.522,21,0.33,,
2076,98,16.053,20,0.33,,
2117,99,14.926,41,0.34,,
2145,100,22.736,28,0.34,,
2164,101,18.283,19,0.34,,
2177,102,5.953,13,0.35,,
2208,103,25.89,31,0.35,,
2231,104,20.316,23,0.35,,
2247,105,9.032,16,0.36,,
2258,106,8.25,11,0.36,,
2291,107,10.562,33,0.36,,
2315,108,16.052,24,0.37,,
2329,109,8.753,14,0.37,,
2342,110,7.975,13,0.37,,
2368,111,18.203,26,0.38,,
2414,112,33.894,46,0.38,,
2432,113,15.626,18,0.39,,
2458,114,22.197,26,0.39,,
2475,115,16.209,17,0.39,,
2500,116,17.325,25,0.4,,
2524,117,14.136,24,0.4,,
2552,118,28.086,28,0.41,,
2578,119,28.995,26,0.41,,
2587,120,5.511,9,0.41,,
2613,121,23.261,26,0.41,,
2625,122,7.818,12,0.42,,
2638,123,7.523,13,0.42,,
2670,124,15.951,32,0.42,,
2690,125,12.266,20,0.43,,
2705,126,6.795,15,0.43,,
2730,127,13.562,25,0.43,,
2763,128,19.833,33,0.44,,
2828,129,86.491,65,0.45,,
2843,130,11.519,15,0.45,,
2866,131,11.172,23,0.45,,
2884,132,11.24,18,0.46,,
2897,133,9.949,13,0.46,,
2916,134,10.068,19,0.46,,
2930,135,9.766,14,0.46,,
2943,136,8.702,13,0.46,,
2958,137,11.5,15,0.47,,
2971,138,8.766,13,0.47,,
2985,139,7.731,14,0.47,,
3004,140,12.68,19,0.48,,
3029,141,8.7,25,0.48,,
3040,142,8.323,11,0.48,,
3061,143,10.748,21,0.48,,
3115,144,55.877,54,0.5,,
3144,145,6.121,29,0.5,,
3185,146,45.85,41,0.51,,
3224,147,28.895,39,0.52,,
3244,148,15.775,20,0.52,,
3267,149,10.624,23,0.52,,
3280,150,10.296,13,0.52,,
3293,151,6.642,13,0.53,,
3327,152,30.684,34,0.53,,
3353,153,20.716,26,0.54,,
3380,154,29.892,27,0.54,,
3407,155,17.407,27,0.54,,
3417,156,5.74,10,0.54,,
3451,157,13.131,34,0.55,,
3468,158,12.657,17,0.55,,
3484,159,12.209,16,0.56,,
3500,160,11.32,16,0.56,,
3536,161,34.464,36,0.56,,
3549,162,9.669,13,0.57,,
3578,163,26.814,29,0.57,,
3599,164,20.918,21,0.57,,
3612,165,6.867,13,0.58,,
3639,166,10.052,27,0.58,,
3651,167,8.132,12,0.58,,
3673,168,17.098,22,0.59,,
3706,169,13.981,33,0.59,,
3772,170,100.78,66,0.6,,
3802,171,27.229,30,0.61,,
3863,172,70.793,61,0.62,,
3885,173,5.908,22,0.62,,
3901,174,9.517,16,0.62,,
3926,175,13.802,25,0.63,,
3971,176,26.012,45,0.64,,
3987,177,6.512,16,0.64,,
4003,178,11.734,16,0.64,,
4023,179,17.907,20,0.64,,
4033,180,7.672,10,0.65,,
4042,181,5.757,9,0.65,,
4053,182,7.617,11,0.65,,
4090,183,14.207,37,0.66,,
4144,184,51.067,54,0.66,,
4152,185,4.437,8,0.66,,
4170,186,8.724,18,0.67,,
4183,187,9.787,13,0.67,,
4193,188,7.566,10,0.67,,
4219,189,29.597,26,0.67,,
4240,190,11.193,21,0.68,,
4261,191,8.527,21,0.68,,
4303,192,43.485,42,0.69,,
4324,193,9.405,21,0.69,,
4348,194,11.274,24,0.69,,
4366,195,10.875,18,0.69,,
4395,196,12.729,29,0.7,,
4413,197,18.447,18,0.7,,
4433,198,12.35,20,0.7,,
4449,199,13.064,16,0.71,,
4465,200,12.812,16,0.71,,
4482,201,11.454,17,0.71,,
4497,202,9.532,15,0.71,,
4518,203,13.245,21,0.72,,
4533,204,8.804,15,0.72,,
4564,205,12.143,31,0.72,,
4589,206,4.923,25,0.73,,
4607,207,5.626,18,0.73,,
4620,208,8.179,13,0.73,,
4651,209,14.03,31,0.74,,
4660,210,4.386,9,0.74,,
4673,211,7.026,13,0.74,,
4698,212,16.559,25,0.74,,
4734,213,37.084,36,0.75,,
4749,214,13.624,15,0.75,,
4776,215,14.159,27,0.76,,
4796,216,8.128,20,0.76,,
4811,217,9.575,15,0.76,,
4824,218,11.038,13,0.76,,
4838,219,7.992,14,0.77,,
4848,220,5.21,10,0.77,,
4867,221,8.777,19,0.77,,
4886,222,17.627,19,0.78,,
4901,223,8.436,15,0.78,,
4928,224,16.697,27,0.79,,
4939,225,7.365,11,0.79,,
4993,226,42.367,54,0.81,,
5005,227,8.128,12,0.81,,
5026,228,22.403,21,0.81,,
5039,229,10.073,13,0.82,,
5062,230,20.919,23,0.82,,
5104,231,20.575,42,0.84,,
5129,232,10.113,25,0.84,,
5142,233,8.751,13,0.84,,
5167,234,18.585,25,0.85,,
5204,235,50.6,37,0.86,,
5231,236,16.306,27,0.87,,
5241,237,7.561,10,0.87,,
5268,238,14.582,27,0.87,,
5280,239,8.034,12,0.88,,
5295,240,8.094,15,0.88,,
5331,241,39.733,36,0.89,,
5351,242,10.572,20,0.89,,
5369,243,13.371,18,0.89,,
5388,244,20.565,19,0.9,,
5398,245,6.68,10,0.9,,
5409,246,7.708,11,0.9,,
5425,247,12.11,16,0.91,,
5444,248,12.238,19,0.91,,
5518,249,69.866,74,0.93,,
5529,250,7.582,11,0.93,,
5543,251,13.484,14,0.93,,
5555,252,8.126,12,0.94,,
5581,253,17.43,26,0.94,,
5611,254,10.085,30,0.94,,
5624,255,10.583,13,0.95,,
5642,256,8.467,18,0.95,,
5665,257,16.284,23,0.95,,
5677,258,9.892,12,0.95,,
5691,259,11.755,14,0.95,,
5706,260,9.879,15,0.96,,
5726,261,11.692,20,0.96,,
5739,262,9.723,13,0.96,,
5782,263,41.429,43,0.97,,
5794,264,7.651,12,0.97,,
5812,265,8.592,18,0.97,,
5827,266,6.66,15,0.97,,
5846,267,18.694,19,0.98,,
5870,268,12.901,24,0.98,,
5918,269,35.464,48,0.99,,
5937,270,20.308,19,0.99,,
5953,271,11.691,16,0.99,,
5973,272,11.018,20,0.99,,
5997,273,15.934,24,1.0,,
6007,274,5.749,10,1.0,,
6053,275,52.857,46,1.01,,
6068,276,11.668,15,1.01,,
6089,277,18.129,21,1.01,,
6101,278,8.341,12,1.02,,
6116,279,12.454,15,1.02,,
6131,280,10.243,15,1.02,,
6159,281,7.558,28,1.03,,
6169,282,6.816,10,1.03,,
6221,283,61.633,52,1.04,,
6233,284,7.001,12,1.04,,
6249,285,12.031,16,1.04,,
6270,286,10.123,21,1.04,,
6284,287,10.612,14,1.05,,
6295,288,6.374,11,1.05,,
6312,289,13.368,17,1.05,,
6330,290,8.66,18,1.05,,
6364,291,32.079,34,1.06,,
6392,292,29.401,28,1.06,,
6403,293,5.088,11,1.06,,
6434,294,21.226,31,1.07,,
6443,295,6.959,9,1.07,,
6458,296,13.59,15,1.07,,
6473,297,12.174,15,1.07,,
6492,298,19.147,19,1.08,,
6508,299,14.333,16,1.08,,
6524,300,9.592,16,1.08,,
6539,301,8.081,15,1.08,,
6562,302,21.752,23,1.09,,
6572,303,5.87,10,1.09,,
6598,304,26.162,26,1.09,,
6612,305,9.379,14,1.1,,
6660,306,28.737,48,1.1,,
6677,307,12.336,17,1.11,,
6707,308,8.889,30,1.11,,
6735,309,12.219,28,1.11,,
6746,310,8.186,11,1.12,,
6761,311,10.017,15,1.12,,
6774,312,10.325,13,1.12,,
6798,313,11.513,24,1.13,,
6820,314,21.783,22,1.13,,
6831,315,8.114,11,1.13,,
6844,316,9.67,13,1.13,,
6854,317,6.902,10,1.13,,
6870,318,14.288,16,1.14,,
6883,319,7.357,13,1.14,,
6910,320,20.294,27,1.14,,
6927,321,9.917,17,1.15,,
6955,322,15.024,28,1.16,,
6969,323,12.375,14,1.16,,
7003,324,13.667,34,1.16,,
7013,325,3.905,10,1.17,,
7026,326,9.456,13,1.17,,
7036,327,7.056,10,1.17,,
7062,328,16.55,26,1.17,,
7087,329,27.492,25,1.18,,
7099,330,6.952,12,1.18,,
7124,331,18.351,25,1.19,,
7146,332,16.376,22,1.19,,
7198,333,57.301,52,1.2,,
7211,334,6.914,13,1.2,,
7232,335,12.443,21,1.2,,
7334,336,116.298,102,1.22,,
7348,337,10.421,14,1.22,,
7362,338,9.493,14,1.22,,
7380,339,9.312,18,1.23,,
7399,340,8.813,19,1.23,,
7412,341,10.422,13,1.23,,
7450,342,28.461,38,1.24,,
7493,343,58.936,43,1.24,,
7512,344,9.622,19,1.25,,
7531,345,11.215,19,1.25,,
7546,346,7.311,15,1.25,,
7581,347,25.159,35,1.26,,
7593,348,8.338,12,1.26,,
7606,349,9.946,13,1.26,,
7626,350,20.885,20,1.26,,
7654,351,28.743,28,1.27,,
7692,352,30.556,38,1.27,,
7710,353,8.647,18,1.28,,
7734,354,22.758,24,1.28,,
7760,355,10.341,26,1.28,,
7783,356,9.923,23,1.29,,
7801,357,16.032,18,1.29,,
7814,358,7.268,13,1.29,,
7891,359,103.405,77,1.31,,
7910,360,16.991,19,1.31,,
7932,361,16.342,22,1.31,,
7957,362,24.092,25,1.32,,
7976,363,17.837,19,1.32,,
7994,364,7.494,18,1.32,,
8012,365,7.198,18,1.33,,
8022,366,6.314,10,1.33,,
8047,367,15.604,25,1.33,,
8085,368,25.563,38,1.34,,
8104,369,13.321,19,1.34,,
8141,370,20.375,37,1.35,,
8172,371,27.083,31,1.35,,
8196,372,11.456,24,1.35,,
8213,373,10.535,17,1.36,,
8233,374,18.951,20,1.36,,
8242,375,5.323,9,1.36,,
8274,376,19.544,32,1.37,,
8295,377,9.303,21,1.37,,
8307,378,5.521,12,1.37,,
8335,379,10.702,28,1.37,,
8346,380,6.961,11,1.38,,
8366,381,12.316,20,1.38,,
8383,382,12.954,17,1.38,,
8422,383,33.527,39,1.39,,
8447,384,18.986,25,1.39,,
8512,385,102.219,65,1.4,,
8523,386,7.499,11,1.4,,
8546,387,14.534,23,1.41,,
8573,388,35.629,27,1.41,,
8586,389,8.215,13,1.41,,
8600,390,11.211,14,1.41,,
8611,391,7.352,11,1.42,,
8626,392,8.99,15,1.42,,
8638,393,9.708,12,1.42,,
8661,394,8.838,23,1.42,,
8687,395,19.71,26,1.43,,
8720,396,6.683,33,1.43,,
8731,397,6.764,11,1.43,,
8743,398,8.507,12,1.43,,
8766,399,21.579,23,1.44,,
8776,400,4.495,10,1.44,,
8801,401,21.205,25,1.44,,
8812,402,5.412,11,1.45,,
8847,403,38.589,35,1.45,,
8862,404,6.922,15,1.45,,
8890,405,16.367,28,1.46,,
8901,406,5.81,11,1.46,,
8918,407,15.758,17,1.46,,
8930,408,5.365,12,1.46,,
8947,409,14.406,17,1.47,,
8977,410,34.505,30,1.47,,
9004,411,15.727,27,1.48,,
9043,412,20.688,39,1.48,,
9058,413,10.422,15,1.48,,
9098,414,19.783,40,1.49,,
9114,415,7.524,16,1.49,,
9123,416,4.927,9,1.49,,
9154,417,16.802,31,1.5,,
9195,418,52.556,41,1.51,,
9214,419,8.476,19,1.51,,
9234,420,20.305,20,1.51,,
9246,421,8.738,12,1.52,,
9265,422,18.196,19,1.52,,
9293,423,19.033,28,1.52,,
9308,424,11.459,15,1.53,,
9330,425,10.273,22,1.53,,
9360,426,29.571,30,1.53,,
9391,427,9.908,31,1.54,,
9403,428,8.864,12,1.54,,
9435,429,22.537,32,1.54,,
9446,430,5.844,11,1.55,,
9463,431,14.734,17,1.55,,
9473,432,6.819,10,1.55,,
9523,433,38.345,50,1.56,,
9536,434,8.39,13,1.56,,
9569,435,43.426,33,1.56,,
9580,436,6.557,11,1.57,,
9592,437,9.34,12,1.57,,
9622,438,28.837,30,1.57,,
9639,439,15.41,17,1.57,,
9687,440,19.266,48,1.58,,
9714,441,15.325,27,1.59,,
9726,442,7.372,12,1.59,,
9737,443,3.805,11,1.59,,
9755,444,10.485,18,1.59,,
9767,445,10.128,12,1.59,,
9779,446,8.308,12,1.59,,
9831,447,87.877,52,1.6,,
9849,448,12.639,18,1.61,,
9865,449,12.035,16,1.61,,
9880,450,9.476,15,1.61,,
9907,451,23.905,27,1.61,,
9920,452,9.126,13,1.62,,
9993,453,132.086,73,1.63,,
10008,454,12.566,15,2.38,,
10023,455,8.588,15,2.38,,
10043,456,10.382,20,2.39,,
10064,457,10.654,21,2.4,,
10135,458,101.242,71,2.41,,
10147,459,9.836,12,2.42,,
10171,460,15.974,24,2.42,,
10226,461,79.888,55,2.43,,
10250,462,12.159,24,2.43,,
10272,463,13.753,22,2.44,,
10380,464,200.139,108,2.45,,
10414,465,5.072,34,2.46,,
10425,466,6.776,11,2.46,,
10438,467,9.557,13,2.46,,
10462,468,26.825,24,2.46,,
10489,469,16.542,27,2.47,,
10507,470,7.588,18,2.47,,
10524,471,14.77,17,2.47,,
10541,472,10.33,17,2.48,,
10555,473,11.075,14,2.48,,
10565,474,6.796,10,2.48,,
10581,475,6.886,16,2.48,,
10613,476,15.603,32,2.49,,
10639,477,14.144,26,2.49,,
10655,478,12.557,16,2.49,,
10674,479,15.784,19,2.5,,
10685,480,7.428,11,2.5,,
10718,481,19.867,33,2.5,,
10770,482,28.018,52,2.51,,
10795,483,12.433,25,2.52,,
10815,484,11.269,20,2.52,,
10828,485,9.747,13,2.52,,
10848,486,15.086,20,2.53,,
10861,487,7.524,13,2.53,,
10876,488,6.953,15,2.53,,
10890,489,12.685,14,2.53,,
10941,490,68.855,51,2.54,,
10951,491,6.506,10,2.54,,
10999,492,32.839,48,2.55,,
11022,493,19.657,23,2.55,,
11041,494,20.584,19,2.55,,
11063,495,12.477,22,2.56,,
11083,496,9.169,20,2.56,,
11099,497,14.539,16,2.56,,
11114,498,13.756,15,2.57,,
11137,499,12.15,23,2.57,,
11187,500,36.321,50,2.58,,
11199,501,7.673,12,2.58,,
11222,502,23.599,23,2.58,,
11246,503,17.392,24,2.59,,
11296,504,64.456,50,2.6,,
11309,505,10.387,13,2.6,,
11326,506,10.288,17,2.6,,
11366,507,17.559,40,2.61,,
11402,508,36.76,36,2.61,,
11429,509,19.444,27,2.62,,
11473,510,47.222,44,2.62,,
11496,511,16.777,23,2.63,,
11518,512,19.302,22,2.63,,
11531,513,10.866,13,2.63,,
11552,514,15.66,21,2.64,,
11592,515,42.638,40,2.64,,
11625,516,34.908,33,2.65,,
11645,517,11.349,20,2.65,,
11657,518,7.947,12,2.65,,
11674,519,10.023,17,2.66,,
11690,520,14.209,16,2.66,,
11709,521,17.523,19,2.66,,
11722,522,9.771,13,2.66,,
11743,523,20.774,21,2.67,,
11754,524,8.3,11,2.67,,
11769,525,11.087,15,2.67,,
11793,526,11.292,24,2.67,,
11826,527,46.751,33,2.68,,
11838,528,5.459,12,2.68,,
11860,529,14.431,22,2.68,,
11884,530,20.603,24,2.69,,
11896,531,8.265,12,2.69,,
11907,532,6.457,11,2.69,,
11918,533,8.818,11,2.69,,
11931,534,8.018,13,2.69,,
11951,535,14.441,20,2.7,,
11965,536,9.821,14,2.7,,
11979,537,8.964,14,2.7,,
11996,538,14.478,17,2.7,,
12013,539,15.862,17,2.71,,
12028,540,10.298,15,2.71,,
12055,541,23.031,27,2.71,,
12074,542,11.31,19,2.72,,
12097,543,18.335,23,2.72,,
12133,544,33.224,36,2.72,,
12158,545,11.967,25,2.73,,
12173,546,12.596,15,2.73,,
12197,547,8.882,24,2.73,,
12222,548,10.588,25,2.74,,
12235,549,10.201,13,2.74,,
12265,550,37.881,30,2.74,,
12278,551,10.215,13,2.75,,
12290,552,8.21,12,2.75,,
12329,553,21.702,39,2.75,,
12341,554,6.132,12,2.76,,
12355,555,8.282,14,2.76,,
12367,556,6.629,12,2.76,,
12387,557,12.871,20,2.76,,
12406,558,9.348,19,2.77,,
12434,559,12.924,28,2.77,,
12471,560,31.626,37,2.78,,
12498,561,23.818,27,2.78,,
12527,562,25.598,29,2.78,,
12542,563,11.29,15,2.79,,
12552,564,5.327,10,2.79,,
12563,565,6.739,11,2.79,,
12580,566,16.487,17,2.79,,
12593,567,9.132,13,2.79,,
12627,568,30.316,34,2.8,,
12641,569,12.57,14,2.8,,
12655,570,8.074,14,2.8,,
12672,571,9.728,17,2.81,,
12683,572,7.98,11,2.81,,
12715,573,17.275,32,2.81,,
12779,574,88.386,64,2.82,,
12801,575,9.004,22,2.83,,
12828,576,9.21,27,2.83,,
12855,577,7.545,27,2.83,,
12886,578,24.098,31,2.84,,
12899,579,7.981,13,2.84,,
12936,580,28.779,37,2.85,,
12957,581,16.167,21,2.85,,
12980,582,26.056,23,2.85,,
12993,583,9.913,13,2.86,,
13024,584,14.754,31,2.86,,
13054,585,29.124,30,2.86,,
13067,586,6.785,13,2.87,,
13078,587,6.636,11,2.87,,
13105,588,33.894,27,2.87,,
13120,589,10.085,15,2.87,,
13150,590,18.109,30,2.88,,
13176,591,28.412,26,2.88,,
13186,592,7.708,10,2.88,,
13207,593,5.428,21,2.89,,
13220,594,6.94,13,2.89,,
13229,595,4.648,9,2.89,,
13243,596,8.927,14,2.89,,
13265,597,19.533,22,2.9,,
13282,598,10.464,17,2.9,,
13293,599,7.195,11,2.9,,
13306,600,8.186,13,2.9,,
13314,601,5.161,8,2.9,,
13348,602,15.799,34,2.91,,
13362,603,5.484,14,2.91,,
13379,604,13.73,17,2.91,,
13399,605,13.455,20,2.92,,
13423,606,19.068,24,2.92,,
13438,607,9.873,15,2.92,,
13454,608,14.778,16,2.93,,
13472,609,12.678,18,2.93,,
13486,610,6.162,14,2.93,,
13519,611,26.911,33,2.94,,
13536,612,11.593,17,2.94,,
13558,613,17.461,22,2.94,,
13576,614,15.508,18,2.94,,
13607,615,26.195,31,2.95,,
13621,616,9.382,14,2.95,,
13642,617,10.494,21,2.95,,
13654,618,8.505,12,2.96,,
13670,619,12.928,16,2.96,,
13694,620,19.793,24,2.96,,
13766,621,119.977,72,2.97,,
13786,622,18.554,20,2.97,,
13806,623,13.324,20,2.98,,
13827,624,19.856,21,2.98,,
13845,625,13.977,18,2.98,,
13863,626,18.164,18,2.99,,
13887,627,17.197,24,2.99,,
13902,628,9.682,15,2.99,,
13918,629,13.395,16,2.99,,
13933,630,7.536,15,3.0,,
13953,631,17.289,20,3.0,,
13966,632,7.011,13,3.0,,
14003,633,21.843,37,3.01,,
14020,634,10.991,17,3.01,,
14032,635,8.975,12,3.01,,
14044,636,10.003,12,3.01,,
14058,637,12.6,14,3.02,,
14089,638,8.515,31,3.02,,
14104,639,13.057,15,3.02,,
14122,640,10.093,18,3.03,,
14148,641,20.237,26,3.03,,
14163,642,11.586,15,3.03,,
14183,643,12.153,20,3.04,,
14209,644,13.443,26,3.04,,
14219,645,7.63,10,3.04,,
14237,646,10.593,18,3.04,,
14252,647,11.484,15,3.05,,
14282,648,23.019,30,3.05,,
14300,649,8.486,18,3.05,,
14311,650,7.843,11,3.05,,
14332,651,18.463,21,3.06,,
14350,652,15.762,18,3.06,,
14365,653,12.09,15,3.06,,
14379,654,8.609,14,3.06,,
14402,655,19.698,23,3.07,,
14423,656,14.036,21,3.07,,
14464,657,21.745,41,3.08,,
14479,658,9.757,15,3.08,,
14496,659,10.089,17,3.08,,
14537,660,50.678,41,3.09,,
14559,661,16.509,22,3.09,,
14573,662,11.307,14,3.09,,
14593,663,5.694,20,3.1,,
14611,664,8.266,18,3.1,,
14648,665,25.051,37,3.11,,
14662,666,9.933,14,3.11,,
14679,667,9.179,17,3.11,,
14690,668,8.394,11,3.11,,
14715,669,25.785,25,3.12,,
14730,670,12.486,15,3.12,,
14745,671,7.23,15,3.12,,
14754,672,5.616,9,3.12,,
14773,673,9.478,19,3.12,,
14792,674,17.122,19,3.13,,
14811,675,14.586,19,3.13,,
14827,676,14.034,16,3.13,,
14852,677,11.279,25,3.14,,
14863,678,9.019,11,3.14,,
14886,679,12.634,23,3.14,,
14923,680,22.198,37,3.15,,
14946,681,15.231,23,3.15,,
14994,682,63.501,48,3.16,,
15010,683,13.731,16,3.16,,
15035,684,27.503,25,3.16,,
15061,685,11.44,26,3.17,,
15083,686,9.816,22,3.17,,
15100,687,9.074,17,3.17,,
15117,688,9.762,17,3.18,,
15127,689,6.618,10,3.18,,
15154,690,12.886,27,3.18,,
15175,691,17.91,21,3.19,,
15188,692,7.685,13,3.19,,
15210,693,11.113,22,3.19,,
15238,694,23.204,28,3.19,,
15257,695,8.105,19,3.2,,
15271,696,9.18,14,3.2,,
15286,697,10.72,15,3.2,,
15302,698,10.665,16,3.2,,
15321,699,11.093,19,3.21,,
15335,700,10.079,14,3.21,,
15355,701,16.537,20,3.21,,
15390,702,5.486,35,3.22,,
15407,703,8.17,17,3.22,,
15444,704,26.307,37,3.23,,
15468,705,17.139,24,3.23,,
15485,706,10.279,17,3.23,,
15498,707,8.584,13,3.23,,
15514,708,9.338,16,3.24,,
15523,709,5.699,9,3.24,,
15542,710,16.897,19,3.24,,
15557,711,12.398,15,3.24,,
15571,712,10.5,14,3.25,,
15585,713,11.322,14,3.25,,
15596,714,5.84,11,3.25,,
15621,715,14.245,25,3.25,,
15642,716,17.032,21,3.26,,
15670,717,26.176,28,3.26,,
15701,718,25.197,31,3.27,,
15723,719,17.559,22,3.27,,
15743,720,19.857,20,3.27,,
15762,721,10.361,19,3.28,,
15779,722,8.874,17,3.28,,
15797,723,14.9,18,3.28,,
15824,724,28.416,27,3.28,,
15834,725,7.38,10,3.29,,
15858,726,10.477,24,3.29,,
15900,727,42.502,42,3.3,,
15914,728,10.503,14,3.3,,
15926,729,7.789,12,3.3,,
15952,730,27.946,26,3.3,,
15970,731,10.607,18,3.31,,
15984,732,12.256,14,3.31,,
16000,733,8.76,16,3.31,,
16028,734,12.6,28,3.32,,
16040,735,6.848,12,3.32,,
16058,736,16.306,18,3.32,,
16085,737,20.721,27,3.32,,
16097,738,7.412,12,3.33,,
16119,739,10.502,22,3.33,,
16155,740,18.199,36,3.33,,
16171,741,11.609,16,3.34,,
16187,742,5.629,16,3.34,,
16202,743,10.434,15,3.34,,
16219,744,12.077,17,3.34,,
16231,745,8.392,12,3.35,,
16255,746,18.472,24,3.35,,
16267,747,8.441,12,3.35,,
16312,748,64.496,45,3.36,,
16344,749,8.797,32,3.36,,
16371,750,16.758,27,3.37,,
16383,751,7.461,12,3.37,,
16401,752,7.803,18,3.37,,
16415,753,9.728,14,3.37,,
16475,754,61.932,60,3.38,,
16502,755,26.559,27,3.39,,
16516,756,10.689,14,3.39,,
16536,757,10.052,20,3.39,,
16546,758,6.737,10,3.39,,
16582,759,31.396,36,3.4,,
16596,760,7.563,14,3.4,,
16613,761,16.943,17,3.4,,
16639,762,19.596,26,3.41,,
16659,763,11.657,20,3.41,,
16676,764,14.991,17,3.41,,
16694,765,16.35,18,3.42,,
16711,766,12.247,17,3.42,,
16720,767,5.575,9,3.42,,
16742,768,14.39,22,3.42,,
16777,769,27.334,35,3.43,,
16808,770,29.656,31,3.43,,
16824,771,17.698,16,3.44,,
16838,772,10.296,14,3.44,,
16872,773,29.432,34,3.44,,
16887,774,9.445,15,3.45,,
16913,775,15.487,26,3.45,,
16950,776,43.743,37,3.46,,
16998,777,40.829,48,3.46,,
17010,778,6.595,12,3.46,,
17025,779,7.352,15,3.47,,
17035,780,5.488,10,3.47,,
17060,781,29.715,25,3.47,,
17072,782,10.123,12,3.47,,
17099,783,15.938,27,3.48,,
17183,784,100.222,84,3.49,,
17204,785,8.404,21,3.49,,
17230,786,30.377,26,3.5,,
17249,787,14.317,19,3.5,,
17288,788,64.218,39,3.51,,
17361,789,97.913,73,3.52,,
17389,790,18.155,28,3.52,,
17440,791,82.554,51,3.53,,
17452,792,8.992,12,3.53,,
17466,793,9.068,14,3.53,,
17499,794,32.183,33,3.54,,
17509,795,7.518,10,3.54,,
17534,796,5.102,25,3.54,,
17565,797,10.597,31,3.55,,
17576,798,6.078,11,3.55,,
17591,799,14.151,15,3.55,,
17615,800,20.985,24,3.55,,
17633,801,16.556,18,3.56,,
17657,802,22.885,24,3.56,,
17672,803,7.355,15,3.56,,
17685,804,8.383,13,3.57,,
17710,805,9.88,25,3.57,,
17727,806,9.809,17,3.57,,
17763,807,28.695,36,3.58,,
17781,808,15.399,18,3.58,,
17803,809,20.984,22,3.58,,
17823,810,10.526,20,3.59,,
17835,811,8.339,12,3.59,,
17845,812,5.99,10,3.59,,
17884,813,14.469,39,3.6,,
17934,814,53.999,50,3.6,,
17984,815,67.435,50,3.61,,
18024,816,42.638,40,3.62,,
18035,817,7.377,11,3.62,,
18048,818,10.162,13,3.62,,
18075,819,11.941,27,3.63,,
18107,820,32.242,32,3.63,,
18138,821,34.713,31,3.64,,
18155,822,18.055,17,3.64,,
18181,823,6.61,26,3.64,,
18201,824,14.792,20,3.65,,
18216,825,8.75,15,3.65,,
18237,826,18.575,21,3.65,,
18264,827,15.82,27,3.66,,
18334,828,123.893,70,3.67,,
18353,829,10.414,19,3.67,,
18364,830,7.912,11,3.67,,
18394,831,18.523,30,3.68,,
18407,832,8.494,13,3.68,,
18422,833,11.451,15,3.68,,
18446,834,23.265,24,3.68,,
18468,835,11.037,22,3.69,,
18485,836,13.169,17,3.69,,
18493,837,4.27,8,3.69,,
18505,838,7.544,12,3.69,,
18525,839,12.62,20,3.7,,
18549,840,21.13,24,3.7,,
18560,841,4.764,11,3.7,,
18574,842,9.555,14,3.7,,
18600,843,21.711,26,3.71,,
18615,844,10.457,15,3.71,,
18642,845,23.14,27,3.71,,
18653,846,7.896,11,3.72,,
18677,847,13.64,24,3.72,,
18691,848,8.417,14,3.72,,
18719,849,31.121,28,3.73,,
18740,850,14.251,21,3.73,,
18767,851,9.602,27,3.73,,
18840,852,70.093,73,3.75,,
18869,853,24.541,29,3.75,,
18884,854,9.879,15,3.75,,
18899,855,10.998,15,3.75,,
18929,856,17.338,30,3.76,,
18942,857,9.521,13,3.76,,
18957,858,10.302,15,3.76,,
18970,859,10.791,13,3.76,,
18984,860,10.84,14,3.77,,
19013,861,27.31,29,3.77,,
19032,862,12.817,19,3.77,,
19044,863,7.67,12,3.77,,
19057,864,10.281,13,3.78,,
19085,865,26.111,28,3.78,,
19102,866,5.06,17,3.78,,
19128,867,27.002,26,3.79,,
19145,868,15.501,17,3.79,,
19166,869,11.362,21,3.79,,
19187,870,5.294,21,3.8,,
19232,871,24.717,45,3.8,,
19254,872,23.812,22,3.81,,
19272,873,11.758,18,3.81,,
19331,874,50.659,59,3.82,,
19347,875,9.77,16,3.82,,
19364,876,14.955,17,3.82,,
19395,877,26.057,31,3.83,,
19421,878,17.585,26,3.83,,
19437,879,7.49,16,3.84,,
19461,880,9.005,24,3.84,,
19484,881,11.834,23,3.84,,
19495,882,7.127,11,3.84,,
19522,883,29.597,27,3.85,,
19559,884,24.346,37,3.85,,
19580,885,14.961,21,3.86,,
19614,886,11.254,34,3.86,,
19657,887,17.963,43,3.87,,
19683,888,11.651,26,3.87,,
19710,889,18.384,27,3.88,,
19734,890,28.261,24,3.88,,
19750,891,7.453,16,3.88,,
19774,892,16.868,24,3.89,,
19789,893,7.065,15,3.89,,
19821,894,43.833,32,3.89,,
19838,895,10.277,17,3.9,,
19881,896,46.5,43,3.9,,
19892,897,6.266,11,3.9,,
19998,898,182.94,106,3.92,,
20015,899,13.333,17,4.18,,
20039,900,23.457,24,4.19,,
20053,901,6.809,14,4.19,,
20089,902,15.277,36,4.2,,
20106,903,15.06,17,4.2,,
20119,904,10.99,13,4.2,,
20144,905,18.448,25,4.21,,
20157,906,7.263,13,4.21,,
20190,907,13.835,33,4.21,,
20224,908,21.205,34,4.22,,
20243,909,11.54,19,4.22,,
20258,910,14.271,15,4.22,,
20275,911,7.211,17,4.23,,
20296,912,22.089,21,4.23,,
20312,913,7.906,16,4.23,,
20345,914,27.959,33,4.24,,
20358,915,11.06,13,4.24,,
20379,916,16.832,21,4.24,,
20403,917,18.778,24,4.25,,
20426,918,14.806,23,4.25,,
20447,919,12.532,21,4.25,,
20459,920,6.988,12,4.26,,
20471,921,8.94,12,4.26,,
20497,922,17.919,26,4.26,,
20513,923,10.752,16,4.26,,
20527,924,9.249,14,4.27,,
20545,925,10.078,18,4.27,,
20563,926,6.36,18,4.27,,
20587,927,27.168,24,4.27,,
20659,928,147.041,72,4.28,,
20682,929,14.097,23,4.29,,
20723,930,53.926,41,4.29,,
20742,931,8.556,19,4.3,,
20769,932,18.831,27,4.3,,
20793,933,13.599,24,4.31,,
20811,934,16.667,18,4.31,,
20820,935,5.924,9,4.31,,
20837,936,12.461,17,4.31,,
20849,937,8.519,12,4.31,,
20860,938,6.661,11,4.32,,
20870,939,6.164,10,4.32,,
20882,940,7.875,12,4.32,,
20902,941,18.202,20,4.32,,
20964,942,87.658,62,4.33,,
21002,943,19.767,38,4.34,,
21021,944,8.551,19,4.35,,
21033,945,7.887,12,4.35,,
21055,946,15.802,22,4.35,,
21073,947,16.263,18,4.36,,
21088,948,12.004,15,4.36,,
21107,949,13.458,19,4.36,,
21138,950,21.468,31,4.37,,
21150,951,6.191,12,4.37,,
21163,952,7.715,13,4.37,,
21183,953,14.351,20,4.37,,
21211,954,23.135,28,4.38,,
21238,955,28.105,27,4.38,,
21268,956,39.199,30,4.39,,
21288,957,20.419,20,4.39,,
21310,958,12.878,22,4.39,,
21324,959,10.133,14,4.39,,
21343,960,10.626,19,4.4,,
21366,961,10.57,23,4.4,,
21380,962,10.393,14,4.4,,
21400,963,6.336,20,4.41,,
21445,964,17.566,45,4.41,,
21470,965,13.03,25,4.42,,
21479,966,5.723,9,4.42,,
21495,967,8.897,16,4.42,,
21519,968,8.008,24,4.42,,
21537,969,10.797,18,4.43,,
21559,970,19.704,22,4.43,,
21572,971,7.859,13,4.43,,
21600,972,23.899,28,4.44,,
21617,973,7.139,17,4.44,,
21643,974,19.409,26,4.44,,
21703,975,55.931,60,4.45,,
21722,976,13.153,19,4.45,,
21734,977,6.37,12,4.46,,
21818,978,83.455,84,4.47,,
21836,979,14.477,18,4.47,,
21853,980,9.314,17,4.47,,
21865,981,7.785,12,4.48,,
21881,982,12.331,16,4.48,,
21890,983,6.334,9,4.48,,
21906,984,13.055,16,4.48,,
21925,985,11.692,19,4.48,,
21943,986,6.366,18,4.49,,
21973,987,22.861,30,4.49,,
21984,988,6.808,11,4.49,,
22003,989,10.429,19,4.5,,
22020,990,10.075,17,4.5,,
22038,991,10.766,18,4.5,,
22054,992,14.622,16,4.5,,
22070,993,11.994,16,4.51,,
22087,994,15.622,17,4.51,,
22115,995,24.525,28,4.52,,
22135,996,13.179,20,4.53,,
22146,997,6.092,11,4.53,,
22156,998,6.666,10,4.53,,
22172,999,7.317,16,4.53,,
22195,1000,19.163,23,4.53,,
22223,1001,16.867,28,4.54,,
22234,1002,6.232,11,4.54,,
22255,1003,9.581,21,4.54,,
22271,1004,15.358,16,4.55,,
22284,1005,6.676,13,4.55,,
22298,1006,7.61,14,4.55,,
22314,1007,13.488,16,4.55,,
22326,1008,8.391,12,4.55,,
22347,1009,16.295,21,4.56,,
22358,1010,3.553,11,4.56,,
22384,1011,24.351,26,4.56,,
22411,1012,17.312,27,4.57,,
22432,1013,10.389,21,4.57,,
22448,1014,14.91,16,4.57,,
22466,1015,8.777,18,4.57,,
22486,1016,5.746,20,4.58,,
22537,1017,72.277,51,4.59,,
22556,1018,11.573,19,4.59,,
22593,1019,36.826,37,4.59,,
22630,1020,32.645,37,4.6,,
22643,1021,7.132,13,4.6,,
22656,1022,4.167,13,4.6,,
22669,1023,8.215,13,4.61,,
22696,1024,28.193,27,4.61,,
22710,1025,9.793,14,4.61,,
22721,1026,8.865,11,4.61,,
22735,1027,12.98,14,4.62,,
22747,1028,8.668,12,4.62,,
22763,1029,14.712,16,4.62,,
22810,1030,49.701,47,4.63,,
22831,1031,18.47,21,4.63,,
22884,1032,43.361,53,4.64,,
22901,1033,10.055,17,4.64,,
22929,1034,24.296,28,4.65,,
22961,1035,18.647,32,4.65,,
22978,1036,15.495,17,4.65,,
23022,1037,65.868,44,4.66,,
23041,1038,19.31,19,4.66,,
23058,1039,11.487,17,4.66,,
23077,1040,15.009,19,4.67,,
23090,1041,8.849,13,4.67,,
23107,1042,9.523,17,4.67,,
23134,1043,29.205,27,4.68,,
23151,1044,16.203,17,4.68,,
23167,1045,11.907,16,4.68,,
23178,1046,7.664,11,4.68,,
23194,1047,12.974,16,4.69,,
23210,1048,10.486,16,4.69,,
23232,1049,17.541,22,4.69,,
23247,1050,11.764,15,4.69,,
23262,1051,10.827,15,4.7,,
23280,1052,15.906,18,4.7,,
23295,1053,12.945,15,4.7,,
23313,1054,10.646,18,4.7,,
23322,1055,5.776,9,4.71,,
23369,1056,54.497,47,4.71,,
23399,1057,32.698,30,4.72,,
23410,1058,7.864,11,4.72,,
23422,1059,6.175,12,4.72,,
23440,1060,15.908,18,4.72,,
23455,1061,4.918,15,4.73,,
23478,1062,20.624,23,4.73,,
23516,1063,17.768,38,4.74,,
23525,1064,5.803,9,4.74,,
23551,1065,17.035,26,4.74,,
23563,1066,8.009,12,4.74,,
23577,1067,8.401,14,4.75,,
23600,1068,11.822,23,4.75,,
23633,1069,26.719,33,4.75,,
23646,1070,8.645,13,4.76,,
23676,1071,30.082,30,4.76,,
23693,1072,10.056,17,4.76,,
23710,1073,12.063,17,4.77,,
23722,1074,7.112,12,4.77,,
23737,1075,12.352,15,4.77,,
23751,1076,10.42,14,4.77,,
23762,1077,6.337,11,4.77,,
23781,1078,16.706,19,4.78,,
23808,1079,35.101,27,4.78,,
23825,1080,10.156,17,4.78,,
23845,1081,13.451,20,4.79,,
23882,1082,14.863,37,4.79,,
23897,1083,12.394,15,4.79,,
23939,1084,28.262,42,4.8,,
23963,1085,12.177,24,4.8,,
23977,1086,8.838,14,4.81,,
24011,1087,24.486,34,4.81,,
24028,1088,13.751,17,4.81,,
24044,1089,11.445,16,4.82,,
24059,1090,13.34,15,4.82,,
24079,1091,10.46,20,4.82,,
24100,1092,14.86,21,4.82,,
24154,1093,43.414,54,4.83,,
24168,1094,9.238,14,4.83,,
24185,1095,10.708,17,4.84,,
24213,1096,17.199,28,4.84,,
24230,1097,6.539,17,4.84,,
24252,1098,18.261,22,4.85,,
24278,1099,29.998,26,4.85,,
24292,1100,8.774,14,4.85,,
24308,1101,10.404,16,4.86,,
24348,1102,46.315,40,4.86,,
24369,1103,19.916,21,4.86,,
24394,1104,20.679,25,4.87,,
24413,1105,21.301,19,4.87,,
24450,1106,40.124,37,4.88,,
24483,1107,10.1,33,4.88,,
24491,1108,4.889,8,4.88,,
24539,1109,62.838,48,4.89,,
24577,1110,33.824,38,4.9,,
24605,1111,13.033,28,4.9,,
24614,1112,5.954,9,4.9,,
24632,1113,16.791,18,4.9,,
24654,1114,17.941,22,4.91,,
24669,1115,9.995,15,4.91,,
24690,1116,12.946,21,4.91,,
24725,1117,24.499,35,4.92,,
24742,1118,14.227,17,4.92,,
24766,1119,17.299,24,4.92,,
24783,1120,11.187,17,4.93,,
24799,1121,12.024,16,4.93,,
24840,1122,49.091,41,4.93,,
24853,1123,10.0,13,4.94,,
24868,1124,11.46,15,4.94,,
24886,1125,8.721,18,4.94,,
24907,1126,9.081,21,4.94,,
24927,1127,12.312,20,4.95,,
24940,1128,9.445,13,4.95,,
24949,1129,5.526,9,4.95,,
24971,1130,13.867,22,4.95,,
24997,1131,10.301,26,4.96,,
25020,1132,6.997,23,5.44,0.778395,-0.586703
25037,1133,0.609,17,5.57,0.353251,-0.737303
25049,1134,0.319,12,5.65,0.271065,-0.809954
25060,1135,-0.956,11,5.73,0.183121,-0.824609
25070,1136,0.201,10,5.8,0.129202,-0.844275
25080,1137,-0.393,10,5.87,0.114955,-0.843729
25090,1138,-0.631,10,5.93,0.103485,-0.855653
25100,1139,-0.716,10,6.0,0.092836,-0.851
25110,1140,-0.586,10,6.07,0.079807,-0.865891
25120,1141,-0.908,10,6.14,0.078825,-0.893037
25130,1142,-0.58,10,6.21,0.076782,-0.901225
25143,1143,-0.112,13,6.31,0.084006,-0.922909
25161,1144,-2.24,18,6.44,0.081749,-0.959619
25179,1145,-2.58,18,6.58,0.094165,-1.045328
25197,1146,-2.125,18,6.7,0.080431,-1.126892
25215,1147,-1.773,18,6.84,0.084599,-1.151033
25233,1148,-1.905,18,6.97,0.09117,-1.189585
25253,1149,-0.084,20,7.1,0.08267,-1.200657
25276,1150,38.855,23,7.25,0.08616,-1.326391
25298,1151,37.633,22,7.4,0.085856,-1.363773
25319,1152,36.101,21,7.56,0.083932,-1.397314
25341,1153,37.515,22,7.71,0.100425,-1.435003
25364,1154,39.317,23,7.86,0.095664,-1.525793
25386,1155,37.578,22,8.01,0.106378,-1.514618
25408,1156,38.084,22,8.15,0.107986,-1.590824
25429,1157,36.155,21,8.29,0.109945,-1.66138
25451,1158,37.898,22,8.43,0.114915,-1.723581
25472,1159,36.171,21,8.58,0.119389,-1.754151
25494,1160,37.282,22,8.72,0.127769,-1.771868
25517,1161,39.227,23,8.87,0.139929,-1.878279
25540,1162,39.219,23,9.02,0.129465,-1.912304
25563,1163,39.371,23,9.17,0.144236,-2.020643
25584,1164,36.149,21,9.3,0.158981,-2.000096
25606,1165,37.468,22,9.45,0.156518,-2.08263
25629,1166,39.441,23,9.6,0.192796,-2.120383
25651,1167,37.833,22,9.74,0.183841,-2.200844
25673,1168,37.933,22,9.89,0.185004,-2.26153
25696,1169,39.588,23,10.02,0.181855,-2.308745
25719,1170,39.506,23,10.16,0.2129,-2.37065
25742,1171,39.269,23,10.3,0.204626,-2.434329
25764,1172,37.767,22,10.44,0.229848,-2.448008
25785,1173,36.345,21,10.57,0.211589,-2.502873
25806,1174,36.234,21,10.7,0.261666,-2.540114
25829,1175,38.998,23,10.84,0.243109,-2.639562
25852,1176,39.515,23,10.98,0.234924,-2.641555
25875,1177,39.461,23,11.12,0.2514,-2.77991
25897,1178,37.485,22,11.27,0.302703,-2.82263
25919,1179,37.819,22,11.41,0.260032,-2.889959
25941,1180,37.797,22,11.54,0.267831,-2.943643
25963,1181,37.779,22,11.67,0.311737,-2.978482
25985,1182,37.405,22,11.81,0.304995,-2.972316
26007,1183,37.586,22,11.94,0.328945,-3.092095
26030,1184,39.306,23,12.07,0.323562,-3.083698
26068,1185,67.852,38,12.31,0.345582,-3.267479
26151,1186,168.69,83,12.8,0.3548,-3.448785
26173,1187,33.946,22,12.94,0.410849,-3.57961
26246,1188,134.018,73,13.38,0.402777,-3.721508
26330,1189,169.648,84,13.92,0.47932,-3.92098
26415,1190,168.534,85,14.47,0.505276,-4.208827
26501,1191,172.458,86,15.04,0.555771,-4.440921
26586,1192,174.255,85,15.61,0.66934,-4.666164
26671,1193,173.689,85,16.2,0.693558,-4.957436
26757,1194,174.989,86,16.84,0.776489,-5.240606
26842,1195,174.425,85,17.53,0.773388,-5.52641
26927,1196,177.759,85,18.15,0.880261,-5.779602
27010,1197,165.942,83,18.73,0.965837,-6.108875
27086,1198,145.197,76,19.19,0.978094,-6.35687
27172,1199,175.818,86,19.7,1.129338,-6.597306
27258,1200,172.112,86,20.2,0.963092,-6.958412
27343,1201,172.724,85,20.72,1.20403,-7.166091
27429,1202,170.278,86,21.24,1.367835,-7.482254
27516,1203,172.756,87,21.78,1.341839,-7.736538
27602,1204,167.317,86,22.29,1.467254,-8.07675
27688,1205,169.372,86,22.83,1.459064,-8.38497
27773,1206,171.476,85,23.4,1.586205,-8.746688
27860,1207,168.298,87,23.99,1.715273,-8.972071
27947,1208,172.312,87,24.6,1.901328,-9.343224
28034,1209,169.157,87,25.2,1.809455,-9.599976
28120,1210,169.402,86,25.79,2.118571,-9.998867
28206,1211,172.152,86,26.4,1.922579,-10.326377
28293,1212,169.514,87,27.01,2.10222,-10.673407
28380,1213,170.95,87,27.63,2.094628,-10.903894
28466,1214,169.738,86,28.18,2.268287,-11.289843
28552,1215,168.529,86,28.72,2.293556,-11.603383
28639,1216,168.042,87,29.29,2.417528,-11.914155
28726,1217,169.149,87,29.84,2.418339,-12.337448
28811,1218,164.298,85,30.39,2.564159,-12.695379
28898,1219,168.411,87,30.93,2.822196,-13.033623
28985,1220,170.651,87,31.47,2.556068,-13.37053
29072,1221,169.419,87,32.02,2.789897,-13.808681
29160,1222,171.041,88,32.61,2.650416,-14.207216
29247,1223,168.473,87,33.22,3.073473,-14.57563
29333,1224,166.678,86,33.8,3.219145,-14.966422
29419,1225,168.607,86,34.39,3.267004,-15.261194
29505,1226,169.268,86,34.99,3.19386,-15.628664
29591,1227,167.531,86,35.61,3.304373,-16.070135
29678,1228,170.348,87,36.21,3.119521,-16.50076
29765,1229,170.028,87,36.81,3.366351,-16.83225
29852,1230,170.231,87,37.34,3.517097,-17.304051
29939,1231,168.062,87,37.88,3.35723,-17.637788
30026,1232,169.933,87,38.95,3.797313,-18.007209
30112,1233,169.757,86,39.46,3.952532,-18.474053
30198,1234,168.721,86,39.99,4.046698,-18.846823
30285,1235,169.807,87,40.52,4.285129,-19.262771
30371,1236,166.062,86,41.05,4.211836,-19.679029
30455,1237,162.841,84,41.64,4.42085,-20.151157
30540,1238,167.949,85,42.25,4.133891,-20.502818
30626,1239,166.183,86,42.88,4.479665,-20.736098
30713,1240,168.914,87,43.49,4.930845,-21.221921
30796,1241,160.823,83,44.06,4.837537,-21.639097
30883,1242,167.455,87,44.69,4.701467,-22.097775
30969,1243,165.754,86,45.3,5.38342,-22.421695
31053,1244,162.063,84,45.89,5.196527,-22.838914
31137,1245,162.266,84,46.59,4.948773,-23.296321
31222,1246,164.569,85,47.24,5.105469,-23.710418
31304,1247,170.694,82,47.86,5.542122,-24.209607
31387,1248,170.895,83,48.52,5.454894,-24.554028
31472,1249,185.168,85,49.17,6.066947,-24.817834
31563,1250,203.328,91,49.86,5.878713,-25.364352
31655,1251,206.132,92,50.58,6.07334,-25.942269
31747,1252,205.768,92,51.19,6.331074,-26.328108
31839,1253,207.095,92,51.83,6.446058,-26.780201
31928,1254,196.272,89,52.43,6.238207,-27.233679
32019,1255,204.086,91,53.09,6.035472,-27.806427
32110,1256,204.561,91,53.71,6.536008,-28.142891
32201,1257,204.452,91,54.33,7.770946,-28.618201
32294,1258,208.259,93,54.93,7.454459,-29.154549
32386,1259,206.75,92,55.65,6.95217,-29.478016
32479,1260,209.822,93,56.33,6.728975,-30.104476
32572,1261,209.534,93,57.08,7.579291,-30.463584
32664,1262,208.978,92,57.85,7.714956,-30.839471
32756,1263,208.217,92,58.6,7.010164,-31.50719
32848,1264,207.495,92,59.37,7.545718,-31.838966
32939,1265,205.088,91,60.06,7.797464,-32.120363
33033,1266,209.878,94,60.7,8.410964,-32.590634
33124,1267,205.149,91,61.37,8.401739,-32.920621
33216,1268,206.304,92,61.98,8.498808,-33.387489
33308,1269,208.165,92,62.61,8.342472,-33.757301
33400,1270,207.564,92,63.22,9.547218,-34.084331
33493,1271,210.79,93,63.83,8.957232,-34.651356
33586,1272,209.215,93,64.44,8.490999,-34.885825
33674,1273,196.849,88,65.06,10.031598,-35.311492
33766,1274,208.895,92,65.84,9.92775,-35.588938
33858,1275,208.418,92,66.53,9.980473,-36.118803
33948,1276,202.68,90,67.13,9.474316,-36.428801
34039,1277,206.873,91,67.79,9.329023,-36.801713
34130,1278,207.138,91,68.5,9.638262,-37.269071
34220,1279,204.216,90,69.14,10.794907,-37.377277
34308,1280,196.876,88,69.74,9.99604,-37.926378
34392,1281,170.667,84,70.29,9.888836,-38.246085
34476,1282,171.072,84,70.85,11.199062,-38.765713
34561,1283,169.875,85,71.42,10.722086,-38.925335
34643,1284,173.332,82,71.97,11.903024,-39.403239
34726,1285,175.475,83,72.53,10.883533,-39.641594
34809,1286,171.295,83,73.14,11.151391,-39.949736
34892,1287,171.874,83,73.7,11.890254,-39.978706
34977,1288,185.96,85,74.36,11.957665,-40.292973
35059,1289,173.314,82,75.02,11.547601,-40.748326
35142,1290,180.455,83,75.67,11.281892,-40.960048
35227,1291,188.015,85,76.27,11.534018,-41.277553
35311,1292,170.07,84,76.95,11.21169,-41.687023
35394,1293,179.89,83,77.51,11.239879,-41.804395
35479,1294,169.599,85,78.03,11.864157,-42.177241
35562,1295,171.179,83,78.53,12.330134,-42.426739
35645,1296,175.893,83,79.17,12.503528,-42.893115
35728,1297,181.037,83,79.82,12.737489,-43.27553
35814,1298,191.125,86,80.54,13.250481,-43.550669
35899,1299,187.394,85,81.27,12.663381,-43.759256
35981,1300,177.013,82,81.98,12.203245,-44.073102
36070,1301,200.85,89,82.68,12.908934,-44.322475
36155,1302,174.305,85,83.4,13.410122,-44.727345
36238,1303,174.571,83,84.06,12.788288,-44.964747
36323,1304,174.195,85,84.64,13.393394,-45.323306
36407,1305,177.116,84,85.34,13.610421,-45.74671
36492,1306,177.31,85,86.01,13.373095,-45.862308
36577,1307,175.021,85,86.62,13.942994,-46.212552
36661,1308,175.573,84,87.19,14.103207,-46.744774
36746,1309,175.619,85,87.83,14.400378,-46.662876
36832,1310,177.176,86,88.46,12.932051,-47.546969
36917,1311,178.458,85,89.12,13.526276,-47.796434
37002,1312,177.701,85,89.83,13.088893,-47.834845
37088,1313,178.096,86,90.58,14.175195,-47.991731
37172,1314,174.848,84,91.24,14.625245,-48.675694
37257,1315,179.554,85,91.97,14.17398,-48.745597
37343,1316,179.108,86,92.68,14.323734,-49.008441
37428,1317,174.248,85,93.38,12.891654,-49.6408
37513,1318,178.329,85,94.1,15.561091,-49.449616
37598,1319,174.33,85,94.77,16.004063,-50.136917
37683,1320,177.24,85,95.36,13.85446,-50.664217
37768,1321,175.269,85,95.92,14.487164,-50.871157
37853,1322,178.526,85,96.53,15.123909,-51.599875
37938,1323,176.595,85,97.16,15.147966,-51.6626
38023,1324,177.214,85,97.71,15.616657,-51.933047
38109,1325,175.001,86,98.37,15.51632,-52.341198
38195,1326,174.964,86,99.14,16.024586,-52.584842
38280,1327,175.849,85,99.8,14.92385,-52.762146
38365,1328,177.764,85,100.52,15.119414,-53.461615
38450,1329,175.533,85,101.27,16.19259,-53.624356
38536,1330,174.703,86,102.03,17.214006,-53.794562
38621,1331,174.722,85,102.82,15.275953,-54.272164
38705,1332,174.688,84,103.56,17.632266,-54.760538
38790,1333,177.084,85,104.27,16.419644,-54.926646
38874,1334,177.302,84,104.89,16.496355,-55.429353
38959,1335,177.3,85,105.63,15.525996,-55.656764
39044,1336,174.012,85,106.21,17.450061,-56.060704
39130,1337,173.655,86,106.81,15.911827,-56.466471
39217,1338,178.915,87,107.42,17.112306,-57.098779
39293,1339,145.293,76,107.95,17.428559,-57.731348
39385,1340,192.562,92,108.58,15.631795,-58.346896
39469,1341,197.938,84,109.2,18.458907,-58.845527
39553,1342,194.673,84,109.81,18.944651,-59.437334
39637,1343,191.951,84,110.43,19.636701,-59.64887
39723,1344,198.945,86,111.04,19.185657,-60.631217
39810,1345,199.699,87,111.66,19.173804,-60.804565
39899,1346,206.2,89,112.32,20.049404,-61.435739
39990,1347,211.163,91,112.98,20.434616,-61.917354
40080,1348,208.586,90,114.15,20.396438,-62.448592
40170,1349,205.486,90,114.77,21.673965,-62.616382
40260,1350,207.558,90,115.41,20.376047,-63.504249
40354,1351,217.392,94,116.07,21.241512,-63.835656
40445,1352,210.661,91,116.71,20.887425,-64.179597
40538,1353,215.059,93,117.35,21.507774,-64.611382
40628,1354,207.527,90,117.99,19.426501,-64.824485
40723,1355,217.952,95,118.68,20.496413,-65.286116
40815,1356,213.902,92,119.36,21.936647,-65.948416
40908,1357,212.074,93,120.03,21.750703,-66.815799
41001,1358,213.968,93,120.7,20.686419,-66.871157
41096,1359,214.399,95,121.4,21.249356,-67.509713
41192,1360,215.752,96,122.1,21.488377,-67.865356
41286,1361,213.311,94,122.79,24.028177,-68.099432
41379,1362,210.127,93,123.46,21.24514,-68.550098
41476,1363,219.738,97,124.12,22.411891,-68.945947
41579,1364,223.845,103,124.84,25.102598,-69.445228
41673,1365,214.623,94,125.49,23.589949,-69.758922
41767,1366,212.539,94,126.14,24.157715,-70.557215
41857,1367,206.125,90,126.77,22.31223,-71.058143
41954,1368,217.111,97,127.44,23.594424,-71.434474
42057,1369,222.563,103,128.17,23.208603,-71.701379
42154,1370,218.419,97,128.89,24.836043,-72.242933
42245,1371,207.215,91,129.56,24.810456,-72.523301
42336,1372,208.583,91,130.21,23.919954,-73.181764
42439,1373,225.129,103,130.98,24.942653,-73.20472
42530,1374,209.271,91,131.65,24.390202,-73.908805
42621,1375,206.972,91,132.3,25.811897,-73.800035
42712,1376,208.167,91,132.96,26.45468,-74.659414
42804,1377,207.852,92,133.61,24.650487,-74.688363
42895,1378,206.552,91,134.25,24.028434,-75.179463
42987,1379,208.467,92,134.91,26.077324,-75.476174
43077,1380,204.491,90,135.55,25.574403,-76.151156
43170,1381,210.018,93,136.2,25.673558,-76.277362
43262,1382,208.895,92,136.84,27.445228,-76.487602
43355,1383,211.782,93,137.48,25.117178,-76.97708
43447,1384,207.963,92,138.13,26.70743,-77.163883
43539,1385,207.279,92,138.77,25.615912,-77.490047
43631,1386,207.741,92,139.43,26.236106,-78.216239
43722,1387,203.331,91,140.08,27.739918,-78.272812
43822,1388,225.112,100,140.77,25.859919,-78.650705
43926,1389,225.034,104,141.5,30.181878,-79.030828
44018,1390,204.717,92,142.16,28.692627,-79.354581
44113,1391,214.829,95,142.81,27.203529,-79.675087
44206,1392,207.039,93,143.41,30.165999,-80.097143
44301,1393,212.903,95,144.0,26.608867,-80.354333
44395,1394,207.295,94,144.56,27.501763,-80.470158
44495,1395,214.461,100,145.17,27.107765,-81.082705
44592,1396,207.79,97,145.76,28.980908,-81.121355
44692,1397,208.683,100,146.4,30.896275,-81.659427
44795,1398,213.79,103,147.05,24.663537,-81.623673
44890,1399,187.786,95,147.7,27.8898,-81.895721
45001,1400,211.433,111,148.46,28.311279,-82.708843
45105,1401,203.935,104,149.19,28.331222,-82.760029
45212,1402,207.65,107,149.91,29.436154,-82.990022
45325,1403,215.312,113,150.69,29.298993,-82.894787
45431,1404,214.672,106,151.41,31.274255,-83.572483
45522,1405,180.279,91,151.97,29.161989,-84.209269
45616,1406,179.274,94,152.55,31.750469,-84.389404
45694,1407,152.738,78,153.01,28.086231,-84.692107
45784,1408,172.67,90,153.56,31.671845,-85.077716
45864,1409,157.719,80,154.05,27.788871,-84.830813
45949,1410,162.008,85,154.55,30.420651,-85.3419
46033,1411,161.041,84,155.06,30.748518,-85.232746
46125,1412,173.685,92,155.62,31.217348,-85.493567
46212,1413,160.971,87,156.21,30.089894,-85.259774
46302,1414,163.405,90,156.88,27.477206,-85.958762
46390,1415,163.106,88,157.53,29.979249,-86.010696
46477,1416,161.234,87,158.17,28.592886,-86.737017
46566,1417,160.901,89,158.8,27.720058,-86.950909
46661,1418,169.127,95,159.5,32.24608,-87.155222
46749,1419,158.639,88,160.15,29.494423,-87.460935
46837,1420,159.396,88,160.8,28.664931,-88.147873
46926,1421,160.546,89,161.43,35.220701,-87.669912
47010,1422,149.172,84,162.02,28.739654,-88.487344
47101,1423,162.064,91,162.65,33.519726,-88.227945
47189,1424,170.891,88,163.27,33.897435,-88.479727
47281,1425,168.648,92,163.92,37.134952,-89.346722
47369,1426,161.826,88,164.55,29.909569,-89.177711
47458,1427,162.823,89,165.16,32.099677,-89.751296
47551,1428,191.866,93,165.8,32.301109,-90.073207
47657,1429,221.166,106,166.48,31.524061,-90.332691
47743,1430,153.915,86,167.06,32.56061,-91.168501
47839,1431,186.172,96,167.68,32.990038,-90.647761
47936,1432,184.188,97,168.3,28.10438,-91.418938
48036,1433,195.104,100,168.93,31.604564,-91.956991
48134,1434,190.683,98,169.55,32.465178,-91.934248
48231,1435,199.723,97,170.17,33.245597,-92.568394
48325,1436,187.993,94,170.84,34.357067,-92.592546
48413,1437,173.534,88,171.44,32.431097,-93.022023
48502,1438,177.592,89,172.1,33.673561,-93.222167
48595,1439,184.137,93,172.78,32.348502,-93.576129
48688,1440,187.126,93,173.44,33.205241,-94.087972
48776,1441,174.613,88,174.08,37.396749,-93.771827
48866,1442,179.513,90,174.76,33.964101,-94.229677
48957,1443,184.228,91,175.41,33.086694,-94.628805
49050,1444,187.088,93,176.07,34.118139,-94.545146
49143,1445,189.073,93,176.75,38.286269,-94.552482
49174,1446,53.126,31,176.97,31.243713,-95.325091
49266,1447,180.899,92,177.66,36.021114,-95.931728
49364,1448,192.436,98,178.36,35.818099,-95.618956
49462,1449,192.726,98,179.07,35.516093,-95.702862
49557,1450,190.787,95,179.77,33.856267,-95.91597
49653,1451,191.912,96,180.48,39.192931,-96.292404
49743,1452,181.458,90,181.14,37.335842,-96.926063
49824,1453,157.883,81,181.73,35.139868,-96.646535
49913,1454,179.94,89,182.36,36.657187,-96.835482
50007,1455,189.511,94,183.59,37.55863,-97.283453
50093,1456,172.954,86,184.24,35.647139,-97.25839
50177,1457,168.915,84,184.85,35.965382,-98.028166
50260,1458,165.803,83,185.44,38.033801,-97.857786
50345,1459,167.688,85,186.07,36.675994,-98.20283
50430,1460,168.077,85,186.68,36.013746,-98.596952
50511,1461,155.488,81,187.29,38.943943,-98.684915
50593,1462,156.554,82,187.9,39.988689,-99.161024
50680,1463,158.63,87,188.47,42.06169,-99.474601
50764,1464,157.741,84,189.06,40.52476,-99.707416
50842,1465,148.569,78,189.62,47.08808,-99.241734
50922,1466,152.607,80,190.23,39.61621,-99.575574
51003,1467,145.808,81,190.84,38.388544,-100.188673
51088,1468,158.954,85,191.45,44.716781,-100.353602
51167,1469,138.734,79,192.04,43.319026,-100.217565
51247,1470,148.96,80,192.63,40.282933,-100.777146
51323,1471,132.485,76,193.16,35.609251,-101.091901
51408,1472,147.135,85,193.8,42.972851,-101.055515
51484,1473,127.352,76,194.3,43.327993,-101.120036
51569,1474,148.355,85,194.85,38.857317,-101.678828
51648,1475,139.46,79,195.39,48.20529,-102.020161
51729,1476,139.202,81,196.01,36.728703,-102.251147
51802,1477,109.554,73,196.58,39.004387,-102.621407
51884,1478,154.166,82,197.22,41.575659,-102.695535
51959,1479,114.236,75,197.78,44.507058,-102.902721
52027,1480,95.649,68,198.3,45.727984,-103.362289
52095,1481,95.997,68,198.81,46.822314,-103.014466
52166,1482,100.974,71,199.32,46.717841,-103.902083
52263,1483,184.509,97,200.07,46.13054,-103.57927
52374,1484,224.829,111,200.9,44.991474,-104.166617
52465,1485,176.054,91,201.61,49.598904,-104.20911
52565,1486,201.883,100,202.34,43.398743,-104.738514
52704,1487,245.077,139,203.39,46.918376,-105.001703
52794,1488,174.991,90,204.09,47.045195,-104.802054
52875,1489,157.47,81,204.69,51.344263,-105.513625
52979,1490,204.077,104,205.47,45.675042,-105.418335
53088,1491,210.602,109,206.3,49.936563,-106.165179
53191,1492,207.069,103,207.06,52.625172,-106.513463
53294,1493,202.466,103,207.85,51.480222,-106.987915
53391,1494,193.634,97,208.57,50.081491,-106.917222
53507,1495,224.066,116,209.49,46.461892,-107.762501
53618,1496,222.59,111,210.39,43.971503,-108.297727
53713,1497,192.385,95,211.16,48.70656,-108.186752
53833,1498,245.018,120,212.14,50.46844,-108.604221
53961,1499,273.465,128,213.14,46.239329,-109.165597
54090,1500,260.313,129,214.14,51.026679,-108.882851
54236,1501,274.336,146,215.24,46.55667,-109.381918
54379,1502,280.216,143,216.34,45.722482,-110.009734
54500,1503,254.353,121,217.25,49.932061,-109.957694
54626,1504,264.689,126,218.19,45.788188,-110.165586
54756,1505,271.219,130,219.19,45.370277,-110.792989
54896,1506,284.259,140,220.3,46.433734,-110.918527
55041,1507,283.953,145,221.5,46.490979,-111.106697
55162,1508,258.384,121,222.53,48.386153,-111.292675
55342,1509,313.334,180,223.99,45.937185,-111.441989
55466,1510,259.508,124,224.98,46.19511,-111.747593
55602,1511,269.057,136,226.03,46.906523,-111.875672
55735,1512,272.925,133,227.03,46.552198,-112.501049
55886,1513,298.124,151,228.13,44.2853,-112.64239
56027,1514,287.046,141,229.16,47.616865,-112.56623
56158,1515,272.588,131,230.07,43.7767,-113.207282
56295,1516,280.841,137,231.03,46.493087,-113.448351
56420,1517,259.816,125,231.9,46.077615,-113.030472
56541,1518,251.343,121,232.76,44.741825,-113.397148
56671,1519,268.619,130,233.68,43.624304,-113.336018
56804,1520,275.361,133,234.65,46.926289,-113.407909
56943,1521,276.266,139,235.69,44.813363,-113.607182
57073,1522,268.727,130,236.65,44.049935,-113.776867
57193,1523,258.261,120,237.55,44.801868,-114.224008
57316,1524,261.779,123,238.47,41.620402,-113.926106
57430,1525,245.532,114,239.26,42.924105,-114.401275
57555,1526,264.08,125,240.13,49.918519,-113.839004
57691,1527,278.267,136,240.96,44.941988,-114.243152
57825,1528,273.671,134,241.77,43.760287,-114.564652
57952,1529,264.27,127,242.58,40.48875,-114.132885
58080,1530,273.196,128,243.42,43.401834,-114.980789
58190,1531,237.224,110,244.17,41.732662,-114.30119
58298,1532,229.586,108,244.93,42.621513,-115.516805
58404,1533,233.636,106,245.68,40.013075,-114.737089
58502,1534,224.56,98,246.4,39.791106,-114.999273
58609,1535,231.912,107,247.15,45.565022,-114.817176
58713,1536,225.918,104,247.91,42.529911,-114.698905
58824,1537,240.961,111,248.69,43.417287,-114.566925
58934,1538,238.677,110,249.4,41.076909,-114.85065
59039,1539,215.621,105,250.1,38.823508,-115.419571
59142,1540,209.176,103,250.81,43.455924,-115.198693
59253,1541,242.406,111,251.54,42.370198,-115.151578
59378,1542,265.51,125,252.36,41.976685,-115.309748
59497,1543,255.127,119,253.19,40.362771,-115.240679
59611,1544,227.902,114,253.98,42.028433,-115.565365
59668,1545,82.68,57,254.38,41.266468,-114.991714
59766,1546,222.56,98,255.07,42.525294,-115.799684
59867,1547,226.295,101,255.78,43.628489,-115.134752
59963,1548,220.318,96,256.46,42.88687,-115.082214
60110,1549,267.561,147,258.43,39.796888,-115.082003
60217,1550,209.796,107,259.24,41.07488,-115.215561
60321,1551,223.431,104,260.0,37.628094,-115.37234
60419,1552,223.838,98,260.73,36.998083,-115.618198
60523,1553,218.854,104,261.5,43.338581,-115.000054
60622,1554,221.313,99,262.27,40.820727,-115.348619
60715,1555,215.134,93,262.96,37.982148,-115.928895
60809,1556,216.707,94,263.64,41.396726,-115.546166
60910,1557,223.808,101,264.43,39.016259,-115.055789
61020,1558,233.373,110,265.28,39.261186,-115.321144
61116,1559,222.044,96,266.01,40.812674,-115.38242
61226,1560,268.012,110,266.81,39.313798,-115.861705
61323,1561,216.915,97,267.49,35.07461,-115.610112
61424,1562,226.948,101,268.26,38.037795,-115.473276
61517,1563,211.19,93,268.96,38.914788,-115.501021
61617,1564,207.63,100,269.67,36.804539,-115.377963
61739,1565,244.344,122,270.53,37.890636,-115.39123
61876,1566,263.146,137,271.52,38.750977,-115.786724
62004,1567,249.314,128,272.51,38.838028,-116.164396
62125,1568,244.257,121,273.43,37.977405,-115.346194
62256,1569,257.073,131,274.44,34.630486,-115.485358
62387,1570,266.576,131,275.4,38.430563,-115.799812
62514,1571,251.163,127,276.31,38.202391,-115.476104
62630,1572,233.487,116,277.11,37.116007,-115.517705
62757,1573,260.658,127,277.87,39.476919,-116.474002
62870,1574,227.431,113,278.63,33.014734,-115.84226
62967,1575,200.902,97,279.36,38.268767,-116.611576
63062,1576,190.15,95,279.97,37.393088,-116.49329
63161,1577,203.016,99,280.6,37.645941,-115.994023
63250,1578,201.47,89,281.19,34.940105,-115.897829
63332,1579,157.144,82,281.72,37.319942,-116.473337
63439,1580,211.939,107,282.46,39.971977,-116.649538
63540,1581,197.466,101,283.17,35.764707,-116.437749
63630,1582,209.826,90,283.8,41.034626,-116.443632
63716,1583,195.903,86,284.4,39.249868,-116.558737
63812,1584,233.493,96,285.06,36.142878,-117.068456
63915,1585,257.431,103,285.79,38.986375,-117.258416
64017,1586,250.452,102,286.55,38.167032,-117.264831
64115,1587,237.976,98,287.25,36.26483,-117.723462
64214,1588,241.126,99,287.94,36.167818,-117.61347
64311,1589,233.022,97,288.65,37.000974,-117.92778
64413,1590,248.599,102,289.29,35.9742,-117.972299
64515,1591,251.2,102,289.97,36.091008,-118.065032
64622,1592,273.111,107,290.67,35.786361,-118.414132
64727,1593,264.609,105,291.37,35.532864,-118.365964
64828,1594,241.503,101,292.03,40.278294,-118.527289
64941,1595,293.388,113,292.78,35.065399,-118.565873
65055,1596,299.528,114,293.54,35.499151,-118.896044
65157,1597,253.193,102,294.19,36.353914,-118.927084
65257,1598,241.378,100,294.85,38.069774,-118.606396
65370,1599,291.553,113,295.58,35.537648,-118.704636
65484,1600,293.745,114,296.3,36.634951,-119.513881
65598,1601,290.573,114,297.04,34.151743,-118.998935
65718,1602,308.802,120,297.81,34.562858,-119.056391
65831,1603,280.476,113,298.57,38.675669,-119.080129
65944,1604,277.333,113,299.34,32.430609,-119.568816
66063,1605,301.042,119,300.19,35.47897,-119.549601
66178,1606,273.497,115,301.01,35.696061,-119.135551
66296,1607,292.686,118,301.94,32.379009,-118.777991
66413,1608,277.406,117,302.89,36.819176,-119.436019
66527,1609,258.647,114,303.61,34.858404,-119.945308
66646,1610,285.785,119,304.34,30.566894,-120.022619
66766,1611,279.58,120,305.09,37.323556,-119.520721
66884,1612,285.741,118,305.84,34.369297,-119.37391
67003,1613,283.99,119,306.65,33.126431,-119.731237
67121,1614,276.346,118,307.38,32.559065,-119.389774
67243,1615,288.788,122,308.23,34.604662,-120.211618
67368,1616,294.475,125,309.1,35.391169,-119.310541
67486,1617,270.777,118,309.93,37.031418,-119.855044
67607,1618,279.603,121,310.73,34.307895,-120.221176
67792,1619,340.793,185,311.99,33.506247,-119.604393
67908,1620,261.473,116,312.76,31.815966,-120.720819
68039,1621,297.257,131,313.65,36.887175,-119.336444
68193,1622,319.604,154,314.77,35.265259,-119.964725
68371,1623,336.653,178,316.02,35.088358,-120.461714
68536,1624,323.32,165,317.18,35.17102,-120.029071
68664,1625,289.102,128,318.1,31.370552,-120.881794
68802,1626,309.187,138,319.07,35.333763,-120.300673
68961,1627,325.398,159,320.17,34.175489,-120.580632
69091,1628,294.587,130,321.05,34.844015,-120.473374
69214,1629,280.572,123,321.83,31.207125,-121.170888
69339,1630,284.717,125,322.64,32.539956,-120.621737
69489,1631,317.45,150,323.61,32.660891,-121.221124
69614,1632,285.749,125,324.39,31.901865,-120.981198
69757,1633,304.865,143,325.32,31.964259,-121.070721
69893,1634,299.51,136,326.35,35.571813,-121.008626
70023,1635,293.897,130,328.09,33.218946,-120.856941
70160,1636,306.816,137,329.13,34.237747,-121.060472
70294,1637,302.738,134,330.06,31.483193,-120.922613
70430,1638,302.596,136,330.96,35.491419,-121.808012
70563,1639,301.863,133,331.81,31.432663,-121.463925
70744,1640,350.423,181,332.99,33.317544,-121.696264
70924,1641,345.644,180,334.21,32.692919,-121.862359
71108,1642,353.709,184,335.54,34.497383,-122.52607
71275,1643,337.585,167,336.74,35.14567,-122.28476
71652,1644,546.472,377,339.47,33.976865,-122.481186
72056,1645,563.124,404,342.21,31.792665,-122.989861
72221,1646,318.872,165,343.32,31.500982,-123.25562
72395,1647,328.558,174,344.5,31.890651,-123.326613
72557,1648,316.614,162,345.6,33.566959,-123.312933
72719,1649,316.815,162,346.68,30.691241,-123.730219
73344,1650,790.601,625,350.63,32.455996,-124.489785
74344,1651,1049.674,1000,357.42,32.851708,-125.633677
74498,1652,293.573,154,358.45,31.642783,-126.380319
75056,1653,615.126,558,362.26,31.98473,-126.80489
76056,1654,1057.914,1000,369.3,32.562204,-127.544125
77056,1655,1054.837,1000,376.28,31.918538,-128.81207
77448,1656,552.14,392,378.71,30.964195,-129.584311
77660,1657,370.236,212,380.12,31.163986,-129.89882
77910,1658,405.94,250,382.12,33.41808,-129.6934
78089,1659,342.851,179,383.29,33.189211,-130.051055
78236,1660,308.201,147,384.23,31.338258,-130.21458
78389,1661,319.657,153,385.18,31.647722,-130.036043
78526,1662,311.861,137,386.02,30.807445,-130.31663
78674,1663,325.778,148,386.93,31.47526,-130.55061
78813,1664,321.08,139,387.79,30.527602,-130.461676
78950,1665,317.949,137,388.67,29.417036,-130.215579
79098,1666,339.714,148,389.67,32.12198,-130.004544
79239,1667,330.642,141,390.62,28.859659,-130.543346
79381,1668,323.519,142,391.59,29.993815,-130.812067
79523,1669,335.018,142,392.55,29.326725,-130.564776
79669,1670,335.972,146,393.51,29.788759,-130.742962
79807,1671,319.849,138,394.39,29.472818,-130.527477
79945,1672,321.607,138,395.3,30.098847,-130.55646
80079,1673,321.003,134,397.02,32.205039,-130.354788
80218,1674,327.358,139,397.99,29.332471,-130.751828
80353,1675,318.598,135,398.94,30.889579,-130.422857
80487,1676,318.345,134,399.87,28.643775,-130.365578
80624,1677,330.691,137,400.79,27.321493,-130.765114
80765,1678,341.94,141,401.72,30.785879,-130.49632
80903,1679,328.334,138,402.59,34.337698,-130.45102
81040,1680,320.25,137,403.44,27.451521,-130.90681
81168,1681,305.128,128,404.22,26.941411,-130.989423
81296,1682,298.954,128,405.01,28.110008,-131.211043
81432,1683,325.367,136,405.89,30.475024,-130.571697
81566,1684,319.924,134,406.8,27.653882,-130.716376
81702,1685,323.974,136,407.67,31.277673,-131.130794
81837,1686,324.826,135,408.6,30.567769,-131.22068
81969,1687,312.107,132,409.55,30.527063,-131.05988
82097,1688,300.262,128,410.47,24.659938,-131.371382
82230,1689,316.63,133,411.46,29.763883,-131.178822
82369,1690,344.046,139,412.56,29.761504,-131.562241
82490,1691,278.396,121,413.47,29.354756,-131.261261
82623,1692,312.645,133,414.5,28.744982,-131.101753
82746,1693,284.597,123,415.44,31.043915,-131.582632
82877,1694,316.889,131,416.41,26.632372,-131.223811
82999,1695,285.999,122,417.28,31.22965,-131.692631
83133,1696,318.628,134,418.25,29.521424,-131.500628
83267,1697,326.244,134,419.26,25.974682,-131.575571
83403,1698,329.303,136,420.25,26.826915,-131.669658
83527,1699,287.995,124,421.24,27.976532,-131.692177
83652,1700,294.613,125,422.18,25.204124,-131.417319
83777,1701,304.453,125,423.14,25.210156,-131.434571
83909,1702,317.969,132,424.15,27.158149,-131.559919
84042,1703,324.974,133,425.16,28.907291,-131.85981
84171,1704,304.389,129,426.14,29.214874,-131.696711
84308,1705,341.812,137,427.22,26.906999,-131.513665
84445,1706,339.28,137,428.27,27.074887,-131.854022
84580,1707,320.596,135,429.26,28.360141,-132.112548
84720,1708,334.001,140,430.36,28.601405,-131.40323
84856,1709,330.878,136,431.43,29.392414,-131.735191
84988,1710,322.263,132,432.46,29.689387,-131.890357
85124,1711,342.343,136,433.54,28.147645,-132.298766
85263,1712,352.203,139,434.6,30.128812,-131.447935
85401,1713,341.952,138,435.58,27.031685,-132.300499
85535,1714,333.019,134,436.68,30.428113,-131.760673
85676,1715,349.182,141,437.8,30.455314,-131.940946
85821,1716,349.6,145,439.01,27.442595,-131.62524
85964,1717,358.576,143,440.02,25.695295,-131.559279
86102,1718,336.815,138,440.95,29.291349,-131.955604
86241,1719,344.246,139,441.91,29.500941,-132.216351
86377,1720,326.919,136,443.03,25.398501,-132.272802
86521,1721,355.052,144,444.19,27.409234,-132.158459
86666,1722,364.185,145,445.4,28.808487,-132.754807
86812,1723,358.525,146,446.56,26.466056,-132.217781
86943,1724,309.15,131,447.67,29.743653,-131.782559
87096,1725,363.575,153,448.91,27.659312,-132.173686
87229,1726,312.761,133,449.95,24.465142,-132.069407
87361,1727,309.443,132,450.98,25.982061,-132.188489
87499,1728,334.451,138,451.96,28.020759,-132.38244
87630,1729,304.717,131,452.9,30.737034,-132.913572
87759,1730,310.534,129,453.9,24.859073,-132.446035
87901,1731,342.03,142,455.03,28.712733,-132.94206
88025,1732,284.319,124,456.15,24.791308,-132.800837
88160,1733,311.893,135,457.34,28.133626,-132.711761
88304,1734,361.289,144,458.6,26.888805,-132.547315
88438,1735,331.208,134,459.64,29.994598,-132.710597
88577,1736,325.736,139,460.66,29.333455,-132.59173
88715,1737,338.151,138,461.61,26.834701,-132.350407
88854,1738,331.353,139,462.76,24.322268,-132.988976
88986,1739,310.407,132,463.72,25.490811,-133.022248
89119,1740,308.745,133,464.87,28.054833,-132.812927
89268,1741,344.082,149,466.11,27.273343,-132.772918
89400,1742,308.914,132,467.06,27.546272,-132.531287
89536,1743,322.926,136,468.07,24.344654,-133.289559
89684,1744,348.1,148,469.16,28.050394,-132.906414
89830,1745,356.077,146,470.17,27.268165,-132.586708
89974,1746,338.951,144,471.18,27.784377,-133.108464
90117,1747,334.414,143,473.09,26.842698,-133.372619
90268,1748,350.84,151,474.2,26.271545,-132.561767
90407,1749,327.388,139,475.25,28.759422,-132.361008
90552,1750,344.52,145,476.27,28.56656,-132.621161
90693,1751,325.103,141,477.29,25.871746,-132.936386
90834,1752,323.345,141,478.27,23.958005,-132.492886
90982,1753,338.523,148,479.34,26.29532,-132.637005
91133,1754,345.751,151,480.4,26.402904,-132.946832
91275,1755,337.443,142,481.41,25.885703,-133.646244
91404,1756,305.728,129,482.33,26.248929,-133.202278
91558,1757,352.713,154,483.42,25.387228,-132.665703
91706,1758,342.832,148,484.5,27.938494,-132.92671
91851,1759,329.694,145,485.54,26.573939,-132.891176
91999,1760,340.086,148,486.61,24.899018,-132.892338
92140,1761,326.295,141,487.62,27.237055,-133.557431
92281,1762,330.606,141,488.63,26.722625,-133.172313
92427,1763,336.732,146,489.66,23.986742,-133.491301
92570,1764,328.154,143,490.66,23.888501,-133.536215
92712,1765,339.042,142,491.65,25.315518,-132.971442
92858,1766,340.888,146,492.68,25.0823,-132.977575
92994,1767,320.855,136,493.66,25.209363,-133.234541
93132,1768,323.164,138,494.69,23.616466,-133.061951
93271,1769,328.975,139,495.74,26.640033,-132.868041
93412,1770,335.056,141,496.8,24.544246,-133.053058
93551,1771,325.449,139,497.82,26.431931,-132.984143
93698,1772,345.959,147,498.83,25.777076,-133.136872
93846,1773,352.341,148,499.82,27.830757,-133.077552
93987,1774,330.659,141,500.79,26.611716,-133.163405
94123,1775,318.013,136,501.74,23.798543,-133.436693
94257,1776,320.313,134,502.66,27.4281,-133.089879
94397,1777,332.469,140,503.7,25.321734,-133.245704
94532,1778,315.781,135,504.64,23.146129,-133.541989
94669,1779,325.263,137,505.63,23.844035,-133.33442
94805,1780,322.273,136,506.61,24.524982,-133.510569
94941,1781,323.747,136,507.6,30.11439,-133.890492
95076,1782,321.837,135,508.57,27.45789,-132.920554
95212,1783,325.691,136,509.49,23.115912,-133.366634
95346,1784,320.159,134,510.3,27.400578,-133.736148
95472,1785,308.638,126,511.12,23.655954,-133.829966
95612,1786,336.462,140,512.04,23.580285,-133.69285
95741,1787,307.986,129,512.9,22.554225,-134.031778
95873,1788,320.261,132,513.82,25.08643,-133.553515
95995,1789,306.391,122,514.71,26.381344,-132.891253
96128,1790,313.506,133,515.67,24.345007,-133.568307
96251,1791,305.654,123,516.57,25.005549,-132.745114
96385,1792,322.911,134,517.5,23.907132,-132.852049
96520,1793,326.773,135,518.35,23.099297,-133.329804
96647,1794,300.769,127,519.13,24.051745,-132.965468
96766,1795,296.704,119,519.87,24.834131,-132.836506
96897,1796,313.051,131,520.68,24.872962,-133.605758
97017,1797,290.644,120,521.46,21.828297,-132.833464
97146,1798,305.332,129,522.38,23.106486,-133.540067
97276,1799,314.648,130,523.32,24.8139,-133.333139
97407,1800,304.285,131,524.23,21.500295,-133.273834
97525,1801,294.699,118,525.08,22.208286,-132.513322
97643,1802,295.127,118,525.9,30.217237,-133.28058
97771,1803,308.302,128,526.85,22.49358,-133.527869
97904,1804,319.872,133,527.88,22.616047,-133.570474
98035,1805,317.536,131,528.87,22.567594,-132.55307
98162,1806,294.735,127,529.83,21.789141,-133.333234
98307,1807,296.799,145,530.88,23.575853,-133.231322
98434,1808,303.493,127,531.72,26.388358,-132.917466
98558,1809,295.294,124,532.5,25.267493,-132.740281
98691,1810,313.708,133,533.38,26.209523,-132.482411
98814,1811,281.602,123,534.15,24.742327,-132.782423
98940,1812,271.91,126,534.98,24.035439,-132.556084
99072,1813,321.262,132,535.89,25.371386,-133.21495
99192,1814,302.453,120,536.81,22.015183,-133.033796
99320,1815,311.301,128,537.78,21.626556,-132.70573
99449,1816,311.96,129,538.8,27.749471,-132.785935
99580,1817,319.114,131,539.78,23.748642,-132.686949
99713,1818,307.981,133,540.71,23.523077,-132.521134
99844,1819,308.345,131,541.55,22.400234,-132.378492
99973,1820,309.922,129,542.37,21.922897,-132.424704
100084,1821,274.619,111,544.08,24.010938,-132.032654
100213,1822,314.476,129,545.06,24.810755,-132.222476
100353,1823,309.745,140,546.13,23.245503,-132.545742
100474,1824,301.247,121,547.07,22.703289,-131.926254
100596,1825,306.373,122,547.97,23.398193,-132.563985
100719,1826,310.952,123,548.92,23.834068,-132.529179
100849,1827,320.696,130,549.89,22.150724,-132.338181
100975,1828,311.635,126,550.77,25.018664,-131.84983
101107,1829,328.113,132,551.73,21.88951,-131.922773
101239,1830,314.621,132,552.7,25.09804,-131.613668
101376,1831,326.088,137,553.73,23.891702,-131.722694
101508,1832,323.704,132,554.7,23.937511,-131.362064
101644,1833,322.458,136,555.75,23.173322,-132.333729
101768,1834,307.767,124,556.74,23.758332,-131.933515
101910,1835,291.668,142,557.84,23.86141,-131.290501
102058,1836,309.202,148,558.99,24.825355,-131.504942
102187,1837,292.579,129,559.98,23.480498,-131.517085
102308,1838,305.396,121,560.88,22.990531,-132.162806
102439,1839,311.604,131,561.86,22.773637,-131.345992
102567,1840,302.643,128,562.83,26.690606,-132.180513
102703,1841,330.404,136,563.83,22.023421,-131.297009
102844,1842,351.658,141,564.81,22.629578,-131.165215
102960,1843,295.662,116,565.67,25.328988,-131.440919
103105,1844,344.249,145,566.8,21.390027,-131.495878
103215,1845,263.016,110,567.62,21.163857,-131.851036
103344,1846,317.752,129,568.6,23.363722,-131.906409
103482,1847,310.108,138,569.64,20.159476,-130.892359
103620,1848,334.817,138,570.72,22.88157,-131.75777
103751,1849,319.608,131,571.72,22.357967,-131.251075
103879,1850,323.015,128,572.71,23.531733,-131.10607
104000,1851,275.791,121,573.64,21.249593,-130.797939
104111,1852,253.034,111,574.49,23.052635,-130.4594
104235,1853,281.636,124,575.39,19.655587,-130.80502
104355,1854,313.209,120,576.31,24.320619,-131.225224
104488,1855,327.773,133,577.32,23.620733,-131.478163
104616,1856,308.468,128,578.25,21.588088,-130.788738
104722,1857,257.978,106,579.03,22.190793,-130.841603
104847,1858,315.933,125,579.94,20.796479,-131.009074
104965,1859,266.473,118,580.81,20.509962,-130.882691
105105,1860,316.256,140,581.87,20.976606,-130.619958
105226,1861,299.856,121,582.76,23.474878,-130.723305
105342,1862,263.026,116,583.63,19.086146,-130.317545
105461,1863,323.459,119,584.56,25.63931,-130.588514
105588,1864,319.772,127,585.54,27.629148,-130.862426
105715,1865,321.668,127,586.37,22.038207,-130.800124
105845,1866,330.188,130,587.19,21.714163,-130.960463
105974,1867,334.338,129,588.04,23.193657,-130.979783
106116,1868,345.74,142,589.01,22.98553,-130.504731
106243,1869,326.683,127,589.88,23.550321,-130.725526
106369,1870,309.673,126,590.76,21.949002,-131.371187
106494,1871,310.068,125,591.6,22.095589,-130.723539
106613,1872,306.016,119,592.42,20.808259,-130.488461
106734,1873,301.571,121,593.18,21.900454,-130.501743
106855,1874,303.736,121,593.99,22.182552,-130.414724
106976,1875,314.161,121,594.79,22.016678,-130.60117
107090,1876,303.057,114,595.57,20.386809,-130.040747
107216,1877,321.383,126,596.43,24.73804,-130.356556
107340,1878,304.016,124,597.31,24.303126,-130.105893
107461,1879,307.218,121,598.21,26.044575,-130.371549
107590,1880,332.18,129,599.2,19.448556,-130.885345
107706,1881,310.388,116,600.08,23.95613,-130.05278
107834,1882,319.686,128,601.01,21.582337,-130.051258
107954,1883,316.955,120,601.86,24.574052,-129.804076
108073,1884,298.792,119,602.71,20.380505,-130.403409
108194,1885,311.115,121,603.52,20.186404,-130.446484
108318,1886,305.974,124,604.35,19.996697,-130.103256
108441,1887,312.692,123,605.21,23.762148,-130.022505
108561,1888,305.441,120,606.03,21.586234,-131.069231
108683,1889,305.639,122,606.89,23.758902,-130.333133
108804,1890,306.862,121,607.74,22.243911,-130.32197
108923,1891,304.134,119,608.61,23.228052,-130.292032
109049,1892,307.503,126,609.54,21.987381,-129.878171
109170,1893,300.718,121,610.4,22.156376,-129.242883
109291,1894,320.72,121,611.28,21.180796,-130.568254
109415,1895,312.985,124,612.1,19.593441,-129.856494
109533,1896,312.75,118,612.83,22.051754,-130.621491
109660,1897,307.847,127,613.67,22.516564,-129.495061
109778,1898,314.078,118,614.4,20.620894,-130.074866
109901,1899,317.012,123,615.19,21.215897,-130.571072
110020,1900,313.101,119,616.75,20.179455,-129.994996
110132,1901,280.67,112,617.58,23.444102,-129.618364
110254,1902,315.158,122,618.44,20.857543,-131.15834
110374,1903,309.836,120,619.27,23.828805,-130.244157
110495,1904,312.291,121,620.13,20.771059,-129.951638
110617,1905,309.185,122,620.94,20.815455,-130.588731
110735,1906,309.206,118,621.7,20.698072,-129.885789
110857,1907,304.71,122,622.52,24.196598,-130.739697
110979,1908,313.873,122,623.36,20.445084,-129.958652
111103,1909,327.25,124,624.21,21.029853,-130.219102
111227,1910,319.286,124,625.0,22.158219,-130.451653
111345,1911,311.042,118,625.8,20.237832,-130.103271
111459,1912,308.054,114,626.57,22.383045,-130.312552
111573,1913,304.318,114,627.39,20.484867,-129.788638
111716,1914,346.545,143,628.37,24.284964,-129.951267
111840,1915,314.313,124,629.14,21.866925,-130.470566
111964,1916,314.602,124,629.97,23.903041,-130.591322
112082,1917,326.493,118,630.74,21.546579,-130.024457
112202,1918,316.078,120,631.6,21.965697,-131.068959
112322,1919,321.764,120,632.44,23.961604,-130.163946
112448,1920,316.232,126,633.26,19.465525,-130.841515
112578,1921,334.699,130,634.17,22.526303,-130.264436
112694,1922,307.289,116,635.07,20.550849,-130.55469
112812,1923,313.599,118,635.94,19.067157,-130.866904
112982,1924,362.541,170,637.22,22.199251,-130.268361
113107,1925,323.822,125,638.17,20.718437,-130.439759
113225,1926,309.455,118,639.04,21.104355,-129.784209
113355,1927,307.201,130,639.91,22.480651,-130.146137
113475,1928,319.736,120,640.73,19.534233,-129.67432
113598,1929,335.551,123,641.57,20.992025,-130.510679
113763,1930,352.236,165,642.71,19.587386,-130.518521
113894,1931,318.603,131,643.67,22.14195,-130.493168
114015,1932,309.971,121,644.54,20.036421,-130.506405
114144,1933,314.023,129,645.45,20.838497,-130.254242
114304,1934,351.329,160,646.57,24.349035,-130.403358
114445,1935,326.133,141,647.54,19.7643,-130.550521
114599,1936,345.114,154,648.57,20.632283,-130.871391
114750,1937,337.385,151,649.55,21.956139,-130.672278
114902,1938,337.389,152,650.51,21.787215,-130.445707
115046,1939,332.409,144,651.42,20.532106,-130.312676
115203,1940,347.503,157,652.39,23.573639,-130.675306
115327,1941,306.785,124,653.23,23.386586,-130.556192
115475,1942,332.306,148,654.23,22.865647,-130.097923
115614,1943,326.795,139,655.15,22.186572,-130.882706
115766,1944,342.878,152,656.18,20.457785,-130.709585
115912,1945,333.955,146,657.15,21.394789,-130.58726
116066,1946,342.404,154,658.08,21.61275,-130.925729
116212,1947,332.335,146,658.98,21.286608,-130.222647
116363,1948,341.009,151,659.91,20.251895,-130.576247
116510,1949,334.421,147,660.81,20.729036,-130.330393
116662,1950,344.136,152,661.85,20.463382,-130.510578
116811,1951,342.202,149,662.93,21.526989,-130.031838
116958,1952,339.906,147,663.96,21.293677,-130.735883
117110,1953,344.635,152,665.05,21.601355,-130.282742
117268,1954,345.893,158,666.16,21.083177,-130.54485
117416,1955,342.042,148,667.14,21.123081,-130.72659
117531,1956,296.802,115,667.9,21.882511,-130.654625
117679,1957,335.014,148,668.9,22.165474,-131.322614
117829,1958,342.659,150,669.87,20.017846,-130.331472
117979,1959,343.339,150,670.88,18.593072,-130.832442
118122,1960,337.228,143,671.87,18.2745,-131.094384
118263,1961,334.198,141,672.87,21.243871,-131.286182
118411,1962,344.004,148,673.92,19.467291,-130.113214
118559,1963,349.458,148,674.99,19.893748,-130.922388
118706,1964,341.341,147,676.02,18.746398,-130.666155
118851,1965,345.115,145,677.01,20.763783,-130.513777
118996,1966,336.723,145,677.99,19.244668,-130.791319
119143,1967,338.671,147,678.92,20.123268,-130.817525
119284,1968,334.69,141,679.81,20.037676,-130.673912
119440,1969,352.67,156,680.87,19.416377,-130.331021
119588,1970,337.779,148,681.91,20.626704,-130.456789
119742,1971,344.54,154,683.0,18.900703,-130.804654
119885,1972,331.663,143,684.04,17.660816,-130.885331
120033,1973,334.672,148,685.87,18.632135,-130.703303
120183,1974,337.612,150,686.84,19.383081,-130.682033
120331,1975,334.977,148,687.74,22.051828,-130.243808
120486,1976,347.983,155,688.81,19.605551,-130.591924
120635,1977,336.983,149,689.91,18.688947,-130.509931
120782,1978,330.361,147,690.9,20.630666,-130.426352
120934,1979,340.184,152,692.0,19.299413,-131.027112
121081,1980,337.193,147,693.02,18.462221,-131.091279
121237,1981,345.072,156,693.99,20.918255,-131.164034
121386,1982,338.138,149,694.95,18.038628,-130.777938
121543,1983,345.448,157,695.98,19.765665,-130.859853
121699,1984,345.768,156,696.96,18.868246,-130.621022
121849,1985,338.365,150,698.0,21.851398,-130.888014
122007,1986,344.38,158,699.15,21.864635,-130.487351
122166,1987,347.854,159,700.27,20.769581,-130.873431
122324,1988,348.2,158,701.42,18.591282,-131.120872
122480,1989,343.567,156,702.52,21.055585,-130.812489
122631,1990,338.817,151,703.56,20.93906,-130.82631
122784,1991,335.96,153,704.56,20.404772,-130.881603
122953,1992,357.481,169,705.69,17.934544,-130.926501
123109,1993,346.783,156,706.74,20.806246,-130.755148
123258,1994,336.104,149,707.79,21.055333,-130.161305
123416,1995,348.452,158,708.91,18.202258,-131.03473
123567,1996,340.917,151,710.01,18.965843,-130.944817
123724,1997,345.32,157,711.15,19.799386,-130.900253
123878,1998,342.515,154,712.15,20.480092,-130.610032
124029,1999,340.044,151,713.07,16.848854,-130.600749
124176,2000,335.77,147,714.0,19.183276,-131.070848
124327,2001,340.062,151,714.95,16.757555,-130.924444
124482,2002,349.323,155,715.96,18.591249,-130.892313
124635,2003,342.222,153,717.0,16.796991,-130.311895
124788,2004,345.389,153,718.09,17.550435,-130.679043
124942,2005,345.059,154,719.22,18.169769,-130.297005
125102,2006,356.81,160,720.41,19.673564,-130.702406
125246,2007,336.59,144,721.31,19.809235,-129.952061
125394,2008,339.674,148,722.24,18.275868,-130.640385
125547,2009,343.819,153,723.22,20.189408,-130.990633
125696,2010,343.113,149,724.13,18.340038,-130.963855
125842,2011,334.746,146,725.06,17.407407,-130.731972
125990,2012,341.225,148,726.06,16.679663,-130.431597
126133,2013,336.462,143,727.05,20.547883,-129.976224
126287,2014,347.505,154,728.13,17.312299,-130.160607
126439,2015,349.095,152,729.24,16.598439,-130.87541
126582,2016,334.576,143,730.24,17.799289,-130.66104
126733,2017,348.616,151,731.25,18.673496,-130.139031
126877,2018,334.755,144,732.2,18.859192,-130.520917
127026,2019,344.016,149,733.19,18.934473,-130.466254
127178,2020,350.695,152,734.23,17.872653,-129.784083
127320,2021,332.903,142,735.24,17.827549,-130.04764
127468,2022,342.86,148,736.26,18.498057,-130.595179
127615,2023,334.31,147,737.27,17.091413,-130.098533
127756,2024,329.877,141,738.23,16.940733,-130.238844
127910,2025,345.63,154,739.27,16.762512,-129.923941
128055,2026,335.451,145,740.16,17.510557,-130.162734
128201,2027,332.375,146,741.05,16.381895,-130.247477
128349,2028,333.506,148,741.98,16.091059,-129.935785
128491,2029,337.779,142,742.85,17.601016,-129.709696
128642,2030,346.778,151,743.84,18.428917,-129.882377
128779,2031,321.487,137,744.74,17.127205,-130.026737
128921,2032,334.405,142,745.67,17.095053,-129.557213
129062,2033,328.759,141,746.65,16.920412,-130.109906
129205,2034,332.693,143,747.64,15.78315,-129.247926
129345,2035,332.42,140,748.5,19.683659,-129.465252
129496,2036,341.65,151,749.4,15.567509,-129.46308
129649,2037,342.315,153,750.32,18.37732,-129.652578
129795,2038,333.608,146,751.2,17.286037,-129.587137
129947,2039,346.186,152,752.13,17.278871,-129.655638
130103,2040,348.279,156,754.02,16.91135,-129.372668
130248,2041,340.768,145,754.98,17.417209,-128.974886
130401,2042,361.973,153,755.97,15.689597,-129.665274
130551,2043,345.391,150,756.89,17.552736,-129.194018
130701,2044,340.831,150,757.84,16.856228,-129.131273
130851,2045,343.916,150,758.75,15.507936,-129.646251
130995,2046,346.781,144,759.64,17.053006,-129.41486
131143,2047,344.505,148,760.59,18.21802,-129.57474
131289,2048,339.52,146,761.6,15.738549,-129.589495
131440,2049,356.318,151,762.59,16.877114,-129.57468
131587,2050,338.147,147,763.59,15.494565,-128.966348
131742,2051,360.124,155,764.65,16.884174,-129.132945
131889,2052,358.286,147,765.62,15.681149,-129.038418
132034,2053,338.015,145,766.75,17.370069,-129.537773
132175,2054,326.151,141,767.88,15.929221,-129.541258
132326,2055,367.428,151,769.16,18.914651,-129.632846
132474,2056,314.993,148,770.29,17.053172,-129.215562
132615,2057,334.827,141,771.29,17.274613,-129.489257
132760,2058,344.126,145,772.38,15.461253,-129.146419
132904,2059,338.164,144,773.44,17.022633,-129.265872
133045,2060,332.684,141,774.42,15.555683,-129.150953
133186,2061,333.244,141,775.57,16.621786,-128.984947
133337,2062,348.119,151,776.79,16.971111,-129.261445
133482,2063,351.969,145,777.93,16.67328,-129.828207
133624,2064,337.886,142,779.02,17.333633,-129.293169
133764,2065,327.792,140,780.08,15.144146,-128.978042
133911,2066,358.875,147,781.15,15.732495,-129.422302
134049,2067,320.512,138,782.17,15.677615,-129.129714
134199,2068,339.663,150,783.27,15.75596,-129.257695
134342,2069,339.712,143,784.31,14.50569,-129.392904
134487,2070,335.734,145,785.41,17.70695,-129.017584
134630,2071,335.783,143,786.49,16.852411,-129.62013
134783,2072,322.145,153,787.66,16.22453,-129.044931
134933,2073,334.827,150,788.82,15.743079,-129.100747
135074,2074,333.542,141,789.87,17.709998,-129.286934
135218,2075,334.15,144,790.95,18.505458,-129.382452
135368,2076,339.958,150,792.02,15.856324,-128.923585
135508,2077,321.652,140,793.03,14.036511,-128.946709
135658,2078,380.269,150,794.16,14.760227,-129.259477
135801,2079,339.84,143,795.31,14.997047,-129.087188
135942,2080,351.204,141,796.3,17.150139,-128.969719
136086,2081,359.482,144,797.33,16.290487,-128.816584
136227,2082,346.971,141,798.24,16.191819,-128.965713
136373,2083,364.353,146,799.45,16.407314,-129.273396
136521,2084,367.07,148,800.66,16.370438,-129.028138
136674,2085,327.326,153,801.97,15.345072,-128.795081
136815,2086,331.52,141,803.11,16.106574,-129.701617
136952,2087,326.138,137,804.17,14.666657,-129.10713
137098,2088,317.702,146,805.32,15.748521,-129.410327
137238,2089,314.875,140,806.39,15.803754,-129.108952
137384,2090,315.753,146,807.53,17.755349,-128.953934
137543,2091,355.34,159,808.83,14.932476,-129.424297
137680,2092,300.823,137,809.96,15.342761,-129.231181
137817,2093,299.409,137,811.13,16.364698,-128.432228
137954,2094,298.477,137,812.29,17.240918,-128.681849
138098,2095,339.447,144,813.47,17.02821,-129.62593
138232,2096,301.662,134,814.52,14.663972,-129.383772
138379,2097,334.633,147,815.7,16.610792,-128.52982
138527,2098,342.703,148,816.87,15.751189,-128.917644
138660,2099,313.684,133,817.98,15.519108,-128.674225
138794,2100,302.215,134,819.05,13.78873,-129.281101
138925,2101,304.843,131,820.06,15.126383,-129.417608
139075,2102,322.967,150,821.24,15.451315,-129.644933
139212,2103,316.153,137,822.34,14.482137,-129.619533
139363,2104,349.264,151,823.57,16.794918,-128.735439
139499,2105,296.182,136,824.66,15.91971,-129.092085
139636,2106,301.276,137,825.79,14.050112,-129.20921
139773,2107,296.936,137,826.72,14.446165,-129.497267
139913,2108,316.541,140,827.69,16.753292,-130.269816
140054,2109,315.379,141,829.53,16.109563,-128.865247
140203,2110,321.292,149,830.67,17.081805,-128.665885
140348,2111,310.139,145,831.73,15.706444,-128.947241
140487,2112,320.525,139,832.73,17.49598,-129.296062
140623,2113,316.36,136,833.69,14.491097,-128.882979
140755,2114,302.659,132,834.6,18.158818,-129.422248
140892,2115,318.333,137,835.55,14.404395,-128.902483
141029,2116,340.575,137,836.49,15.359477,-129.694591
141161,2117,328.051,132,837.4,16.142366,-129.132916
141293,2118,319.852,132,838.34,14.991537,-129.283435
141427,2119,338.044,134,839.32,15.299427,-129.293407
141551,2120,293.462,124,840.26,16.904268,-128.854519
141687,2121,332.916,136,841.25,15.24667,-128.627579
141817,2122,318.369,130,842.19,14.154891,-129.102287
141939,2123,288.025,122,843.08,14.272761,-128.9338
142077,2124,344.177,138,844.05,15.511929,-128.597821
142206,2125,315.741,129,844.98,15.166755,-129.289798
142335,2126,309.8,129,845.9,16.368439,-128.983858
142470,2127,329.842,135,846.84,15.218802,-129.210749
142602,2128,329.436,132,847.75,13.574781,-129.802059
142735,2129,323.18,133,848.71,16.158307,-129.583409
142870,2130,332.056,135,849.69,14.8682,-129.693286
142997,2131,311.158,127,850.6,14.678213,-128.701977
143128,2132,329.4,131,851.54,14.902834,-129.242112
143258,2133,313.798,130,852.49,16.444428,-129.691615
143387,2134,319.51,129,853.4,15.420197,-129.234829
143516,2135,317.573,129,854.31,15.432894,-128.82011
143647,2136,330.135,131,855.24,14.587422,-129.335098
143777,2137,325.562,130,856.07,14.563388,-129.782673
143913,2138,341.788,136,856.93,16.447744,-129.572354
144043,2139,322.054,130,857.77,14.141573,-129.700505
144173,2140,321.193,130,858.7,15.86794,-129.039185
144304,2141,323.577,131,859.66,13.93541,-129.170213
144433,2142,315.288,129,860.59,18.226142,-129.420855
144567,2143,338.311,134,861.54,16.558911,-129.733651
144697,2144,324.225,130,862.46,14.906583,-129.314398
144823,2145,307.448,126,863.28,14.414611,-129.761127
144948,2146,305.322,125,864.13,16.126723,-129.949402
145087,2147,347.935,139,865.09,15.089448,-129.441103
145212,2148,304.978,125,865.94,14.090684,-129.519743
145346,2149,331.473,134,866.88,13.920711,-129.775819
145481,2150,336.289,135,867.85,16.740159,-129.350086
145613,2151,328.844,132,868.82,16.215121,-129.867222
145745,2152,351.404,132,869.81,16.084143,-129.444573
145875,2153,327.33,130,870.75,15.965938,-129.580986
146006,2154,323.362,131,871.71,14.674603,-129.410118
146134,2155,316.002,128,872.62,13.669736,-129.593445
146262,2156,313.566,128,873.53,15.056395,-129.660107
146390,2157,311.503,128,874.41,16.182341,-129.660062
146519,2158,322.59,129,875.32,15.910296,-129.918918
146653,2159,337.234,134,876.26,15.54368,-129.81119
146786,2160,324.572,133,877.2,13.394908,-129.9439
146913,2161,316.868,127,878.11,14.09281,-129.816709
147065,2162,368.056,152,879.2,15.236824,-129.716943
147191,2163,312.472,126,880.1,14.673062,-129.80482
147319,2164,312.374,128,881.02,13.98887,-129.471914
147451,2165,324.79,132,881.96,14.357119,-128.99555
147578,2166,311.479,127,882.76,14.393972,-129.507436
147712,2167,331.143,134,883.63,14.866924,-129.740614
147841,2168,322.501,129,884.42,15.190791,-129.745051
147973,2169,325.672,132,885.25,14.649977,-129.498369
148100,2170,313.923,127,886.12,13.875146,-129.47682
148227,2171,320.698,127,887.01,15.037056,-129.59818
148355,2172,323.221,128,887.94,13.814576,-129.786069
148485,2173,334.134,130,888.92,14.19631,-129.800695
148610,2174,297.766,125,889.82,14.800434,-130.162241
148740,2175,303.693,130,890.75,15.52128,-130.209072
148866,2176,318.424,126,891.68,15.675413,-129.420056
148998,2177,319.722,132,892.71,14.392832,-129.956369
149128,2178,325.845,130,893.66,14.876683,-129.479316
149268,2179,346.413,140,894.77,17.425476,-129.189708
149395,2180,321.256,127,895.75,15.549061,-130.03869
149522,2181,310.613,127,896.59,16.263467,-128.996405
149654,2182,332.557,132,897.47,14.274953,-129.265287
149787,2183,338.142,133,898.35,13.815211,-129.698649
149918,2184,327.843,131,899.22,13.413375,-129.088087
150048,2185,326.117,130,900.98,13.914846,-129.419925
150176,2186,319.699,128,902.0,12.943568,-129.204436
150303,2187,307.726,127,902.94,14.186233,-129.18443
150431,2188,314.86,128,903.93,12.678043,-129.338856
150556,2189,312.643,125,904.85,13.184969,-129.404824
150684,2190,329.979,128,905.7,15.729337,-129.273453
150815,2191,334.904,131,906.56,13.450832,-129.394469
150945,2192,338.232,130,907.45,14.73065,-129.002537
151073,2193,324.098,128,908.3,14.497144,-129.018682
151202,2194,320.085,129,909.16,13.370327,-129.439718
151334,2195,337.91,132,910.14,13.397773,-129.520861
151460,2196,325.721,126,911.12,13.344666,-129.527925
151590,2197,332.598,130,912.2,13.382557,-129.572792
151720,2198,335.857,130,913.21,14.836036,-129.951396
151849,2199,340.624,129,914.17,16.504083,-129.125309
151979,2200,329.798,130,915.12,13.475018,-129.496308
152107,2201,319.63,128,916.03,15.671294,-129.704852
152238,2202,340.945,131,916.97,12.020208,-129.370605
152368,2203,342.268,130,917.89,12.044526,-128.65334
152498,2204,326.867,130,918.85,14.34422,-129.493009
152630,2205,342.814,132,919.92,13.913133,-129.116012
152762,2206,336.2,132,920.92,15.325824,-129.473491
152890,2207,311.534,128,921.89,13.845157,-129.531476
153019,2208,318.815,129,922.91,14.434559,-129.136438
153147,2209,315.735,128,923.94,12.359358,-129.358401
153276,2210,317.461,129,924.95,14.780246,-129.254115
153408,2211,332.973,132,925.89,13.298922,-128.311973
153537,2212,319.741,129,926.83,14.716233,-129.322546
153668,2213,331.548,131,927.75,14.405661,-128.890743
153798,2214,320.834,130,928.7,11.586454,-129.435597
153930,2215,324.546,132,929.72,15.466069,-129.10721
154059,2216,315.573,129,930.7,13.498139,-128.909401
154186,2217,305.212,127,931.64,14.323479,-129.233043
154316,2218,320.877,130,932.66,14.351001,-129.024451
154448,2219,326.746,132,933.68,14.160129,-129.49206
154580,2220,315.218,132,934.68,13.179886,-129.702861
154711,2221,329.4,131,935.7,14.274295,-129.915887
154844,2222,337.441,133,936.72,14.635112,-128.646222
154972,2223,313.791,128,937.73,12.799477,-128.810886
155102,2224,318.023,130,938.78,11.960922,-129.495964
155233,2225,326.761,131,939.76,13.823864,-128.895149
155365,2226,344.166,132,940.78,14.035439,-129.08893
155493,2227,313.573,128,941.75,13.720451,-129.43069
155626,2228,343.904,133,942.76,13.814524,-129.69394
155762,2229,322.936,136,943.82,16.245719,-129.271493
155891,2230,317.445,129,944.81,13.711997,-129.75291
156024,2231,342.005,133,945.84,14.959241,-129.407125
156158,2232,330.44,134,946.83,14.827507,-129.469385
156289,2233,315.551,131,947.81,13.291654,-129.351202
156419,2234,317.9,130,948.73,13.152171,-129.182675
156549,2235,316.751,130,949.56,11.277842,-128.781989
156685,2236,339.499,136,950.4,12.667533,-129.062164
156818,2237,320.942,133,951.28,12.86409,-129.727694
156954,2238,341.819,136,952.23,13.627545,-129.341443
157085,2239,314.836,131,953.07,13.239542,-129.65753
157224,2240,350.353,139,953.99,13.067162,-129.095365
157359,2241,334.215,135,954.88,14.295311,-129.286374
157492,2242,326.441,133,955.76,12.956255,-129.080708
157622,2243,313.005,130,956.62,15.806432,-129.177745
157759,2244,347.106,137,957.51,11.467102,-129.66593
157890,2245,308.705,131,958.31,12.379532,-129.048385
158021,2246,317.196,131,959.14,12.745016,-128.953694
158152,2247,318.559,131,959.98,13.984544,-128.89362
158270,2248,289.186,118,960.7,13.931824,-129.241135
158406,2249,339.508,136,961.56,14.473015,-129.695904
158541,2250,328.093,135,962.48,12.969167,-128.79306
158673,2251,327.164,132,963.35,14.902521,-129.078846
158802,2252,322.558,129,964.21,14.853744,-128.444875
158935,2253,322.838,133,965.13,12.620788,-129.691087
159063,2254,310.748,128,966.05,13.135037,-129.519047
159187,2255,305.392,124,966.92,14.287308,-128.718597
159321,2256,333.506,134,967.84,15.819638,-129.297113
159448,2257,316.274,127,968.7,13.413385,-128.342624
159582,2258,341.589,134,969.6,13.553043,-129.357232
159709,2259,308.748,127,970.47,14.348961,-128.787282
159840,2260,320.632,131,971.37,12.707125,-128.862794
159974,2261,333.548,134,972.33,12.311998,-128.894704
160104,2262,325.59,130,974.09,11.481021,-128.568982
160237,2263,329.363,133,975.07,12.620834,-129.453203
160365,2264,319.495,128,976.03,12.901559,-129.717388
160509,2265,371.641,144,977.01,12.365132,-128.892222
160644,2266,343.019,135,977.89,13.148477,-128.830002
160781,2267,350.989,137,978.87,13.963134,-129.852978
160909,2268,313.601,128,979.74,13.995483,-129.216805
161042,2269,333.093,133,980.93,10.778576,-129.672428
161186,2270,367.359,144,981.97,13.041395,-129.484903
161321,2271,338.937,135,982.97,11.638941,-129.200434
161463,2272,361.483,142,984.01,12.74488,-128.840574
161599,2273,343.513,136,985.03,15.533899,-128.963661
161733,2274,333.446,134,985.99,14.462217,-129.392516
161864,2275,321.713,131,986.83,10.433452,-128.916114
162007,2276,369.634,143,987.78,12.487263,-129.012522
162147,2277,358.044,140,988.74,12.748068,-129.594265
162284,2278,340.36,137,989.6,14.285638,-129.039016
162432,2279,376.208,148,990.6,12.623199,-129.107122
162571,2280,342.898,139,991.64,13.715379,-128.6142
162707,2281,320.7,136,992.64,13.312176,-129.059587
162855,2282,362.272,148,993.72,13.494022,-128.792384
163002,2283,359.679,147,994.77,13.769495,-129.236542
163151,2284,379.864,149,995.84,13.270886,-129.268215
163294,2285,350.436,143,996.71,12.274878,-128.983719
163439,2286,359.974,145,997.76,13.910158,-129.076137
163567,2287,291.886,128,998.57,13.440063,-128.731666
163695,2288,290.462,128,999.47,13.133906,-128.663014
163840,2289,373.182,145,1000.57,13.255355,-129.821043
163986,2290,359.213,146,1001.68,14.492023,-128.936237
164135,2291,362.161,149,1002.79,15.436319,-129.173774
164281,2292,353.747,146,1003.89,15.571153,-128.974099
164450,2293,386.656,169,1005.1,13.702775,-128.855096
164613,2294,372.535,163,1006.21,14.271917,-129.211333
164750,2295,323.3,137,1007.14,15.516437,-128.464018
164918,2296,407.499,168,1008.26,12.575271,-129.004311
165071,2297,381.573,153,1009.29,13.629352,-129.01564
165227,2298,392.436,156,1010.39,13.018669,-129.413094
165356,2299,341.27,129,1011.29,15.182757,-128.818315
165491,2300,361.603,135,1012.26,13.602517,-128.954825
165650,2301,389.727,159,1013.4,13.305738,-128.979864
165804,2302,387.488,154,1014.43,14.431913,-128.644635
165957,2303,350.953,153,1015.4,12.14212,-129.023334
166102,2304,356.448,145,1016.3,12.427745,-129.516575
166260,2305,376.295,158,1017.29,12.596731,-129.334159
166400,2306,369.242,140,1018.18,12.824678,-129.207739
166544,2307,357.302,144,1019.1,13.641728,-129.399816
166697,2308,369.137,153,1020.13,13.4785,-128.968535
166853,2309,365.323,156,1021.13,12.53424,-129.31273
166982,2310,315.997,129,1021.97,12.107779,-129.118625
167139,2311,372.832,157,1022.94,11.420694,-128.865274
167270,2312,322.039,131,1023.75,12.619675,-129.313412
167396,2313,310.47,126,1024.53,15.058945,-129.016683
167528,2314,345.576,132,1025.34,13.835102,-129.085458
167661,2315,350.414,133,1026.16,11.00586,-128.418292
167803,2316,351.67,142,1027.11,13.018909,-129.105003
167936,2317,344.447,133,1027.99,13.920684,-129.351343
168070,2318,350.599,134,1028.93,13.948894,-129.471831
168206,2319,354.759,136,1029.88,14.470706,-129.189349
168342,2320,364.188,136,1030.82,14.276195,-129.451945
168473,2321,345.108,131,1031.72,13.388634,-128.885554
168610,2322,345.712,137,1032.64,12.408692,-129.387993
168739,2323,337.392,129,1033.5,13.196137,-128.971307
168869,2324,342.144,130,1034.36,13.702786,-129.704175
169009,2325,346.01,140,1035.28,12.794254,-128.97495
169140,2326,310.847,131,1036.16,14.542353,-129.134673
169278,2327,381.325,138,1037.17,11.509664,-129.167998
169411,2328,346.322,133,1038.1,13.066248,-129.033927
169543,2329,353.697,132,1039.06,13.027245,-129.301703
169673,2330,341.196,130,1039.98,15.058718,-129.247097
169804,2331,352.087,131,1040.92,11.389833,-129.212599
169941,2332,356.751,137,1041.85,11.501235,-129.513081
170085,2333,360.725,144,1043.68,12.42213,-128.905067
170218,2334,323.678,133,1044.61,12.283712,-129.63057
170353,2335,364.562,135,1045.56,15.197721,-129.088787
170488,2336,362.016,135,1046.49,12.206748,-129.730213
170623,2337,358.215,135,1047.43,11.982757,-129.177222
170756,2338,356.401,133,1048.34,13.557233,-129.194047
170888,2339,351.943,132,1049.25,15.545602,-129.151031
171020,2340,336.181,132,1050.08,12.83368,-129.262648
171156,2341,362.075,136,1050.93,12.570511,-129.923605
171290,2342,357.04,134,1051.74,15.587257,-129.480745
171426,2343,366.196,136,1052.58,12.940768,-129.295106
171558,2344,350.719,132,1053.4,13.635221,-129.241506
171689,2345,322.627,131,1054.3,12.402588,-129.32175
171828,2346,343.092,139,1055.26,15.110777,-129.606111
171969,2347,356.334,141,1056.28,12.755584,-129.669808
172109,2348,389.791,140,1057.32,12.087402,-129.349301
172241,2349,319.24,132,1058.24,14.001285,-129.14453
172377,2350,323.206,136,1059.1,12.122101,-129.276344
172509,2351,337.527,132,1059.92,14.984159,-129.683534
172647,2352,339.742,138,1060.77,13.797592,-129.091463
172790,2353,360.036,143,1061.65,12.638654,-129.683179
172928,2354,337.598,138,1062.53,12.118443,-129.487274
173068,2355,354.021,140,1063.5,12.835352,-129.41048
173206,2356,339.284,138,1064.45,11.402198,-130.392435
173345,2357,335.03,139,1065.44,13.536187,-129.766027
173484,2358,342.642,139,1066.43,12.828555,-129.617305
173621,2359,337.864,137,1067.44,13.038148,-129.386349
173760,2360,349.184,139,1068.35,13.834536,-129.691592
173896,2361,329.951,136,1069.23,15.842025,-129.44064
174034,2362,342.246,138,1070.11,13.00607,-129.575961
174171,2363,340.851,137,1071.02,12.56838,-129.956143
174317,2364,388.63,146,1072.0,12.460435,-129.182964
174455,2365,339.642,138,1072.99,13.000976,-129.510719
174591,2366,334.886,136,1073.98,12.764941,-129.830288
174727,2367,336.146,136,1074.93,13.098761,-130.257221
174863,2368,342.052,136,1075.91,12.578558,-129.863297
175000,2369,351.664,137,1076.88,11.219876,-130.819653
175138,2370,336.49,138,1077.74,13.031231,-129.833897
175270,2371,347.565,132,1078.61,11.519146,-130.164726
175409,2372,372.296,139,1079.54,14.81469,-129.791393
175549,2373,351.15,140,1080.41,12.378376,-130.508955
175689,2374,346.033,140,1081.29,9.627863,-129.949879
175828,2375,347.464,139,1082.26,12.825108,-129.634535
175969,2376,350.761,141,1083.23,12.75783,-130.35455
176109,2377,348.165,140,1084.24,13.078674,-130.190877
176249,2378,356.438,140,1085.23,14.657702,-130.66198
176391,2379,360.355,142,1086.21,12.396834,-130.232237
176531,2380,350.753,140,1087.08,14.78595,-130.189155
176670,2381,348.083,139,1087.95,11.485464,-129.974023
176809,2382,352.584,139,1088.84,12.382155,-130.257496
176952,2383,367.309,143,1089.7,12.086367,-129.788589
177091,2384,348.899,139,1090.63,12.717632,-130.002769
177226,2385,329.614,135,1091.56,11.625362,-130.382593
177367,2386,356.92,141,1092.55,11.98982,-130.297943
177502,2387,337.566,135,1093.5,11.600113,-130.376747
177641,2388,352.971,139,1094.47,14.681103,-130.180543
177777,2389,349.694,136,1095.35,13.936657,-129.985909
177910,2390,335.059,133,1096.17,13.78115,-130.522417
178067,2391,373.518,157,1097.21,12.296053,-130.194835
178205,2392,353.989,138,1098.08,13.126926,-129.819662
178342,2393,345.44,137,1099.01,13.432296,-130.686915
178480,2394,365.23,138,1099.95,11.509786,-129.796638
178611,2395,323.72,131,1100.87,11.526564,-130.604639
178743,2396,329.232,132,1101.8,13.79383,-130.40256
178877,2397,339.742,134,1102.74,13.040301,-130.648234
179019,2398,371.25,142,1103.71,12.738239,-130.933078
179152,2399,335.851,133,1104.54,11.485501,-130.051235
179288,2400,350.983,136,1105.39,12.208256,-130.007442
179419,2401,320.379,131,1106.2,14.73924,-130.28405
179546,2402,313.832,127,1106.99,12.372477,-130.340387
179674,2403,316.235,128,1107.8,12.80011,-129.949316
179811,2404,356.27,137,1108.71,12.76314,-130.533329
179944,2405,327.967,133,1109.63,15.443725,-130.952594
180080,2406,352.049,136,1111.36,13.430894,-130.549356
180206,2407,316.193,126,1112.28,13.765483,-130.206468
180332,2408,309.512,126,1113.08,15.080025,-130.115548
180459,2409,314.432,127,1113.84,13.086969,-130.789399
180588,2410,318.359,129,1114.59,13.401437,-130.306714
180716,2411,318.107,128,1115.34,13.300456,-130.236991
180843,2412,312.299,127,1116.13,11.345494,-130.573308
180969,2413,311.383,126,1116.9,12.932506,-130.445304
181094,2414,318.604,125,1117.73,13.887842,-130.147074
181231,2415,350.214,137,1118.67,13.308657,-130.820419
181359,2416,321.607,128,1119.52,12.192793,-130.857806
181485,2417,309.091,126,1120.39,11.869089,-130.485473
181613,2418,319.868,128,1121.26,12.233245,-131.361633
181740,2419,319.051,127,1122.06,11.444413,-130.112846
181869,2420,320.781,129,1122.9,11.82408,-130.505977
182004,2421,334.248,135,1123.75,14.193769,-130.605194
182147,2422,353.678,143,1124.67,11.054762,-130.530016
182278,2423,318.995,131,1125.49,11.223096,-130.771625
182407,2424,316.839,129,1126.4,12.585161,-130.170108
182541,2425,333.113,134,1127.34,14.844595,-130.774412
182671,2426,326.084,130,1128.26,11.228563,-130.661713
182809,2427,344.244,138,1129.24,11.86205,-130.48266
182941,2428,337.909,132,1130.13,12.380415,-130.302078
183079,2429,353.605,138,1131.1,12.174424,-130.411457
183214,2430,344.096,135,1132.12,12.051825,-130.039417
183351,2431,343.277,137,1133.23,12.355166,-130.861067
183490,2432,350.878,139,1134.32,10.634091,-131.014179
183621,2433,324.389,131,1135.38,14.304098,-130.813389
183754,2434,331.288,133,1136.29,11.719129,-130.521556
183889,2435,349.276,135,1137.2,13.268617,-130.268964
184021,2436,324.042,132,1138.09,11.843258,-130.248093
184156,2437,342.426,135,1138.96,11.631796,-130.962561
184295,2438,351.407,139,1139.9,12.32805,-130.137245
184431,2439,344.227,136,1141.02,11.821559,-130.579074
184568,2440,343.585,137,1142.1,11.251443,-130.634562
184712,2441,371.133,144,1143.33,12.782599,-130.025536
184848,2442,338.296,136,1144.42,12.459309,-130.581983
184981,2443,326.474,133,1145.4,12.16903,-130.921825
185106,2444,313.098,125,1146.27,13.131507,-130.576234
185245,2445,350.17,139,1147.23,12.600395,-130.410335
185387,2446,368.498,142,1148.24,12.794766,-130.811428
185528,2447,365.58,141,1149.21,12.830792,-130.398033
185671,2448,370.069,143,1150.31,11.556605,-130.478932
185806,2449,345.648,135,1151.34,13.890754,-131.086857
185949,2450,376.445,143,1152.44,11.612926,-130.549802
186078,2451,322.545,129,1153.42,11.960788,-131.152506
186219,2452,359.712,141,1154.5,12.319296,-130.586446
186359,2453,357.704,140,1155.51,11.377917,-130.922474
186502,2454,370.911,143,1156.7,10.257211,-130.733404
186644,2455,373.37,142,1157.81,11.538689,-130.925225
186781,2456,353.072,137,1158.97,13.634253,-130.437819
186920,2457,370.591,139,1160.06,10.918234,-130.832953
187060,2458,361.514,140,1161.23,10.89716,-130.876523
187205,2459,400.122,145,1162.24,11.819893,-130.729679
187354,2460,411.227,149,1163.34,12.202565,-130.519665
187492,2461,350.89,138,1164.39,10.915048,-130.056358
187625,2462,338.801,133,1165.54,14.416806,-131.136438
187765,2463,358.511,140,1166.69,12.102427,-130.972932
187912,2464,408.421,147,1168.0,10.400957,-130.5726
188050,2465,367.591,138,1169.23,11.87477,-130.477961
188188,2466,365.187,138,1170.33,10.6988,-130.536813
188316,2467,339.142,128,1171.31,11.120259,-131.070061
188448,2468,339.668,132,1172.31,12.737379,-130.764666
188573,2469,331.615,125,1173.29,11.846809,-130.160932
188698,2470,325.359,125,1174.27,12.230606,-131.158091
188828,2471,344.307,130,1175.37,13.619662,-130.701169
188953,2472,328.48,125,1176.44,12.548461,-130.461846
189087,2473,346.76,134,1177.54,12.300775,-131.009062
189217,2474,339.21,130,1178.65,11.813575,-130.512676
189347,2475,333.252,130,1179.7,11.717849,-131.344914
189484,2476,359.625,137,1180.8,11.377686,-131.226807
189616,2477,354.859,132,1181.81,11.757254,-130.852288
189745,2478,325.631,129,1182.88,9.837771,-131.082241
189874,2479,332.635,129,1183.92,13.030902,-130.817567
190006,2480,331.042,132,1185.98,11.897098,-130.6515
190135,2481,322.551,129,1186.96,12.905717,-130.499671
190267,2482,338.052,132,1187.88,11.406583,-131.31628
190395,2483,325.306,128,1188.8,11.952057,-130.61195
190524,2484,320.358,129,1189.7,12.357215,-131.263336
190657,2485,333.763,133,1190.61,11.21096,-130.945899
190791,2486,351.078,134,1191.55,11.23377,-130.8087
190918,2487,318.473,127,1192.42,10.148926,-130.475391
191053,2488,346.615,135,1193.37,9.837089,-131.082942
191179,2489,326.872,126,1194.26,12.852689,-131.169995
191303,2490,317.396,124,1195.19,13.377651,-131.09869
191433,2491,329.622,130,1196.16,13.267275,-131.043199
191564,2492,326.719,131,1197.09,11.420247,-130.962094
191696,2493,347.463,132,1198.07,13.184234,-130.58697
191833,2494,357.592,137,1199.07,12.439082,-130.452011
191964,2495,333.002,131,1199.99,10.944205,-131.827811
192095,2496,328.972,131,1200.92,11.797749,-131.153398
192227,2497,335.279,132,1201.84,11.401435,-130.764318
192359,2498,336.888,132,1202.77,11.336444,-131.274707
192491,2499,333.427,132,1203.71,10.966932,-130.912151
192628,2500,356.764,137,1204.72,10.86194,-131.415857
192757,2501,327.572,129,1205.65,12.863502,-130.772681
192889,2502,333.067,132,1206.59,11.826724,-130.902148
193022,2503,340.515,133,1207.54,10.416688,-131.162493
193151,2504,337.032,129,1208.47,13.626583,-131.487062
193278,2505,339.418,127,1209.37,12.833774,-131.494593
193409,2506,328.283,131,1210.31,11.701767,-131.278239
193545,2507,355.203,136,1211.27,11.185079,-131.011139
193671,2508,315.392,126,1212.16,11.75758,-131.604253
193804,2509,339.219,133,1213.1,9.296598,-131.496811
193935,2510,336.378,131,1214.05,12.910515,-131.199597
194067,2511,337.54,132,1215.02,10.288217,-131.826912
194199,2512,334.913,132,1215.98,12.632622,-131.151751
194325,2513,311.648,126,1216.9,12.069325,-131.701416
194460,2514,353.219,135,1217.89,12.417282,-131.260067
194586,2515,316.815,126,1218.71,13.106861,-131.584178
194715,2516,326.592,129,1219.53,10.54477,-131.817718
194846,2517,331.351,131,1220.33,12.125449,-131.560056
194981,2518,347.993,135,1221.2,13.366981,-131.74948
195113,2519,327.303,132,1222.06,10.678455,-132.018329
195243,2520,328.594,130,1222.91,12.583552,-131.57061
195377,2521,346.876,134,1223.88,11.959502,-131.264907
195507,2522,345.08,130,1224.83,11.044595,-131.839958
195638,2523,330.959,131,1225.78,12.162196,-132.182111
195765,2524,324.968,127,1226.72,11.942361,-132.157529
195893,2525,333.091,128,1227.61,10.993323,-131.760466
196004,2526,282.211,111,1228.34,13.24464,-131.528604
196136,2527,343.389,132,1229.17,10.033122,-131.381137
196272,2528,368.125,136,1230.04,10.882573,-131.914905
196404,2529,342.5,132,1230.87,9.89028,-131.836378
196538,2530,364.185,134,1231.73,11.829024,-132.315038
196673,2531,372.181,135,1232.66,12.473735,-132.144844
196802,2532,342.068,129,1233.59,12.156881,-132.270218
196937,2533,355.219,135,1234.56,11.257087,-132.172036
197069,2534,345.681,132,1235.51,11.124124,-131.924954
197204,2535,354.03,135,1236.49,12.620185,-132.134406
197342,2536,359.994,138,1237.48,11.936981,-131.668138
197473,2537,357.829,131,1238.42,11.685561,-132.171369
197605,2538,354.837,132,1239.36,10.85325,-131.704956
197733,2539,350.207,128,1240.3,9.836336,-131.852988
197866,2540,355.918,133,1241.23,11.558537,-131.935499
197989,2541,332.528,123,1242.13,9.983604,-131.616195
198122,2542,350.256,133,1243.09,12.388542,-131.693411
198254,2543,364.926,132,1244.05,12.185341,-131.8619
198375,2544,326.539,121,1244.91,11.480638,-132.047943
198506,2545,354.378,131,1245.82,12.054758,-132.409082
198639,2546,364.639,133,1246.68,11.210263,-132.205184
198770,2547,367.776,131,1247.61,11.925858,-132.215978
198906,2548,373.262,136,1248.61,12.970425,-132.250404
199037,2549,359.818,131,1249.61,11.838243,-132.621085
199170,2550,368.114,133,1250.6,11.32793,-132.450075
199295,2551,347.914,125,1251.49,12.397874,-131.746324
199426,2552,358.967,131,1252.45,12.026467,-132.528828
199556,2553,363.26,130,1253.41,14.187925,-132.774563
199684,2554,352.862,128,1254.3,11.843104,-132.356641
199812,2555,349.427,128,1255.21,11.156698,-132.203708
199945,2556,366.014,133,1256.18,12.146257,-132.128975
200081,2557,383.646,136,1258.01,12.240884,-132.319158
200210,2558,346.258,129,1258.91,10.188881,-132.850403
200338,2559,354.185,128,1259.89,11.061946,-132.398327
200467,2560,348.45,129,1260.81,11.613001,-132.742424
200595,2561,354.093,128,1261.75,12.172003,-132.201176
200725,2562,356.432,130,1262.72,11.205426,-132.624838
200852,2563,341.676,127,1263.65,11.329925,-132.332145
200984,2564,371.289,132,1264.6,12.15364,-132.819108
201116,2565,367.503,132,1265.58,11.439644,-132.755052
201245,2566,353.367,129,1266.57,11.999436,-133.05846
201374,2567,355.219,129,1267.54,13.300972,-132.336048
201506,2568,369.214,132,1268.53,11.717901,-132.283114
201636,2569,359.729,130,1269.53,11.452707,-132.398685
201769,2570,363.046,133,1270.5,11.508215,-132.457425
201901,2571,351.82,132,1271.44,11.412899,-132.859609
202033,2572,367.889,132,1272.32,12.346264,-132.702265
202166,2573,373.738,133,1273.2,11.235114,-132.616544
202299,2574,359.435,133,1274.06,11.80044,-133.159516
202433,2575,358.424,134,1275.01,13.19773,-132.346052
202459,2576,36.699,26,1275.2,13.309126,-132.711712
202484,2577,34.819,25,1275.4,12.688809,-133.853544
202617,2578,367.457,133,1276.35,11.33721,-132.666255
202639,2579,29.308,22,1276.52,9.935452,-132.955046
202773,2580,375.968,134,1277.47,10.167112,-132.826719
202911,2581,376.575,138,1278.39,12.281298,-133.030491
203050,2582,396.0,139,1279.35,12.06188,-133.176604
203180,2583,360.039,130,1280.38,10.386093,-133.225428
203313,2584,377.349,133,1281.41,13.525052,-133.105647
203448,2585,376.632,135,1282.43,9.214022,-132.98048
203590,2586,378.677,142,1283.53,10.997912,-133.360001
203724,2587,367.164,134,1284.56,15.456647,-133.020221
203858,2588,377.232,134,1285.66,12.476233,-133.233939
203997,2589,397.212,139,1286.74,12.046218,-132.848816
204140,2590,418.266,143,1287.86,13.213513,-133.251782
204281,2591,396.103,141,1289.01,13.794934,-133.03522
204413,2592,372.928,132,1290.01,14.555822,-133.005712
204552,2593,357.881,139,1291.06,12.378866,-133.630802
204690,2594,372.497,138,1292.13,10.393217,-132.909857
204826,2595,387.196,136,1293.18,13.319725,-132.580392
204966,2596,393.344,140,1294.27,12.131119,-133.391878
205100,2597,382.851,134,1295.31,11.430055,-132.827922
205244,2598,387.602,144,1296.46,11.851408,-133.231029
205404,2599,403.379,160,1297.73,11.156456,-132.545892
205540,2600,385.296,136,1298.83,12.660048,-133.03848
205680,2601,388.503,140,1299.93,14.649398,-133.25463
205828,2602,398.817,148,1301.08,10.903977,-132.913535
205967,2603,404.154,139,1302.17,12.990568,-132.946327
206100,2604,372.042,133,1303.24,11.996842,-133.747262
206247,2605,409.288,147,1304.43,9.983271,-132.885216
206387,2606,359.099,140,1305.5,13.412377,-133.230155
206524,2607,396.658,137,1306.49,12.059933,-132.875764
206677,2608,423.251,153,1307.55,14.185577,-133.633139
206815,2609,384.82,138,1308.49,9.529779,-133.674712
206968,2610,393.266,153,1309.55,12.908078,-133.227518
207098,2611,319.483,130,1310.51,12.027423,-133.024871
207244,2612,377.433,146,1311.6,12.375275,-133.475699
207389,2613,419.174,145,1312.68,12.201065,-132.697171
207533,2614,411.866,144,1313.74,12.558995,-133.273195
207669,2615,384.225,136,1314.73,12.134457,-133.847857
207804,2616,377.691,135,1315.67,11.796055,-133.786783
207925,2617,329.071,121,1316.52,14.094418,-133.694991
208074,2618,337.275,149,1317.55,12.385915,-134.043963
208212,2619,346.484,138,1318.42,12.879242,-132.954069
208345,2620,368.839,133,1319.31,10.625733,-133.939655
208481,2621,384.166,136,1320.25,12.163886,-133.615958
208620,2622,398.931,139,1321.18,12.417326,-133.407029
208746,2623,288.724,126,1322.06,9.973589,-134.058004
208841,2624,214.836,95,1322.71,12.874861,-133.133386
208995,2625,416.607,154,1323.76,11.866108,-133.855008
209127,2626,317.555,132,1324.58,13.106599,-134.225666
209270,2627,379.055,143,1325.51,10.648265,-133.656801
209415,2628,373.156,145,1326.45,12.960328,-133.839382
209565,2629,429.834,150,1327.41,14.065485,-133.49868
209716,2630,396.831,151,1328.38,13.021267,-133.484173
209868,2631,423.644,152,1329.43,11.056674,-133.602756
210025,2632,421.28,157,1331.44,12.061503,-133.936043
210159,2633,312.187,134,1332.42,12.233317,-134.272366
210309,2634,401.538,150,1333.34,11.284281,-133.861278
210454,2635,376.874,145,1334.22,13.798156,-133.765264
210586,2636,313.967,132,1335.06,14.014278,-133.90674
210718,2637,374.117,132,1336.0,13.864893,-133.449428
210846,2638,302.365,128,1336.92,11.980995,-133.386384
210986,2639,397.305,140,1337.94,11.733736,-134.113889
211128,2640,406.255,142,1339.02,11.321148,-133.441275
211262,2641,356.03,134,1340.06,10.769744,-134.384327
211391,2642,358.099,129,1341.0,14.253152,-133.867374
211517,2643,345.283,126,1341.94,13.683205,-133.498399
211658,2644,405.334,141,1342.87,10.973194,-133.96421
211818,2645,443.838,160,1343.98,14.669659,-134.145578
211966,2646,392.797,148,1344.97,16.118513,-134.037782
212112,2647,362.274,146,1345.96,12.690614,-134.25747
212257,2648,416.471,145,1346.99,12.84713,-134.058367
212399,2649,395.815,142,1348.04,12.873972,-134.449836
212550,2650,385.76,151,1349.12,14.849799,-134.493542
212697,2651,410.924,147,1350.25,14.425214,-134.846678
212826,2652,358.242,129,1351.21,13.117025,-134.559782
212971,2653,391.594,145,1352.28,12.118819,-134.471451
213112,2654,361.871,141,1353.19,13.888181,-133.961708
213260,2655,429.742,148,1354.13,13.39633,-133.686689
213405,2656,426.312,145,1355.04,14.332564,-133.410584
213556,2657,419.768,151,1356.04,14.230198,-134.641224
213708,2658,403.903,152,1357.14,10.957481,-134.45468
213829,2659,332.71,121,1357.97,13.877964,-134.159364
213976,2660,409.668,147,1358.97,12.121353,-134.124446
214119,2661,407.507,143,1359.95,12.954783,-134.871605
214273,2662,435.611,154,1360.9,14.612053,-134.700933
214431,2663,433.302,158,1361.87,12.699937,-134.689937
214586,2664,436.072,155,1362.84,11.370929,-134.651531
214706,2665,263.003,120,1363.6,11.611376,-133.978784
214856,2666,414.797,150,1364.58,12.723937,-134.039026
215002,2667,398.566,146,1365.65,11.355749,-134.479681
215156,2668,426.76,154,1366.73,12.640012,-134.834703
215313,2669,436.615,157,1367.89,12.964246,-134.182819
215460,2670,404.316,147,1368.97,14.692934,-134.612971
215613,2671,427.919,153,1370.02,11.579151,-135.345638
215764,2672,429.3,151,1371.04,13.110883,-134.738484
215921,2673,429.085,157,1372.09,14.075905,-134.678451
216088,2674,496.158,167,1373.2,14.023082,-135.086325
216247,2675,452.241,159,1374.27,12.707961,-134.578221
216399,2676,433.503,152,1375.33,12.822836,-135.26875
216536,2677,391.143,137,1376.29,15.638698,-134.881881
216688,2678,439.445,152,1377.36,13.548367,-135.145383
216839,2679,419.879,151,1378.46,13.013104,-135.028182
216989,2680,433.924,150,1379.51,12.227497,-134.711825
217142,2681,421.687,153,1380.57,11.772973,-134.762322
217291,2682,428.34,149,1381.61,12.790038,-135.405373
217444,2683,429.506,153,1382.65,12.462226,-136.054832
217602,2684,455.887,158,1383.72,15.064527,-135.435943
217754,2685,431.479,152,1384.77,12.587129,-135.319244
217904,2686,421.208,150,1385.82,11.337271,-135.648695
218065,2687,454.435,161,1386.94,11.991514,-135.527693
218236,2688,498.467,171,1388.09,14.328472,-135.111434
218403,2689,480.618,167,1389.11,12.363303,-135.697565
218543,2690,402.256,140,1389.96,13.61434,-135.447699
218690,2691,418.419,147,1390.86,10.72156,-135.608702
218832,2692,352.411,142,1391.73,12.802336,-135.765085
218998,2693,490.269,166,1392.79,13.488005,-135.706824
219175,2694,513.906,177,1393.97,12.363316,-136.378183
219326,2695,440.604,151,1394.97,12.632366,-136.645267
219501,2696,506.499,175,1396.2,12.475638,-136.390406
219660,2697,449.346,159,1397.24,13.233394,-136.050573
219832,2698,490.746,172,1398.31,11.926118,-136.588796
220018,2699,549.173,186,1400.47,12.244096,-136.640216
220204,2700,558.974,186,1401.77,12.469198,-136.89847
220359,2701,452.614,155,1402.9,13.944097,-137.029258
220528,2702,482.825,169,1404.06,12.037071,-136.814096
220708,2703,550.859,180,1405.33,12.945334,-136.500119
220870,2704,452.113,162,1406.39,12.137204,-136.886878
221030,2705,437.184,160,1407.45,13.070312,-136.633197
221185,2706,417.285,155,1408.48,13.62464,-136.538968
221327,2707,351.171,142,1409.44,15.326598,-137.40132
221486,2708,418.784,159,1410.52,13.697631,-137.255347
221653,2709,450.202,167,1411.75,13.993033,-137.203352
221825,2710,507.956,172,1413.01,14.063711,-137.140009
221970,2711,374.152,145,1414.07,12.62735,-137.197801
222097,2712,286.307,127,1415.0,14.844649,-137.286179
222254,2713,427.459,157,1416.11,12.580788,-137.598132
222405,2714,382.828,151,1417.04,13.158811,-137.433969
222558,2715,385.135,153,1418.02,12.874788,-137.723003
222714,2716,408.45,156,1419.0,13.242738,-137.570095
222844,2717,297.416,130,1419.89,13.258597,-138.133934
223011,2718,472.687,167,1421.07,15.365943,-137.819393
223142,2719,299.991,131,1422.02,13.190687,-137.488658
223295,2720,403.821,153,1423.15,13.196013,-138.033621
223451,2721,395.39,156,1424.29,14.318038,-138.252427
223575,2722,273.495,124,1425.12,13.240638,-138.23131
223778,2723,451.353,203,1426.35,13.098336,-138.163514
223953,2724,351.383,175,1427.51,12.117332,-138.17672
224134,2725,356.837,181,1428.67,13.688751,-139.007802
224291,2726,392.557,157,1429.76,14.115179,-138.462077
224480,2727,367.375,189,1431.1,14.263294,-138.788707
224693,2728,531.217,213,1432.6,15.436651,-139.179729
224857,2729,443.653,164,1433.73,13.021968,-139.693273
225062,2730,536.445,205,1435.13,15.809138,-139.716109
225257,2731,586.607,195,1436.42,15.469173,-139.524851
225280,2732,25.518,23,1436.56,10.997061,-140.816376
225435,2733,402.394,155,1437.59,12.64762,-139.944329
225459,2734,27.259,24,1437.76,16.506838,-139.227113
225633,2735,459.408,174,1439.02,15.677292,-139.057044
225802,2736,435.618,169,1440.24,14.614249,-139.490399
225970,2737,460.674,168,1441.46,15.615291,-139.509456
226136,2738,475.164,166,1442.69,15.382595,-139.61963
226314,2739,355.858,178,1443.92,15.66839,-139.860068
226592,2740,776.521,278,1445.71,16.239597,-140.031106
226738,2741,350.304,146,1446.62,14.456368,-139.986425
226924,2742,479.482,186,1447.9,14.625096,-139.897911
227110,2743,529.843,186,1449.26,15.108618,-140.597939
227287,2744,521.509,177,1450.53,16.580597,-140.809829
227526,2745,715.124,239,1452.23,15.289707,-140.579588
227719,2746,493.728,193,1453.44,15.283399,-140.806113
227888,2747,425.963,169,1454.52,15.561884,-140.845635
228061,2748,492.162,173,1455.61,12.204884,-141.037462
228219,2749,382.414,158,1456.61,17.345507,-140.590281
228360,2750,284.935,141,1457.56,13.294504,-141.243797
228526,2751,409.16,166,1458.68,18.296476,-141.060677
228674,2752,328.732,148,1459.68,14.683336,-141.205916
228811,2753,315.037,137,1460.58,16.000907,-141.115571
228976,2754,410.397,165,1461.64,13.648546,-141.158875
229141,2755,472.676,165,1462.76,15.377274,-141.727961
229318,2756,442.733,177,1463.86,13.872417,-141.81914
229483,2757,423.507,165,1464.88,17.178474,-141.63963
229659,2758,424.509,176,1466.02,16.569682,-141.256734
229883,2759,652.96,224,1467.61,16.096595,-141.30237
230097,2760,628.248,214,1470.15,15.707399,-141.978857
230232,2761,309.396,135,1471.05,15.183719,-142.425909
230390,2762,410.684,158,1472.01,14.871974,-141.704228
230572,2763,514.373,182,1473.13,14.45704,-141.661799
230793,2764,675.355,221,1474.58,14.91906,-142.081719
231020,2765,698.117,227,1476.2,16.33592,-142.180725
231191,2766,465.272,171,1477.39,15.801475,-142.665088
231330,2767,341.23,139,1478.38,17.668839,-142.499105
231468,2768,343.379,138,1479.29,17.788857,-142.440328
231621,2769,403.696,153,1480.25,16.027514,-142.544554
231759,2770,337.381,138,1481.15,14.403526,-143.126212
231895,2771,335.154,136,1482.04,16.64365,-142.729641
232029,2772,320.996,134,1482.89,18.888664,-142.589728
232161,2773,319.027,132,1483.75,15.489617,-143.122453
232305,2774,368.262,144,1484.72,16.871315,-142.131821
232498,2775,570.811,193,1486.06,16.280042,-143.043115
232648,2776,392.449,150,1487.12,16.265359,-142.699892
232789,2777,355.235,141,1488.15,15.814268,-142.824428
232926,2778,340.046,137,1489.2,15.889962,-142.663634
233065,2779,344.301,139,1490.25,18.821116,-142.765883
233208,2780,362.027,143,1491.36,15.48529,-143.640884
233353,2781,367.087,145,1492.5,17.181221,-143.221085
233527,2782,497.652,174,1493.78,16.92408,-142.583663
233665,2783,343.032,138,1494.77,15.25029,-143.508703
233854,2784,550.01,189,1496.13,16.474901,-143.552789
234046,2785,564.65,192,1497.55,15.441643,-143.121028
234190,2786,364.516,144,1498.65,13.521398,-143.624192
234424,2787,739.689,234,1500.45,15.85434,-143.129533
234613,2788,560.621,189,1501.93,15.384175,-143.170373
234754,2789,362.41,141,1502.92,16.565879,-143.260686
234945,2790,556.783,191,1504.23,14.938724,-143.624232
235151,2791,623.097,206,1505.58,16.007755,-143.504942
235296,2792,370.204,145,1506.56,15.976832,-143.123938
235438,2793,361.496,142,1507.69,16.442005,-144.50922
235581,2794,368.117,143,1508.86,17.596527,-144.085001
235681,2795,215.702,100,1509.68,16.146682,-144.178024
235836,2796,422.946,155,1510.94,15.070382,-144.109644
235977,2797,359.661,141,1512.03,14.530563,-144.477074
236076,2798,215.565,99,1512.7,15.633154,-144.047114
236175,2799,214.46,99,1513.34,13.951761,-143.563057
236274,2800,212.49,99,1513.99,17.359573,-143.609513
236463,2801,555.963,189,1515.23,19.776737,-144.36053
236607,2802,360.915,144,1516.28,18.588653,-145.01223
236800,2803,569.973,193,1517.75,15.023586,-144.676427
236982,2804,526.986,182,1519.21,16.182349,-144.70326
237124,2805,352.232,142,1520.38,18.841061,-144.72272
237282,2806,437.412,158,1521.66,14.40933,-145.522422
237456,2807,489.553,174,1523.08,17.75067,-144.930953
237599,2808,359.442,143,1524.36,14.842906,-145.104303
237738,2809,337.222,139,1525.52,14.204902,-144.839251
237890,2810,384.575,152,1526.73,17.256749,-144.828899
238027,2811,331.528,137,1527.79,20.440282,-144.538404
238178,2812,388.666,151,1528.9,16.428825,-145.072884
238363,2813,536.132,185,1530.34,18.64693,-145.096397
238537,2814,497.91,174,1531.73,14.923286,-145.00549
238703,2815,458.774,166,1533.16,16.333114,-145.073555
238842,2816,345.598,139,1534.28,16.941887,-145.046557
239012,2817,480.191,170,1535.7,18.742312,-146.002346
239179,2818,456.2,167,1537.06,16.491413,-146.105137
239354,2819,495.93,175,1538.45,17.161615,-145.071366
239513,2820,434.224,159,1539.79,16.007916,-145.561018
239682,2821,485.899,169,1541.1,15.917825,-145.450368
239845,2822,445.587,163,1542.43,17.642446,-145.753921
239993,2823,367.907,148,1543.73,16.928,-145.799773
240171,2824,516.963,178,1546.46,15.798557,-146.160959
240354,2825,533.456,183,1547.76,16.426242,-146.374106
240526,2826,485.157,172,1548.97,17.154874,-145.725661
240700,2827,496.63,174,1550.19,17.254954,-146.190133
240869,2828,478.797,169,1551.34,14.907668,-146.827184
241046,2829,508.397,177,1552.63,13.724775,-145.928669
241222,2830,512.699,176,1553.89,17.643893,-146.402289
241401,2831,520.962,179,1555.19,16.020839,-146.138511
241576,2832,502.872,175,1556.43,15.174509,-146.605317
241761,2833,537.455,185,1557.71,14.599793,-146.781417
241955,2834,570.978,194,1559.03,17.920671,-146.784689
242136,2835,542.144,181,1560.28,19.26565,-146.765922
242308,2836,503.227,172,1561.55,18.968004,-147.623346
242468,2837,447.877,160,1562.72,18.43253,-146.955099
242645,2838,530.481,177,1564.01,16.623708,-147.217098
242824,2839,535.337,179,1565.34,17.056047,-147.130413
243013,2840,572.536,189,1566.67,17.141148,-146.924451
243194,2841,544.211,181,1567.95,15.532947,-147.271833
243377,2842,553.393,183,1569.23,16.386567,-147.089678
243557,2843,546.224,180,1570.5,16.933169,-146.849885
243742,2844,551.738,185,1571.85,16.621134,-147.525829
243920,2845,530.061,178,1573.16,19.481689,-147.993836
244093,2846,527.502,173,1574.41,17.097534,-147.498388
244268,2847,536.754,175,1575.67,15.270556,-147.19047
244446,2848,555.893,178,1576.93,16.889689,-147.226959
244630,2849,543.071,184,1578.23,18.018613,-147.755444
244809,2850,539.99,179,1579.48,17.009728,-147.529059
244988,2851,524.958,179,1581.01,16.630323,-148.02503
245168,2852,543.755,180,1582.31,15.802187,-148.710168
245357,2853,579.755,189,1583.7,15.785519,-148.545367
245539,2854,544.127,182,1585.02,16.639583,-148.353105
245721,2855,551.245,182,1586.24,17.092524,-148.56959
245905,2856,539.015,184,1587.33,16.915425,-148.030556
246083,2857,542.68,178,1588.39,13.838814,-148.109113
246258,2858,526.866,175,1589.45,15.395179,-148.480319
246434,2859,546.773,176,1590.64,15.137141,-148.743162
246619,2860,555.919,185,1591.94,18.832289,-148.036183
246799,2861,551.918,180,1593.24,18.142374,-149.002146
246976,2862,543.982,177,1594.48,18.581394,-148.211213
247157,2863,549.675,181,1595.58,19.381385,-148.783638
247331,2864,510.126,174,1596.66,15.475844,-148.982365
247524,2865,571.25,193,1597.83,18.815174,-148.917533
247709,2866,566.536,185,1599.02,15.181457,-148.799888
247881,2867,524.819,172,1600.19,15.828366,-148.675056
248069,2868,556.011,188,1601.49,15.245097,-148.978585
248246,2869,536.827,177,1602.75,16.383902,-149.488917
248431,2870,543.816,185,1604.06,14.648814,-149.216509
248611,2871,508.868,180,1605.37,18.188073,-148.653915
248787,2872,524.017,176,1606.68,15.216797,-149.857336
248964,2873,521.342,177,1608.0,15.762157,-148.768199
249142,2874,542.306,178,1609.15,17.974508,-149.19976
249320,2875,529.961,178,1610.34,17.643818,-149.143586
249525,2876,619.741,205,1611.67,16.826747,-149.003461
249715,2877,576.66,190,1613.05,17.429384,-149.657698
249901,2878,575.445,186,1614.48,16.41273,-149.286722
250083,2879,548.399,182,1617.02,16.423718,-149.534868
250282,2880,605.572,199,1618.47,15.536517,-149.751078
250480,2881,585.114,198,1619.88,17.958012,-149.837329
250676,2882,601.084,196,1621.24,15.201054,-148.616225
250866,2883,574.625,190,1622.65,16.696098,-149.868644
251047,2884,535.272,181,1624.11,16.084643,-149.057187
251232,2885,571.556,185,1625.57,18.507296,-149.999878
251414,2886,560.055,182,1626.95,18.342242,-149.958702
251598,2887,562.602,184,1628.25,16.12237,-149.47626
251777,2888,514.387,179,1629.55,14.158473,-150.105055
251975,2889,611.015,198,1630.96,16.61868,-149.671159
252162,2890,570.395,187,1632.35,15.25198,-149.974252
252345,2891,570.171,183,1633.73,16.611002,-149.97092
252531,2892,535.283,186,1635.15,14.885794,-149.777268
252719,2893,565.695,188,1636.56,16.739874,-150.288104
252911,2894,555.773,192,1638.07,16.790516,-150.199308
253106,2895,582.646,195,1639.63,15.198858,-150.439128
253293,2896,548.008,187,1641.06,16.545519,-149.867659
253475,2897,555.299,182,1642.37,14.996941,-149.945887
253660,2898,533.256,185,1643.62,18.308444,-150.40821
253851,2899,559.124,191,1645.0,16.163905,-150.257508
254046,2900,560.373,195,1646.4,15.036302,-150.698962
254230,2901,523.29,184,1647.8,18.396665,-150.150717
254416,2902,540.891,186,1649.24,15.634603,-150.571335
254613,2903,571.87,197,1650.78,17.062037,-150.638993
254802,2904,549.831,189,1652.25,14.480993,-150.482087
254998,2905,561.012,196,1653.76,17.378889,-150.828559
255192,2906,559.956,194,1655.22,14.527236,-150.666931
255397,2907,609.302,205,1656.81,15.115007,-150.476622
255598,2908,604.795,201,1658.32,15.15601,-150.729407
255802,2909,628.75,204,1659.92,17.81346,-151.37018
256010,2910,607.335,208,1661.57,16.21309,-151.657855
256221,2911,621.596,211,1663.27,14.35555,-151.011784
256425,2912,593.614,204,1664.83,16.302752,-150.962859
256623,2913,582.481,198,1666.32,15.252969,-151.075592
256825,2914,602.648,202,1667.75,16.750591,-151.039311
257029,2915,601.393,204,1669.2,15.480015,-151.024913
257249,2916,684.206,220,1670.78,15.909983,-151.584953
257456,2917,629.742,207,1672.05,16.181509,-151.870909
257690,2918,741.757,234,1673.6,17.627285,-151.467791
257882,2919,559.886,192,1674.91,16.570997,-152.013428
258080,2920,585.892,198,1676.36,15.017039,-152.249461
258276,2921,579.439,196,1677.81,14.823908,-151.368892
258373,2922,219.033,97,1678.54,15.321881,-152.33338
258574,2923,614.377,201,1680.02,14.948029,-151.717692
258786,2924,646.536,212,1681.49,17.84469,-152.139215
258986,2925,605.589,200,1682.9,19.170155,-152.381732
259193,2926,628.813,207,1684.33,16.002358,-152.167894
259405,2927,656.858,212,1685.88,16.450263,-152.438691
259608,2928,624.723,203,1687.38,18.149191,-152.820413
259817,2929,612.489,209,1688.84,16.622884,-152.798613
260003,2930,544.127,186,1691.16,17.399476,-152.251648
260208,2931,619.627,205,1692.56,17.007743,-152.439492
260422,2932,641.467,214,1693.9,19.40699,-152.591138
260626,2933,609.111,204,1695.29,17.272119,-153.069361
260826,2934,595.884,200,1696.7,16.313538,-152.897421
261018,2935,561.67,192,1698.06,16.743169,-153.933347
261220,2936,610.302,202,1699.43,16.432809,-153.013127
261425,2937,612.276,205,1700.76,16.22937,-153.484174
261519,2938,205.005,94,1701.37,17.130248,-153.529879
261717,2939,571.67,198,1702.73,18.489871,-152.890526
261920,2940,608.725,203,1704.19,18.227333,-153.28106
262122,2941,609.866,202,1705.68,18.825074,-153.904886
262319,2942,573.538,197,1707.21,17.716011,-153.434158
262521,2943,601.533,202,1708.67,17.952252,-153.782461
262727,2944,616.944,206,1710.18,18.206555,-153.280331
262925,2945,585.591,198,1711.63,17.342196,-154.159404
263123,2946,599.927,198,1713.09,16.858839,-154.029629
263285,2947,421.185,162,1714.32,18.521584,-153.527389
263475,2948,524.484,190,1715.73,14.445318,-154.669543
263650,2949,457.609,175,1717.07,15.710462,-154.265417
263834,2950,533.603,184,1718.4,18.411356,-155.277565
264037,2951,603.636,203,1719.86,15.926162,-154.72232
264235,2952,590.851,198,1721.3,16.543808,-153.882686
264412,2953,490.42,177,1722.57,18.613236,-154.507211
264613,2954,564.613,201,1724.03,18.212537,-154.66923
264816,2955,579.35,203,1725.5,15.657792,-154.337378
265019,2956,603.532,203,1726.97,15.45412,-155.112086
265204,2957,522.68,185,1728.18,16.354866,-154.432115
265410,2958,608.897,206,1729.48,18.363739,-154.297288
265613,2959,615.014,203,1730.74,16.343122,-155.122647
265817,2960,606.023,204,1732.13,15.786956,-154.987485
266020,2961,590.439,203,1733.6,15.612781,-154.818707
266223,2962,608.59,203,1735.06,19.581991,-155.293731
266418,2963,566.86,195,1736.46,17.206985,-154.967211
266621,2964,603.104,203,1737.72,16.133369,-154.530234
266821,2965,602.147,200,1738.99,15.783239,-155.477037
267024,2966,607.639,203,1740.31,14.72632,-155.552568
267226,2967,601.509,202,1741.69,15.635328,-155.562394
267432,2968,599.601,206,1743.16,16.831312,-155.336402
267631,2969,595.389,199,1744.59,18.93795,-155.435835
267853,2970,703.589,222,1746.17,15.350566,-155.633031
268060,2971,600.088,207,1747.6,17.45571,-155.201738
268153,2972,201.013,93,1748.24,19.421404,-156.093886
268361,2973,618.024,208,1749.7,16.619708,-155.570821
268568,2974,615.582,207,1751.16,18.277694,-156.366351
268787,2975,687.543,219,1752.69,17.672367,-156.165393
268991,2976,605.327,204,1754.15,17.990986,-156.041148
269197,2977,592.172,206,1755.51,16.111497,-156.453896
269405,2978,602.932,208,1756.79,19.368044,-156.507092
269612,2979,607.57,207,1758.09,19.467173,-156.127173
269804,2980,551.376,192,1759.35,16.814826,-156.274626
270010,2981,613.5,206,1762.09,16.46992,-156.44854
270221,2982,629.397,211,1763.66,18.067453,-156.170542
270427,2983,596.575,206,1764.92,16.847904,-157.560156
270650,2984,698.594,223,1766.3,19.707182,-156.587742
270854,2985,607.546,204,1767.54,18.941649,-156.787284
271058,2986,608.217,204,1768.93,17.679846,-156.550125
271266,2987,603.259,208,1770.35,16.064615,-156.568394
271476,2988,622.891,210,1771.78,18.1951,-156.944046
271685,2989,628.946,209,1773.18,19.423869,-156.476209
271896,2990,633.683,211,1774.61,18.072636,-157.154701
272110,2991,654.473,214,1776.03,16.74889,-157.246129
272319,2992,622.542,209,1777.47,18.319976,-158.196908
272536,2993,657.665,217,1779.01,19.457195,-158.06033
272745,2994,611.449,209,1780.55,16.630942,-157.763033
272955,2995,628.705,210,1782.03,18.16292,-157.654283
273165,2996,620.72,210,1783.38,16.311807,-157.952938
273399,2997,733.077,234,1784.86,16.139594,-158.037086
273640,2998,759.476,241,1786.48,16.279238,-158.112423
273861,2999,677.112,221,1788.09,15.327806,-157.606823
273957,3000,206.491,96,1788.81,12.924541,-157.970772
274189,3001,712.936,232,1790.48,15.63981,-158.237805
274421,3002,734.256,232,1791.96,17.985993,-158.656938
274661,3003,778.062,240,1793.48,16.967843,-158.549949
274899,3004,754.607,238,1794.99,17.364684,-158.58637
275132,3005,737.006,233,1796.57,18.893419,-158.86361
275370,3006,750.954,238,1798.23,19.116004,-158.329046
275590,3007,661.996,220,1799.78,18.898956,-159.313345
275824,3008,735.279,234,1801.32,18.400978,-159.405424
276016,3009,552.172,192,1802.53,17.267433,-159.25955
276254,3010,746.514,238,1804.09,18.045079,-159.542211
276488,3011,728.894,234,1805.7,15.83216,-159.037459
276702,3012,636.723,214,1807.22,16.976327,-159.728694
276959,3013,806.128,257,1809.04,17.713689,-159.00435
277190,3014,721.564,231,1810.54,19.49705,-160.099617
277442,3015,791.232,252,1812.16,18.603252,-159.84459
277684,3016,750.992,242,1813.78,18.197236,-159.883147
277947,3017,808.964,263,1815.71,20.168429,-160.92813
278171,3018,691.635,224,1817.31,18.683942,-160.556095
278406,3019,707.844,235,1818.89,18.857328,-160.028878
278608,3020,597.826,202,1820.15,19.259015,-160.034527
278819,3021,627.45,211,1821.5,16.842466,-160.796086
279065,3022,764.644,246,1823.07,18.604634,-160.318027
279308,3023,750.999,243,1824.65,18.476049,-160.60832
279524,3024,643.082,216,1826.09,15.65369,-161.433609
279779,3025,793.684,255,1827.74,18.447629,-160.862351
280023,3026,767.765,244,1830.57,17.788939,-161.132307
280278,3027,795.691,255,1832.28,16.961398,-161.182686
280482,3028,609.708,204,1833.64,18.037628,-161.325717
280670,3029,541.084,188,1834.89,18.218054,-160.869284
280885,3030,657.195,215,1836.31,18.314149,-161.6906
281127,3031,766.028,242,1837.84,16.957011,-161.372207
281362,3032,741.326,235,1839.33,17.770385,-162.12793
281587,3033,702.191,225,1840.85,19.773512,-162.161871
281838,3034,786.651,251,1842.62,16.634724,-161.821841
282050,3035,638.802,212,1844.12,18.545344,-162.22802
282296,3036,775.658,246,1845.78,20.988539,-162.577244
282546,3037,794.059,250,1847.72,17.145495,-162.721372
282783,3038,744.002,237,1849.66,19.778331,-162.653311
282989,3039,613.19,206,1851.02,18.2968,-162.501006
283212,3040,672.411,223,1852.53,16.521793,-163.059894
283422,3041,628.052,210,1853.9,15.697928,-162.952393
283672,3042,788.148,250,1855.88,16.790051,-163.376284
283884,3043,644.022,212,1857.56,18.200914,-163.203733
283982,3044,215.553,98,1858.31,15.149906,-163.809582
284205,3045,682.24,223,1859.94,17.626104,-163.830597
284375,3046,429.074,170,1861.14,16.287122,-163.17473
284611,3047,718.934,236,1862.83,18.372306,-164.112557
284845,3048,743.776,234,1864.54,21.502481,-163.586658
285077,3049,732.034,232,1866.22,15.905971,-163.429527
285308,3050,724.816,231,1867.96,20.368644,-164.036174
285509,3051,586.337,201,1869.42,20.366877,-163.604261
285706,3052,564.904,197,1870.8,22.134644,-163.477327
285912,3053,610.026,206,1872.21,17.775278,-163.97347
286017,3054,238.989,105,1872.9,15.691047,-164.892615
286253,3055,742.382,236,1874.78,17.150959,-165.090965
286493,3056,757.346,240,1876.55,19.040717,-164.256152
286732,3057,747.201,239,1878.4,16.769436,-164.117943
286951,3058,671.688,219,1880.3,16.241314,-164.559388
287192,3059,761.661,241,1882.44,19.298417,-164.66639
287423,3060,723.641,231,1884.33,18.229305,-164.418951
287659,3061,738.477,236,1886.17,22.768345,-165.07011
287900,3062,761.461,241,1887.96,17.856837,-164.266772
288129,3063,718.602,229,1889.85,19.291951,-164.806172
288341,3064,634.566,212,1891.6,17.486115,-165.512139
288563,3065,679.177,222,1893.52,15.667942,-165.191652
288814,3066,791.89,251,1895.5,21.186302,-165.224496
289044,3067,722.392,230,1897.26,18.45093,-165.400284
289212,3068,433.963,168,1898.53,19.584876,-165.568962
289382,3069,432.438,170,1899.92,21.356171,-165.383545
289476,3070,197.475,94,1900.76,20.995745,-165.241902
289715,3071,786.017,239,1902.81,19.03179,-165.513234
289979,3072,836.118,264,1904.86,18.421401,-165.55898
290155,3073,469.616,176,1906.96,18.539847,-166.072723
290333,3074,458.485,178,1908.24,19.195387,-165.709403
290590,3075,807.236,257,1910.08,22.691867,-166.677679
290840,3076,798.445,250,1911.92,20.126049,-166.475523
291095,3077,799.409,255,1913.75,18.744699,-166.763039
291263,3078,423.615,168,1914.94,19.473002,-166.550839
291505,3079,768.679,242,1916.64,22.757563,-167.144307
291715,3080,617.859,210,1918.15,20.236929,-167.044716
291962,3081,812.134,247,1919.95,24.4189,-166.971057
292158,3082,568.032,196,1921.35,19.705664,-166.462276
292402,3083,764.452,244,1923.1,20.281213,-167.578912
292627,3084,707.029,225,1924.68,21.619712,-167.569034
292718,3085,188.956,91,1925.31,19.452903,-166.766125
292929,3086,610.309,211,1926.8,22.005109,-167.22247
293176,3087,778.19,247,1928.58,26.904224,-166.759654
293410,3088,737.482,234,1930.3,20.95541,-167.324212
293612,3089,601.76,202,1931.8,21.98469,-167.214457
293878,3090,821.979,266,1933.69,21.881055,-167.637573
293972,3091,199.7,94,1934.34,15.755456,-168.186518
294231,3092,811.276,259,1936.12,19.724089,-167.404482
294494,3093,804.154,263,1937.86,25.077134,-168.050177
294751,3094,812.541,257,1939.59,22.338914,-168.370749
294955,3095,593.307,204,1941.02,19.33234,-168.830379
295207,3096,787.593,252,1942.81,17.662675,-168.142181
295479,3097,867.834,272,1944.72,19.646288,-168.687982
295747,3098,834.214,268,1946.6,19.928253,-168.240032
296001,3099,809.129,254,1948.44,19.851275,-168.353248
296242,3100,773.153,241,1950.18,21.238739,-169.07613
296485,3101,767.879,243,1951.92,19.021612,-168.786542
296702,3102,663.336,217,1953.42,20.118208,-168.884106
296946,3103,776.6,244,1955.12,20.997398,-169.286806
297213,3104,850.499,267,1956.91,22.007683,-169.527556
297426,3105,641.024,213,1958.33,24.269877,-169.411331
297636,3106,650.692,210,1959.85,16.238178,-169.644279
297870,3107,763.912,234,1961.41,19.956906,-169.226274
298078,3108,639.213,208,1962.65,15.997047,-169.079835
298302,3109,694.724,224,1964.01,23.206171,-169.779509
298505,3110,605.364,203,1965.28,19.409113,-169.257586
298714,3111,637.881,209,1966.8,21.428351,-169.423397
298932,3112,670.386,218,1968.45,22.908381,-168.965665
299136,3113,642.081,204,1969.96,18.647306,-168.986852
299418,3114,891.08,282,1972.14,22.313786,-170.552078
299628,3115,639.651,210,1973.7,20.767838,-170.243088
299846,3116,662.985,218,1975.36,20.423779,-169.956627
300068,3117,695.761,222,1978.31,23.742282,-170.086487
300250,3118,545.017,182,1979.74,20.601543,-170.145519
300502,3119,809.361,252,1981.64,19.072408,-169.740326
300669,3120,437.862,167,1982.92,18.953464,-170.650302
300883,3121,659.159,214,1984.47,24.471522,-170.620714
301137,3122,803.729,254,1986.13,22.130927,-170.70564
301347,3123,640.183,210,1987.51,27.363888,-170.664634
301553,3124,625.386,206,1988.99,18.09442,-170.557407
301764,3125,667.441,211,1990.65,19.337704,-170.624426
301974,3126,630.296,210,1992.3,16.75053,-170.698935
302227,3127,819.558,253,1994.18,21.449153,-170.805141
302412,3128,547.045,185,1995.56,19.447933,-170.899669
302619,3129,623.692,207,1997.17,18.640346,-170.709279
302828,3130,629.88,209,1998.78,20.661064,-170.74798
303033,3131,625.927,205,2000.44,20.214023,-170.941715
303262,3132,732.884,229,2002.24,19.802665,-171.303666
303481,3133,664.074,219,2003.96,24.982037,-170.915214
303725,3134,777.598,244,2005.84,20.057247,-171.452904
303977,3135,831.472,252,2007.79,21.25072,-171.274652
304241,3136,841.912,264,2009.85,22.009296,-171.747818
304484,3137,801.297,243,2011.67,19.228404,-171.728604
304731,3138,788.993,247,2013.53,21.913411,-171.666558
304971,3139,786.914,240,2015.38,24.488941,-171.945112
305178,3140,620.404,207,2016.98,23.927846,-172.106461
305390,3141,646.643,212,2018.61,19.135663,-171.884981
305641,3142,784.521,251,2020.56,21.160585,-171.791223
305868,3143,727.295,227,2022.3,21.839688,-172.137928
306075,3144,627.63,207,2023.89,22.043962,-171.725871
306285,3145,621.614,210,2025.54,21.988657,-171.911403
306518,3146,755.47,233,2027.26,18.753695,-172.689971
306831,3147,1032.742,313,2029.29,20.103553,-172.759152
307081,3148,809.225,250,2030.89,23.268964,-173.564339
307323,3149,762.901,242,2032.46,21.867223,-172.861007
307580,3150,821.895,257,2034.25,21.625053,-173.291977
307817,3151,758.432,237,2035.93,18.133555,-172.985208
307984,3152,411.908,167,2037.11,16.944263,-172.545285
308068,3153,172.094,84,2037.62,18.694827,-173.673201
308370,3154,997.869,302,2039.54,20.865321,-173.390098
308651,3155,888.381,281,2041.3,24.986643,-173.360439
308818,3156,439.182,167,2042.43,16.630995,-173.543112
309092,3157,870.904,274,2044.34,18.918867,-172.919295
309295,3158,631.785,203,2045.8,22.145902,-173.116561
309529,3159,752.771,234,2047.49,23.276159,-172.848985
309762,3160,736.347,233,2049.12,24.775655,-173.517689
310011,3161,801.784,249,2052.39,18.548616,-173.680415
310273,3162,838.961,262,2054.33,18.842306,-173.59639
310355,3163,162.663,82,2054.92,22.92718,-175.118888
310614,3164,757.742,259,2056.75,18.596039,-173.447832
310780,3165,420.912,166,2057.88,33.163982,-174.323099
310990,3166,662.474,210,2059.36,22.536355,-173.778779
311319,3167,1035.89,329,2061.79,24.851112,-173.990194
311596,3168,857.788,277,2063.78,17.757,-174.655421
311898,3169,1004.752,302,2065.76,17.320959,-173.913747
312177,3170,854.152,279,2067.6,21.3661,-174.768177
312439,3171,825.582,262,2069.39,22.868944,-174.058747
312708,3172,810.814,269,2071.34,22.24576,-174.695326
312977,3173,838.713,269,2073.33,23.2783,-174.543338
313248,3174,847.311,271,2075.14,25.476791,-175.277963
313530,3175,877.39,282,2076.96,27.394444,-175.1625
313817,3176,907.037,287,2078.88,22.064858,-174.898312
314064,3177,775.546,247,2080.71,23.436264,-175.531067
314286,3178,709.682,222,2082.4,26.857756,-175.281598
314493,3179,614.068,207,2083.96,18.696279,-175.484362
314749,3180,811.428,256,2085.83,26.732162,-175.655917
315005,3181,832.706,256,2087.59,21.727067,-175.329751
315250,3182,798.375,245,2089.35,22.422281,-176.250498
315516,3183,812.833,266,2091.28,25.748113,-175.598544
315781,3184,837.322,265,2093.15,25.440236,-175.700164
316104,3185,1075.182,323,2095.23,21.572565,-176.062734
316357,3186,844.403,253,2096.81,25.54353,-175.931111
316624,3187,834.579,267,2098.61,20.936104,-176.813298
316918,3188,985.09,294,2100.75,22.401722,-176.390198
317004,3189,166.017,86,2101.36,34.581674,-176.49979
317260,3190,842.28,256,2103.0,24.121611,-175.736798
317588,3191,1064.84,328,2105.05,21.641258,-176.926063
317841,3192,803.935,253,2106.69,21.719912,-176.65174
318104,3193,846.253,263,2108.51,25.105959,-176.713703
318374,3194,830.844,270,2110.38,22.640769,-176.92075
318689,3195,1066.018,315,2112.46,25.466486,-177.042344
318966,3196,864.751,277,2114.34,17.952874,-176.70077
319224,3197,860.645,258,2116.18,22.582998,-177.588925
319455,3198,742.772,231,2117.94,24.093377,-177.358319
319698,3199,623.771,243,2119.74,22.394269,-177.092147
320003,3200,1011.742,305,2124.38,26.338373,-177.589971
320362,3201,1064.565,359,2127.13,24.297242,-177.408466
320826,3202,1501.246,464,2130.28,27.022015,-177.546338
321239,3203,1384.357,413,2132.92,21.232148,-177.79404
321510,3204,856.832,271,2134.83,26.427306,-177.675984
322007,3205,1492.723,497,2138.37,24.452913,-177.357068
322436,3206,1324.534,429,2141.16,25.092805,-177.838623
322723,3207,928.922,287,2143.04,22.126371,-178.35808
323082,3208,1101.872,359,2145.55,23.107628,-178.691632
323491,3209,1320.413,409,2148.32,25.770221,-178.575434
323659,3210,401.169,168,2149.43,22.171689,-178.576305
323886,3211,736.168,227,2150.89,27.540058,-179.291614
324294,3212,1297.37,408,2153.88,24.620184,-178.613878
324541,3213,831.632,247,2155.76,28.386381,-179.227292
324892,3214,1061.655,351,2158.18,24.524942,-178.884135
325160,3215,862.586,268,2159.91,24.990103,-179.005835
325330,3216,448.231,170,2161.07,21.72255,-178.758654
325605,3217,880.451,275,2163.07,29.827932,-178.818183
325922,3218,1064.567,317,2165.36,26.662682,-179.037685
326268,3219,1118.332,346,2167.69,20.920872,-179.750034
326653,3220,1229.058,385,2170.15,21.605353,-179.497497
326929,3221,869.728,276,2172.1,21.709228,-179.787948
327271,3222,1121.988,342,2174.56,23.841631,-179.217977
327879,3223,1850.844,608,2178.36,25.163082,-179.698776
328189,3224,976.972,310,2180.47,23.189492,-180.209675
328752,3225,1766.659,563,2184.52,20.824916,-180.303852
329064,3226,1041.262,312,2186.52,28.116588,-180.071634
329468,3227,1266.375,404,2189.06,23.842833,-180.541677
329710,3228,659.286,242,2190.71,28.923212,-181.047425
330043,3229,1076.92,333,2194.04,25.769706,-180.566687
330356,3230,1005.761,313,2196.13,28.211689,-180.634229
330597,3231,611.059,241,2197.69,21.125914,-180.413061
330752,3232,344.76,155,2198.7,20.946206,-180.637514
331147,3233,1145.891,395,2201.24,24.490152,-180.870591
331309,3234,389.073,162,2202.22,32.83387,-180.779809
331470,3235,392.586,161,2203.18,26.726861,-180.878352
332279,3236,2001.73,809,2208.56,23.669014,-181.664358
332867,3237,1590.455,588,2213.05,26.218359,-181.673819
333391,3238,1477.882,524,2216.96,24.192019,-182.144576
333571,3239,491.859,180,2218.19,20.481093,-182.328259
333680,3240,240.238,109,2218.93,22.82783,-182.401464
334333,3241,1869.93,653,2223.92,25.272828,-182.384838
334558,3242,656.141,225,2225.66,28.966624,-182.299131
334790,3243,668.763,232,2227.36,23.695412,-183.113967
335000,3244,588.285,210,2228.88,26.861322,-182.658265
335441,3245,1189.661,441,2232.32,22.927373,-182.917038
335571,3246,295.802,130,2233.34,21.038452,-183.126308
335822,3247,694.017,251,2235.23,27.485531,-183.150995
336078,3248,731.739,256,2237.4,25.547236,-182.892019
336290,3249,634.425,212,2239.16,26.706588,-183.493902
336508,3250,613.524,218,2240.77,30.362489,-183.415206
336700,3251,574.279,192,2242.23,27.37251,-183.786706
336949,3252,776.562,249,2244.27,28.939054,-183.412793
337154,3253,570.431,205,2245.97,24.897855,-183.953166
337335,3254,488.424,181,2247.54,24.972321,-183.838599
337552,3255,650.328,217,2249.43,26.770404,-183.404147
337750,3256,567.419,198,2250.97,26.430482,-183.788397
337935,3257,517.728,185,2252.43,26.262836,-183.789216
338131,3258,551.171,196,2253.97,24.900487,-183.147674
338331,3259,588.479,200,2255.74,32.914177,-183.943136
338519,3260,530.393,188,2257.37,24.536224,-183.949421
338724,3261,594.206,205,2259.09,24.031329,-184.206689
338999,3262,834.359,275,2261.29,23.988864,-183.874564
339431,3263,1352.85,432,2264.56,22.732139,-183.772918
339787,3264,1091.382,356,2267.36,21.331324,-184.275385
340223,3265,1397.34,436,2272.45,27.613639,-184.65953
340540,3266,1020.739,317,2274.66,29.0167,-184.760665
340839,3267,952.593,299,2276.81,23.346931,-185.234056
341120,3268,908.169,281,2278.81,26.119333,-184.875281
341376,3269,852.485,256,2280.6,26.962024,-184.593246
341642,3270,881.311,266,2282.45,26.969062,-185.164996
341976,3271,1118.748,334,2284.84,26.902917,-185.174645
342253,3272,911.041,277,2286.84,24.938141,-185.263483
342531,3273,909.747,278,2288.81,21.57787,-185.243261
342786,3274,856.688,255,2290.59,29.893401,-185.545211
343092,3275,1009.475,306,2292.74,27.288643,-185.836346
343366,3276,921.229,274,2294.73,28.336286,-185.691795
343638,3277,903.905,272,2296.72,23.359077,-184.956122
343921,3278,926.945,283,2298.71,22.937015,-186.000338
344266,3279,1163.772,345,2301.01,28.214109,-186.027956
344540,3280,881.897,274,2302.7,26.134046,-185.491279
344820,3281,885.758,280,2304.56,24.892647,-186.277971
345085,3282,877.824,265,2306.31,28.578841,-186.10521
345365,3283,923.79,280,2308.07,25.535875,-186.562268
345587,3284,721.009,222,2309.42,27.191192,-186.305652
345928,3285,1141.204,341,2311.56,21.108336,-185.96941
346283,3286,1156.173,355,2313.94,23.744371,-186.403918
346528,3287,826.608,245,2315.6,31.583111,-185.881868
346811,3288,912.153,283,2317.37,23.451412,-185.914335
347088,3289,904.107,277,2319.27,29.884183,-186.134234
347320,3290,766.741,232,2320.89,24.128958,-186.319087
347527,3291,652.143,207,2322.38,21.218417,-185.519615
347757,3292,748.586,230,2324.05,26.047421,-186.86639
347978,3293,712.298,221,2325.64,28.772724,-186.627641
348203,3294,732.983,225,2327.37,26.092944,-186.278525
348475,3295,913.731,272,2329.5,24.138329,-186.635291
348756,3296,932.102,281,2331.55,25.973925,-186.750806
348982,3297,740.805,226,2333.26,23.983593,-186.878627
349220,3298,786.885,238,2335.01,23.981938,-186.509445
349482,3299,887.773,262,2336.96,27.504991,-186.766584
349701,3300,716.458,219,2338.6,29.066966,-186.869561
349923,3301,718.174,222,2340.35,21.093377,-186.256601
350120,3302,627.26,197,2343.32,22.252735,-187.066408
350343,3303,723.277,223,2344.97,24.766141,-186.581295
350538,3304,624.318,195,2346.38,26.130415,-187.139692
350760,3305,719.704,222,2348.05,28.107624,-187.407382
351047,3306,913.781,287,2350.14,26.965084,-187.012836
351247,3307,630.843,200,2351.47,24.101655,-187.278853
351509,3308,875.42,262,2353.39,25.627326,-186.862428
351800,3309,930.483,291,2355.67,24.136693,-186.35253
352089,3310,941.195,289,2357.86,26.229988,-186.892998
352402,3311,1037.051,313,2360.3,33.900368,-186.847229
352674,3312,914.372,272,2362.42,24.725988,-186.893621
352927,3313,852.335,253,2364.34,27.017098,-187.285693
353176,3314,842.802,249,2366.18,23.095853,-187.425365
353428,3315,855.219,252,2368.07,24.806244,-187.195051
353668,3316,806.032,240,2369.9,29.114069,-186.90573
353907,3317,800.278,239,2371.62,25.756994,-187.959468
354182,3318,891.087,275,2373.69,25.868862,-187.419168
354428,3319,834.67,246,2375.63,30.814189,-187.122148
354672,3320,821.057,244,2377.6,21.401302,-187.008255
354911,3321,815.847,239,2379.39,24.473129,-187.649814
355183,3322,900.429,272,2381.39,28.943283,-187.580847
355438,3323,877.505,255,2383.28,25.039102,-187.211465
355676,3324,811.633,238,2385.12,27.550683,-187.129345
355960,3325,925.982,284,2387.09,30.081491,-186.964211
356240,3326,932.617,280,2389.13,19.751993,-187.295509
356489,3327,848.585,249,2390.97,27.448339,-188.036754
356759,3328,908.368,270,2392.94,24.675095,-187.890026
356971,3329,664.17,212,2394.45,24.108259,-187.452929
357173,3330,639.957,202,2395.87,26.447416,-188.132155
357432,3331,880.524,259,2397.72,35.955372,-187.48598
357689,3332,861.751,257,2399.65,25.269044,-187.85408
357944,3333,881.623,255,2401.5,27.70898,-187.097732
358200,3334,862.055,256,2403.2,28.521699,-187.689052
358465,3335,912.264,265,2404.92,21.992656,-187.353156
358692,3336,735.789,227,2406.39,25.291952,-187.419038
358958,3337,892.193,266,2408.2,27.005423,-187.900621
359220,3338,888.808,262,2410.07,25.885468,-187.554903
359477,3339,854.929,257,2411.83,26.284148,-188.007077
359767,3340,962.932,290,2413.66,24.096833,-187.618985
360027,3341,888.131,260,2417.15,26.727411,-187.661715
360255,3342,744.88,228,2418.8,28.005368,-188.054596
360454,3343,651.008,199,2420.2,29.646857,-188.012013
360721,3344,907.773,267,2422.04,28.432416,-188.217976
360984,3345,883.937,263,2423.86,29.24101,-188.220788
361238,3346,882.709,254,2425.68,23.496035,-187.921581
361434,3347,614.834,196,2427.11,21.340081,-188.712446
361682,3348,829.872,248,2429.02,26.237251,-188.107673
361923,3349,816.047,241,2430.68,28.886958,-189.30799
362155,3350,775.477,232,2432.27,22.60429,-188.830364
362401,3351,833.099,246,2433.97,25.547279,-188.151393
362640,3352,798.584,239,2435.74,24.446587,-188.170385
362874,3353,790.046,234,2437.53,26.992194,-188.476515
363077,3354,640.226,203,2439.0,22.183583,-188.93341
363301,3355,742.682,224,2440.45,23.269551,-189.296495
363580,3356,918.781,279,2442.24,27.668019,-189.273306
363796,3357,718.149,216,2443.62,24.638551,-188.793494
363997,3358,654.65,201,2445.09,21.069378,-188.573576
364195,3359,655.913,198,2446.5,23.227692,-189.25285
364445,3360,824.763,250,2448.26,30.184947,-188.600862
364840,3361,1286.701,395,2450.78,25.309513,-188.916705
365097,3362,882.006,257,2452.43,25.937136,-189.825044
365569,3363,1542.24,472,2455.76,27.157921,-188.513342
365825,3364,808.866,256,2457.57,26.664277,-188.691991
366152,3365,1086.708,327,2459.77,28.428351,-189.062721
366439,3366,917.439,287,2461.68,26.25416,-189.199682
366988,3367,1790.685,549,2465.75,24.411387,-189.792541
367446,3368,1495.406,458,2468.89,22.987807,-189.900866
367748,3369,973.972,302,2470.78,26.610264,-190.107788
368077,3370,1060.957,329,2473.06,24.601544,-190.333192
368392,3371,1037.33,315,2475.3,25.870688,-191.119699
368784,3372,1269.637,392,2477.82,23.973046,-190.449377
369027,3373,797.456,243,2479.42,22.090673,-190.978416
369231,3374,649.107,204,2480.78,29.222138,-190.117563
369449,3375,701.744,218,2482.32,22.849275,-190.485845
369693,3376,811.102,244,2484.07,29.198852,-190.634679
369963,3377,914.0,270,2485.83,26.863306,-191.568624
370213,3378,831.744,250,2488.93,27.75157,-191.173894
370504,3379,949.762,291,2491.05,26.022944,-191.48564
370764,3380,877.542,260,2492.96,22.420058,-190.992882
371010,3381,846.326,246,2494.58,20.60619,-191.104117
371377,3382,1186.486,367,2496.99,24.604085,-191.251272
371880,3383,1661.817,503,2500.5,26.638335,-191.599116
372281,3384,1305.663,401,2503.37,27.378201,-191.648995
372509,3385,772.923,228,2504.85,24.489323,-192.103632
372809,3386,982.858,300,2506.78,26.119845,-192.116763
373173,3387,1192.904,364,2509.33,23.306575,-191.653598
373678,3388,1646.614,505,2512.79,28.631095,-192.451564
374005,3389,1053.309,327,2514.87,28.314768,-192.236597
374387,3390,1243.7,382,2517.45,24.356569,-191.967883
374765,3391,1220.563,378,2520.25,31.13595,-192.507167
375354,3392,1904.929,589,2524.09,29.24576,-193.025227
375708,3393,1170.011,354,2526.47,27.391854,-193.203338
375981,3394,911.778,273,2528.47,28.335793,-193.501811
376276,3395,943.805,295,2530.53,24.29929,-193.459412
376751,3396,1541.041,475,2533.65,25.416969,-193.811211
377174,3397,1399.604,423,2536.57,24.72878,-193.392635
377456,3398,925.248,282,2538.48,28.34397,-193.600785
377802,3399,1124.544,346,2540.58,21.341281,-194.284513
378310,3400,1641.676,508,2543.68,26.972303,-194.281601
378686,3401,1243.787,376,2546.19,26.501109,-194.101841
379061,3402,1226.781,375,2548.59,26.084717,-194.794804
379353,3403,962.073,292,2550.33,28.861093,-194.553678
379934,3404,1879.01,581,2554.02,24.567264,-194.879011
380282,3405,1140.004,348,2559.6,25.222471,-195.048983
380637,3406,1149.843,355,2562.01,29.054539,-195.020908
381127,3407,1571.539,490,2565.25,22.558709,-195.499524
382127,3408,3109.625,1000,2572.68,24.932961,-195.62989
382570,3409,1386.69,443,2576.01,24.521712,-195.839911
382974,3410,1309.489,404,2579.2,23.769017,-196.581679
383974,3411,3161.062,1000,2586.62,25.631516,-196.510165
384388,3412,1344.136,414,2589.79,28.467624,-196.571316
385029,3413,2054.033,641,2594.55,27.990254,-197.17749
385389,3414,1173.889,360,2597.25,24.848397,-197.369321
385767,3415,1197.599,378,2600.34,29.545204,-197.050224
386504,3416,2359.202,737,2606.45,28.150201,-197.54869
386966,3417,1484.357,462,2610.14,24.348608,-198.029577
387451,3418,1569.358,485,2614.09,26.09863,-198.306637
388354,3419,2901.224,903,2621.67,25.962261,-198.290475
388715,3420,1167.418,361,2624.73,28.972512,-198.575435
389173,3421,1486.813,458,2628.01,27.51951,-199.048744
389535,3422,1157.226,362,2630.64,24.503781,-198.994209
390165,3423,2048.748,630,2637.49,24.166054,-199.307062
390558,3424,1273.336,393,2640.33,27.764032,-199.592123
390947,3425,1258.926,389,2643.14,28.644665,-199.708395
391480,3426,1738.697,533,2646.92,30.707088,-199.971329
391855,3427,1181.69,375,2649.63,22.627981,-200.303867
392261,3428,1317.984,406,2652.56,26.10587,-200.12905
393070,3429,2596.628,809,2658.06,24.234005,-200.500847
393667,3430,1931.946,597,2662.38,23.457016,-200.699058
394001,3431,1020.457,334,2664.71,25.752456,-200.921117
394366,3432,1162.4,365,2667.23,24.147728,-200.766729
395007,3433,2028.982,641,2671.86,27.560718,-200.757022
396007,3434,2954.074,1000,2678.98,25.264297,-201.620234
396627,3435,1949.744,620,2683.1,26.788384,-201.913835
397627,3436,2990.555,1000,2690.07,27.873302,-202.062533
398423,3437,2460.833,796,2695.91,27.170193,-202.254308
399132,3438,2263.033,709,2700.71,26.070119,-203.010462
399403,3439,884.213,271,2702.75,27.554983,-203.199264
400215,3440,2431.278,812,2710.12,28.516524,-202.977802
400781,3441,1776.612,566,2714.29,24.796015,-203.550199
401025,3442,791.711,244,2716.11,21.705576,-204.597158
401298,3443,879.972,273,2718.2,24.751712,-203.816505
401559,3444,848.632,261,2720.35,27.395111,-203.290729
401814,3445,816.042,255,2722.44,27.135408,-204.450433
402065,3446,813.509,251,2724.36,29.192924,-203.601135
402365,3447,951.477,300,2726.57,28.434976,-204.59574
402816,3448,1421.863,451,2730.08,28.418846,-204.37671
403319,3449,1659.796,503,2733.87,24.298071,-204.545395
403550,3450,762.281,231,2735.64,26.643253,-205.095288
403824,3451,902.654,274,2737.84,29.999508,-204.030833
404114,3452,961.013,290,2740.02,31.12344,-204.586002
404389,3453,904.085,275,2742.17,27.521455,-204.596119
404903,3454,1610.336,514,2746.21,24.217476,-204.638777
405903,3455,3129.127,1000,2752.79,25.765451,-205.106861
406205,3456,1024.09,302,2754.87,26.636873,-205.232737
406691,3457,1620.763,486,2758.19,30.263202,-205.545107
407172,3458,1571.936,481,2761.35,21.881453,-205.65153
408153,3459,3053.557,981,2768.23,26.010781,-205.991356
408526,3460,1201.201,373,2770.74,25.3648,-206.073412
409332,3461,2598.887,806,2776.62,30.104801,-206.016868
410018,3462,2107.835,686,2783.55,26.092779,-206.077455
410231,3463,569.734,213,2785.08,30.189564,-206.234427
410596,3464,1149.026,365,2787.59,25.013713,-207.244467
410908,3465,871.377,312,2789.83,26.27812,-207.347297
411283,3466,1167.672,375,2792.5,34.751567,-206.720929
411563,3467,920.541,280,2794.47,29.753837,-207.403787
412226,3468,2148.847,663,2799.03,26.974607,-206.699972
412563,3469,1127.478,337,2801.62,24.742218,-206.856993
412895,3470,1103.987,332,2804.08,29.33505,-207.164065
413196,3471,1011.676,301,2806.13,26.520846,-207.261481
413540,3472,1110.77,344,2808.5,23.640348,-207.543806
414044,3473,1634.398,504,2812.15,28.284712,-207.430052
414326,3474,959.74,282,2814.09,30.132349,-207.464129
414608,3475,945.782,282,2815.93,24.706123,-207.308398
414888,3476,929.508,280,2817.79,22.826402,-207.57925
415199,3477,1043.554,311,2819.91,23.260007,-207.378699
415494,3478,964.762,295,2821.9,25.839564,-208.378891
415827,3479,1109.544,333,2823.95,21.733174,-207.710099
416078,3480,849.652,251,2825.49,21.759696,-207.585652
416360,3481,952.305,282,2827.44,25.022843,-208.135373
416613,3482,849.083,253,2829.25,19.710533,-207.536286
416879,3483,903.181,266,2831.01,24.678734,-208.614952
417180,3484,1001.552,301,2833.02,27.968862,-207.767519
418180,3485,2951.605,1000,2840.15,25.54017,-207.764964
418445,3486,900.913,265,2842.03,30.788782,-208.307298
418751,3487,1036.04,306,2844.12,23.645981,-208.500133
419027,3488,928.423,276,2846.15,27.119255,-208.713746
419307,3489,945.023,280,2848.23,29.016349,-208.648921
419571,3490,906.34,264,2849.98,30.846525,-208.60671
419835,3491,899.367,264,2851.65,29.671175,-208.431749
420092,3492,871.997,257,2854.99,22.957431,-208.627349
420368,3493,927.637,276,2856.99,26.978678,-207.88573
420614,3494,819.195,246,2858.57,28.164512,-209.163848
420888,3495,922.37,274,2860.29,26.561298,-208.590834
421174,3496,952.729,286,2862.15,25.145489,-209.205934
421446,3497,918.017,272,2864.08,20.403897,-208.998683
421733,3498,954.586,287,2866.17,29.10049,-208.778604
421964,3499,763.044,231,2867.79,24.228628,-208.498034
422212,3500,843.082,248,2869.45,30.406018,-209.630163
422486,3501,929.484,274,2871.26,26.861464,-209.128349
422749,3502,897.254,263,2873.19,22.902791,-209.309141
423620,3503,2862.261,871,2879.25,26.157542,-208.910499
424620,3504,3089.602,1000,2886.39,25.387199,-209.100162
424906,3505,935.268,286,2888.17,24.054394,-209.385536
425246,3506,1150.275,340,2890.4,25.461336,-209.411907
425502,3507,872.99,256,2892.23,28.555837,-209.571898
425820,3508,1052.746,318,2894.55,28.135588,-209.527098
426168,3509,1167.759,348,2896.74,22.055312,-209.294708
426814,3510,2127.12,646,2901.01,26.76441,-209.29378
427099,3511,943.861,285,2903.01,24.956918,-209.625426
427740,3512,1968.222,641,2907.04,25.321195,-209.486306
428307,3513,1865.201,567,2910.99,24.497673,-209.305764
428922,3514,2048.201,615,2915.02,25.578025,-209.251038
429261,3515,1151.783,339,2917.13,23.485435,-209.700663
429550,3516,939.233,289,2919.06,28.666217,-209.819021
429833,3517,940.811,283,2920.9,26.317147,-209.290772
430147,3518,1045.284,314,2926.33,27.610301,-209.400308
430446,3519,983.408,299,2928.48,28.435742,-209.752393
430799,3520,1190.482,353,2930.95,23.221965,-209.505673
431542,3521,2239.816,743,2936.04,26.007227,-209.865523
432542,3522,3203.318,1000,2943.62,25.011694,-209.839853
432959,3523,1360.708,417,2946.36,27.342516,-209.941415
433272,3524,1038.686,313,2948.52,30.731082,-209.79074
433584,3525,906.34,312,2950.95,22.91049,-210.211574
433942,3526,1115.147,358,2953.68,25.708944,-209.817999
434046,3527,201.919,104,2954.46,21.734102,-209.846693
434635,3528,1909.94,589,2958.95,24.30661,-210.046297
435038,3529,1302.651,403,2961.89,23.651822,-210.365135
435338,3530,788.643,300,2964.48,23.725551,-210.138575
435702,3531,1134.468,364,2967.55,30.552649,-210.453357
436127,3532,1300.64,425,2970.72,26.207254,-210.81307
436518,3533,1187.522,391,2973.51,21.883524,-210.639797
436874,3534,1184.275,356,2976.02,23.553949,-210.502066
437368,3535,1576.957,494,2979.59,26.177601,-210.903628
437711,3536,1114.888,343,2982.1,24.893068,-210.180182
438004,3537,942.651,293,2984.04,26.053725,-210.462394
438299,3538,814.485,295,2986.13,26.304511,-210.882555
438649,3539,1078.072,350,2988.54,26.750921,-211.168731
439649,3540,2996.77,1000,2995.74,23.129595,-210.645997
440164,3541,1630.269,515,3002.08,27.445523,-211.334155
440909,3542,2345.489,745,3007.37,26.562958,-211.153107
441377,3543,1546.818,468,3010.79,29.100996,-211.300517
442034,3544,2067.849,657,3015.45,24.61085,-211.457089
443034,3545,3122.302,1000,3022.61,25.496464,-211.221082
443252,3546,634.645,218,3024.09,33.528053,-211.146757
444252,3547,3129.537,1000,3030.71,26.568964,-211.433717
444553,3548,1006.534,301,3032.79,24.131618,-211.359429
445051,3549,1624.413,498,3035.98,21.630007,-211.492439
445811,3550,2468.975,760,3041.34,24.261882,-211.265106
446055,3551,743.014,244,3043.04,30.733555,-211.62613
447055,3552,3148.125,1000,3049.87,23.336082,-211.823854
447318,3553,858.524,263,3051.76,26.095384,-211.871401
447935,3554,2027.932,617,3056.23,26.446484,-212.034745
448362,3555,1409.337,427,3058.83,21.803439,-212.220141
448595,3556,670.78,233,3060.47,24.353502,-211.719739
448952,3557,1173.693,357,3062.85,24.058063,-212.390634
449613,3558,2101.127,661,3067.71,24.489992,-211.888982
449877,3559,902.901,264,3069.69,23.443647,-212.147481
450164,3560,958.534,287,3074.82,24.704552,-212.813204
450725,3561,1813.121,561,3078.99,24.78565,-212.443591
450999,3562,895.216,274,3081.11,25.876403,-212.725152
451389,3563,1299.431,390,3084.07,23.462913,-213.239524
451822,3564,1382.56,433,3087.44,26.230451,-212.921538
452293,3565,1541.651,471,3090.98,24.265606,-212.500806
452773,3566,1499.042,480,3094.6,26.080422,-212.648243
453010,3567,681.094,237,3096.33,21.923676,-213.753406
453380,3568,1183.721,370,3099.23,30.044349,-213.072352
453734,3569,1125.516,354,3102.06,30.919435,-213.921449
454440,3570,2280.795,706,3107.17,26.142641,-213.565378
454670,3571,677.788,230,3108.64,22.826645,-213.69355
454907,3572,687.756,237,3110.3,24.316183,-213.31163
455528,3573,2028.209,621,3114.81,25.042944,-214.1025
456256,3574,2360.898,728,3120.01,26.433031,-214.347337
456865,3575,2003.775,609,3124.44,29.758832,-214.403816
457222,3576,1184.208,357,3126.9,28.242126,-215.068497
457728,3577,1683.059,506,3130.11,23.078502,-215.060182
458021,3578,901.772,293,3132.06,23.327995,-216.07003
458325,3579,1011.388,304,3134.17,24.846957,-215.147498
458920,3580,1912.004,595,3138.26,25.598527,-215.374917
459369,3581,1465.989,449,3141.32,24.72652,-216.056327
460112,3582,2441.834,743,3148.44,26.765442,-215.564119
460602,3583,1581.087,490,3152.04,24.663231,-215.951757
461187,3584,1904.45,585,3156.11,22.666079,-216.0904
461625,3585,1414.995,438,3159.16,26.328324,-215.801799
461930,3586,910.85,305,3161.48,26.894715,-216.760663
462167,3587,684.142,237,3163.17,24.906843,-216.466859
462529,3588,1156.866,362,3165.55,24.85151,-216.344164
462979,3589,1455.61,450,3168.41,23.449119,-216.649326
463270,3590,896.387,291,3170.39,24.045517,-217.043608
463614,3591,1088.556,344,3172.72,26.454864,-216.809731
463963,3592,1134.862,349,3174.91,26.387217,-216.406076
464249,3593,944.864,286,3176.82,28.729688,-217.504168
464517,3594,878.714,268,3178.7,24.122076,-216.938649
464744,3595,644.431,227,3180.33,27.227083,-216.884171
465027,3596,918.14,283,3182.3,29.764298,-217.877507
465241,3597,592.92,214,3183.74,22.248227,-218.005523
465668,3598,1403.018,427,3186.76,23.913832,-217.153172
465944,3599,903.15,276,3188.81,28.489075,-217.540898
466230,3600,928.966,286,3190.9,22.208242,-217.661022
466549,3601,1047.625,319,3192.92,25.564836,-217.785492
466946,3602,1231.934,397,3195.44,25.083522,-217.966891
467254,3603,1037.171,308,3197.54,31.753141,-217.808912
467592,3604,1071.152,338,3199.9,30.596957,-217.650128
468549,3605,3097.693,957,3206.19,25.015119,-218.330071
468884,3606,1102.073,335,3208.54,27.648462,-218.016978
469325,3607,1396.509,441,3211.42,24.022766,-217.640772
469691,3608,1097.805,366,3213.91,25.990075,-217.96614
470198,3609,1676.268,507,3219.57,25.729066,-218.484307
471030,3610,2632.125,832,3225.37,25.949869,-218.086381
471866,3611,2527.111,836,3230.78,24.25949,-217.82548
472091,3612,741.568,225,3232.3,27.492544,-217.845415
472489,3613,1332.078,398,3235.01,22.802682,-218.552314
472745,3614,876.91,256,3236.59,27.489647,-218.170223
473181,3615,1506.0,436,3239.33,27.49272,-218.381238
473682,3616,1587.035,501,3242.81,25.828661,-218.217398
474043,3617,1201.935,361,3245.34,26.267388,-218.152045
474456,3618,1393.563,413,3248.03,24.213708,-218.194903
474822,3619,1206.742,366,3250.61,28.736745,-218.483725
475115,3620,943.469,293,3252.66,23.247471,-218.642835
475462,3621,1179.456,347,3254.99,25.30885,-218.490015
475862,3622,1332.821,400,3257.53,25.833065,-218.79894
476110,3623,826.206,248,3259.13,31.255364,-218.298614
476360,3624,841.745,250,3260.73,23.553309,-218.267168
476646,3625,954.528,286,3262.54,26.027842,-217.765316
477004,3626,1174.462,358,3264.67,24.568089,-217.978765
477294,3627,1009.863,290,3266.41,32.71534,-218.126046
477914,3628,2069.16,620,3270.56,24.788588,-217.756662
478313,3629,1366.852,399,3273.01,25.685869,-218.483651
478697,3630,1277.923,384,3275.41,26.216922,-217.776331
479249,3631,1770.642,552,3279.21,23.302921,-217.942961
479668,3632,1408.874,419,3281.89,28.306475,-218.125969
480250,3633,1927.969,582,3290.89,23.331866,-218.046841
480493,3634,816.108,243,3292.69,23.983844,-218.422328
480786,3635,972.911,293,3294.65,24.892597,-218.501595
481034,3636,835.464,248,3296.31,29.347495,-218.451621
481340,3637,1037.408,306,3298.73,26.148803,-218.480367
481615,3638,924.969,275,3300.88,30.678887,-218.138182
481985,3639,1224.976,370,3303.54,26.192843,-218.146059
482298,3640,1061.272,313,3305.76,22.359106,-218.634416
482565,3641,914.02,267,3307.8,26.110196,-219.157996
482849,3642,956.991,284,3310.07,23.366543,-218.516437
483261,3643,1381.578,412,3313.03,25.80486,-218.083578
483605,3644,1160.412,344,3315.41,23.859761,-218.16348
483904,3645,993.345,299,3317.63,22.205537,-218.770176
484190,3646,959.773,286,3319.69,26.624096,-218.193723
484462,3647,929.533,272,3321.88,26.323127,-219.250741
484747,3648,953.711,285,3324.29,22.778194,-218.47505
485039,3649,973.108,292,3326.58,24.671342,-218.492243
485343,3650,1033.161,304,3328.89,31.969359,-218.851814
485633,3651,963.478,290,3331.31,23.887602,-218.967022
485991,3652,1202.001,358,3334.22,24.049039,-218.298173
486328,3653,1082.321,337,3336.94,27.217106,-218.747648
486794,3654,1578.153,466,3340.57,26.120304,-218.224708
487176,3655,1287.002,382,3343.76,23.109346,-218.900619
487485,3656,1048.343,309,3346.25,21.31821,-218.427013
487912,3657,1449.308,427,3349.26,29.159859,-218.741359
488327,3658,1398.094,415,3352.26,24.23986,-218.232266
488657,3659,1113.196,330,3354.71,22.94231,-218.415861
488965,3660,990.501,308,3356.9,28.730716,-218.347882
489263,3661,1020.166,298,3358.98,23.006902,-218.763438
489802,3662,1815.875,539,3362.86,25.795959,-218.595856
490097,3663,1007.802,295,3366.95,24.829003,-219.06317
490388,3664,976.573,291,3369.01,22.626449,-218.867084
490705,3665,1091.712,317,3371.33,22.513877,-218.19343
491015,3666,1057.952,310,3373.6,26.064333,-218.593653
491300,3667,963.235,285,3375.62,23.984593,-218.583297
491592,3668,1008.166,292,3377.46,28.13516,-219.069159
491895,3669,1039.094,303,3379.53,22.520246,-218.123725
492283,3670,1318.48,388,3382.61,24.857729,-219.131383
492575,3671,973.638,292,3384.64,20.895705,-218.966087
492862,3672,969.774,287,3386.63,23.891256,-218.468377
493221,3673,1228.877,359,3389.17,22.518929,-218.812168
493786,3674,1887.471,565,3393.25,25.709231,-218.919422
494113,3675,1126.952,327,3395.58,22.443311,-218.624329
494470,3676,1224.029,357,3398.1,23.846157,-219.27047
494824,3677,1215.513,354,3400.6,25.932187,-218.718403
495252,3678,1430.297,428,3403.51,24.53154,-218.918409
495603,3679,1199.086,351,3405.68,26.870273,-219.092262
496027,3680,1432.127,424,3408.76,24.437967,-219.262695
496533,3681,1715.789,506,3412.35,27.661223,-219.277383
497533,3682,3199.004,1000,3419.55,24.445318,-219.484085
498349,3683,2719.593,816,3425.52,24.560577,-219.639118
499058,3684,2381.014,709,3430.4,25.46584,-219.484516
499453,3685,1348.683,395,3433.31,23.189444,-219.820316
499799,3686,1182.295,346,3435.86,21.707855,-219.831172
500232,3687,1474.025,433,3446.01,24.634448,-219.639571
500558,3688,1109.62,326,3448.42,22.456059,-220.014806
501394,3689,2786.727,836,3454.92,26.00407,-219.87594
501703,3690,1065.588,309,3457.3,25.864529,-220.439932
502083,3691,1316.044,380,3460.16,25.752666,-220.607284
502450,3692,1232.944,367,3462.84,26.265344,-220.800409
502847,3693,1347.384,397,3465.91,28.050906,-220.37769
503138,3694,991.161,291,3468.02,23.718169,-220.077397
503424,3695,969.762,286,3470.08,23.323119,-220.804772
503741,3696,1077.328,317,3472.29,27.324488,-220.135444
504363,3697,2081.287,622,3476.67,20.597377,-220.377135
504674,3698,1053.948,311,3478.76,29.165716,-220.831786
504982,3699,1057.877,308,3480.72,25.532558,-220.520288
505309,3700,1123.925,327,3482.88,25.980688,-220.306718
505595,3701,971.361,286,3484.87,26.105491,-220.311133
505908,3702,1063.955,313,3487.06,23.848165,-220.59118
506213,3703,1064.693,305,3488.96,23.663403,-219.964548
506502,3704,1004.428,289,3490.82,25.07116,-220.619171
506815,3705,1061.697,313,3493.11,24.457462,-220.731793
507061,3706,759.344,246,3494.93,23.043242,-220.891013
507405,3707,1191.125,344,3497.43,23.104071,-220.673337
507741,3708,1140.632,336,3499.77,23.226746,-220.560134
508068,3709,1108.112,327,3502.11,20.600206,-220.801821
508572,3710,1687.142,504,3505.85,23.476473,-221.161308
508885,3711,1059.318,313,3508.05,27.966158,-221.145176
509159,3712,939.598,274,3509.99,30.300622,-220.448442
509476,3713,1098.143,317,3512.29,25.644341,-220.532969
509913,3714,1466.561,437,3515.48,21.867727,-220.574138
510199,3715,969.844,286,3519.43,22.058722,-220.945716
510491,3716,983.163,292,3521.57,25.958144,-220.677436
510810,3717,1079.351,319,3523.89,21.758457,-221.055897
511097,3718,965.532,287,3525.85,20.277277,-221.282082
511391,3719,976.077,294,3527.84,24.355822,-221.614915
511674,3720,950.128,283,3529.83,27.127253,-221.342229
511951,3721,947.73,277,3531.81,28.484007,-220.927641
512273,3722,1090.385,322,3534.12,22.32359,-220.786985
512646,3723,1233.917,373,3536.69,24.384675,-221.228554
512910,3724,905.077,264,3538.5,26.534727,-221.242
513199,3725,990.753,289,3540.61,26.868763,-221.333353
513533,3726,1138.47,334,3542.88,25.474443,-220.666111
513822,3727,972.816,289,3544.65,23.489663,-221.171576
514155,3728,1130.588,333,3546.7,27.139755,-221.382327
514403,3729,838.557,248,3548.4,23.38044,-221.174858
514688,3730,972.043,285,3550.43,23.623924,-220.633251
514976,3731,1007.244,288,3552.33,30.68844,-221.423572
515283,3732,1011.017,307,3554.25,21.945836,-221.254863
515609,3733,1122.242,326,3556.37,24.609713,-221.321725
515902,3734,963.391,293,3558.41,24.131264,-221.323615
516258,3735,1223.239,356,3560.91,28.730239,-221.29676
516588,3736,1085.004,330,3563.16,28.065508,-221.635946
516841,3737,864.771,253,3564.84,20.998048,-222.057873
517084,3738,817.115,243,3566.58,27.632066,-221.268569
517336,3739,847.269,252,3568.46,25.601336,-221.623343
517630,3740,977.89,294,3570.49,23.146957,-221.583257
517936,3741,1036.029,306,3572.45,27.91754,-221.314658
518288,3742,1200.846,352,3574.74,24.238757,-220.934936
518589,3743,1038.084,301,3576.81,26.126278,-220.98953
518932,3744,1159.999,343,3579.22,22.761524,-221.680187
519235,3745,991.157,303,3581.13,25.320359,-221.668652
519532,3746,987.425,297,3582.97,24.06269,-221.112466
519982,3747,1537.832,450,3586.09,22.552616,-221.899803
520280,3748,974.014,298,3590.64,26.925787,-221.906836
520575,3749,1007.887,295,3592.64,22.041302,-222.135419
521084,3750,1741.843,509,3596.22,27.591232,-221.914572
521477,3751,1321.594,393,3598.74,24.456505,-221.846375
521786,3752,1074.909,309,3600.84,28.430327,-221.794023
522083,3753,1008.231,297,3603.04,24.895531,-221.436382
522362,3754,955.007,279,3605.11,21.920416,-222.408661
522663,3755,997.505,301,3607.09,24.345688,-221.73333
523001,3756,1170.93,338,3609.23,23.427435,-222.083683
523297,3757,986.447,296,3611.21,18.958469,-221.077225
523601,3758,1058.444,304,3613.35,26.497943,-222.227518
523864,3759,904.065,263,3615.07,24.337623,-222.074542
524253,3760,1336.112,389,3617.49,25.229854,-221.527994
524615,3761,1233.724,362,3619.84,26.97187,-222.204417
524881,3762,913.819,266,3621.65,22.816381,-221.934238
525183,3763,1040.838,302,3623.62,28.834126,-221.705268
525517,3764,1155.852,334,3625.73,23.134689,-221.856083
525975,3765,1592.499,458,3628.77,24.234222,-221.51307
526336,3766,1233.986,361,3631.34,26.142472,-222.070895
526635,3767,1017.752,299,3633.3,26.133086,-221.851382
527094,3768,1582.628,459,3636.21,26.994176,-222.042671
527548,3769,1556.795,454,3639.34,25.915786,-221.637664
527971,3770,1444.622,423,3642.16,25.488254,-221.862128
528271,3771,996.725,300,3644.07,22.14301,-222.199337
528562,3772,970.585,291,3646.05,21.323537,-222.552582
528911,3773,1175.289,349,3648.65,26.37313,-221.852858
529413,3774,1729.807,502,3652.42,24.495135,-222.105984
529960,3775,1863.011,547,3656.6,23.215905,-221.835875
530337,3776,1268.858,377,3662.9,23.541255,-222.045657
530633,3777,969.131,296,3665.13,24.524631,-222.232674
531038,3778,1397.419,405,3668.07,24.915009,-222.369361
531397,3779,1228.323,359,3670.84,24.643146,-222.788278
531829,3780,1473.02,432,3674.08,25.155575,-221.957413
532154,3781,1135.693,325,3676.5,23.601006,-221.977826
532477,3782,1126.111,323,3678.96,24.138525,-222.808252
532995,3783,1726.791,518,3682.74,22.784119,-222.145659
533250,3784,870.699,255,3684.77,23.307178,-222.331916
533495,3785,838.826,245,3686.68,23.531681,-223.107073
533992,3786,1700.766,497,3690.46,23.491542,-222.938927
534275,3787,998.999,283,3692.49,23.948585,-221.960697
534567,3788,991.347,292,3694.84,22.33868,-222.33047
534815,3789,846.813,248,3696.78,23.354529,-222.614856
535062,3790,795.649,247,3698.7,24.876848,-222.239437
535351,3791,993.214,289,3700.99,27.304615,-222.924466
535951,3792,2004.306,600,3705.69,24.470518,-222.749483
536303,3793,1229.32,352,3708.2,22.658031,-222.589327
536747,3794,1478.563,444,3711.33,24.136233,-222.220501
537065,3795,1113.928,318,3713.64,25.843192,-222.538219
537449,3796,1307.884,384,3716.42,23.562548,-223.170149
538215,3797,2602.066,766,3721.78,21.209703,-222.267902
538503,3798,966.413,288,3723.88,22.440199,-223.515128
538787,3799,980.134,284,3725.95,29.688327,-222.868896
539224,3800,1486.538,437,3729.06,24.214758,-222.783321
539580,3801,1199.846,356,3731.59,23.861688,-222.646453
539834,3802,877.882,254,3733.44,26.396786,-222.392723
540117,3803,958.853,283,3739.08,28.27397,-222.89255
540469,3804,1219.722,352,3741.6,25.872881,-222.645177
540717,3805,849.29,248,3743.43,24.819803,-222.952654
541041,3806,1131.169,324,3745.77,25.343329,-222.921788
541408,3807,1244.827,367,3748.3,23.197715,-222.556728
541681,3808,965.321,273,3750.11,30.272913,-222.484804
541968,3809,989.901,287,3752.12,24.717495,-223.246306
542405,3810,1483.114,437,3755.1,24.487395,-223.27642
542709,3811,1017.829,304,3757.06,26.592137,-222.834403
543085,3812,1294.105,376,3759.63,23.592987,-222.555556
543452,3813,1284.847,367,3762.28,27.950138,-222.856838
543903,3814,1520.817,451,3765.27,24.237962,-222.650415
544188,3815,956.336,285,3767.35,22.469124,-222.673357
544509,3816,1120.564,321,3769.6,26.320392,-222.413186
544883,3817,1283.496,374,3772.1,22.627029,-223.079831
545179,3818,1051.048,296,3774.25,20.393781,-222.943869
545513,3819,1178.5,334,3776.88,27.789927,-222.61782
545876,3820,1266.336,363,3779.49,26.675284,-223.040204
546269,3821,1377.434,393,3782.24,29.473242,-222.983893
546676,3822,1425.485,407,3785.44,23.618291,-222.94244
546944,3823,907.05,268,3787.47,25.164906,-223.359708
547235,3824,1027.278,291,3789.71,20.890883,-223.610719
547570,3825,1154.671,335,3792.23,22.150123,-222.323923
547924,3826,1222.947,354,3794.91,19.501003,-223.212128
548274,3827,1216.163,350,3797.57,19.983069,-222.97268
548577,3828,1048.018,303,3799.84,28.016849,-223.230241
549070,3829,1693.96,493,3803.58,23.088321,-223.424089
549370,3830,1013.579,300,3805.88,22.950465,-223.449263
549988,3831,2097.642,618,3810.64,20.842602,-223.150267
550278,3832,998.594,290,3819.68,25.065701,-223.383331
550570,3833,1024.069,292,3821.74,24.3419,-222.644949
550877,3834,1033.151,307,3823.9,23.340212,-223.656119
551154,3835,949.075,277,3825.99,22.257067,-223.495513
551510,3836,1192.515,356,3828.61,22.392083,-223.471365
551829,3837,1108.825,319,3830.67,24.186812,-222.864668
552122,3838,1046.62,293,3832.5,22.759614,-223.902416
552410,3839,1012.955,288,3834.45,26.474524,-223.408079
552701,3840,1027.405,291,3836.51,26.019828,-222.784365
553299,3841,2053.797,598,3840.42,19.407374,-223.772181
553609,3842,1069.738,310,3842.38,20.724018,-223.130452
553963,3843,1219.397,354,3844.92,21.817152,-223.775207
554238,3844,947.464,275,3846.92,20.907757,-223.753132
555009,3845,2607.268,771,3852.28,22.957181,-223.152795
555367,3846,1235.668,358,3854.88,23.686251,-223.405143
555754,3847,1336.438,387,3857.73,23.08501,-223.451653
556108,3848,1221.946,354,3860.07,20.713884,-223.621345
556451,3849,1189.901,343,3862.38,22.757579,-223.705579
556841,3850,1353.04,390,3865.18,22.616214,-223.601889
557195,3851,1219.764,354,3867.58,24.495241,-223.312662
558011,3852,2741.194,816,3873.41,24.045587,-223.129892
558337,3853,1170.412,326,3875.52,27.287428,-223.609637
558883,3854,1839.16,546,3879.22,22.603199,-223.780008
559194,3855,1079.679,311,3881.52,23.50297,-223.554712
559687,3856,1672.482,493,3885.23,22.896843,-223.940932
560106,3857,1499.488,419,3890.21,23.907355,-223.209215
560475,3858,1310.299,369,3892.55,21.533785,-223.783335
560801,3859,1134.727,326,3894.65,21.185485,-223.697972
561141,3860,1174.932,340,3896.79,21.709327,-223.971012
562008,3861,2943.047,867,3902.48,22.956106,-223.508003
562322,3862,1061.318,314,3904.42,22.442606,-223.535601
562823,3863,1710.003,501,3907.73,24.764606,-223.863629
563144,3864,1094.009,321,3909.99,27.113502,-223.105375
563544,3865,1377.32,400,3912.64,25.154915,-223.146365
563927,3866,1187.983,383,3915.25,23.098222,-224.22348
564168,3867,735.155,241,3916.98,26.968819,-223.628934
565123,3868,3194.693,955,3923.69,23.078164,-223.575398
565456,3869,1165.59,333,3926.03,21.491035,-223.958732
565873,3870,1444.97,417,3929.04,25.760031,-223.735237
566563,3871,2362.819,690,3933.37,21.04323,-224.202124
567563,3872,3167.606,1000,3940.38,25.061895,-224.082611
568456,3873,3041.289,893,3946.69,20.040484,-224.366143
569456,3874,3181.304,1000,3953.64,20.954216,-224.134255
570040,3875,1996.185,584,3963.81,21.835621,-224.188244
570145,3876,239.821,105,3964.53,18.776958,-224.088671
570569,3877,1486.721,424,3967.18,19.21783,-224.523501
570925,3878,1223.41,356,3969.69,23.713405,-223.842627
571845,3879,3109.255,920,3975.88,23.169622,-224.379125
572203,3880,1230.377,358,3978.29,21.570876,-224.351593
572955,3881,2544.944,752,3983.56,24.622017,-224.135587
573262,3882,1065.954,307,3985.57,20.345491,-224.620484
574262,3883,3172.823,1000,3992.59,22.135693,-224.762689
575262,3884,3174.979,1000,3999.42,25.571462,-224.801878
575649,3885,1300.802,387,4001.9,23.169874,-225.204695
576005,3886,1258.602,356,4004.23,20.42734,-224.976295
576119,3887,268.465,114,4005.0,24.887278,-224.48168
577119,3888,3223.837,1000,4012.5,23.248509,-224.828685
578119,3889,3196.592,1000,4019.68,24.165286,-225.088679
579119,3890,3163.051,1000,4027.02,22.922452,-225.206323
580119,3891,3196.288,1000,4041.92,22.210199,-225.387002
580513,3892,1377.608,394,4045.26,23.875664,-225.644874
580606,3893,203.5,93,4045.95,25.462806,-226.152899
581590,3894,3284.583,984,4053.66,24.008398,-225.718076
581682,3895,200.85,92,4054.47,20.782715,-226.274888
582682,3896,3217.453,1000,4062.71,23.774817,-225.67459
583092,3897,1433.222,410,4066.07,19.494538,-225.519062
583444,3898,1236.267,352,4068.56,21.36322,-225.915399
584180,3899,2493.362,736,4073.88,23.129703,-226.148233
585180,3900,3170.759,1000,4080.96,22.364975,-226.246434
585649,3901,1416.542,469,4084.41,22.347044,-226.078692
586649,3902,3159.138,1000,4091.58,20.693737,-226.411314
587649,3903,3179.276,1000,4098.63,22.338423,-226.432039
588649,3904,3189.276,1000,4105.75,23.208691,-226.891324
589649,3905,3169.553,1000,4112.29,24.157983,-226.713225
590649,3906,3179.212,1000,4125.18,23.274275,-227.23499
591649,3907,3182.161,1000,4132.38,21.655822,-227.153793
592649,3908,3182.325,1000,4139.6,21.310471,-227.504403
593405,3909,2586.898,756,4145.2,21.710305,-227.570234
594405,3910,3190.41,1000,4152.67,24.086924,-227.672035
595405,3911,3193.505,1000,4160.36,23.838746,-228.034001
596205,3912,2739.525,800,4166.55,23.695351,-228.424402
597205,3913,3202.854,1000,4174.29,19.816118,-228.227637
598056,3914,2973.374,851,4180.92,21.615823,-228.491738
598938,3915,3025.886,882,4187.65,23.142073,-228.761825
599166,3916,674.462,228,4189.15,22.79974,-228.09014
600166,3917,3200.534,1000,4201.9,21.993398,-228.482433
601166,3918,3257.981,1000,4208.82,25.203056,-229.049334
601706,3919,1926.001,540,4212.79,19.904791,-228.740103
602283,3920,1996.137,577,4216.92,23.465402,-229.329302
602841,3921,1937.82,558,4220.94,20.817316,-229.592722
603475,3922,2237.513,634,4225.6,20.082947,-229.489968
603860,3923,1284.432,385,4228.22,23.009817,-229.126728
604222,3924,1262.688,362,4230.83,20.885738,-228.565867
605037,3925,2834.684,815,4236.58,23.393004,-229.449118
605524,3926,1705.578,487,4240.11,21.868517,-229.905695
605875,3927,1232.231,351,4242.85,19.645525,-230.24286
606875,3928,3212.555,1000,4249.89,23.287926,-229.458138
607218,3929,1205.074,343,4252.32,21.896481,-229.895168
607597,3930,1372.353,379,4254.81,24.463643,-230.289343
608428,3931,2835.117,831,4260.39,21.072878,-229.893946
608847,3932,1500.167,419,4263.05,20.531704,-229.492588
609233,3933,1391.915,386,4265.48,19.351283,-229.84949
609644,3934,1451.025,411,4268.39,19.641848,-229.646584
610049,3935,1454.911,405,4273.46,21.19066,-229.879175
610387,3936,1179.873,338,4275.83,19.166633,-230.574198
610765,3937,1364.59,378,4278.52,23.28871,-230.167219
611320,3938,1914.414,555,4282.2,26.499325,-230.894647
611825,3939,1758.236,505,4285.82,24.461333,-229.805555
612392,3940,1960.857,567,4289.71,19.123671,-230.28149
612717,3941,1158.849,325,4291.78,23.015015,-230.201818
613037,3942,1160.151,320,4294.04,20.159328,-230.670538
613375,3943,1209.503,338,4296.51,25.841342,-230.677154
613738,3944,1274.116,363,4298.84,23.744847,-230.708415
614427,3945,2358.924,689,4303.5,26.302605,-230.856393
614735,3946,1127.431,308,4305.72,19.88466,-231.335704
615013,3947,952.512,278,4307.62,18.463856,-231.513183
615347,3948,1187.146,334,4309.85,19.022645,-230.625283
615825,3949,1663.137,478,4313.28,25.029184,-231.206349
616169,3950,1236.64,344,4315.87,20.477535,-231.287907
616461,3951,1007.922,292,4317.83,18.560298,-231.787474
617008,3952,1954.825,547,4321.59,21.471966,-231.087994
617342,3953,1205.716,334,4324.04,20.836659,-231.368408
617731,3954,1420.674,389,4326.7,19.959885,-231.403669
618078,3955,1200.044,347,4328.92,21.559932,-231.313546
618390,3956,1125.417,312,4331.05,23.073572,-231.695454
618715,3957,1164.659,325,4333.44,25.436653,-231.117032
619099,3958,1408.51,384,4336.0,23.734063,-231.269685
619653,3959,1923.464,554,4339.7,21.11342,-231.664235
619975,3960,1147.24,322,4342.0,23.384651,-231.135854
620441,3961,1627.98,466,4350.18,25.513722,-231.384974
620713,3962,930.066,272,4352.01,22.915631,-230.816885
621031,3963,1123.898,318,4354.07,22.117045,-230.968583
621342,3964,1109.105,311,4356.1,26.505837,-231.263057
621685,3965,1214.732,343,4358.58,20.575218,-231.95232
622189,3966,1733.977,504,4361.88,21.650086,-231.638532
622996,3967,2713.935,807,4367.35,23.036556,-231.370419
623349,3968,1249.048,353,4369.96,20.377576,-231.329901
623719,3969,1307.553,370,4372.77,18.921674,-231.893028
624061,3970,1181.273,342,4375.25,20.021508,-230.958239
624400,3971,1211.046,339,4377.54,23.551773,-231.256213
624855,3972,1651.784,455,4381.03,24.893635,-231.603039
625207,3973,1232.876,352,4383.78,21.452736,-231.394034
625546,3974,1199.238,339,4386.09,22.022574,-231.648907
626546,3975,3234.366,1000,4393.43,19.978959,-231.938416
626882,3976,1200.208,336,4395.94,22.618917,-231.453541
627228,3977,1232.81,346,4398.69,19.395147,-232.180652
627722,3978,1691.915,494,4402.43,21.547004,-231.721764
628088,3979,1312.874,366,4405.44,23.685676,-231.713278
628426,3980,1215.728,338,4408.2,19.985141,-231.872485
628844,3981,1502.272,418,4411.21,26.422878,-232.11272
629147,3982,1098.208,303,4413.6,19.177258,-232.304979
629517,3983,1331.377,370,4416.73,23.7808,-231.857075
629902,3984,1357.664,385,4419.72,23.707352,-232.211514
630261,3985,1249.014,359,4425.62,16.519095,-232.307218
630612,3986,1236.14,351,4428.1,20.918333,-232.202019
630911,3987,1063.218,299,4430.18,21.367896,-232.845604
631252,3988,1200.477,341,4432.65,19.576412,-231.72283
631601,3989,1232.087,349,4435.2,22.473153,-232.555885
632447,3990,2886.161,846,4441.17,22.300676,-232.114795
632776,3991,1198.858,329,4443.53,22.556444,-232.515768
633098,3992,1177.557,322,4445.85,21.052575,-232.420006
633450,3993,1232.91,352,4448.33,18.177657,-232.720595
633782,3994,1163.733,332,4450.68,22.907815,-232.465331
634399,3995,2156.738,617,4455.11,21.764473,-232.385408
634758,3996,1252.454,359,4457.67,20.294435,-232.430477
635109,3997,1223.839,351,4460.08,24.52435,-232.267699
635468,3998,1289.79,359,4462.65,18.992358,-231.856923
635992,3999,1875.324,524,4466.25,18.108211,-232.986614
636343,4000,1232.195,351,4468.42,19.306425,-233.06599
636672,4001,1182.678,329,4470.46,21.453986,-232.698437
637017,4002,1192.397,345,4472.73,20.029035,-233.014893
637359,4003,1200.246,342,4475.0,19.465949,-232.797268
637681,4004,1173.946,322,4476.98,22.123227,-233.554572
638008,4005,1191.608,327,4479.09,19.9904,-233.118746
638336,4006,1171.669,328,4481.47,20.694681,-233.270882
638688,4007,1203.812,352,4484.01,18.749727,-232.928172
639037,4008,1212.129,349,4486.47,21.368842,-232.970555
639361,4009,1126.584,324,4488.99,22.742889,-232.873019
639706,4010,1195.691,345,4491.25,17.347571,-232.511504
639997,4011,1036.235,291,4493.25,23.613553,-232.947818
640442,4012,1547.368,445,4498.86,21.600382,-233.091835
640808,4013,1272.937,366,4501.51,19.448329,-232.868184
641316,4014,1709.264,508,4505.38,21.788882,-232.927239
641760,4015,1546.531,444,4508.72,23.457306,-233.487224
642099,4016,1183.112,339,4511.31,18.835806,-233.161846
642570,4017,1653.762,471,4514.94,20.708714,-233.462591
642921,4018,1239.57,351,4517.65,21.318444,-232.857389
643817,4019,3016.189,896,4524.43,21.38631,-233.524049
644361,4020,1880.248,544,4528.62,23.076639,-233.707847
644867,4021,1729.753,506,4532.51,21.027972,-233.35935
645376,4022,1733.531,509,4536.5,21.467738,-233.71883
645866,4023,1723.561,490,4540.31,22.118672,-233.890083
646195,4024,1186.822,329,4542.91,21.297936,-233.460426
646896,4025,2414.878,701,4548.16,22.199277,-233.60828
647364,4026,1634.851,468,4551.58,21.041817,-232.986242
648019,4027,2251.802,655,4556.12,18.578946,-233.330248
648538,4028,1764.49,519,4559.64,23.716107,-233.894226
648953,4029,1485.755,415,4562.56,24.004906,-233.982155
649424,4030,1696.957,471,4565.9,24.677704,-233.554887
649696,4031,934.757,272,4567.77,23.157522,-233.543531
650066,4032,1320.708,370,4572.51,19.028231,-233.881868
650392,4033,1189.111,326,4574.89,23.558711,-233.395103
650732,4034,1181.802,340,4577.22,21.113971,-233.982748
651130,4035,1400.983,398,4579.66,18.654676,-234.133789
651404,4036,944.318,274,4581.64,20.655575,-234.252416
652385,4037,3259.547,981,4588.53,19.598329,-234.41536
652706,4038,1147.599,321,4590.81,22.072294,-234.506005
653067,4039,1232.725,361,4593.3,17.683556,-234.899257
653390,4040,1146.298,323,4595.38,23.226902,-233.931046
653712,4041,1160.065,322,4597.28,20.524546,-234.890314
654071,4042,1236.175,359,4599.47,18.081574,-234.558811
654433,4043,1223.566,362,4602.33,26.815624,-234.3225
654827,4044,1376.531,394,4605.0,16.529037,-234.107684
655180,4045,1232.043,353,4607.22,19.75483,-235.042914
655427,4046,748.037,247,4608.8,20.212229,-233.634023
655844,4047,1448.53,417,4611.65,24.177658,-234.417543
656654,4048,2747.493,810,4617.34,21.724469,-234.593983
656983,4049,1156.003,329,4619.61,24.696931,-234.453062
657527,4050,1762.48,544,4623.17,24.675588,-234.864846
657921,4051,1424.133,394,4625.65,23.506499,-234.868646
658349,4052,1495.728,428,4628.88,21.011426,-235.194733
658679,4053,1215.184,330,4631.3,21.890153,-234.445586
659094,4054,1428.664,415,4633.95,24.041047,-234.911936
659442,4055,1224.827,348,4636.34,19.870602,-234.760015
659760,4056,1151.868,318,4638.51,26.653993,-235.003248
660087,4057,1214.408,327,4642.99,22.123268,-234.973863
660435,4058,1216.635,348,4645.27,20.969877,-235.038876
660788,4059,1231.577,353,4647.7,20.763817,-235.778023
661138,4060,1241.996,350,4649.78,23.657295,-234.468375
661503,4061,1241.712,365,4652.12,22.125034,-235.006181
661870,4062,1256.373,367,4655.16,21.975139,-235.173436
662374,4063,1685.725,504,4658.64,21.060957,-235.267704
662756,4064,1333.511,382,4661.04,25.358305,-235.622219
663101,4065,1199.015,345,4663.37,22.341795,-235.109929
663507,4066,1428.063,406,4666.18,23.931086,-235.138644
663932,4067,1484.431,425,4669.25,22.415716,-235.364754
664524,4068,2002.892,592,4673.44,19.842994,-235.855386
665139,4069,2122.161,615,4677.4,20.292549,-235.902233
666139,4070,3204.613,1000,4684.51,22.72841,-236.081469
666612,4071,1718.533,473,4687.43,21.175392,-235.802333
667011,4072,1332.056,399,4690.25,20.572226,-235.582922
667398,4073,1353.846,387,4692.91,18.658014,-236.309707
667736,4074,1202.469,338,4695.43,20.083133,-236.43006
668279,4075,1840.448,543,4699.15,22.574205,-236.272443
668627,4076,1237.085,348,4701.37,16.562379,-236.225635
669287,4077,2252.474,660,4705.42,21.015516,-236.743565
669673,4078,1342.702,386,4708.37,18.978958,-236.338417
670156,4079,1750.847,483,4718.05,22.631974,-236.896407
670515,4080,1212.763,359,4720.61,22.374933,-236.774226
671515,4081,3182.582,1000,4727.66,20.421884,-236.432261
672018,4082,1740.268,503,4730.96,21.875723,-236.581147
672618,4083,2036.698,600,4734.97,19.590899,-236.836768
673233,4084,2084.898,615,4739.6,22.858619,-236.917087
673564,4085,1167.226,331,4741.8,20.062214,-237.172194
673937,4086,1290.783,373,4744.2,17.749674,-237.175159
674543,4087,2065.082,606,4748.52,20.916661,-237.541644
674865,4088,1117.498,322,4751.11,24.144585,-237.309828
675503,4089,2140.505,638,4755.77,23.56677,-237.445462
675910,4090,1413.028,407,4758.35,20.733909,-237.584744
676648,4091,2500.901,738,4763.89,18.809028,-237.374833
677648,4092,3191.683,1000,4770.59,21.026386,-237.752297
678045,4093,1386.739,397,4773.42,21.779671,-238.100133
679045,4094,3159.896,1000,4780.43,23.562979,-238.146591
679708,4095,2274.075,663,4784.34,22.894804,-237.998999
680708,4096,3187.117,1000,4797.36,21.278953,-238.660434
681154,4097,1568.052,446,4800.52,20.644415,-238.953051
682154,4098,3186.938,1000,4807.74,20.208368,-238.298034
682561,4099,1431.722,407,4810.56,22.154523,-238.816712
683545,4100,3346.865,984,4817.45,23.407949,-238.885948
684545,4101,3231.114,1000,4823.87,21.721046,-238.872283
685240,4102,2400.857,695,4828.24,21.598538,-238.975395
686240,4103,3227.351,1000,4835.07,22.305725,-239.578493
686715,4104,1706.674,475,4838.28,20.658279,-239.471106
687260,4105,1863.964,545,4842.16,21.817608,-239.451246
688260,4106,3219.286,1000,4849.53,19.083446,-239.499262
689076,4107,2803.498,816,4855.65,19.975676,-239.364696
690076,4108,3219.817,1000,4868.8,22.87872,-239.678105
690734,4109,2272.567,658,4873.76,19.992,-239.574771
691734,4110,3409.891,1000,4881.33,20.998962,-240.12272
692281,4111,1886.773,547,4885.49,22.704585,-239.780175
693281,4112,3303.021,1000,4893.21,20.474069,-239.803644
694023,4113,2591.556,742,4898.78,20.967948,-239.867967
695023,4114,3216.609,1000,4906.48,21.63015,-240.441345
695855,4115,2844.015,832,4912.49,20.971378,-240.406188
696855,4116,3239.468,1000,4919.67,20.953416,-240.594822
697855,4117,3210.616,1000,4926.26,20.162544,-240.793593
698855,4118,3178.958,1000,4932.91,21.10387,-240.878879
699367,4119,1839.941,512,4936.59,24.66786,-240.620194
699746,4120,1387.138,379,4939.36,23.847785,-240.699083
700746,4121,3194.239,1000,4952.73,22.273848,-241.001382
701137,4122,1407.537,391,4955.69,22.578053,-241.508561
701720,4123,1970.342,583,4959.66,21.487488,-241.005011
702660,4124,3157.739,940,4966.26,21.54823,-241.290731
703660,4125,3186.641,1000,4973.05,18.133588,-241.69478
704660,4126,3194.671,1000,4979.73,20.601425,-241.905339
705660,4127,3173.005,1000,4986.61,18.172661,-242.055152
706083,4128,1458.872,423,4989.59,15.82863,-242.139382
706998,4129,3145.242,915,4995.7,22.981288,-241.651164
707565,4130,1961.975,567,4999.69,24.030684,-241.815968
707961,4131,1423.312,396,5002.26,21.405883,-241.827919
708509,4132,1865.008,548,5005.82,18.088214,-241.847423
709509,4133,3161.048,1000,5012.71,20.514045,-241.919693
710509,4134,3168.478,1000,5025.19,20.29624,-242.086337
711493,4135,3421.131,984,5031.82,20.980964,-242.414352
712493,4136,3182.097,1000,5038.49,20.971078,-242.119526
713493,4137,3182.719,1000,5045.15,18.781438,-242.056295
714247,4138,2605.636,754,5050.25,19.953544,-242.468933
715247,4139,3205.259,1000,5057.0,20.115758,-242.132158
716247,4140,3179.913,1000,5063.55,20.491848,-242.49879
717247,4141,3204.592,1000,5069.96,19.277262,-242.557612
717888,4142,2183.516,641,5073.98,21.237257,-242.037293
718237,4143,1190.525,349,5076.18,18.319955,-242.54769
719237,4144,3200.561,1000,5082.54,20.073604,-242.768782
720031,4145,2685.3,794,5094.07,20.096724,-242.210095
720450,4146,1492.264,419,5097.32,23.972068,-242.28919
721095,4147,2187.576,645,5102.37,17.434235,-242.270063
721429,4148,1182.538,334,5104.8,18.330018,-242.729692
722429,4149,3202.161,1000,5112.54,23.806443,-242.61999
723429,4150,3201.205,1000,5120.02,20.5522,-243.049516
724429,4151,3197.12,1000,5128.04,20.793784,-242.966342
725268,4152,2881.648,839,5134.86,21.017377,-242.657047
725614,4153,1260.658,346,5137.55,19.601992,-242.782566
726214,4154,2155.67,600,5142.34,17.733,-242.467721
727214,4155,3194.563,1000,5149.97,22.088442,-243.043802
727782,4156,1960.159,568,5154.15,18.864575,-243.215243
727876,4157,203.888,94,5154.83,22.30971,-242.170302
728876,4158,3205.197,1000,5162.04,19.12789,-242.818883
729769,4159,2921.315,893,5168.42,21.046643,-243.041317
730769,4160,3208.813,1000,5181.56,19.878665,-243.374236
731139,4161,1345.699,370,5183.86,21.705045,-243.62662
732139,4162,3185.887,1000,5190.59,20.728492,-243.3193
733139,4163,3198.946,1000,5197.41,19.821051,-243.512526
734139,4164,3312.387,1000,5204.48,20.732257,-243.338685
734920,4165,2605.913,781,5209.85,16.957045,-243.692251
735780,4166,2946.656,860,5216.23,20.920064,-243.684472
736163,4167,1365.504,383,5219.03,20.803975,-244.050931
736549,4168,1399.406,386,5221.92,18.749571,-243.435683
736910,4169,1210.263,361,5224.56,18.466045,-243.334977
737712,4170,2679.432,802,5230.16,20.481153,-244.174365
738067,4171,1202.362,355,5232.89,19.653365,-243.209922
739067,4172,3195.356,1000,5240.11,24.100371,-243.634742
739421,4173,1236.09,354,5242.8,16.382678,-244.213404
740421,4174,3189.736,1000,5258.33,19.633028,-244.292575
741170,4175,2520.128,749,5264.03,22.665354,-244.222014
741526,4176,1210.984,356,5266.63,19.875634,-244.078785
742295,4177,2642.033,769,5272.09,19.568286,-244.356315
742611,4178,1149.728,316,5274.47,21.021491,-243.935975
742947,4179,1199.577,336,5276.83,18.944433,-244.54
743394,4180,1472.526,447,5279.93,19.436281,-243.938997
743761,4181,1237.49,367,5282.64,20.41013,-244.516531
744071,4182,1063.226,310,5284.87,15.567949,-244.191745
744797,4183,2429.221,726,5289.55,22.796667,-244.533393
745065,4184,969.069,268,5291.47,19.953012,-244.512235
745419,4185,1193.494,354,5293.97,14.973869,-244.338318
746419,4186,3226.58,1000,5300.86,20.427152,-244.352413
746681,4187,923.473,262,5302.9,19.703315,-244.502568
746996,4188,1165.166,315,5305.14,29.645936,-244.34499
747348,4189,1186.499,352,5307.47,21.656783,-244.209214
747655,4190,1107.05,307,5309.82,20.388745,-244.04907
748252,4191,2089.202,597,5314.23,16.593459,-244.410972
748515,4192,935.526,263,5316.01,17.977216,-244.55054
749247,4193,2554.581,732,5321.26,22.277176,-244.90129
749577,4194,1186.863,330,5323.64,20.298717,-245.474095
750000,4195,1420.73,423,5326.39,19.888358,-244.378634
750333,4196,1211.719,333,5332.39,17.930997,-245.172509
751183,4197,2891.312,850,5338.06,20.994937,-244.669025
752183,4198,3181.023,1000,5344.96,20.26811,-244.824577
752537,4199,1230.25,354,5347.47,16.49513,-244.354927
752892,4200,1282.056,355,5349.93,23.472611,-245.179919
753224,4201,1192.311,332,5352.22,19.148622,-244.615471
754224,4202,3176.333,1000,5358.95,17.359074,-245.064069
754478,4203,901.277,254,5360.58,27.692964,-245.257225
755478,4204,3196.029,1000,5367.48,18.358356,-245.649108
756215,4205,2498.212,737,5372.34,19.981636,-244.873385
756685,4206,1602.54,470,5375.68,16.753629,-244.884271
757411,4207,2426.742,726,5380.57,18.982633,-245.128608
757987,4208,1933.361,576,5384.74,24.738507,-245.805762
758747,4209,2663.05,760,5389.64,18.512332,-245.233063
759029,4210,944.611,282,5391.67,18.403677,-245.872762
759428,4211,1364.719,399,5394.41,18.245718,-245.521337
759780,4212,1188.224,352,5396.62,19.870318,-245.697651
760103,4213,1089.527,323,5401.53,17.987195,-245.693635
760433,4214,1113.54,330,5403.67,19.170125,-246.116963
760770,4215,1126.565,337,5405.89,20.177078,-245.83952
761089,4216,1157.164,319,5408.19,19.620707,-245.783694
761460,4217,1216.718,371,5410.81,17.626433,-245.775448
761802,4218,1237.356,342,5413.01,21.722926,-245.610546
762354,4219,1838.678,552,5416.85,16.610668,-245.458767
762672,4220,1061.418,318,5419.13,20.459705,-246.038752
763672,4221,3180.264,1000,5425.41,22.008271,-245.835044
764023,4222,1217.009,351,5427.83,18.528646,-246.351146
764334,4223,1060.554,311,5429.81,19.841955,-245.418963
764669,4224,1216.78,335,5431.85,19.27601,-246.619584
765024,4225,1209.424,355,5434.12,17.398541,-246.613442
765316,4226,1070.666,292,5436.1,21.346729,-246.415086
765658,4227,1185.198,342,5438.31,16.079293,-246.071544
766658,4228,3187.296,1000,5444.81,18.506366,-246.601855
767658,4229,3206.517,1000,5452.35,17.24987,-246.074722
767996,4230,1223.084,338,5454.64,19.980774,-247.004251
768327,4231,1213.713,331,5457.0,24.826392,-246.751366
768686,4232,1211.464,359,5459.82,23.0188,-246.762706
769006,4233,1062.96,320,5462.21,24.169185,-247.175123
769832,4234,2840.983,826,5468.46,19.584435,-246.448366
770281,4235,1610.746,449,5477.05,23.097315,-247.16919
771018,4236,2433.207,737,5482.89,18.863344,-246.452543
771541,4237,1817.18,523,5487.02,23.577576,-247.286839
772541,4238,3124.761,1000,5494.91,18.181507,-247.206252
772980,4239,1563.164,439,5498.2,21.419398,-247.26641
773980,4240,3227.395,1000,5506.27,19.201393,-247.299734
774364,4241,1347.712,384,5509.03,17.680321,-247.625799
774716,4242,1249.215,352,5511.61,21.430003,-247.359116
775052,4243,1235.3,336,5514.05,16.73639,-247.621108
775902,4244,2891.823,850,5520.14,18.616807,-248.335546
776284,4245,1288.613,382,5522.95,21.356604,-248.295452
776629,4246,1185.751,345,5525.35,18.313363,-247.610971
776997,4247,1240.0,368,5527.9,15.519225,-248.003837
777368,4248,1348.184,371,5530.63,20.640265,-248.10759
777695,4249,1205.148,327,5533.03,23.895073,-247.725389
778411,4250,2472.765,716,5537.92,20.793271,-247.936872
778810,4251,1483.563,399,5540.76,21.86739,-248.27457
779396,4252,1846.896,586,5544.68,19.732464,-248.449496
779755,4253,1218.331,359,5547.22,19.503433,-248.308281
780084,4254,1220.985,329,5552.05,17.277978,-248.248515
780420,4255,1196.687,336,5554.4,15.465186,-248.561611
781090,4256,2227.437,670,5559.27,16.304247,-248.119697
781182,4257,206.631,92,5559.95,24.662022,-248.645438
781899,4258,2468.567,717,5564.76,18.823815,-248.445471
782662,4259,2598.236,763,5570.33,22.812495,-248.292215
783662,4260,3100.145,1000,5577.76,19.681289,-248.622129
784243,4261,1952.409,581,5581.89,17.811011,-248.660739
785243,4262,3108.067,1000,5588.88,18.271351,-248.53011
786085,4263,2863.134,842,5594.94,20.156768,-248.549181
786403,4264,1165.851,318,5597.18,20.737429,-249.069158
786787,4265,1372.83,384,5600.1,16.821104,-248.85283
787171,4266,1425.757,384,5603.07,19.632271,-249.083795
787511,4267,1194.221,340,5605.56,17.045512,-249.152837
788102,4268,2066.95,591,5610.1,22.185647,-249.922374
788415,4269,1154.233,313,5612.53,21.143781,-249.129326
788830,4270,1512.549,415,5615.79,17.806701,-249.180937
789155,4271,1178.93,325,5618.32,18.20429,-248.637175
789495,4272,1231.055,340,5620.85,20.139976,-249.28253
789901,4273,1484.417,406,5623.93,23.909793,-249.490686
790862,4274,3287.098,961,5634.75,18.986014,-249.516271
791161,4275,1088.246,299,5636.87,25.898749,-249.31933
791514,4276,1288.822,353,5639.14,17.243308,-249.844984
791812,4277,966.868,298,5641.09,14.34552,-249.415846
792190,4278,1355.499,378,5643.89,22.904036,-249.192478
792562,4279,1297.039,372,5646.48,15.026721,-249.398198
792903,4280,1243.58,341,5648.73,21.944428,-250.093205
793236,4281,1130.565,333,5650.91,19.968091,-249.424275
793756,4282,1899.012,520,5654.74,25.825589,-249.593768
794257,4283,1795.767,501,5658.3,20.272763,-249.052299
794612,4284,1203.523,355,5660.92,16.438422,-249.562103
794993,4285,1372.157,381,5663.81,20.746003,-249.059611
795334,4286,1250.185,341,5666.25,26.123613,-249.475249
795887,4287,1991.909,553,5670.06,21.502073,-249.202699
796235,4288,1134.893,348,5672.6,18.003826,-249.612975
796778,4289,1879.426,543,5676.38,17.935617,-249.614114
797183,4290,1478.502,405,5679.1,22.191524,-249.261326
797566,4291,1410.459,383,5681.85,19.78251,-249.396792
797934,4292,1340.219,368,5684.39,18.387437,-249.312614
798692,4293,2595.271,758,5689.63,18.016694,-249.493481
799032,4294,1224.246,340,5692.03,17.5259,-250.043099
799606,4295,2031.59,574,5695.85,23.661105,-249.770164
800606,4296,3113.286,1000,5707.07,20.252256,-249.880967
801000,4297,1437.567,394,5709.67,16.732183,-249.331125
801369,4298,1312.644,369,5712.02,19.355976,-249.695561
801600,4299,670.208,231,5713.49,20.274685,-250.15206
802444,4300,2888.793,844,5719.16,19.235088,-249.68546
803421,4301,3355.226,977,5725.91,19.246868,-249.856299
803811,4302,1387.996,390,5728.62,27.230914,-250.016384
804386,4303,1986.583,575,5732.45,18.665121,-250.156853
804615,4304,807.278,229,5734.13,24.943302,-250.01494
804964,4305,1195.044,349,5736.66,16.645396,-250.040769
805158,4306,638.839,194,5737.92,21.184462,-249.780895
805541,4307,1348.008,383,5740.44,19.536223,-250.14835
805895,4308,1230.122,354,5742.9,16.095473,-250.452104
806249,4309,1267.363,354,5745.49,17.384028,-250.005543
806615,4310,1307.259,366,5747.78,15.226423,-249.399596
807574,4311,3231.171,959,5754.52,19.361919,-249.856294
807890,4312,1133.157,316,5756.61,21.608019,-249.776837
808225,4313,1225.932,335,5758.76,25.147685,-249.71031
808587,4314,1301.875,362,5761.4,18.81543,-249.696442
808889,4315,1117.587,302,5763.64,25.128876,-250.748205
809101,4316,732.397,212,5765.07,14.791079,-249.981107
809312,4317,724.965,211,5766.51,20.193606,-250.21091
809682,4318,1328.105,370,5769.05,17.258085,-250.435682
810336,4319,2256.044,654,5778.37,22.057044,-249.664878
810697,4320,1298.024,361,5780.94,23.11822,-249.818512
811282,4321,2006.047,585,5784.46,18.001784,-250.35878
811663,4322,1391.582,381,5786.96,19.683246,-250.321104
811977,4323,1145.589,314,5789.08,18.603601,-250.137135
812362,4324,1385.901,385,5791.54,17.74911,-249.522653
812721,4325,1278.562,359,5793.82,20.028794,-249.204556
813094,4326,1323.441,373,5796.37,15.366378,-250.390106
813805,4327,2453.617,711,5800.98,19.224264,-250.1267
814158,4328,1227.056,353,5803.24,19.647168,-250.227752
814391,4329,830.114,233,5804.94,17.556365,-249.672466
814828,4330,1533.651,437,5808.13,19.707925,-249.928939
815083,4331,928.018,255,5810.09,21.568505,-249.884358
815440,4332,1238.811,357,5812.73,17.104919,-250.0168
815689,4333,885.323,249,5814.46,15.304952,-250.179923
816086,4334,1464.777,397,5817.3,17.591481,-250.324607
816458,4335,1321.019,372,5820.13,17.368023,-250.031324
816705,4336,879.619,247,5822.04,18.121406,-250.458832
817022,4337,1166.387,317,5824.46,17.100898,-250.675385
817439,4338,1425.153,417,5827.63,24.391279,-250.062544
817676,4339,844.256,237,5829.46,18.565229,-250.261091
818090,4340,1532.48,414,5832.61,16.708984,-250.524002
818380,4341,1063.533,290,5834.65,16.257904,-250.527747
818702,4342,1203.445,322,5836.97,17.171002,-250.021089
819025,4343,1207.783,323,5839.28,20.254215,-249.75522
819360,4344,1235.997,335,5841.97,18.063928,-250.879449
819749,4345,1433.687,389,5845.38,20.567498,-250.204631
820174,4346,1506.149,425,5853.84,21.273764,-250.720578
820509,4347,1238.771,335,5856.46,19.577807,-251.128594
820824,4348,1136.016,315,5858.78,17.894705,-250.457575
821170,4349,1154.495,346,5861.53,17.020094,-250.23395
821515,4350,1204.642,345,5864.49,20.761459,-250.518517
821767,4351,907.586,252,5866.37,15.968944,-250.719418
822200,4352,1547.797,433,5869.4,21.076292,-250.769806
822681,4353,1679.491,481,5872.94,16.905326,-251.15653
823089,4354,1489.697,408,5875.89,16.631384,-250.674067
823474,4355,1344.124,385,5878.59,18.54558,-250.588665
823835,4356,1239.474,361,5881.18,19.923098,-250.893349
824425,4357,2003.065,590,5885.45,19.999654,-250.093812
825069,4358,2225.989,644,5889.95,16.753003,-251.316538
825381,4359,1141.222,312,5892.23,13.730716,-251.132643
825783,4360,1442.314,402,5895.15,21.89606,-250.327321
825932,4361,415.848,149,5896.15,24.55036,-250.499642
826253,4362,1158.194,321,5898.21,20.865977,-251.12577
826614,4363,1247.369,361,5900.83,19.385978,-250.619085
826979,4364,1263.296,365,5902.31,18.318613,-250.678942
827303,4365,1173.05,324,5904.62,23.250158,-250.817107
827640,4366,1244.245,337,5907.02,19.326752,-251.170506
827988,4367,1281.84,348,5909.6,16.626374,-251.015109
828490,4368,1712.81,502,5913.08,14.642958,-250.756349
829021,4369,1843.762,531,5916.5,16.07923,-251.021286
829290,4370,956.555,269,5918.46,18.02575,-251.55552
829608,4371,1135.29,318,5920.83,22.279932,-250.837955
829962,4372,1220.639,354,5923.23,14.629072,-250.984403
830457,4373,1730.216,495,5930.72,20.947395,-251.120452
830761,4374,1107.814,304,5932.96,18.902689,-250.970595
831125,4375,1245.433,364,5935.59,17.535958,-250.592988
831501,4376,1377.792,376,5938.14,15.255858,-250.619828
831749,4377,879.983,248,5939.96,23.810113,-251.584614
832027,4378,978.195,278,5942.1,20.047092,-251.963562
832270,4379,869.805,243,5943.86,19.7896,-251.130819
832519,4380,880.084,249,5945.55,18.009989,-251.182217
832870,4381,1236.308,351,5947.99,17.695212,-250.510751
833108,4382,843.002,238,5949.81,22.017071,-250.295877
833563,4383,1599.245,455,5953.22,16.982753,-250.384873
834110,4384,1907.646,547,5957.33,22.026436,-251.172035
834358,4385,883.894,248,5959.24,17.256475,-250.57084
834504,4386,401.996,146,5960.42,25.509287,-251.478919
834799,4387,1086.832,295,5962.77,22.423264,-251.104811
835068,4388,961.301,269,5964.73,22.462772,-250.855587
835294,4389,788.539,226,5966.4,21.422371,-251.059401
835743,4390,1593.407,449,5969.79,19.055974,-251.400744
836088,4391,1266.686,345,5972.38,19.712504,-251.399413
836511,4392,1524.301,423,5975.65,16.622111,-250.801287
836780,4393,963.17,269,5977.76,15.876323,-250.49362
837041,4394,911.27,261,5979.7,21.031864,-250.975621
837297,4395,929.07,256,5981.67,16.562874,-251.057593
837718,4396,1521.419,421,5984.9,21.00456,-250.993858
838046,4397,1209.839,328,5987.26,22.151507,-251.352624
838811,4398,2668.595,765,5992.29,24.572889,-251.108262
839141,4399,1221.651,330,5994.7,22.58513,-251.360939
839393,4400,906.051,252,5996.54,19.753811,-250.213131
839841,4401,1524.347,448,5999.43,22.143948,-250.827569
840149,4402,1121.777,308,6003.4,20.378863,-250.695669
840438,4403,1071.565,289,6005.42,15.809886,-250.80172
840725,4404,1074.503,287,6007.46,16.791346,-250.855978
840967,4405,861.494,242,6009.15,20.086252,-251.456493
841279,4406,1169.426,312,6011.39,18.595809,-251.12887
841731,4407,1640.489,452,6014.67,17.428245,-251.343878
842092,4408,1338.17,361,6017.35,17.260004,-250.809635
842434,4409,1278.716,342,6019.84,21.22037,-250.776705
842948,4410,1787.275,514,6023.66,19.271848,-250.815521
843366,4411,1536.834,418,6026.51,17.699329,-251.017323
843704,4412,1221.772,338,6028.8,18.240282,-250.512463
844053,4413,1254.729,349,6031.33,15.846479,-251.16569
844319,4414,951.535,266,6033.34,20.357028,-251.155744
844745,4415,1471.362,426,6036.11,20.817117,-251.398241
844964,4416,758.544,219,6037.65,19.744966,-250.060105
845206,4417,866.523,242,6039.38,17.896394,-250.761005
845449,4418,866.104,243,6041.22,17.866578,-250.590914
845691,4419,874.122,242,6043.06,15.190954,-250.864141
845936,4420,885.992,245,6044.87,24.492687,-251.033719
846357,4421,1498.144,421,6047.8,14.95691,-250.742259
846673,4422,1187.201,316,6050.1,18.448484,-251.569842
847036,4423,1218.745,363,6052.58,20.012416,-250.996934
847372,4424,1169.785,336,6054.74,16.576901,-250.691651
847721,4425,1274.174,349,6056.91,23.010932,-251.08095
848097,4426,1390.838,376,6059.51,20.591026,-250.834518
848339,4427,870.134,242,6061.25,18.654889,-250.384593
848598,4428,923.649,259,6062.85,19.326476,-250.953938
848857,4429,934.003,259,6064.42,21.402868,-251.218266
849085,4430,803.943,228,6065.91,14.436948,-251.441239
849710,4431,2179.426,625,6070.13,19.719114,-250.917885
850036,4432,1093.063,326,6075.11,18.557979,-251.104314
850292,4433,942.701,256,6076.96,19.560124,-250.015731
850436,4434,388.861,144,6077.96,16.339329,-250.806418
850789,4435,1224.962,353,6080.3,20.003155,-250.267316
851436,4436,2285.071,647,6084.8,24.497117,-250.979796
851712,4437,968.948,276,6086.88,16.882318,-250.99805
851975,4438,931.596,263,6088.67,19.29179,-250.405049
852604,4439,2184.168,629,6092.72,19.473029,-250.90605
853020,4440,1483.712,416,6095.62,19.982166,-251.085524
853298,4441,1018.262,278,6097.5,24.805747,-250.509029
853655,4442,1274.235,357,6099.84,22.074125,-250.761056
853936,4443,1039.328,281,6101.66,20.249512,-250.34519
854265,4444,1169.13,329,6103.96,17.022832,-250.940227
854705,4445,1611.54,440,6106.98,19.427755,-250.626813
855132,4446,1456.891,427,6109.73,24.307976,-250.694323
855644,4447,1728.372,512,6113.56,22.730923,-251.029286
855973,4448,1198.349,329,6115.88,18.13803,-250.63407
856498,4449,1825.678,525,6119.24,19.18856,-250.363119
856786,4450,1068.686,288,6121.3,19.056769,-250.676257
857196,4451,1490.773,410,6124.3,22.073647,-250.837888
857596,4452,1465.751,400,6126.84,18.680002,-250.730753
857988,4453,1420.381,392,6129.43,16.586999,-251.098296
858551,4454,2012.678,563,6133.41,18.647845,-251.184165
859199,4455,2224.739,648,6137.3,19.817927,-251.472335
859739,4456,1879.856,540,6140.95,19.311629,-250.740984
860373,4457,2231.548,634,6149.56,23.560465,-251.020882
860765,4458,1467.76,392,6152.0,20.474484,-251.213852
861281,4459,1815.096,516,6155.38,17.443791,-251.172703
861822,4460,1876.609,541,6159.05,18.908382,-251.321242
862778,4461,3252.892,956,6165.12,18.893886,-251.256929
863180,4462,1401.321,402,6168.11,17.144939,-250.869374
864180,4463,3187.367,1000,6175.62,19.804102,-251.370606
864810,4464,2227.974,630,6180.32,20.354068,-251.618886
865114,4465,1126.384,304,6182.66,22.398288,-251.354881
865661,4466,1891.771,547,6186.45,20.565533,-251.437282
866087,4467,1498.392,426,6189.81,18.699999,-251.246332
866395,4468,1154.813,308,6192.05,22.773155,-251.524005
866757,4469,1324.652,362,6194.58,21.802115,-251.872687
867642,4470,3020.349,885,6201.61,20.651825,-251.345366
867908,4471,941.691,266,6203.79,18.114854,-251.090331
868155,4472,880.061,247,6205.76,15.445272,-251.206721
868419,4473,940.547,264,6207.94,14.873995,-251.348079
868743,4474,1030.508,324,6210.7,13.393614,-251.32404
869176,4475,1484.843,433,6214.32,17.332545,-251.770888
869435,4476,929.557,259,6216.51,16.263446,-251.393368
870435,4477,3208.907,1000,6227.57,21.80599,-251.503129
870785,4478,1265.482,350,6230.05,19.154089,-250.775044
871371,4479,1987.886,586,6234.33,21.513351,-251.163637
871972,4480,2098.099,601,6238.58,19.232415,-251.79796
872950,4481,3361.454,978,6245.64,19.634475,-251.891668
873515,4482,2035.867,565,6249.59,19.792752,-251.655107
873925,4483,1501.191,410,6252.6,17.267189,-252.251106
874493,4484,1978.34,568,6256.68,23.094424,-251.773777
875054,4485,1966.458,561,6260.58,17.940333,-252.020691
875494,4486,1550.644,440,6263.79,19.326919,-251.722079
875870,4487,1335.444,376,6266.25,25.860143,-252.249708
876349,4488,1718.098,479,6269.39,18.81403,-251.780629
876696,4489,1220.014,347,6271.89,18.415677,-251.472582
877623,4490,3176.064,927,6278.01,20.880631,-251.851949
878040,4491,1498.97,417,6281.06,17.007883,-252.158459
878542,4492,1749.6,502,6284.67,18.068292,-252.218395
879542,4493,3182.973,1000,6291.69,20.271093,-252.096962
880277,4494,2535.756,735,6303.58,19.477273,-252.318747
880851,4495,1952.73,574,6307.77,17.672476,-251.890165
881573,4496,2506.211,722,6313.25,20.750612,-252.213251
882573,4497,3285.1,1000,6320.81,17.311121,-252.116314
883144,4498,2004.595,571,6325.22,17.42189,-252.4941
883792,4499,2285.327,648,6329.99,18.350895,-252.249019
884392,4500,2191.171,600,6334.03,17.539322,-252.875089
885270,4501,3052.175,878,6340.62,18.528157,-252.219035
885698,4502,1478.304,428,6344.02,22.16749,-252.543152
886698,4503,3278.309,1000,6350.91,21.728718,-252.994468
887262,4504,2006.625,564,6354.82,17.175061,-252.814744
887925,4505,2274.025,663,6358.99,20.720452,-253.11167
888275,4506,1227.877,350,6361.34,22.186556,-253.2708
888906,4507,2188.07,631,6365.88,20.505066,-253.595873
889485,4508,1979.768,579,6369.5,19.655182,-253.161345
889899,4509,1474.891,414,6372.26,17.792648,-253.888474
890319,4510,1503.199,420,6380.25,14.529822,-253.130252
890684,4511,1334.426,365,6382.54,16.600382,-253.621465
891684,4512,3204.19,1000,6389.6,18.64113,-253.186265
892259,4513,2010.807,575,6393.26,22.759325,-253.423401
892667,4514,1500.986,408,6396.04,23.880083,-253.267746
893031,4515,1352.809,364,6398.62,16.39902,-254.208868
893502,4516,1635.578,471,6402.05,18.237593,-253.568882
893951,4517,1651.865,449,6405.11,17.692462,-253.978411
894537,4518,2144.749,586,6408.78,16.951319,-253.537991
894851,4519,1161.819,314,6410.66,24.950858,-253.820284
895559,4520,2472.736,708,6416.1,19.632305,-253.391238
895954,4521,1448.484,395,6418.66,21.075353,-254.389448
896290,4522,1230.265,336,6420.81,22.582001,-253.758837
896728,4523,1628.255,438,6423.69,16.663004,-253.694742
897207,4524,1706.755,479,6427.05,15.223726,-253.903677
897676,4525,1736.003,469,6430.4,20.382978,-253.969937
898024,4526,1246.31,348,6432.82,18.004464,-253.980239
898301,4527,1025.564,277,6434.66,20.711126,-254.526304
898766,4528,1652.903,465,6437.5,17.759378,-254.401232
899156,4529,1468.465,390,6440.35,14.718694,-253.964772
899627,4530,1656.073,471,6443.75,20.895526,-253.947836
900003,4531,1403.402,376,6448.7,17.397793,-254.45378
900406,4532,1505.583,403,6451.71,14.918928,-254.266067
900779,4533,1344.724,373,6454.33,21.271256,-254.354019
901193,4534,1465.467,414,6457.17,19.920757,-254.412367
901669,4535,1682.298,476,6460.32,20.065333,-254.019274
901976,4536,1149.283,307,6462.13,17.929141,-254.497777
902581,4537,2158.326,605,6466.47,23.406101,-254.185071
902924,4538,1257.545,343,6469.23,23.305818,-254.491131
903522,4539,2159.775,598,6472.98,22.194338,-254.721411
904006,4540,1748.496,484,6476.21,15.495781,-254.337339
904349,4541,1209.251,343,6478.67,20.876256,-254.154729
904698,4542,1227.356,349,6481.26,16.953771,-254.028618
904994,4543,1083.26,296,6483.4,27.430947,-254.539572
905377,4544,1437.292,383,6485.99,21.716825,-254.586932
905679,4545,1094.868,302,6487.87,17.636633,-255.208693
906089,4546,1524.107,410,6490.34,19.672877,-255.339986
906608,4547,1870.898,519,6494.44,18.790866,-255.177532
906983,4548,1413.705,375,6496.97,20.809773,-254.483128
907479,4549,1757.687,496,6500.02,18.575198,-255.267858
907736,4550,935.248,257,6501.66,15.505132,-254.335505
908266,4551,1984.157,530,6505.3,19.743556,-254.534432
908758,4552,1749.884,492,6508.85,17.338107,-254.990696
909133,4553,1406.751,375,6511.16,21.327463,-255.115198
909612,4554,1810.425,479,6514.14,16.707797,-254.668018
910070,4555,1646.031,458,6519.33,19.827892,-255.437986
910487,4556,1521.186,417,6522.3,17.281756,-255.560294
910894,4557,1509.941,407,6524.84,19.686534,-254.693828
911352,4558,1716.379,458,6527.96,22.463201,-255.11772
911832,4559,1684.202,480,6531.09,15.364389,-254.743717
912170,4560,1211.419,338,6533.23,15.779111,-254.693753
912534,4561,1285.496,364,6535.73,18.345038,-255.157729
912805,4562,946.623,271,6537.56,22.015901,-254.641966
913444,4563,2286.092,639,6541.82,18.906574,-254.849907
913816,4564,1412.163,372,6544.34,22.921553,-255.098142
914196,4565,1428.427,380,6546.85,18.810333,-255.110853
914529,4566,1179.192,333,6549.17,18.326731,-254.592428
915074,4567,1989.992,545,6553.13,17.51231,-255.904941
915466,4568,1436.051,392,6555.73,20.979407,-255.307348
915887,4569,1472.53,421,6558.7,21.3135,-255.276305
916274,4570,1463.201,387,6561.52,21.363555,-255.762304
916709,4571,1641.148,435,6564.29,21.838727,-255.365301
917030,4572,1200.289,321,6566.3,20.303167,-255.529087
917337,4573,1067.626,307,6568.15,21.227916,-255.250452
917624,4574,1046.434,287,6569.94,17.639864,-255.796931
917965,4575,1245.741,341,6572.46,14.557753,-255.744063
918455,4576,1802.067,490,6575.95,20.261925,-255.761212
919073,4577,2143.497,618,6579.96,18.443958,-256.052543
919483,4578,1501.394,410,6582.46,21.284371,-255.93616
919757,4579,930.328,274,6584.27,16.500178,-256.053181
920118,4580,1364.413,361,6590.52,17.257191,-256.39962
920460,4581,1249.842,342,6592.96,19.46975,-255.830776
920798,4582,1165.75,338,6595.29,19.2599,-255.742604
921315,4583,1793.758,517,6599.13,15.93563,-256.275297
921600,4584,1007.965,285,6601.24,22.183391,-256.451066
922065,4585,1686.577,465,6604.52,17.602864,-256.37438
922631,4586,2043.367,566,6608.63,19.440146,-256.477096
923482,4587,2916.111,851,6614.76,20.545736,-256.296027
923772,4588,1053.925,290,6616.93,17.780471,-256.144214
924255,4589,1779.316,483,6620.35,15.140505,-256.038876
924669,4590,1519.779,414,6623.0,19.569766,-256.7508
925055,4591,1433.144,386,6625.68,34.06065,-256.308499
925318,4592,945.349,263,6627.58,27.226895,-255.660783
925589,4593,958.902,271,6629.49,19.736828,-255.415551
926182,4594,2060.986,593,6633.12,17.559551,-256.206178
926498,4595,1168.515,316,6635.29,18.249036,-256.590319
926836,4596,1237.341,338,6637.75,18.904369,-256.359607
927147,4597,1144.609,311,6639.95,19.474566,-256.533562
927429,4598,1020.768,282,6641.94,18.403005,-257.177705
927761,4599,1229.83,332,6644.33,18.619234,-256.356135
928041,4600,1013.474,280,6646.23,16.160469,-257.12038
928315,4601,946.923,274,6648.18,18.821861,-256.866657
928654,4602,1249.693,339,6650.72,15.29091,-256.456126
928921,4603,929.211,267,6652.68,17.588266,-256.24993
929486,4604,1988.788,565,6656.76,20.81093,-256.542062
930138,4605,2315.651,652,6664.31,16.997672,-256.575033
930439,4606,1131.816,301,6666.56,19.048757,-257.151821
931232,4607,2898.165,793,6672.54,19.35736,-257.260259
931543,4608,1158.879,311,6674.73,22.402746,-257.021023
931848,4609,1133.038,305,6676.85,18.387138,-257.283687
932172,4610,1210.245,324,6678.84,15.408814,-257.286802
932430,4611,920.291,258,6680.75,13.398098,-257.190479
932766,4612,1232.795,336,6683.34,23.144972,-257.652563
933040,4613,958.397,274,6685.16,17.125655,-256.809492
933346,4614,1137.48,306,6687.41,22.754552,-257.308034
933933,4615,2061.126,587,6691.61,21.921325,-257.336644
934278,4616,1252.555,345,6694.32,17.605867,-257.17087
934662,4617,1381.675,384,6697.4,19.827252,-257.326298
934966,4618,1127.189,304,6699.72,20.564114,-257.443169
935287,4619,1156.156,321,6702.19,24.197958,-257.648971
935683,4620,1487.924,396,6705.05,20.160746,-256.850963
936103,4621,1470.907,420,6707.63,21.702555,-257.293761
936660,4622,2000.438,557,6711.74,20.119879,-257.559627
937137,4623,1726.343,477,6715.07,19.474352,-257.532389
937752,4624,2154.69,615,6719.48,19.556212,-257.761151
938273,4625,1906.637,521,6723.26,14.310294,-257.817336
938682,4626,1478.114,409,6725.95,14.866442,-257.684418
938986,4627,1102.199,304,6727.98,17.547727,-257.067063
939425,4628,1622.271,439,6730.91,15.950707,-258.212103
939709,4629,1014.389,284,6732.67,19.020486,-257.569106
940157,4630,1671.429,448,6737.79,17.884775,-258.436962
940488,4631,1207.746,331,6740.22,19.414408,-257.844414
940988,4632,1770.953,500,6743.74,19.027448,-257.742603
941311,4633,1183.757,323,6746.01,15.390456,-257.832987
941559,4634,855.526,248,6747.89,24.255578,-257.55614
942094,4635,1938.041,535,6751.88,22.139215,-257.802404
942376,4636,1024.531,282,6753.95,26.274721,-257.871656
942971,4637,2228.372,595,6758.25,18.893008,-258.004731
943516,4638,1951.67,545,6761.81,18.10572,-258.018919
943858,4639,1240.381,342,6764.17,15.990846,-258.613363
944209,4640,1301.675,351,6766.74,19.237042,-258.35775
944759,4641,1978.934,550,6770.29,18.803203,-258.328392
945759,4642,3409.611,1000,6777.18,18.182652,-258.100416
946083,4643,1207.87,324,6779.48,18.503143,-258.201259
946385,4644,1108.115,302,6781.59,18.469229,-259.134098
946864,4645,1737.369,479,6785.06,23.428869,-258.174163
947172,4646,1148.667,308,6787.17,15.708676,-258.685959
947438,4647,938.961,266,6788.77,25.791556,-258.785769
947783,4648,1233.433,345,6791.15,20.649757,-258.993072
948048,4649,940.446,265,6793.06,14.826141,-258.329091
948367,4650,1194.037,319,6795.42,17.336999,-258.000912
948660,4651,1076.456,293,6797.29,22.595908,-258.566873
948985,4652,1187.248,325,6799.28,17.514175,-258.271419
949814,4653,2911.547,829,6805.05,15.314587,-258.8555
950140,4654,1210.319,326,6812.27,22.680264,-258.792233
950469,4655,1198.371,329,6814.3,19.272422,-258.521411
951016,4656,1948.763,547,6818.1,20.26368,-259.561002
951553,4657,1968.023,537,6821.9,18.686801,-259.064111
951881,4658,1194.262,328,6824.08,18.293154,-259.311629
952286,4659,1473.123,405,6826.83,18.196315,-259.296672
952668,4660,1417.122,382,6829.6,18.847745,-259.214964
952997,4661,1205.693,329,6831.76,19.629323,-258.996581
953462,4662,1720.932,465,6834.92,21.733438,-259.353407
954049,4663,2114.933,587,6839.05,15.308704,-259.177034
954362,4664,1134.9,313,6841.03,22.805653,-259.512311
955025,4665,2367.608,663,6845.63,19.539832,-259.407751
955333,4666,1166.315,308,6847.95,21.180623,-258.851622
955726,4667,1457.028,393,6850.63,17.212747,-259.00152
956022,4668,1104.648,296,6852.56,22.341881,-259.224874
956284,4669,935.753,262,6854.36,20.221628,-259.308845
956615,4670,1200.759,331,6856.57,18.160662,-259.105776
956887,4671,1004.068,272,6858.47,13.017809,-258.774878
957164,4672,989.243,277,6860.26,18.239615,-259.918657
957260,4673,235.06,96,6860.89,16.34201,-259.717893
957578,4674,1205.946,318,6863.0,17.722094,-258.669337
957896,4675,1201.852,318,6865.17,23.555968,-259.779828
958165,4676,953.423,269,6866.91,20.180478,-259.371937
958478,4677,1162.415,313,6868.89,13.915825,-259.309395
958774,4678,1102.878,296,6870.74,15.86836,-259.310541
959083,4679,1133.971,309,6872.87,22.122755,-259.755696
959337,4680,896.138,254,6874.67,13.934456,-259.023194
959628,4681,1084.377,291,6876.57,21.0247,-259.727857
959945,4682,1170.59,317,6878.54,17.598363,-259.301315
960264,4683,1208.667,319,6883.37,19.718298,-259.398173
960600,4684,1224.952,336,6885.76,19.502607,-259.226879
960973,4685,1406.075,373,6888.63,23.083487,-259.111942
961284,4686,1134.894,311,6890.76,14.724971,-259.321177
961645,4687,1382.586,361,6893.3,19.189856,-259.313736
961975,4688,1230.519,330,6895.95,15.599377,-259.693456
962444,4689,1720.284,469,6899.37,18.240519,-259.314376
962719,4690,976.801,275,6901.32,16.419356,-259.479942
963052,4691,1230.092,333,6903.89,18.247937,-259.573601
963382,4692,1221.009,330,6906.49,22.898283,-258.754522
963711,4693,1215.086,329,6908.91,18.919881,-259.60797
964032,4694,1212.263,321,6910.98,17.792431,-259.260655
964310,4695,1002.934,278,6913.07,24.198652,-259.174624
964628,4696,1203.241,318,6915.55,22.761841,-260.105823
964955,4697,1222.562,327,6918.23,17.563316,-259.785003
965355,4698,1493.883,400,6921.39,15.567397,-259.138974
965619,4699,958.481,264,6923.45,23.659773,-258.595875
965869,4700,909.603,250,6925.32,15.343901,-259.048857
966224,4701,1323.332,355,6928.19,18.634228,-259.697477
966389,4702,472.856,165,6929.59,24.906482,-259.364332
966790,4703,1461.503,401,6932.81,16.954578,-259.071887
967428,4704,2239.064,638,6937.66,16.347765,-259.178168
968128,4705,2474.721,700,6943.33,22.008769,-258.596827
968481,4706,1328.101,353,6945.93,16.666482,-260.157139
968921,4707,1654.594,440,6949.13,18.730065,-259.344439
969602,4708,2426.488,681,6953.99,16.118303,-259.223969
970016,4709,1481.561,414,6960.83,17.917314,-259.596405
970350,4710,1250.19,334,6963.26,25.412161,-258.966244
970701,4711,1296.153,351,6965.78,15.570304,-259.278851
971179,4712,1776.419,478,6969.23,17.552591,-259.286356
971662,4713,1762.361,483,6972.69,17.053525,-259.179165
972143,4714,1744.092,481,6976.24,16.422036,-259.0915
972511,4715,1376.898,368,6978.8,20.692906,-259.050389
972883,4716,1404.589,372,6981.55,26.364253,-258.915662
973580,4717,2432.46,697,6986.39,19.534883,-259.294752
973963,4718,1426.365,383,6989.0,14.197573,-259.365319
974407,4719,1658.581,444,6992.07,17.213542,-259.265819
974864,4720,1702.99,457,6995.36,21.026667,-259.586351
975228,4721,1328.106,364,6997.97,20.530404,-259.633146
975685,4722,1696.963,457,7001.24,15.952105,-258.745877
976022,4723,1217.312,337,7003.65,19.252141,-258.944616
976356,4724,1233.674,334,7006.02,17.845805,-259.354529
976716,4725,1357.807,360,7008.74,21.345907,-259.481604
977268,4726,2025.062,552,7012.93,17.684637,-258.915969
977805,4727,1994.75,537,7016.93,16.841148,-259.761717
978253,4728,1665.789,448,7020.34,26.891829,-259.39071
978770,4729,1885.031,517,7023.83,18.120046,-259.304564
979725,4730,3206.227,955,7030.88,19.777685,-259.178762
980335,4731,2275.082,610,7042.47,14.77374,-258.904635
980723,4732,1447.197,388,7045.3,17.587371,-259.147564
981099,4733,1411.083,376,7048.32,16.148103,-259.595138
981790,4734,2457.592,691,7053.76,16.924728,-259.155955
982315,4735,1976.489,525,7057.89,23.841984,-259.321493
982708,4736,1482.728,393,7060.91,16.198855,-259.771021
983134,4737,1590.559,426,7064.25,23.021329,-259.668202
983476,4738,1247.809,342,7066.66,22.881647,-259.276991
984091,4739,2295.034,615,7071.1,20.482824,-259.684991
984648,4740,1957.949,557,7075.13,24.23998,-259.796457
984966,4741,1165.307,318,7077.39,18.961796,-259.5217
985569,4742,2248.441,603,7081.69,17.951805,-259.49035
985952,4743,1436.27,383,7084.15,20.725999,-259.400099
986466,4744,1932.933,514,7087.57,17.913503,-259.420877
986796,4745,1216.666,330,7089.88,16.1444,-259.456304
987168,4746,1380.965,372,7092.32,16.747036,-260.037829
987481,4747,1168.114,313,7094.3,16.307514,-259.895109
987845,4748,1369.457,364,7096.94,23.315721,-259.747622
988302,4749,1684.645,457,7100.34,23.041915,-259.608235
988618,4750,1140.22,316,7102.55,30.36518,-259.743049
988968,4751,1317.776,350,7104.96,14.168323,-259.723444
989362,4752,1447.728,394,7107.85,15.539205,-259.721415
989853,4753,1727.416,491,7111.48,21.522207,-259.670928
990258,4754,1437.901,405,7120.15,17.235474,-259.711854
990848,4755,2131.477,590,7124.09,20.090368,-259.774322
991412,4756,1955.682,564,7127.9,17.479476,-259.45909
991862,4757,1670.202,450,7130.79,26.481057,-259.647362
992181,4758,1169.768,319,7132.99,16.706261,-260.272693
992525,4759,1307.628,344,7135.43,14.140757,-259.644744
993150,4760,2236.986,625,7139.8,16.800521,-259.870394
994055,4761,3074.77,905,7146.06,15.649731,-259.930932
994375,4762,1161.31,320,7148.2,19.918538,-259.895323
994763,4763,1472.195,388,7150.97,15.702337,-260.634063
995194,4764,1546.907,431,7154.01,17.821686,-259.650051
995475,4765,981.233,281,7155.78,22.662862,-260.16274
996475,4766,3393.858,1000,7162.61,19.423923,-259.862017
997060,4767,2107.276,585,7166.36,17.027926,-260.387619
997451,4768,1371.184,391,7169.1,16.203599,-260.354945
998111,4769,2453.382,660,7173.64,20.006403,-260.292271
998394,4770,1053.137,283,7175.48,24.004646,-259.706869
998714,4771,1207.832,320,7177.76,18.300296,-259.880308
999083,4772,1376.103,369,7180.51,15.987379,-259.971975
999356,4773,1018.465,273,7182.44,17.463766,-259.28013
999743,4774,1460.624,387,7184.9,18.112421,-260.444787
