timestep,episode,episode_reward,episode_length,wall_time,critic_loss,actor_loss
24,0,-4.447,24,0.01,,
50,1,-1.777,26,0.01,,
83,2,2.53,33,0.02,,
102,3,1.882,19,0.02,,
113,4,-4.193,11,0.02,,
126,5,-1.636,13,0.02,,
151,6,-2.662,25,0.03,,
164,7,0.127,13,0.03,,
179,8,0.391,15,0.03,,
210,9,5.282,31,0.04,,
239,10,7.739,29,0.04,,
266,11,11.37,27,0.05,,
278,12,0.914,12,0.05,,
299,13,0.567,21,0.05,,
318,14,-3.905,19,0.06,,
339,15,-7.644,21,0.06,,
366,16,-1.647,27,0.06,,
382,17,0.495,16,0.06,,
437,18,30.491,55,0.07,,
451,19,1.142,14,0.08,,
461,20,-2.346,10,0.08,,
497,21,19.248,36,0.08,,
519,22,-4.8,22,0.1,,
533,23,0.781,14,0.1,,
563,24,12.554,30,0.1,,
575,25,0.08,12,0.1,,
595,26,4.022,20,0.11,,
618,27,3.929,23,0.11,,
641,28,-7.545,23,0.12,,
680,29,0.264,39,0.12,,
707,30,-2.068,27,0.13,,
734,31,8.293,27,0.13,,
747,32,-1.958,13,0.13,,
770,33,0.192,23,0.14,,
781,34,-0.306,11,0.14,,
800,35,-3.042,19,0.14,,
826,36,6.971,26,0.15,,
841,37,-8.924,15,0.15,,
874,38,8.775,33,0.16,,
899,39,2.862,25,0.16,,
913,40,-2.253,14,0.17,,
937,41,-1.526,24,0.17,,
945,42,-3.009,8,0.17,,
962,43,3.063,17,0.17,,
983,44,-1.461,21,0.18,,
996,45,-0.876,13,0.18,,
1007,46,-4.081,11,0.19,,
1043,47,4.953,36,0.2,,
1072,48,10.57,29,0.2,,
1084,49,-0.193,12,0.2,,
1097,50,-1.278,13,0.21,,
1115,51,5.17,18,0.21,,
1125,52,-5.304,10,0.21,,
1136,53,-2.623,11,0.21,,
1150,54,0.366,14,0.22,,
1166,55,2.154,16,0.22,,
1191,56,1.269,25,0.22,,
1203,57,-2.773,12,0.22,,
1224,58,4.005,21,0.23,,
1242,59,-2.824,18,0.23,,
1255,60,0.033,13,0.24,,
1282,61,-4.502,27,0.24,,
1297,62,2.288,15,0.24,,
1326,63,-4.909,29,0.25,,
1347,64,3.19,21,0.25,,
1361,65,-1.184,14,0.25,,
1389,66,-3.162,28,0.26,,
1413,67,3.549,24,0.26,,
1446,68,1.906,33,0.27,,
1464,69,-2.058,18,0.27,,
1489,70,2.599,25,0.27,,
1509,71,5.442,20,0.28,,
1547,72,3.001,38,0.28,,
1566,73,-5.643,19,0.28,,
1585,74,0.809,19,0.29,,
1606,75,-2.967,21,0.29,,
1622,76,3.448,16,0.29,,
1635,77,1.46,13,0.29,,
1666,78,11.077,31,0.3,,
1685,79,-2.309,19,0.3,,
1698,80,-2.297,13,0.31,,
1742,81,17.071,44,0.31,,
1770,82,6.852,28,0.32,,
1798,83,13.481,28,0.32,,
1808,84,-3.544,10,0.33,,
1825,85,6.127,17,0.33,,
1844,86,-8.258,19,0.33,,
1878,87,8.285,34,0.34,,
1891,88,2.46,13,0.34,,
1905,89,-1.551,14,0.34,,
1925,90,5.2,20,0.35,,
1936,91,0.939,11,0.35,,
1951,92,0.839,15,0.35,,
1967,93,4.209,16,0.36,,
1986,94,1.569,19,0.36,,
2002,95,-0.47,16,0.36,,
2019,96,1.537,17,0.36,,
2036,97,6.091,17,0.37,,
2051,98,2.475,15,0.37,,
2078,99,7.852,27,0.38,,
2095,100,2.802,17,0.38,,
2109,101,2.27,14,0.38,,
2128,102,-0.539,19,0.38,,
2144,103,-4.784,16,0.39,,
2160,104,2.758,16,0.39,,
2177,105,-4.292,17,0.39,,
2199,106,-2.17,22,0.4,,
2217,107,4.066,18,0.4,,
2234,108,2.581,17,0.4,,
2246,109,0.166,12,0.4,,
2271,110,9.142,25,0.41,,
2297,111,-2.506,26,0.41,,
2318,112,3.917,21,0.41,,
2334,113,1.483,16,0.42,,
2352,114,-5.056,18,0.42,,
2368,115,2.593,16,0.42,,
2382,116,-1.932,14,0.42,,
2404,117,-0.319,22,0.43,,
2417,118,-0.624,13,0.43,,
2432,119,3.747,15,0.43,,
2457,120,2.918,25,0.44,,
2474,121,1.532,17,0.44,,
2525,122,-4.123,51,0.45,,
2552,123,4.751,27,0.46,,
2573,124,-0.97,21,0.47,,
2591,125,2.329,18,0.47,,
2608,126,4.761,17,0.48,,
2626,127,-1.387,18,0.49,,
2637,128,-2.584,11,0.49,,
2656,129,1.539,19,0.5,,
2676,130,-4.144,20,0.5,,
2697,131,-4.822,21,0.51,,
2716,132,6.513,19,0.51,,
2731,133,3.196,15,0.51,,
2757,134,3.267,26,0.52,,
2791,135,5.009,34,0.52,,
2805,136,-0.864,14,0.53,,
2821,137,2.5,16,0.53,,
2833,138,-0.758,12,0.53,,
2852,139,2.488,19,0.53,,
2882,140,-2.46,30,0.54,,
2919,141,-4.855,37,0.54,,
2963,142,11.052,44,0.55,,
2986,143,-6.13,23,0.56,,
2998,144,-5.399,12,0.56,,
3013,145,2.41,15,0.57,,
3049,146,3.413,36,0.57,,
3072,147,6.109,23,0.58,,
3088,148,-1.668,16,0.58,,
3113,149,2.028,25,0.59,,
3133,150,6.454,20,0.59,,
3167,151,6.247,34,0.59,,
3180,152,0.32,13,0.6,,
3208,153,11.332,28,0.6,,
3219,154,-0.723,11,0.6,,
3237,155,4.502,18,0.61,,
3258,156,1.98,21,0.61,,
3273,157,4.146,15,0.61,,
3290,158,-5.887,17,0.61,,
3302,159,-0.402,12,0.62,,
3315,160,1.306,13,0.62,,
3333,161,-0.062,18,0.62,,
3362,162,1.21,29,0.63,,
3375,163,-6.288,13,0.63,,
3389,164,-1.762,14,0.63,,
3407,165,4.925,18,0.63,,
3431,166,7.137,24,0.64,,
3447,167,-1.475,16,0.64,,
3473,168,-3.108,26,0.64,,
3506,169,4.02,33,0.65,,
3521,170,0.217,15,0.65,,
3547,171,11.723,26,0.66,,
3575,172,-0.648,28,0.66,,
3587,173,-2.783,12,0.66,,
3616,174,7.796,29,0.67,,
3633,175,3.149,17,0.67,,
3644,176,-3.585,11,0.67,,
3659,177,2.663,15,0.68,,
3685,178,8.911,26,0.68,,
3704,179,0.286,19,0.68,,
3716,180,-4.225,12,0.69,,
3732,181,-5.879,16,0.69,,
3754,182,-1.987,22,0.69,,
3774,183,7.467,20,0.7,,
3808,184,10.308,34,0.7,,
3844,185,2.852,36,0.71,,
3859,186,-7.74,15,0.71,,
3889,187,9.518,30,0.72,,
3911,188,2.698,22,0.72,,
3929,189,-4.46,18,0.72,,
3940,190,-1.951,11,0.73,,
3956,191,-0.716,16,0.73,,
3971,192,-0.295,15,0.73,,
3992,193,3.963,21,0.73,,
4006,194,-1.395,14,0.74,,
4019,195,-2.469,13,0.74,,
4043,196,-3.141,24,0.74,,
4065,197,3.131,22,0.75,,
4086,198,1.213,21,0.75,,
4113,199,7.471,27,0.76,,
4127,200,-4.727,14,0.76,,
4138,201,0.024,11,0.77,,
4155,202,1.176,17,0.77,,
4167,203,-0.251,12,0.77,,
4190,204,4.85,23,0.77,,
4209,205,0.421,19,0.78,,
4231,206,10.223,22,0.78,,
4246,207,3.373,15,0.78,,
4264,208,7.704,18,0.79,,
4276,209,-0.878,12,0.79,,
4301,210,-2.272,25,0.79,,
4314,211,-3.98,13,0.79,,
4329,212,-4.132,15,0.8,,
4348,213,-8.306,19,0.8,,
4368,214,2.279,20,0.8,,
4404,215,5.227,36,0.81,,
4429,216,-3.961,25,0.81,,
4460,217,6.477,31,0.82,,
4473,218,-1.678,13,0.82,,
4487,219,1.581,14,0.82,,
4505,220,4.371,18,0.82,,
4524,221,-2.765,19,0.83,,
4547,222,-4.506,23,0.83,,
4579,223,3.993,32,0.84,,
4602,224,5.532,23,0.84,,
4619,225,-1.4,17,0.84,,
4632,226,-2.759,13,0.84,,
4655,227,-5.719,23,0.85,,
4668,228,0.702,13,0.85,,
4683,229,-0.558,15,0.85,,
4718,230,-0.758,35,0.86,,
4732,231,0.625,14,0.86,,
4758,232,-0.526,26,0.87,,
4784,233,-1.658,26,0.87,,
4807,234,-2.446,23,0.88,,
4820,235,2.44,13,0.88,,
4835,236,0.683,15,0.88,,
4850,237,-3.298,15,0.88,,
4881,238,1.851,31,0.89,,
4902,239,2.08,21,0.89,,
4922,240,-1.846,20,0.9,,
4935,241,1.551,13,0.9,,
4954,242,-6.998,19,0.9,,
4971,243,-4.134,17,0.9,,
4985,244,0.323,14,0.91,,
4994,245,-3.562,9,0.91,,
5012,246,1.538,18,0.91,,
5032,247,3.735,20,0.91,,
5057,248,-1.287,25,0.92,,
5072,249,0.447,15,0.92,,
5087,250,-2.235,15,0.92,,
5103,251,1.638,16,0.92,,
5135,252,4.623,32,0.93,,
5150,253,0.13,15,0.93,,
5182,254,6.797,32,0.94,,
5197,255,0.926,15,0.94,,
5218,256,3.531,21,0.94,,
5234,257,-1.787,16,0.94,,
5255,258,-4.657,21,0.95,,
5273,259,5.499,18,0.95,,
5296,260,1.799,23,0.95,,
5313,261,-1.931,17,0.96,,
5336,262,-5.046,23,0.96,,
5350,263,-3.465,14,0.96,,
5372,264,-4.186,22,0.97,,
5386,265,-4.32,14,0.97,,
5399,266,1.507,13,0.97,,
5409,267,-5.747,10,0.97,,
5419,268,-3.647,10,0.97,,
5442,269,0.688,23,0.98,,
5471,270,2.691,29,0.98,,
5500,271,2.733,29,0.99,,
5518,272,-13.014,18,0.99,,
5541,273,7.667,23,1.0,,
5556,274,0.798,15,1.0,,
5584,275,0.075,28,1.0,,
5595,276,-0.154,11,1.01,,
5616,277,-1.259,21,1.01,,
5628,278,0.362,12,1.01,,
5650,279,1.949,22,1.02,,
5679,280,0.838,29,1.02,,
5702,281,-1.012,23,1.02,,
5729,282,3.417,27,1.03,,
5746,283,-6.0,17,1.03,,
5774,284,1.43,28,1.04,,
5798,285,1.742,24,1.04,,
5815,286,-0.008,17,1.04,,
5840,287,1.273,25,1.05,,
5862,288,-1.66,22,1.05,,
5883,289,5.144,21,1.05,,
5926,290,16.762,43,1.06,,
5936,291,-2.21,10,1.06,,
5955,292,-4.291,19,1.06,,
5980,293,2.363,25,1.07,,
5998,294,1.803,18,1.07,,
6037,295,7.91,39,1.08,,
6066,296,3.529,29,1.08,,
6103,297,-2.601,37,1.09,,
6123,298,1.909,20,1.09,,
6144,299,-1.464,21,1.1,,
6163,300,7.019,19,1.1,,
6175,301,-3.819,12,1.1,,
6204,302,12.445,29,1.11,,
6228,303,-0.09,24,1.11,,
6239,304,-3.898,11,1.11,,
6263,305,-8.598,24,1.12,,
6278,306,-1.45,15,1.12,,
6298,307,-0.921,20,1.12,,
6341,308,-2.429,43,1.13,,
6389,309,16.773,48,1.14,,
6415,310,5.241,26,1.14,,
6434,311,3.388,19,1.15,,
6454,312,3.008,20,1.15,,
6472,313,-1.015,18,1.15,,
6488,314,3.437,16,1.16,,
6507,315,5.852,19,1.16,,
6536,316,3.455,29,1.16,,
6556,317,3.623,20,1.17,,
6570,318,0.645,14,1.17,,
6600,319,4.738,30,1.17,,
6627,320,2.567,27,1.18,,
6661,321,0.967,34,1.18,,
6681,322,-0.015,20,1.19,,
6703,323,4.561,22,1.19,,
6722,324,3.639,19,1.19,,
6760,325,9.11,38,1.2,,
6778,326,4.45,18,1.2,,
6802,327,-1.865,24,1.21,,
6833,328,-0.633,31,1.21,,
6862,329,6.219,29,1.21,,
6897,330,9.963,35,1.22,,
6915,331,-4.253,18,1.22,,
6927,332,-2.301,12,1.23,,
6958,333,-3.069,31,1.23,,
6973,334,-3.924,15,1.23,,
6990,335,4.918,17,1.23,,
7001,336,-0.688,11,1.24,,
7012,337,-3.653,11,1.24,,
7032,338,-2.639,20,1.24,,
7045,339,-0.808,13,1.24,,
7074,340,7.382,29,1.25,,
7098,341,3.988,24,1.25,,
7115,342,3.288,17,1.25,,
7133,343,0.914,18,1.26,,
7161,344,5.02,28,1.26,,
7189,345,-3.343,28,1.27,,
7206,346,1.668,17,1.27,,
7221,347,2.445,15,1.27,,
7239,348,-1.002,18,1.27,,
7259,349,-0.36,20,1.28,,
7289,350,-7.965,30,1.28,,
7303,351,2.472,14,1.28,,
7329,352,-0.793,26,1.29,,
7356,353,2.87,27,1.29,,
7369,354,-1.181,13,1.29,,
7389,355,1.765,20,1.3,,
7400,356,-1.791,11,1.3,,
7413,357,3.872,13,1.3,,
7428,358,-5.119,15,1.3,,
7470,359,16.438,42,1.31,,
7490,360,4.118,20,1.31,,
7507,361,0.662,17,1.32,,
7540,362,10.845,33,1.32,,
7561,363,-0.717,21,1.33,,
7591,364,14.025,30,1.34,,
7600,365,-1.562,9,1.34,,
7612,366,0.598,12,1.35,,
7625,367,-3.039,13,1.35,,
7641,368,-8.597,16,1.36,,
7656,369,0.828,15,1.37,,
7681,370,-4.604,25,1.38,,
7713,371,5.04,32,1.39,,
7732,372,1.5,19,1.4,,
7748,373,0.398,16,1.4,,
7774,374,10.719,26,1.41,,
7818,375,10.954,44,1.42,,
7840,376,-6.668,22,1.43,,
7894,377,12.241,54,1.44,,
7905,378,0.145,11,1.44,,
7920,379,1.76,15,1.44,,
7950,380,3.537,30,1.45,,
7964,381,-5.933,14,1.45,,
7985,382,-1.218,21,1.45,,
8000,383,-1.519,15,1.45,,
8016,384,0.752,16,1.46,,
8031,385,1.559,15,1.46,,
8041,386,-4.779,10,1.46,,
8060,387,-2.249,19,1.46,,
8090,388,5.694,30,1.47,,
8132,389,14.221,42,1.47,,
8150,390,-3.405,18,1.48,,
8161,391,-1.446,11,1.48,,
8202,392,-4.076,41,1.49,,
8227,393,11.527,25,1.49,,
8240,394,0.852,13,1.49,,
8272,395,15.9,32,1.5,,
8293,396,2.202,21,1.5,,
8312,397,-2.217,19,1.5,,
8329,398,1.963,17,1.51,,
8348,399,-1.065,19,1.51,,
8380,400,4.767,32,1.51,,
8402,401,4.444,22,1.52,,
8418,402,0.512,16,1.52,,
8448,403,0.009,30,1.52,,
8467,404,-4.792,19,1.53,,
8507,405,15.957,40,1.53,,
8526,406,9.826,19,1.54,,
8553,407,0.884,27,1.54,,
8566,408,-0.814,13,1.54,,
8598,409,1.835,32,1.55,,
8626,410,2.484,28,1.55,,
8636,411,-3.999,10,1.56,,
8648,412,1.343,12,1.56,,
8659,413,-1.51,11,1.56,,
8674,414,1.088,15,1.56,,
8698,415,-1.558,24,1.57,,
8743,416,30.633,45,1.57,,
8787,417,22.955,44,1.58,,
8814,418,8.989,27,1.58,,
8827,419,-2.818,13,1.59,,
8854,420,10.021,27,1.59,,
8874,421,7.235,20,1.59,,
8892,422,-0.737,18,1.6,,
8907,423,2.043,15,1.6,,
8932,424,7.099,25,1.6,,
8963,425,0.222,31,1.61,,
8990,426,4.046,27,1.61,,
9029,427,0.529,39,1.62,,
9038,428,-2.49,9,1.62,,
9054,429,-0.515,16,1.62,,
9071,430,-6.128,17,1.63,,
9102,431,6.082,31,1.63,,
9119,432,4.596,17,1.63,,
9144,433,-3.43,25,1.64,,
9161,434,0.997,17,1.64,,
9186,435,4.031,25,1.65,,
9216,436,4.756,30,1.65,,
9227,437,0.949,11,1.65,,
9242,438,-1.696,15,1.65,,
9261,439,-0.759,19,1.66,,
9290,440,4.731,29,1.66,,
9309,441,5.658,19,1.67,,
9336,442,3.883,27,1.67,,
9348,443,-0.504,12,1.67,,
9360,444,-1.565,12,1.67,,
9397,445,23.38,37,1.68,,
9424,446,1.092,27,1.68,,
9433,447,-1.87,9,1.69,,
9450,448,-1.153,17,1.69,,
9477,449,9.524,27,1.69,,
9506,450,7.339,29,1.7,,
9520,451,-1.133,14,1.7,,
9547,452,9.931,27,1.7,,
9569,453,6.057,22,1.71,,
9587,454,3.272,18,1.71,,
9625,455,6.341,38,1.72,,
9649,456,-5.005,24,1.72,,
9681,457,14.252,32,1.73,,
9710,458,-2.624,29,1.73,,
9721,459,-0.536,11,1.73,,
9742,460,2.741,21,1.74,,
9765,461,-0.458,23,1.74,,
9787,462,-2.427,22,1.74,,
9810,463,-7.207,23,1.75,,
9847,464,4.432,37,1.75,,
9879,465,10.953,32,1.76,,
9889,466,-2.261,10,1.76,,
9908,467,-7.469,19,1.76,,
9924,468,3.125,16,1.77,,
9939,469,1.331,15,1.77,,
9965,470,2.142,26,1.77,,
9992,471,-1.465,27,1.78,,
10018,472,-1.562,26,2.02,,
10046,473,11.583,28,2.02,,
10078,474,-0.344,32,2.03,,
10113,475,11.489,35,2.04,,
10147,476,3.313,34,2.04,,
10177,477,-4.152,30,2.05,,
10206,478,-1.009,29,2.05,,
10222,479,1.652,16,2.05,,
10234,480,-5.492,12,2.06,,
10259,481,5.67,25,2.06,,
10277,482,4.628,18,2.06,,
10288,483,0.187,11,2.06,,
10305,484,1.207,17,2.07,,
10345,485,4.478,40,2.07,,
10364,486,2.23,19,2.08,,
10379,487,-4.663,15,2.08,,
10404,488,-1.503,25,2.08,,
10428,489,0.069,24,2.09,,
10458,490,9.931,30,2.09,,
10480,491,1.484,22,2.1,,
10493,492,0.421,13,2.1,,
10519,493,12.186,26,2.11,,
10532,494,-4.236,13,2.11,,
10547,495,-0.14,15,2.11,,
10560,496,3.559,13,2.11,,
10572,497,-2.291,12,2.12,,
10598,498,-2.988,26,2.12,,
10620,499,7.636,22,2.13,,
10630,500,-3.387,10,2.13,,
10645,501,-0.929,15,2.13,,
10662,502,-9.321,17,2.13,,
10684,503,-0.649,22,2.14,,
10701,504,1.554,17,2.14,,
10714,505,1.705,13,2.14,,
10723,506,-1.637,9,2.14,,
10758,507,1.628,35,2.15,,
10790,508,4.584,32,2.15,,
10818,509,8.594,28,2.16,,
10835,510,0.634,17,2.16,,
10844,511,-5.012,9,2.16,,
10871,512,0.578,27,2.17,,
10883,513,-6.151,12,2.17,,
10899,514,2.909,16,2.17,,
10935,515,5.662,36,2.18,,
10951,516,1.713,16,2.18,,
10963,517,0.897,12,2.18,,
10975,518,-1.249,12,2.18,,
10991,519,-0.803,16,2.19,,
11006,520,2.589,15,2.19,,
11043,521,6.885,37,2.2,,
11071,522,2.216,28,2.2,,
11105,523,-3.051,34,2.21,,
11126,524,-1.428,21,2.21,,
11143,525,-3.58,17,2.21,,
11170,526,18.61,27,2.22,,
11191,527,-5.418,21,2.22,,
11211,528,-2.865,20,2.22,,
11244,529,3.79,33,2.23,,
11262,530,0.641,18,2.23,,
11275,531,-3.868,13,2.24,,
11293,532,4.177,18,2.24,,
11308,533,-2.223,15,2.24,,
11325,534,2.693,17,2.24,,
11355,535,1.747,30,2.25,,
11367,536,1.22,12,2.25,,
11380,537,0.2,13,2.25,,
11389,538,-0.687,9,2.25,,
11420,539,6.155,31,2.26,,
11447,540,-6.006,27,2.26,,
11467,541,3.764,20,2.27,,
11486,542,0.247,19,2.27,,
11509,543,-2.127,23,2.27,,
11522,544,-2.825,13,2.28,,
11543,545,-2.698,21,2.28,,
11558,546,-4.199,15,2.28,,
11572,547,2.074,14,2.28,,
11597,548,6.483,25,2.29,,
11619,549,1.635,22,2.29,,
11647,550,0.774,28,2.3,,
11658,551,-1.963,11,2.3,,
11677,552,-3.386,19,2.3,,
11694,553,1.651,17,2.3,,
11711,554,6.251,17,2.31,,
11735,555,1.295,24,2.31,,
11752,556,-1.011,17,2.32,,
11765,557,-6.011,13,2.32,,
11792,558,3.78,27,2.33,,
11803,559,-3.854,11,2.33,,
11829,560,-4.57,26,2.34,,
11845,561,3.16,16,2.34,,
11868,562,-8.576,23,2.34,,
11901,563,11.522,33,2.35,,
11922,564,8.866,21,2.36,,
11948,565,4.4,26,2.37,,
11958,566,-4.431,10,2.37,,
11974,567,-4.332,16,2.37,,
11993,568,3.332,19,2.37,,
12010,569,2.365,17,2.38,,
12032,570,5.912,22,2.39,,
12049,571,3.831,17,2.39,,
12062,572,-4.634,13,2.4,,
12073,573,0.887,11,2.4,,
12085,574,-0.734,12,2.4,,
12106,575,1.054,21,2.41,,
12122,576,3.977,16,2.42,,
12158,577,0.953,36,2.43,,
12169,578,-0.797,11,2.43,,
12186,579,5.712,17,2.43,,
12206,580,-2.499,20,2.44,,
12240,581,6.206,34,2.45,,
12256,582,-1.371,16,2.46,,
12277,583,-3.132,21,2.46,,
12293,584,5.538,16,2.47,,
12328,585,4.556,35,2.47,,
12345,586,-1.391,17,2.47,,
12365,587,1.558,20,2.48,,
12374,588,-6.544,9,2.48,,
12387,589,-4.897,13,2.48,,
12411,590,2.999,24,2.48,,
12428,591,0.258,17,2.49,,
12449,592,2.745,21,2.49,,
12470,593,3.503,21,2.49,,
12490,594,2.946,20,2.5,,
12513,595,0.255,23,2.5,,
12525,596,-0.663,12,2.5,,
12548,597,-2.709,23,2.51,,
12566,598,-6.282,18,2.51,,
12587,599,2.579,21,2.51,,
12599,600,-5.236,12,2.51,,
12612,601,-2.015,13,2.52,,
12629,602,2.817,17,2.52,,
12649,603,-2.512,20,2.52,,
12660,604,-2.305,11,2.53,,
12672,605,-0.678,12,2.53,,
12688,606,-0.91,16,2.53,,
12697,607,-4.073,9,2.54,,
12712,608,1.996,15,2.54,,
12754,609,33.919,42,2.55,,
12790,610,2.807,36,2.55,,
12824,611,-0.935,34,2.56,,
12860,612,7.533,36,2.56,,
12886,613,3.608,26,2.57,,
12900,614,-10.197,14,2.57,,
12928,615,1.164,28,2.58,,
12952,616,1.117,24,2.58,,
12965,617,1.32,13,2.58,,
12981,618,2.95,16,2.58,,
13000,619,-3.971,19,2.59,,
13019,620,-1.768,19,2.59,,
13036,621,4.293,17,2.59,,
13056,622,-5.88,20,2.6,,
13079,623,-2.297,23,2.6,,
13094,624,0.222,15,2.6,,
13122,625,-4.653,28,2.61,,
13141,626,3.508,19,2.61,,
13167,627,-1.224,26,2.62,,
13184,628,1.485,17,2.62,,
13210,629,-10.612,26,2.62,,
13234,630,-1.881,24,2.63,,
13262,631,3.825,28,2.64,,
13280,632,-2.984,18,2.64,,
13288,633,-3.484,8,2.64,,
13306,634,3.741,18,2.65,,
13318,635,0.663,12,2.65,,
13334,636,-2.868,16,2.65,,
13348,637,1.189,14,2.65,,
13364,638,2.0,16,2.66,,
13388,639,-2.157,24,2.66,,
13415,640,8.2,27,2.67,,
13429,641,-1.183,14,2.67,,
13442,642,-4.871,13,2.67,,
13459,643,-0.622,17,2.68,,
13468,644,-4.31,9,2.68,,
13504,645,-2.276,36,2.68,,
13531,646,3.396,27,2.69,,
13545,647,2.348,14,2.69,,
13580,648,4.999,35,2.7,,
13598,649,5.394,18,2.7,,
13608,650,-0.611,10,2.7,,
13625,651,-0.697,17,2.7,,
13657,652,1.922,32,2.71,,
13684,653,1.918,27,2.71,,
13696,654,0.157,12,2.71,,
13709,655,-0.213,13,2.72,,
13717,656,-4.952,8,2.72,,
13750,657,14.972,33,2.72,,
13779,658,-1.848,29,2.73,,
13802,659,-5.095,23,2.73,,
13826,660,-5.145,24,2.74,,
13878,661,9.564,52,2.75,,
13893,662,-2.381,15,2.75,,
13906,663,-4.524,13,2.75,,
13915,664,-2.587,9,2.76,,
13934,665,-1.962,19,2.76,,
13954,666,4.086,20,2.76,,
13986,667,-1.389,32,2.77,,
14016,668,8.423,30,2.77,,
14041,669,-2.779,25,2.78,,
14055,670,-4.868,14,2.78,,
14074,671,-4.794,19,2.78,,
14094,672,1.439,20,2.79,,
14115,673,-5.986,21,2.79,,
14146,674,16.393,31,2.79,,
14163,675,-0.283,17,2.8,,
14186,676,0.642,23,2.8,,
14213,677,7.952,27,2.81,,
14224,678,-3.967,11,2.81,,
14241,679,0.126,17,2.81,,
14270,680,-2.27,29,2.82,,
14287,681,2.288,17,2.82,,
14315,682,13.611,28,2.82,,
14334,683,-7.368,19,2.83,,
14363,684,1.78,29,2.83,,
14382,685,2.073,19,2.83,,
14399,686,2.15,17,2.84,,
14410,687,0.764,11,2.84,,
14428,688,-8.144,18,2.84,,
14437,689,-1.896,9,2.84,,
14460,690,6.878,23,2.85,,
14484,691,7.685,24,2.85,,
14501,692,3.624,17,2.85,,
14521,693,4.747,20,2.86,,
14530,694,-2.01,9,2.86,,
14556,695,9.287,26,2.86,,
14579,696,3.039,23,2.87,,
14597,697,0.608,18,2.87,,
14622,698,2.497,25,2.87,,
14634,699,-1.806,12,2.88,,
14653,700,5.755,19,2.88,,
14664,701,-2.808,11,2.88,,
14685,702,-0.403,21,2.88,,
14706,703,4.395,21,2.89,,
14729,704,-5.974,23,2.89,,
14753,705,2.769,24,2.9,,
14769,706,1.607,16,2.9,,
14797,707,11.495,28,2.9,,
14821,708,7.427,24,2.91,,
14851,709,7.019,30,2.91,,
14865,710,-0.648,14,2.91,,
14882,711,-2.707,17,2.92,,
14897,712,-2.052,15,2.92,,
14957,713,30.974,60,2.93,,
14969,714,-3.986,12,2.93,,
14987,715,3.591,18,2.94,,
15020,716,-1.444,33,2.94,,
15046,717,-8.536,26,2.95,,
15061,718,-0.115,15,2.96,,
15082,719,3.531,21,2.96,,
15102,720,-3.075,20,2.97,,
15113,721,-3.306,11,2.97,,
15129,722,4.575,16,2.98,,
15156,723,5.238,27,2.99,,
15196,724,18.334,40,2.99,,
15204,725,-3.86,8,2.99,,
15235,726,5.359,31,3.0,,
15255,727,5.536,20,3.0,,
15286,728,12.064,31,3.01,,
15296,729,-5.34,10,3.01,,
15314,730,0.181,18,3.01,,
15326,731,-2.916,12,3.02,,
15341,732,0.083,15,3.02,,
15370,733,7.969,29,3.03,,
15387,734,-0.099,17,3.03,,
15407,735,6.536,20,3.04,,
15428,736,-3.855,21,3.04,,
15438,737,-1.164,10,3.04,,
15458,738,4.284,20,3.05,,
15481,739,-3.53,23,3.05,,
15497,740,-2.935,16,3.05,,
15508,741,-3.938,11,3.06,,
15531,742,-3.095,23,3.06,,
15551,743,0.159,20,3.06,,
15574,744,-0.25,23,3.07,,
15594,745,-2.378,20,3.07,,
15620,746,4.715,26,3.08,,
15637,747,2.488,17,3.08,,
15666,748,7.812,29,3.09,,
15694,749,-0.088,28,3.09,,
15706,750,0.189,12,3.09,,
15728,751,6.687,22,3.1,,
15737,752,-3.527,9,3.1,,
15758,753,-8.345,21,3.11,,
15776,754,5.892,18,3.11,,
15794,755,-4.551,18,3.11,,
15808,756,3.402,14,3.12,,
15824,757,-0.562,16,3.12,,
15838,758,3.412,14,3.13,,
15865,759,-1.874,27,3.14,,
15900,760,10.107,35,3.15,,
15931,761,4.217,31,3.16,,
15950,762,-6.275,19,3.16,,
15960,763,-2.635,10,3.16,,
15973,764,-1.468,13,3.17,,
15987,765,-2.413,14,3.17,,
16001,766,1.401,14,3.17,,
16023,767,4.211,22,3.17,,
16045,768,0.807,22,3.18,,
16076,769,-8.927,31,3.18,,
16106,770,0.878,30,3.19,,
16133,771,-2.756,27,3.19,,
16154,772,-4.488,21,3.2,,
16184,773,4.455,30,3.2,,
16199,774,-1.729,15,3.2,,
16213,775,-1.148,14,3.2,,
16234,776,-2.338,21,3.21,,
16250,777,-5.146,16,3.21,,
16274,778,-2.428,24,3.21,,
16304,779,4.359,30,3.22,,
16322,780,6.487,18,3.22,,
16358,781,7.009,36,3.23,,
16385,782,0.846,27,3.23,,
16404,783,-3.579,19,3.24,,
16420,784,0.948,16,3.24,,
16452,785,-1.032,32,3.25,,
16481,786,-1.324,29,3.25,,
16499,787,-5.372,18,3.25,,
16515,788,0.015,16,3.26,,
16535,789,-1.537,20,3.26,,
16548,790,-0.816,13,3.26,,
16560,791,-3.649,12,3.27,,
16569,792,-3.816,9,3.28,,
16584,793,-6.899,15,3.28,,
16604,794,0.589,20,3.28,,
16623,795,-1.914,19,3.29,,
16635,796,2.47,12,3.29,,
16663,797,0.745,28,3.3,,
16683,798,-0.094,20,3.3,,
16703,799,4.538,20,3.31,,
16734,800,5.665,31,3.31,,
16747,801,-3.025,13,3.31,,
16766,802,-8.698,19,3.32,,
16801,803,15.92,35,3.32,,
16820,804,0.026,19,3.33,,
16842,805,8.327,22,3.33,,
16852,806,-1.034,10,3.33,,
16866,807,0.327,14,3.33,,
16883,808,-0.314,17,3.34,,
16914,809,-0.416,31,3.34,,
16946,810,2.28,32,3.35,,
16961,811,2.968,15,3.35,,
16980,812,-0.457,19,3.35,,
17003,813,7.351,23,3.36,,
17018,814,1.508,15,3.36,,
17035,815,0.586,17,3.36,,
17060,816,8.623,25,3.37,,
17087,817,3.189,27,3.37,,
17111,818,-1.865,24,3.37,,
17124,819,1.913,13,3.38,,
17145,820,3.211,21,3.38,,
17181,821,11.392,36,3.39,,
17198,822,-2.718,17,3.39,,
17225,823,0.872,27,3.39,,
17247,824,0.311,22,3.4,,
17261,825,0.941,14,3.4,,
17276,826,-2.641,15,3.4,,
17293,827,-0.427,17,3.4,,
17325,828,8.924,32,3.41,,
17339,829,-2.002,14,3.41,,
17361,830,-4.869,22,3.41,,
17391,831,6.641,30,3.42,,
17427,832,1.592,36,3.42,,
17443,833,5.312,16,3.43,,
17459,834,-1.472,16,3.43,,
17476,835,0.204,17,3.43,,
17489,836,1.268,13,3.43,,
17504,837,-2.421,15,3.44,,
17526,838,-6.895,22,3.44,,
17541,839,-2.858,15,3.44,,
17554,840,-3.195,13,3.44,,
17570,841,1.477,16,3.45,,
17613,842,18.931,43,3.45,,
17623,843,-2.489,10,3.46,,
17635,844,-1.602,12,3.46,,
17647,845,-0.663,12,3.46,,
17655,846,-3.803,8,3.46,,
17676,847,-9.818,21,3.46,,
17700,848,5.163,24,3.47,,
17725,849,3.562,25,3.47,,
17761,850,13.477,36,3.48,,
17774,851,0.983,13,3.48,,
17803,852,6.361,29,3.48,,
17835,853,3.108,32,3.49,,
17872,854,3.643,37,3.49,,
17885,855,-1.374,13,3.5,,
17905,856,-0.897,20,3.5,,
17919,857,-1.307,14,3.5,,
17939,858,0.809,20,3.51,,
17957,859,-3.994,18,3.51,,
17982,860,4.276,25,3.51,,
18007,861,0.484,25,3.52,,
18017,862,-1.727,10,3.52,,
18035,863,-1.079,18,3.52,,
18044,864,-0.686,9,3.52,,
18059,865,-0.83,15,3.52,,
18072,866,0.741,13,3.53,,
18091,867,-0.22,19,3.53,,
18104,868,0.963,13,3.53,,
18128,869,-6.377,24,3.54,,
18141,870,-1.36,13,3.54,,
18161,871,-6.691,20,3.54,,
18199,872,3.241,38,3.55,,
18225,873,10.654,26,3.55,,
18261,874,6.795,36,3.56,,
18282,875,5.35,21,3.56,,
18292,876,-0.486,10,3.56,,
18317,877,0.495,25,3.57,,
18334,878,1.679,17,3.57,,
18366,879,15.211,32,3.58,,
18402,880,-3.693,36,3.58,,
18442,881,11.792,40,3.59,,
18459,882,-3.771,17,3.59,,
18473,883,1.344,14,3.59,,
18489,884,-6.112,16,3.59,,
18511,885,4.997,22,3.6,,
18538,886,-1.083,27,3.6,,
18558,887,-4.63,20,3.61,,
18570,888,-1.938,12,3.61,,
18592,889,2.892,22,3.61,,
18611,890,-5.085,19,3.61,,
18630,891,-2.386,19,3.62,,
18644,892,-2.358,14,3.62,,
18668,893,10.985,24,3.62,,
18683,894,-3.14,15,3.63,,
18709,895,15.023,26,3.63,,
18720,896,-1.975,11,3.63,,
18750,897,4.811,30,3.64,,
18785,898,10.512,35,3.64,,
18809,899,3.278,24,3.65,,
18838,900,1.148,29,3.66,,
18861,901,-5.821,23,3.66,,
18882,902,3.974,21,3.66,,
18917,903,11.572,35,3.67,,
18924,904,-4.364,7,3.67,,
18945,905,7.869,21,3.67,,
18961,906,1.706,16,3.68,,
18994,907,15.483,33,3.68,,
19017,908,8.831,23,3.69,,
19035,909,3.983,18,3.69,,
19053,910,-3.419,18,3.69,,
19069,911,0.025,16,3.69,,
19098,912,7.471,29,3.7,,
19117,913,-3.302,19,3.7,,
19137,914,5.378,20,3.7,,
19161,915,-8.91,24,3.71,,
19171,916,-3.255,10,3.71,,
19204,917,10.669,33,3.72,,
19239,918,12.82,35,3.72,,
19249,919,-4.144,10,3.72,,
19272,920,4.13,23,3.73,,
19284,921,-0.548,12,3.73,,
19296,922,1.016,12,3.73,,
19309,923,-5.253,13,3.73,,
19325,924,2.709,16,3.74,,
19359,925,-6.953,34,3.74,,
19380,926,3.326,21,3.74,,
19412,927,9.852,32,3.75,,
19429,928,1.918,17,3.75,,
19453,929,0.247,24,3.76,,
19471,930,0.093,18,3.76,,
19493,931,7.592,22,3.77,,
19522,932,-0.195,29,3.77,,
19549,933,-1.457,27,3.78,,
19596,934,-0.645,47,3.79,,
19620,935,-2.008,24,3.79,,
19643,936,-1.178,23,3.8,,
19663,937,-0.625,20,3.8,,
19687,938,8.632,24,3.8,,
19702,939,1.793,15,3.81,,
19717,940,-0.451,15,3.81,,
19733,941,-0.063,16,3.81,,
19756,942,7.557,23,3.81,,
19773,943,-3.991,17,3.82,,
19787,944,0.462,14,3.82,,
19811,945,2.804,24,3.82,,
19839,946,-4.217,28,3.83,,
19872,947,10.173,33,3.83,,
19890,948,-7.247,18,3.84,,
19901,949,-0.328,11,3.84,,
19917,950,1.092,16,3.84,,
19933,951,6.025,16,3.84,,
19965,952,0.141,32,3.85,,
19976,953,-0.302,11,3.85,,
20023,954,19.089,47,3.96,,
20041,955,-4.524,18,3.96,,
20059,956,2.838,18,3.97,,
20073,957,1.053,14,3.97,,
20097,958,4.043,24,3.97,,
20108,959,-2.087,11,3.98,,
20126,960,-4.775,18,3.98,,
20144,961,-3.335,18,3.98,,
20154,962,-1.543,10,3.98,,
20169,963,0.045,15,3.99,,
20204,964,8.714,35,3.99,,
20219,965,-2.314,15,3.99,,
20233,966,2.49,14,4.0,,
20248,967,-3.525,15,4.0,,
20267,968,0.337,19,4.0,,
20294,969,8.961,27,4.01,,
20305,970,-2.424,11,4.01,,
20328,971,3.776,23,4.01,,
20348,972,-5.9,20,4.02,,
20375,973,6.062,27,4.02,,
20398,974,-5.294,23,4.03,,
20426,975,4.139,28,4.03,,
20450,976,5.24,24,4.03,,
20480,977,11.038,30,4.04,,
20501,978,4.531,21,4.05,,
20521,979,7.963,20,4.05,,
20541,980,-1.025,20,4.06,,
20571,981,7.599,30,4.06,,
20588,982,3.37,17,4.06,,
20602,983,2.116,14,4.07,,
20622,984,2.595,20,4.07,,
20639,985,-6.614,17,4.07,,
20662,986,5.695,23,4.08,,
20685,987,12.125,23,4.08,,
20706,988,4.738,21,4.08,,
20730,989,0.317,24,4.09,,
20740,990,-4.467,10,4.09,,
20770,991,-1.251,30,4.09,,
20793,992,2.344,23,4.1,,
20807,993,-2.916,14,4.1,,
20855,994,13.996,48,4.11,,
20878,995,-7.414,23,4.11,,
20892,996,1.859,14,4.11,,
20909,997,5.675,17,4.12,,
20939,998,19.773,30,4.12,,
20948,999,-3.497,9,4.12,,
20958,1000,-1.954,10,4.12,,
20976,1001,-0.003,18,4.13,,
20989,1002,-6.277,13,4.13,,
21005,1003,3.718,16,4.13,,
21021,1004,-6.81,16,4.13,,
21050,1005,8.049,29,4.14,,
21069,1006,-4.434,19,4.14,,
21100,1007,3.82,31,4.15,,
21113,1008,0.091,13,4.15,,
21146,1009,5.73,33,4.15,,
21168,1010,-1.433,22,4.16,,
21178,1011,-5.107,10,4.16,,
21195,1012,7.384,17,4.16,,
21207,1013,0.546,12,4.17,,
21235,1014,2.82,28,4.17,,
21251,1015,-4.218,16,4.17,,
21274,1016,-5.065,23,4.18,,
21287,1017,-1.525,13,4.18,,
21304,1018,-0.997,17,4.18,,
21336,1019,5.829,32,4.19,,
21354,1020,-1.75,18,4.19,,
21384,1021,3.896,30,4.19,,
21394,1022,-1.314,10,4.2,,
21410,1023,2.836,16,4.2,,
21433,1024,-1.126,23,4.2,,
21452,1025,-1.303,19,4.21,,
21471,1026,3.515,19,4.21,,
21493,1027,1.21,22,4.21,,
21522,1028,-0.075,29,4.22,,
21533,1029,1.525,11,4.22,,
21551,1030,3.325,18,4.22,,
21568,1031,5.817,17,4.22,,
21581,1032,-0.485,13,4.23,,
21596,1033,1.333,15,4.23,,
21628,1034,-4.623,32,4.23,,
21646,1035,1.131,18,4.24,,
21663,1036,-3.527,17,4.24,,
21689,1037,2.6,26,4.24,,
21714,1038,7.039,25,4.25,,
21734,1039,-5.812,20,4.25,,
21756,1040,4.234,22,4.25,,
21789,1041,-2.139,33,4.26,,
21800,1042,-0.926,11,4.26,,
21819,1043,-1.858,19,4.26,,
21836,1044,5.171,17,4.27,,
21862,1045,8.584,26,4.27,,
21891,1046,7.114,29,4.28,,
21914,1047,-2.524,23,4.28,,
21930,1048,-8.067,16,4.28,,
21953,1049,-10.037,23,4.29,,
21978,1050,-5.489,25,4.29,,
22010,1051,5.195,32,4.29,,
22029,1052,-3.29,19,4.3,,
22052,1053,10.22,23,4.3,,
22087,1054,3.031,35,4.31,,
22126,1055,9.419,39,4.31,,
22141,1056,0.335,15,4.32,,
22157,1057,2.649,16,4.32,,
22174,1058,0.124,17,4.32,,
22206,1059,7.919,32,4.33,,
22225,1060,-2.423,19,4.33,,
22251,1061,-3.134,26,4.33,,
22266,1062,1.662,15,4.34,,
22291,1063,5.204,25,4.34,,
22309,1064,-5.207,18,4.34,,
22331,1065,2.655,22,4.35,,
22361,1066,9.785,30,4.35,,
22385,1067,2.626,24,4.35,,
22411,1068,-4.11,26,4.36,,
22428,1069,1.424,17,4.36,,
22447,1070,1.013,19,4.37,,
22469,1071,5.8,22,4.37,,
22507,1072,16.169,38,4.38,,
22547,1073,30.047,40,4.38,,
22566,1074,5.01,19,4.39,,
22592,1075,-0.839,26,4.39,,
22614,1076,2.841,22,4.39,,
22628,1077,-0.776,14,4.4,,
22659,1078,11.245,31,4.4,,
22687,1079,3.872,28,4.41,,
22712,1080,0.456,25,4.41,,
22721,1081,-2.839,9,4.41,,
22744,1082,4.788,23,4.42,,
22760,1083,3.31,16,4.42,,
22775,1084,-0.068,15,4.42,,
22793,1085,3.57,18,4.42,,
22810,1086,-2.553,17,4.43,,
22840,1087,11.734,30,4.43,,
22864,1088,0.497,24,4.43,,
22891,1089,1.547,27,4.44,,
22909,1090,-2.438,18,4.44,,
22932,1091,3.376,23,4.45,,
22949,1092,-2.811,17,4.45,,
22962,1093,1.755,13,4.45,,
22981,1094,-1.649,19,4.45,,
23009,1095,-2.117,28,4.46,,
23033,1096,2.082,24,4.46,,
23046,1097,-0.442,13,4.46,,
23061,1098,1.456,15,4.47,,
23076,1099,-0.037,15,4.47,,
23093,1100,2.259,17,4.47,,
23105,1101,-3.424,12,4.47,,
23120,1102,-9.558,15,4.48,,
23150,1103,8.078,30,4.48,,
23178,1104,1.517,28,4.49,,
23210,1105,3.492,32,4.49,,
23231,1106,-7.507,21,4.49,,
23245,1107,-4.291,14,4.5,,
23268,1108,8.526,23,4.5,,
23286,1109,-5.657,18,4.5,,
23314,1110,4.334,28,4.51,,
23330,1111,-5.93,16,4.51,,
23339,1112,-6.65,9,4.51,,
23354,1113,0.393,15,4.51,,
23368,1114,1.215,14,4.52,,
23390,1115,-0.594,22,4.52,,
23422,1116,9.508,32,4.53,,
23433,1117,-3.264,11,4.53,,
23445,1118,-2.125,12,4.53,,
23459,1119,0.759,14,4.53,,
23495,1120,1.989,36,4.54,,
23515,1121,5.268,20,4.54,,
23528,1122,0.991,13,4.54,,
23560,1123,-0.424,32,4.55,,
23573,1124,-1.691,13,4.55,,
23589,1125,1.033,16,4.56,,
23609,1126,3.457,20,4.56,,
23624,1127,4.597,15,4.56,,
23640,1128,-1.511,16,4.57,,
23660,1129,5.041,20,4.57,,
23672,1130,-0.215,12,4.57,,
23686,1131,-0.916,14,4.57,,
23712,1132,8.227,26,4.58,,
23733,1133,-2.261,21,4.58,,
23752,1134,-4.035,19,4.59,,
23770,1135,6.493,18,4.59,,
23786,1136,-4.998,16,4.59,,
23803,1137,1.385,17,4.59,,
23831,1138,13.66,28,4.6,,
23844,1139,-2.34,13,4.6,,
23860,1140,-5.244,16,4.6,,
23868,1141,-2.761,8,4.61,,
23887,1142,0.668,19,4.61,,
23908,1143,6.812,21,4.61,,
23924,1144,-2.222,16,4.61,,
23933,1145,-2.239,9,4.62,,
23960,1146,-1.015,27,4.62,,
23973,1147,0.083,13,4.62,,
24019,1148,14.866,46,4.63,,
24044,1149,3.359,25,4.65,,
24063,1150,-0.016,19,4.65,,
24071,1151,-3.877,8,4.65,,
24089,1152,1.296,18,4.66,,
24114,1153,1.356,25,4.66,,
24137,1154,8.191,23,4.67,,
24149,1155,-3.214,12,4.67,,
24169,1156,6.366,20,4.68,,
24203,1157,12.405,34,4.69,,
24219,1158,0.137,16,4.69,,
24235,1159,2.264,16,4.7,,
24250,1160,-6.417,15,4.7,,
24262,1161,-4.756,12,4.71,,
24278,1162,-0.621,16,4.71,,
24296,1163,-1.424,18,4.71,,
24319,1164,-7.885,23,4.72,,
24357,1165,9.861,38,4.72,,
24383,1166,4.623,26,4.73,,
24396,1167,-2.717,13,4.73,,
24413,1168,1.306,17,4.74,,
24432,1169,5.016,19,4.74,,
24444,1170,-1.162,12,4.75,,
24455,1171,-0.421,11,4.75,,
24481,1172,6.493,26,4.76,,
24495,1173,-3.815,14,4.76,,
24509,1174,1.547,14,4.76,,
24537,1175,5.738,28,4.77,,
24577,1176,19.461,40,4.78,,
24589,1177,-0.196,12,4.79,,
24608,1178,4.883,19,4.79,,
24643,1179,6.874,35,4.8,,
24660,1180,-2.417,17,4.8,,
24695,1181,9.348,35,4.81,,
24709,1182,2.138,14,4.81,,
24723,1183,-0.328,14,4.81,,
24742,1184,-1.423,19,4.82,,
24761,1185,-6.641,19,4.82,,
24774,1186,-4.653,13,4.82,,
24792,1187,-5.493,18,4.82,,
24806,1188,-3.749,14,4.83,,
24837,1189,7.168,31,4.83,,
24847,1190,-2.225,10,4.83,,
24866,1191,4.059,19,4.84,,
24881,1192,-1.988,15,4.84,,
24899,1193,1.874,18,4.84,,
24930,1194,4.494,31,4.85,,
24948,1195,4.345,18,4.85,,
24966,1196,-6.783,18,4.86,,
24981,1197,-3.889,15,4.86,,
25007,1198,0.025,26,5.09,0.442608,0.309695
25015,1199,-3.068,8,5.16,0.337165,0.255846
25023,1200,-3.094,8,5.22,0.279436,0.244005
25031,1201,-2.641,8,5.29,0.252689,0.153036
25038,1202,-2.632,7,5.35,0.243361,0.188062
25048,1203,0.076,10,5.43,0.222116,0.12665
25235,1204,72.679,187,6.79,0.122178,-0.477654
25415,1205,66.714,180,8.07,0.101733,-0.849081
25626,1206,317.838,211,9.58,0.130709,-1.296717
25782,1207,51.763,156,10.71,0.177962,-1.825743
25851,1208,-20.92,69,11.17,0.211648,-2.149039
25922,1209,-25.756,71,11.66,0.234308,-2.355546
25989,1210,-11.442,67,12.14,0.265316,-2.553596
26075,1211,-36.883,86,12.69,0.291212,-2.770859
26170,1212,-5.677,95,13.31,0.338287,-3.050484
26341,1213,33.676,171,14.47,0.427332,-3.406005
26517,1214,114.052,176,15.77,0.509721,-3.943292
26718,1215,91.323,201,17.24,0.658698,-4.49181
26863,1216,0.174,145,18.31,0.778627,-4.99159
27042,1217,85.186,179,19.62,0.928399,-5.459124
27220,1218,71.962,178,20.98,1.087169,-5.89212
27464,1219,455.09,244,22.61,1.257957,-6.606962
27533,1220,-17.24,69,23.16,1.453932,-7.17315
27617,1221,-35.962,84,23.79,1.441734,-7.408563
27688,1222,-27.997,71,24.25,1.47049,-7.69931
27767,1223,-34.059,79,24.76,1.491747,-7.825119
27843,1224,-31.103,76,25.35,1.55735,-8.092242
27920,1225,-30.472,77,25.84,1.529967,-8.290911
27997,1226,-32.864,77,26.37,1.740005,-8.41881
28073,1227,-30.533,76,26.94,1.740612,-8.573883
28143,1228,-22.752,70,27.43,1.711186,-8.758264
28210,1229,-15.859,67,27.97,1.690892,-8.929253
28308,1230,-21.733,98,28.68,1.830825,-9.108812
28378,1231,-12.284,70,29.18,1.98256,-9.30215
28446,1232,-8.19,68,29.65,1.820014,-9.450235
28513,1233,2.263,67,30.08,2.038284,-9.550661
28576,1234,-7.434,63,30.54,2.127096,-9.650722
28642,1235,-3.972,66,31.06,2.071931,-9.84367
28709,1236,-2.703,67,31.56,2.26132,-10.021818
28769,1237,-2.162,60,32.0,2.176746,-9.97243
28834,1238,-4.466,65,32.49,2.132379,-10.114011
28901,1239,0.766,67,32.98,2.248767,-10.311262
28965,1240,-3.981,64,33.46,2.324752,-10.446257
29033,1241,-0.646,68,34.02,2.390807,-10.608063
29105,1242,2.948,72,34.56,2.417531,-10.6129
29203,1243,12.699,98,35.29,2.425005,-10.770523
29298,1244,11.849,95,35.97,2.537923,-10.870637
29368,1245,-0.543,70,36.47,2.797669,-11.040332
29437,1246,-6.425,69,36.91,2.648423,-11.203985
29580,1247,68.406,143,37.78,2.652643,-11.315232
29645,1248,-7.824,65,38.25,2.872444,-11.43935
29726,1249,0.456,81,38.76,3.114971,-11.550781
29795,1250,-8.695,69,39.18,2.95953,-11.580884
29866,1251,-2.743,71,39.6,3.026567,-11.582594
30126,1252,355.735,260,42.76,3.164034,-13.095505
30319,1253,359.012,193,44.12,3.456598,-14.174114
30387,1254,-26.68,68,44.56,3.748565,-14.679284
30457,1255,-30.594,70,45.03,3.561779,-14.831334
30525,1256,-28.365,68,45.45,3.731723,-14.940675
30609,1257,-40.518,84,45.98,3.775725,-15.106898
30673,1258,-19.79,64,46.38,3.884824,-15.298301
30743,1259,-26.316,70,46.84,3.953002,-15.363231
30815,1260,-34.782,72,47.44,3.693377,-15.585134
30898,1261,-20.512,83,47.94,4.161239,-15.68148
30962,1262,-20.965,64,48.44,4.189007,-15.829895
31055,1263,-13.831,93,49.04,4.137549,-15.979697
31128,1264,-21.516,73,49.58,4.026892,-16.089184
31645,1265,287.082,517,53.13,4.253801,-16.804773
31786,1266,34.382,141,54.15,4.650809,-17.488499
32032,1267,158.878,246,55.74,4.581779,-17.869726
32209,1268,294.082,177,56.86,4.935817,-18.477361
32308,1269,25.638,99,57.52,4.87079,-18.988731
32376,1270,-8.007,68,58.03,5.020073,-19.034482
32487,1271,-55.983,111,58.8,5.159325,-19.387261
32554,1272,-14.102,67,59.28,5.02758,-19.550229
32617,1273,-2.018,63,59.75,5.216064,-19.689904
32713,1274,32.459,96,60.43,5.038809,-19.815554
32920,1275,277.901,207,62.86,5.442013,-20.235471
33140,1276,239.039,220,64.61,5.617405,-20.785267
33268,1277,176.153,128,65.59,5.693268,-21.39978
33449,1278,266.117,181,66.95,5.804839,-21.800204
33598,1279,272.495,149,68.0,6.089931,-22.299039
33740,1280,270.061,142,69.08,6.182313,-22.823155
33856,1281,227.891,116,69.99,6.280278,-23.043454
34191,1282,434.523,335,72.41,6.332453,-23.727026
34395,1283,331.583,204,74.01,6.706257,-24.491654
34463,1284,119.288,68,74.5,6.874357,-24.869767
34557,1285,188.962,94,75.26,7.148818,-25.11893
34681,1286,230.997,124,76.16,7.157838,-25.455918
34763,1287,146.537,82,76.73,6.864952,-25.803306
34888,1288,232.802,125,77.6,7.782825,-25.975254
34994,1289,203.826,106,78.42,7.304245,-26.388719
35095,1290,181.207,101,79.17,7.707852,-26.644763
35196,1291,180.424,101,79.83,8.134345,-26.801896
35288,1292,171.586,92,80.47,9.163578,-27.162364
35385,1293,188.765,97,81.17,8.504633,-27.530648
35518,1294,233.864,133,82.17,9.044741,-27.726134
35647,1295,232.46,129,83.13,8.43146,-28.050533
35747,1296,193.651,100,83.79,8.727092,-28.347601
35846,1297,187.954,99,84.46,9.142277,-28.602452
35963,1298,214.755,117,85.33,9.67701,-29.02523
36043,1299,155.33,80,85.96,9.538099,-29.389583
36161,1300,208.267,118,86.78,10.245018,-29.535792
36249,1301,171.847,88,87.47,9.950225,-30.036938
36432,1302,302.135,183,88.82,10.706975,-30.348532
36575,1303,261.995,143,89.79,10.901756,-30.764575
36650,1304,136.63,75,90.29,11.994525,-31.221061
36736,1305,164.009,86,90.92,11.187068,-31.485352
36829,1306,174.624,93,91.55,11.660411,-31.791247
36981,1307,267.576,152,92.59,12.164905,-32.136085
37153,1308,280.662,172,93.88,12.395716,-32.78782
37230,1309,147.8,77,94.42,13.053269,-33.207106
37387,1310,279.021,157,95.61,13.108086,-33.625382
37448,1311,116.623,61,96.0,13.950676,-33.928585
37551,1312,202.574,103,96.64,14.918889,-34.089613
37648,1313,170.149,97,97.26,13.14172,-34.536066
37814,1314,320.054,166,98.44,13.54817,-35.114497
37939,1315,224.006,125,99.43,14.225468,-35.326312
38062,1316,244.72,123,100.4,15.270465,-36.072165
38199,1317,260.663,137,101.54,15.550755,-36.487501
38336,1318,260.311,137,102.55,15.136717,-36.816499
38453,1319,229.213,117,103.34,16.598122,-37.382154
38595,1320,260.374,142,104.34,16.379028,-37.943749
38805,1321,313.439,210,105.8,17.698112,-38.416325
38885,1322,132.695,80,106.41,16.350967,-39.093202
39023,1323,220.362,138,107.4,17.804593,-39.34082
39135,1324,225.728,112,108.24,17.10087,-39.863654
39278,1325,255.806,143,109.38,18.939328,-40.423287
39377,1326,196.216,99,110.11,20.30519,-40.679759
39756,1327,364.662,379,112.96,18.593678,-41.52721
39901,1328,258.246,145,114.06,18.294819,-42.383142
40018,1329,200.534,117,115.84,20.745623,-42.810999
40111,1330,173.066,93,116.67,18.955885,-43.217214
40233,1331,45.654,122,117.49,20.737765,-43.681129
40336,1332,202.528,103,118.2,19.23905,-44.088338
40482,1333,254.29,146,119.3,20.805245,-44.41643
40633,1334,268.754,151,120.45,19.521061,-44.986897
40751,1335,221.521,118,121.41,20.409951,-45.429339
40829,1336,118.433,78,121.95,20.971182,-45.776859
40956,1337,241.528,127,122.75,23.665563,-46.09673
41067,1338,205.209,111,123.48,20.965467,-46.37984
41203,1339,234.002,136,124.33,23.776686,-46.980772
41311,1340,194.51,108,124.98,25.315432,-47.059733
41420,1341,211.595,109,125.68,22.792218,-47.705667
41570,1342,256.483,150,126.77,23.993282,-47.946649
41663,1343,174.672,93,127.44,23.731824,-48.464125
41772,1344,202.207,109,128.24,24.991121,-48.672893
41861,1345,180.379,89,128.9,23.086983,-49.239909
41978,1346,223.101,117,129.7,25.946923,-49.424457
42098,1347,221.77,120,130.55,24.426665,-49.71186
42188,1348,169.792,90,131.1,26.745201,-50.274758
42272,1349,146.64,84,131.72,24.314839,-50.547235
42359,1350,105.94,87,132.31,26.746462,-50.727966
42451,1351,181.17,92,132.86,24.930298,-50.985118
42542,1352,177.327,91,133.4,25.890132,-51.351771
42670,1353,224.791,128,134.15,26.399487,-51.642199
42792,1354,215.479,122,134.92,25.244832,-52.158269
42899,1355,182.684,107,135.56,25.135854,-52.561581
42992,1356,193.496,93,136.12,29.14799,-52.668797
43077,1357,143.293,85,136.68,28.668197,-53.184101
43146,1358,129.006,69,137.1,26.160568,-53.304185
43232,1359,148.434,86,137.61,26.733128,-53.388433
43298,1360,103.98,66,138.02,27.040478,-53.811708
43468,1361,311.47,170,139.08,28.305716,-53.971551
43571,1362,185.667,103,139.69,27.005905,-54.446485
43713,1363,253.392,142,140.57,28.354777,-54.844956
43842,1364,235.754,129,141.35,28.828431,-55.260657
43971,1365,205.619,129,142.11,28.176517,-55.423224
44046,1366,123.944,75,142.63,30.724397,-55.577358
44213,1367,321.41,167,143.68,30.555208,-56.1877
44303,1368,151.35,90,144.27,30.121759,-56.36014
44416,1369,182.292,113,144.96,28.513606,-56.636767
44565,1370,257.891,149,146.02,32.488818,-56.942306
44662,1371,176.519,97,146.59,30.077828,-57.588306
44790,1372,207.08,128,147.4,28.019579,-57.729913
44890,1373,176.761,100,147.99,30.634889,-58.062532
44998,1374,182.68,108,148.62,29.232911,-58.161622
45060,1375,68.601,62,148.98,30.697903,-58.512491
45118,1376,60.701,58,149.4,30.197165,-58.451229
45231,1377,173.416,113,150.11,28.543245,-58.916468
45307,1378,127.135,76,150.56,31.560727,-59.037517
45367,1379,70.761,60,150.91,29.072533,-59.194746
45498,1380,229.391,131,151.74,31.14388,-59.454857
45611,1381,202.816,113,152.43,31.489325,-59.70785
45735,1382,163.014,124,153.2,29.296425,-60.062404
45835,1383,195.691,100,153.95,31.636299,-60.351769
45940,1384,156.35,105,154.6,29.650059,-60.758071
46011,1385,92.654,71,155.09,28.580207,-60.902809
46133,1386,217.864,122,155.89,30.991372,-61.006728
46287,1387,243.939,154,156.86,32.08594,-61.348665
46384,1388,156.465,97,157.56,32.27322,-61.556163
46523,1389,222.92,139,158.43,33.845056,-61.963921
46617,1390,138.567,94,159.03,30.330298,-62.361051
46679,1391,71.404,62,159.4,31.219019,-62.521858
46814,1392,210.011,135,160.28,31.407787,-62.606961
46894,1393,124.33,80,160.82,29.247799,-62.829359
47024,1394,196.538,130,161.72,34.105704,-63.229212
47134,1395,197.785,110,162.58,32.988057,-63.588217
47293,1396,228.652,159,163.61,31.714475,-63.951247
47355,1397,79.015,62,164.02,34.933413,-64.168467
47450,1398,143.237,95,164.72,28.505016,-64.120272
47558,1399,171.016,108,165.44,31.717568,-64.366148
47667,1400,188.057,109,166.19,32.727726,-64.722412
47850,1401,306.218,183,167.29,34.312095,-65.034362
47965,1402,216.881,115,168.01,30.912299,-65.503325
48031,1403,84.604,66,168.42,33.279535,-65.686784
48149,1404,205.517,118,169.13,32.322407,-65.984051
48212,1405,79.757,63,169.51,36.950802,-66.098743
48264,1406,30.008,52,169.85,40.164309,-66.074249
48385,1407,182.477,121,170.61,33.367228,-66.307101
48620,1408,305.39,235,172.05,32.696376,-66.830142
48718,1409,146.937,98,172.67,33.571773,-67.116134
48817,1410,171.996,99,173.27,33.638952,-67.362165
48872,1411,33.776,55,173.6,33.130506,-67.602652
48990,1412,92.166,118,174.3,36.223394,-67.817971
49088,1413,152.239,98,174.87,35.353914,-67.998676
49220,1414,223.915,132,175.69,33.643166,-68.174939
49334,1415,181.987,114,176.46,38.552851,-68.436198
49404,1416,102.153,70,176.98,35.832429,-68.482283
49527,1417,151.578,123,177.88,34.162744,-68.709023
49644,1418,203.086,117,178.76,36.785685,-68.822113
49775,1419,199.251,131,179.68,34.940751,-69.306508
49863,1420,139.135,88,180.27,30.598121,-69.586908
50006,1421,245.858,143,182.08,36.552472,-69.702692
50156,1422,267.728,150,183.22,33.512933,-70.250297
50358,1423,303.891,202,184.58,36.660167,-70.391156
50492,1424,217.31,134,185.43,34.165268,-70.826194
50614,1425,222.267,122,186.2,35.208341,-71.313359
50704,1426,153.008,90,186.78,36.674996,-71.149429
50811,1427,175.813,107,187.47,35.033582,-71.332794
50979,1428,310.32,168,188.62,34.502957,-71.704168
51114,1429,190.165,135,189.55,34.131232,-71.82005
51233,1430,221.28,119,190.4,34.855701,-72.022656
51363,1431,215.376,130,191.33,35.383595,-72.439826
51459,1432,187.684,96,192.03,34.362342,-72.596298
51563,1433,187.299,104,192.77,33.101664,-72.776914
51665,1434,187.896,102,193.5,32.682821,-73.272959
51770,1435,182.657,105,194.28,35.045958,-73.312078
51954,1436,347.946,184,195.61,34.400983,-73.592564
52084,1437,253.726,130,196.56,33.194389,-73.828303
52184,1438,174.151,100,197.36,35.194591,-74.104919
52272,1439,38.625,88,197.93,35.283012,-74.031663
52429,1440,239.884,157,199.1,35.744965,-74.17169
52594,1441,336.258,165,200.15,34.299794,-74.325078
52701,1442,41.861,107,200.86,37.018037,-74.590495
52895,1443,374.87,194,202.15,35.106707,-74.914224
53004,1444,202.53,109,202.87,32.743485,-75.275214
53148,1445,201.733,144,203.86,33.56423,-75.424748
53342,1446,370.02,194,205.27,36.116016,-75.644293
53561,1447,327.703,219,206.82,35.066713,-75.899284
53693,1448,236.082,132,207.67,36.257145,-76.365579
53834,1449,236.975,141,208.57,35.670566,-76.370233
53973,1450,215.168,139,209.45,36.394282,-76.807778
54103,1451,70.437,130,210.24,35.528327,-76.832863
54345,1452,289.179,242,211.87,33.709126,-77.242787
54465,1453,233.095,120,212.66,34.439587,-77.373387
54583,1454,196.691,118,213.52,36.084234,-77.589746
54796,1455,376.624,213,215.03,36.273845,-77.753756
54918,1456,90.323,122,215.88,36.618418,-77.901066
55066,1457,303.854,148,217.0,36.355965,-78.021354
55171,1458,178.498,105,217.8,33.677136,-78.38305
55283,1459,193.126,112,218.66,34.212525,-78.609648
55424,1460,207.232,141,219.67,34.479291,-78.64649
55581,1461,275.136,157,220.78,35.285223,-78.750092
55714,1462,239.212,133,221.73,36.652841,-79.076381
55814,1463,168.824,100,222.43,34.246945,-78.806948
55979,1464,273.63,165,223.52,34.654771,-79.005242
56206,1465,267.569,227,224.96,34.250293,-79.516231
56352,1466,224.125,146,225.89,36.505374,-79.764875
56545,1467,282.24,193,227.13,35.584465,-80.076171
56784,1468,444.427,239,228.69,35.279991,-80.177356
56995,1469,284.7,211,230.2,33.806678,-80.471926
57019,1470,17.06,24,230.39,36.71859,-80.682802
57222,1471,286.134,203,231.89,35.181387,-80.657759
57378,1472,192.473,156,233.07,35.115485,-80.496998
57505,1473,198.249,127,234.03,37.535142,-80.953761
57610,1474,145.997,105,234.78,34.858994,-81.013516
57805,1475,327.379,195,236.27,33.835865,-81.275838
57985,1476,175.394,180,237.48,34.596584,-81.286126
58116,1477,249.151,131,238.37,34.535762,-81.636975
58240,1478,148.199,124,239.21,34.509386,-81.431455
58373,1479,182.378,133,240.08,32.606655,-81.577622
58523,1480,224.99,150,241.11,34.827465,-82.006952
58659,1481,213.898,136,242.07,33.411417,-82.088418
58825,1482,233.966,166,243.23,34.029786,-82.063565
58991,1483,282.432,166,244.41,34.298865,-82.375558
59197,1484,344.594,206,245.75,34.954332,-82.357785
59398,1485,374.48,201,246.98,33.989099,-82.824861
59568,1486,305.285,170,248.03,33.402709,-82.746115
59727,1487,244.939,159,249.06,33.686765,-82.717106
59931,1488,101.613,204,250.37,33.90893,-83.175601
60054,1489,39.362,123,251.93,34.855,-83.166346
60140,1490,133.236,86,252.55,35.621861,-83.043342
60233,1491,109.208,93,253.22,33.369241,-83.384827
60369,1492,167.135,136,254.12,35.413442,-83.079186
60531,1493,134.676,162,255.25,33.209806,-83.172492
60691,1494,310.936,160,256.34,35.61884,-83.584527
60964,1495,401.011,273,258.28,34.211456,-83.54411
61070,1496,183.244,106,259.06,33.846498,-83.500051
61236,1497,293.272,166,260.25,33.858154,-83.725038
61427,1498,341.797,191,261.64,33.948113,-83.7963
61617,1499,148.014,190,263.03,35.129706,-83.906632
61794,1500,291.784,177,264.26,34.556268,-83.910004
62057,1501,342.943,263,266.07,33.027731,-84.061441
62178,1502,202.672,121,266.91,35.770575,-84.126422
62316,1503,118.85,138,267.89,32.841833,-83.96959
62393,1504,71.91,77,268.44,33.716711,-84.198975
62509,1505,202.118,116,269.29,32.109605,-84.38008
62727,1506,356.359,218,270.86,34.165434,-84.361126
62950,1507,348.306,223,272.41,33.411352,-84.484885
63111,1508,261.098,161,273.51,33.329133,-84.577909
63316,1509,84.996,205,274.92,33.682176,-84.720575
63570,1510,79.798,254,276.66,32.87027,-84.610454
63662,1511,154.22,92,277.3,33.40227,-84.985644
63966,1512,162.605,304,279.45,31.912315,-85.038634
64091,1513,223.185,125,280.35,35.315061,-84.862355
64226,1514,211.837,135,281.37,31.934405,-84.790979
64377,1515,241.426,151,282.55,32.64836,-85.23548
64554,1516,288.149,177,283.92,33.67669,-84.943761
64692,1517,254.451,138,285.04,32.314532,-85.389647
64881,1518,222.084,189,286.41,32.499433,-85.039782
65144,1519,366.786,263,288.25,31.535612,-85.208476
65275,1520,230.289,131,289.17,31.24486,-85.294761
65432,1521,233.39,157,290.22,31.664996,-85.352667
65565,1522,230.95,133,291.24,31.540341,-85.326183
65903,1523,311.256,338,293.95,31.809847,-85.549843
66131,1524,356.218,228,295.64,32.030245,-85.54478
66261,1525,188.778,130,296.53,31.593421,-85.685289
66500,1526,323.747,239,298.24,31.975692,-85.655871
66644,1527,284.789,144,299.23,30.162752,-85.829876
66758,1528,186.383,114,300.08,31.149282,-85.949274
67115,1529,184.16,357,302.99,31.320611,-85.95092
67267,1530,226.482,152,304.15,31.100065,-85.898017
67426,1531,236.41,159,305.23,30.89398,-85.979054
67607,1532,293.712,181,306.64,30.630563,-86.281481
67738,1533,224.401,131,307.58,31.383482,-86.186688
67890,1534,271.799,152,308.7,30.93486,-86.474978
68007,1535,35.623,117,309.55,29.783771,-86.090861
68172,1536,319.147,165,310.74,30.581525,-86.241088
68268,1537,150.693,96,311.38,30.139068,-86.346857
68365,1538,11.656,97,312.05,31.378538,-86.28792
68472,1539,166.988,107,312.79,30.642062,-86.53659
68599,1540,246.737,127,313.75,30.223323,-86.612943
68807,1541,325.934,208,315.39,30.266772,-86.344528
68933,1542,221.906,126,316.41,29.971746,-86.887521
69039,1543,207.293,106,317.27,29.962658,-86.575507
69152,1544,179.81,113,318.17,28.723631,-86.947641
69256,1545,153.439,104,318.96,31.092925,-86.735773
69400,1546,256.209,144,320.04,30.244151,-86.683883
69534,1547,231.901,134,321.04,29.317159,-87.10239
69676,1548,230.707,142,322.07,30.478948,-86.891203
69886,1549,347.22,210,323.69,29.963248,-86.770385
69973,1550,130.177,87,324.37,29.988,-86.814815
70114,1551,276.75,141,326.43,30.35608,-87.101337
70233,1552,202.67,119,327.35,31.896654,-86.900801
70372,1553,224.109,139,328.39,28.984497,-87.404774
70478,1554,150.25,106,329.12,31.243602,-86.979008
70623,1555,285.431,145,330.28,31.850592,-87.068734
70766,1556,263.976,143,331.36,30.543329,-87.106979
70930,1557,287.239,164,332.6,30.198293,-87.428368
71094,1558,250.83,164,333.93,29.63911,-87.081995
71214,1559,181.481,120,334.9,29.57928,-87.267444
71330,1560,186.119,116,335.82,30.188975,-87.416086
71519,1561,355.509,189,337.35,30.585217,-87.525425
71611,1562,156.83,92,338.07,29.720651,-87.584358
71695,1563,136.525,84,338.69,30.332882,-87.905067
71876,1564,310.791,181,339.94,30.117383,-87.694305
71965,1565,151.788,89,340.59,29.985308,-87.895221
72079,1566,194.67,114,341.45,30.895645,-87.700391
72267,1567,53.704,188,342.85,29.823117,-87.756208
72472,1568,293.651,205,344.46,29.760712,-87.921921
72619,1569,284.997,147,345.61,30.166331,-88.088944
72723,1570,167.335,104,346.41,28.522897,-88.118567
72784,1571,69.323,61,346.88,29.596324,-88.291048
72864,1572,109.459,80,347.5,29.210853,-87.89308
72954,1573,119.656,90,348.18,30.06962,-88.006325
73088,1574,224.854,134,349.2,29.818812,-88.46256
73216,1575,199.799,128,350.17,29.570101,-88.220957
73315,1576,156.71,99,350.93,29.756231,-88.478595
73492,1577,-2.379,177,352.24,30.530633,-88.443969
73603,1578,214.904,111,353.09,31.895778,-88.499576
73739,1579,290.218,136,354.12,31.272405,-88.368226
73875,1580,264.901,136,355.18,30.381576,-88.202648
74008,1581,254.096,133,356.19,30.781708,-88.8624
74179,1582,382.804,171,357.52,29.739447,-88.78324
74302,1583,194.547,123,358.45,31.266183,-88.576236
74362,1584,69.597,60,358.89,30.850477,-88.816763
74502,1585,237.608,140,359.95,30.762519,-88.891403
74638,1586,244.601,136,360.96,30.586288,-88.956987
74812,1587,270.219,174,362.29,30.001545,-89.300932
74893,1588,115.928,81,362.91,30.370477,-89.10721
75123,1589,369.664,230,364.71,30.298597,-89.307265
75314,1590,318.021,191,366.21,30.431576,-89.070264
75525,1591,411.098,211,367.87,30.859219,-89.506937
75640,1592,202.992,115,368.72,29.816684,-89.579779
75757,1593,223.859,117,369.59,30.87847,-89.377207
75960,1594,283.354,203,371.07,29.994664,-89.777385
76112,1595,287.65,152,372.11,28.853117,-89.730462
76190,1596,100.463,78,372.63,29.454436,-90.206247
76291,1597,146.887,101,373.32,30.955636,-90.251681
76403,1598,167.218,112,374.08,29.844764,-90.277724
76578,1599,261.826,175,375.28,29.124934,-90.450149
76720,1600,256.32,142,376.22,30.783954,-90.009878
76818,1601,150.248,98,376.89,30.153541,-90.059508
76951,1602,242.625,133,377.69,30.811758,-90.38562
77100,1603,264.304,149,378.58,30.735564,-90.430144
77216,1604,200.435,116,379.32,29.607011,-90.336331
77408,1605,297.781,192,380.48,30.627717,-90.369953
77528,1606,208.061,120,381.19,29.506275,-90.269044
77650,1607,216.097,122,382.0,31.157884,-90.461457
77839,1608,336.062,189,383.28,31.082607,-90.436856
77927,1609,139.316,88,383.9,30.743361,-90.727717
78060,1610,260.878,133,384.8,29.653221,-90.602491
78156,1611,11.602,96,385.45,30.02685,-90.752134
78302,1612,313.274,146,386.36,30.971103,-91.020897
78459,1613,263.622,157,387.31,30.454687,-90.852061
78552,1614,129.467,93,387.9,30.902694,-90.566403
78707,1615,254.937,155,388.82,32.440883,-90.887412
78934,1616,217.774,227,390.43,29.693681,-91.2938
79075,1617,288.316,141,391.45,30.75105,-91.150277
79197,1618,137.871,122,392.34,31.609869,-90.757856
79328,1619,274.29,131,393.29,30.307871,-91.429314
79414,1620,162.931,86,393.93,31.449159,-91.194907
79521,1621,0.351,107,394.74,30.213757,-91.46771
79633,1622,157.215,112,395.57,32.388112,-91.435163
79746,1623,194.576,113,396.4,31.538554,-91.015134
79901,1624,243.686,155,397.53,31.835488,-91.194092
80074,1625,286.253,173,399.77,31.236673,-91.441297
80156,1626,126.901,82,400.43,31.782601,-91.756858
80314,1627,285.735,158,401.57,30.950582,-91.506975
80391,1628,110.915,77,402.07,32.050253,-91.355294
80505,1629,166.741,114,402.83,31.584702,-91.552038
80651,1630,315.582,146,403.81,30.920077,-91.816139
80776,1631,230.762,125,404.8,31.740315,-91.670358
80907,1632,280.341,131,405.91,32.944784,-91.571878
81005,1633,1.534,98,406.71,32.431243,-90.936965
81084,1634,112.836,79,407.34,32.237798,-91.41444
81199,1635,189.866,115,408.22,31.463863,-91.684842
81279,1636,133.489,80,408.88,32.236571,-91.784989
81533,1637,375.039,254,410.82,31.567777,-91.790902
81662,1638,225.049,129,411.78,32.82748,-91.773733
81750,1639,132.279,88,412.45,31.681688,-92.165329
81855,1640,181.368,105,413.27,32.452521,-91.820393
81990,1641,296.264,135,414.33,30.698968,-91.669726
82162,1642,443.929,172,415.63,31.133577,-91.723549
82294,1643,251.418,132,416.68,30.336089,-91.768498
82448,1644,321.15,154,417.86,31.183216,-91.608263
82610,1645,173.229,162,419.05,31.544476,-92.029313
82782,1646,382.727,172,420.34,30.943206,-92.091843
82949,1647,350.228,167,421.67,31.746091,-92.112167
83145,1648,435.532,196,423.18,31.293922,-92.311894
83238,1649,162.701,93,423.94,30.805027,-91.767851
83412,1650,360.416,174,425.29,31.424345,-92.140598
83535,1651,240.546,123,426.27,30.084306,-92.301149
83753,1652,475.198,218,428.06,30.334829,-92.505096
83956,1653,391.188,203,429.5,30.766575,-92.412854
84162,1654,282.831,206,431.01,31.64409,-92.408909
84240,1655,134.38,78,431.62,30.620099,-92.361731
84429,1656,273.705,189,433.17,31.078461,-92.304417
84624,1657,162.8,195,434.73,31.31393,-92.711513
84799,1658,218.351,175,436.09,32.207095,-92.352089
85077,1659,571.0,278,438.32,31.104214,-92.672663
85431,1660,245.254,354,441.36,30.562694,-92.816367
85815,1661,320.67,384,444.69,31.598818,-92.637641
85965,1662,214.056,150,446.05,32.23615,-92.813641
86148,1663,28.549,183,447.61,31.675142,-92.657735
86237,1664,156.849,89,448.35,31.528339,-92.261181
86403,1665,-16.246,166,449.73,30.654767,-92.858705
86519,1666,199.078,116,450.65,32.123455,-92.534745
86692,1667,387.649,173,452.08,33.258684,-92.558383
86786,1668,158.929,94,452.82,31.338983,-92.759847
86940,1669,250.707,154,454.12,30.892611,-92.754158
87056,1670,195.329,116,455.1,32.230884,-92.805498
87155,1671,164.126,99,455.95,29.90916,-93.326169
87258,1672,169.231,103,456.82,31.471686,-92.775784
87385,1673,229.984,127,457.85,32.202385,-93.165237
87517,1674,238.256,132,458.96,29.71409,-93.288266
87693,1675,238.211,176,460.37,31.352197,-92.827975
87794,1676,129.812,101,461.11,31.661661,-93.378544
87973,1677,252.682,179,462.27,32.819743,-93.021463
88310,1678,641.868,337,464.56,32.165284,-93.316529
88547,1679,-4.231,237,466.2,32.563851,-93.380603
88645,1680,176.337,98,466.85,32.408321,-93.156014
88794,1681,221.012,149,467.85,33.891816,-92.577462
88893,1682,156.287,99,468.51,32.78239,-93.194931
89320,1683,546.186,427,471.46,32.445392,-93.213614
89512,1684,-35.292,192,472.77,32.636033,-93.488358
89712,1685,38.046,200,474.15,32.807589,-93.172957
89894,1686,376.001,182,475.38,33.386385,-93.638265
90080,1687,35.365,186,478.03,34.252304,-93.364633
90299,1688,336.651,219,479.54,33.77722,-93.123907
90466,1689,275.876,167,480.66,34.110502,-93.343751
90719,1690,444.056,253,482.25,33.384797,-93.536267
91106,1691,73.372,387,484.61,33.502112,-93.475482
91215,1692,6.14,109,485.26,35.056735,-93.22899
91561,1693,-24.826,346,487.4,33.638078,-93.456244
91692,1694,274.533,131,488.23,36.518604,-93.14768
92040,1695,420.894,348,490.42,34.875993,-93.349578
92148,1696,212.333,108,491.08,34.163976,-93.339948
92380,1697,71.718,232,492.67,34.708632,-93.642191
92510,1698,206.972,130,493.51,35.217394,-93.608191
92611,1699,152.554,101,494.21,35.966505,-93.761
92766,1700,66.968,155,495.29,34.274657,-93.529732
92896,1701,62.482,130,496.23,35.651884,-93.610136
93028,1702,51.59,132,497.22,35.738119,-92.960355
93308,1703,330.354,280,499.27,35.287677,-93.531529
93526,1704,426.678,218,500.87,37.319888,-93.129269
93766,1705,460.913,240,502.54,35.632395,-93.139772
93985,1706,429.963,219,504.1,36.873775,-93.224604
94200,1707,45.335,215,505.69,36.2214,-93.365227
94428,1708,44.117,228,507.34,35.143465,-93.208726
94664,1709,456.61,236,509.04,37.33878,-93.203591
94824,1710,265.757,160,510.21,37.129323,-93.545001
95103,1711,429.784,279,512.15,37.174248,-93.252605
95273,1712,385.144,170,513.33,37.566017,-93.246346
95503,1713,411.586,230,514.94,36.695245,-93.60561
95766,1714,49.52,263,516.74,37.119811,-93.500915
95893,1715,105.114,127,517.62,37.032952,-93.428762
95962,1716,107.482,69,518.09,37.723062,-92.736693
96308,1717,565.868,346,520.24,37.796641,-93.254862
96486,1718,36.362,178,521.45,37.367761,-93.402617
96591,1719,243.81,105,522.15,38.246145,-93.562663
96950,1720,551.428,359,524.63,37.151195,-93.28896
97144,1721,88.137,194,525.91,38.263397,-93.323762
97320,1722,-18.96,176,527.1,37.249096,-93.502867
97546,1723,417.239,226,528.66,37.757943,-93.310044
97710,1724,388.972,164,529.85,39.614161,-93.535559
97990,1725,238.034,280,531.86,39.878695,-93.183284
98144,1726,3.39,154,532.98,38.745687,-93.043318
98220,1727,100.416,76,533.51,39.731774,-92.617742
98298,1728,121.05,78,534.06,39.284966,-92.639775
98440,1729,20.048,142,535.1,40.232106,-93.269429
98995,1730,572.97,555,539.06,40.347557,-93.007195
99178,1731,39.98,183,540.34,38.443027,-93.092907
99508,1732,31.116,330,542.69,40.346779,-93.28153
99662,1733,19.329,154,543.79,41.647006,-93.151163
99960,1734,61.379,298,545.99,40.243015,-92.938123
100160,1735,-1.101,200,548.31,41.448337,-92.929076
100418,1736,-30.164,258,550.03,41.460517,-92.884962
100640,1737,428.195,222,551.53,40.980058,-92.771768
100861,1738,342.798,221,553.09,42.200231,-92.929648
101002,1739,174.951,141,553.98,43.362998,-92.251552
101233,1740,470.217,231,555.58,41.692466,-92.776336
101851,1741,855.689,618,559.67,41.81648,-92.817619
102144,1742,6.786,293,561.66,42.9069,-93.032936
102466,1743,297.473,322,563.85,42.690124,-92.826797
102628,1744,369.426,162,564.85,42.801655,-92.299139
102805,1745,439.349,177,566.04,42.342738,-92.516691
103073,1746,555.772,268,567.87,42.495534,-92.737639
103221,1747,344.608,148,568.86,43.439897,-92.937663
103396,1748,344.016,175,570.08,43.323654,-92.88457
103660,1749,445.393,264,571.9,41.742513,-92.637336
103934,1750,694.492,274,573.65,42.730279,-92.639668
104113,1751,381.045,179,574.78,41.905392,-92.904098
104420,1752,648.961,307,576.69,41.501272,-92.532081
104624,1753,525.491,204,578.0,41.284091,-92.303783
104929,1754,667.937,305,580.1,40.790437,-92.536904
105149,1755,464.206,220,581.6,41.565808,-92.666704
105392,1756,523.173,243,583.12,40.989298,-93.058057
105521,1757,258.075,129,583.93,41.567035,-92.688589
105763,1758,647.407,242,585.49,42.982644,-92.509424
105910,1759,349.413,147,586.53,41.121362,-92.977263
106249,1760,102.704,339,588.84,41.448362,-92.404342
106538,1761,566.893,289,590.75,41.253376,-92.823055
106695,1762,313.699,157,591.75,41.49872,-93.219324
106854,1763,299.774,159,592.79,41.417088,-93.288129
106975,1764,276.119,121,593.58,41.360468,-92.899845
107125,1765,283.47,150,594.59,40.52738,-93.471069
107312,1766,346.981,187,595.91,41.163834,-92.62361
107447,1767,277.976,135,596.85,42.275361,-93.108666
107627,1768,441.248,180,598.15,41.942861,-93.599619
108351,1769,949.304,724,602.99,41.427484,-93.308977
108558,1770,398.637,207,604.44,40.229076,-93.260351
108801,1771,547.025,243,606.16,41.115571,-93.542235
109001,1772,459.834,200,607.55,40.522289,-93.628606
109160,1773,365.357,159,608.62,40.996533,-93.208578
109383,1774,486.231,223,610.28,39.998585,-93.745517
109609,1775,257.723,226,611.77,41.583499,-94.025266
109785,1776,353.683,176,612.93,42.097176,-93.69811
110224,1777,601.929,439,618.19,40.304724,-94.02867
110362,1778,252.892,138,619.12,40.353656,-94.845764
110465,1779,55.598,103,619.83,42.375434,-94.314433
110719,1780,528.375,254,621.57,41.177585,-94.311778
110877,1781,305.863,158,622.68,40.223225,-94.421465
111016,1782,261.214,139,623.68,40.939637,-94.219282
111198,1783,397.952,182,625.0,41.364778,-94.613336
111352,1784,269.163,154,626.14,41.182241,-94.111232
111505,1785,328.105,153,627.24,41.74262,-94.392724
111760,1786,339.565,255,629.03,41.28961,-94.461705
111875,1787,174.055,115,629.84,41.376895,-94.214749
112023,1788,272.826,148,630.87,39.8698,-94.468215
112368,1789,29.549,345,633.4,40.402299,-94.728114
112502,1790,206.133,134,634.38,41.349367,-94.810675
112777,1791,377.377,275,636.28,42.318653,-94.632277
112949,1792,341.342,172,637.36,41.188487,-94.859288
113224,1793,485.556,275,639.23,40.31224,-95.009076
113736,1794,671.132,512,643.13,41.139632,-94.954674
113881,1795,272.668,145,644.27,40.274856,-95.118802
114128,1796,552.223,247,646.33,40.721751,-95.129792
114289,1797,326.204,161,647.62,40.865331,-95.234885
114419,1798,261.155,130,648.7,41.543092,-94.991142
114605,1799,350.8,186,650.18,40.044867,-95.601128
114820,1800,485.905,215,651.92,40.66626,-95.796099
115019,1801,492.117,199,653.49,41.238011,-95.813906
115288,1802,282.211,269,655.64,40.583633,-95.83003
115506,1803,437.346,218,657.48,42.012165,-95.719393
115662,1804,346.284,156,658.84,41.559597,-95.93572
115912,1805,587.355,250,660.93,39.934299,-95.869955
116140,1806,523.289,228,663.48,41.04919,-95.680129
116365,1807,497.322,225,665.15,41.409512,-96.33896
116541,1808,415.597,176,666.48,40.004896,-96.402938
116750,1809,442.775,209,668.1,41.261187,-96.058837
116950,1810,462.038,200,669.5,39.757822,-96.462534
117202,1811,493.239,252,671.25,40.929555,-96.397378
117413,1812,431.679,211,672.79,40.946285,-96.670909
117634,1813,482.391,221,674.46,40.371317,-96.841508
118634,1814,969.762,1000,681.77,40.410766,-96.938375
118966,1815,675.024,332,684.15,39.196307,-97.45092
119180,1816,425.381,214,685.65,38.480264,-97.445821
119449,1817,554.381,269,687.57,39.890505,-97.696098
119511,1818,102.478,62,688.01,38.475881,-98.184379
119641,1819,313.605,130,688.93,38.983031,-97.448409
119966,1820,608.693,325,691.29,39.199166,-97.610446
120198,1821,511.255,232,694.35,38.443184,-97.77007
120287,1822,159.006,89,694.93,39.189601,-97.712926
120427,1823,370.779,140,695.94,38.383015,-97.82189
120660,1824,535.869,233,697.55,38.064336,-98.322002
120863,1825,428.875,203,699.06,39.333202,-98.256962
121073,1826,444.615,210,700.58,38.870167,-98.037883
121320,1827,608.724,247,702.31,37.838938,-98.3429
121576,1828,601.147,256,704.07,37.682149,-98.286459
121767,1829,433.604,191,705.39,37.874696,-98.588833
121984,1830,487.567,217,706.91,38.770863,-98.629845
122208,1831,471.305,224,708.52,36.988456,-98.742379
122510,1832,641.092,302,710.66,37.29872,-98.652636
122722,1833,408.502,212,712.12,39.351115,-98.68766
122955,1834,544.503,233,713.73,36.946377,-99.23565
123245,1835,620.804,290,715.74,37.871658,-98.896119
123375,1836,213.217,130,716.68,37.677836,-98.950944
123470,1837,193.026,95,717.32,37.296338,-98.902322
123658,1838,462.951,188,718.64,38.967144,-99.21917
123911,1839,457.817,253,720.41,37.39337,-99.474387
124114,1840,364.385,203,721.79,38.639905,-99.302171
124208,1841,171.435,94,722.43,36.934842,-99.50484
124516,1842,612.657,308,724.52,37.522183,-99.755705
124800,1843,602.184,284,726.5,38.511263,-99.709265
125212,1844,82.289,412,729.44,37.399121,-100.031194
125307,1845,168.634,95,730.08,38.030475,-99.904387
125477,1846,407.217,170,731.26,37.725695,-100.163781
125556,1847,130.858,79,731.78,37.939709,-100.548512
125919,1848,628.557,363,734.18,37.836596,-100.24145
126242,1849,595.31,323,736.44,37.343838,-100.255199
126443,1850,310.831,201,737.81,36.45153,-100.594096
126883,1851,682.189,440,740.77,38.162265,-100.777562
126998,1852,210.978,115,741.53,38.412653,-101.151541
127239,1853,416.299,241,743.08,37.956144,-100.980562
127663,1854,744.983,424,745.76,37.958336,-100.817265
128017,1855,394.885,354,747.96,36.905724,-101.289747
128522,1856,886.79,505,750.95,36.790613,-101.341209
128733,1857,480.017,211,752.27,38.672583,-101.653266
129088,1858,605.21,355,754.49,37.28558,-101.56772
129464,1859,630.075,376,756.83,37.228844,-101.349306
129657,1860,404.069,193,757.96,36.719358,-101.809808
130030,1861,625.131,373,761.12,36.846698,-101.987448
130238,1862,378.164,208,762.72,36.987239,-101.727394
130509,1863,462.17,271,764.75,38.228655,-102.125777
130727,1864,512.277,218,766.37,36.258036,-102.023644
130833,1865,54.143,106,767.12,37.983267,-102.285
131078,1866,359.861,245,768.94,37.517935,-102.437167
131201,1867,191.035,123,769.83,37.007817,-101.837516
132034,1868,999.707,833,775.99,36.963796,-102.268684
132511,1869,736.838,477,779.53,37.097784,-102.443014
132656,1870,308.352,145,780.65,37.016507,-102.575393
132740,1871,138.31,84,781.29,35.864294,-102.522989
133132,1872,895.318,392,784.39,35.895248,-102.625178
133416,1873,575.697,284,786.51,38.259735,-102.441524
133526,1874,215.968,110,787.37,35.960076,-102.633772
133758,1875,412.613,232,789.1,35.965374,-102.890355
133999,1876,612.759,241,791.01,38.083484,-102.450142
134242,1877,457.579,243,793.04,37.709098,-102.574861
134628,1878,829.745,386,796.1,36.86438,-103.024845
134791,1879,303.514,163,797.4,36.094487,-102.774964
134906,1880,265.535,115,798.29,37.343804,-103.308369
135005,1881,186.496,99,799.06,36.474143,-103.005414
135091,1882,151.701,86,799.71,36.438857,-104.261154
135161,1883,122.267,70,800.29,37.08022,-102.537983
135589,1884,821.384,428,803.89,37.7794,-103.123346
135763,1885,392.828,174,805.27,38.244885,-103.455011
135844,1886,17.892,81,805.96,36.710207,-103.690272
135972,1887,53.802,128,807.03,37.723737,-102.845765
136054,1888,140.26,82,807.72,38.703363,-102.925425
136323,1889,607.198,269,809.82,36.67362,-103.485186
136465,1890,337.23,142,810.97,37.224886,-103.31383
136658,1891,338.461,193,812.54,36.842719,-103.122705
136890,1892,500.633,232,814.4,38.224237,-103.420049
136961,1893,114.254,71,815.0,36.460898,-103.397315
137206,1894,466.972,245,817.0,36.992639,-103.320271
137379,1895,243.636,173,818.5,37.611176,-103.72976
137584,1896,416.011,205,820.16,36.774646,-103.351779
137910,1897,941.868,326,822.41,37.365889,-103.597671
137978,1898,97.529,68,822.87,37.767198,-103.740569
138079,1899,146.412,101,823.55,37.096669,-103.834299
138164,1900,157.431,85,824.07,38.867858,-104.083209
138351,1901,39.517,187,825.16,38.128746,-103.623617
138501,1902,368.256,150,826.07,38.292682,-103.579788
138743,1903,473.93,242,827.51,37.942408,-103.731388
139024,1904,604.789,281,829.27,36.840763,-103.91895
139132,1905,233.253,108,829.96,37.725409,-103.151968
139311,1906,348.352,179,831.16,38.474311,-103.736019
139645,1907,525.268,334,833.45,37.21834,-104.122057
139921,1908,615.659,276,835.34,38.17057,-103.550646
140038,1909,226.337,117,837.02,38.914866,-103.605908
140202,1910,397.347,164,838.25,37.016048,-104.141859
140311,1911,204.371,109,839.01,38.724027,-103.567802
140394,1912,142.862,83,839.6,37.608337,-104.346358
140783,1913,669.839,389,842.36,38.440554,-104.05746
141001,1914,493.259,218,843.84,38.513977,-104.14069
141340,1915,831.664,339,846.11,38.295083,-104.201162
141601,1916,647.648,261,847.78,38.587352,-104.102008
141841,1917,602.915,240,849.26,38.548757,-104.043811
141906,1918,99.224,65,849.73,37.401713,-103.833272
141983,1919,123.565,77,850.23,36.125108,-104.190299
142364,1920,957.585,381,852.92,38.111434,-104.557927
142595,1921,534.869,231,854.56,37.45262,-104.308659
142824,1922,504.778,229,856.2,38.206781,-104.264204
142940,1923,234.142,116,857.0,38.886739,-103.951195
143212,1924,581.234,272,858.96,38.316149,-104.569757
143479,1925,550.458,267,860.9,38.24885,-104.510585
143737,1926,534.727,258,862.71,37.500144,-104.653024
143857,1927,243.124,120,863.55,38.48134,-104.217382
144195,1928,876.297,338,865.99,38.288058,-104.592111
144450,1929,531.128,255,867.9,38.052236,-104.814454
144512,1930,93.1,62,868.33,38.388721,-105.190323
144911,1931,841.953,399,871.21,37.970652,-104.693949
145102,1932,424.452,191,872.55,38.404279,-104.608809
145335,1933,460.708,233,874.18,37.787189,-104.751456
145542,1934,502.293,207,875.67,38.099848,-104.981053
145776,1935,507.416,234,877.33,38.347573,-104.619904
146006,1936,429.279,230,878.97,38.560382,-104.584282
146186,1937,409.066,180,880.13,38.091066,-105.073478
146358,1938,398.007,172,881.19,37.545514,-104.879005
146596,1939,576.053,238,882.66,38.125874,-104.902983
146735,1940,242.057,139,883.56,37.63307,-104.92202
146854,1941,228.01,119,884.31,37.865106,-105.160311
146937,1942,125.142,83,884.9,37.964077,-105.533533
147785,1943,1866.953,848,890.44,38.06272,-105.290677
147997,1944,429.014,212,891.89,38.094274,-105.186101
148190,1945,498.02,193,893.27,38.132669,-105.05915
148398,1946,470.328,208,894.72,37.497321,-105.226658
148552,1947,314.119,154,895.8,38.618662,-105.223124
148827,1948,693.086,275,897.74,37.555494,-105.733266
149142,1949,772.441,315,899.98,37.657041,-105.518795
149235,1950,144.915,93,900.62,38.765666,-105.137345
149514,1951,402.62,279,902.62,38.711235,-105.416519
149618,1952,197.189,104,903.36,38.043017,-105.677892
149865,1953,518.031,247,905.11,38.521135,-105.286111
150273,1954,1072.291,408,909.99,37.960059,-105.690344
150557,1955,602.895,284,911.9,39.136973,-105.334444
150685,1956,253.03,128,912.77,37.532911,-105.949968
150885,1957,432.355,200,914.08,39.02898,-105.832609
151034,1958,291.792,149,914.96,37.014657,-106.065543
151349,1959,666.356,315,916.92,38.568512,-105.681888
151785,1960,974.005,436,919.7,37.840151,-105.597848
152033,1961,616.807,248,921.37,36.719457,-105.73437
152152,1962,204.262,119,922.15,39.23091,-105.880964
152929,1963,2081.706,777,927.03,37.454475,-105.76819
153157,1964,586.998,228,928.54,37.341111,-105.764443
153323,1965,414.119,166,929.64,38.11051,-105.675802
153468,1966,152.906,145,930.6,37.697778,-105.33456
153789,1967,738.134,321,932.66,36.350498,-105.976887
153908,1968,228.695,119,933.43,37.92386,-105.873094
154198,1969,680.84,290,935.23,37.423893,-106.085609
154303,1970,194.662,105,935.93,39.603383,-105.896528
154803,1971,1084.259,500,939.47,37.821146,-106.039827
155353,1972,1416.593,550,943.14,37.722745,-106.16427
155681,1973,181.167,328,945.3,37.873509,-106.326944
156367,1974,979.266,686,949.88,36.995334,-106.506989
156563,1975,346.458,196,951.08,37.292155,-106.255261
156878,1976,729.982,315,953.02,38.119306,-106.626508
157208,1977,782.339,330,955.19,37.105607,-106.801344
157372,1978,300.801,164,956.31,37.706347,-106.141625
157674,1979,705.522,302,958.34,36.749335,-107.030556
157857,1980,417.299,183,959.48,37.539497,-106.997946
158086,1981,548.298,229,960.88,37.260177,-106.189333
158371,1982,688.331,285,962.84,37.395271,-106.630976
158754,1983,976.598,383,965.5,37.668615,-106.864277
158861,1984,192.116,107,966.25,37.360909,-107.371462
159147,1985,736.317,286,968.17,37.445787,-106.785874
159301,1986,262.536,154,969.14,36.76542,-106.645954
159448,1987,327.344,147,970.11,35.826539,-107.067381
159662,1988,498.694,214,971.46,36.35776,-106.88955
160074,1989,1164.736,412,976.04,36.966692,-106.9636
160314,1990,618.281,240,977.75,35.858515,-107.299334
160573,1991,582.585,259,979.47,36.774222,-107.076915
160693,1992,279.714,120,980.27,37.060577,-106.945988
160906,1993,524.397,213,981.73,36.347464,-107.43555
161115,1994,431.311,209,983.21,37.399509,-107.59507
161182,1995,108.911,67,983.67,38.168074,-107.355832
161360,1996,385.413,178,984.92,36.564577,-107.372491
161472,1997,209.445,112,985.67,35.185935,-106.764075
161631,1998,339.834,159,986.73,36.534169,-107.570883
161738,1999,198.363,107,987.44,37.876112,-107.231458
161935,2000,454.445,197,988.67,37.908881,-107.443629
162137,2001,563.761,202,990.03,35.98644,-107.708533
162515,2002,684.022,378,992.53,36.609398,-107.606261
162741,2003,635.344,226,994.05,36.591494,-107.621305
162837,2004,174.238,96,994.71,37.439873,-108.01346
163097,2005,703.097,260,996.53,37.206515,-107.390308
163203,2006,183.905,106,997.25,36.863766,-108.126701
163586,2007,1130.057,383,1000.01,37.388824,-107.730151
163689,2008,192.094,103,1000.75,37.957041,-107.204305
164027,2009,496.796,338,1003.02,38.312091,-107.37626
164275,2010,663.441,248,1004.85,38.12227,-107.919944
164479,2011,534.172,204,1006.31,37.950211,-107.844366
164571,2012,151.975,92,1006.96,38.545485,-107.108741
164884,2013,857.763,313,1009.06,37.225617,-107.832322
165290,2014,1090.297,406,1011.77,37.532527,-108.20777
165669,2015,1023.794,379,1014.52,37.634929,-108.260938
165822,2016,245.04,153,1015.66,37.2279,-107.703907
166413,2017,1724.824,591,1019.91,37.966445,-108.350695
166600,2018,300.746,187,1021.2,37.63931,-108.692698
166775,2019,415.641,175,1022.43,38.694402,-108.261123
167320,2020,1639.192,545,1026.31,38.210618,-108.592728
167439,2021,231.752,119,1027.19,37.119837,-108.720033
167773,2022,788.87,334,1029.44,37.437969,-108.955835
167922,2023,278.344,149,1030.46,37.518023,-109.180819
168453,2024,1599.249,531,1033.84,38.938779,-109.00874
168786,2025,889.359,333,1036.11,38.23774,-109.355603
168891,2026,205.552,105,1036.82,38.08128,-109.243042
169002,2027,203.331,111,1037.6,37.020932,-109.76132
169094,2028,163.906,92,1038.28,37.779157,-109.085696
169587,2029,1386.379,493,1041.58,37.95058,-109.827345
170417,2030,2387.552,830,1048.94,37.799411,-110.18166
170671,2031,719.204,254,1050.55,38.38065,-110.217812
170786,2032,239.175,115,1051.26,38.167111,-110.643055
171157,2033,1075.359,371,1053.92,38.06422,-110.960134
171270,2034,223.607,113,1054.71,40.280351,-111.221422
171653,2035,1054.222,383,1057.34,37.934624,-110.787924
171882,2036,610.443,229,1058.76,38.176706,-111.406464
172466,2037,1619.155,584,1062.74,38.603692,-111.264743
172569,2038,185.678,103,1063.46,36.98437,-111.552666
172737,2039,380.669,168,1064.68,38.114237,-111.805611
172839,2040,194.004,102,1065.42,40.240929,-111.245017
172985,2041,269.265,146,1066.44,37.22408,-111.837492
173123,2042,293.374,138,1067.4,39.001877,-111.655296
173630,2043,1443.287,507,1070.91,38.688815,-111.721035
173965,2044,879.181,335,1073.31,38.534238,-111.844812
174274,2045,916.506,309,1075.49,40.136815,-111.893605
174399,2046,234.761,125,1076.36,40.193356,-112.295357
174752,2047,954.056,353,1078.78,39.021669,-112.381435
175457,2048,2047.566,705,1083.68,38.215424,-112.518868
175881,2049,1003.696,424,1086.64,40.28367,-112.958076
176472,2050,1713.003,591,1090.72,39.308588,-113.228438
176987,2051,675.772,515,1094.15,39.487996,-113.30927
177226,2052,548.146,239,1095.76,39.431867,-113.960808
177525,2053,794.167,299,1097.71,40.121231,-113.63895
177675,2054,319.073,150,1098.72,39.952419,-113.620583
177975,2055,795.247,300,1100.81,39.762778,-114.002655
178433,2056,1238.968,458,1103.88,41.538712,-114.442947
178545,2057,190.828,112,1104.65,40.435955,-113.673805
178888,2058,1045.534,343,1106.95,40.733993,-114.656469
178991,2059,187.646,103,1107.6,39.644059,-114.168202
179096,2060,208.007,105,1108.24,41.453604,-114.411598
179225,2061,245.325,129,1109.08,41.104388,-114.611721
179449,2062,574.111,224,1110.51,41.947796,-114.837775
179719,2063,694.736,270,1112.23,41.172753,-115.046547
179926,2064,345.004,207,1113.44,41.864984,-114.817211
180332,2065,1319.674,406,1118.94,41.100789,-114.673774
180434,2066,201.8,102,1119.64,43.954445,-115.305101
181236,2067,2301.064,802,1125.74,40.672208,-115.518204
181626,2068,1203.942,390,1128.65,42.234303,-115.746049
181943,2069,802.15,317,1131.08,42.227184,-116.027956
182357,2070,1102.503,414,1134.16,41.481963,-116.227454
182820,2071,1340.646,463,1137.66,40.851071,-115.995309
183435,2072,1753.138,615,1142.31,42.488146,-116.593056
183907,2073,1385.504,472,1145.95,41.817788,-117.001269
184044,2074,272.467,137,1147.02,41.704154,-117.086847
184592,2075,1725.894,548,1151.09,43.714665,-117.149387
184875,2076,600.69,283,1153.43,42.817197,-117.348739
185523,2077,1812.811,648,1158.42,43.855432,-117.635339
185757,2078,598.21,234,1160.32,43.117021,-117.732506
186141,2079,851.459,384,1163.47,43.175497,-117.760351
186453,2080,872.578,312,1166.11,42.009774,-118.24982
186847,2081,1147.582,394,1169.41,44.145392,-118.511039
187125,2082,874.142,278,1171.62,46.987944,-118.613804
187517,2083,1060.444,392,1174.85,43.073248,-118.432187
188067,2084,1504.614,550,1179.42,43.117299,-118.868828
188634,2085,1732.488,567,1183.26,42.723361,-119.334069
189022,2086,1210.005,388,1185.88,46.439705,-119.481002
189374,2087,928.838,352,1188.3,43.147369,-119.365422
189744,2088,1005.782,370,1190.64,43.374141,-120.123548
189965,2089,485.882,221,1192.02,41.834746,-119.98891
190265,2090,873.853,300,1195.62,46.068339,-120.036098
190403,2091,288.006,138,1196.46,43.622074,-120.507817
190775,2092,882.857,372,1198.87,44.827786,-120.673828
191314,2093,1639.494,539,1202.67,42.660567,-120.506523
191475,2094,348.425,161,1203.81,43.834462,-121.219283
191613,2095,282.632,138,1204.81,43.964951,-120.711368
191802,2096,455.306,189,1206.11,48.050374,-120.960466
191937,2097,275.313,135,1207.05,43.786199,-121.196154
192027,2098,149.584,90,1207.67,51.061053,-121.585024
192474,2099,1241.03,447,1210.7,49.093721,-121.172451
192796,2100,548.078,322,1213.08,46.148774,-121.42557
193198,2101,1162.306,402,1216.06,44.075621,-121.348855
193430,2102,570.593,232,1217.72,45.678119,-121.54834
193764,2103,687.223,334,1220.11,46.05748,-121.617458
194028,2104,797.724,264,1222.08,44.385223,-121.641392
194281,2105,678.426,253,1223.93,46.264031,-121.884966
194526,2106,590.572,245,1225.68,49.698721,-122.172386
194979,2107,415.858,453,1229.06,48.681449,-121.960744
195299,2108,893.868,320,1231.37,46.24268,-121.885683
195410,2109,195.172,111,1232.22,43.838159,-122.753399
195841,2110,1345.63,431,1235.4,46.972595,-122.574315
195989,2111,257.532,148,1236.52,44.092379,-122.67824
196338,2112,1023.546,349,1239.08,48.30266,-122.605798
196610,2113,580.207,272,1241.12,44.737899,-122.606219
197456,2114,2333.291,846,1247.24,46.263834,-123.128913
197779,2115,895.08,323,1249.47,50.351273,-123.231792
197923,2116,288.626,144,1250.48,48.627174,-123.62261
198394,2117,1479.371,471,1253.74,47.493434,-123.875665
198712,2118,850.657,318,1255.88,48.40662,-123.215886
199026,2119,853.397,314,1258.07,46.1507,-123.928492
199536,2120,1601.764,510,1262.1,47.514294,-124.095652
199810,2121,708.621,274,1264.19,44.468068,-124.429444
200350,2122,1621.69,540,1269.91,46.530023,-124.392194
200490,2123,290.681,140,1270.92,55.024472,-125.03658
200916,2124,1217.458,426,1273.87,50.102609,-124.790696
201121,2125,332.428,205,1275.24,47.744157,-125.202657
201760,2126,1973.743,639,1279.74,46.320619,-125.298941
202312,2127,1528.292,552,1283.23,48.625041,-125.406763
202813,2128,1521.73,501,1286.72,48.957823,-125.795848
203031,2129,617.34,218,1288.28,45.228664,-125.761955
203754,2130,2384.025,723,1292.93,47.696148,-126.167717
204094,2131,962.382,340,1295.14,45.287726,-126.89174
204715,2132,1833.046,621,1299.43,50.876473,-126.635895
205398,2133,2127.822,683,1304.25,47.604888,-127.287399
206307,2134,2696.473,909,1310.64,46.781669,-127.511165
206701,2135,1216.643,394,1313.37,45.937087,-127.755518
207008,2136,772.66,307,1315.42,49.082996,-127.82691
207531,2137,1508.321,523,1318.77,47.233514,-128.315531
208140,2138,1817.387,609,1322.76,47.28441,-128.449383
209004,2139,2516.81,864,1328.37,47.171645,-129.213101
209671,2140,2107.692,667,1332.94,47.619827,-129.449178
210357,2141,1956.371,686,1342.71,48.664688,-129.889188
210671,2142,898.585,314,1344.84,51.421763,-130.581294
211671,2143,2431.876,1000,1351.71,49.165601,-130.830665
211974,2144,778.41,303,1353.7,48.436515,-131.459168
212501,2145,1673.913,527,1357.24,51.935926,-131.523711
213501,2146,3035.51,1000,1364.63,47.702446,-131.86606
213968,2147,1439.497,467,1368.21,52.183796,-132.501892
214968,2148,2993.09,1000,1376.04,48.911249,-132.724083
215057,2149,157.321,89,1376.69,47.634098,-132.724113
215559,2150,1544.447,502,1380.51,56.664479,-133.556114
216559,2151,1589.286,1000,1388.39,52.275265,-134.008689
217559,2152,2725.083,1000,1395.83,48.692826,-134.754511
218559,2153,2811.324,1000,1403.55,51.626358,-134.913407
219194,2154,1990.229,635,1408.94,49.15396,-136.213691
220194,2155,2747.145,1000,1422.73,51.002365,-136.614661
221055,2156,2575.502,861,1428.7,51.945013,-137.149099
222055,2157,2859.526,1000,1435.66,49.963163,-137.943692
222470,2158,1188.205,415,1438.5,52.676809,-138.724988
223470,2159,2813.261,1000,1445.7,50.889737,-139.135603
224197,2160,2122.596,727,1450.84,56.687908,-139.585632
224971,2161,2177.278,774,1456.58,51.762814,-140.196564
225971,2162,2967.435,1000,1464.0,49.966943,-140.590237
226619,2163,2008.976,648,1468.52,50.089423,-141.233019
227619,2164,2982.936,1000,1475.81,51.870647,-142.063635
228372,2165,2308.637,753,1481.47,52.469649,-142.355884
229372,2166,2968.392,1000,1489.31,51.845784,-142.961671
230008,2167,1902.543,636,1500.19,49.316539,-143.826166
231008,2168,2718.68,1000,1508.24,55.386249,-144.332021
231245,2169,586.487,237,1510.17,50.094562,-145.392823
232245,2170,3017.475,1000,1518.49,53.225032,-145.320312
232569,2171,980.723,324,1521.28,60.75683,-146.076596
233569,2172,3005.397,1000,1529.56,52.35757,-146.349871
233948,2173,1176.391,379,1532.64,50.111409,-146.761496
234948,2174,3069.857,1000,1540.87,52.786599,-147.241449
235132,2175,457.102,184,1542.05,51.400227,-147.257572
236132,2176,2971.967,1000,1548.43,54.396391,-147.901075
236680,2177,1671.884,548,1552.08,51.507487,-148.646913
237304,2178,1972.842,624,1556.67,52.252755,-148.973987
237741,2179,1238.318,437,1559.74,60.859708,-149.768621
238694,2180,2989.0,953,1566.35,53.807807,-150.13526
239646,2181,2891.228,952,1572.5,51.134308,-150.794767
240066,2182,1250.365,420,1578.85,51.509223,-150.947651
240198,2183,319.787,132,1579.84,49.81222,-151.39301
240680,2184,1513.838,482,1583.35,52.189778,-151.845495
241011,2185,953.225,331,1585.8,52.27149,-151.493505
241396,2186,1192.654,385,1588.66,52.576135,-151.875246
242396,2187,3023.235,1000,1596.2,52.908943,-152.220567
242490,2188,182.126,94,1596.91,54.602847,-152.373809
243042,2189,1761.191,552,1601.01,54.053139,-152.793313
243501,2190,1517.108,459,1604.36,52.486311,-153.272673
243764,2191,671.0,263,1606.18,60.080453,-153.585854
244133,2192,1046.722,369,1608.79,54.602591,-153.71013
244565,2193,1418.612,432,1611.78,56.700366,-154.119584
245016,2194,1375.497,451,1614.81,52.323384,-154.20398
245457,2195,1351.195,441,1617.73,52.454025,-154.717353
245881,2196,1347.575,424,1620.7,54.073333,-154.572457
246881,2197,3050.591,1000,1627.62,55.33971,-155.320526
247189,2198,962.478,308,1629.84,58.200838,-155.362399
247536,2199,1063.762,347,1632.33,52.917323,-155.851839
248218,2200,2112.144,682,1636.74,55.571243,-155.987824
249218,2201,3156.005,1000,1643.44,59.397908,-156.454297
250218,2202,3164.777,1000,1652.84,54.695231,-157.320982
251217,2203,3297.444,999,1659.7,57.076681,-158.02294
251741,2204,1597.255,524,1663.21,52.273589,-158.650768
252181,2205,1367.87,440,1666.24,58.652396,-158.849942
252268,2206,157.147,87,1666.79,55.873957,-159.610635
253268,2207,3162.891,1000,1673.4,56.388701,-158.999236
253358,2208,162.424,90,1673.99,51.808353,-159.937992
253697,2209,1077.254,339,1676.19,53.292299,-159.363438
254555,2210,2702.797,858,1681.82,54.046526,-159.742419
255528,2211,3338.124,973,1688.18,57.590327,-160.373331
255617,2212,166.684,89,1688.76,53.920838,-160.496419
256205,2213,1858.246,588,1692.71,57.56648,-160.782184
256342,2214,282.731,137,1693.72,56.745371,-161.556631
257342,2215,3200.178,1000,1700.84,55.506013,-161.293161
257821,2216,1535.933,479,1704.05,55.723734,-161.823641
258821,2217,3084.446,1000,1710.75,55.775066,-162.091906
258913,2218,161.781,92,1711.39,53.823139,-162.864112
259913,2219,3130.143,1000,1718.04,59.583999,-162.877419
260913,2220,3262.549,1000,1729.37,56.449579,-163.376601
261913,2221,3150.604,1000,1736.31,60.147308,-164.096332
262913,2222,3013.718,1000,1743.4,57.770675,-164.703356
263913,2223,3098.541,1000,1750.62,56.116402,-165.573495
264913,2224,3285.487,1000,1758.34,57.727275,-165.906525
265691,2225,2468.749,778,1764.19,55.902494,-166.352264
266691,2226,3088.02,1000,1771.68,59.709291,-167.007692
266956,2227,742.959,265,1773.8,57.458379,-167.601309
267756,2228,2621.732,800,1779.97,56.629832,-167.746652
268756,2229,3136.971,1000,1786.97,54.56293,-168.33336
269756,2230,3082.624,1000,1793.84,57.460754,-168.676548
270756,2231,3012.65,1000,1804.13,54.688411,-169.562006
271756,2232,3053.104,1000,1811.13,54.723324,-170.237558
272141,2233,1339.026,385,1813.68,55.255486,-170.600065
273141,2234,3031.14,1000,1820.79,54.503092,-170.755215
274141,2235,3123.728,1000,1827.98,54.036908,-171.368933
275141,2236,3135.686,1000,1834.83,53.579351,-172.389328
276141,2237,3117.527,1000,1841.76,54.61132,-172.772137
276964,2238,2636.399,823,1847.66,54.240937,-173.019663
277964,2239,3019.292,1000,1855.09,53.659704,-174.089665
278964,2240,2972.257,1000,1863.07,53.141506,-174.892823
279964,2241,3095.081,1000,1870.26,53.562829,-175.78422
280964,2242,2945.125,1000,1887.85,53.784988,-176.191785
281341,2243,1272.081,377,1890.92,53.399228,-177.048939
282341,2244,3094.2,1000,1898.58,54.357532,-177.043372
283341,2245,3174.012,1000,1905.58,53.544228,-177.931527
284341,2246,3024.401,1000,1912.62,53.448786,-178.720603
285341,2247,2959.659,1000,1919.33,53.462071,-179.368873
286341,2248,3116.486,1000,1925.9,53.173421,-179.922324
287138,2249,2561.419,797,1931.11,52.803213,-180.552639
287786,2250,2237.269,648,1935.54,52.538585,-180.941362
288194,2251,1168.671,408,1938.38,54.09226,-181.318045
289194,2252,3229.111,1000,1945.72,53.302927,-182.161564
290048,2253,2715.089,854,1958.8,53.111116,-182.363493
290394,2254,1115.656,346,1961.05,53.015384,-182.826783
291394,2255,3135.232,1000,1967.89,52.397446,-182.73963
292394,2256,3105.252,1000,1975.2,53.863191,-183.906318
293394,2257,3020.639,1000,1982.39,52.805564,-184.269546
294394,2258,3096.886,1000,1989.74,53.421829,-184.781769
295394,2259,3072.506,1000,1996.66,53.302534,-185.7394
296394,2260,2969.643,1000,2003.33,53.443866,-185.949456
297394,2261,3043.22,1000,2010.03,52.988165,-186.692364
298394,2262,3045.263,1000,2016.87,53.441914,-187.286615
299394,2263,2995.435,1000,2023.64,53.09898,-188.055534
300394,2264,3067.198,1000,2036.17,53.125357,-188.518511
301394,2265,3109.031,1000,2042.5,52.776569,-189.06936
302394,2266,3173.157,1000,2049.18,53.684104,-189.54757
303394,2267,3181.791,1000,2056.3,53.779311,-190.183596
303487,2268,165.994,93,2056.92,54.970551,-190.341848
304487,2269,3107.345,1000,2063.89,52.589626,-190.549087
304552,2270,92.075,65,2064.35,56.220517,-192.320676
305552,2271,3250.008,1000,2071.09,53.270316,-191.394545
306552,2272,3104.51,1000,2077.73,53.248354,-192.014544
307552,2273,3264.926,1000,2085.42,52.111743,-192.144254
308552,2274,3264.4,1000,2093.31,52.135203,-193.015184
309552,2275,3183.188,1000,2101.39,52.366158,-193.203572
310552,2276,3300.175,1000,2116.33,51.357165,-194.06362
311552,2277,3157.457,1000,2124.09,52.335503,-194.104073
312552,2278,3294.52,1000,2132.14,52.040909,-194.654435
313552,2279,3288.06,1000,2140.11,51.74572,-194.965629
314066,2280,1664.225,514,2143.74,52.122894,-195.578163
315066,2281,3408.018,1000,2150.7,51.872923,-195.967158
315923,2282,3085.435,857,2156.58,51.844687,-196.471189
316923,2283,3173.664,1000,2163.51,51.257218,-196.431175
317923,2284,3170.208,1000,2170.47,52.372054,-197.06503
318923,2285,3249.98,1000,2177.48,51.579886,-197.402506
319923,2286,3199.416,1000,2184.45,52.150794,-197.759893
320923,2287,3206.366,1000,2197.6,52.1652,-198.026736
321923,2288,3225.374,1000,2205.05,51.562994,-198.769892
322883,2289,3205.523,960,2212.26,50.926052,-199.141844
323392,2290,1709.345,509,2216.21,52.056566,-198.905866
324392,2291,3210.276,1000,2223.88,51.460265,-199.751121
325226,2292,2676.199,834,2230.25,51.517505,-200.148166
326226,2293,3233.354,1000,2238.86,52.033535,-200.73681
326802,2294,1826.966,576,2243.69,51.570417,-201.059103
327293,2295,1535.444,491,2247.88,51.326134,-201.180609
328229,2296,3185.979,936,2255.6,51.759247,-201.277338
329046,2297,2536.307,817,2262.08,52.247926,-201.606195
329528,2298,1443.347,482,2265.42,51.44864,-202.157064
330044,2299,1608.254,516,2272.55,50.368629,-202.136305
331044,2300,3359.918,1000,2279.55,52.07641,-202.089574
331582,2301,1733.39,538,2283.04,50.257512,-202.286966
331907,2302,993.137,325,2285.07,50.57973,-202.152252
332465,2303,1751.695,558,2288.69,51.490781,-202.449126
333118,2304,2088.698,653,2292.85,51.295804,-202.709343
333558,2305,1439.549,440,2295.98,51.06579,-202.74599
334055,2306,1537.437,497,2299.66,50.119402,-203.158817
334540,2307,1515.311,485,2303.04,51.919019,-203.512643
335117,2308,1856.508,577,2307.4,50.402567,-203.591083
336117,2309,3329.652,1000,2314.73,49.972371,-203.60289
336748,2310,2064.804,631,2319.32,50.616519,-204.368217
337748,2311,3245.171,1000,2326.12,51.019372,-204.40726
338748,2312,3359.158,1000,2333.18,49.671423,-204.94708
339115,2313,1172.928,367,2335.91,50.437658,-205.239884
340115,2314,3375.125,1000,2348.7,51.267263,-204.877588
341115,2315,3350.113,1000,2355.44,50.211586,-205.535975
341812,2316,2519.801,697,2360.12,49.956232,-205.843259
342630,2317,2856.638,818,2365.9,49.900693,-206.462233
343630,2318,3420.662,1000,2373.08,51.036889,-205.977935
344424,2319,2824.743,794,2378.55,50.965897,-206.552772
345065,2320,2167.742,641,2382.85,49.874364,-206.695257
346065,2321,3363.189,1000,2389.59,50.370701,-206.734549
347065,2322,3383.627,1000,2396.33,50.565266,-206.728028
348065,2323,3346.178,1000,2402.94,50.709938,-207.64232
349065,2324,3276.717,1000,2409.59,51.061937,-207.996236
350031,2325,3286.269,966,2422.17,50.655587,-208.431081
350570,2326,1606.924,539,2425.85,50.769059,-208.5322
351570,2327,3472.804,1000,2432.48,51.024983,-208.470611
352570,2328,3338.439,1000,2439.22,50.883383,-209.005312
353570,2329,3451.632,1000,2445.97,50.205903,-209.660335
354570,2330,3501.876,1000,2452.92,51.114606,-210.047669
355570,2331,3492.101,1000,2460.3,49.878016,-210.204743
356570,2332,3476.946,1000,2469.06,50.438091,-210.66565
357570,2333,3537.408,1000,2476.82,50.560277,-210.884593
358570,2334,3459.297,1000,2484.34,50.635822,-211.284638
358777,2335,578.374,207,2485.99,50.198515,-211.035854
359777,2336,3318.577,1000,2493.81,49.930336,-211.402673
360777,2337,3836.83,1000,2507.9,50.18433,-212.186083
361777,2338,3521.99,1000,2514.99,49.272892,-212.656918
362777,2339,3505.978,1000,2521.98,49.679366,-212.796546
363681,2340,2979.674,904,2528.26,49.807447,-212.801769
364310,2341,2018.703,629,2532.67,49.533912,-213.277789
365310,2342,3372.45,1000,2539.8,49.446773,-213.519564
366310,2343,3418.483,1000,2547.05,49.408563,-214.157703
367310,2344,3508.34,1000,2554.35,48.562489,-214.336684
368310,2345,3332.271,1000,2561.56,49.43947,-214.48248
369310,2346,3381.667,1000,2569.19,48.686381,-215.030727
370310,2347,3334.191,1000,2583.12,49.004629,-215.387682
371310,2348,3476.291,1000,2590.69,49.022976,-216.190076
372310,2349,3417.039,1000,2599.39,50.115143,-215.886376
373310,2350,3290.829,1000,2607.78,49.545421,-216.72303
374300,2351,3701.132,990,2616.07,49.074687,-216.713418
374530,2352,620.709,230,2617.9,48.746548,-217.092858
375530,2353,3304.558,1000,2625.34,48.893924,-216.991849
376530,2354,3471.36,1000,2632.35,48.973224,-217.202597
377530,2355,3297.481,1000,2639.24,49.059254,-217.284471
378530,2356,3538.373,1000,2645.8,48.955258,-217.858262
379530,2357,3370.517,1000,2652.25,50.256934,-217.834638
380530,2358,3309.949,1000,2666.56,49.206991,-218.203556
381530,2359,3270.968,1000,2674.09,49.772672,-218.606015
382530,2360,3119.243,1000,2681.26,49.41124,-218.882838
383530,2361,3350.698,1000,2687.95,48.711556,-219.580647
384182,2362,2125.4,652,2692.43,49.502048,-219.020389
385182,2363,3130.708,1000,2699.72,48.97785,-219.805013
386182,2364,3161.271,1000,2706.85,47.880992,-220.054189
387182,2365,3080.43,1000,2713.59,48.555672,-220.360893
388182,2366,3201.829,1000,2720.26,48.763586,-220.798788
389182,2367,3220.796,1000,2726.91,47.908131,-221.166414
390182,2368,3105.492,1000,2738.04,48.798468,-221.713707
390467,2369,763.408,285,2740.03,47.464142,-221.700355
391467,2370,3135.414,1000,2746.55,48.410971,-221.758652
392467,2371,3132.468,1000,2753.36,48.086791,-222.598882
393467,2372,3247.329,1000,2760.05,48.493671,-222.028663
394467,2373,3210.263,1000,2766.74,48.766461,-222.738976
395467,2374,3149.994,1000,2773.65,48.753519,-223.237515
396467,2375,3310.65,1000,2780.52,48.140524,-223.601899
397467,2376,3140.065,1000,2787.23,48.430274,-223.899771
397532,2377,89.927,65,2787.67,47.061813,-223.974092
398532,2378,3270.796,1000,2794.49,48.145204,-223.923654
399532,2379,3180.302,1000,2801.51,49.50522,-224.38569
400532,2380,3152.093,1000,2816.26,48.490816,-224.503592
401532,2381,3149.506,1000,2824.15,48.307022,-224.446436
402532,2382,3228.298,1000,2832.14,47.700135,-224.96993
403532,2383,3148.001,1000,2839.52,49.015237,-225.08468
404532,2384,3297.245,1000,2847.83,49.080884,-225.643208
405532,2385,3218.874,1000,2856.4,47.645791,-225.664928
406532,2386,3145.263,1000,2864.18,48.301442,-225.965822
406633,2387,174.176,101,2864.87,47.168226,-227.108529
407633,2388,3323.067,1000,2872.14,48.354303,-226.445344
408633,2389,3268.218,1000,2879.65,48.695736,-226.009678
409633,2390,3303.998,1000,2887.05,48.839568,-226.916441
410633,2391,3234.499,1000,2899.97,49.295841,-226.803234
411633,2392,3254.357,1000,2907.04,48.844322,-227.278764
412633,2393,3333.137,1000,2914.53,48.091964,-227.615075
413633,2394,3302.837,1000,2922.09,48.295808,-228.199665
414633,2395,3165.411,1000,2930.01,48.481534,-228.420068
415633,2396,3158.708,1000,2938.14,47.881903,-228.430533
416633,2397,3188.393,1000,2946.06,48.110916,-229.083514
417633,2398,3151.016,1000,2953.9,49.709834,-229.174046
418633,2399,3074.285,1000,2961.92,49.135862,-229.313453
419633,2400,3220.122,1000,2969.31,48.986716,-229.425712
420633,2401,3378.546,1000,2984.08,48.983324,-229.806352
421633,2402,3183.818,1000,2990.98,48.849187,-230.028704
422633,2403,3344.494,1000,2998.0,49.674012,-230.523149
423574,2404,3326.205,941,3004.42,49.500307,-230.303563
424574,2405,3154.375,1000,3010.86,48.690021,-230.757905
425574,2406,3158.343,1000,3017.34,48.59826,-230.554165
426574,2407,3257.806,1000,3024.44,48.78608,-231.506236
427574,2408,3164.633,1000,3031.61,48.390894,-231.627273
428574,2409,3257.054,1000,3038.73,48.681085,-231.750098
429574,2410,3267.881,1000,3045.49,49.425566,-231.709995
430574,2411,3260.99,1000,3058.21,49.243866,-231.81817
431574,2412,3228.067,1000,3066.43,48.974842,-231.919477
432574,2413,3257.866,1000,3073.12,48.500389,-232.74636
433574,2414,3103.451,1000,3079.62,49.137461,-232.984377
434574,2415,3206.69,1000,3085.98,48.460039,-233.345745
434750,2416,305.514,176,3087.19,46.30134,-233.455984
435750,2417,3280.21,1000,3093.89,48.231485,-233.51651
436750,2418,3242.331,1000,3100.95,48.734026,-233.891015
437750,2419,3281.548,1000,3107.42,49.31508,-233.910094
438750,2420,3315.913,1000,3113.9,48.286444,-234.110007
439750,2421,3344.035,1000,3120.43,47.002173,-234.805843
440750,2422,3227.523,1000,3133.46,48.095226,-235.087115
441750,2423,3338.261,1000,3139.88,46.594672,-235.447228
442750,2424,3310.375,1000,3146.57,46.876061,-235.781148
443750,2425,3380.055,1000,3153.47,47.818203,-235.489426
444750,2426,3440.449,1000,3160.37,47.897619,-235.854913
445750,2427,3315.894,1000,3168.24,47.622902,-236.346304
446750,2428,3306.416,1000,3176.09,47.977272,-236.453739
447750,2429,3317.901,1000,3183.92,46.993217,-236.975204
448750,2430,3324.455,1000,3191.71,46.403962,-237.102753
449750,2431,3238.243,1000,3200.43,47.404126,-237.374189
450750,2432,3378.095,1000,3216.81,47.202214,-237.747803
451750,2433,3327.398,1000,3224.39,47.602003,-237.815733
452750,2434,3233.796,1000,3231.35,46.98446,-238.20795
453750,2435,3252.753,1000,3238.41,46.281305,-238.657742
454158,2436,1334.628,408,3241.25,48.232305,-238.766731
455158,2437,3210.929,1000,3248.29,46.809126,-238.780523
456158,2438,3259.524,1000,3255.68,47.200045,-238.938533
457105,2439,3271.418,947,3262.49,47.028505,-239.014453
457170,2440,89.028,65,3262.96,47.575015,-238.45176
458170,2441,3482.338,1000,3270.36,47.895069,-239.227846
459170,2442,3337.566,1000,3277.78,47.081184,-239.427015
460170,2443,3307.072,1000,3291.92,47.435813,-239.591774
460226,2444,95.688,56,3292.35,47.888795,-239.804497
461226,2445,3348.951,1000,3300.19,46.316402,-239.410379
462226,2446,3295.676,1000,3308.11,47.30219,-239.662715
463226,2447,3485.317,1000,3316.33,47.57533,-240.105019
464226,2448,3402.924,1000,3325.04,45.926462,-240.501022
465226,2449,3395.024,1000,3333.48,46.617115,-240.313987
466226,2450,3359.237,1000,3341.87,47.227593,-240.755241
467226,2451,3377.207,1000,3349.06,45.963556,-241.039287
468226,2452,3330.943,1000,3356.38,46.05465,-241.351557
469226,2453,3400.476,1000,3363.69,46.966873,-241.575877
469747,2454,1699.268,521,3367.26,45.68464,-242.243298
470747,2455,3420.624,1000,3380.23,47.618507,-241.624701
471747,2456,3425.928,1000,3387.34,46.823498,-242.037472
472747,2457,3508.431,1000,3394.86,47.822022,-241.920534
473154,2458,1273.689,407,3397.9,45.415693,-242.172412
474154,2459,3514.279,1000,3404.77,47.061771,-242.761672
475154,2460,3502.888,1000,3411.42,46.83143,-242.332221
476154,2461,3500.228,1000,3418.29,47.943044,-242.576559
477154,2462,3354.977,1000,3425.61,46.626611,-242.900064
477219,2463,95.055,65,3426.08,44.95089,-242.759239
478219,2464,3451.871,1000,3433.17,46.875272,-243.197452
479219,2465,3486.031,1000,3439.81,46.512499,-243.37975
480219,2466,3439.826,1000,3452.35,47.477735,-243.415074
481219,2467,3454.077,1000,3459.09,46.631071,-243.559949
482219,2468,3555.292,1000,3465.71,46.760621,-243.927236
482278,2469,99.578,59,3466.14,46.13405,-243.140305
483278,2470,3515.914,1000,3472.55,45.957479,-244.518269
484278,2471,3400.505,1000,3478.97,46.296057,-244.306168
485278,2472,3390.346,1000,3485.39,46.093342,-244.371287
485827,2473,1843.231,549,3489.0,46.128608,-244.733547
486827,2474,3461.63,1000,3495.58,46.72805,-245.05084
487827,2475,3494.472,1000,3502.1,47.142066,-245.425095
488827,2476,3500.72,1000,3508.25,46.420612,-245.271338
489827,2477,3580.23,1000,3514.65,47.202462,-245.552627
490827,2478,3645.584,1000,3528.23,47.304027,-245.488263
491827,2479,3486.566,1000,3535.95,47.034253,-246.101215
492827,2480,3516.962,1000,3543.76,47.898552,-246.079717
493827,2481,3544.861,1000,3551.7,46.326412,-246.584007
494827,2482,3495.97,1000,3559.59,46.386576,-246.632251
495827,2483,3451.409,1000,3567.55,46.462058,-246.732839
495899,2484,115.84,72,3568.13,45.724113,-246.842823
496899,2485,3341.911,1000,3576.16,46.877693,-246.954743
497899,2486,3440.81,1000,3583.59,46.944884,-247.16026
498899,2487,3475.119,1000,3590.45,47.437178,-246.945619
499899,2488,3498.888,1000,3597.47,47.444892,-247.329024
500899,2489,3459.625,1000,3610.58,48.719901,-247.292477
501899,2490,3500.274,1000,3617.46,47.423863,-247.747442
502899,2491,3415.446,1000,3624.24,47.553381,-247.648649
503899,2492,3462.361,1000,3631.08,46.953754,-247.957625
504311,2493,1286.109,412,3634.01,46.286377,-248.379161
505311,2494,3371.965,1000,3641.21,47.711096,-247.994676
506311,2495,3377.631,1000,3648.86,47.892981,-248.073496
507311,2496,3384.595,1000,3656.61,46.957574,-248.232024
508311,2497,3407.314,1000,3664.83,47.763221,-248.55681
509311,2498,3432.167,1000,3673.05,46.550182,-248.74593
510057,2499,2564.946,746,3686.24,47.146679,-248.709919
511057,2500,3538.574,1000,3694.72,47.463615,-248.813287
512057,2501,3391.292,1000,3702.64,46.767033,-249.040058
513057,2502,3507.224,1000,3709.11,47.224633,-249.1642
514057,2503,3403.131,1000,3716.05,46.19125,-249.483884
515057,2504,3504.314,1000,3722.96,46.374939,-249.593861
516057,2505,3494.659,1000,3729.33,46.29773,-249.727822
517057,2506,3319.06,1000,3736.43,48.388761,-249.248157
518057,2507,3359.505,1000,3743.85,47.854731,-249.903245
519057,2508,3417.746,1000,3751.28,46.584578,-249.728641
520057,2509,3386.842,1000,3764.7,47.373012,-249.638629
521057,2510,3444.822,1000,3771.09,46.609784,-249.675438
522057,2511,3401.602,1000,3777.64,46.848822,-249.908645
523057,2512,3401.705,1000,3784.54,47.234659,-250.071507
524057,2513,3503.097,1000,3791.62,46.231566,-250.351331
525057,2514,3432.154,1000,3798.33,45.609843,-250.227539
526057,2515,3385.341,1000,3804.63,46.678654,-250.217144
527057,2516,3357.67,1000,3810.94,45.403035,-250.671112
528057,2517,3381.429,1000,3817.85,45.507324,-251.002366
529057,2518,3287.719,1000,3824.5,46.026115,-250.75802
530057,2519,3336.384,1000,3837.22,45.599196,-251.004118
531057,2520,3330.981,1000,3843.69,45.909691,-251.398726
532057,2521,3417.549,1000,3850.22,46.160704,-251.16519
533057,2522,3290.143,1000,3857.28,45.410402,-251.694918
534057,2523,3580.414,1000,3864.24,45.547243,-251.558937
535057,2524,3297.468,1000,3871.13,45.410277,-251.431525
536057,2525,3495.77,1000,3877.96,45.785358,-252.038338
537057,2526,3335.125,1000,3884.69,44.665518,-251.63427
537122,2527,103.81,65,3885.15,44.673683,-252.978528
538122,2528,3396.939,1000,3892.5,45.513367,-251.879497
539122,2529,3429.863,1000,3899.93,45.098425,-251.753048
540122,2530,3563.061,1000,3914.44,45.442402,-252.092657
541122,2531,3403.448,1000,3921.99,43.908714,-252.169672
542122,2532,3468.394,1000,3930.44,45.2831,-252.132741
543122,2533,3457.934,1000,3938.94,44.696856,-252.593456
544122,2534,3563.132,1000,3946.36,46.215034,-252.389225
545122,2535,3308.15,1000,3953.46,44.908358,-252.554002
546122,2536,3347.842,1000,3960.59,45.038335,-252.425984
547122,2537,3446.014,1000,3967.66,44.697474,-253.003689
548122,2538,3264.063,1000,3974.93,44.899957,-253.193878
549122,2539,3402.844,1000,3982.48,44.888169,-253.698792
550122,2540,3410.637,1000,3996.47,45.069451,-253.527864
551122,2541,3228.495,1000,4003.44,44.121294,-254.078861
552122,2542,3348.861,1000,4010.89,45.280222,-253.803481
553122,2543,3347.263,1000,4018.2,44.804284,-254.022568
553189,2544,102.174,67,4018.7,43.805522,-254.334001
554189,2545,3342.261,1000,4026.12,45.609158,-254.245845
555189,2546,3473.913,1000,4033.84,45.905093,-254.158723
556189,2547,3659.215,1000,4041.69,44.765021,-254.259812
557189,2548,3385.968,1000,4049.48,45.240961,-254.657645
558189,2549,3344.019,1000,4057.59,44.16324,-254.533571
559189,2550,3282.503,1000,4064.72,45.454843,-255.077654
560189,2551,3266.42,1000,4075.9,44.798167,-254.509447
561189,2552,3437.706,1000,4082.91,44.72262,-254.968211
562189,2553,3290.284,1000,4089.96,44.216106,-255.457097
563189,2554,3282.929,1000,4096.54,44.912094,-255.212643
564189,2555,3250.33,1000,4103.59,45.03264,-255.055186
565189,2556,3359.595,1000,4110.73,44.249636,-255.551548
566189,2557,3357.986,1000,4118.15,44.707112,-255.838858
567189,2558,3425.475,1000,4125.39,44.236274,-255.679307
568189,2559,3387.303,1000,4132.7,43.721855,-256.221353
568947,2560,2622.605,758,4137.82,44.391337,-256.007543
569947,2561,3472.652,1000,4145.1,43.037032,-256.584408
570581,2562,2201.094,634,4155.61,43.63182,-256.544871
571581,2563,3518.541,1000,4162.19,44.248878,-255.88087
572581,2564,3500.698,1000,4168.51,43.277418,-256.544659
573316,2565,2541.799,735,4173.16,43.804392,-256.729834
574316,2566,3500.425,1000,4179.91,43.368858,-256.861723
575316,2567,3543.053,1000,4186.67,43.818658,-257.233222
576316,2568,3532.772,1000,4193.41,42.978435,-257.337174
576895,2569,2034.078,579,4197.26,44.364487,-257.102566
577655,2570,2635.33,760,4202.04,43.249297,-257.269788
578332,2571,2332.707,677,4206.57,43.676702,-257.254042
579332,2572,3402.863,1000,4213.17,43.29073,-257.184033
580332,2573,3488.304,1000,4226.51,43.726665,-257.276205
581332,2574,3676.619,1000,4233.44,43.633342,-257.498102
582332,2575,3566.61,1000,4240.42,44.023159,-257.610833
583332,2576,3497.067,1000,4248.05,44.060308,-258.137969
584332,2577,3661.424,1000,4255.9,43.847577,-258.120231
585332,2578,3464.045,1000,4264.33,42.398449,-258.312821
585398,2579,96.228,66,4264.79,40.683968,-258.25376
585667,2580,774.888,269,4266.82,43.288603,-258.539406
586667,2581,3499.167,1000,4274.71,43.578385,-258.698653
587667,2582,3458.138,1000,4282.48,43.485383,-258.819065
588667,2583,3561.642,1000,4290.73,43.007949,-259.041341
589667,2584,3344.263,1000,4298.97,43.566265,-258.693639
590667,2585,3417.278,1000,4312.54,43.092597,-258.937443
591667,2586,3363.437,1000,4319.95,43.537489,-258.969096
592667,2587,3611.229,1000,4327.44,44.363241,-259.101979
593667,2588,3587.542,1000,4335.09,43.904529,-259.475768
594517,2589,3050.111,850,4341.24,43.399764,-259.401151
595517,2590,3401.201,1000,4348.17,42.675567,-259.794471
596517,2591,3574.735,1000,4355.23,42.939335,-259.842484
597517,2592,3549.564,1000,4362.4,42.542198,-259.84377
598517,2593,3479.165,1000,4369.51,43.304933,-260.236149
599517,2594,3516.604,1000,4376.54,42.740203,-259.955588
600517,2595,3509.366,1000,4390.32,42.875943,-260.268402
601517,2596,3547.157,1000,4398.22,42.761491,-260.42991
602517,2597,3441.119,1000,4406.26,42.653643,-260.436614
603517,2598,3301.113,1000,4414.15,43.249574,-261.056899
604517,2599,3290.333,1000,4422.07,43.741446,-260.661288
605517,2600,3448.066,1000,4428.86,43.030531,-260.708778
606517,2601,3364.711,1000,4435.68,42.879194,-260.85269
607517,2602,3317.023,1000,4442.82,42.738506,-261.001533
608517,2603,3246.141,1000,4449.84,41.994819,-261.083976
609517,2604,3303.114,1000,4456.89,43.553553,-261.253249
610517,2605,3440.545,1000,4469.76,42.117611,-261.423262
611517,2606,3585.646,1000,4476.74,41.707426,-261.471394
612517,2607,3353.108,1000,4484.05,42.111663,-261.755141
613517,2608,3309.414,1000,4490.87,42.131459,-261.975612
614517,2609,3297.294,1000,4498.05,42.02513,-261.904986
615517,2610,3574.243,1000,4505.07,42.401517,-262.075047
616002,2611,1697.845,485,4508.38,42.635478,-262.728785
617002,2612,3388.404,1000,4515.49,42.417163,-262.397323
618002,2613,3283.319,1000,4522.5,42.960399,-262.457231
619002,2614,3401.331,1000,4529.17,40.985408,-262.273088
620002,2615,3305.743,1000,4541.99,42.331565,-262.835818
621002,2616,3483.273,1000,4548.98,41.141486,-262.68206
622002,2617,3366.532,1000,4555.77,41.739945,-262.927546
622683,2618,2420.687,681,4560.5,41.031528,-263.349757
623683,2619,3320.564,1000,4567.05,41.765565,-263.02371
624683,2620,3353.795,1000,4573.38,41.676446,-263.651815
625683,2621,3351.697,1000,4579.91,42.339451,-263.381761
626683,2622,3473.552,1000,4586.81,42.091158,-263.306076
627683,2623,3447.316,1000,4593.44,41.745413,-263.729373
628683,2624,3408.286,1000,4599.94,41.706921,-263.867003
629683,2625,3420.388,1000,4607.83,41.676096,-263.968173
630683,2626,3442.549,1000,4622.42,41.501015,-263.616686
631683,2627,3429.268,1000,4630.09,40.695284,-264.334422
632683,2628,3459.511,1000,4638.04,41.101031,-264.426223
633683,2629,3470.465,1000,4646.28,41.068659,-264.611268
634683,2630,3418.066,1000,4654.54,41.468158,-264.409637
635683,2631,3460.836,1000,4662.45,40.46289,-264.923629
636683,2632,3517.006,1000,4669.37,40.511067,-264.537442
637683,2633,3449.52,1000,4676.24,41.029588,-264.481919
638683,2634,3510.979,1000,4683.05,40.971771,-264.812164
638760,2635,132.665,77,4683.56,40.512191,-263.326245
639760,2636,3494.018,1000,4690.49,41.52074,-264.862887
640760,2637,3420.217,1000,4701.07,41.730138,-264.84856
640827,2638,106.954,67,4701.55,39.07917,-265.274397
641827,2639,3498.733,1000,4708.28,41.255432,-265.242322
642827,2640,3476.754,1000,4714.8,40.986398,-265.271306
643757,2641,3358.999,930,4721.1,40.859586,-265.218274
643824,2642,105.16,67,4721.61,41.022204,-265.237393
644492,2643,2327.315,668,4726.83,41.794278,-264.921085
645492,2644,3430.98,1000,4734.5,41.749685,-265.315742
646492,2645,3463.476,1000,4742.43,41.589808,-265.534307
646557,2646,110.061,65,4742.93,42.281159,-265.868316
647557,2647,3448.721,1000,4750.83,41.179439,-265.455931
648557,2648,3532.379,1000,4758.39,41.158048,-265.723756
649288,2649,2656.012,731,4764.79,41.067847,-265.501137
649354,2650,102.183,66,4765.37,41.964079,-265.838059
649432,2651,127.106,78,4766.07,42.723028,-265.611362
650432,2652,3557.133,1000,4783.04,41.349936,-265.75214
651432,2653,3504.081,1000,4789.4,41.916665,-265.594471
652432,2654,3448.31,1000,4795.66,41.509601,-265.523966
653432,2655,3522.391,1000,4802.48,40.432576,-265.769743
654432,2656,3464.423,1000,4809.54,40.816354,-266.187106
654493,2657,104.362,61,4809.96,39.268726,-267.582604
655493,2658,3465.663,1000,4817.25,40.369436,-266.062437
656493,2659,3456.2,1000,4824.55,41.348817,-265.529036
657493,2660,3464.916,1000,4832.0,41.39563,-266.078764
658493,2661,3438.534,1000,4839.52,40.662059,-265.925497
659493,2662,3385.415,1000,4846.5,40.925124,-266.202487
660493,2663,3424.982,1000,4857.54,41.776283,-266.359841
661493,2664,3415.405,1000,4864.85,41.031474,-266.509923
662493,2665,3523.528,1000,4871.9,41.457507,-266.251093
662643,2666,354.56,150,4873.02,44.399698,-265.77437
663643,2667,3449.718,1000,4879.97,41.598658,-266.334388
664643,2668,3456.187,1000,4887.08,40.792218,-266.681716
665643,2669,3433.26,1000,4893.95,41.209125,-266.866685
666643,2670,3481.514,1000,4901.01,41.386544,-266.606116
666710,2671,102.584,67,4901.47,44.641188,-267.087614
667456,2672,2553.227,746,4906.55,41.25089,-266.93847
668456,2673,3455.842,1000,4913.55,41.324893,-267.178189
669456,2674,3492.565,1000,4920.59,40.384634,-267.021789
670456,2675,3491.197,1000,4933.73,41.020792,-267.277387
671456,2676,3428.647,1000,4941.12,40.924529,-266.885378
671682,2677,697.22,226,4942.78,42.234606,-267.221285
671747,2678,101.137,65,4943.26,40.406109,-268.234637
671813,2679,99.164,66,4943.73,41.021423,-267.286318
672813,2680,3429.283,1000,4950.69,41.565401,-267.136395
673813,2681,3463.728,1000,4957.69,41.650654,-267.448269
674813,2682,3450.707,1000,4964.85,41.028565,-267.511772
674879,2683,96.415,66,4965.33,42.563686,-266.343259
674955,2684,134.786,76,4965.95,43.573528,-267.159447
675955,2685,3392.316,1000,4973.91,41.875012,-267.612751
676955,2686,3289.955,1000,4981.75,41.87384,-267.81442
677955,2687,3365.4,1000,4989.71,41.798933,-267.308031
678955,2688,3065.295,1000,4998.21,41.697268,-267.243731
679023,2689,102.525,68,4998.8,40.355852,-267.038594
680023,2690,3400.148,1000,5014.51,41.381133,-267.531596
681023,2691,3345.697,1000,5022.49,41.289176,-267.268111
682023,2692,3435.605,1000,5029.52,41.778937,-267.98006
683023,2693,3508.081,1000,5037.12,41.733138,-267.818601
684023,2694,3400.874,1000,5044.54,41.786674,-267.748353
684091,2695,109.702,68,5045.02,39.402471,-269.246582
685091,2696,3189.279,1000,5052.59,41.157795,-267.997045
686091,2697,3355.271,1000,5060.1,41.354665,-268.099988
687091,2698,3530.799,1000,5067.46,42.802022,-267.627714
688091,2699,3387.031,1000,5074.63,41.362347,-268.184469
689091,2700,3416.654,1000,5082.0,41.104093,-268.001199
690091,2701,3447.321,1000,5095.41,42.378217,-268.387789
690167,2702,116.251,76,5095.98,41.932875,-268.05202
691167,2703,3395.185,1000,5103.42,41.527313,-268.274815
692167,2704,3409.091,1000,5110.85,41.335615,-268.611493
693167,2705,3324.296,1000,5118.94,41.82559,-268.327134
694167,2706,3383.422,1000,5127.2,41.09043,-268.373149
695167,2707,3390.753,1000,5135.46,41.602952,-268.289532
696167,2708,3417.585,1000,5143.2,42.015864,-268.853778
697167,2709,3347.496,1000,5149.43,41.488182,-269.004714
698167,2710,3395.651,1000,5155.7,41.992484,-268.438951
699167,2711,3444.837,1000,5162.33,41.776035,-269.194607
700167,2712,3394.027,1000,5174.43,41.223617,-268.653596
701167,2713,3451.784,1000,5181.41,41.686028,-268.799219
702167,2714,3500.048,1000,5188.42,41.129956,-268.886434
703167,2715,3555.877,1000,5195.83,41.704398,-268.972398
704167,2716,3448.987,1000,5203.13,42.504346,-268.76803
705167,2717,3527.971,1000,5210.29,41.168637,-268.950208
706167,2718,3618.153,1000,5217.55,41.061012,-268.941782
707167,2719,3578.54,1000,5224.86,41.985624,-268.662238
708167,2720,3544.723,1000,5231.98,40.910704,-269.039616
709167,2721,3382.902,1000,5238.86,42.383003,-269.226237
710167,2722,3544.055,1000,5251.96,40.883327,-269.19236
711167,2723,3577.978,1000,5258.56,41.736852,-269.113064
712167,2724,3606.709,1000,5265.55,41.624864,-269.712922
712257,2725,168.804,90,5266.22,39.347919,-271.72399
713257,2726,3563.18,1000,5272.99,41.957529,-269.291757
714257,2727,3405.983,1000,5279.99,41.06785,-269.694785
715257,2728,3497.779,1000,5286.68,42.058222,-269.44475
715327,2729,98.576,70,5287.15,44.252987,-269.400322
715398,2730,119.745,71,5287.59,40.415023,-270.94266
715465,2731,112.981,67,5288.01,38.850832,-269.630709
716465,2732,3520.145,1000,5294.53,41.814876,-269.551294
717465,2733,3468.394,1000,5301.35,42.28014,-269.474019
718465,2734,3540.899,1000,5308.24,41.087062,-269.740266
719465,2735,3541.706,1000,5315.21,42.546313,-269.878036
720465,2736,3471.104,1000,5328.09,41.378229,-269.768629
721465,2737,3535.22,1000,5336.15,41.547742,-269.980295
722465,2738,3552.81,1000,5344.53,41.829889,-269.785093
723465,2739,3385.894,1000,5352.49,41.78927,-269.981714
724465,2740,3499.926,1000,5360.9,42.362045,-270.041471
725465,2741,3471.138,1000,5369.24,42.776173,-270.305368
726465,2742,3566.788,1000,5377.55,42.098969,-270.172092
727465,2743,3430.995,1000,5385.4,41.754582,-270.221795
728465,2744,3427.11,1000,5392.67,41.96657,-270.253813
729465,2745,3419.269,1000,5399.72,41.230713,-270.296281
730465,2746,3392.87,1000,5412.34,42.748894,-270.270229
731465,2747,3400.219,1000,5419.53,41.135853,-270.671174
732465,2748,3395.265,1000,5426.91,41.395115,-270.747002
733465,2749,3475.778,1000,5434.17,41.972326,-270.650533
734465,2750,3407.504,1000,5441.27,41.027823,-270.942048
735465,2751,3521.653,1000,5448.2,41.907594,-270.824783
736465,2752,3392.654,1000,5455.66,42.25619,-270.991418
737465,2753,3460.795,1000,5463.57,40.544172,-271.269621
738465,2754,3505.43,1000,5470.45,41.180431,-271.153482
739465,2755,3488.072,1000,5477.82,41.130838,-271.175115
740465,2756,3491.515,1000,5493.01,40.980944,-271.655175
741465,2757,3488.199,1000,5500.81,40.868042,-271.427475
742465,2758,3460.589,1000,5508.16,41.910843,-271.820092
743465,2759,3484.271,1000,5514.72,42.24392,-271.659549
744465,2760,3480.166,1000,5521.39,41.691957,-271.987502
745465,2761,3452.88,1000,5528.63,40.972207,-271.738373
746465,2762,3446.026,1000,5536.07,41.827746,-272.092548
747465,2763,3472.307,1000,5543.16,42.214665,-272.150825
748465,2764,3404.679,1000,5549.94,40.927589,-272.149299
749465,2765,3445.553,1000,5557.32,42.08,-272.369789
750465,2766,3428.633,1000,5571.05,41.664667,-272.07455
751465,2767,3517.242,1000,5577.79,41.72952,-272.597507
752465,2768,3487.568,1000,5584.23,40.475939,-272.451319
753465,2769,3508.884,1000,5591.22,40.371934,-272.555286
754465,2770,3564.093,1000,5598.05,39.604769,-273.029883
755465,2771,3408.769,1000,5605.17,39.761863,-273.069976
756465,2772,3493.722,1000,5611.88,40.425711,-273.099117
757465,2773,3431.257,1000,5618.53,40.371911,-272.912759
758465,2774,3495.962,1000,5625.26,40.491998,-273.040055
759465,2775,3439.371,1000,5631.82,40.200172,-273.447586
760465,2776,3465.263,1000,5644.7,40.604771,-273.582681
761465,2777,3441.339,1000,5651.63,40.482218,-273.446322
762465,2778,3475.304,1000,5658.75,39.958534,-273.492755
763465,2779,3450.524,1000,5665.93,40.687547,-273.919307
764465,2780,3406.513,1000,5673.04,40.965248,-273.695148
765465,2781,3437.878,1000,5680.2,40.828064,-273.938201
766465,2782,3390.71,1000,5688.59,40.979056,-273.914339
767465,2783,3546.836,1000,5696.57,39.723993,-274.427461
768465,2784,3328.405,1000,5704.37,40.177389,-274.472887
769465,2785,3369.015,1000,5712.2,40.26011,-274.198344
770465,2786,3335.174,1000,5727.56,39.628008,-274.898123
771465,2787,3351.91,1000,5735.74,39.53918,-274.433258
772465,2788,3414.603,1000,5743.33,38.986943,-274.548107
773465,2789,3424.695,1000,5750.41,39.623919,-274.866093
774465,2790,3476.564,1000,5757.53,40.362747,-274.844218
775465,2791,3628.575,1000,5764.75,39.528476,-275.220859
776465,2792,3613.238,1000,5771.82,39.984081,-275.284049
777465,2793,3536.634,1000,5778.92,40.008447,-275.163512
778465,2794,3478.59,1000,5786.04,39.42078,-275.162176
779465,2795,3550.589,1000,5792.92,38.997187,-275.550026
780465,2796,3567.375,1000,5806.3,40.200254,-275.279931
781465,2797,3407.553,1000,5814.03,39.516897,-274.891987
782465,2798,3482.183,1000,5821.54,39.401616,-275.251529
783465,2799,3446.129,1000,5829.19,39.220392,-275.469741
784465,2800,3401.176,1000,5837.35,38.579198,-275.802241
785465,2801,3378.899,1000,5845.64,39.225777,-275.528722
786465,2802,3419.942,1000,5853.93,38.265394,-276.233961
787465,2803,3463.098,1000,5861.99,38.46989,-276.517466
788465,2804,3322.493,1000,5868.84,38.226158,-276.284397
789465,2805,3331.068,1000,5875.16,38.686744,-276.281879
790465,2806,3351.634,1000,5887.55,38.151467,-276.166948
791465,2807,3440.54,1000,5894.57,39.503428,-276.24165
792465,2808,3487.599,1000,5901.95,37.550124,-276.606541
793465,2809,3401.054,1000,5909.03,38.830572,-276.356835
794465,2810,3402.408,1000,5916.23,38.278507,-276.442004
795465,2811,3403.632,1000,5923.41,38.476816,-276.655832
796465,2812,3315.246,1000,5930.66,38.3987,-276.910732
797465,2813,3399.871,1000,5937.86,38.263933,-277.095408
798465,2814,3436.29,1000,5944.83,38.359862,-276.851067
799465,2815,3457.317,1000,5951.14,37.809352,-276.952723
800465,2816,3516.05,1000,5964.49,37.066544,-277.243123
801465,2817,3524.083,1000,5971.26,37.325073,-277.339453
802465,2818,3375.194,1000,5977.9,37.352845,-277.345912
803465,2819,3530.908,1000,5984.4,37.368922,-277.458071
804465,2820,3520.415,1000,5991.09,37.810301,-277.667083
805465,2821,3471.083,1000,5997.7,36.479921,-278.17494
806465,2822,3487.306,1000,6004.33,37.047527,-278.138312
807465,2823,3531.875,1000,6010.93,37.6233,-277.816192
808465,2824,3435.272,1000,6017.94,37.642498,-278.124482
809465,2825,3464.858,1000,6024.81,37.235192,-278.289397
810465,2826,3425.474,1000,6038.27,37.081064,-278.76665
811465,2827,3482.836,1000,6045.77,36.706349,-278.701595
812465,2828,3526.132,1000,6053.47,37.63032,-278.690246
813465,2829,3463.266,1000,6061.73,37.017348,-278.793057
814465,2830,3535.878,1000,6070.2,36.710976,-279.008953
815465,2831,3470.596,1000,6077.74,37.515307,-278.839471
816465,2832,3449.067,1000,6085.6,36.028723,-279.444671
817465,2833,3408.029,1000,6093.27,36.430616,-279.340152
818465,2834,3374.812,1000,6100.86,36.268742,-279.663436
819465,2835,3460.121,1000,6107.72,37.078785,-279.212887
820465,2836,3469.179,1000,6120.83,36.304036,-279.629587
821465,2837,3424.613,1000,6127.74,36.983081,-279.270676
822465,2838,3531.971,1000,6134.44,36.488229,-279.512278
823465,2839,3466.275,1000,6141.19,36.683799,-279.708026
824465,2840,3460.5,1000,6148.3,36.475134,-279.54732
825465,2841,3572.409,1000,6155.33,37.21116,-280.080028
826465,2842,3339.8,1000,6162.12,35.968848,-280.037577
827465,2843,3565.803,1000,6169.92,36.619414,-279.971151
828465,2844,3516.37,1000,6177.68,36.773337,-280.027112
829465,2845,3553.934,1000,6185.43,37.025407,-280.697729
830465,2846,3575.878,1000,6201.93,36.308162,-280.20382
831465,2847,3520.481,1000,6210.2,36.479008,-280.343385
832465,2848,3434.143,1000,6218.62,36.256256,-280.728861
833465,2849,3580.347,1000,6226.14,36.234026,-280.980599
834465,2850,3402.232,1000,6233.44,36.724391,-281.07664
835465,2851,3475.04,1000,6240.65,36.44205,-281.283637
836465,2852,3494.667,1000,6247.67,36.500307,-281.52508
837465,2853,3522.877,1000,6255.01,35.903615,-281.384663
838465,2854,3436.561,1000,6262.6,36.716363,-281.644432
839465,2855,3393.136,1000,6270.0,36.194428,-281.714804
840465,2856,3500.003,1000,6284.1,35.813841,-281.967604
841465,2857,3530.916,1000,6290.75,35.637539,-281.898348
842465,2858,3534.808,1000,6298.48,36.16943,-282.139558
843465,2859,3428.617,1000,6305.89,35.712416,-282.346919
844465,2860,3485.837,1000,6312.97,35.740019,-282.50517
845465,2861,3508.943,1000,6319.5,35.809821,-282.824654
846465,2862,3536.46,1000,6326.68,35.648497,-282.669073
847465,2863,3608.847,1000,6333.67,35.388371,-282.615446
848465,2864,3601.662,1000,6340.54,35.814429,-282.944794
849465,2865,3527.291,1000,6347.01,35.175366,-283.190433
850465,2866,3521.342,1000,6359.57,35.885755,-283.309731
851465,2867,3538.003,1000,6366.31,34.932421,-283.493557
852465,2868,3556.77,1000,6372.94,34.924527,-283.397137
853465,2869,3585.893,1000,6379.27,36.099744,-283.350334
854465,2870,3507.158,1000,6385.49,35.413671,-283.634948
855465,2871,3478.844,1000,6392.28,35.269271,-283.779408
856465,2872,3519.862,1000,6399.21,35.706318,-283.972504
857465,2873,3523.828,1000,6406.77,35.372439,-283.995736
858465,2874,3544.974,1000,6414.54,35.499863,-284.204898
859465,2875,3510.116,1000,6422.37,34.467356,-284.323402
860465,2876,3540.985,1000,6437.71,34.598519,-284.77204
861465,2877,3516.949,1000,6445.58,35.355444,-284.69149
862465,2878,3550.853,1000,6453.58,35.011798,-284.952445
863465,2879,3544.949,1000,6461.21,33.926807,-284.967896
864465,2880,3555.823,1000,6468.15,35.030483,-285.223398
865465,2881,3563.828,1000,6475.14,35.139204,-285.226004
866465,2882,3530.504,1000,6482.06,34.966865,-285.331427
867465,2883,3539.245,1000,6488.97,34.847348,-285.583551
868465,2884,3539.218,1000,6495.68,34.850903,-285.335772
869465,2885,3561.246,1000,6502.38,33.819038,-285.781936
870465,2886,3549.125,1000,6515.5,34.857745,-285.682274
871465,2887,3517.113,1000,6522.86,34.299538,-285.910747
872465,2888,3497.868,1000,6530.48,35.216526,-285.74916
873465,2889,3576.055,1000,6538.36,34.827843,-286.156905
874465,2890,3581.751,1000,6545.87,35.762648,-286.169378
875465,2891,3654.159,1000,6553.3,34.201047,-286.575036
876465,2892,3530.48,1000,6561.65,35.253726,-285.942449
877465,2893,3529.288,1000,6570.04,35.126664,-286.333095
878465,2894,3486.47,1000,6578.46,35.032259,-286.200773
879465,2895,3523.196,1000,6585.78,34.597529,-286.717318
880465,2896,3535.583,1000,6598.87,35.921521,-286.536928
881465,2897,3548.982,1000,6605.37,35.35127,-286.751668
882465,2898,3509.95,1000,6611.74,34.841467,-286.621575
883465,2899,3545.069,1000,6618.9,35.105833,-287.155916
884465,2900,3580.808,1000,6626.23,35.705945,-286.900381
885465,2901,3523.808,1000,6633.45,33.465796,-287.583585
886465,2902,3461.234,1000,6640.43,34.488551,-287.532367
887465,2903,3570.692,1000,6647.23,34.498807,-287.498926
888465,2904,3529.341,1000,6654.16,34.401313,-287.878812
889465,2905,3519.464,1000,6660.93,34.065033,-288.074478
890465,2906,3534.044,1000,6674.21,33.758426,-288.080262
891465,2907,3524.308,1000,6680.59,34.402604,-288.086848
892465,2908,3545.197,1000,6687.12,33.758692,-287.978083
893465,2909,3563.36,1000,6694.06,33.551957,-288.564169
894465,2910,3547.9,1000,6700.69,33.83096,-288.952539
895465,2911,3502.036,1000,6707.15,34.237689,-288.334904
896465,2912,3543.194,1000,6713.63,34.244305,-288.921013
897465,2913,3449.041,1000,6720.45,33.851219,-288.828375
898465,2914,3642.122,1000,6727.27,33.965596,-288.641623
899465,2915,3587.119,1000,6733.87,33.73551,-289.242277
900465,2916,3528.334,1000,6747.21,33.988839,-289.232973
901465,2917,3558.584,1000,6754.12,34.153623,-289.810954
902465,2918,3580.02,1000,6760.94,35.270678,-289.471936
903465,2919,3599.351,1000,6768.76,34.881603,-289.712531
904465,2920,3481.084,1000,6776.55,32.854174,-289.656172
905465,2921,3515.654,1000,6784.56,34.263638,-289.860809
906465,2922,3579.11,1000,6792.57,34.819881,-289.624476
907465,2923,3609.301,1000,6801.0,34.707521,-290.09216
908465,2924,3512.556,1000,6808.95,34.608376,-290.518963
909465,2925,3561.803,1000,6816.95,33.437973,-290.829843
910465,2926,3551.335,1000,6834.7,33.477774,-290.709996
911465,2927,3575.1,1000,6842.5,33.550195,-290.967441
912465,2928,3482.727,1000,6851.42,34.270615,-291.203219
913465,2929,3596.238,1000,6859.45,33.74133,-290.907146
914465,2930,3579.32,1000,6866.4,32.958101,-291.562278
915465,2931,3578.07,1000,6874.33,33.647385,-291.284001
916465,2932,3504.407,1000,6882.06,33.569759,-291.64288
917465,2933,3499.534,1000,6889.06,33.490929,-291.916693
918465,2934,3503.949,1000,6895.82,33.845238,-291.824428
919465,2935,3416.801,1000,6902.77,33.700757,-292.015311
920465,2936,3544.146,1000,6915.96,33.674761,-291.986983
921465,2937,3582.453,1000,6922.78,32.961134,-292.355182
922465,2938,3572.652,1000,6929.82,32.634956,-292.408314
923465,2939,3511.618,1000,6936.57,32.847199,-292.963576
924465,2940,3569.33,1000,6943.31,32.866647,-292.670194
925465,2941,3654.105,1000,6950.03,32.541311,-293.050696
926465,2942,3649.734,1000,6957.46,32.656409,-293.047321
927465,2943,3588.919,1000,6964.68,33.232655,-293.406778
928465,2944,3596.639,1000,6971.93,33.94436,-293.713087
929465,2945,3604.574,1000,6978.99,32.363002,-293.730371
930465,2946,3528.571,1000,6991.74,33.577537,-293.861096
931465,2947,3520.552,1000,6998.39,33.077852,-293.962464
932465,2948,3600.635,1000,7005.03,32.658141,-294.169962
933465,2949,3593.469,1000,7012.06,32.337989,-294.282517
934465,2950,3546.712,1000,7019.21,32.80635,-294.823489
935465,2951,3564.47,1000,7026.35,32.516966,-294.466318
936465,2952,3575.158,1000,7033.18,32.369854,-294.499156
937465,2953,3534.441,1000,7040.23,33.25173,-294.337066
938465,2954,3581.331,1000,7047.31,34.003876,-294.487998
939465,2955,3496.428,1000,7054.78,32.135835,-294.183577
940465,2956,3471.0,1000,7068.37,32.132728,-295.015615
941465,2957,3469.553,1000,7075.29,32.230623,-295.404647
942465,2958,3547.543,1000,7082.17,33.112015,-294.927562
943465,2959,3547.671,1000,7089.14,32.452808,-295.37166
944465,2960,3456.385,1000,7095.98,32.08181,-295.621636
945465,2961,3505.702,1000,7102.65,32.652232,-295.264439
946465,2962,3561.561,1000,7109.44,32.193966,-295.393992
947465,2963,3537.821,1000,7116.35,32.000299,-295.342273
948465,2964,3582.587,1000,7123.62,32.184274,-295.55329
949465,2965,3584.779,1000,7131.51,32.515009,-295.485179
950465,2966,3556.171,1000,7146.62,32.572014,-295.867459
951465,2967,3536.85,1000,7153.98,31.372979,-295.949523
952465,2968,3602.935,1000,7161.15,31.851165,-295.92331
953465,2969,3575.86,1000,7168.72,32.100617,-295.90144
954465,2970,3574.884,1000,7176.17,32.851318,-295.718607
955465,2971,3519.331,1000,7183.27,32.350535,-295.884766
956465,2972,3561.301,1000,7190.91,32.631481,-296.261824
957465,2973,3510.799,1000,7198.53,32.334342,-295.593529
958465,2974,3554.819,1000,7206.1,32.711507,-295.813041
959465,2975,3486.441,1000,7213.22,32.328774,-295.740967
960465,2976,3622.751,1000,7226.03,32.496056,-295.567822
961465,2977,3500.515,1000,7233.08,32.81626,-296.020499
962465,2978,3525.205,1000,7240.05,32.259979,-295.867765
963465,2979,3481.458,1000,7247.98,32.361981,-295.834978
964465,2980,3477.791,1000,7256.11,32.181381,-295.966615
965465,2981,3553.637,1000,7265.22,32.039527,-296.50705
966465,2982,3514.001,1000,7273.12,32.048779,-296.718997
967465,2983,3529.666,1000,7281.56,32.324561,-296.510885
968465,2984,3563.277,1000,7289.81,32.484214,-296.173387
969465,2985,3585.391,1000,7298.49,32.893138,-296.420924
970465,2986,3679.857,1000,7312.05,31.266686,-296.686513
971465,2987,3577.867,1000,7319.37,31.247283,-296.742372
972465,2988,3589.061,1000,7326.22,32.137978,-296.697406
973465,2989,3623.679,1000,7332.95,31.636488,-296.657862
974465,2990,3576.329,1000,7339.85,31.421187,-297.237183
975465,2991,3581.805,1000,7346.82,32.101621,-296.998397
976465,2992,3591.991,1000,7353.82,31.834637,-296.689027
977465,2993,3496.871,1000,7360.79,31.937152,-296.816487
978465,2994,3538.963,1000,7367.36,31.475744,-296.848524
979465,2995,3573.211,1000,7374.42,31.991115,-296.772838
980465,2996,3622.069,1000,7387.52,31.424213,-297.275535
981465,2997,3548.321,1000,7393.93,32.216703,-297.13256
982465,2998,3580.05,1000,7400.18,31.630224,-297.202332
983465,2999,3601.519,1000,7406.79,32.284987,-296.776695
984465,3000,3596.56,1000,7413.52,30.972294,-297.004632
985465,3001,3543.59,1000,7420.14,31.055098,-297.430546
986465,3002,3594.249,1000,7426.56,31.735367,-297.223546
987465,3003,3611.603,1000,7433.08,32.281218,-297.405901
988465,3004,3621.62,1000,7439.75,31.431602,-297.507444
989465,3005,3621.63,1000,7446.73,32.405574,-297.446796
990465,3006,3571.891,1000,7459.83,31.13011,-297.516912
991465,3007,3572.858,1000,7466.23,30.735446,-297.473809
992465,3008,3513.546,1000,7473.23,31.742399,-297.955754
993465,3009,3557.989,1000,7479.92,31.299899,-297.840948
994465,3010,3596.994,1000,7487.65,31.236696,-297.808324
995465,3011,3608.427,1000,7495.04,31.202572,-297.946413
996465,3012,3582.6,1000,7502.63,31.195678,-297.976382
997465,3013,3539.642,1000,7510.15,31.103712,-297.983861
998465,3014,3596.714,1000,7518.04,31.228404,-297.665442
999465,3015,3529.863,1000,7525.79,32.116696,-297.957003
