timestep,episode,episode_reward,episode_length,wall_time,critic_loss,actor_loss
28,0,-0.785,28,0.01,,
62,1,4.056,34,0.01,,
87,2,3.661,25,0.02,,
102,3,-5.022,15,0.02,,
119,4,0.747,17,0.02,,
134,5,-0.498,15,0.02,,
153,6,-5.136,19,0.03,,
172,7,-2.97,19,0.03,,
193,8,4.133,21,0.03,,
219,9,-9.685,26,0.04,,
234,10,2.18,15,0.04,,
281,11,23.367,47,0.05,,
305,12,1.065,24,0.05,,
317,13,-1.604,12,0.06,,
336,14,6.448,19,0.06,,
354,15,-0.12,18,0.06,,
383,16,1.053,29,0.07,,
400,17,-1.353,17,0.07,,
410,18,-4.308,10,0.07,,
446,19,8.34,36,0.08,,
474,20,4.922,28,0.08,,
493,21,1.286,19,0.09,,
516,22,2.014,23,0.09,,
535,23,3.04,19,0.09,,
550,24,4.051,15,0.1,,
563,25,-4.087,13,0.1,,
582,26,1.72,19,0.1,,
613,27,12.729,31,0.11,,
636,28,11.787,23,0.11,,
656,29,-10.054,20,0.11,,
665,30,-2.587,9,0.12,,
683,31,-2.338,18,0.12,,
703,32,-1.775,20,0.12,,
738,33,-0.375,35,0.13,,
761,34,-6.733,23,0.13,,
782,35,-1.598,21,0.14,,
795,36,2.488,13,0.14,,
817,37,1.828,22,0.14,,
839,38,12.99,22,0.14,,
857,39,3.943,18,0.15,,
885,40,6.907,28,0.15,,
910,41,1.921,25,0.16,,
921,42,-2.919,11,0.16,,
952,43,2.306,31,0.16,,
1001,44,21.278,49,0.17,,
1022,45,2.346,21,0.17,,
1040,46,0.161,18,0.18,,
1051,47,0.49,11,0.18,,
1073,48,0.551,22,0.18,,
1110,49,4.18,37,0.19,,
1137,50,-3.519,27,0.19,,
1148,51,-3.31,11,0.2,,
1183,52,12.754,35,0.2,,
1201,53,0.702,18,0.2,,
1220,54,3.243,19,0.21,,
1247,55,-0.462,27,0.21,,
1266,56,3.709,19,0.22,,
1281,57,-6.694,15,0.22,,
1308,58,-0.028,27,0.22,,
1321,59,-0.663,13,0.23,,
1349,60,6.459,28,0.23,,
1382,61,13.809,33,0.24,,
1396,62,-2.922,14,0.24,,
1431,63,-1.194,35,0.24,,
1460,64,1.103,29,0.25,,
1473,65,-0.374,13,0.25,,
1483,66,-2.912,10,0.25,,
1501,67,5.401,18,0.26,,
1522,68,-1.738,21,0.26,,
1537,69,4.389,15,0.26,,
1555,70,5.509,18,0.27,,
1569,71,-1.61,14,0.27,,
1581,72,0.76,12,0.27,,
1608,73,-0.163,27,0.28,,
1634,74,-3.034,26,0.28,,
1659,75,-1.196,25,0.28,,
1670,76,1.833,11,0.29,,
1693,77,-3.487,23,0.29,,
1706,78,2.065,13,0.29,,
1721,79,-1.765,15,0.29,,
1754,80,3.225,33,0.3,,
1783,81,0.561,29,0.3,,
1804,82,8.604,21,0.31,,
1835,83,7.258,31,0.31,,
1854,84,-2.954,19,0.32,,
1869,85,-6.88,15,0.32,,
1884,86,-0.37,15,0.32,,
1916,87,12.293,32,0.33,,
1933,88,1.957,17,0.33,,
1957,89,-0.011,24,0.33,,
1974,90,1.666,17,0.34,,
1991,91,-2.623,17,0.34,,
2013,92,-1.101,22,0.34,,
2038,93,-3.8,25,0.35,,
2071,94,-0.685,33,0.35,,
2098,95,4.087,27,0.36,,
2134,96,16.96,36,0.36,,
2153,97,-2.468,19,0.37,,
2173,98,-2.714,20,0.37,,
2199,99,-3.219,26,0.37,,
2212,100,-4.988,13,0.38,,
2232,101,-4.602,20,0.38,,
2245,102,-1.416,13,0.38,,
2284,103,15.851,39,0.39,,
2296,104,-2.022,12,0.39,,
2314,105,5.965,18,0.39,,
2329,106,0.611,15,0.39,,
2345,107,0.651,16,0.4,,
2364,108,-3.146,19,0.4,,
2379,109,0.522,15,0.4,,
2419,110,5.514,40,0.41,,
2438,111,-0.314,19,0.41,,
2451,112,-0.184,13,0.41,,
2469,113,2.526,18,0.42,,
2503,114,6.056,34,0.42,,
2517,115,0.534,14,0.43,,
2532,116,0.613,15,0.43,,
2549,117,-1.801,17,0.43,,
2561,118,-3.894,12,0.43,,
2588,119,12.847,27,0.44,,
2597,120,-0.636,9,0.44,,
2624,121,0.162,27,0.44,,
2642,122,-6.988,18,0.45,,
2659,123,-6.517,17,0.45,,
2683,124,0.684,24,0.45,,
2727,125,14.175,44,0.46,,
2772,126,21.949,45,0.47,,
2790,127,-4.285,18,0.47,,
2811,128,-1.626,21,0.48,,
2840,129,3.142,29,0.48,,
2858,130,2.214,18,0.48,,
2886,131,7.501,28,0.49,,
2899,132,-2.006,13,0.49,,
2913,133,-2.063,14,0.49,,
2937,134,5.503,24,0.5,,
2958,135,-8.032,21,0.5,,
2984,136,8.907,26,0.51,,
3018,137,7.739,34,0.51,,
3033,138,2.813,15,0.52,,
3046,139,0.529,13,0.52,,
3060,140,-0.6,14,0.52,,
3085,141,-2.204,25,0.53,,
3105,142,0.793,20,0.53,,
3127,143,-0.965,22,0.53,,
3147,144,-6.656,20,0.54,,
3162,145,3.311,15,0.54,,
3187,146,2.955,25,0.54,,
3200,147,-0.364,13,0.54,,
3222,148,1.483,22,0.55,,
3243,149,9.928,21,0.55,,
3267,150,4.28,24,0.56,,
3281,151,-0.28,14,0.56,,
3299,152,6.064,18,0.56,,
3333,153,0.986,34,0.57,,
3346,154,1.836,13,0.57,,
3367,155,-0.288,21,0.57,,
3401,156,12.366,34,0.58,,
3474,157,16.242,73,0.59,,
3491,158,3.183,17,0.59,,
3509,159,2.094,18,0.6,,
3536,160,-2.66,27,0.6,,
3548,161,2.322,12,0.6,,
3564,162,-6.153,16,0.61,,
3575,163,-2.127,11,0.61,,
3590,164,-2.938,15,0.61,,
3605,165,-2.323,15,0.61,,
3621,166,-3.711,16,0.62,,
3641,167,-9.535,20,0.62,,
3658,168,1.947,17,0.62,,
3686,169,5.215,28,0.63,,
3705,170,2.523,19,0.63,,
3715,171,-2.279,10,0.63,,
3732,172,5.753,17,0.63,,
3748,173,-1.663,16,0.64,,
3774,174,-5.096,26,0.64,,
3801,175,1.199,27,0.64,,
3814,176,2.531,13,0.65,,
3849,177,2.617,35,0.65,,
3866,178,0.296,17,0.66,,
3883,179,-1.567,17,0.66,,
3895,180,-0.064,12,0.66,,
3916,181,8.33,21,0.66,,
3951,182,10.331,35,0.67,,
3960,183,-4.32,9,0.67,,
3983,184,6.771,23,0.67,,
4010,185,8.392,27,0.68,,
4027,186,5.58,17,0.68,,
4044,187,0.24,17,0.68,,
4060,188,-6.349,16,0.69,,
4087,189,7.161,27,0.69,,
4119,190,-0.736,32,0.7,,
4139,191,2.369,20,0.7,,
4184,192,11.31,45,0.71,,
4227,193,15.117,43,0.71,,
4239,194,0.022,12,0.72,,
4257,195,-7.813,18,0.72,,
4273,196,-0.443,16,0.72,,
4303,197,13.577,30,0.73,,
4326,198,-2.936,23,0.73,,
4347,199,-1.813,21,0.73,,
4358,200,-1.391,11,0.74,,
4380,201,-10.115,22,0.74,,
4394,202,-1.003,14,0.74,,
4419,203,4.556,25,0.75,,
4435,204,-3.506,16,0.75,,
4460,205,9.194,25,0.75,,
4474,206,-0.349,14,0.75,,
4496,207,-10.338,22,0.76,,
4509,208,0.761,13,0.76,,
4530,209,0.001,21,0.76,,
4542,210,-2.99,12,0.76,,
4577,211,-0.436,35,0.77,,
4590,212,0.445,13,0.77,,
4607,213,-2.827,17,0.78,,
4619,214,-3.72,12,0.78,,
4642,215,-2.758,23,0.78,,
4656,216,2.353,14,0.78,,
4678,217,3.508,22,0.79,,
4698,218,2.296,20,0.79,,
4711,219,-7.668,13,0.79,,
4723,220,-0.188,12,0.79,,
4748,221,1.517,25,0.8,,
4765,222,1.297,17,0.8,,
4784,223,6.919,19,0.8,,
4803,224,2.604,19,0.81,,
4834,225,6.646,31,0.81,,
4866,226,7.977,32,0.82,,
4888,227,3.601,22,0.82,,
4904,228,-11.637,16,0.82,,
4935,229,-4.52,31,0.83,,
4962,230,12.724,27,0.83,,
4985,231,2.352,23,0.84,,
5002,232,3.66,17,0.84,,
5025,233,-0.869,23,0.85,,
5050,234,-0.141,25,0.85,,
5065,235,1.867,15,0.85,,
5087,236,6.034,22,0.86,,
5114,237,-3.082,27,0.86,,
5132,238,5.774,18,0.86,,
5153,239,4.432,21,0.87,,
5178,240,-2.002,25,0.87,,
5202,241,-4.911,24,0.88,,
5216,242,-5.714,14,0.88,,
5229,243,-0.652,13,0.88,,
5252,244,2.0,23,0.88,,
5266,245,2.388,14,0.89,,
5278,246,-5.344,12,0.89,,
5292,247,-0.363,14,0.89,,
5327,248,10.674,35,0.9,,
5359,249,5.891,32,0.9,,
5389,250,16.138,30,0.91,,
5404,251,-0.414,15,0.91,,
5416,252,-2.079,12,0.91,,
5436,253,-1.876,20,0.91,,
5457,254,0.145,21,0.92,,
5477,255,2.664,20,0.92,,
5502,256,5.707,25,0.93,,
5517,257,2.374,15,0.93,,
5556,258,15.964,39,0.93,,
5579,259,0.514,23,0.94,,
5596,260,3.057,17,0.94,,
5612,261,4.427,16,0.94,,
5631,262,8.117,19,0.95,,
5663,263,-1.798,32,0.95,,
5704,264,16.541,41,0.96,,
5718,265,-7.694,14,0.96,,
5738,266,7.063,20,0.96,,
5753,267,-1.111,15,0.97,,
5763,268,-2.087,10,0.97,,
5784,269,6.378,21,0.97,,
5809,270,-9.645,25,0.98,,
5824,271,4.218,15,0.98,,
5850,272,4.545,26,0.98,,
5875,273,1.306,25,0.99,,
5899,274,-1.343,24,0.99,,
5914,275,-5.067,15,0.99,,
5942,276,1.363,28,1.0,,
5955,277,0.648,13,1.0,,
5968,278,-3.173,13,1.0,,
6007,279,16.713,39,1.01,,
6023,280,-0.407,16,1.01,,
6046,281,-2.493,23,1.02,,
6062,282,-3.699,16,1.02,,
6079,283,3.178,17,1.02,,
6097,284,-0.609,18,1.02,,
6121,285,5.422,24,1.03,,
6153,286,4.632,32,1.03,,
6171,287,3.301,18,1.04,,
6187,288,2.295,16,1.04,,
6222,289,18.184,35,1.05,,
6241,290,-0.494,19,1.05,,
6264,291,10.584,23,1.06,,
6279,292,1.281,15,1.06,,
6310,293,6.196,31,1.07,,
6334,294,-2.346,24,1.08,,
6359,295,-1.126,25,1.08,,
6382,296,5.645,23,1.09,,
6397,297,0.344,15,1.09,,
6411,298,1.016,14,1.09,,
6428,299,-3.275,17,1.09,,
6454,300,1.769,26,1.1,,
6491,301,1.974,37,1.11,,
6502,302,-3.584,11,1.11,,
6519,303,0.839,17,1.11,,
6548,304,12.37,29,1.12,,
6567,305,-3.69,19,1.12,,
6584,306,0.832,17,1.12,,
6596,307,-2.824,12,1.13,,
6624,308,-1.88,28,1.13,,
6662,309,7.062,38,1.14,,
6679,310,-5.029,17,1.14,,
6713,311,15.388,34,1.15,,
6748,312,8.828,35,1.15,,
6766,313,1.226,18,1.15,,
6783,314,4.058,17,1.16,,
6795,315,-4.263,12,1.16,,
6809,316,-1.738,14,1.16,,
6825,317,2.194,16,1.16,,
6845,318,-3.975,20,1.17,,
6864,319,-2.349,19,1.17,,
6876,320,-2.102,12,1.17,,
6885,321,-2.976,9,1.17,,
6903,322,-3.937,18,1.18,,
6934,323,3.021,31,1.18,,
6950,324,3.52,16,1.18,,
6995,325,5.225,45,1.19,,
7007,326,-1.69,12,1.19,,
7023,327,-7.606,16,1.2,,
7033,328,-3.717,10,1.2,,
7067,329,19.964,34,1.2,,
7082,330,-2.316,15,1.21,,
7126,331,22.731,44,1.21,,
7142,332,-1.038,16,1.22,,
7155,333,-0.908,13,1.22,,
7170,334,5.572,15,1.22,,
7179,335,-3.047,9,1.22,,
7193,336,-0.983,14,1.22,,
7210,337,1.971,17,1.23,,
7238,338,5.362,28,1.23,,
7263,339,0.622,25,1.24,,
7282,340,-0.247,19,1.24,,
7311,341,0.87,29,1.24,,
7326,342,-3.486,15,1.25,,
7338,343,-0.773,12,1.25,,
7360,344,11.462,22,1.25,,
7389,345,17.144,29,1.25,,
7401,346,1.088,12,1.26,,
7419,347,-3.13,18,1.26,,
7431,348,-3.838,12,1.26,,
7447,349,2.161,16,1.26,,
7481,350,10.567,34,1.27,,
7515,351,4.133,34,1.27,,
7533,352,-1.341,18,1.28,,
7544,353,-5.689,11,1.28,,
7559,354,-0.443,15,1.28,,
7578,355,3.048,19,1.28,,
7589,356,-3.001,11,1.29,,
7610,357,4.257,21,1.29,,
7642,358,7.577,32,1.3,,
7655,359,-5.557,13,1.3,,
7664,360,-2.526,9,1.3,,
7678,361,-0.186,14,1.3,,
7714,362,2.292,36,1.31,,
7733,363,-4.726,19,1.31,,
7778,364,11.579,45,1.32,,
7805,365,-3.125,27,1.32,,
7823,366,-1.703,18,1.33,,
7845,367,1.751,22,1.33,,
7858,368,-4.901,13,1.33,,
7881,369,-9.371,23,1.33,,
7903,370,-3.751,22,1.34,,
7924,371,-8.148,21,1.34,,
7944,372,-0.01,20,1.35,,
7957,373,-0.32,13,1.35,,
7970,374,-5.783,13,1.35,,
7994,375,-2.291,24,1.35,,
8005,376,-0.949,11,1.36,,
8028,377,5.042,23,1.36,,
8052,378,7.232,24,1.36,,
8073,379,-2.974,21,1.37,,
8093,380,3.777,20,1.37,,
8121,381,8.551,28,1.38,,
8153,382,7.104,32,1.38,,
8176,383,6.718,23,1.38,,
8187,384,-2.414,11,1.39,,
8201,385,-2.925,14,1.39,,
8235,386,-1.782,34,1.39,,
8252,387,2.814,17,1.4,,
8264,388,-0.432,12,1.4,,
8302,389,15.857,38,1.41,,
8320,390,-4.87,18,1.41,,
8335,391,0.09,15,1.41,,
8353,392,-1.813,18,1.41,,
8373,393,-4.184,20,1.42,,
8387,394,1.201,14,1.42,,
8400,395,-1.966,13,1.42,,
8427,396,7.582,27,1.43,,
8441,397,-4.027,14,1.43,,
8474,398,12.319,33,1.43,,
8487,399,-3.408,13,1.44,,
8505,400,-0.851,18,1.44,,
8528,401,0.209,23,1.44,,
8548,402,7.919,20,1.45,,
8558,403,-0.305,10,1.45,,
8570,404,-0.024,12,1.45,,
8580,405,-5.124,10,1.45,,
8598,406,-1.457,18,1.45,,
8641,407,15.65,43,1.46,,
8652,408,-0.202,11,1.46,,
8665,409,-1.523,13,1.47,,
8693,410,5.733,28,1.47,,
8718,411,0.996,25,1.47,,
8729,412,-4.183,11,1.48,,
8740,413,-1.178,11,1.48,,
8757,414,3.959,17,1.48,,
8783,415,-1.22,26,1.48,,
8800,416,4.305,17,1.49,,
8818,417,-0.448,18,1.49,,
8832,418,0.094,14,1.49,,
8843,419,-1.556,11,1.49,,
8866,420,4.862,23,1.5,,
8901,421,17.461,35,1.5,,
8912,422,-1.929,11,1.51,,
8933,423,1.72,21,1.51,,
8945,424,-6.06,12,1.51,,
8962,425,-0.5,17,1.51,,
8978,426,2.821,16,1.52,,
8994,427,1.556,16,1.52,,
9027,428,-0.347,33,1.52,,
9060,429,13.019,33,1.53,,
9077,430,-2.794,17,1.53,,
9092,431,2.472,15,1.53,,
9120,432,3.254,28,1.54,,
9138,433,-4.625,18,1.54,,
9155,434,4.183,17,1.54,,
9190,435,24.117,35,1.55,,
9217,436,8.034,27,1.55,,
9232,437,-2.853,15,1.56,,
9264,438,5.166,32,1.57,,
9283,439,1.879,19,1.57,,
9299,440,1.707,16,1.58,,
9313,441,-6.222,14,1.58,,
9333,442,-7.273,20,1.58,,
9347,443,-1.329,14,1.59,,
9375,444,7.423,28,1.59,,
9401,445,-0.425,26,1.6,,
9433,446,1.346,32,1.6,,
9461,447,1.166,28,1.61,,
9476,448,1.916,15,1.61,,
9491,449,4.155,15,1.61,,
9506,450,-0.938,15,1.61,,
9524,451,4.19,18,1.62,,
9537,452,-3.779,13,1.62,,
9567,453,4.426,30,1.62,,
9596,454,9.015,29,1.63,,
9622,455,-3.974,26,1.63,,
9633,456,-0.561,11,1.64,,
9650,457,5.43,17,1.64,,
9689,458,16.515,39,1.64,,
9715,459,1.468,26,1.65,,
9750,460,20.666,35,1.65,,
9773,461,-6.109,23,1.66,,
9802,462,3.899,29,1.66,,
9822,463,0.712,20,1.67,,
9846,464,-0.876,24,1.67,,
9866,465,3.906,20,1.67,,
9888,466,3.725,22,1.68,,
9904,467,2.933,16,1.68,,
9933,468,11.359,29,1.69,,
9948,469,4.334,15,1.69,,
9964,470,2.609,16,1.69,,
9983,471,3.57,19,1.69,,
10000,472,6.593,17,1.7,,
10018,473,1.217,18,1.98,,
10045,474,3.14,27,1.99,,
10059,475,-8.223,14,1.99,,
10088,476,4.363,29,1.99,,
10108,477,-1.749,20,2.0,,
10117,478,-3.914,9,2.0,,
10134,479,1.776,17,2.01,,
10157,480,-4.958,23,2.01,,
10170,481,1.471,13,2.01,,
10196,482,-3.82,26,2.02,,
10206,483,-1.303,10,2.02,,
10223,484,1.743,17,2.02,,
10235,485,-0.431,12,2.02,,
10257,486,2.132,22,2.03,,
10275,487,5.463,18,2.03,,
10294,488,3.563,19,2.03,,
10303,489,-3.259,9,2.03,,
10316,490,0.984,13,2.04,,
10349,491,12.965,33,2.04,,
10375,492,12.868,26,2.05,,
10389,493,-1.715,14,2.05,,
10441,494,12.257,52,2.06,,
10463,495,7.806,22,2.06,,
10480,496,3.674,17,2.06,,
10526,497,3.166,46,2.07,,
10543,498,4.989,17,2.07,,
10557,499,-1.61,14,2.08,,
10584,500,-3.246,27,2.08,,
10600,501,-5.067,16,2.08,,
10613,502,-4.038,13,2.09,,
10643,503,18.001,30,2.09,,
10670,504,9.498,27,2.09,,
10683,505,1.086,13,2.1,,
10703,506,-3.352,20,2.1,,
10713,507,-2.582,10,2.1,,
10727,508,-4.367,14,2.1,,
10736,509,-1.346,9,2.11,,
10783,510,29.107,47,2.11,,
10805,511,1.867,22,2.12,,
10826,512,0.33,21,2.12,,
10850,513,6.447,24,2.13,,
10865,514,2.525,15,2.13,,
10884,515,5.975,19,2.13,,
10909,516,-1.741,25,2.14,,
10931,517,6.261,22,2.14,,
10950,518,6.27,19,2.14,,
10998,519,12.11,48,2.15,,
11020,520,-3.674,22,2.15,,
11035,521,-0.053,15,2.16,,
11053,522,-0.405,18,2.16,,
11061,523,-3.278,8,2.16,,
11102,524,19.622,41,2.17,,
11117,525,2.807,15,2.17,,
11135,526,3.367,18,2.17,,
11154,527,-5.752,19,2.18,,
11178,528,11.695,24,2.18,,
11189,529,-0.432,11,2.18,,
11208,530,-3.307,19,2.19,,
11233,531,-2.45,25,2.19,,
11266,532,-0.981,33,2.2,,
11296,533,2.196,30,2.2,,
11318,534,0.749,22,2.2,,
11333,535,-0.057,15,2.21,,
11347,536,-1.145,14,2.21,,
11385,537,12.762,38,2.22,,
11395,538,-1.145,10,2.22,,
11413,539,2.019,18,2.22,,
11434,540,5.061,21,2.22,,
11456,541,-4.205,22,2.23,,
11486,542,-7.817,30,2.23,,
11508,543,-8.294,22,2.24,,
11528,544,7.917,20,2.24,,
11549,545,3.577,21,2.24,,
11566,546,3.78,17,2.25,,
11596,547,9.617,30,2.25,,
11623,548,5.19,27,2.26,,
11639,549,-2.567,16,2.26,,
11655,550,3.421,16,2.26,,
11668,551,-3.413,13,2.26,,
11683,552,-4.451,15,2.27,,
11704,553,-1.968,21,2.27,,
11717,554,-3.843,13,2.27,,
11737,555,-3.069,20,2.27,,
11761,556,5.133,24,2.28,,
11780,557,0.16,19,2.28,,
11788,558,-2.768,8,2.28,,
11804,559,0.481,16,2.29,,
11820,560,4.986,16,2.29,,
11840,561,3.438,20,2.29,,
11860,562,-7.388,20,2.29,,
11888,563,1.04,28,2.3,,
11911,564,-6.854,23,2.3,,
11926,565,2.643,15,2.3,,
11950,566,10.153,24,2.31,,
11969,567,-4.384,19,2.31,,
11981,568,-2.531,12,2.31,,
12006,569,12.421,25,2.32,,
12035,570,1.906,29,2.32,,
12086,571,22.233,51,2.33,,
12103,572,6.888,17,2.33,,
12116,573,-1.517,13,2.34,,
12142,574,-0.132,26,2.34,,
12155,575,3.104,13,2.34,,
12180,576,12.499,25,2.35,,
12200,577,5.403,20,2.35,,
12212,578,-0.404,12,2.35,,
12244,579,14.498,32,2.36,,
12258,580,2.196,14,2.36,,
12274,581,-0.224,16,2.37,,
12295,582,-3.705,21,2.37,,
12306,583,-6.672,11,2.38,,
12315,584,-5.223,9,2.38,,
12335,585,-4.851,20,2.38,,
12353,586,2.56,18,2.39,,
12367,587,-7.246,14,2.39,,
12401,588,-0.148,34,2.39,,
12428,589,2.298,27,2.4,,
12447,590,9.804,19,2.4,,
12468,591,2.555,21,2.41,,
12508,592,20.624,40,2.41,,
12518,593,-1.909,10,2.42,,
12535,594,3.85,17,2.42,,
12549,595,-0.139,14,2.42,,
12578,596,8.744,29,2.43,,
12597,597,-2.343,19,2.43,,
12608,598,-4.047,11,2.43,,
12625,599,-1.975,17,2.44,,
12651,600,-1.689,26,2.44,,
12681,601,6.347,30,2.45,,
12696,602,0.722,15,2.45,,
12709,603,-1.746,13,2.45,,
12745,604,17.79,36,2.46,,
12782,605,17.624,37,2.46,,
12826,606,3.957,44,2.47,,
12840,607,0.383,14,2.47,,
12851,608,-0.537,11,2.48,,
12862,609,-0.464,11,2.48,,
12874,610,-2.416,12,2.48,,
12898,611,-2.428,24,2.48,,
12921,612,8.08,23,2.49,,
12933,613,-1.512,12,2.49,,
12971,614,18.637,38,2.49,,
13004,615,6.077,33,2.5,,
13014,616,-1.798,10,2.5,,
13032,617,-3.589,18,2.51,,
13053,618,3.08,21,2.51,,
13070,619,-2.841,17,2.51,,
13085,620,-0.084,15,2.51,,
13100,621,3.486,15,2.52,,
13114,622,1.69,14,2.52,,
13125,623,1.619,11,2.52,,
13133,624,-3.526,8,2.52,,
13146,625,0.356,13,2.52,,
13162,626,-0.761,16,2.53,,
13181,627,4.624,19,2.53,,
13215,628,13.177,34,2.53,,
13226,629,-3.921,11,2.54,,
13254,630,8.749,28,2.54,,
13280,631,-0.627,26,2.55,,
13305,632,1.158,25,2.55,,
13322,633,-0.766,17,2.55,,
13342,634,3.267,20,2.56,,
13356,635,1.457,14,2.56,,
13373,636,-0.524,17,2.56,,
13400,637,2.744,27,2.56,,
13421,638,10.057,21,2.57,,
13435,639,-0.432,14,2.57,,
13456,640,2.333,21,2.58,,
13484,641,16.671,28,2.58,,
13495,642,-3.364,11,2.58,,
13510,643,3.977,15,2.58,,
13537,644,-2.071,27,2.59,,
13550,645,-1.931,13,2.59,,
13581,646,18.358,31,2.6,,
13614,647,9.048,33,2.6,,
13630,648,1.323,16,2.61,,
13649,649,5.354,19,2.61,,
13668,650,3.61,19,2.61,,
13696,651,-0.025,28,2.62,,
13724,652,-7.558,28,2.62,,
13751,653,5.164,27,2.63,,
13786,654,1.954,35,2.63,,
13817,655,10.544,31,2.64,,
13831,656,0.335,14,2.64,,
13840,657,-2.191,9,2.64,,
13897,658,9.574,57,2.65,,
13909,659,2.338,12,2.65,,
13925,660,2.504,16,2.66,,
13944,661,4.458,19,2.66,,
13959,662,2.303,15,2.66,,
13983,663,4.748,24,2.67,,
13996,664,-2.827,13,2.67,,
14016,665,0.895,20,2.67,,
14028,666,1.518,12,2.67,,
14047,667,-2.538,19,2.68,,
14061,668,-1.716,14,2.68,,
14073,669,1.185,12,2.68,,
14084,670,-4.065,11,2.68,,
14093,671,-3.184,9,2.68,,
14111,672,-2.97,18,2.69,,
14126,673,1.251,15,2.69,,
14152,674,4.369,26,2.69,,
14174,675,1.308,22,2.7,,
14200,676,9.085,26,2.7,,
14231,677,-0.449,31,2.71,,
14263,678,8.02,32,2.71,,
14272,679,-4.239,9,2.71,,
14313,680,-0.385,41,2.72,,
14332,681,5.722,19,2.72,,
14369,682,-0.313,37,2.73,,
14380,683,-1.958,11,2.73,,
14392,684,0.535,12,2.73,,
14413,685,5.267,21,2.74,,
14439,686,5.683,26,2.74,,
14460,687,-5.855,21,2.75,,
14480,688,4.395,20,2.75,,
14499,689,6.415,19,2.75,,
14514,690,1.259,15,2.75,,
14527,691,-7.812,13,2.76,,
14537,692,-2.583,10,2.76,,
14557,693,2.594,20,2.76,,
14576,694,0.639,19,2.76,,
14608,695,11.585,32,2.77,,
14622,696,-0.349,14,2.77,,
14653,697,0.753,31,2.78,,
14676,698,-2.007,23,2.78,,
14688,699,-1.394,12,2.79,,
14714,700,-2.637,26,2.79,,
14733,701,5.154,19,2.8,,
14749,702,3.629,16,2.8,,
14773,703,8.258,24,2.81,,
14798,704,5.701,25,2.82,,
14824,705,6.599,26,2.82,,
14842,706,6.593,18,2.82,,
14857,707,-0.202,15,2.83,,
14886,708,7.745,29,2.83,,
14908,709,0.722,22,2.83,,
14924,710,-11.805,16,2.84,,
14954,711,5.017,30,2.84,,
14974,712,0.253,20,2.85,,
15003,713,-6.439,29,2.85,,
15018,714,-0.517,15,2.85,,
15031,715,0.708,13,2.85,,
15057,716,5.333,26,2.86,,
15078,717,-0.989,21,2.86,,
15093,718,0.666,15,2.87,,
15112,719,-12.426,19,2.87,,
15136,720,0.6,24,2.87,,
15150,721,0.278,14,2.87,,
15164,722,2.434,14,2.88,,
15186,723,2.675,22,2.88,,
15207,724,6.825,21,2.88,,
15220,725,1.104,13,2.89,,
15230,726,-0.089,10,2.89,,
15246,727,0.738,16,2.89,,
15265,728,3.167,19,2.89,,
15281,729,3.901,16,2.9,,
15302,730,7.714,21,2.9,,
15325,731,3.243,23,2.9,,
15348,732,2.717,23,2.91,,
15363,733,3.372,15,2.91,,
15378,734,-5.056,15,2.91,,
15406,735,-3.132,28,2.92,,
15417,736,-2.84,11,2.92,,
15435,737,4.944,18,2.92,,
15452,738,-0.234,17,2.92,,
15478,739,3.009,26,2.93,,
15500,740,4.557,22,2.93,,
15517,741,0.007,17,2.93,,
15535,742,0.54,18,2.94,,
15561,743,0.614,26,2.94,,
15587,744,1.654,26,2.95,,
15601,745,3.654,14,2.95,,
15636,746,-0.231,35,2.95,,
15654,747,-2.381,18,2.96,,
15667,748,2.725,13,2.96,,
15696,749,-1.914,29,2.96,,
15720,750,-1.175,24,2.97,,
15750,751,11.248,30,2.97,,
15763,752,2.503,13,2.97,,
15797,753,3.439,34,2.98,,
15818,754,-2.899,21,2.98,,
15829,755,-2.077,11,2.98,,
15843,756,3.227,14,2.99,,
15867,757,1.646,24,2.99,,
15885,758,-0.267,18,2.99,,
15942,759,26.588,57,3.0,,
15965,760,4.328,23,3.01,,
15976,761,1.372,11,3.01,,
15998,762,0.896,22,3.01,,
16023,763,4.161,25,3.01,,
16045,764,-0.108,22,3.02,,
16055,765,-2.492,10,3.02,,
16067,766,-1.85,12,3.02,,
16088,767,-0.843,21,3.03,,
16112,768,5.129,24,3.03,,
16135,769,10.211,23,3.03,,
16152,770,6.662,17,3.04,,
16176,771,-8.548,24,3.04,,
16226,772,4.154,50,3.05,,
16240,773,2.611,14,3.05,,
16260,774,2.865,20,3.05,,
16294,775,15.14,34,3.06,,
16321,776,-3.59,27,3.06,,
16350,777,10.979,29,3.07,,
16361,778,-1.887,11,3.07,,
16382,779,1.158,21,3.07,,
16415,780,0.12,33,3.08,,
16436,781,5.321,21,3.08,,
16480,782,30.458,44,3.09,,
16493,783,-2.523,13,3.09,,
16516,784,-1.083,23,3.1,,
16527,785,-1.934,11,3.1,,
16544,786,-8.002,17,3.1,,
16558,787,-0.853,14,3.1,,
16581,788,-3.959,23,3.11,,
16628,789,16.431,47,3.12,,
16650,790,-1.884,22,3.12,,
16668,791,7.314,18,3.12,,
16699,792,12.211,31,3.13,,
16716,793,-7.065,17,3.13,,
16733,794,5.381,17,3.13,,
16748,795,-1.035,15,3.14,,
16763,796,0.924,15,3.14,,
16774,797,-0.533,11,3.14,,
16791,798,-5.444,17,3.14,,
16814,799,-2.038,23,3.15,,
16847,800,10.189,33,3.15,,
16872,801,7.526,25,3.16,,
16899,802,7.473,27,3.16,,
16912,803,-0.292,13,3.16,,
16936,804,-3.832,24,3.17,,
16970,805,10.33,34,3.17,,
16979,806,-2.415,9,3.17,,
16995,807,2.724,16,3.18,,
17010,808,1.096,15,3.18,,
17023,809,-2.526,13,3.18,,
17048,810,-2.535,25,3.18,,
17064,811,-1.661,16,3.19,,
17075,812,-1.531,11,3.19,,
17093,813,0.695,18,3.19,,
17107,814,3.493,14,3.19,,
17129,815,-2.887,22,3.2,,
17142,816,-2.014,13,3.2,,
17170,817,5.531,28,3.2,,
17182,818,0.457,12,3.21,,
17200,819,-4.102,18,3.21,,
17219,820,2.134,19,3.21,,
17237,821,3.852,18,3.22,,
17245,822,-2.243,8,3.22,,
17264,823,7.009,19,3.22,,
17282,824,1.1,18,3.23,,
17308,825,-3.997,26,3.24,,
17318,826,-2.363,10,3.24,,
17337,827,-1.743,19,3.24,,
17385,828,30.628,48,3.25,,
17406,829,0.114,21,3.25,,
17430,830,-8.352,24,3.26,,
17448,831,-2.141,18,3.26,,
17462,832,-0.276,14,3.26,,
17485,833,-4.267,23,3.26,,
17497,834,-0.026,12,3.27,,
17517,835,-6.77,20,3.27,,
17532,836,0.339,15,3.27,,
17545,837,-6.377,13,3.27,,
17565,838,-2.39,20,3.28,,
17581,839,-5.431,16,3.28,,
17614,840,2.062,33,3.29,,
17624,841,-2.731,10,3.29,,
17640,842,0.501,16,3.29,,
17686,843,16.162,46,3.3,,
17700,844,0.488,14,3.3,,
17716,845,-1.538,16,3.3,,
17730,846,1.281,14,3.3,,
17739,847,-6.17,9,3.31,,
17761,848,5.341,22,3.31,,
17778,849,3.991,17,3.31,,
17799,850,-4.488,21,3.32,,
17824,851,3.843,25,3.32,,
17858,852,4.827,34,3.33,,
17881,853,-4.03,23,3.33,,
17900,854,3.817,19,3.33,,
17921,855,2.867,21,3.34,,
17935,856,-3.064,14,3.34,,
17950,857,2.103,15,3.34,,
17964,858,-0.663,14,3.34,,
17982,859,-1.978,18,3.35,,
17994,860,1.819,12,3.35,,
18004,861,-0.77,10,3.35,,
18026,862,5.392,22,3.35,,
18040,863,1.518,14,3.36,,
18060,864,-2.287,20,3.36,,
18076,865,-3.997,16,3.36,,
18102,866,17.245,26,3.37,,
18126,867,-5.458,24,3.37,,
18138,868,-2.022,12,3.37,,
18148,869,-0.582,10,3.38,,
18163,870,-2.549,15,3.38,,
18179,871,3.814,16,3.39,,
18198,872,0.97,19,3.39,,
18221,873,8.847,23,3.4,,
18243,874,-2.519,22,3.4,,
18263,875,-1.67,20,3.41,,
18286,876,-1.993,23,3.41,,
18309,877,-5.866,23,3.42,,
18331,878,6.478,22,3.42,,
18351,879,-3.991,20,3.43,,
18362,880,-2.651,11,3.43,,
18379,881,1.543,17,3.43,,
18411,882,12.473,32,3.44,,
18430,883,5.533,19,3.44,,
18445,884,-4.845,15,3.45,,
18456,885,-0.585,11,3.45,,
18492,886,-3.831,36,3.45,,
18513,887,-0.056,21,3.46,,
18526,888,-1.475,13,3.46,,
18542,889,-4.102,16,3.46,,
18566,890,0.571,24,3.46,,
18593,891,10.142,27,3.47,,
18624,892,9.948,31,3.47,,
18653,893,2.527,29,3.48,,
18675,894,-2.585,22,3.48,,
18692,895,-8.603,17,3.48,,
18715,896,2.55,23,3.49,,
18732,897,-2.683,17,3.49,,
18743,898,-0.901,11,3.49,,
18757,899,-6.122,14,3.49,,
18774,900,0.135,17,3.5,,
18790,901,-5.942,16,3.5,,
18805,902,-2.673,15,3.5,,
18829,903,-5.761,24,3.51,,
18854,904,6.983,25,3.51,,
18868,905,-2.974,14,3.51,,
18885,906,3.813,17,3.52,,
18897,907,-2.778,12,3.52,,
18937,908,11.173,40,3.52,,
18955,909,4.195,18,3.53,,
18975,910,1.415,20,3.53,,
18996,911,-4.061,21,3.53,,
19025,912,15.928,29,3.54,,
19049,913,3.573,24,3.54,,
19081,914,5.283,32,3.55,,
19090,915,-2.918,9,3.55,,
19100,916,-1.802,10,3.55,,
19135,917,-4.903,35,3.56,,
19180,918,17.596,45,3.56,,
19212,919,3.954,32,3.57,,
19239,920,4.205,27,3.57,,
19265,921,-0.72,26,3.58,,
19276,922,-1.696,11,3.58,,
19287,923,-2.838,11,3.58,,
19300,924,-8.272,13,3.58,,
19328,925,-0.53,28,3.59,,
19339,926,-1.542,11,3.59,,
19369,927,10.097,30,3.59,,
19391,928,9.135,22,3.6,,
19406,929,2.223,15,3.6,,
19423,930,4.187,17,3.6,,
19453,931,1.484,30,3.61,,
19480,932,2.234,27,3.61,,
19499,933,5.263,19,3.61,,
19518,934,3.077,19,3.62,,
19531,935,0.443,13,3.62,,
19552,936,-2.848,21,3.62,,
19563,937,-2.102,11,3.62,,
19574,938,-4.755,11,3.63,,
19611,939,13.012,37,3.63,,
19630,940,7.09,19,3.64,,
19642,941,0.703,12,3.64,,
19652,942,-2.795,10,3.64,,
19670,943,-7.872,18,3.64,,
19691,944,-1.999,21,3.65,,
19706,945,-5.169,15,3.65,,
19718,946,-2.139,12,3.65,,
19731,947,1.006,13,3.65,,
19745,948,-1.31,14,3.66,,
19794,949,-1.96,49,3.66,,
19817,950,-0.929,23,3.67,,
19843,951,-3.061,26,3.67,,
19877,952,3.908,34,3.68,,
19901,953,0.183,24,3.68,,
19920,954,-3.706,19,3.69,,
19940,955,1.357,20,3.69,,
19956,956,-2.745,16,3.69,,
19995,957,6.387,39,3.7,,
20016,958,1.033,21,3.89,,
20029,959,-0.824,13,3.89,,
20076,960,8.924,47,3.9,,
20090,961,2.159,14,3.91,,
20105,962,-1.209,15,3.91,,
20123,963,-4.58,18,3.91,,
20147,964,3.985,24,3.92,,
20200,965,7.845,53,3.93,,
20221,966,2.184,21,3.93,,
20248,967,3.762,27,3.93,,
20286,968,6.175,38,3.94,,
20311,969,6.076,25,3.94,,
20324,970,-1.33,13,3.95,,
20336,971,-1.845,12,3.95,,
20349,972,-7.707,13,3.95,,
20366,973,-1.938,17,3.95,,
20395,974,-3.79,29,3.96,,
20422,975,12.539,27,3.96,,
20447,976,-0.325,25,3.97,,
20455,977,-2.011,8,3.97,,
20476,978,3.566,21,3.97,,
20492,979,1.823,16,3.97,,
20515,980,3.064,23,3.98,,
20526,981,-0.857,11,3.98,,
20547,982,-3.478,21,3.98,,
20565,983,0.078,18,3.98,,
20579,984,-5.31,14,3.99,,
20597,985,2.74,18,3.99,,
20645,986,-1.53,48,4.0,,
20665,987,1.371,20,4.0,,
20680,988,-2.303,15,4.01,,
20702,989,6.379,22,4.01,,
20719,990,1.577,17,4.01,,
20741,991,-3.051,22,4.02,,
20750,992,-1.147,9,4.02,,
20767,993,3.916,17,4.02,,
20782,994,1.904,15,4.02,,
20828,995,16.18,46,4.03,,
20843,996,-0.236,15,4.03,,
20866,997,2.443,23,4.04,,
20875,998,-3.637,9,4.04,,
20887,999,1.549,12,4.04,,
20921,1000,9.698,34,4.04,,
20933,1001,1.193,12,4.05,,
20958,1002,-0.928,25,4.05,,
20973,1003,-4.394,15,4.05,,
20989,1004,4.828,16,4.06,,
21020,1005,9.452,31,4.06,,
21033,1006,1.095,13,4.06,,
21070,1007,21.224,37,4.07,,
21084,1008,2.893,14,4.07,,
21106,1009,13.034,22,4.07,,
21139,1010,7.679,33,4.08,,
21157,1011,7.262,18,4.08,,
21184,1012,2.925,27,4.09,,
21196,1013,0.621,12,4.09,,
21213,1014,-6.74,17,4.09,,
21224,1015,0.195,11,4.09,,
21250,1016,8.876,26,4.1,,
21260,1017,-3.187,10,4.1,,
21275,1018,-1.429,15,4.1,,
21291,1019,2.688,16,4.1,,
21307,1020,1.759,16,4.11,,
21325,1021,-4.142,18,4.11,,
21339,1022,-0.239,14,4.11,,
21359,1023,0.421,20,4.12,,
21387,1024,-0.52,28,4.12,,
21397,1025,-4.984,10,4.12,,
21436,1026,7.73,39,4.13,,
21456,1027,4.418,20,4.13,,
21477,1028,0.954,21,4.14,,
21503,1029,9.314,26,4.14,,
21543,1030,4.692,40,4.15,,
21569,1031,-0.82,26,4.15,,
21582,1032,-2.743,13,4.15,,
21606,1033,-1.643,24,4.16,,
21642,1034,15.021,36,4.16,,
21660,1035,-4.496,18,4.17,,
21676,1036,1.294,16,4.17,,
21697,1037,-5.553,21,4.17,,
21707,1038,-0.415,10,4.17,,
21726,1039,7.042,19,4.18,,
21743,1040,7.393,17,4.18,,
21758,1041,0.604,15,4.18,,
21772,1042,-1.59,14,4.18,,
21788,1043,-4.669,16,4.19,,
21797,1044,-3.464,9,4.19,,
21808,1045,0.134,11,4.19,,
21827,1046,6.061,19,4.19,,
21853,1047,4.05,26,4.2,,
21867,1048,1.192,14,4.2,,
21895,1049,6.093,28,4.2,,
21909,1050,-3.174,14,4.21,,
21936,1051,-7.06,27,4.21,,
21951,1052,3.737,15,4.21,,
21972,1053,-0.068,21,4.22,,
21994,1054,-5.375,22,4.22,,
22019,1055,-6.679,25,4.22,,
22044,1056,-2.628,25,4.23,,
22064,1057,-2.435,20,4.23,,
22080,1058,-0.199,16,4.23,,
22089,1059,-2.883,9,4.23,,
22105,1060,1.471,16,4.24,,
22118,1061,1.726,13,4.24,,
22148,1062,7.851,30,4.24,,
22159,1063,0.741,11,4.25,,
22195,1064,7.696,36,4.25,,
22219,1065,6.224,24,4.26,,
22233,1066,3.871,14,4.26,,
22252,1067,3.073,19,4.26,,
22287,1068,14.26,35,4.27,,
22301,1069,-8.06,14,4.27,,
22323,1070,5.504,22,4.28,,
22335,1071,-0.358,12,4.28,,
22353,1072,4.122,18,4.28,,
22367,1073,1.596,14,4.28,,
22387,1074,4.281,20,4.29,,
22410,1075,10.037,23,4.29,,
22427,1076,1.828,17,4.29,,
22442,1077,4.048,15,4.3,,
22468,1078,-3.307,26,4.3,,
22501,1079,14.145,33,4.31,,
22524,1080,-3.495,23,4.32,,
22538,1081,2.072,14,4.32,,
22557,1082,-7.052,19,4.32,,
22583,1083,-1.631,26,4.33,,
22598,1084,1.673,15,4.33,,
22613,1085,2.218,15,4.33,,
22629,1086,0.163,16,4.33,,
22646,1087,5.304,17,4.34,,
22668,1088,-3.306,22,4.34,,
22693,1089,0.512,25,4.35,,
22713,1090,5.07,20,4.35,,
22727,1091,-0.709,14,4.35,,
22746,1092,5.02,19,4.35,,
22762,1093,2.834,16,4.36,,
22779,1094,6.388,17,4.36,,
22793,1095,2.703,14,4.36,,
22806,1096,-1.324,13,4.36,,
22839,1097,-3.515,33,4.37,,
22856,1098,3.301,17,4.37,,
22871,1099,0.336,15,4.37,,
22891,1100,5.715,20,4.38,,
22911,1101,-0.924,20,4.38,,
22926,1102,3.674,15,4.38,,
22937,1103,-3.676,11,4.39,,
22958,1104,8.679,21,4.39,,
22983,1105,1.32,25,4.39,,
23005,1106,6.352,22,4.4,,
23026,1107,-2.516,21,4.4,,
23051,1108,5.286,25,4.41,,
23062,1109,-1.843,11,4.41,,
23079,1110,-1.226,17,4.41,,
23097,1111,-4.162,18,4.41,,
23122,1112,2.115,25,4.42,,
23159,1113,8.597,37,4.42,,
23171,1114,-2.303,12,4.42,,
23191,1115,4.702,20,4.43,,
23204,1116,-0.85,13,4.43,,
23257,1117,1.826,53,4.44,,
23283,1118,5.576,26,4.44,,
23298,1119,4.044,15,4.44,,
23337,1120,12.859,39,4.45,,
23357,1121,3.159,20,4.45,,
23393,1122,9.352,36,4.46,,
23415,1123,-4.723,22,4.46,,
23447,1124,17.982,32,4.47,,
23480,1125,4.727,33,4.47,,
23496,1126,-9.248,16,4.48,,
23547,1127,13.463,51,4.48,,
23570,1128,3.167,23,4.49,,
23584,1129,-3.897,14,4.49,,
23604,1130,5.744,20,4.49,,
23618,1131,-0.913,14,4.5,,
23653,1132,7.455,35,4.5,,
23668,1133,0.33,15,4.5,,
23685,1134,-2.715,17,4.51,,
23700,1135,-3.327,15,4.51,,
23738,1136,14.706,38,4.51,,
23765,1137,6.009,27,4.52,,
23792,1138,-5.215,27,4.52,,
23825,1139,-2.196,33,4.53,,
23836,1140,-1.625,11,4.53,,
23855,1141,3.523,19,4.53,,
23887,1142,-1.305,32,4.54,,
23904,1143,4.549,17,4.54,,
23932,1144,12.758,28,4.55,,
23948,1145,0.924,16,4.55,,
23968,1146,-1.226,20,4.55,,
23985,1147,-3.032,17,4.55,,
24014,1148,14.296,29,4.56,,
24043,1149,-3.267,29,4.56,,
24066,1150,-0.596,23,4.57,,
24083,1151,1.258,17,4.57,,
24096,1152,0.497,13,4.57,,
24112,1153,0.374,16,4.57,,
24140,1154,-1.087,28,4.59,,
24160,1155,0.478,20,4.59,,
24175,1156,3.404,15,4.59,,
24207,1157,13.767,32,4.6,,
24255,1158,5.389,48,4.61,,
24290,1159,3.92,35,4.61,,
24310,1160,5.227,20,4.61,,
24342,1161,-6.126,32,4.62,,
24362,1162,-4.15,20,4.62,,
24381,1163,4.025,19,4.63,,
24395,1164,-0.441,14,4.63,,
24414,1165,-3.082,19,4.63,,
24430,1166,0.165,16,4.63,,
24450,1167,3.762,20,4.64,,
24477,1168,3.065,27,4.64,,
24498,1169,-2.25,21,4.65,,
24510,1170,-1.756,12,4.65,,
24535,1171,7.557,25,4.65,,
24551,1172,-9.073,16,4.65,,
24574,1173,4.15,23,4.66,,
24585,1174,-0.418,11,4.66,,
24600,1175,-1.013,15,4.66,,
24624,1176,-2.149,24,4.67,,
24634,1177,-0.352,10,4.67,,
24669,1178,18.588,35,4.68,,
24683,1179,-0.318,14,4.68,,
24708,1180,7.346,25,4.68,,
24732,1181,-4.242,24,4.69,,
24743,1182,-1.834,11,4.69,,
24766,1183,-1.268,23,4.69,,
24790,1184,-0.064,24,4.69,,
24842,1185,14.331,52,4.7,,
24861,1186,0.013,19,4.71,,
24889,1187,0.308,28,4.71,,
24905,1188,-2.549,16,4.71,,
24923,1189,-2.713,18,4.72,,
24945,1190,1.995,22,4.72,,
24973,1191,14.19,28,4.73,,
24986,1192,-1.129,13,4.73,,
25009,1193,8.504,23,4.95,0.705478,0.342793
25132,1194,227.365,123,5.97,0.241887,-0.059293
25201,1195,-11.032,69,6.5,0.130817,-0.568043
25270,1196,-15.374,69,7.03,0.117688,-0.694441
25338,1197,-9.881,68,7.55,0.109547,-0.82964
25440,1198,-40.183,102,8.31,0.10973,-0.975006
25594,1199,271.374,154,9.47,0.131164,-1.218503
25803,1200,95.16,209,11.04,0.171203,-1.703719
25871,1201,-10.189,68,11.53,0.213478,-2.10624
25936,1202,-6.767,65,12.01,0.242754,-2.286575
26025,1203,-35.345,89,12.66,0.270792,-2.511101
26094,1204,-11.645,69,13.2,0.298756,-2.763164
26158,1205,-8.841,64,13.71,0.35482,-2.901407
26242,1206,-34.853,84,14.38,0.364651,-3.159715
26484,1207,126.6,242,16.37,0.482619,-3.729098
26649,1208,93.137,165,17.65,0.65401,-4.457387
26879,1209,355.761,230,19.37,0.863318,-5.129741
27203,1210,214.122,324,21.67,1.138987,-6.003591
27482,1211,412.942,279,23.73,1.402185,-6.913097
27758,1212,398.465,276,25.69,1.604594,-7.860288
28009,1213,131.267,251,27.44,1.801503,-8.660793
28341,1214,230.682,332,29.87,2.003713,-9.493301
28835,1215,656.603,494,33.49,2.279711,-10.73756
29031,1216,347.199,196,34.89,2.687939,-11.784436
29236,1217,81.968,205,36.32,2.664741,-12.476437
29422,1218,309.179,186,37.69,2.945811,-13.012185
29601,1219,302.658,179,39.01,3.201261,-13.575028
30601,1220,901.187,1000,48.99,3.691537,-15.387258
30760,1221,275.285,159,50.15,3.967487,-17.101919
30875,1222,9.895,115,50.95,4.321656,-17.433205
30958,1223,-29.711,83,51.5,4.070037,-17.847282
31958,1224,799.996,1000,58.37,4.649318,-19.800323
32082,1225,193.185,124,59.26,4.738744,-21.575748
32212,1226,201.887,130,60.16,4.754692,-21.951183
32366,1227,238.84,154,61.25,5.28977,-22.398188
32487,1228,209.635,121,62.1,5.014823,-22.790163
32596,1229,199.322,109,62.9,5.122703,-23.231687
32695,1230,189.793,99,63.6,5.736521,-23.550818
32795,1231,159.62,100,64.35,5.476265,-23.80447
32902,1232,184.192,107,65.17,5.689039,-24.175482
33033,1233,200.416,131,66.16,5.645379,-24.460638
33154,1234,208.004,121,67.1,6.030277,-24.865906
33264,1235,192.628,110,67.93,5.766517,-25.218796
33379,1236,168.714,115,68.79,5.897132,-25.612694
33499,1237,183.525,120,69.61,6.434926,-26.006808
33615,1238,202.261,116,70.37,6.05403,-26.385494
33733,1239,191.733,118,71.16,6.181198,-26.72911
33805,1240,134.067,72,71.66,6.852955,-26.923817
33896,1241,154.663,91,72.24,6.899499,-27.313034
33976,1242,109.407,80,72.8,7.092632,-27.417771
34084,1243,171.937,108,73.56,7.082393,-27.716416
34139,1244,94.091,55,73.97,7.007104,-27.842485
34207,1245,118.775,68,74.44,7.482501,-28.13502
34282,1246,133.611,75,74.97,7.12809,-28.402043
34348,1247,111.027,66,75.47,7.079425,-28.58676
34415,1248,119.483,67,75.99,7.69383,-28.759134
34493,1249,125.799,78,76.54,7.101473,-29.003789
34721,1250,253.186,228,78.19,7.185252,-29.455343
34789,1251,103.583,68,78.61,7.26153,-29.870686
34880,1252,117.603,91,79.19,7.254317,-30.299243
34953,1253,137.33,73,79.65,8.218863,-30.405971
35397,1254,74.805,444,82.48,8.071562,-31.200141
35509,1255,154.93,112,83.28,8.512933,-31.895674
35943,1256,459.051,434,86.3,8.685376,-32.730001
36047,1257,171.79,104,87.01,8.740705,-33.433588
36191,1258,219.998,144,87.92,8.998467,-33.882196
36432,1259,233.765,241,89.44,9.80118,-34.312021
36616,1260,19.599,184,90.58,10.020078,-34.911598
36708,1261,124.081,92,91.17,10.336799,-35.184383
36803,1262,180.569,95,91.82,10.693347,-35.487032
36884,1263,134.029,81,92.4,10.170794,-35.727163
37103,1264,358.112,219,93.93,10.409163,-36.186608
37223,1265,204.577,120,94.78,10.497015,-36.65679
37357,1266,245.18,134,95.71,10.941365,-36.971122
37509,1267,242.198,152,96.73,11.159797,-37.378935
37576,1268,112.291,67,97.17,11.413482,-37.47266
37751,1269,290.536,175,98.32,11.472877,-37.961316
37882,1270,237.34,131,99.2,11.358585,-38.453464
37971,1271,181.069,89,99.8,11.511055,-38.754232
38087,1272,209.049,116,100.57,12.131043,-38.865527
38181,1273,194.695,94,101.24,12.536086,-39.295152
38244,1274,127.009,63,101.66,12.594764,-39.508184
38316,1275,120.087,72,102.18,12.198466,-39.604265
38450,1276,234.663,134,103.17,13.214562,-39.787908
38698,1277,139.333,248,105.58,13.109342,-40.345014
38823,1278,242.574,125,106.63,13.864216,-40.82675
38923,1279,169.325,100,107.24,13.050876,-41.225082
39105,1280,288.301,182,108.38,12.994716,-41.500962
39309,1281,315.756,204,109.69,14.317951,-42.021135
39467,1282,253.899,158,110.78,15.083626,-42.413947
39866,1283,291.905,399,113.54,14.752044,-43.096737
40136,1284,166.192,270,116.09,15.051554,-43.834582
40296,1285,279.453,160,117.08,15.112155,-44.43725
40469,1286,292.748,173,118.25,15.285299,-44.696797
40581,1287,46.743,112,119.03,14.356455,-45.100575
40726,1288,268.882,145,120.02,15.297633,-45.323624
41076,1289,232.12,350,122.48,15.704836,-45.971186
41214,1290,250.746,138,123.41,14.982184,-46.46732
41355,1291,249.055,141,124.29,16.60404,-46.784632
41489,1292,246.109,134,125.13,16.440177,-47.017691
41595,1293,204.389,106,125.79,15.666183,-47.36948
41682,1294,110.84,87,126.37,18.974484,-47.422798
42071,1295,489.772,389,129.13,17.051256,-47.979
42666,1296,775.18,595,133.25,16.843845,-48.971466
42856,1297,301.876,190,134.45,17.619986,-49.781366
42922,1298,126.965,66,134.87,17.533829,-49.991357
43089,1299,276.659,167,135.92,16.858315,-50.325153
43242,1300,269.924,153,136.97,19.321127,-50.605753
43319,1301,144.495,77,137.51,19.551347,-50.696894
43446,1302,228.069,127,138.43,18.920503,-50.901812
43913,1303,484.425,467,141.81,18.249019,-51.460568
44039,1304,231.197,126,142.59,18.092268,-52.157291
44147,1305,133.13,108,143.28,18.035694,-52.262804
44267,1306,222.736,120,144.06,18.472744,-52.437383
44448,1307,201.607,181,145.28,19.117015,-52.676201
44661,1308,244.781,213,146.79,18.464277,-53.016277
44869,1309,202.43,208,148.21,20.133796,-53.336102
45085,1310,157.951,216,149.78,18.337855,-53.651518
45206,1311,210.457,121,150.58,18.689895,-53.862603
45310,1312,175.882,104,151.23,18.578912,-54.175617
45601,1313,63.369,291,153.04,19.872858,-54.464545
45700,1314,189.102,99,153.66,18.601916,-54.683133
45819,1315,210.467,119,154.41,19.395634,-54.841717
46819,1316,844.505,1000,161.3,19.586932,-55.871131
46878,1317,102.621,59,161.68,20.64684,-56.830761
47021,1318,238.501,143,162.56,19.887701,-56.871967
47178,1319,24.488,157,163.53,20.216694,-57.083497
47354,1320,296.486,176,164.83,19.75329,-57.202025
47599,1321,362.143,245,166.58,20.07043,-57.581294
47756,1322,241.617,157,167.73,21.00886,-58.110958
47923,1323,293.41,167,168.87,18.971313,-58.378144
48053,1324,87.498,130,169.73,21.000778,-58.557114
48219,1325,282.399,166,170.8,20.576212,-59.000466
48429,1326,327.463,210,172.13,21.003869,-59.14009
48681,1327,86.259,252,173.86,21.857001,-59.459284
48799,1328,229.746,118,174.67,21.913511,-59.701772
48885,1329,157.695,86,175.29,21.638401,-60.033693
48973,1330,171.172,88,175.88,21.486443,-59.893199
49059,1331,174.258,86,176.48,22.047459,-60.293523
49158,1332,166.665,99,177.16,21.459224,-60.622753
49396,1333,67.718,238,178.61,22.190235,-60.565515
49500,1334,205.873,104,179.26,23.579079,-60.892477
49652,1335,273.671,152,180.19,23.140854,-61.016467
49726,1336,144.211,74,180.65,21.205848,-61.197888
49852,1337,236.621,126,181.44,22.716403,-61.386995
49912,1338,117.805,60,181.82,22.88635,-61.585742
50007,1339,189.762,95,183.01,22.121046,-61.386739
50104,1340,198.928,97,183.74,21.871596,-61.96428
50208,1341,205.995,104,184.48,24.375769,-62.157639
50308,1342,202.481,100,185.2,24.199455,-62.355055
50433,1343,237.691,125,186.06,21.122373,-62.368259
50609,1344,303.913,176,187.15,24.403707,-62.631151
50764,1345,265.981,155,188.12,23.774765,-63.073684
50917,1346,275.149,153,189.08,23.346603,-63.208647
51016,1347,196.467,99,189.72,24.426151,-63.564863
51137,1348,229.151,121,190.52,23.577913,-63.574966
51251,1349,210.531,114,191.25,22.330265,-64.211107
51352,1350,197.51,101,191.92,23.00099,-64.220199
51481,1351,216.645,129,192.73,24.137734,-64.273818
51630,1352,257.262,149,193.76,24.104523,-64.38139
51732,1353,200.96,102,194.47,24.138194,-64.460867
51814,1354,163.283,82,195.0,24.389029,-64.785276
51880,1355,105.308,66,195.45,23.912666,-65.107698
52053,1356,83.755,173,196.6,23.72126,-65.365643
52237,1357,281.422,184,197.81,24.365885,-65.481259
52313,1358,137.417,76,198.32,23.691581,-65.869058
52410,1359,200.965,97,198.95,23.83955,-66.05383
52490,1360,138.938,80,199.5,22.798753,-65.841741
52669,1361,292.05,179,200.72,24.218628,-66.164268
52861,1362,309.11,192,202.02,23.682611,-66.6186
53043,1363,241.527,182,203.27,23.977974,-66.857685
53178,1364,253.02,135,204.2,24.215845,-67.097057
53256,1365,150.682,78,204.84,23.897979,-67.484195
53335,1366,150.27,79,205.45,23.505317,-67.412824
53461,1367,247.167,126,206.41,23.454954,-67.504684
53582,1368,34.512,121,207.34,24.690814,-67.449899
53667,1369,163.891,85,208.03,25.017587,-67.911094
53759,1370,185.719,92,208.75,23.991301,-67.494276
53836,1371,129.75,77,209.33,23.732993,-68.115278
53936,1372,197.857,100,210.12,25.043217,-68.088542
54095,1373,268.07,159,211.32,24.067337,-68.18929
54210,1374,230.02,115,212.17,24.612945,-68.152099
54353,1375,33.679,143,213.25,25.234674,-68.584728
54429,1376,128.472,76,213.88,24.733473,-68.630231
54549,1377,186.388,120,214.87,25.394266,-68.866646
54617,1378,89.519,68,215.43,23.541667,-69.008842
54751,1379,166.053,134,216.52,24.157174,-69.04728
54907,1380,267.847,156,217.83,25.288902,-69.19107
54984,1381,134.824,77,218.39,26.266561,-69.393196
55054,1382,118.511,70,218.93,26.148038,-69.439852
55195,1383,239.637,141,220.0,24.98204,-69.767813
55369,1384,299.003,174,221.28,25.023251,-69.768185
55462,1385,190.572,93,221.95,25.414798,-69.710563
55607,1386,282.744,145,223.09,25.063646,-69.848326
55669,1387,82.423,62,223.59,25.860812,-70.026948
55743,1388,121.804,74,224.21,24.585805,-70.138703
55826,1389,156.645,83,224.85,25.0945,-70.342027
55940,1390,204.907,114,225.76,25.562797,-70.309625
56034,1391,179.074,94,226.53,24.654345,-70.452019
56127,1392,177.122,93,227.29,25.589758,-70.637662
56370,1393,350.873,243,229.12,24.683281,-70.773644
56461,1394,151.357,91,229.79,23.370683,-71.02737
56564,1395,188.612,103,230.55,24.793275,-71.067969
56673,1396,210.383,109,231.39,24.669878,-71.383693
56907,1397,290.213,234,233.17,24.031376,-71.578629
57001,1398,176.93,94,233.88,25.237076,-71.114443
57080,1399,140.434,79,234.47,25.263398,-71.654515
57212,1400,229.273,132,235.33,24.248794,-72.075569
57300,1401,140.037,88,235.9,24.287314,-71.87421
57368,1402,93.467,68,236.37,24.427281,-71.922329
57495,1403,230.732,127,237.27,23.7538,-72.259538
57602,1404,202.889,107,238.12,24.468122,-72.157831
57700,1405,161.989,98,238.92,25.756887,-72.19492
57793,1406,170.003,93,239.74,23.781753,-72.576055
57930,1407,257.2,137,240.91,23.583705,-72.542818
58049,1408,238.134,119,241.94,24.02568,-72.837343
58144,1409,182.756,95,242.67,24.214038,-72.876373
58307,1410,275.471,163,243.84,24.186045,-73.095258
58458,1411,255.843,151,244.94,24.854817,-73.22247
58591,1412,234.629,133,245.92,23.451219,-73.434236
58689,1413,198.046,98,246.66,23.674885,-73.361966
58770,1414,107.081,81,247.33,23.510661,-73.737434
58862,1415,166.059,92,248.03,23.01709,-73.560843
58942,1416,110.878,80,248.56,25.528974,-73.870107
59045,1417,181.67,103,249.31,24.318827,-73.617922
59192,1418,290.184,147,250.44,23.362216,-73.728289
59383,1419,334.811,191,251.93,24.593527,-74.105481
59526,1420,267.296,143,252.95,24.534715,-74.211267
59623,1421,174.904,97,253.61,23.612482,-74.24262
59723,1422,153.765,100,254.44,24.777843,-74.132227
59904,1423,300.248,181,255.81,23.896847,-74.549311
60034,1424,237.319,130,257.58,23.954175,-74.990332
60152,1425,212.483,118,258.51,24.218793,-74.647782
60246,1426,138.46,94,259.28,23.986897,-74.889984
60356,1427,201.309,110,260.13,23.153745,-75.072704
60452,1428,186.19,96,260.94,23.779846,-74.797899
60550,1429,194.969,98,261.71,24.088993,-75.376845
60637,1430,122.899,87,262.35,23.711304,-75.099926
60922,1431,152.178,285,264.43,23.739722,-75.68318
61028,1432,193.956,106,265.16,24.276855,-75.777599
61133,1433,201.471,105,265.88,24.364186,-75.636217
61215,1434,136.733,82,266.44,23.932724,-76.206079
61389,1435,314.839,174,267.69,23.996605,-75.92828
61550,1436,310.663,161,268.85,24.789233,-76.201699
61682,1437,234.876,132,269.79,25.072665,-76.298124
61803,1438,225.209,121,270.66,24.284432,-76.686745
62006,1439,357.123,203,272.14,24.389318,-76.691144
62218,1440,393.769,212,273.64,24.820364,-76.997397
62363,1441,288.856,145,274.66,25.267518,-77.366173
62568,1442,346.09,205,276.07,23.889219,-77.515944
62647,1443,129.632,79,276.64,23.957244,-77.877956
62823,1444,319.037,176,277.9,24.183938,-77.912594
63057,1445,428.602,234,279.6,25.204009,-78.162013
63323,1446,433.991,266,281.53,24.291772,-78.320113
63417,1447,161.923,94,282.19,24.921758,-78.391028
63577,1448,327.477,160,283.31,23.563537,-78.754053
63665,1449,162.457,88,283.93,24.134955,-78.564061
63852,1450,329.207,187,285.27,24.155544,-79.157378
63941,1451,139.857,89,285.92,24.661766,-79.422875
64045,1452,185.964,104,286.68,25.510344,-79.34424
64150,1453,182.603,105,287.43,24.277313,-79.451346
64325,1454,318.241,175,288.67,23.929352,-79.273914
64417,1455,146.657,92,289.35,26.019284,-79.550211
64524,1456,218.801,107,290.11,24.50424,-80.204709
64652,1457,258.355,128,291.04,24.425594,-80.02415
64763,1458,197.975,111,291.81,24.892482,-80.005096
64846,1459,127.551,83,292.38,24.493805,-80.070025
65003,1460,291.769,157,293.47,23.824277,-80.402318
65115,1461,189.977,112,294.25,24.529102,-80.645912
65194,1462,123.326,79,294.78,24.914556,-80.654727
65301,1463,164.552,107,295.52,24.527743,-80.77747
65461,1464,356.61,160,296.67,25.808285,-80.919281
65584,1465,238.536,123,297.59,24.505612,-81.191573
65776,1466,353.069,192,299.02,25.70901,-81.173191
65942,1467,330.338,166,300.29,25.532781,-81.375022
66062,1468,238.407,120,301.12,24.911896,-81.42345
66199,1469,262.623,137,302.06,24.97898,-81.562744
66313,1470,221.164,114,302.84,24.90687,-81.953539
66377,1471,85.782,64,303.27,24.125143,-82.060079
66474,1472,172.508,97,303.93,24.525208,-82.407363
66580,1473,172.317,106,304.65,24.61588,-82.277315
66655,1474,91.197,75,305.17,24.080967,-82.282384
66814,1475,297.291,159,306.28,24.684788,-82.295653
66975,1476,306.727,161,307.41,24.822854,-82.722113
67081,1477,203.245,106,308.16,24.909123,-82.679025
67222,1478,278.735,141,309.22,25.022681,-82.659918
67319,1479,153.884,97,309.89,23.983404,-82.76527
67403,1480,100.861,84,310.41,25.277996,-82.659822
67544,1481,299.075,141,311.29,24.92945,-83.120232
67653,1482,174.456,109,312.01,23.951526,-83.240572
67733,1483,107.26,80,312.53,25.231338,-83.481947
67831,1484,156.309,98,313.16,25.321009,-83.502801
67954,1485,217.785,123,313.97,24.434537,-83.406099
68082,1486,230.616,128,314.85,24.495313,-83.607745
68162,1487,110.818,80,315.4,24.504474,-84.069213
68244,1488,117.405,82,315.97,24.183255,-84.001671
68340,1489,133.764,96,316.64,26.280829,-84.17017
68454,1490,222.926,114,317.44,24.361937,-84.020026
68590,1491,245.541,136,318.4,25.165812,-84.269179
68685,1492,127.29,95,319.05,24.642159,-84.454599
68765,1493,89.985,80,319.54,24.846728,-84.277543
68856,1494,119.364,91,320.09,25.276185,-84.124794
68942,1495,114.062,86,320.64,24.754343,-84.921786
69021,1496,90.402,79,321.14,27.615521,-84.313218
69105,1497,149.074,84,321.68,26.241854,-84.401015
69236,1498,254.285,131,322.49,26.398471,-84.703693
69311,1499,101.299,75,322.99,26.942532,-84.921615
69401,1500,138.8,90,323.59,25.481089,-84.917899
69498,1501,199.867,97,324.24,25.687711,-84.827765
69651,1502,302.811,153,325.25,26.417607,-85.006836
69762,1503,159.142,111,325.98,25.354142,-85.251721
69853,1504,119.068,91,326.59,25.077483,-84.933109
69967,1505,175.269,114,327.36,25.751143,-85.581448
70037,1506,85.089,70,328.53,26.831232,-85.08463
70116,1507,105.513,79,329.15,28.353998,-85.392722
70204,1508,135.921,88,329.87,25.134515,-85.731391
70282,1509,97.721,78,330.52,25.143957,-85.887249
70394,1510,185.556,112,331.44,25.374012,-85.820711
70519,1511,208.564,125,332.51,27.294447,-85.775052
70597,1512,105.775,78,333.06,25.455912,-85.736964
70686,1513,131.752,89,333.68,26.429556,-86.037377
70771,1514,131.858,85,334.24,27.445378,-86.296177
70895,1515,188.861,124,335.06,25.854278,-86.731347
71038,1516,229.837,143,335.99,26.523297,-86.498297
71144,1517,222.596,106,336.67,27.723758,-86.053763
71234,1518,132.721,90,337.28,26.192506,-86.32522
71365,1519,249.386,131,338.24,25.81469,-86.668595
71487,1520,176.536,122,339.24,26.236322,-86.47574
71646,1521,251.239,159,340.51,26.047009,-87.023672
71757,1522,170.326,111,341.37,26.523653,-86.982172
71833,1523,118.588,76,341.97,28.62934,-86.811059
71920,1524,109.432,87,342.63,26.359599,-87.211327
72017,1525,155.064,97,343.34,27.200517,-86.93301
72105,1526,133.891,88,343.99,26.868434,-87.190496
72255,1527,291.083,150,345.08,27.052335,-87.387644
72391,1528,270.67,136,346.08,26.269337,-87.154014
72476,1529,114.734,85,346.66,27.30672,-87.488435
72572,1530,153.83,96,347.38,26.345285,-87.399274
72656,1531,111.339,84,347.99,27.079295,-87.73132
72747,1532,155.243,91,348.66,25.868763,-88.171692
72861,1533,204.019,114,349.46,27.747018,-87.381849
72974,1534,198.846,113,350.35,26.030442,-88.125995
73120,1535,322.752,146,351.48,28.226968,-87.795229
73234,1536,210.185,114,352.32,25.824213,-88.232828
73361,1537,231.861,127,353.23,27.411464,-88.371653
73473,1538,186.571,112,353.95,26.745995,-88.861376
73615,1539,314.728,142,354.99,27.5185,-88.44164
73730,1540,215.439,115,355.77,27.435156,-88.569387
73897,1541,323.95,167,357.1,26.556266,-88.671097
74037,1542,283.824,140,358.23,27.559108,-88.475191
74178,1543,262.381,141,359.36,27.229721,-88.836843
74329,1544,351.84,151,360.5,27.319137,-88.787621
74486,1545,353.288,157,361.77,28.075183,-89.041647
74630,1546,271.609,144,362.93,26.471644,-89.196505
74766,1547,251.398,136,364.04,26.709492,-89.116439
74905,1548,302.275,139,365.17,27.386579,-89.694629
75025,1549,208.903,120,366.22,26.697792,-89.639016
75160,1550,275.913,135,367.2,26.815953,-89.92027
75293,1551,273.055,133,368.19,27.954872,-89.949736
75453,1552,348.72,160,369.32,28.164684,-89.700703
75608,1553,316.791,155,370.55,28.284669,-90.003621
75739,1554,249.117,131,371.64,27.107775,-90.458604
75885,1555,306.132,146,372.86,27.065132,-90.690068
76114,1556,416.486,229,374.82,27.734358,-90.628111
76269,1557,296.613,155,376.12,27.580787,-90.907405
76425,1558,302.55,156,377.34,27.014117,-91.315875
76578,1559,323.304,153,378.65,26.47802,-91.755908
76711,1560,245.736,133,379.65,28.384979,-91.837039
76881,1561,345.25,170,381.04,27.711542,-91.79829
77065,1562,333.661,184,382.48,27.735291,-91.71647
77229,1563,342.481,164,383.75,27.269247,-91.82258
77437,1564,372.96,208,385.29,27.992282,-92.069687
77602,1565,343.028,165,386.49,27.234915,-92.390099
77850,1566,423.965,248,388.09,28.243722,-92.466828
78023,1567,319.25,173,389.22,28.028616,-92.840705
78195,1568,303.683,172,390.33,27.121034,-92.659513
78363,1569,347.438,168,391.45,27.638796,-92.72787
78573,1570,326.983,210,392.91,27.390183,-93.179223
78844,1571,485.258,271,394.8,26.603296,-93.686303
79002,1572,279.229,158,395.92,27.508174,-93.19158
79137,1573,241.867,135,396.8,27.912663,-93.804059
79284,1574,215.289,147,397.81,27.28828,-93.898391
79403,1575,192.169,119,398.63,26.3776,-93.810487
79768,1576,111.266,365,401.2,26.902092,-94.165448
79947,1577,300.377,179,402.54,27.949566,-94.388417
80095,1578,298.414,148,404.75,26.507523,-94.435068
80347,1579,611.564,252,406.54,26.780983,-94.463816
80563,1580,376.999,216,408.02,26.500704,-95.00324
80741,1581,314.814,178,409.22,27.707053,-94.920989
80901,1582,296.79,160,410.35,26.994205,-94.821776
81042,1583,261.856,141,411.37,27.446152,-94.809855
81256,1584,527.422,214,412.92,27.392911,-95.31751
81633,1585,658.579,377,415.45,26.917114,-95.506607
81840,1586,252.718,207,416.81,28.13312,-95.587859
82065,1587,371.781,225,418.23,26.600816,-95.670341
82191,1588,269.009,126,419.05,26.850176,-95.82813
82337,1589,268.173,146,420.11,28.156559,-96.006781
82508,1590,314.957,171,421.33,27.734599,-95.986553
82621,1591,73.931,113,422.13,27.475127,-95.334494
82736,1592,55.584,115,422.94,26.930783,-96.048633
82866,1593,240.815,130,423.81,27.674711,-95.861771
83017,1594,280.359,151,424.8,27.498296,-96.040121
83185,1595,363.979,168,425.88,27.322608,-96.333802
83385,1596,95.315,200,427.32,27.369575,-96.272474
83716,1597,777.744,331,429.7,27.411564,-96.325015
83982,1598,410.11,266,431.7,27.569341,-96.821545
84215,1599,544.274,233,433.4,28.383044,-96.199194
84327,1600,233.702,112,434.18,28.793115,-96.18638
84599,1601,642.951,272,435.99,27.603905,-96.475825
84795,1602,411.859,196,437.26,26.884589,-96.542839
85014,1603,543.486,219,438.88,26.698745,-96.592664
85201,1604,427.445,187,440.33,26.393419,-96.974226
85306,1605,189.567,105,441.14,26.083271,-97.439202
85474,1606,325.549,168,442.39,27.101424,-96.877426
85702,1607,358.221,228,443.96,27.343526,-96.876249
85906,1608,545.315,204,445.28,26.735974,-97.036535
86020,1609,32.535,114,445.98,27.975356,-96.782154
86081,1610,98.838,61,446.35,27.488114,-97.031294
86293,1611,574.154,212,447.72,26.71666,-96.845643
86403,1612,193.14,110,448.44,27.940936,-97.102719
86518,1613,199.97,115,449.24,27.130237,-97.130688
86644,1614,221.539,126,450.1,27.541678,-97.151538
86751,1615,186.044,107,450.84,26.461282,-97.620146
86853,1616,195.671,102,451.51,26.074691,-97.411147
87409,1617,408.272,556,455.04,27.351354,-97.281617
87593,1618,414.524,184,456.25,27.132507,-97.569606
87700,1619,179.957,107,456.97,27.368754,-97.309983
87827,1620,228.696,127,457.8,27.130629,-97.444286
88093,1621,649.906,266,461.62,26.54039,-97.805735
88305,1622,522.441,212,465.55,26.632518,-97.785447
88452,1623,271.213,147,468.06,27.413996,-97.410043
88655,1624,461.735,203,471.3,26.436491,-97.994982
88801,1625,254.444,146,473.56,26.650849,-97.953883
89037,1626,621.635,236,477.22,26.728846,-97.940009
89234,1627,442.882,197,480.24,26.300572,-97.542642
89452,1628,509.523,218,483.48,26.50042,-97.866684
89681,1629,565.088,229,487.01,27.111054,-98.319133
89923,1630,542.09,242,490.69,26.409918,-98.004863
90105,1631,440.034,182,495.93,26.151202,-98.004128
90346,1632,589.964,241,499.56,26.268125,-98.419891
90541,1633,462.931,195,502.59,27.344776,-98.347808
90701,1634,389.621,160,505.07,25.487348,-98.534435
90994,1635,718.429,293,509.5,25.5261,-98.687164
91114,1636,211.487,120,511.31,25.07477,-98.303178
91217,1637,168.745,103,512.87,25.152058,-98.529623
91447,1638,576.439,230,516.35,26.24303,-98.650192
91678,1639,600.469,231,519.85,26.148253,-98.901105
91851,1640,415.997,173,521.63,25.949674,-99.087413
92076,1641,578.04,225,523.63,25.928523,-98.734409
92298,1642,610.359,222,525.62,26.692873,-98.861139
92511,1643,568.69,213,527.58,25.780481,-99.236978
92686,1644,424.303,175,529.17,26.493291,-98.899297
92893,1645,434.185,207,531.09,25.701922,-99.586839
93051,1646,244.018,158,532.56,26.819409,-99.384748
93195,1647,289.577,144,533.87,27.172113,-99.362831
93416,1648,270.311,221,535.8,26.469937,-99.766487
93605,1649,450.883,189,537.43,26.758053,-99.391819
93816,1650,504.653,211,539.37,26.191334,-99.797986
94033,1651,471.655,217,541.41,26.62646,-99.791573
94217,1652,393.867,184,543.08,26.791613,-100.04855
94453,1653,605.979,236,545.11,26.508292,-99.964093
94663,1654,458.315,210,546.9,26.664431,-100.182962
94895,1655,639.719,232,549.06,25.936007,-100.269284
95151,1656,688.565,256,551.42,25.81362,-100.357562
95345,1657,427.94,194,553.1,25.309041,-100.108642
95564,1658,550.678,219,554.91,26.221191,-100.358795
95807,1659,629.9,243,557.03,26.560749,-100.729224
96030,1660,581.824,223,559.06,26.236215,-100.824968
96257,1661,566.697,227,561.15,26.141066,-100.535542
96523,1662,517.384,266,563.52,26.344125,-100.930837
96720,1663,415.74,197,565.54,25.719004,-101.249202
96936,1664,450.022,216,567.85,26.198507,-101.391504
97112,1665,383.913,176,569.74,25.113191,-101.450673
97361,1666,566.132,249,572.4,26.682372,-101.414007
97570,1667,458.075,209,574.6,26.034722,-101.696653
97809,1668,504.146,239,577.04,26.468609,-101.888631
98007,1669,461.601,198,579.07,26.360959,-101.679527
98275,1670,572.414,268,582.05,26.642428,-101.80814
98475,1671,448.081,200,584.37,26.069291,-101.939746
98739,1672,597.735,264,587.19,25.48972,-102.206724
99032,1673,628.037,293,590.28,25.632315,-102.249742
99230,1674,473.257,198,592.52,25.905327,-102.667147
99443,1675,548.554,213,594.81,25.786977,-102.843371
99630,1676,466.892,187,596.77,26.482106,-102.741753
99873,1677,578.283,243,599.25,25.854323,-102.622719
100063,1678,378.49,190,603.21,25.432564,-102.477977
100299,1679,603.989,236,605.68,26.030222,-102.73826
100426,1680,233.614,127,607.01,26.644713,-103.281357
100747,1681,642.655,321,610.35,25.607416,-103.130725
100975,1682,601.349,228,612.78,25.433748,-103.134319
101235,1683,659.666,260,615.41,25.594414,-103.429087
101452,1684,534.373,217,617.64,25.613621,-103.754941
101667,1685,565.004,215,619.77,25.927507,-103.379337
101845,1686,57.116,178,621.71,26.059893,-103.571632
102076,1687,605.773,231,625.72,25.402807,-103.859741
102192,1688,63.422,116,627.54,26.807608,-103.874299
102338,1689,280.332,146,629.84,25.762071,-104.051004
102557,1690,552.616,219,633.32,26.026234,-103.910311
102721,1691,347.096,164,635.85,27.101059,-104.325057
102942,1692,534.552,221,639.27,26.605593,-104.230125
103084,1693,250.529,142,641.46,26.021183,-104.501508
103368,1694,625.599,284,645.96,26.780554,-104.498589
103655,1695,689.782,287,650.41,26.612283,-105.014388
103935,1696,809.945,280,654.86,27.036983,-105.308191
104077,1697,293.095,142,657.14,25.853934,-105.075449
104336,1698,653.084,259,661.38,25.730352,-105.378103
104603,1699,696.954,267,665.75,26.774012,-105.722464
104850,1700,601.559,247,669.74,25.949581,-105.724301
105097,1701,661.226,247,673.79,26.813128,-106.143308
105224,1702,228.843,127,675.82,26.447443,-105.762962
105560,1703,899.758,336,681.16,26.115921,-105.911553
106025,1704,1281.454,465,688.78,26.607179,-106.623732
106244,1705,587.448,219,692.39,26.80871,-107.030561
106519,1706,781.891,275,696.84,27.060167,-106.943499
106636,1707,159.318,117,698.85,26.317658,-107.142978
106911,1708,739.596,275,703.42,26.106438,-107.227536
107144,1709,586.922,233,707.53,26.115719,-107.446236
107388,1710,701.224,244,711.43,25.962646,-107.127623
107635,1711,648.794,247,715.45,26.97645,-107.7371
107841,1712,556.538,206,718.97,27.250105,-107.733417
108037,1713,511.246,196,722.44,26.883254,-107.728252
108264,1714,641.255,227,726.41,26.572266,-107.799138
108461,1715,512.63,197,729.74,27.079193,-108.336601
108734,1716,795.375,273,734.44,26.794445,-108.344508
109130,1717,671.881,396,741.26,27.041146,-108.393896
109352,1718,609.156,222,744.93,28.2465,-108.574963
109585,1719,623.526,233,748.43,26.709907,-108.611211
109724,1720,255.916,139,750.54,26.420242,-108.940805
109909,1721,492.388,185,753.69,27.203608,-108.935391
110165,1722,708.04,256,761.18,26.856475,-109.091847
110344,1723,433.24,179,764.08,27.795468,-108.809633
110567,1724,588.046,223,767.74,27.702972,-109.250233
110826,1725,657.861,259,772.01,27.87169,-109.373254
111033,1726,507.267,207,775.35,26.93719,-109.510287
111224,1727,457.705,191,778.22,27.698365,-109.168543
111436,1728,572.107,212,781.62,27.192868,-109.820274
111651,1729,503.464,215,785.01,27.36081,-109.895524
111858,1730,566.477,207,788.24,27.222298,-109.856979
112030,1731,406.66,172,791.01,27.553652,-110.339558
112147,1732,175.758,117,792.85,27.542732,-110.440728
112391,1733,674.577,244,796.74,28.310281,-110.109559
112691,1734,782.799,300,801.66,27.520624,-110.55781
112828,1735,267.138,137,803.83,28.620004,-110.79196
112942,1736,175.102,114,805.55,27.877598,-110.282005
113159,1737,513.149,217,808.81,28.008524,-110.441003
113374,1738,544.367,215,811.99,28.102206,-110.729555
113630,1739,749.952,256,815.73,27.777628,-110.602671
113861,1740,593.208,231,819.25,28.199273,-110.960989
114069,1741,560.179,208,822.41,27.73085,-110.762045
114316,1742,590.633,247,826.21,28.731654,-111.138755
114414,1743,163.684,98,827.75,28.342179,-110.95521
114600,1744,498.388,186,830.65,28.055325,-111.401632
114799,1745,455.844,199,833.65,28.032793,-111.383972
114917,1746,205.365,118,835.51,27.806458,-111.082011
115108,1747,503.822,191,838.4,28.654376,-111.296387
115358,1748,622.695,250,842.14,27.703313,-111.385589
115572,1749,570.063,214,845.38,27.996325,-111.580245
115799,1750,600.385,227,848.85,27.391839,-112.21222
115997,1751,505.158,198,851.89,27.208583,-112.171683
116147,1752,231.858,150,854.21,28.459703,-112.196249
116365,1753,559.576,218,857.66,28.780879,-112.067705
116586,1754,589.369,221,861.0,28.527156,-111.879882
116859,1755,672.02,273,865.25,28.4347,-112.730862
117087,1756,562.525,228,868.77,27.843714,-112.47856
117302,1757,607.595,215,872.04,28.406162,-113.145592
117542,1758,572.611,240,875.74,28.089603,-112.495208
117769,1759,599.161,227,879.14,28.652475,-112.863714
117989,1760,589.889,220,882.55,27.862202,-112.965496
118255,1761,617.317,266,886.8,28.705509,-113.342244
118518,1762,650.907,263,890.77,29.002194,-113.443265
118701,1763,337.822,183,893.63,28.413499,-113.247174
118971,1764,357.83,270,897.82,28.90259,-113.17784
119215,1765,578.512,244,901.89,28.390634,-113.049535
119405,1766,536.69,190,904.74,28.464663,-113.263027
119692,1767,735.664,287,909.01,28.55223,-113.388322
119902,1768,109.005,210,912.36,28.683524,-113.478668
120076,1769,357.132,174,918.18,29.348748,-113.897907
120299,1770,550.026,223,921.61,29.500665,-113.73629
120550,1771,606.048,251,925.69,29.942589,-113.988768
120782,1772,580.007,232,929.8,29.262093,-114.312045
120990,1773,510.552,208,933.31,29.179709,-114.570198
121249,1774,602.407,259,937.81,29.13776,-114.638575
121449,1775,511.739,200,941.18,29.208551,-114.158342
121663,1776,106.432,214,944.84,29.272455,-114.981505
121876,1777,505.574,213,948.39,28.955081,-114.695446
122101,1778,577.809,225,952.37,29.617908,-114.35275
122321,1779,534.151,220,956.21,29.809314,-115.126443
122477,1780,341.917,156,958.95,29.210804,-114.729662
122742,1781,593.933,265,963.8,29.594068,-114.587258
123019,1782,789.629,277,968.94,28.487379,-115.18413
123263,1783,650.584,244,973.32,29.778843,-115.3675
123576,1784,876.42,313,975.87,29.11852,-115.58404
123828,1785,146.895,252,977.89,30.3346,-115.051625
123970,1786,335.567,142,979.09,30.303446,-115.574859
124168,1787,407.212,198,980.83,29.649962,-115.252692
124274,1788,169.933,106,981.67,30.242874,-115.186284
124436,1789,289.273,162,982.93,30.892135,-115.554333
124585,1790,236.802,149,984.08,29.22968,-115.527954
124734,1791,316.271,149,985.12,29.968057,-115.75964
124903,1792,349.209,169,986.33,29.444271,-116.227128
125123,1793,437.009,220,987.9,30.22043,-115.748736
125363,1794,522.556,240,989.61,30.045857,-116.05429
125553,1795,325.256,190,990.99,29.328982,-116.06803
125725,1796,371.351,172,992.18,30.205036,-115.630809
125867,1797,316.955,142,993.17,28.65986,-116.011302
126146,1798,687.233,279,995.11,30.46735,-115.761894
126418,1799,830.991,272,997.03,29.868473,-115.740313
126549,1800,272.06,131,997.97,30.148015,-116.022822
126755,1801,430.815,206,999.41,29.759406,-116.21294
126964,1802,519.713,209,1000.87,30.406577,-116.05642
127149,1803,385.689,185,1002.14,30.342402,-115.996249
127258,1804,199.742,109,1002.89,30.479962,-116.900656
127475,1805,472.211,217,1004.38,29.158651,-116.314318
127655,1806,341.889,180,1005.86,29.510554,-116.442228
127842,1807,506.804,187,1007.45,29.821353,-117.030433
128201,1808,986.212,359,1010.54,30.227196,-116.373544
128296,1809,112.178,95,1011.28,29.288237,-116.588141
128591,1810,702.529,295,1013.45,29.502657,-116.693641
128701,1811,189.95,110,1014.23,30.253187,-116.66798
128956,1812,678.981,255,1016.05,30.400091,-116.827498
129274,1813,949.647,318,1018.49,30.630113,-116.917334
129427,1814,299.602,153,1019.69,30.323209,-117.171166
129571,1815,319.2,144,1020.76,30.997735,-117.25663
129799,1816,66.012,228,1022.62,30.925061,-117.189018
130130,1817,714.471,331,1026.83,30.540438,-117.249542
130380,1818,760.57,250,1028.73,29.842461,-117.187792
130662,1819,471.077,282,1030.63,31.235671,-117.03783
131032,1820,683.746,370,1033.19,30.281226,-117.38859
131276,1821,635.666,244,1035.08,30.590118,-117.575611
131524,1822,615.137,248,1036.89,30.28945,-117.784232
131814,1823,932.612,290,1038.93,31.384456,-117.585862
132114,1824,965.444,300,1040.94,30.464717,-117.86719
132352,1825,672.446,238,1042.38,31.769849,-117.892017
132557,1826,465.881,205,1043.8,30.611879,-118.407721
132769,1827,537.638,212,1045.26,30.919132,-117.844638
133169,1828,839.153,400,1047.95,30.871665,-117.778718
133424,1829,709.4,255,1049.65,30.840366,-118.30804
133642,1830,483.164,218,1051.02,31.045665,-118.09337
133854,1831,556.063,212,1052.53,30.97903,-118.727995
134136,1832,781.368,282,1054.61,30.883384,-118.51665
134307,1833,209.833,171,1055.8,31.468252,-118.74652
134550,1834,647.85,243,1057.35,31.59278,-119.015642
134833,1835,711.736,283,1059.15,31.29716,-119.060883
135165,1836,820.111,332,1061.38,30.73226,-118.980269
135609,1837,992.156,444,1064.31,31.058927,-119.107913
135913,1838,846.166,304,1066.59,30.388405,-119.166464
136450,1839,1040.562,537,1070.43,30.556668,-119.703857
136671,1840,583.105,221,1071.89,30.796781,-119.968007
136929,1841,658.345,258,1073.57,30.847822,-119.695114
137070,1842,280.428,141,1074.52,31.139934,-119.625891
137535,1843,825.473,465,1077.95,31.526034,-120.036161
137833,1844,784.208,298,1080.25,30.788197,-120.28678
138099,1845,722.526,266,1082.16,31.395239,-120.148546
138480,1846,1241.599,381,1084.88,30.571436,-120.102562
138660,1847,198.477,180,1086.12,30.919859,-120.285718
139205,1848,947.5,545,1090.1,31.766007,-120.885667
139489,1849,625.215,284,1092.23,31.044273,-120.718759
139808,1850,749.034,319,1094.4,30.61653,-120.923571
139939,1851,232.929,131,1095.31,30.274907,-120.397305
140282,1852,727.17,343,1099.53,31.478625,-121.216959
140570,1853,579.404,288,1101.56,31.600735,-121.078903
140823,1854,625.37,253,1103.4,32.196776,-121.194449
141163,1855,778.785,340,1105.98,31.136497,-121.05229
141470,1856,802.279,307,1108.13,31.456214,-121.512294
141743,1857,501.469,273,1110.17,31.401382,-121.880497
141986,1858,647.686,243,1111.79,31.228863,-121.451213
142650,1859,2185.659,664,1116.23,31.266836,-121.89129
143150,1860,1184.528,500,1119.99,30.374924,-122.270516
143442,1861,781.446,292,1121.9,31.083522,-122.318898
143702,1862,695.033,260,1123.54,32.087413,-122.488004
143986,1863,781.97,284,1125.41,31.303771,-122.594581
144388,1864,826.272,402,1128.24,31.216434,-122.877616
144601,1865,491.773,213,1129.86,31.627905,-122.939769
144853,1866,670.848,252,1131.8,31.202225,-123.019635
145070,1867,446.025,217,1133.33,30.942079,-123.186554
145391,1868,767.353,321,1135.58,31.89523,-122.467048
145688,1869,805.981,297,1137.43,31.430363,-123.383705
145965,1870,676.949,277,1139.21,31.19271,-123.259197
146197,1871,581.712,232,1140.69,30.45423,-123.617802
146493,1872,836.386,296,1142.53,31.951053,-123.28681
146779,1873,798.684,286,1144.49,31.268479,-123.575252
147081,1874,841.522,302,1146.39,31.534794,-123.626336
147315,1875,606.571,234,1147.86,31.714537,-123.614279
147602,1876,795.047,287,1149.74,31.631192,-123.794015
147843,1877,657.106,241,1151.26,31.24893,-123.923564
148092,1878,628.981,249,1153.07,32.366486,-123.743921
148450,1879,1090.249,358,1155.49,31.783691,-123.938204
148770,1880,831.64,320,1157.77,30.916949,-124.127377
148893,1881,211.209,123,1158.63,31.526104,-124.510921
149002,1882,27.32,109,1159.35,31.511515,-124.650835
149343,1883,890.562,341,1161.88,30.970404,-124.616311
149618,1884,711.751,275,1163.84,30.937333,-124.732968
149945,1885,929.11,327,1165.9,31.664759,-125.128518
150277,1886,772.449,332,1169.6,32.673176,-124.665224
150681,1887,811.945,404,1172.3,31.711731,-125.163296
151010,1888,955.74,329,1174.52,31.431338,-125.066579
151256,1889,693.178,246,1176.11,32.598415,-124.751986
151513,1890,696.708,257,1177.96,32.254257,-125.481115
151746,1891,625.891,233,1179.65,31.611937,-125.761841
151986,1892,642.18,240,1181.5,33.078825,-125.428802
152343,1893,698.643,357,1183.9,31.975118,-125.6837
152665,1894,919.413,322,1186.13,32.168809,-125.699663
152913,1895,722.641,248,1187.77,32.020603,-126.049162
153095,1896,288.386,182,1189.11,32.095212,-126.379752
153422,1897,828.316,327,1191.3,31.997697,-126.471405
153745,1898,977.298,323,1193.27,31.326604,-126.465932
154028,1899,720.815,283,1194.93,32.737791,-126.496825
154347,1900,801.151,319,1197.28,31.342416,-126.611301
154517,1901,342.321,170,1198.54,32.579684,-126.875614
154761,1902,645.02,244,1200.26,32.513006,-127.069041
155067,1903,769.58,306,1202.37,33.34159,-127.263767
155365,1904,841.309,298,1204.32,31.460567,-126.779043
155541,1905,405.289,176,1205.57,31.62736,-127.17552
155691,1906,302.197,150,1206.72,32.182301,-127.117514
155862,1907,347.794,171,1207.92,32.516386,-127.380415
156182,1908,744.028,320,1210.09,32.940702,-127.057945
156494,1909,795.829,312,1212.18,32.286621,-127.768329
156723,1910,610.038,229,1213.89,32.154186,-127.583197
157050,1911,686.647,327,1216.24,31.922939,-127.650059
157314,1912,708.636,264,1218.06,31.410844,-128.079773
157622,1913,727.043,308,1220.08,31.681579,-128.116945
157880,1914,705.479,258,1221.89,31.671396,-128.181731
157997,1915,218.172,117,1222.74,31.089593,-128.238729
158259,1916,712.961,262,1224.67,32.549719,-128.353443
158647,1917,798.148,388,1227.47,31.930633,-128.227471
158847,1918,460.261,200,1228.91,32.094767,-128.083288
158919,1919,119.601,72,1229.34,32.849511,-128.908914
159082,1920,306.774,163,1230.32,32.113606,-127.857097
159370,1921,732.704,288,1232.13,32.266012,-128.461595
159701,1922,820.087,331,1234.42,32.315854,-128.733408
159904,1923,428.546,203,1235.84,32.129874,-129.04256
160078,1924,351.775,174,1238.71,31.207275,-128.985842
160349,1925,420.58,271,1240.37,32.488826,-128.902073
160599,1926,658.865,250,1242.1,33.177129,-128.687986
160806,1927,488.528,207,1243.8,31.608519,-129.173881
160980,1928,387.475,174,1245.34,32.702831,-129.581255
161264,1929,699.737,284,1247.44,32.596368,-129.380792
161573,1930,845.028,309,1249.59,32.565892,-129.303419
161808,1931,542.201,235,1251.42,32.554611,-129.172018
162072,1932,406.968,264,1253.48,32.491323,-129.609555
162351,1933,793.626,279,1255.41,32.310366,-129.542866
162656,1934,395.617,305,1257.28,31.813122,-129.64144
163022,1935,884.472,366,1259.62,32.446386,-129.645069
163382,1936,753.276,360,1261.82,31.94726,-130.026832
163648,1937,599.935,266,1263.46,32.367321,-129.598548
163834,1938,504.349,186,1264.62,31.777522,-129.74645
164108,1939,635.497,274,1266.38,32.438858,-130.397658
164306,1940,452.845,198,1267.71,31.028034,-129.841219
164638,1941,282.391,332,1269.94,32.563312,-130.076948
164931,1942,789.574,293,1271.8,33.036759,-130.38169
165216,1943,790.623,285,1273.6,32.527179,-130.362475
165573,1944,779.113,357,1276.05,32.986868,-130.769201
165915,1945,868.96,342,1278.42,33.369209,-130.540637
166160,1946,639.773,245,1280.13,31.703769,-130.641815
166280,1947,208.792,120,1280.91,32.802357,-131.395259
166564,1948,726.375,284,1282.83,32.529963,-130.836715
166920,1949,1124.956,356,1285.4,32.538502,-130.991135
167266,1950,871.298,346,1288.0,32.471217,-131.616236
167542,1951,640.785,276,1290.18,33.209358,-131.553969
167785,1952,653.193,243,1292.05,32.656169,-131.524281
168010,1953,396.988,225,1293.85,32.391972,-131.477469
168273,1954,541.064,263,1295.91,32.655678,-131.536802
168663,1955,998.676,390,1298.96,33.314174,-131.654693
169009,1956,1063.781,346,1301.73,31.970654,-132.409427
169323,1957,889.495,314,1304.23,33.57206,-132.085755
169738,1958,942.127,415,1308.27,32.544906,-132.390658
169871,1959,275.026,133,1309.33,31.648942,-132.440322
170170,1960,821.615,299,1313.95,32.200336,-132.06603
170303,1961,212.422,133,1315.02,31.774094,-132.16567
170724,1962,874.14,421,1318.54,33.004717,-132.415104
171165,1963,1000.069,441,1322.11,32.880282,-132.585901
171295,1964,252.113,130,1323.17,32.921765,-132.815681
171770,1965,1126.94,475,1327.15,32.893554,-132.772531
172001,1966,514.163,231,1329.0,33.064749,-133.053823
172174,1967,310.16,173,1330.33,32.677666,-133.056811
172519,1968,1020.27,345,1333.1,33.404567,-133.429571
172817,1969,753.292,298,1335.59,32.808453,-132.971437
173149,1970,897.402,332,1338.36,33.718326,-133.247106
173603,1971,884.94,454,1342.08,32.856877,-133.560743
174059,1972,1380.954,456,1345.55,33.123454,-133.998827
174465,1973,1213.277,406,1348.45,32.782648,-134.24896
174815,1974,1000.754,350,1350.91,34.071784,-134.616042
175122,1975,650.382,307,1353.0,32.870918,-134.559899
175220,1976,159.7,98,1353.69,33.382993,-134.805692
175471,1977,644.913,251,1355.43,32.968064,-134.37282
176141,1978,1995.148,670,1360.11,33.169502,-135.116149
176474,1979,980.262,333,1362.38,32.94133,-135.125719
176824,1980,1018.211,350,1364.84,33.232301,-135.49987
177083,1981,706.849,259,1366.66,33.031707,-135.95739
177251,1982,304.662,168,1367.82,32.524354,-136.075756
177522,1983,769.672,271,1369.65,33.273546,-135.972685
177854,1984,953.667,332,1371.9,33.478668,-135.615052
178163,1985,866.204,309,1374.04,33.413037,-135.864054
178257,1986,98.321,94,1374.75,33.785875,-136.426929
178548,1987,847.245,291,1376.83,32.721482,-136.07775
178835,1988,741.371,287,1378.79,32.678049,-136.429985
179306,1989,1396.473,471,1382.0,33.195336,-136.618728
179629,1990,820.082,323,1384.43,33.030393,-136.760014
179884,1991,668.933,255,1386.31,33.783862,-137.228762
180160,1992,779.756,276,1390.55,33.961086,-137.330298
180530,1993,1015.595,370,1393.32,32.914817,-137.348039
180813,1994,842.854,283,1395.7,33.810053,-137.882272
181115,1995,821.964,302,1398.0,33.765624,-137.926787
181388,1996,727.352,273,1400.0,33.653052,-137.84608
181453,1997,84.791,65,1400.49,33.411588,-137.690012
181569,1998,231.086,116,1401.34,34.258927,-138.417517
181830,1999,695.667,261,1403.25,32.672131,-137.683449
181894,2000,72.147,64,1403.72,32.942706,-137.997186
182158,2001,738.494,264,1405.6,32.914561,-138.058041
182236,2002,124.811,78,1406.15,31.769777,-138.36875
182477,2003,640.508,241,1407.86,32.908513,-138.240877
182759,2004,723.453,282,1409.88,34.190763,-138.206263
183075,2005,1015.874,316,1412.13,34.136143,-138.518966
183155,2006,135.994,80,1412.68,32.817935,-138.320544
183224,2007,106.576,69,1413.15,33.357774,-139.078131
183483,2008,613.999,259,1414.98,33.680013,-138.232272
183572,2009,133.106,89,1415.63,32.361468,-139.196519
183639,2010,78.099,67,1416.13,32.941288,-138.135248
183928,2011,845.77,289,1418.28,33.49644,-138.406728
184248,2012,804.806,320,1420.35,33.34513,-138.57557
184490,2013,650.459,242,1421.93,34.24219,-139.230476
184551,2014,97.857,61,1422.33,34.848449,-138.438082
184863,2015,765.632,312,1424.59,33.174893,-139.242394
184935,2016,116.491,72,1425.14,34.489911,-139.326154
185060,2017,202.729,125,1426.1,34.930093,-138.679168
185124,2018,94.789,64,1426.63,33.363193,-138.876144
185201,2019,111.932,77,1427.21,35.269753,-138.779157
185477,2020,706.964,276,1429.08,35.486653,-138.691122
185735,2021,660.473,258,1430.73,34.402077,-139.445939
185987,2022,711.028,252,1432.37,34.526089,-138.701577
186270,2023,773.357,283,1434.42,34.030905,-139.667242
186328,2024,85.957,58,1434.85,34.042066,-140.203773
186610,2025,792.096,282,1436.86,34.02919,-139.432988
186842,2026,665.413,232,1438.42,34.427011,-139.56048
187168,2027,947.177,326,1440.68,34.617769,-139.476541
187269,2028,174.723,101,1441.4,33.426701,-140.347407
187578,2029,881.516,309,1443.58,34.210321,-139.748614
187835,2030,659.566,257,1445.47,34.233934,-140.190464
187978,2031,304.206,143,1446.5,35.994853,-139.432555
188276,2032,814.08,298,1448.55,34.054249,-140.209558
188613,2033,941.274,337,1451.18,33.971658,-139.957436
188679,2034,102.523,66,1451.69,33.442502,-139.990686
188851,2035,354.104,172,1452.91,34.809022,-140.016452
189098,2036,653.996,247,1454.68,33.667762,-140.653207
189238,2037,295.792,140,1455.76,33.41788,-140.624944
189300,2038,77.901,62,1456.25,33.615555,-139.191869
189364,2039,96.896,64,1456.76,34.609054,-139.160596
189430,2040,83.847,66,1457.28,34.542914,-139.692061
189731,2041,833.092,301,1459.66,35.301339,-140.857076
189807,2042,98.023,76,1460.29,35.186018,-141.127995
189872,2043,96.775,65,1460.82,34.643498,-140.350982
189936,2044,96.158,64,1461.26,32.839343,-140.583948
189995,2045,87.498,59,1461.67,35.05203,-139.528831
190358,2046,856.808,363,1465.96,36.005995,-140.291593
190730,2047,962.889,372,1468.79,34.391568,-140.93823
191020,2048,808.846,290,1470.9,35.512209,-140.971745
191108,2049,144.42,88,1471.53,38.404333,-141.287653
191529,2050,1213.084,421,1474.67,34.391042,-140.554963
191599,2051,105.142,70,1475.22,33.704315,-140.287862
191661,2052,100.084,62,1475.69,35.87107,-139.81162
191730,2053,111.842,69,1476.21,35.585284,-140.645699
191828,2054,173.287,98,1476.93,34.777488,-141.133256
191951,2055,243.137,123,1477.85,34.746409,-140.868735
192181,2056,609.771,230,1479.56,35.170801,-140.66837
192298,2057,219.592,117,1480.4,36.866953,-141.526225
192557,2058,729.066,259,1482.25,36.44035,-141.205605
192823,2059,731.646,266,1484.18,35.873158,-141.476496
192886,2060,100.387,63,1484.63,34.512258,-141.696704
192956,2061,112.962,70,1485.19,33.817887,-141.19531
193031,2062,122.58,75,1485.77,35.142788,-141.376211
193740,2063,2113.416,709,1491.2,35.940338,-141.451113
193810,2064,80.812,70,1491.71,37.071532,-141.765249
194075,2065,632.3,265,1493.72,36.297242,-141.654811
194317,2066,591.298,242,1495.48,37.082512,-141.4384
194394,2067,120.313,77,1496.04,35.03556,-141.857836
194456,2068,91.762,62,1496.46,36.37396,-140.323833
194692,2069,591.401,236,1498.27,36.929747,-141.432598
194757,2070,79.762,65,1498.71,38.918818,-141.496722
195025,2071,696.37,268,1500.45,37.051371,-141.703435
195350,2072,967.495,325,1502.53,36.954783,-141.800999
195520,2073,187.347,170,1503.63,36.880329,-141.587978
195819,2074,860.554,299,1505.87,36.919986,-141.561727
195910,2075,171.703,91,1506.54,38.001038,-141.873487
196162,2076,603.081,252,1508.37,37.595331,-141.721573
196230,2077,97.942,68,1508.85,37.360945,-141.667839
196294,2078,93.451,64,1509.3,36.042349,-141.93701
196359,2079,92.491,65,1509.77,39.887391,-142.232572
196514,2080,366.571,155,1510.82,38.12433,-142.276264
196774,2081,697.501,260,1512.56,37.138258,-141.893673
197156,2082,1235.509,382,1515.33,38.429101,-141.971169
197255,2083,167.988,99,1516.06,37.163139,-142.083166
197565,2084,855.174,310,1518.29,37.272994,-142.037245
197833,2085,679.698,268,1520.2,37.639908,-142.371965
198233,2086,1209.499,400,1523.12,38.189721,-142.265916
198321,2087,157.712,88,1523.76,37.610988,-142.977409
198719,2088,1216.819,398,1526.69,38.644941,-142.575092
198830,2089,200.995,111,1527.47,38.069354,-142.942224
198902,2090,112.589,72,1527.96,36.73623,-141.454205
199182,2091,732.753,280,1529.84,37.740732,-142.630819
199394,2092,601.508,212,1531.26,38.287144,-142.420748
199709,2093,840.157,315,1533.37,38.686601,-142.325847
199960,2094,690.165,251,1535.11,39.074942,-142.5273
200338,2095,1078.25,378,1539.72,38.440312,-142.699042
200404,2096,102.022,66,1540.17,40.700789,-143.630683
200656,2097,632.203,252,1541.91,38.818747,-143.061365
200731,2098,121.165,75,1542.42,39.136639,-143.040115
201035,2099,870.23,304,1544.54,38.95743,-142.633163
201163,2100,262.084,128,1545.41,38.572385,-142.356681
201406,2101,672.6,243,1547.04,38.920832,-142.643742
201692,2102,839.851,286,1548.98,39.546725,-142.495119
201941,2103,614.002,249,1550.71,40.067259,-142.529212
202001,2104,90.987,60,1551.13,38.949342,-141.66879
202322,2105,860.494,321,1553.51,39.391383,-142.678977
202892,2106,1742.173,570,1557.4,39.358755,-142.986086
202978,2107,141.997,86,1558.01,40.906546,-142.005829
203064,2108,145.758,86,1558.6,39.801613,-143.300584
203350,2109,767.695,286,1560.81,40.123217,-143.12842
203421,2110,98.033,71,1561.33,39.406593,-143.682016
203523,2111,162.621,102,1562.06,39.602895,-143.188209
203638,2112,203.433,115,1562.81,38.109043,-143.051434
203725,2113,160.206,87,1563.36,41.140247,-142.448146
204044,2114,723.438,319,1565.37,40.565568,-142.810013
204285,2115,654.91,241,1566.98,39.901584,-143.125155
204500,2116,558.931,215,1568.48,40.570997,-143.04594
204744,2117,702.484,244,1570.29,40.003524,-142.990111
204990,2118,633.606,246,1572.12,41.012969,-142.611642
205044,2119,83.855,54,1572.47,39.728451,-142.854767
205195,2120,360.591,151,1573.5,39.909405,-142.49482
205256,2121,94.485,61,1573.89,40.989613,-141.939708
205388,2122,265.435,132,1574.75,39.852942,-142.168129
205449,2123,87.425,61,1575.16,40.394657,-142.681936
205847,2124,951.367,398,1577.73,40.544184,-142.898371
205966,2125,223.622,119,1578.56,39.921785,-143.024516
206268,2126,775.739,302,1580.58,40.253806,-142.941345
206371,2127,195.84,103,1581.28,40.402953,-143.056321
206464,2128,137.847,93,1581.91,40.880045,-142.973613
206539,2129,112.217,75,1582.42,41.664701,-142.49262
206613,2130,106.262,74,1582.95,38.599655,-142.884547
206980,2131,1092.331,367,1585.42,40.945063,-143.121991
207051,2132,106.681,71,1585.91,40.267918,-142.829529
207123,2133,117.665,72,1586.39,40.685575,-143.439153
207381,2134,741.079,258,1588.27,40.652506,-143.158808
207669,2135,733.22,288,1590.25,41.304663,-143.011641
207966,2136,715.31,297,1592.13,42.306571,-143.383244
208034,2137,102.921,68,1592.56,38.887802,-143.291662
208339,2138,818.2,305,1594.58,41.094539,-143.19269
208497,2139,400.917,158,1595.66,40.908891,-143.358485
208608,2140,204.975,111,1596.45,41.112678,-143.570981
208685,2141,128.225,77,1596.97,42.762601,-143.031299
208910,2142,624.732,225,1598.5,42.046266,-143.801582
209139,2143,675.745,229,1600.01,40.602112,-143.443434
209267,2144,250.534,128,1600.81,42.806795,-142.916842
209378,2145,209.803,111,1601.54,41.970823,-143.332578
209665,2146,846.255,287,1603.3,41.965823,-142.569824
209989,2147,913.772,324,1605.48,41.149071,-143.224793
210055,2148,97.498,66,1607.1,41.630427,-143.36532
210302,2149,721.642,247,1608.86,40.847713,-143.686133
210601,2150,818.072,299,1610.81,42.117817,-143.187822
210885,2151,851.241,284,1613.09,40.594635,-143.006838
211034,2152,376.284,149,1614.11,42.382843,-143.353261
211347,2153,984.571,313,1616.2,41.591018,-143.459502
211492,2154,326.513,145,1617.08,41.27309,-143.645731
211590,2155,179.041,98,1617.71,39.834122,-143.943571
211904,2156,919.668,314,1619.66,42.33779,-143.306892
211997,2157,178.931,93,1620.27,41.438632,-142.558401
212436,2158,1192.439,439,1623.32,41.970375,-143.718004
212759,2159,775.92,323,1625.53,42.216006,-143.805555
212819,2160,20.379,60,1625.94,42.742683,-142.991503
212886,2161,99.403,67,1626.38,41.670389,-142.969036
212990,2162,189.585,104,1627.07,40.057951,-143.746649
213283,2163,801.026,293,1629.05,42.725235,-142.901242
213395,2164,222.647,112,1629.83,41.320813,-142.999102
213488,2165,169.133,93,1630.47,41.554225,-144.708145
213778,2166,761.695,290,1632.45,42.533234,-144.018955
213916,2167,332.755,138,1633.39,43.389929,-144.09221
213990,2168,112.217,74,1633.9,44.372548,-143.984608
214060,2169,102.532,70,1634.36,41.407963,-142.963416
214289,2170,613.548,229,1635.87,42.0555,-143.49126
214599,2171,786.826,310,1637.89,41.54192,-143.72263
214860,2172,802.528,261,1639.7,42.455835,-144.248903
214994,2173,270.513,134,1640.63,41.534878,-143.454401
215106,2174,221.94,112,1641.38,42.885925,-143.61293
215399,2175,810.009,293,1643.26,41.32436,-144.35955
215474,2176,109.493,75,1643.72,40.81844,-144.153737
215560,2177,147.168,86,1644.28,40.749248,-143.989937
215846,2178,788.863,286,1646.45,41.479734,-144.329453
216176,2179,833.576,330,1649.01,41.608421,-143.957641
216462,2180,804.923,286,1651.24,41.158873,-143.975618
216614,2181,329.781,152,1652.39,40.496502,-143.863874
216975,2182,1026.593,361,1655.22,41.435853,-144.108059
217146,2183,421.634,171,1656.54,40.632105,-143.603391
217552,2184,1239.301,406,1659.59,42.15466,-143.993328
217804,2185,685.222,252,1661.44,41.386593,-144.030798
217901,2186,181.04,97,1662.19,41.589197,-144.856558
217969,2187,88.319,68,1662.73,40.577853,-144.289868
218253,2188,819.233,284,1665.0,41.593074,-143.957292
218343,2189,176.583,90,1665.63,44.162169,-143.61721
218655,2190,790.559,312,1668.02,41.130845,-144.05535
218856,2191,550.32,201,1669.54,42.444973,-143.931876
219325,2192,1488.914,469,1673.21,42.549534,-143.982959
219570,2193,728.276,245,1675.17,41.102425,-144.401892
219691,2194,233.981,121,1676.17,41.719161,-144.38096
219798,2195,208.879,107,1676.99,40.189906,-143.232069
219883,2196,151.653,85,1677.69,42.252712,-144.23811
219978,2197,164.413,95,1678.4,41.463607,-143.117458
220119,2198,308.806,141,1681.1,42.299157,-143.550092
220262,2199,295.176,143,1682.18,42.774308,-144.347269
220330,2200,96.709,68,1682.71,43.105558,-143.561544
220403,2201,116.626,73,1683.24,41.519826,-144.271923
220786,2202,1028.567,383,1686.13,43.171377,-143.940967
220919,2203,269.322,133,1687.21,40.00758,-144.489194
221247,2204,865.422,328,1689.88,42.652718,-143.858545
221558,2205,723.297,311,1692.26,41.093969,-144.455363
221696,2206,308.04,138,1693.38,42.785966,-143.831709
221977,2207,710.21,281,1695.52,41.278748,-144.429175
222053,2208,125.185,76,1696.07,42.161541,-144.075669
222151,2209,193.938,98,1696.84,42.805843,-143.791002
222218,2210,97.869,67,1697.4,40.262939,-144.185326
222559,2211,877.351,341,1700.14,41.368548,-144.450695
222645,2212,122.678,86,1700.82,42.540175,-144.347942
222741,2213,190.418,96,1701.59,44.926258,-143.704778
222901,2214,431.842,160,1702.83,42.176689,-144.358323
223262,2215,1094.819,361,1705.41,41.053588,-144.030836
223334,2216,110.096,72,1705.9,42.996022,-143.86861
223446,2217,197.825,112,1706.68,42.522738,-144.952609
223738,2218,829.103,292,1708.75,40.246129,-144.283598
223900,2219,386.624,162,1709.89,40.569247,-143.807116
224176,2220,817.677,276,1711.78,41.299769,-143.831797
224316,2221,320.317,140,1712.7,40.711154,-144.056459
224673,2222,865.127,357,1715.15,41.480846,-144.01888
225151,2223,1376.56,478,1718.51,42.897258,-144.240788
225266,2224,240.677,115,1719.31,41.684751,-143.858946
225530,2225,640.58,264,1721.12,40.407324,-144.60678
225879,2226,922.324,349,1723.49,40.742713,-144.450269
226133,2227,665.228,254,1725.21,40.224664,-144.334628
226505,2228,979.041,372,1727.83,41.008803,-144.40402
226825,2229,744.072,320,1730.06,41.322661,-144.398589
227126,2230,765.984,301,1732.07,41.872284,-144.390076
227389,2231,795.355,263,1733.87,40.400086,-144.39536
227656,2232,792.565,267,1735.75,41.434347,-144.478097
227936,2233,759.58,280,1737.76,40.111769,-144.84521
228013,2234,103.835,77,1738.33,40.508138,-145.042196
228271,2235,698.268,258,1740.19,41.525891,-144.532637
228717,2236,1404.853,446,1743.26,42.305199,-144.599481
228823,2237,197.591,106,1744.0,40.852449,-145.52562
229165,2238,1022.356,342,1746.46,41.722083,-144.853133
229238,2239,114.73,73,1746.97,41.640141,-144.242887
229514,2240,799.63,276,1748.99,41.315706,-145.034836
229881,2241,1102.463,367,1751.62,41.846318,-145.328876
229966,2242,135.901,85,1752.24,42.156418,-144.497838
230300,2243,876.508,334,1755.9,41.321801,-144.825035
230607,2244,749.043,307,1758.19,41.273109,-145.027976
230704,2245,174.854,97,1758.89,41.658633,-144.249774
231221,2246,1464.496,517,1762.66,41.55042,-145.178993
231329,2247,208.794,108,1763.51,40.422168,-144.717724
231443,2248,239.633,114,1764.32,41.470513,-145.651877
231732,2249,786.583,289,1766.1,41.14217,-144.676595
232084,2250,1038.688,352,1768.54,40.360716,-145.311046
232329,2251,607.57,245,1770.29,40.679286,-145.205932
232532,2252,577.64,203,1771.74,40.636923,-145.168499
232646,2253,206.459,114,1772.54,40.304137,-144.941861
232985,2254,953.637,339,1774.91,41.111252,-145.262148
233071,2255,128.543,86,1775.49,40.222755,-144.6562
233391,2256,830.207,320,1777.76,41.432158,-145.366455
234059,2257,1985.75,668,1782.44,40.45149,-145.150015
234380,2258,758.87,321,1784.48,41.329335,-145.332332
234455,2259,111.469,75,1785.02,40.212037,-145.529566
234683,2260,642.467,228,1786.49,40.939012,-145.500168
234932,2261,788.757,249,1788.38,40.472288,-145.564147
235172,2262,575.321,240,1790.16,40.163156,-145.681855
235240,2263,99.177,68,1790.62,39.163518,-146.630873
235523,2264,948.642,283,1792.46,40.468829,-145.565002
236057,2265,1545.529,534,1796.13,40.440044,-145.537365
236338,2266,686.28,281,1798.18,39.94221,-145.555897
236439,2267,166.859,101,1798.89,41.549678,-145.884062
236721,2268,749.854,282,1800.86,40.149165,-145.914553
236959,2269,610.534,238,1802.47,41.985382,-145.931459
237254,2270,757.608,295,1804.55,40.88246,-145.91868
237547,2271,772.321,293,1806.65,40.532241,-145.281763
237861,2272,889.853,314,1808.92,40.82649,-145.548621
238302,2273,1210.226,441,1812.03,40.976009,-146.507361
238613,2274,772.132,311,1814.36,40.373481,-145.810025
239020,2275,1266.718,407,1817.29,39.722859,-146.101296
239237,2276,603.007,217,1818.85,41.012871,-146.156958
239620,2277,1054.334,383,1821.75,40.253644,-146.142943
240102,2278,1439.097,482,1827.65,40.935014,-146.460602
240418,2279,868.602,316,1829.93,40.233041,-146.074132
240546,2280,282.674,128,1830.86,39.819264,-146.637356
240662,2281,235.326,116,1831.72,39.87999,-146.676393
241114,2282,1242.668,452,1834.72,40.418864,-146.306306
241465,2283,950.449,351,1836.98,39.788473,-146.888179
241643,2284,532.041,178,1838.2,41.211482,-146.232737
241965,2285,671.934,322,1840.36,40.362449,-146.745235
242279,2286,782.229,314,1842.31,39.985509,-146.704773
242397,2287,242.3,118,1843.1,39.856211,-146.27022
242705,2288,743.852,308,1845.56,40.463254,-147.101062
243128,2289,1211.765,423,1848.54,39.218404,-146.836496
243296,2290,458.654,168,1849.65,41.77899,-147.097554
243679,2291,1038.962,383,1852.21,40.964651,-147.060711
243786,2292,238.125,107,1852.94,40.348016,-147.214543
243929,2293,324.688,143,1853.91,40.241447,-146.546301
244308,2294,970.156,379,1856.77,40.606468,-146.455404
244669,2295,955.89,361,1859.48,40.758947,-146.978619
244940,2296,689.531,271,1861.43,40.480253,-146.831502
245478,2297,1488.886,538,1865.43,40.263492,-147.766824
245789,2298,742.951,311,1867.78,38.873934,-147.811237
246156,2299,803.45,367,1870.45,38.753468,-147.310293
246537,2300,910.964,381,1873.14,38.820977,-147.247716
247035,2301,1505.404,498,1876.8,39.466727,-147.49121
247439,2302,916.353,404,1879.71,39.593097,-147.503462
247734,2303,855.211,295,1881.84,37.956773,-148.111355
248118,2304,939.268,384,1884.61,40.49931,-147.85494
248476,2305,908.029,358,1887.2,39.501555,-148.278641
248885,2306,939.246,409,1890.08,39.091208,-147.974073
249162,2307,720.164,277,1892.08,39.275834,-148.178751
249425,2308,679.726,263,1894.02,39.773784,-148.041117
249695,2309,674.281,270,1896.06,39.031256,-148.42897
249781,2310,154.877,86,1896.7,38.926921,-148.82477
249844,2311,95.98,63,1897.16,40.498541,-147.777341
250108,2312,680.0,264,1901.95,39.144626,-148.334409
250495,2313,1080.161,387,1904.94,39.883531,-148.314767
250965,2314,1254.139,470,1908.46,39.587109,-148.257294
251042,2315,126.643,77,1908.99,39.563969,-148.658867
251323,2316,739.506,281,1911.0,39.775159,-148.398342
251668,2317,834.099,345,1913.61,38.899826,-148.515402
252022,2318,1013.688,354,1915.96,39.644541,-148.9176
252541,2319,1667.336,519,1919.23,39.462,-148.711987
252721,2320,457.07,180,1920.53,38.538692,-148.980764
253085,2321,849.676,364,1923.07,38.699226,-148.677393
253397,2322,768.314,312,1925.22,39.55392,-148.774013
253927,2323,1349.567,530,1929.28,38.496642,-148.924798
254287,2324,899.765,360,1932.12,38.774356,-149.318637
254749,2325,1388.142,462,1935.33,38.535155,-149.559126
255403,2326,2009.156,654,1939.75,39.542029,-149.454278
256036,2327,1838.7,633,1943.98,39.248006,-149.751539
256524,2328,1413.839,488,1947.16,39.46609,-150.000148
257043,2329,1623.401,519,1950.66,39.130714,-149.876862
257616,2330,1788.042,573,1954.43,39.832541,-150.111666
257957,2331,852.184,341,1956.75,39.135791,-150.011581
258347,2332,1194.125,390,1959.48,39.358871,-150.339732
258696,2333,1078.464,349,1961.77,39.313529,-150.547092
259430,2334,2329.486,734,1966.85,39.144788,-150.799372
259783,2335,863.738,353,1969.2,39.161223,-150.155887
260175,2336,1026.968,392,1974.03,38.913318,-150.609184
260506,2337,847.747,331,1976.14,38.989689,-151.393715
261045,2338,1748.638,539,1979.63,38.853205,-151.033956
261527,2339,1361.544,482,1982.86,38.753009,-151.149467
261896,2340,1054.13,369,1985.4,38.404232,-151.523353
262282,2341,1157.029,386,1987.99,39.501907,-151.625901
262802,2342,1769.58,520,1991.52,39.497387,-151.795574
263171,2343,1166.327,369,1994.11,38.841049,-152.04293
263530,2344,1088.662,359,1996.52,39.485101,-152.401193
263907,2345,1050.53,377,1999.03,39.412587,-152.336725
264182,2346,778.729,275,2000.9,39.799081,-152.859701
264600,2347,1385.643,418,2003.8,38.793024,-152.243303
264996,2348,1104.175,396,2006.94,39.616053,-153.184445
265505,2349,1819.161,509,2011.0,39.18764,-152.641163
265834,2350,1042.575,329,2013.57,39.449876,-153.0294
266332,2351,1676.615,498,2017.54,39.14716,-153.538145
266687,2352,1136.895,355,2020.26,38.121815,-153.765359
267184,2353,1756.489,497,2023.91,39.144656,-153.771588
267633,2354,1582.503,449,2027.44,38.456454,-153.709524
268096,2355,1437.163,463,2030.93,39.203289,-154.318826
268524,2356,1156.804,428,2034.09,38.148711,-154.09804
268932,2357,1356.798,408,2037.43,38.649925,-154.321243
269338,2358,1430.821,406,2040.68,38.279469,-154.608307
269757,2359,1408.916,419,2044.11,39.682692,-154.861097
270164,2360,1178.653,407,2050.59,38.48207,-154.833832
270571,2361,1267.34,407,2053.84,37.945076,-154.967236
271018,2362,1457.935,447,2057.32,39.445859,-155.069554
271292,2363,921.58,274,2059.46,38.752582,-155.794889
271759,2364,1376.096,467,2063.2,38.08038,-155.645735
272214,2365,1527.351,455,2066.45,38.154295,-155.94621
272723,2366,1761.308,509,2070.04,38.036512,-156.366655
273032,2367,938.066,309,2072.19,39.043301,-155.943429
273347,2368,938.382,315,2074.35,39.29134,-156.774357
274274,2369,3463.214,927,2080.87,38.875271,-156.67924
274687,2370,1153.693,413,2083.75,38.555512,-156.862296
275014,2371,974.244,327,2085.95,39.146234,-157.206444
275548,2372,1721.402,534,2089.67,38.550147,-156.730963
275889,2373,1074.804,341,2092.08,38.459535,-157.18531
276123,2374,671.897,234,2093.7,38.649517,-157.171674
276486,2375,1059.744,363,2096.42,38.97067,-157.42583
276816,2376,978.267,330,2098.83,38.977769,-157.3618
277144,2377,1037.515,328,2101.28,39.496649,-157.744936
277565,2378,1315.597,421,2104.29,38.432241,-158.159102
277921,2379,1033.448,356,2106.79,38.022486,-158.482044
278359,2380,1225.393,438,2109.98,38.396622,-158.23659
278687,2381,989.07,328,2112.3,38.294724,-158.194989
279086,2382,1350.37,399,2115.11,38.856206,-158.721134
279364,2383,864.705,278,2117.16,38.796995,-158.79737
279677,2384,998.246,313,2119.45,38.516328,-158.979162
279979,2385,1141.497,302,2121.64,38.3723,-158.77663
280541,2386,1905.532,562,2128.33,38.178362,-159.107958
280921,2387,1060.076,380,2131.08,38.804951,-159.938374
281485,2388,1966.98,564,2134.81,38.285658,-159.782446
282308,2389,2935.597,823,2140.44,39.057662,-159.743045
282614,2390,906.933,306,2142.57,38.519209,-159.863806
282959,2391,972.326,345,2144.93,40.189362,-160.349551
283266,2392,1030.842,307,2147.26,38.632928,-160.257407
283884,2393,2311.437,618,2151.92,38.580061,-160.223222
284288,2394,1199.222,404,2155.07,38.87385,-160.493103
284567,2395,771.072,279,2157.4,39.411124,-160.360977
284903,2396,1200.643,336,2160.02,39.12582,-161.187205
285339,2397,1345.884,436,2163.61,39.316595,-161.356809
285582,2398,781.147,243,2165.69,39.174412,-161.628685
285861,2399,871.463,279,2167.86,39.622005,-161.327761
286223,2400,1279.719,362,2170.78,38.886633,-161.744567
287177,2401,3403.795,954,2178.79,39.19223,-161.808127
287645,2402,1463.02,468,2182.68,39.383052,-162.241619
288026,2403,1218.122,381,2185.55,39.080079,-162.186157
288449,2404,1262.304,423,2188.37,39.32875,-162.761253
288824,2405,1187.699,375,2190.72,38.675347,-162.827099
289551,2406,2459.842,727,2195.62,39.086048,-162.734021
289914,2407,1037.255,363,2198.09,38.521158,-163.00215
290328,2408,1382.261,414,2203.58,39.115591,-163.049042
290610,2409,868.51,282,2205.62,38.934098,-163.041932
290954,2410,1212.573,344,2208.0,39.452047,-163.321166
291320,2411,1179.673,366,2210.59,39.34157,-163.393231
292019,2412,2395.963,699,2215.16,39.954242,-163.31551
292580,2413,1820.32,561,2219.04,39.280889,-163.632485
292964,2414,1276.462,384,2221.81,38.865523,-163.792588
293380,2415,1505.474,416,2224.48,39.372607,-164.496954
293711,2416,1131.776,331,2226.7,38.217332,-164.504553
294003,2417,980.569,292,2228.75,39.066192,-164.230675
294672,2418,2234.2,669,2233.72,38.699116,-164.614788
295672,2419,3301.321,1000,2241.18,39.249035,-164.527484
296139,2420,1597.575,467,2244.63,39.023322,-164.937601
296648,2421,1880.851,509,2248.17,38.829731,-165.188023
297114,2422,1530.51,466,2251.5,39.432342,-165.246801
297435,2423,1020.24,321,2253.6,39.854008,-165.224925
297815,2424,1094.637,380,2256.12,39.910936,-165.665224
298219,2425,1458.13,404,2258.87,39.190986,-165.563227
299096,2426,2807.117,877,2265.01,39.647262,-165.812221
299904,2427,2913.52,808,2270.77,39.504961,-165.6817
300261,2428,1123.324,357,2278.17,39.337498,-165.882382
300731,2429,1584.215,470,2281.5,39.245623,-166.141112
301462,2430,2543.318,731,2286.64,39.299178,-166.578056
301969,2431,1711.685,507,2289.92,38.844542,-166.912603
302293,2432,990.395,324,2292.06,38.926564,-166.965125
302881,2433,2001.273,588,2295.84,39.647698,-167.266685
303231,2434,1056.227,350,2298.08,39.935939,-167.370923
303699,2435,1483.419,468,2301.41,39.742361,-167.550011
304054,2436,1178.875,355,2303.92,37.5411,-167.471372
304678,2437,2201.528,624,2308.19,39.136169,-167.718403
305260,2438,2209.507,582,2312.29,40.053563,-167.830895
305668,2439,1544.92,408,2314.96,39.178619,-168.545463
306317,2440,2402.652,649,2319.19,39.106855,-168.537127
306844,2441,1880.542,527,2322.63,38.759006,-168.550684
307219,2442,1209.837,375,2324.96,39.386333,-168.858028
307549,2443,1080.104,330,2327.17,39.5579,-169.091136
308223,2444,2484.486,674,2331.75,38.903542,-169.37415
308505,2445,910.74,282,2333.59,39.072658,-169.177118
308863,2446,1134.095,358,2335.92,39.211159,-169.101282
309863,2447,3665.992,1000,2342.62,39.263479,-169.908874
310863,2448,3518.534,1000,2352.91,39.460845,-170.363506
311251,2449,1316.946,388,2355.57,40.137761,-170.725064
311652,2450,1252.105,401,2358.23,39.993642,-170.748528
312434,2451,2674.021,782,2363.4,38.968629,-171.122654
313201,2452,2679.547,767,2369.25,39.554248,-171.265452
313240,2453,23.506,39,2369.55,40.3945,-171.974416
313608,2454,1210.776,368,2372.42,40.434638,-171.423603
314020,2455,1256.648,412,2375.66,40.224517,-171.504212
314531,2456,1622.923,511,2379.6,39.624253,-171.960631
315531,2457,3464.227,1000,2387.45,39.902757,-172.306131
316440,2458,3300.442,909,2394.57,39.68131,-172.491452
316874,2459,1421.612,434,2397.92,39.3662,-172.541679
317253,2460,1249.064,379,2400.7,39.634249,-173.077642
318253,2461,3481.956,1000,2408.75,40.080025,-173.405762
319092,2462,2954.623,839,2415.52,40.010467,-173.554897
319789,2463,2516.252,697,2420.76,39.917543,-174.069781
320574,2464,2766.55,785,2432.24,39.679592,-174.546002
320999,2465,1399.142,425,2435.5,39.992642,-174.029411
321439,2466,1604.223,440,2438.88,39.502554,-174.941629
322439,2467,3619.566,1000,2446.41,39.253745,-174.848772
322913,2468,1635.578,474,2449.92,39.889682,-175.26848
323349,2469,1275.659,436,2453.06,40.581928,-175.200747
324349,2470,3559.975,1000,2460.36,39.476439,-175.57103
324808,2471,1452.235,459,2463.54,39.244298,-175.199665
325389,2472,2011.132,581,2467.67,39.825036,-176.321274
325856,2473,1606.7,467,2470.94,38.732589,-176.140233
326856,2474,3463.414,1000,2478.29,39.368202,-176.457491
327856,2475,3367.614,1000,2485.34,39.065079,-176.636312
328856,2476,3535.744,1000,2492.05,38.904295,-176.849384
329856,2477,3470.338,1000,2499.16,39.154087,-177.652911
330783,2478,3381.067,927,2510.76,38.806809,-178.176765
331783,2479,3458.319,1000,2517.65,39.187874,-178.570729
332224,2480,1580.225,441,2521.21,40.357952,-178.467728
332685,2481,1487.233,461,2524.63,39.664446,-178.915185
333172,2482,1775.155,487,2527.92,39.256285,-179.314433
333515,2483,1061.67,343,2530.48,39.87283,-179.215309
334515,2484,3598.188,1000,2538.18,39.233686,-179.623714
335515,2485,3487.603,1000,2545.7,38.914503,-180.279721
336515,2486,3567.845,1000,2553.01,38.577131,-180.342868
337515,2487,3482.49,1000,2560.58,38.906763,-180.789778
338443,2488,3488.547,928,2567.12,38.529603,-181.070495
339009,2489,1885.663,566,2571.01,39.369672,-181.531729
340009,2490,3713.844,1000,2580.97,39.676149,-181.63753
340484,2491,1687.896,475,2584.35,38.321342,-181.792207
341484,2492,3559.683,1000,2591.72,39.761943,-182.477921
342360,2493,3439.1,876,2598.26,38.643605,-182.740579
343360,2494,3487.959,1000,2605.55,39.029524,-182.820188
344360,2495,3689.125,1000,2612.16,38.283832,-183.582855
345360,2496,3651.899,1000,2619.31,38.583303,-183.682316
345866,2497,1858.738,506,2622.91,39.214555,-183.909311
346823,2498,3459.639,957,2629.53,39.110873,-184.587396
347299,2499,1586.201,476,2632.91,38.68654,-185.160443
347642,2500,1215.442,343,2635.31,39.593977,-185.527057
348345,2501,2522.087,703,2640.08,39.216717,-185.146156
349281,2502,3755.188,936,2646.41,39.113652,-185.842517
350246,2503,3628.027,965,2658.34,39.226425,-186.567175
350840,2504,2247.609,594,2662.42,39.486824,-186.297349
351697,2505,3379.827,857,2668.09,40.017747,-186.630124
352138,2506,1669.509,441,2670.82,38.539338,-186.833208
352624,2507,1629.018,486,2673.99,38.454185,-187.232106
352772,2508,321.04,148,2675.05,38.784291,-186.968784
353268,2509,1824.014,496,2678.37,40.134588,-187.310587
353846,2510,2223.683,578,2682.18,38.560574,-187.712082
354291,2511,1295.441,445,2685.35,40.758385,-187.672658
355179,2512,3497.089,888,2691.5,40.437995,-188.049143
355601,2513,1526.893,422,2694.51,40.18123,-188.342985
356601,2514,3770.71,1000,2701.04,39.447335,-188.674116
357601,2515,3901.289,1000,2707.78,40.041047,-189.05333
358270,2516,2500.459,669,2716.23,39.707875,-189.102941
358804,2517,1968.278,534,2724.42,40.571149,-189.924266
359455,2518,2474.075,651,2735.52,39.327252,-190.168836
360455,2519,4033.501,1000,2762.72,39.366746,-190.555469
360759,2520,987.014,304,2768.14,39.868921,-191.098979
361759,2521,3974.728,1000,2785.65,39.839882,-190.8853
362179,2522,1516.001,420,2792.49,39.953332,-191.261637
362588,2523,1515.752,409,2799.19,40.70188,-191.106145
362951,2524,1252.259,363,2805.69,40.196229,-191.956661
363951,2525,3841.343,1000,2821.36,40.38367,-191.981198
364951,2526,3872.723,1000,2836.62,40.913644,-192.02954
365951,2527,3701.295,1000,2852.59,40.188178,-192.786991
366951,2528,3825.409,1000,2869.65,40.679748,-193.360443
367495,2529,2067.494,544,2879.19,39.50365,-193.904811
368495,2530,4022.949,1000,2897.03,39.937724,-194.409165
369231,2531,2966.499,736,2909.2,39.756827,-194.806907
369796,2532,2093.465,565,2917.96,39.981831,-195.189557
370741,2533,3648.175,945,2942.27,40.124705,-195.103055
371741,2534,3829.567,1000,2948.98,40.663822,-195.787989
372741,2535,3911.107,1000,2956.27,40.745868,-196.126801
373401,2536,2529.908,660,2961.08,40.440015,-196.676723
374147,2537,2934.621,746,2966.55,40.625847,-197.147826
374675,2538,2154.712,528,2970.26,40.876384,-196.766085
375675,2539,3870.097,1000,2977.35,40.597738,-197.707617
376675,2540,3839.768,1000,2983.77,40.084167,-198.243394
377675,2541,3961.224,1000,2990.09,40.516058,-198.476881
378675,2542,3980.43,1000,2996.89,40.635649,-199.103256
379350,2543,2581.604,675,3001.68,40.917214,-199.885823
379885,2544,1708.921,535,3005.37,39.958948,-199.514254
380752,2545,3377.608,867,3017.16,40.632454,-199.788623
381752,2546,3529.833,1000,3024.05,40.332367,-200.395508
382049,2547,1057.76,297,3026.02,39.146074,-200.665456
383049,2548,3833.938,1000,3032.65,40.594583,-200.748407
383491,2549,1745.288,442,3035.65,39.819375,-200.903323
383994,2550,1913.853,503,3038.93,40.127773,-201.304889
384392,2551,1405.337,398,3041.66,40.575469,-201.765515
385392,2552,3965.002,1000,3048.27,40.545329,-201.94698
385846,2553,1748.117,454,3051.38,40.676074,-202.403196
386658,2554,3183.753,812,3056.51,41.024731,-202.854322
387023,2555,1344.192,365,3058.89,40.445863,-203.217106
387724,2556,2630.124,701,3063.57,40.420273,-203.079197
388720,2557,3743.603,996,3070.61,40.612543,-203.154302
389242,2558,1906.288,522,3074.21,41.177199,-203.834462
390233,2559,3919.955,991,3087.39,40.314979,-203.94482
391233,2560,4031.039,1000,3095.2,41.535087,-204.296826
391953,2561,2703.972,720,3100.81,41.336696,-204.124688
392953,2562,4028.102,1000,3109.22,40.907808,-205.025889
393953,2563,3885.059,1000,3116.93,40.847751,-205.194236
394345,2564,1433.814,392,3119.96,40.885582,-205.63223
395345,2565,3982.008,1000,3127.61,40.828378,-205.720265
395950,2566,2228.588,605,3132.57,41.634497,-205.944168
396637,2567,2565.961,687,3138.05,41.123895,-206.278039
397149,2568,2023.988,512,3142.16,41.007468,-206.6464
398149,2569,3944.21,1000,3149.27,41.434879,-206.743059
399149,2570,4014.318,1000,3156.28,41.04988,-206.982504
400149,2571,3929.111,1000,3168.64,41.188018,-207.896976
400911,2572,2975.953,762,3173.88,41.292054,-207.480424
401911,2573,3886.253,1000,3181.35,40.418828,-208.376316
402410,2574,1886.395,499,3184.99,41.706937,-208.743872
403247,2575,3190.927,837,3190.93,41.351414,-208.727693
404247,2576,4027.879,1000,3198.07,41.877401,-208.740754
405247,2577,3914.344,1000,3204.96,41.689376,-209.698939
406247,2578,4202.722,1000,3211.99,42.08328,-209.776921
407247,2579,3960.854,1000,3218.54,41.483103,-210.579672
407700,2580,1628.41,453,3221.9,41.20186,-210.067538
408700,2581,3875.623,1000,3229.04,41.637534,-210.719391
409119,2582,1565.589,419,3232.11,41.79067,-211.380379
409487,2583,1355.179,368,3234.72,40.315864,-210.972725
410487,2584,3965.05,1000,3246.72,41.680139,-211.355741
410937,2585,1708.429,450,3249.97,41.173914,-211.87453
411783,2586,3248.938,846,3256.21,41.300099,-212.334733
412665,2587,3549.357,882,3262.81,41.211005,-212.831301
413294,2588,2401.523,629,3267.44,42.045209,-212.941203
413714,2589,1588.927,420,3270.63,41.983359,-212.883687
414282,2590,2252.027,568,3274.77,41.430934,-213.280666
414468,2591,603.854,186,3276.13,40.112715,-213.399336
415468,2592,3829.463,1000,3283.69,42.58361,-213.33624
416468,2593,3928.374,1000,3291.34,42.375184,-214.095937
417468,2594,3957.196,1000,3298.8,41.81419,-214.721046
418468,2595,3895.713,1000,3305.47,41.815913,-215.188045
418930,2596,1601.305,462,3308.74,42.314526,-215.247193
419554,2597,2311.863,624,3313.23,41.655613,-216.361029
420362,2598,3141.183,808,3323.88,43.297045,-215.799753
421362,2599,3816.794,1000,3330.98,42.274352,-216.102225
422362,2600,3884.104,1000,3338.33,42.127584,-216.181932
423362,2601,3871.464,1000,3345.75,41.79405,-217.04112
423890,2602,1981.234,528,3349.58,42.307989,-217.854578
424890,2603,4020.114,1000,3357.23,41.636528,-217.551893
425606,2604,2748.397,716,3362.16,42.580012,-218.437224
425964,2605,1269.595,358,3364.58,42.215075,-217.859547
426964,2606,4069.967,1000,3371.12,41.933961,-217.93385
427964,2607,3859.731,1000,3377.77,42.188327,-218.873346
428964,2608,4094.508,1000,3385.21,41.884849,-219.148522
429964,2609,3854.155,1000,3391.99,42.685543,-219.439608
430082,2610,44.503,118,3398.66,44.095487,-220.787817
430958,2611,3411.073,876,3404.21,41.745375,-220.16879
431357,2612,1397.018,399,3406.94,42.699562,-220.403048
432069,2613,2691.342,712,3411.48,42.473,-220.74255
433069,2614,3911.968,1000,3417.98,42.557967,-220.771384
434069,2615,3719.149,1000,3424.79,42.746491,-221.459711
434167,2616,194.213,98,3425.49,41.119818,-220.43436
434642,2617,1742.275,475,3428.87,41.332633,-221.565989
435642,2618,3961.102,1000,3435.96,42.597183,-221.841191
436642,2619,3905.187,1000,3442.8,43.120197,-221.800341
437642,2620,3616.0,1000,3450.12,43.602336,-221.628699
438642,2621,3850.001,1000,3458.13,42.124126,-222.508753
439073,2622,1678.357,431,3461.58,42.891271,-222.34458
439989,2623,3593.533,916,3469.11,43.069791,-222.890919
440602,2624,2440.301,613,3481.13,43.008691,-223.214361
441343,2625,2939.869,741,3487.19,43.490221,-223.708571
442343,2626,4051.194,1000,3495.81,42.778403,-223.220981
443343,2627,3905.152,1000,3504.06,43.825122,-223.799274
444343,2628,3953.128,1000,3511.22,42.872221,-224.161289
445244,2629,3581.748,901,3517.54,43.283508,-224.208982
446244,2630,4006.004,1000,3524.65,43.054609,-224.888327
446749,2631,1894.846,505,3528.13,43.532704,-225.091171
447148,2632,1446.476,399,3530.75,43.528684,-225.341172
447671,2633,2007.52,523,3534.2,43.319079,-224.717476
448671,2634,3783.121,1000,3541.06,43.541937,-225.380622
448745,2635,124.534,74,3541.55,45.255174,-225.712074
449188,2636,1579.158,443,3544.58,43.108096,-225.328753
449737,2637,2059.629,549,3548.38,43.500968,-225.339302
450737,2638,3949.492,1000,3561.82,43.954838,-225.619615
451737,2639,3899.659,1000,3569.16,44.096782,-225.759084
452737,2640,3938.919,1000,3576.8,43.639904,-225.956649
453737,2641,3802.231,1000,3584.49,43.512396,-226.141668
454201,2642,1684.814,464,3588.08,43.207531,-226.884698
455201,2643,3925.357,1000,3596.21,44.528112,-227.074091
456201,2644,4077.373,1000,3603.05,43.679566,-227.03771
457201,2645,3780.321,1000,3610.0,43.868859,-227.340395
457542,2646,1258.67,341,3612.63,43.590298,-227.370765
458542,2647,3880.282,1000,3619.24,43.331963,-227.910161
459542,2648,3770.688,1000,3625.81,43.56635,-228.005421
460542,2649,3849.595,1000,3635.5,43.905392,-228.528437
461542,2650,3871.278,1000,3642.42,43.941131,-228.604542
462542,2651,3878.972,1000,3649.46,44.086656,-228.681862
463542,2652,3853.067,1000,3656.24,44.001388,-229.470359
463634,2653,164.665,92,3656.92,43.958651,-229.671669
464417,2654,3040.819,783,3662.58,44.047163,-229.378503
465417,2655,4029.329,1000,3669.92,44.02296,-229.799818
465514,2656,191.887,97,3670.65,44.836103,-230.289775
466514,2657,3937.243,1000,3678.25,44.179091,-229.766242
467514,2658,3863.245,1000,3685.52,43.9796,-230.111411
468215,2659,2641.506,701,3690.04,44.102017,-230.594907
468635,2660,1501.865,420,3693.03,43.979415,-231.264881
469635,2661,3978.516,1000,3699.95,43.553922,-230.722597
470014,2662,1417.767,379,3706.13,43.313299,-231.620056
470409,2663,1432.193,395,3708.99,44.253736,-231.279033
471409,2664,3956.878,1000,3715.85,43.763394,-231.492801
472110,2665,2767.27,701,3720.7,44.175146,-231.457239
473110,2666,3917.67,1000,3727.25,43.448546,-231.900119
473840,2667,2892.314,730,3731.97,44.835571,-231.95555
474840,2668,3739.912,1000,3738.63,43.94926,-232.073859
474903,2669,96.738,63,3739.04,44.811315,-232.281419
475829,2670,3756.515,926,3745.33,43.863357,-232.396205
475953,2671,202.279,124,3746.21,44.404095,-232.448985
476694,2672,2780.456,741,3751.19,45.596795,-232.385668
477694,2673,4079.609,1000,3758.19,44.74966,-232.418657
477777,2674,119.879,83,3758.76,43.673053,-231.690849
477887,2675,202.342,110,3759.44,44.175051,-232.431262
478887,2676,4087.0,1000,3766.19,44.511575,-232.937287
479887,2677,3758.435,1000,3772.95,44.674981,-232.945928
479959,2678,122.521,72,3773.47,44.600547,-232.471913
480637,2679,2604.002,678,3781.83,44.00493,-233.094137
481637,2680,3827.848,1000,3788.68,45.504161,-233.534726
482637,2681,4005.701,1000,3795.56,45.560476,-233.848463
483137,2682,1922.582,500,3798.93,45.206582,-234.516154
484137,2683,3887.179,1000,3805.87,44.203519,-233.66844
484871,2684,2879.963,734,3811.45,44.973588,-233.799036
485871,2685,3907.128,1000,3819.12,44.774666,-233.816361
486871,2686,4028.58,1000,3827.06,45.215058,-234.412767
487871,2687,3870.381,1000,3835.14,45.568601,-234.413368
488871,2688,3931.56,1000,3842.99,45.25664,-235.048217
489871,2689,3894.297,1000,3850.61,44.781467,-235.348091
490871,2690,3904.458,1000,3864.22,45.426927,-235.618373
491871,2691,3928.906,1000,3871.12,45.328435,-235.288435
492469,2692,2312.715,598,3875.22,45.73246,-236.124159
493469,2693,3915.374,1000,3882.08,45.722173,-235.907366
494469,2694,3839.903,1000,3888.95,44.835253,-236.319052
495419,2695,3884.375,950,3895.53,45.3597,-236.509911
496419,2696,4002.572,1000,3902.47,45.095174,-236.53487
496855,2697,1720.968,436,3905.4,45.690717,-236.766901
497855,2698,3960.153,1000,3912.18,45.240489,-237.104058
498855,2699,3951.344,1000,3919.28,45.970185,-237.182749
499855,2700,4071.058,1000,3926.67,45.632674,-237.043767
500855,2701,3929.528,1000,3940.4,45.397952,-237.308925
501855,2702,4061.205,1000,3948.26,45.534864,-237.886234
502855,2703,3993.097,1000,3955.92,45.894822,-237.869864
503855,2704,3905.572,1000,3964.07,45.574725,-238.307926
504855,2705,3918.47,1000,3972.25,46.49597,-238.410202
505855,2706,3965.237,1000,3980.53,45.85737,-238.523486
506855,2707,3932.062,1000,3988.03,45.761129,-239.211317
507470,2708,2414.337,615,3992.27,46.813496,-238.823101
508470,2709,3935.755,1000,3999.33,46.400321,-239.04429
509470,2710,3872.429,1000,4005.86,45.969685,-239.479952
510470,2711,3941.02,1000,4018.2,45.812696,-239.47114
511470,2712,4005.385,1000,4025.41,46.314401,-239.935807
512410,2713,3800.709,940,4032.53,46.536636,-240.303416
512474,2714,100.509,64,4033.01,48.900126,-240.769845
513447,2715,3933.492,973,4040.15,46.213823,-240.05389
514447,2716,3876.24,1000,4047.38,46.045752,-240.442934
515447,2717,3919.893,1000,4054.67,45.893449,-240.537497
516447,2718,3956.031,1000,4061.97,46.157266,-240.834612
517447,2719,3770.347,1000,4069.27,45.94999,-241.094713
518447,2720,4087.759,1000,4076.35,46.219925,-241.393605
519340,2721,3607.204,893,4082.45,45.512143,-241.489099
520340,2722,4027.358,1000,4094.64,45.080275,-242.130246
521340,2723,3870.753,1000,4101.58,46.58498,-242.008709
522340,2724,3931.138,1000,4108.49,46.713597,-242.233555
523340,2725,4004.444,1000,4115.16,46.807038,-242.328881
524094,2726,3001.123,754,4120.0,45.9411,-243.109361
524179,2727,153.195,85,4120.54,47.510696,-242.586855
524511,2728,1198.777,332,4122.74,45.940077,-243.342528
525191,2729,2642.065,680,4127.38,47.460016,-242.231467
526191,2730,3836.602,1000,4134.18,47.094127,-243.071656
527191,2731,4027.15,1000,4141.09,46.163008,-243.01724
527607,2732,1539.832,416,4144.07,46.47014,-243.265452
528607,2733,4009.249,1000,4150.87,46.550841,-243.334302
529020,2734,1436.502,413,4153.85,47.253532,-243.730805
529981,2735,3997.572,961,4160.46,46.720909,-243.634593
530384,2736,1558.384,403,4170.09,46.21518,-243.388795
531063,2737,2743.063,679,4175.4,47.285393,-243.849742
532063,2738,3823.278,1000,4183.25,47.004005,-243.747586
532492,2739,1586.286,429,4186.69,46.823852,-243.797448
533118,2740,2518.462,626,4191.69,46.728031,-244.185831
534118,2741,3997.587,1000,4199.7,46.735678,-244.04976
535118,2742,4157.677,1000,4208.12,47.340447,-243.726647
535221,2743,201.27,103,4208.98,45.148259,-244.774621
536090,2744,3608.165,869,4216.08,47.625749,-244.407415
536537,2745,1721.699,447,4219.91,47.677979,-244.645553
536555,2746,-9.012,18,4220.06,51.627949,-245.283173
536572,2747,-9.831,17,4220.2,56.261688,-244.396788
536590,2748,-8.474,18,4220.37,43.525471,-245.51719
536608,2749,-8.757,18,4220.51,46.137126,-245.45518
536627,2750,-7.413,19,4220.66,50.724264,-242.098116
536646,2751,-7.689,19,4220.81,46.829112,-244.704836
536667,2752,-4.989,21,4220.97,46.952831,-245.001228
536689,2753,-3.359,22,4221.14,54.618087,-246.397701
536711,2754,-2.872,22,4221.35,44.638136,-244.504501
536733,2755,-3.263,22,4221.54,49.865638,-243.775085
536755,2756,-2.677,22,4221.74,72.63262,-242.0594
536777,2757,-2.97,22,4221.92,54.655188,-245.069611
536797,2758,-5.766,20,4222.07,47.105822,-243.960229
536819,2759,-2.845,22,4222.23,43.116189,-243.967872
536840,2760,-4.258,21,4222.41,46.228209,-244.010162
536863,2761,-1.437,23,4222.61,45.861238,-243.521693
536885,2762,-2.393,22,4222.78,47.774106,-243.126389
536908,2763,-0.965,23,4222.95,52.287759,-244.592005
536996,2764,187.346,88,4223.67,49.881397,-245.114505
537092,2765,212.372,96,4224.41,50.913705,-244.983946
537117,2766,1.033,25,4224.59,57.835728,-243.6935
537143,2767,3.521,26,4224.78,44.339607,-244.22571
537238,2768,198.295,95,4225.46,49.579029,-244.061297
537326,2769,198.256,88,4226.11,50.085125,-245.562527
537403,2770,173.591,77,4226.67,49.223375,-245.146186
537481,2771,187.988,78,4227.22,48.945101,-244.788526
537569,2772,144.73,88,4227.86,50.928374,-244.261986
537693,2773,156.968,124,4228.74,51.238325,-245.689694
538251,2774,1849.953,558,4232.63,50.665308,-244.328876
538381,2775,222.753,130,4233.54,49.709823,-245.034826
538461,2776,90.468,80,4234.11,51.588581,-244.01705
538614,2777,166.31,153,4235.21,50.597937,-244.129993
538731,2778,148.289,117,4236.03,53.655721,-244.909589
538839,2779,99.481,108,4236.81,53.544163,-243.281898
538909,2780,98.783,70,4237.32,53.123163,-245.325628
539040,2781,233.22,131,4238.27,50.859536,-243.579554
539188,2782,209.003,148,4239.32,50.297111,-244.80325
539282,2783,109.968,94,4239.98,55.987127,-245.32925
539408,2784,132.223,126,4240.86,51.814852,-244.320384
539560,2785,254.305,152,4241.91,49.907975,-244.571479
539636,2786,119.124,76,4242.45,52.596812,-245.254604
539719,2787,121.884,83,4243.03,52.922542,-243.792594
539810,2788,151.966,91,4243.67,51.545479,-244.868789
539905,2789,132.409,95,4244.35,50.762974,-244.181247
540010,2790,200.521,105,4245.85,51.898829,-243.904013
540115,2791,193.168,105,4246.63,53.13486,-243.877834
540206,2792,160.961,91,4247.29,50.800818,-244.259237
540304,2793,178.678,98,4248.01,51.914035,-242.308895
540397,2794,163.461,93,4248.65,50.298717,-242.798612
540493,2795,164.428,96,4249.31,53.560606,-243.568615
540589,2796,182.038,96,4249.98,50.515462,-242.730451
541281,2797,2875.768,692,4254.86,52.51675,-243.418564
542281,2798,3870.427,1000,4262.2,52.803444,-242.795036
542657,2799,1257.536,376,4264.96,50.931444,-242.547822
543657,2800,3857.568,1000,4272.33,54.025699,-242.848597
544657,2801,3971.163,1000,4279.83,53.681948,-242.840251
545657,2802,3985.415,1000,4287.17,53.567173,-243.006693
546657,2803,4032.442,1000,4294.7,52.690997,-242.958294
547466,2804,3300.315,809,4300.96,51.814021,-243.454717
548466,2805,4020.585,1000,4308.72,51.699971,-243.502198
549466,2806,4084.194,1000,4315.88,52.0381,-243.769553
550466,2807,4102.14,1000,4329.84,52.263606,-243.633075
551466,2808,4070.665,1000,4337.39,52.475639,-243.727706
552139,2809,2683.971,673,4342.37,52.262024,-243.922423
553139,2810,4102.089,1000,4349.75,51.41855,-244.552591
554139,2811,4004.934,1000,4357.1,51.987357,-244.712808
555002,2812,3567.868,863,4363.4,51.365589,-245.330624
556002,2813,3918.367,1000,4370.4,51.775573,-245.158502
557002,2814,4046.779,1000,4377.44,50.323654,-245.23242
558002,2815,4077.282,1000,4384.73,50.900776,-245.775548
558541,2816,2099.924,539,4388.94,51.371516,-245.937374
559541,2817,4067.842,1000,4395.89,50.627264,-245.733121
560541,2818,4099.16,1000,4408.61,51.42944,-246.164512
561119,2819,2351.706,578,4412.44,51.276081,-246.760372
562119,2820,4110.62,1000,4419.53,51.43402,-246.735841
563119,2821,4027.994,1000,4426.84,49.82713,-246.958684
564119,2822,4094.689,1000,4433.98,50.246302,-247.232454
565119,2823,4152.239,1000,4440.37,49.219396,-247.794605
565932,2824,3628.345,813,4445.64,50.360544,-247.893862
566731,2825,3148.765,799,4451.21,49.052581,-248.324521
567731,2826,4015.445,1000,4458.0,49.674952,-248.460597
568731,2827,3809.766,1000,4464.55,50.39696,-248.757757
569731,2828,4039.316,1000,4471.21,48.89633,-249.465941
570731,2829,3964.622,1000,4484.04,49.250177,-249.663664
571581,2830,3490.914,850,4489.75,49.427315,-250.130277
572581,2831,4028.399,1000,4496.81,48.818016,-250.097645
573195,2832,2343.521,614,4501.28,48.774095,-251.045109
574195,2833,4080.432,1000,4508.11,48.901583,-251.08888
575195,2834,4024.689,1000,4514.73,48.562276,-251.530147
576195,2835,4056.428,1000,4521.2,49.908872,-251.23503
577195,2836,4067.374,1000,4528.22,49.146404,-252.381413
578195,2837,3916.746,1000,4535.8,48.572966,-252.385379
579195,2838,4040.873,1000,4543.38,49.270982,-252.556917
580195,2839,3999.793,1000,4557.45,49.007428,-252.658618
581195,2840,3991.382,1000,4564.53,49.225078,-252.913671
582195,2841,3987.509,1000,4572.37,49.408251,-253.368479
583195,2842,3989.251,1000,4580.11,48.08239,-253.808991
584195,2843,4015.157,1000,4587.47,47.693976,-254.0912
585195,2844,4047.566,1000,4594.42,48.676372,-254.198985
585555,2845,1279.175,360,4596.91,47.654839,-254.562795
586555,2846,3997.891,1000,4603.83,48.149032,-255.039413
587422,2847,3504.345,867,4609.95,49.051537,-255.255722
588422,2848,3974.126,1000,4616.7,48.596984,-255.657817
589422,2849,4072.296,1000,4623.57,48.528477,-255.789699
590422,2850,4052.652,1000,4636.27,48.859796,-255.684922
591236,2851,3270.679,814,4642.08,48.985669,-256.260816
592236,2852,4006.152,1000,4649.4,48.344914,-256.207451
593236,2853,4135.347,1000,4657.27,48.506838,-256.377797
594236,2854,4138.254,1000,4664.67,48.247535,-256.539256
595236,2855,4107.044,1000,4671.94,48.306853,-257.180043
596236,2856,4076.505,1000,4679.53,47.781428,-257.056757
597236,2857,4055.755,1000,4687.13,47.909074,-257.216388
598236,2858,4106.42,1000,4694.61,47.990136,-257.38568
599060,2859,3438.219,824,4700.54,49.369397,-257.865321
599568,2860,1963.664,508,4704.34,48.314509,-258.137068
600568,2861,4206.359,1000,4717.95,47.302121,-258.083096
601568,2862,4042.869,1000,4725.19,47.584988,-258.710875
602568,2863,4106.293,1000,4732.35,48.418618,-259.039827
603196,2864,2512.074,628,4736.68,48.287923,-259.134743
604196,2865,4105.607,1000,4743.6,47.587258,-259.232216
604622,2866,1643.031,426,4746.58,45.72928,-259.291479
605622,2867,4080.81,1000,4753.62,47.040189,-259.729647
606622,2868,3985.829,1000,4760.75,48.164246,-260.076047
607622,2869,4033.613,1000,4767.61,47.165186,-259.804029
608622,2870,4135.097,1000,4774.62,46.266577,-260.183129
609622,2871,4185.832,1000,4781.75,46.359673,-260.718407
610622,2872,4115.018,1000,4794.79,47.088961,-260.871637
611581,2873,3959.588,959,4801.08,46.410818,-261.228328
612581,2874,4037.31,1000,4807.52,45.678032,-260.933078
613427,2875,3410.329,846,4813.45,47.386071,-261.370813
614427,2876,4022.305,1000,4820.18,46.873465,-261.51017
615427,2877,4042.485,1000,4826.6,46.80923,-261.990409
616427,2878,4117.382,1000,4833.11,45.672773,-262.185935
617383,2879,3993.098,956,4839.59,47.296176,-262.590409
618383,2880,4212.218,1000,4846.35,45.184322,-263.163981
619383,2881,4021.525,1000,4853.24,45.976453,-262.835422
619951,2882,2210.894,568,4856.83,45.301917,-262.645946
620951,2883,4137.397,1000,4869.05,46.434472,-262.868485
621951,2884,4157.228,1000,4875.83,47.255329,-263.061455
622821,2885,3709.934,870,4881.89,46.014678,-263.631078
623821,2886,4066.869,1000,4888.94,46.024738,-263.572412
624678,2887,3624.092,857,4895.65,46.074774,-264.223002
625678,2888,4220.603,1000,4903.49,45.67709,-264.194856
626678,2889,4199.172,1000,4912.24,45.101475,-264.577641
627678,2890,4054.379,1000,4921.05,45.632191,-264.979983
628678,2891,4148.847,1000,4929.77,45.775475,-265.083064
629678,2892,4214.779,1000,4938.67,44.452243,-265.471914
630109,2893,1616.332,431,4949.11,45.459828,-265.097092
631109,2894,4089.973,1000,4956.22,45.205296,-265.652344
632109,2895,4106.645,1000,4963.28,45.587701,-266.018061
633109,2896,4118.204,1000,4970.38,46.034739,-265.723188
634109,2897,4040.938,1000,4977.69,45.815578,-266.322792
635109,2898,4076.669,1000,4985.21,44.637309,-266.322844
636109,2899,4241.506,1000,4992.77,46.102213,-267.073806
637109,2900,4182.665,1000,5000.25,44.992673,-266.847639
637588,2901,1901.634,479,5003.83,45.872771,-266.796283
638588,2902,4125.059,1000,5011.38,46.046689,-267.404555
639588,2903,4194.708,1000,5018.81,46.455304,-267.580094
640588,2904,4192.023,1000,5032.3,45.488195,-268.379867
641588,2905,4064.701,1000,5040.28,45.433419,-267.590094
642000,2906,1567.098,412,5043.5,45.42595,-267.834022
643000,2907,4052.731,1000,5051.27,45.651016,-268.240635
643583,2908,2328.866,583,5056.06,45.779636,-268.484212
644199,2909,2517.926,616,5060.62,45.768182,-269.017398
645199,2910,4083.999,1000,5068.16,46.565188,-268.422455
645610,2911,1541.545,411,5071.26,45.913837,-268.340228
646020,2912,1539.548,410,5074.28,46.181345,-268.054295
646716,2913,2746.284,696,5079.48,45.919596,-269.041442
647716,2914,4180.842,1000,5086.74,45.547667,-269.093956
648716,2915,4171.87,1000,5094.04,47.420545,-268.939567
649716,2916,4138.412,1000,5101.3,46.699449,-269.218891
650301,2917,2353.44,585,5112.06,45.651437,-270.147018
651301,2918,4141.402,1000,5119.3,45.079637,-270.208421
651952,2919,2723.496,651,5124.0,45.792842,-270.185457
652813,2920,3513.793,861,5129.98,46.053143,-269.876584
653813,2921,4305.307,1000,5137.29,45.408721,-270.691878
654683,2922,3665.723,870,5143.52,45.944595,-271.230151
655468,2923,3247.925,785,5148.9,45.178043,-270.531334
656130,2924,2651.582,662,5153.48,46.727197,-270.244309
656604,2925,1825.273,474,5156.78,44.905428,-270.347714
657604,2926,4070.032,1000,5163.55,45.63551,-271.120829
658604,2927,4197.021,1000,5170.12,45.662606,-271.332952
659604,2928,4018.624,1000,5176.94,44.951117,-271.649215
660158,2929,2032.493,554,5187.03,46.121868,-271.86127
661158,2930,4092.884,1000,5193.62,45.554777,-272.154064
662158,2931,4137.788,1000,5200.19,46.194374,-271.718955
663158,2932,4244.677,1000,5207.01,45.263768,-271.553464
664158,2933,4148.82,1000,5214.06,46.148858,-272.357341
665158,2934,4100.176,1000,5220.44,45.513679,-272.777995
666158,2935,4083.743,1000,5226.65,45.434158,-273.037907
667158,2936,4062.817,1000,5233.34,45.441937,-273.087181
668158,2937,4146.705,1000,5240.17,46.612336,-273.225348
669158,2938,4124.675,1000,5247.21,45.880228,-273.283384
670158,2939,4067.188,1000,5262.17,45.890407,-273.293359
671158,2940,4112.711,1000,5269.98,45.446248,-273.865045
672158,2941,4225.182,1000,5277.88,45.487822,-274.021539
672707,2942,2284.27,549,5282.28,44.352574,-274.560229
673593,2943,3713.564,886,5289.37,44.976301,-274.154873
674593,2944,4028.259,1000,5297.49,46.09326,-274.514492
675593,2945,4172.904,1000,5305.31,45.25929,-274.706346
676593,2946,4185.966,1000,5312.56,45.433737,-274.917076
677593,2947,4227.88,1000,5319.8,45.21922,-274.853378
678593,2948,4258.196,1000,5327.09,45.090224,-275.028383
679593,2949,4067.686,1000,5334.31,44.94269,-274.721672
680593,2950,4154.607,1000,5347.37,44.440136,-275.131803
681593,2951,4206.654,1000,5354.6,44.362049,-275.680316
682593,2952,4223.243,1000,5362.06,45.11713,-275.785273
683593,2953,4200.689,1000,5369.29,44.512128,-276.253058
684593,2954,4152.132,1000,5376.53,44.666185,-276.054671
685593,2955,4186.064,1000,5384.29,45.252976,-276.105426
686593,2956,4137.013,1000,5391.89,44.770596,-276.572197
687593,2957,4183.368,1000,5399.55,44.82081,-276.688422
688593,2958,4212.362,1000,5406.87,44.394984,-276.47667
689593,2959,4102.862,1000,5414.99,44.610157,-276.930197
690593,2960,4126.0,1000,5430.16,44.372109,-277.122094
691593,2961,4075.189,1000,5437.21,44.426342,-277.535507
692593,2962,4228.007,1000,5443.93,44.234791,-277.677537
693593,2963,4160.045,1000,5450.25,44.37572,-277.432045
694451,2964,3593.442,858,5455.79,46.266682,-277.908588
695451,2965,4327.674,1000,5462.87,44.407833,-278.365647
696451,2966,4259.161,1000,5470.01,45.485446,-278.296776
697413,2967,4090.583,962,5476.86,44.648687,-278.057273
698122,2968,3074.197,709,5481.77,45.151529,-278.771579
699122,2969,4133.663,1000,5488.56,44.469097,-278.419162
700122,2970,4071.412,1000,5501.68,43.811041,-279.131494
701122,2971,4280.677,1000,5509.14,44.493242,-279.080705
702122,2972,4227.163,1000,5515.81,43.922223,-279.012512
703122,2973,4057.205,1000,5522.12,44.196005,-278.879213
704122,2974,4057.773,1000,5528.97,44.805116,-279.46638
704577,2975,1716.179,455,5532.14,43.612287,-279.360028
705577,2976,4170.571,1000,5538.99,44.008302,-279.50093
706577,2977,4081.968,1000,5545.54,44.498266,-279.526786
707577,2978,4193.493,1000,5552.03,43.586263,-279.872126
708577,2979,4180.853,1000,5558.38,43.935859,-280.535399
709577,2980,4050.714,1000,5565.06,44.594946,-280.492302
710577,2981,4145.627,1000,5577.96,44.966375,-280.570958
711093,2982,2126.937,516,5581.29,44.961914,-281.003066
711655,2983,2335.517,562,5585.17,45.512639,-280.255748
712655,2984,4098.447,1000,5591.92,43.403586,-281.167414
713655,2985,4167.218,1000,5598.72,43.49411,-280.90302
714655,2986,4144.194,1000,5605.98,43.609431,-280.889955
715655,2987,4216.205,1000,5614.2,43.764344,-281.562129
716655,2988,4215.182,1000,5622.44,44.618577,-282.039523
717655,2989,4080.109,1000,5630.65,43.587113,-282.161624
718655,2990,4267.057,1000,5638.65,43.042608,-281.839954
719655,2991,4083.14,1000,5647.02,43.262582,-282.252064
720655,2992,4283.282,1000,5662.66,43.865139,-282.67
721328,2993,2782.671,673,5667.53,44.859037,-282.035892
722328,2994,4149.997,1000,5674.54,43.228819,-282.641644
723328,2995,4225.407,1000,5681.49,43.725045,-282.845282
724328,2996,4227.04,1000,5688.46,43.884847,-283.020562
725328,2997,4372.424,1000,5695.4,42.950306,-283.35844
726328,2998,4073.666,1000,5702.71,43.541131,-283.341628
727328,2999,4237.005,1000,5710.07,43.021589,-283.236359
728328,3000,4234.344,1000,5717.47,42.988456,-283.29509
729328,3001,4199.948,1000,5724.71,43.225002,-283.704369
730328,3002,4194.646,1000,5737.93,44.065843,-284.014175
731328,3003,4086.416,1000,5744.84,42.621057,-284.200816
732328,3004,4267.667,1000,5751.96,43.732335,-284.351817
733328,3005,4160.758,1000,5758.87,43.578281,-284.28984
734328,3006,4128.394,1000,5766.55,42.953281,-284.495747
735328,3007,4067.227,1000,5773.78,42.495926,-284.830398
736328,3008,4039.187,1000,5781.53,42.740154,-284.953599
736712,3009,1432.755,384,5784.47,43.096254,-285.123963
737712,3010,4141.421,1000,5791.82,43.607941,-285.136633
738712,3011,3933.639,1000,5798.58,43.087822,-286.010513
739712,3012,4014.102,1000,5805.37,43.087399,-285.501225
740712,3013,4046.619,1000,5818.23,43.059447,-285.935579
741712,3014,4132.878,1000,5825.26,42.691005,-285.46503
742712,3015,4099.675,1000,5832.42,42.571066,-286.41255
743712,3016,4214.446,1000,5839.36,43.349947,-285.804386
744712,3017,4192.776,1000,5846.12,42.869062,-286.159903
745712,3018,4192.716,1000,5852.58,42.672532,-286.254428
746712,3019,4329.213,1000,5859.26,42.295744,-286.415008
747712,3020,4051.471,1000,5866.23,42.533177,-287.220432
748712,3021,4167.404,1000,5873.14,42.507358,-286.885841
749712,3022,4161.508,1000,5879.92,42.345822,-287.419755
750712,3023,4140.911,1000,5892.7,42.359014,-287.38588
751712,3024,4310.603,1000,5899.5,43.076349,-286.841235
752712,3025,4037.615,1000,5906.24,42.659011,-287.438886
753712,3026,4170.193,1000,5912.5,43.070755,-287.789075
754712,3027,4075.545,1000,5919.0,42.863659,-287.639689
755712,3028,4283.075,1000,5925.93,42.428321,-287.73479
756217,3029,1967.259,505,5929.57,42.858969,-288.377801
757217,3030,4202.937,1000,5936.54,42.829194,-288.392492
758217,3031,4146.057,1000,5943.11,42.485342,-288.052991
759217,3032,4211.535,1000,5949.95,43.204427,-288.256218
760217,3033,4172.417,1000,5963.05,42.307888,-288.918584
761093,3034,3816.169,876,5969.63,42.527467,-288.950292
762093,3035,4013.273,1000,5977.33,42.66252,-288.778032
763093,3036,4026.352,1000,5985.45,42.120022,-288.868857
764093,3037,4292.433,1000,5993.48,43.056029,-289.302192
765093,3038,4071.067,1000,6001.18,42.251608,-289.467337
766093,3039,4098.829,1000,6008.98,42.271843,-289.333025
767093,3040,4343.522,1000,6016.79,41.854665,-289.130386
768093,3041,4081.666,1000,6024.65,41.69226,-289.3233
769093,3042,4224.671,1000,6031.66,41.832131,-289.421599
770093,3043,4184.798,1000,6044.69,41.75911,-289.739763
771093,3044,4138.501,1000,6051.43,42.472872,-289.898043
772093,3045,4187.197,1000,6058.16,42.554375,-290.239259
773093,3046,4099.743,1000,6065.42,42.492039,-290.558433
774093,3047,4108.649,1000,6072.69,41.591589,-290.282532
775093,3048,4263.539,1000,6080.13,41.845259,-290.374816
776093,3049,4184.591,1000,6087.36,41.983819,-290.840204
777093,3050,4246.711,1000,6095.07,42.2616,-290.777794
778059,3051,4102.884,966,6102.5,42.057847,-290.213364
779059,3052,4067.821,1000,6110.71,41.407444,-290.915257
780059,3053,4121.972,1000,6127.2,41.408338,-290.919136
781059,3054,4235.14,1000,6135.05,41.860894,-291.654003
782059,3055,4092.633,1000,6142.8,43.436687,-291.108255
783059,3056,4138.936,1000,6149.84,42.468186,-291.722553
784059,3057,4078.578,1000,6156.87,42.711359,-291.43759
785059,3058,4154.192,1000,6163.61,42.146251,-291.946056
786059,3059,4018.885,1000,6170.5,42.237467,-291.801475
787059,3060,4224.76,1000,6177.22,41.973121,-292.142684
788059,3061,4167.702,1000,6184.67,41.915499,-292.201401
789059,3062,4279.955,1000,6191.98,41.900958,-292.005952
790059,3063,4129.053,1000,6205.35,41.764148,-292.423204
791059,3064,4188.607,1000,6211.71,40.9302,-293.110142
792059,3065,4079.782,1000,6218.71,42.202807,-292.635761
793059,3066,4172.597,1000,6226.0,42.295898,-292.421374
794059,3067,4080.342,1000,6232.62,42.712731,-292.963426
795059,3068,4089.661,1000,6238.91,41.685754,-293.407185
796059,3069,4065.124,1000,6245.35,41.946174,-294.025394
797059,3070,4113.82,1000,6252.09,42.285664,-293.355528
798059,3071,4065.466,1000,6258.86,41.994738,-294.467298
799059,3072,4128.001,1000,6265.66,42.267191,-293.86711
800059,3073,4143.492,1000,6278.05,41.314757,-294.309213
801059,3074,4027.079,1000,6284.65,41.627672,-294.917385
802059,3075,4083.982,1000,6291.26,42.769593,-294.890975
803059,3076,4210.17,1000,6297.91,42.139934,-294.931309
804059,3077,4187.488,1000,6304.7,41.873686,-295.560986
805059,3078,4173.919,1000,6311.28,42.113859,-295.770055
806059,3079,4198.169,1000,6317.86,42.160758,-295.671698
807059,3080,4096.082,1000,6324.83,40.793093,-295.654482
808059,3081,4177.393,1000,6332.74,41.410598,-296.324267
809059,3082,4065.831,1000,6340.17,42.865039,-295.867514
810059,3083,4125.743,1000,6354.37,42.107754,-295.86731
811059,3084,4175.823,1000,6361.46,41.918097,-297.13079
812059,3085,4152.602,1000,6368.79,42.327854,-296.810041
813059,3086,4116.83,1000,6375.86,42.635419,-296.685849
814059,3087,4225.557,1000,6383.72,42.1511,-296.963993
815059,3088,4228.93,1000,6390.68,42.590482,-296.544075
816059,3089,4232.45,1000,6397.66,42.26027,-296.765683
817059,3090,4138.611,1000,6404.58,42.889515,-296.842061
818059,3091,4117.502,1000,6411.44,41.871257,-297.250132
819059,3092,4018.677,1000,6418.72,42.677414,-296.630295
820059,3093,4120.233,1000,6433.78,42.670348,-297.380436
821059,3094,4178.431,1000,6441.39,41.073674,-297.133829
822059,3095,4153.621,1000,6448.65,41.586664,-297.444393
823059,3096,4192.623,1000,6456.8,42.046189,-297.419195
824059,3097,4123.021,1000,6464.51,41.393671,-297.644958
825059,3098,4138.7,1000,6472.0,41.549864,-297.624967
826059,3099,4138.659,1000,6478.85,41.502015,-297.767039
827059,3100,4095.899,1000,6486.01,42.261372,-298.004557
827719,3101,2627.628,660,6490.81,41.607226,-297.512155
828719,3102,4088.366,1000,6497.85,41.909963,-298.127736
829719,3103,4091.41,1000,6505.01,40.750973,-297.915566
830719,3104,4179.573,1000,6518.05,41.553903,-298.347745
831719,3105,4110.273,1000,6524.78,41.343143,-298.003612
832719,3106,4165.745,1000,6531.28,40.696217,-298.673798
833719,3107,4165.535,1000,6538.24,41.470503,-298.669032
834719,3108,4154.634,1000,6544.92,41.772787,-298.449408
835719,3109,4174.615,1000,6551.63,41.215348,-298.330962
836719,3110,4098.663,1000,6558.6,41.818597,-298.454766
837719,3111,4109.573,1000,6565.31,41.953798,-299.273308
838719,3112,4205.613,1000,6571.84,41.3358,-299.069165
839719,3113,4137.6,1000,6578.65,40.8957,-298.929711
840719,3114,4102.073,1000,6591.45,41.249134,-299.415531
841719,3115,4066.669,1000,6598.4,40.939035,-299.39246
842719,3116,4179.641,1000,6605.05,40.871881,-299.729517
843719,3117,4182.791,1000,6611.92,40.721353,-299.663657
844719,3118,4214.507,1000,6618.74,40.39329,-299.613016
845719,3119,4014.433,1000,6625.36,41.19541,-299.803118
846719,3120,4158.553,1000,6631.93,40.551358,-300.199076
847719,3121,4160.101,1000,6638.85,40.86202,-300.432597
848719,3122,4050.861,1000,6645.74,40.896078,-300.438615
849719,3123,4045.618,1000,6652.43,40.923977,-300.589829
850719,3124,4109.891,1000,6665.03,40.633899,-300.676695
851719,3125,4179.181,1000,6671.99,40.200706,-300.92204
852719,3126,4101.938,1000,6678.96,39.848137,-300.675589
853719,3127,4211.332,1000,6685.73,40.817686,-300.910616
854719,3128,4132.082,1000,6693.36,39.912043,-301.056333
855719,3129,4268.815,1000,6701.22,40.373757,-301.454128
856719,3130,4226.533,1000,6709.71,41.136219,-301.627076
857719,3131,4201.038,1000,6717.82,39.558771,-301.447062
858719,3132,4151.818,1000,6726.09,41.141595,-301.690305
859719,3133,4228.9,1000,6734.39,39.325591,-302.49953
860719,3134,4050.084,1000,6749.56,38.845557,-302.259851
861719,3135,4076.624,1000,6756.54,40.323294,-302.778326
862719,3136,4162.222,1000,6763.57,39.221091,-302.776682
863719,3137,4033.586,1000,6770.48,39.788121,-302.237049
864719,3138,4233.708,1000,6777.46,39.871941,-302.696737
865719,3139,4332.403,1000,6784.85,39.926323,-302.851607
866719,3140,4155.195,1000,6792.22,39.30097,-302.96679
867719,3141,4072.768,1000,6799.49,40.139773,-302.882149
868719,3142,4178.806,1000,6806.71,39.824365,-302.807581
869719,3143,4115.945,1000,6813.8,39.760651,-303.516642
870719,3144,4154.49,1000,6826.82,39.701471,-302.998326
871719,3145,4280.452,1000,6833.94,39.926877,-303.696393
872719,3146,4157.704,1000,6841.47,40.591128,-303.074938
873719,3147,4198.693,1000,6848.95,39.684388,-304.348631
874719,3148,4193.654,1000,6856.64,40.92001,-303.490158
875719,3149,4204.59,1000,6864.43,40.305345,-303.944575
876719,3150,4191.437,1000,6871.36,39.511948,-303.942648
877719,3151,4199.349,1000,6878.09,40.219058,-303.88677
878719,3152,4226.478,1000,6884.97,39.391318,-303.463956
879719,3153,4177.483,1000,6891.9,39.396565,-304.556321
880719,3154,4258.792,1000,6905.03,40.045687,-304.510122
881719,3155,4204.227,1000,6912.37,39.949819,-304.619171
882719,3156,4278.919,1000,6919.58,39.762747,-304.181198
883719,3157,4190.173,1000,6926.72,40.241225,-304.13354
884719,3158,4215.492,1000,6933.58,39.743714,-304.075728
885719,3159,4279.712,1000,6941.01,39.173597,-304.532827
886719,3160,4128.112,1000,6948.18,38.91763,-305.321619
887719,3161,4202.326,1000,6954.76,38.963785,-304.828701
888719,3162,4199.522,1000,6961.53,39.838891,-305.559617
889719,3163,4338.09,1000,6968.94,40.327334,-305.081658
890719,3164,4135.671,1000,6981.92,39.051881,-305.627914
891719,3165,4186.607,1000,6988.4,39.658009,-305.924163
892719,3166,4168.272,1000,6994.84,38.826284,-306.06202
893719,3167,4222.189,1000,7001.78,40.039835,-306.305143
894719,3168,4256.244,1000,7008.75,39.299052,-306.604275
895719,3169,4142.544,1000,7015.46,40.327393,-306.455325
896719,3170,4200.798,1000,7021.71,40.519777,-306.300388
897719,3171,4258.162,1000,7028.03,39.135765,-307.006917
898719,3172,4274.749,1000,7034.64,39.505509,-307.190822
899719,3173,4137.976,1000,7041.15,39.400378,-306.843174
900719,3174,4175.127,1000,7055.5,40.151841,-307.425172
901719,3175,4168.694,1000,7063.22,40.051888,-307.375577
902719,3176,4175.066,1000,7070.76,38.934222,-306.966097
903719,3177,4185.508,1000,7078.82,39.636934,-307.82503
904719,3178,4273.36,1000,7086.94,39.259066,-307.673819
905719,3179,4197.826,1000,7094.95,38.827463,-307.571415
906719,3180,4288.664,1000,7103.13,39.270811,-307.655224
907719,3181,4119.994,1000,7110.62,39.044209,-307.819644
908719,3182,4205.151,1000,7117.95,39.392122,-307.657769
909719,3183,4100.288,1000,7125.23,39.408868,-308.409646
910719,3184,4212.31,1000,7138.92,38.909254,-308.747834
911719,3185,4170.875,1000,7146.21,39.29119,-308.0916
912719,3186,4145.995,1000,7153.54,38.64622,-309.046265
913719,3187,4271.872,1000,7160.73,39.697642,-309.154817
914719,3188,4246.89,1000,7167.87,39.699604,-308.686427
915719,3189,4206.187,1000,7174.98,38.776942,-309.544025
916719,3190,4265.274,1000,7181.88,39.667886,-309.329431
917719,3191,4207.98,1000,7188.9,38.959295,-309.408507
918719,3192,4145.767,1000,7195.86,39.927628,-309.355643
919719,3193,4239.326,1000,7203.16,39.731544,-309.085493
920719,3194,4188.161,1000,7218.6,38.722782,-309.566782
921719,3195,4177.977,1000,7226.64,39.322992,-309.526435
922719,3196,4186.39,1000,7233.59,39.755813,-309.719498
923719,3197,4280.137,1000,7239.94,39.223185,-309.58696
924719,3198,4172.366,1000,7246.4,39.595302,-309.588341
925719,3199,4286.272,1000,7253.34,38.538083,-309.856092
926719,3200,4247.267,1000,7260.36,38.88112,-309.836988
927719,3201,4128.307,1000,7267.29,40.171384,-310.453251
928719,3202,4236.019,1000,7274.41,38.559673,-310.118756
929719,3203,4131.503,1000,7281.31,39.499208,-310.426362
930719,3204,4176.806,1000,7294.83,39.016272,-310.794451
931719,3205,4276.809,1000,7302.14,39.51017,-310.994843
932719,3206,4201.582,1000,7310.05,39.979446,-310.722359
933719,3207,4141.136,1000,7316.89,39.012523,-310.965286
934719,3208,4240.529,1000,7323.73,40.18206,-311.120438
935719,3209,4244.438,1000,7330.37,41.479233,-310.947115
936719,3210,4233.732,1000,7337.02,40.359325,-311.40788
937719,3211,4351.886,1000,7343.74,40.111206,-311.239923
938719,3212,4304.129,1000,7350.26,40.052032,-311.244663
939719,3213,4276.819,1000,7357.07,39.477044,-311.52976
940719,3214,4174.698,1000,7370.06,39.955618,-311.499437
941719,3215,4290.164,1000,7376.63,39.879534,-311.263188
942719,3216,4111.811,1000,7382.96,39.061529,-311.684099
943719,3217,4161.044,1000,7389.79,40.736579,-311.275126
944719,3218,4157.027,1000,7396.84,38.947718,-311.89825
945719,3219,4077.528,1000,7403.97,39.127826,-312.032696
946719,3220,4253.465,1000,7411.77,39.006539,-312.11911
947719,3221,4349.763,1000,7419.59,39.936219,-311.727053
948719,3222,4138.766,1000,7427.45,40.040418,-312.003162
949719,3223,4163.086,1000,7435.27,39.98245,-312.154384
950719,3224,4245.007,1000,7451.19,39.70009,-312.156414
951719,3225,4352.708,1000,7459.11,39.365555,-312.59107
952719,3226,4180.506,1000,7466.74,39.02741,-312.904214
953719,3227,4316.798,1000,7473.75,39.267762,-312.73569
954719,3228,4217.402,1000,7480.72,39.170675,-313.219182
955719,3229,4237.035,1000,7487.61,38.820018,-313.192132
956719,3230,4265.373,1000,7494.48,37.796406,-313.201171
957719,3231,4144.64,1000,7502.06,39.627932,-313.029303
958719,3232,4201.309,1000,7509.34,38.329772,-313.924246
959719,3233,4096.416,1000,7516.25,38.429237,-313.295442
960719,3234,4127.465,1000,7529.81,38.239873,-313.897031
961719,3235,4102.549,1000,7537.61,37.422709,-313.715007
962719,3236,4194.897,1000,7545.1,38.604773,-314.026481
963719,3237,4242.645,1000,7552.75,37.297683,-314.21634
964719,3238,4235.79,1000,7560.7,37.913863,-314.032511
965719,3239,4147.759,1000,7568.97,38.190495,-314.228511
966719,3240,4289.512,1000,7577.31,37.055341,-314.815277
967719,3241,4217.471,1000,7585.56,37.799012,-314.42994
968719,3242,4225.173,1000,7592.39,37.141338,-314.301553
969719,3243,4144.788,1000,7598.6,38.227134,-314.537524
970719,3244,4254.908,1000,7611.09,38.056767,-314.670203
971719,3245,4244.232,1000,7618.19,37.863893,-314.718407
972719,3246,4123.127,1000,7625.54,36.879512,-315.005399
973719,3247,4308.742,1000,7632.88,38.40928,-315.589392
974719,3248,4252.491,1000,7640.05,37.630526,-315.92209
975719,3249,4212.181,1000,7647.16,38.288392,-315.141896
976719,3250,4194.42,1000,7654.33,38.569113,-315.696562
977719,3251,4149.762,1000,7661.15,37.835052,-315.962521
978719,3252,4353.125,1000,7667.92,37.934887,-316.076638
979719,3253,4224.109,1000,7674.65,37.81671,-315.860177
980719,3254,4295.748,1000,7687.65,37.845737,-316.310434
981719,3255,4219.073,1000,7694.43,37.31069,-316.257339
982719,3256,4223.24,1000,7701.53,37.618806,-316.206543
983719,3257,4276.101,1000,7707.96,38.702329,-316.431332
984719,3258,4316.03,1000,7714.31,38.021514,-316.204553
985719,3259,4258.795,1000,7720.88,37.780223,-316.545718
986719,3260,4380.175,1000,7727.7,37.455385,-316.784958
987719,3261,4161.659,1000,7734.35,37.098976,-316.620675
988719,3262,4282.131,1000,7740.98,36.928728,-316.323574
989719,3263,4141.111,1000,7747.85,37.53519,-316.976329
990719,3264,4158.693,1000,7761.47,37.504924,-316.807667
991719,3265,4078.484,1000,7768.84,36.955213,-317.126125
992719,3266,4241.391,1000,7776.72,38.486022,-316.535083
993719,3267,4253.149,1000,7784.74,36.661921,-316.191696
994719,3268,4214.736,1000,7792.48,36.889446,-316.612271
995719,3269,4285.993,1000,7800.36,36.824475,-316.974719
996719,3270,4292.719,1000,7808.35,37.074452,-317.101626
997719,3271,4333.951,1000,7816.32,37.127551,-316.725661
998719,3272,4188.834,1000,7824.31,36.885658,-316.617614
999719,3273,4246.227,1000,7831.21,36.936301,-317.151611
