timestep,episode,episode_reward,episode_length,wall_time,critic_loss,actor_loss
38,0,22.415,38,0.01,,
50,1,7.923,12,0.01,,
68,2,18.148,18,0.01,,
81,3,9.925,13,0.02,,
103,4,22.222,22,0.02,,
117,5,9.48,14,0.02,,
141,6,13.483,24,0.02,,
154,7,10.472,13,0.03,,
175,8,17.848,21,0.03,,
195,9,18.115,20,0.03,,
213,10,12.962,18,0.04,,
280,11,77.037,67,0.05,,
292,12,10.706,12,0.05,,
312,13,10.645,20,0.05,,
327,14,9.187,15,0.05,,
340,15,6.241,13,0.06,,
363,16,22.969,23,0.06,,
377,17,12.273,14,0.06,,
387,18,5.573,10,0.06,,
418,19,22.859,31,0.07,,
435,20,13.325,17,0.07,,
465,21,19.479,30,0.07,,
485,22,21.705,20,0.08,,
513,23,29.291,28,0.08,,
537,24,14.772,24,0.09,,
576,25,34.946,39,0.09,,
592,26,8.198,16,0.09,,
613,27,11.209,21,0.1,,
631,28,10.969,18,0.1,,
643,29,7.926,12,0.1,,
680,30,30.862,37,0.11,,
710,31,25.711,30,0.11,,
724,32,9.153,14,0.11,,
741,33,11.86,17,0.12,,
764,34,20.913,23,0.12,,
776,35,8.002,12,0.12,,
816,36,31.219,40,0.13,,
830,37,9.868,14,0.13,,
848,38,8.323,18,0.13,,
862,39,12.441,14,0.14,,
883,40,14.814,21,0.14,,
912,41,35.326,29,0.14,,
926,42,10.975,14,0.15,,
943,43,14.925,17,0.15,,
969,44,6.195,26,0.15,,
1000,45,37.993,31,0.16,,
1010,46,5.403,10,0.16,,
1074,47,101.161,64,0.17,,
1093,48,5.619,19,0.17,,
1114,49,13.815,21,0.17,,
1128,50,5.464,14,0.18,,
1146,51,13.551,18,0.18,,
1178,52,27.577,32,0.19,,
1204,53,5.934,26,0.19,,
1241,54,31.033,37,0.2,,
1258,55,12.041,17,0.2,,
1279,56,10.859,21,0.2,,
1297,57,15.895,18,0.2,,
1316,58,11.587,19,0.21,,
1342,59,28.35,26,0.21,,
1387,60,61.366,45,0.22,,
1404,61,10.29,17,0.22,,
1427,62,16.796,23,0.22,,
1441,63,8.854,14,0.23,,
1461,64,9.263,20,0.23,,
1470,65,6.423,9,0.23,,
1485,66,9.477,15,0.23,,
1498,67,6.836,13,0.23,,
1512,68,9.429,14,0.24,,
1530,69,13.175,18,0.24,,
1542,70,8.808,12,0.24,,
1561,71,15.715,19,0.24,,
1575,72,7.942,14,0.24,,
1589,73,9.069,14,0.25,,
1603,74,10.472,14,0.25,,
1632,75,20.948,29,0.25,,
1663,76,11.659,31,0.26,,
1683,77,18.649,20,0.26,,
1714,78,19.143,31,0.27,,
1756,79,39.822,42,0.27,,
1771,80,7.684,15,0.27,,
1794,81,22.665,23,0.28,,
1828,82,31.647,34,0.28,,
1842,83,10.019,14,0.28,,
1859,84,8.455,17,0.29,,
1884,85,23.997,25,0.29,,
1900,86,12.128,16,0.29,,
1921,87,24.39,21,0.3,,
1933,88,9.328,12,0.3,,
1954,89,17.082,21,0.3,,
1977,90,17.004,23,0.31,,
1993,91,13.32,16,0.31,,
2023,92,19.562,30,0.31,,
2037,93,8.597,14,0.32,,
2054,94,14.897,17,0.32,,
2077,95,17.062,23,0.32,,
2105,96,18.896,28,0.33,,
2120,97,5.995,15,0.33,,
2150,98,28.023,30,0.33,,
2174,99,19.924,24,0.34,,
2190,100,8.66,16,0.34,,
2204,101,10.129,14,0.34,,
2216,102,8.41,12,0.34,,
2238,103,17.471,22,0.35,,
2252,104,9.297,14,0.35,,
2265,105,8.307,13,0.35,,
2283,106,18.191,18,0.35,,
2296,107,7.368,13,0.36,,
2309,108,9.486,13,0.36,,
2322,109,11.187,13,0.36,,
2340,110,13.709,18,0.36,,
2356,111,13.59,16,0.36,,
2374,112,17.126,18,0.37,,
2395,113,17.813,21,0.37,,
2426,114,36.427,31,0.37,,
2443,115,14.38,17,0.38,,
2489,116,71.479,46,0.4,,
2511,117,21.973,22,0.4,,
2523,118,9.298,12,0.4,,
2534,119,8.202,11,0.41,,
2557,120,10.912,23,0.41,,
2572,121,10.444,15,0.41,,
2600,122,22.367,28,0.42,,
2624,123,10.22,24,0.42,,
2646,124,25.3,22,0.42,,
2667,125,11.56,21,0.43,,
2683,126,11.933,16,0.43,,
2719,127,24.249,36,0.43,,
2754,128,25.284,35,0.44,,
2775,129,9.368,21,0.44,,
2786,130,7.597,11,0.44,,
2830,131,57.233,44,0.45,,
2860,132,31.192,30,0.46,,
2870,133,6.736,10,0.46,,
2885,134,10.067,15,0.46,,
2925,135,24.806,40,0.46,,
2940,136,7.158,15,0.47,,
2959,137,18.664,19,0.47,,
2980,138,19.813,21,0.47,,
3016,139,12.15,36,0.48,,
3038,140,8.29,22,0.48,,
3058,141,11.175,20,0.48,,
3083,142,28.118,25,0.49,,
3097,143,11.762,14,0.49,,
3116,144,11.295,19,0.49,,
3140,145,10.09,24,0.5,,
3157,146,12.361,17,0.5,,
3192,147,37.141,35,0.5,,
3207,148,9.423,15,0.51,,
3236,149,27.422,29,0.51,,
3259,150,23.438,23,0.51,,
3284,151,15.647,25,0.52,,
3296,152,7.147,12,0.52,,
3316,153,16.946,20,0.52,,
3331,154,12.975,15,0.52,,
3348,155,6.683,17,0.53,,
3359,156,6.151,11,0.53,,
3385,157,16.086,26,0.53,,
3415,158,41.813,30,0.54,,
3441,159,32.281,26,0.54,,
3471,160,35.056,30,0.55,,
3496,161,15.348,25,0.55,,
3538,162,28.407,42,0.56,,
3569,163,10.854,31,0.56,,
3597,164,27.884,28,0.56,,
3626,165,20.987,29,0.57,,
3648,166,10.941,22,0.57,,
3665,167,15.372,17,0.57,,
3715,168,60.247,50,0.58,,
3728,169,8.891,13,0.58,,
3750,170,18.594,22,0.59,,
3762,171,7.759,12,0.59,,
3777,172,11.098,15,0.59,,
3822,173,45.162,45,0.6,,
3836,174,10.771,14,0.6,,
3858,175,11.291,22,0.61,,
3875,176,15.951,17,0.61,,
3897,177,12.391,22,0.61,,
3913,178,14.519,16,0.61,,
3943,179,9.135,30,0.62,,
3964,180,12.893,21,0.62,,
3978,181,10.049,14,0.62,,
3998,182,23.369,20,0.63,,
4009,183,7.291,11,0.63,,
4022,184,10.819,13,0.63,,
4042,185,12.077,20,0.63,,
4059,186,10.101,17,0.64,,
4071,187,9.219,12,0.64,,
4105,188,27.415,34,0.64,,
4132,189,19.26,27,0.65,,
4160,190,17.827,28,0.65,,
4178,191,13.175,18,0.65,,
4192,192,10.623,14,0.65,,
4204,193,7.093,12,0.66,,
4239,194,27.863,35,0.66,,
4257,195,16.285,18,0.66,,
4268,196,6.988,11,0.67,,
4297,197,32.543,29,0.67,,
4320,198,24.111,23,0.67,,
4348,199,19.57,28,0.68,,
4368,200,13.291,20,0.68,,
4404,201,36.879,36,0.69,,
4422,202,16.077,18,0.69,,
4433,203,8.272,11,0.69,,
4463,204,8.697,30,0.7,,
4479,205,15.039,16,0.7,,
4498,206,16.696,19,0.7,,
4556,207,31.271,58,0.71,,
4579,208,18.773,23,0.71,,
4590,209,5.886,11,0.72,,
4611,210,14.027,21,0.72,,
4623,211,8.02,12,0.72,,
4639,212,10.37,16,0.72,,
4681,213,14.707,42,0.73,,
4689,214,4.935,8,0.73,,
4700,215,7.008,11,0.73,,
4724,216,17.412,24,0.74,,
4752,217,14.331,28,0.74,,
4767,218,10.92,15,0.74,,
4812,219,36.241,45,0.75,,
4830,220,12.68,18,0.75,,
4842,221,9.666,12,0.76,,
4871,222,10.486,29,0.76,,
4905,223,33.233,34,0.77,,
4923,224,16.717,18,0.77,,
4941,225,7.169,18,0.77,,
4959,226,15.211,18,0.77,,
5002,227,12.29,43,0.78,,
5027,228,27.55,25,0.78,,
5045,229,14.822,18,0.79,,
5059,230,7.434,14,0.79,,
5084,231,12.911,25,0.79,,
5120,232,60.568,36,0.8,,
5136,233,10.07,16,0.8,,
5150,234,11.873,14,0.8,,
5167,235,15.103,17,0.8,,
5197,236,21.064,30,0.81,,
5227,237,33.43,30,0.81,,
5315,238,120.907,88,0.83,,
5331,239,12.694,16,0.83,,
5345,240,11.377,14,0.84,,
5357,241,8.298,12,0.84,,
5377,242,17.325,20,0.84,,
5392,243,6.503,15,0.84,,
5412,244,10.703,20,0.85,,
5423,245,8.731,11,0.85,,
5456,246,42.098,33,0.85,,
5475,247,16.435,19,0.86,,
5523,248,34.663,48,0.86,,
5533,249,7.381,10,0.87,,
5556,250,14.174,23,0.87,,
5577,251,12.579,21,0.88,,
5598,252,11.638,21,0.88,,
5633,253,7.385,35,0.89,,
5648,254,7.331,15,0.89,,
5675,255,6.142,27,0.89,,
5708,256,14.866,33,0.9,,
5717,257,6.2,9,0.9,,
5731,258,11.874,14,0.9,,
5746,259,9.619,15,0.91,,
5770,260,17.877,24,0.91,,
5791,261,16.861,21,0.91,,
5809,262,14.61,18,0.91,,
5841,263,39.112,32,0.92,,
5858,264,7.265,17,0.92,,
5876,265,12.979,18,0.93,,
5903,266,11.521,27,0.93,,
5928,267,11.503,25,0.93,,
5940,268,10.263,12,0.94,,
5958,269,15.965,18,0.94,,
6007,270,42.385,49,0.95,,
6028,271,14.596,21,0.95,,
6067,272,28.401,39,0.96,,
6115,273,25.946,48,0.96,,
6174,274,42.392,59,0.97,,
6189,275,11.068,15,0.98,,
6220,276,35.287,31,0.98,,
6236,277,9.362,16,0.98,,
6250,278,8.993,14,0.99,,
6271,279,13.083,21,0.99,,
6305,280,14.203,34,0.99,,
6328,281,7.395,23,1.0,,
6342,282,12.775,14,1.0,,
6364,283,14.933,22,1.01,,
6378,284,11.15,14,1.01,,
6396,285,12.228,18,1.01,,
6426,286,10.481,30,1.02,,
6442,287,14.779,16,1.02,,
6452,288,7.09,10,1.02,,
6465,289,9.937,13,1.02,,
6481,290,14.993,16,1.03,,
6517,291,44.787,36,1.03,,
6526,292,6.082,9,1.03,,
6536,293,6.734,10,1.03,,
6561,294,14.921,25,1.04,,
6573,295,8.461,12,1.04,,
6587,296,10.513,14,1.04,,
6597,297,6.598,10,1.04,,
6613,298,8.519,16,1.05,,
6630,299,10.018,17,1.05,,
6659,300,7.338,29,1.05,,
6679,301,9.478,20,1.06,,
6694,302,11.32,15,1.06,,
6720,303,13.669,26,1.06,,
6730,304,6.607,10,1.06,,
6765,305,46.513,35,1.07,,
6778,306,11.759,13,1.07,,
6804,307,15.019,26,1.07,,
6831,308,24.53,27,1.08,,
6946,309,201.146,115,1.1,,
6999,310,33.357,53,1.11,,
7025,311,23.173,26,1.11,,
7040,312,5.214,15,1.11,,
7081,313,23.208,41,1.12,,
7113,314,22.131,32,1.12,,
7140,315,20.3,27,1.13,,
7166,316,29.567,26,1.13,,
7180,317,7.171,14,1.13,,
7201,318,16.237,21,1.14,,
7227,319,11.809,26,1.14,,
7258,320,10.787,31,1.15,,
7290,321,25.367,32,1.15,,
7322,322,20.156,32,1.16,,
7347,323,24.568,25,1.16,,
7378,324,36.909,31,1.17,,
7397,325,10.114,19,1.17,,
7413,326,6.926,16,1.17,,
7425,327,5.328,12,1.18,,
7458,328,10.461,33,1.18,,
7473,329,9.047,15,1.18,,
7490,330,8.441,17,1.19,,
7501,331,6.811,11,1.19,,
7531,332,21.311,30,1.19,,
7558,333,17.417,27,1.2,,
7582,334,9.91,24,1.2,,
7620,335,21.97,38,1.21,,
7652,336,19.907,32,1.21,,
7665,337,9.334,13,1.21,,
7689,338,25.856,24,1.22,,
7711,339,9.059,22,1.22,,
7735,340,10.746,24,1.22,,
7780,341,45.264,45,1.23,,
7815,342,43.936,35,1.23,,
7833,343,16.96,18,1.24,,
7880,344,53.145,47,1.24,,
7910,345,35.318,30,1.25,,
7923,346,9.03,13,1.25,,
7942,347,8.995,19,1.25,,
7960,348,6.813,18,1.26,,
7975,349,10.121,15,1.26,,
7994,350,15.219,19,1.26,,
8018,351,9.744,24,1.26,,
8051,352,32.349,33,1.27,,
8066,353,12.914,15,1.27,,
8088,354,6.019,22,1.27,,
8099,355,3.411,11,1.28,,
8130,356,7.202,31,1.28,,
8146,357,9.082,16,1.28,,
8158,358,6.632,12,1.29,,
8170,359,7.911,12,1.29,,
8235,360,99.502,65,1.3,,
8264,361,29.224,29,1.31,,
8280,362,13.77,16,1.32,,
8317,363,16.191,37,1.33,,
8330,364,6.597,13,1.33,,
8356,365,16.578,26,1.33,,
8383,366,14.872,27,1.34,,
8403,367,13.616,20,1.34,,
8414,368,2.861,11,1.34,,
8428,369,7.304,14,1.34,,
8441,370,8.61,13,1.35,,
8458,371,10.618,17,1.35,,
8497,372,24.854,39,1.36,,
8531,373,14.281,34,1.37,,
8557,374,23.129,26,1.37,,
8583,375,22.385,26,1.38,,
8600,376,7.396,17,1.38,,
8626,377,12.828,26,1.38,,
8645,378,13.932,19,1.38,,
8661,379,16.398,16,1.39,,
8674,380,10.142,13,1.39,,
8689,381,12.089,15,1.39,,
8711,382,15.663,22,1.39,,
8727,383,10.582,16,1.4,,
8796,384,109.969,69,1.41,,
8811,385,13.762,15,1.41,,
8835,386,21.807,24,1.41,,
8854,387,11.906,19,1.41,,
8892,388,49.52,38,1.42,,
8932,389,27.145,40,1.43,,
8953,390,22.174,21,1.43,,
8977,391,13.487,24,1.43,,
8992,392,8.986,15,1.44,,
9012,393,12.353,20,1.44,,
9029,394,8.589,17,1.44,,
9058,395,14.262,29,1.45,,
9070,396,9.562,12,1.45,,
9086,397,11.904,16,1.45,,
9103,398,18.348,17,1.45,,
9126,399,24.299,23,1.46,,
9144,400,14.961,18,1.46,,
9156,401,9.4,12,1.46,,
9184,402,15.131,28,1.46,,
9207,403,15.891,23,1.47,,
9225,404,10.858,18,1.47,,
9239,405,7.916,14,1.48,,
9267,406,16.623,28,1.48,,
9288,407,18.839,21,1.49,,
9306,408,8.669,18,1.49,,
9322,409,9.715,16,1.49,,
9355,410,18.072,33,1.5,,
9376,411,10.578,21,1.5,,
9394,412,19.355,18,1.5,,
9413,413,12.505,19,1.51,,
9440,414,13.143,27,1.51,,
9459,415,16.122,19,1.51,,
9478,416,19.897,19,1.52,,
9501,417,25.98,23,1.52,,
9520,418,11.895,19,1.52,,
9548,419,18.745,28,1.53,,
9565,420,6.732,17,1.53,,
9583,421,10.064,18,1.53,,
9606,422,22.068,23,1.54,,
9619,423,10.557,13,1.54,,
9702,424,130.39,83,1.55,,
9724,425,15.561,22,1.55,,
9750,426,23.987,26,1.56,,
9804,427,59.801,54,1.57,,
9815,428,7.281,11,1.57,,
9839,429,14.336,24,1.57,,
9866,430,16.123,27,1.58,,
9886,431,9.889,20,1.58,,
9909,432,20.125,23,1.59,,
9934,433,29.221,25,1.59,,
9973,434,36.81,39,1.6,,
10004,435,38.542,31,1.88,,
10038,436,11.596,34,1.89,,
10057,437,12.73,19,1.89,,
10078,438,10.974,21,1.9,,
10101,439,17.357,23,1.9,,
10138,440,11.514,37,1.91,,
10161,441,23.613,23,1.91,,
10187,442,23.619,26,1.91,,
10206,443,15.21,19,1.92,,
10224,444,8.598,18,1.92,,
10249,445,18.313,25,1.92,,
10267,446,9.646,18,1.92,,
10276,447,4.788,9,1.93,,
10286,448,4.551,10,1.93,,
10300,449,10.648,14,1.93,,
10309,450,5.249,9,1.93,,
10318,451,5.75,9,1.93,,
10347,452,26.52,29,1.94,,
10363,453,9.3,16,1.94,,
10374,454,8.518,11,1.94,,
10411,455,32.302,37,1.95,,
10435,456,17.68,24,1.95,,
10448,457,9.592,13,1.95,,
10460,458,8.462,12,1.95,,
10507,459,32.532,47,1.96,,
10540,460,26.009,33,1.97,,
10558,461,13.531,18,1.97,,
10577,462,9.337,19,1.97,,
10602,463,21.901,25,1.98,,
10622,464,19.37,20,1.98,,
10640,465,15.327,18,1.99,,
10660,466,19.084,20,1.99,,
10679,467,11.615,19,1.99,,
10703,468,12.952,24,2.0,,
10734,469,29.639,31,2.0,,
10769,470,41.535,35,2.01,,
10783,471,11.595,14,2.01,,
10823,472,55.951,40,2.01,,
10835,473,7.008,12,2.01,,
10861,474,21.805,26,2.02,,
10875,475,12.208,14,2.02,,
10895,476,11.684,20,2.02,,
10919,477,13.593,24,2.03,,
10968,478,39.414,49,2.03,,
10995,479,18.615,27,2.04,,
11024,480,11.624,29,2.04,,
11046,481,14.15,22,2.05,,
11054,482,4.014,8,2.05,,
11068,483,9.632,14,2.05,,
11085,484,18.087,17,2.05,,
11107,485,21.548,22,2.06,,
11127,486,9.201,20,2.06,,
11150,487,26.674,23,2.06,,
11164,488,9.874,14,2.06,,
11175,489,5.51,11,2.07,,
11184,490,6.618,9,2.07,,
11211,491,24.196,27,2.07,,
11237,492,17.005,26,2.08,,
11266,493,6.705,29,2.08,,
11299,494,7.62,33,2.09,,
11350,495,58.352,51,2.1,,
11368,496,11.914,18,2.1,,
11386,497,12.648,18,2.1,,
11405,498,14.87,19,2.1,,
11425,499,4.664,20,2.11,,
11442,500,11.601,17,2.11,,
11465,501,18.851,23,2.11,,
11491,502,22.883,26,2.12,,
11502,503,4.755,11,2.12,,
11517,504,10.784,15,2.12,,
11557,505,39.067,40,2.13,,
11577,506,18.347,20,2.13,,
11590,507,9.221,13,2.13,,
11603,508,11.345,13,2.13,,
11637,509,24.865,34,2.14,,
11660,510,13.458,23,2.14,,
11684,511,18.689,24,2.14,,
11707,512,22.329,23,2.15,,
11726,513,11.104,19,2.15,,
11751,514,16.123,25,2.15,,
11776,515,27.993,25,2.16,,
11787,516,5.153,11,2.16,,
11803,517,9.375,16,2.16,,
11817,518,12.346,14,2.16,,
11831,519,12.289,14,2.17,,
11846,520,8.147,15,2.17,,
11862,521,13.253,16,2.17,,
11872,522,4.49,10,2.17,,
11880,523,4.196,8,2.17,,
11901,524,9.116,21,2.18,,
11915,525,8.476,14,2.18,,
11944,526,35.113,29,2.18,,
11968,527,21.283,24,2.19,,
11986,528,6.731,18,2.19,,
12004,529,15.415,18,2.2,,
12020,530,12.519,16,2.2,,
12030,531,5.9,10,2.2,,
12060,532,22.029,30,2.21,,
12086,533,20.033,26,2.21,,
12155,534,125.456,69,2.22,,
12192,535,11.044,37,2.23,,
12207,536,9.344,15,2.23,,
12232,537,11.798,25,2.23,,
12257,538,21.797,25,2.24,,
12275,539,15.996,18,2.24,,
12298,540,18.808,23,2.24,,
12315,541,14.148,17,2.25,,
12358,542,24.77,43,2.25,,
12366,543,4.293,8,2.25,,
12380,544,11.866,14,2.26,,
12390,545,6.733,10,2.26,,
12417,546,20.922,27,2.26,,
12430,547,10.601,13,2.26,,
12444,548,11.339,14,2.27,,
12457,549,11.202,13,2.27,,
12486,550,17.662,29,2.27,,
12501,551,7.197,15,2.28,,
12518,552,10.511,17,2.28,,
12531,553,9.299,13,2.28,,
12551,554,17.014,20,2.29,,
12571,555,18.072,20,2.29,,
12584,556,9.258,13,2.29,,
12600,557,12.0,16,2.29,,
12614,558,10.47,14,2.29,,
12631,559,8.085,17,2.3,,
12645,560,12.875,14,2.3,,
12668,561,9.302,23,2.3,,
12735,562,48.435,67,2.31,,
12751,563,12.695,16,2.31,,
12765,564,8.318,14,2.32,,
12788,565,11.725,23,2.32,,
12797,566,6.831,9,2.32,,
12828,567,38.56,31,2.33,,
12853,568,24.789,25,2.33,,
12901,569,55.534,48,2.34,,
12914,570,8.234,13,2.34,,
12927,571,7.499,13,2.34,,
12977,572,72.712,50,2.35,,
13015,573,16.335,38,2.35,,
13045,574,30.884,30,2.36,,
13055,575,7.516,10,2.36,,
13077,576,27.479,22,2.36,,
13089,577,6.029,12,2.36,,
13107,578,9.506,18,2.37,,
13119,579,10.069,12,2.37,,
13143,580,16.601,24,2.37,,
13153,581,6.179,10,2.37,,
13163,582,6.536,10,2.37,,
13181,583,18.266,18,2.38,,
13217,584,26.536,36,2.38,,
13234,585,9.127,17,2.38,,
13246,586,8.022,12,2.39,,
13283,587,34.645,37,2.39,,
13303,588,14.5,20,2.39,,
13319,589,6.708,16,2.4,,
13330,590,7.35,11,2.4,,
13347,591,9.319,17,2.4,,
13361,592,7.839,14,2.4,,
13390,593,34.816,29,2.41,,
13421,594,15.23,31,2.41,,
13445,595,12.048,24,2.42,,
13456,596,7.152,11,2.42,,
13475,597,13.621,19,2.42,,
13516,598,51.707,41,2.43,,
13556,599,19.858,40,2.43,,
13579,600,21.326,23,2.44,,
13598,601,11.056,19,2.44,,
13612,602,8.332,14,2.45,,
13632,603,15.514,20,2.45,,
13651,604,9.734,19,2.46,,
13666,605,8.024,15,2.47,,
13687,606,18.976,21,2.47,,
13706,607,13.722,19,2.47,,
13728,608,8.251,22,2.48,,
13748,609,11.215,20,2.48,,
13773,610,22.267,25,2.48,,
13795,611,16.323,22,2.49,,
13815,612,10.099,20,2.49,,
13842,613,11.158,27,2.5,,
13855,614,11.751,13,2.5,,
13872,615,10.066,17,2.5,,
13897,616,1.144,25,2.5,,
13911,617,9.053,14,2.51,,
13930,618,16.366,19,2.51,,
13968,619,30.577,38,2.52,,
13982,620,9.566,14,2.52,,
13996,621,7.021,14,2.53,,
14011,622,13.15,15,2.53,,
14022,623,8.084,11,2.53,,
14059,624,31.407,37,2.54,,
14095,625,21.5,36,2.55,,
14120,626,26.222,25,2.55,,
14130,627,5.543,10,2.55,,
14166,628,43.829,36,2.56,,
14210,629,38.756,44,2.56,,
14230,630,14.7,20,2.57,,
14310,631,101.848,80,2.58,,
14329,632,10.845,19,2.59,,
14354,633,25.148,25,2.59,,
14364,634,5.706,10,2.59,,
14400,635,34.639,36,2.6,,
14420,636,8.253,20,2.6,,
14430,637,6.475,10,2.6,,
14444,638,8.874,14,2.6,,
14472,639,22.319,28,2.61,,
14516,640,27.775,44,2.61,,
14528,641,6.684,12,2.62,,
14551,642,12.276,23,2.62,,
14581,643,21.502,30,2.62,,
14593,644,5.635,12,2.63,,
14607,645,8.974,14,2.63,,
14635,646,23.179,28,2.63,,
14648,647,6.004,13,2.63,,
14712,648,84.574,64,2.64,,
14753,649,32.815,41,2.65,,
14768,650,11.716,15,2.65,,
14784,651,11.295,16,2.66,,
14816,652,18.54,32,2.66,,
14828,653,9.775,12,2.66,,
14860,654,15.71,32,2.67,,
14869,655,6.274,9,2.67,,
14883,656,7.433,14,2.67,,
14899,657,10.852,16,2.67,,
14927,658,9.128,28,2.68,,
14948,659,6.655,21,2.68,,
14973,660,27.049,25,2.68,,
14990,661,17.442,17,2.69,,
15004,662,10.354,14,2.69,,
15017,663,9.679,13,2.69,,
15067,664,77.479,50,2.7,,
15085,665,9.326,18,2.7,,
15126,666,29.829,41,2.71,,
15140,667,10.775,14,2.71,,
15153,668,8.895,13,2.71,,
15171,669,13.665,18,2.72,,
15184,670,7.691,13,2.72,,
15209,671,9.646,25,2.73,,
15221,672,9.031,12,2.73,,
15236,673,4.603,15,2.73,,
15262,674,18.022,26,2.74,,
15277,675,9.302,15,2.75,,
15314,676,37.864,37,2.76,,
15332,677,14.787,18,2.76,,
15349,678,8.26,17,2.77,,
15359,679,4.961,10,2.77,,
15380,680,12.277,21,2.77,,
15406,681,21.152,26,2.77,,
15423,682,13.452,17,2.78,,
15439,683,10.475,16,2.78,,
15466,684,17.82,27,2.79,,
15481,685,8.712,15,2.79,,
15509,686,5.196,28,2.79,,
15519,687,5.192,10,2.79,,
15541,688,9.624,22,2.8,,
15566,689,11.415,25,2.8,,
15582,690,10.502,16,2.8,,
15591,691,6.309,9,2.81,,
15603,692,9.322,12,2.81,,
15636,693,32.359,33,2.82,,
15650,694,11.986,14,2.82,,
15669,695,9.355,19,2.82,,
15681,696,8.52,12,2.82,,
15694,697,11.047,13,2.82,,
15709,698,13.261,15,2.83,,
15741,699,33.345,32,2.83,,
15752,700,7.288,11,2.83,,
15781,701,34.3,29,2.84,,
15798,702,15.672,17,2.84,,
15807,703,5.712,9,2.84,,
15815,704,3.518,8,2.84,,
15830,705,11.285,15,2.85,,
15882,706,58.187,52,2.85,,
15909,707,22.508,27,2.86,,
15922,708,8.196,13,2.86,,
15934,709,8.553,12,2.86,,
15950,710,12.783,16,2.86,,
15984,711,38.368,34,2.87,,
16000,712,14.795,16,2.87,,
16014,713,12.209,14,2.87,,
16034,714,10.792,20,2.88,,
16071,715,35.567,37,2.88,,
16085,716,6.949,14,2.88,,
16103,717,9.83,18,2.89,,
16133,718,13.697,30,2.89,,
16144,719,7.952,11,2.89,,
16167,720,13.065,23,2.9,,
16187,721,3.57,20,2.9,,
16207,722,17.099,20,2.9,,
16236,723,12.753,29,2.91,,
16254,724,16.812,18,2.91,,
16294,725,34.531,40,2.92,,
16328,726,27.111,34,2.93,,
16356,727,20.649,28,2.93,,
16367,728,8.066,11,2.93,,
16382,729,13.272,15,2.94,,
16402,730,18.44,20,2.94,,
16428,731,11.659,26,2.94,,
16467,732,30.012,39,2.95,,
16498,733,31.125,31,2.96,,
16525,734,18.427,27,2.96,,
16587,735,54.271,62,2.97,,
16609,736,17.701,22,2.98,,
16623,737,11.148,14,2.98,,
16647,738,18.276,24,2.98,,
16670,739,17.784,23,2.99,,
16691,740,11.665,21,2.99,,
16709,741,8.471,18,2.99,,
16733,742,16.132,24,3.0,,
16753,743,20.924,20,3.0,,
16766,744,8.182,13,3.0,,
16801,745,28.394,35,3.01,,
16827,746,15.503,26,3.01,,
16911,747,139.353,84,3.03,,
16932,748,10.197,21,3.03,,
16950,749,16.294,18,3.04,,
16977,750,22.011,27,3.04,,
17005,751,21.744,28,3.04,,
17052,752,28.582,47,3.05,,
17080,753,12.512,28,3.06,,
17095,754,8.82,15,3.06,,
17107,755,10.309,12,3.06,,
17135,756,17.57,28,3.07,,
17168,757,28.406,33,3.07,,
17185,758,12.441,17,3.08,,
17203,759,10.37,18,3.08,,
17214,760,6.941,11,3.08,,
17245,761,18.109,31,3.09,,
17257,762,7.237,12,3.09,,
17280,763,8.648,23,3.09,,
17308,764,14.074,28,3.09,,
17327,765,19.188,19,3.1,,
17345,766,18.281,18,3.1,,
17379,767,18.556,34,3.11,,
17394,768,13.742,15,3.11,,
17422,769,34.678,28,3.11,,
17435,770,8.216,13,3.12,,
17451,771,8.482,16,3.12,,
17492,772,16.509,41,3.12,,
17504,773,8.957,12,3.13,,
17526,774,8.633,22,3.13,,
17543,775,12.671,17,3.13,,
17554,776,7.883,11,3.13,,
17578,777,19.625,24,3.14,,
17612,778,25.094,34,3.14,,
17624,779,3.68,12,3.15,,
17704,780,147.208,80,3.16,,
17719,781,14.966,15,3.16,,
17743,782,28.017,24,3.16,,
17763,783,19.54,20,3.17,,
17781,784,7.858,18,3.17,,
17803,785,20.22,22,3.17,,
17837,786,13.075,34,3.18,,
17858,787,13.18,21,3.18,,
17886,788,31.571,28,3.19,,
17911,789,22.911,25,3.19,,
17924,790,9.176,13,3.19,,
17944,791,16.871,20,3.2,,
17980,792,11.014,36,3.2,,
18008,793,15.587,28,3.21,,
18030,794,5.176,22,3.21,,
18045,795,8.628,15,3.21,,
18058,796,10.118,13,3.22,,
18079,797,20.342,21,3.22,,
18095,798,10.526,16,3.22,,
18107,799,8.225,12,3.22,,
18124,800,9.312,17,3.23,,
18142,801,17.09,18,3.23,,
18161,802,11.533,19,3.23,,
18176,803,10.45,15,3.23,,
18195,804,9.744,19,3.24,,
18222,805,23.203,27,3.24,,
18239,806,14.962,17,3.24,,
18262,807,21.698,23,3.25,,
18272,808,6.678,10,3.25,,
18285,809,9.434,13,3.25,,
18315,810,12.753,30,3.25,,
18403,811,105.826,88,3.27,,
18422,812,18.03,19,3.27,,
18441,813,17.493,19,3.27,,
18468,814,9.982,27,3.28,,
18482,815,10.39,14,3.28,,
18493,816,4.456,11,3.28,,
18529,817,41.572,36,3.29,,
18564,818,32.503,35,3.3,,
18587,819,14.852,23,3.3,,
18601,820,10.703,14,3.3,,
18616,821,14.793,15,3.3,,
18628,822,8.862,12,3.31,,
18665,823,49.21,37,3.31,,
18703,824,30.544,38,3.32,,
18726,825,24.553,23,3.32,,
18743,826,14.136,17,3.32,,
18757,827,8.339,14,3.33,,
18777,828,16.548,20,3.33,,
18797,829,14.587,20,3.33,,
18828,830,28.54,31,3.34,,
18844,831,11.089,16,3.34,,
18898,832,52.025,54,3.35,,
18910,833,8.71,12,3.35,,
18934,834,10.919,24,3.35,,
18970,835,37.645,36,3.36,,
18996,836,14.982,26,3.36,,
19007,837,7.748,11,3.36,,
19020,838,8.383,13,3.36,,
19081,839,82.572,61,3.37,,
19102,840,19.866,21,3.37,,
19118,841,8.669,16,3.38,,
19161,842,38.838,43,3.38,,
19173,843,8.608,12,3.39,,
19198,844,21.092,25,3.39,,
19210,845,8.776,12,3.39,,
19225,846,9.546,15,3.39,,
19237,847,8.603,12,3.39,,
19251,848,7.975,14,3.4,,
19295,849,61.11,44,3.4,,
19321,850,14.5,26,3.41,,
19337,851,10.287,16,3.41,,
19356,852,16.823,19,3.41,,
19375,853,16.688,19,3.41,,
19439,854,53.577,64,3.42,,
19453,855,12.621,14,3.43,,
19467,856,11.797,14,3.43,,
19501,857,25.291,34,3.43,,
19522,858,15.136,21,3.44,,
19541,859,8.428,19,3.44,,
19556,860,11.174,15,3.44,,
19572,861,9.828,16,3.44,,
19636,862,71.531,64,3.45,,
19651,863,9.434,15,3.46,,
19672,864,16.034,21,3.46,,
19716,865,38.672,44,3.47,,
19731,866,13.815,15,3.47,,
19755,867,10.119,24,3.47,,
19772,868,12.466,17,3.48,,
19801,869,31.95,29,3.48,,
19824,870,11.695,23,3.49,,
19839,871,10.841,15,3.49,,
19852,872,7.728,13,3.49,,
19875,873,13.714,23,3.49,,
19887,874,8.613,12,3.5,,
19958,875,51.171,71,3.51,,
19975,876,11.244,17,3.51,,
19985,877,6.265,10,3.52,,
19999,878,9.367,14,3.52,,
20033,879,6.06,34,3.7,,
20047,880,8.951,14,3.7,,
20059,881,10.481,12,3.7,,
20082,882,17.03,23,3.71,,
20100,883,7.817,18,3.71,,
20115,884,8.806,15,3.71,,
20132,885,8.928,17,3.72,,
20152,886,11.012,20,3.72,,
20168,887,4.757,16,3.72,,
20199,888,20.528,31,3.73,,
20217,889,12.528,18,3.73,,
20236,890,9.985,19,3.73,,
20251,891,7.123,15,3.74,,
20289,892,51.456,38,3.74,,
20342,893,68.822,53,3.75,,
20354,894,4.308,12,3.75,,
20385,895,11.895,31,3.76,,
20419,896,11.809,34,3.76,,
20432,897,7.431,13,3.76,,
20455,898,19.114,23,3.77,,
20465,899,6.056,10,3.77,,
20475,900,6.005,10,3.77,,
20496,901,10.629,21,3.77,,
20509,902,5.915,13,3.78,,
20536,903,22.537,27,3.79,,
20544,904,5.03,8,3.79,,
20561,905,11.008,17,3.8,,
20571,906,6.792,10,3.8,,
20586,907,11.035,15,3.8,,
20616,908,35.137,30,3.81,,
20637,909,12.355,21,3.81,,
20655,910,14.543,18,3.81,,
20686,911,20.467,31,3.82,,
20725,912,14.924,39,3.83,,
20737,913,9.768,12,3.83,,
20747,914,6.539,10,3.83,,
20760,915,9.034,13,3.83,,
20775,916,11.99,15,3.83,,
20812,917,41.082,37,3.84,,
20868,918,60.536,56,3.85,,
20905,919,52.39,37,3.85,,
20924,920,19.303,19,3.86,,
20958,921,10.799,34,3.86,,
20967,922,6.438,9,3.86,,
20998,923,8.767,31,3.87,,
21021,924,11.737,23,3.87,,
21046,925,19.67,25,3.88,,
21057,926,6.9,11,3.88,,
21073,927,8.751,16,3.88,,
21091,928,11.764,18,3.88,,
21122,929,31.777,31,3.89,,
21133,930,4.53,11,3.89,,
21153,931,19.196,20,3.89,,
21165,932,7.17,12,3.89,,
21179,933,10.206,14,3.89,,
21201,934,14.72,22,3.9,,
21274,935,102.168,73,3.91,,
21292,936,14.442,18,3.91,,
21328,937,48.316,36,3.92,,
21420,938,88.505,92,3.93,,
21434,939,10.242,14,3.93,,
21470,940,58.796,36,3.94,,
21520,941,22.12,50,3.95,,
21539,942,11.396,19,3.95,,
21579,943,41.661,40,3.96,,
21588,944,5.445,9,3.96,,
21604,945,12.315,16,3.96,,
21622,946,14.213,18,3.96,,
21649,947,22.294,27,3.97,,
21664,948,8.638,15,3.97,,
21688,949,20.273,24,3.97,,
21702,950,8.751,14,3.97,,
21733,951,32.732,31,3.98,,
21744,952,7.309,11,3.98,,
21784,953,51.148,40,3.99,,
21794,954,6.623,10,3.99,,
21818,955,13.104,24,3.99,,
21854,956,49.42,36,4.0,,
21867,957,5.644,13,4.0,,
21888,958,8.863,21,4.0,,
21911,959,25.298,23,4.01,,
21924,960,6.929,13,4.01,,
21940,961,12.833,16,4.01,,
21984,962,39.898,44,4.02,,
22005,963,11.016,21,4.02,,
22024,964,9.876,19,4.02,,
22033,965,5.01,9,4.02,,
22065,966,27.973,32,4.03,,
22078,967,8.879,13,4.03,,
22108,968,19.471,30,4.04,,
22153,969,30.525,45,4.05,,
22176,970,11.456,23,4.05,,
22210,971,30.663,34,4.06,,
22238,972,33.669,28,4.06,,
22294,973,31.088,56,4.07,,
22314,974,12.549,20,4.07,,
22338,975,15.712,24,4.08,,
22352,976,11.186,14,4.08,,
22376,977,24.536,24,4.09,,
22395,978,18.171,19,4.09,,
22415,979,10.995,20,4.1,,
22429,980,6.917,14,4.1,,
22458,981,6.164,29,4.11,,
22479,982,10.157,21,4.11,,
22515,983,25.901,36,4.11,,
22539,984,18.495,24,4.12,,
22600,985,65.945,61,4.13,,
22615,986,7.743,15,4.13,,
22652,987,26.516,37,4.14,,
22671,988,17.2,19,4.14,,
22704,989,13.045,33,4.15,,
22733,990,11.48,29,4.15,,
22745,991,9.381,12,4.15,,
22759,992,9.211,14,4.15,,
22787,993,21.714,28,4.16,,
22803,994,8.009,16,4.16,,
22816,995,10.154,13,4.16,,
22837,996,11.383,21,4.17,,
22850,997,9.735,13,4.17,,
22913,998,75.372,63,4.18,,
22939,999,13.504,26,4.18,,
22978,1000,13.401,39,4.19,,
22999,1001,12.919,21,4.19,,
23045,1002,53.164,46,4.2,,
23070,1003,25.975,25,4.2,,
23092,1004,8.009,22,4.2,,
23111,1005,17.859,19,4.21,,
23136,1006,29.067,25,4.21,,
23184,1007,22.252,48,4.22,,
23216,1008,41.945,32,4.22,,
23227,1009,5.919,11,4.23,,
23244,1010,14.134,17,4.23,,
23261,1011,16.034,17,4.23,,
23290,1012,24.884,29,4.24,,
23327,1013,40.602,37,4.24,,
23343,1014,16.08,16,4.25,,
23357,1015,12.295,14,4.25,,
23371,1016,11.649,14,4.25,,
23390,1017,11.419,19,4.25,,
23405,1018,13.914,15,4.26,,
23435,1019,24.739,30,4.26,,
23450,1020,11.816,15,4.27,,
23481,1021,21.951,31,4.27,,
23510,1022,12.733,29,4.28,,
23526,1023,9.266,16,4.28,,
23554,1024,24.15,28,4.29,,
23572,1025,8.026,18,4.3,,
23596,1026,25.143,24,4.3,,
23609,1027,8.802,13,4.3,,
23618,1028,6.232,9,4.3,,
23628,1029,6.223,10,4.31,,
23663,1030,14.117,35,4.31,,
23673,1031,7.204,10,4.32,,
23694,1032,13.667,21,4.32,,
23716,1033,12.965,22,4.33,,
23778,1034,113.264,62,4.34,,
23795,1035,6.933,17,4.34,,
23811,1036,12.802,16,4.34,,
23828,1037,17.312,17,4.34,,
23856,1038,8.222,28,4.35,,
23881,1039,15.808,25,4.35,,
23906,1040,17.848,25,4.36,,
23926,1041,16.567,20,4.36,,
23936,1042,7.241,10,4.36,,
23958,1043,10.113,22,4.37,,
23994,1044,10.597,36,4.37,,
24041,1045,48.035,47,4.38,,
24064,1046,17.867,23,4.38,,
24085,1047,13.848,21,4.39,,
24101,1048,8.749,16,4.39,,
24125,1049,13.776,24,4.39,,
24135,1050,6.811,10,4.4,,
24154,1051,7.856,19,4.4,,
24203,1052,57.905,49,4.41,,
24226,1053,10.0,23,4.41,,
24253,1054,7.667,27,4.41,,
24269,1055,11.224,16,4.42,,
24280,1056,6.525,11,4.42,,
24311,1057,22.089,31,4.42,,
24334,1058,4.921,23,4.43,,
24359,1059,26.52,25,4.43,,
24382,1060,8.905,23,4.43,,
24397,1061,12.825,15,4.44,,
24419,1062,23.848,22,4.44,,
24430,1063,7.821,11,4.44,,
24460,1064,25.69,30,4.45,,
24483,1065,9.84,23,4.45,,
24506,1066,9.049,23,4.45,,
24523,1067,15.87,17,4.46,,
24536,1068,6.845,13,4.46,,
24550,1069,9.434,14,4.46,,
24565,1070,11.379,15,4.46,,
24599,1071,25.012,34,4.47,,
24617,1072,12.519,18,4.47,,
24626,1073,6.059,9,4.47,,
24646,1074,8.358,20,4.48,,
24654,1075,3.731,8,4.48,,
24670,1076,11.757,16,4.48,,
24686,1077,9.039,16,4.48,,
24706,1078,15.219,20,4.49,,
24725,1079,8.904,19,4.49,,
24754,1080,18.38,29,4.49,,
24768,1081,7.724,14,4.5,,
24781,1082,10.527,13,4.5,,
24797,1083,10.362,16,4.5,,
24814,1084,15.543,17,4.51,,
24825,1085,4.661,11,4.51,,
24836,1086,6.886,11,4.51,,
24854,1087,11.034,18,4.51,,
24871,1088,10.556,17,4.52,,
24891,1089,18.532,20,4.52,,
24924,1090,10.055,33,4.52,,
24942,1091,15.68,18,4.53,,
24964,1092,9.926,22,4.53,,
24993,1093,11.813,29,4.53,,
25007,1094,7.371,14,4.73,1.070044,-0.305112
25019,1095,6.17,12,4.82,0.579348,-0.723633
25027,1096,3.584,8,4.88,0.421506,-0.733507
25035,1097,2.791,8,4.94,0.345819,-0.76987
25042,1098,2.72,7,4.99,0.289611,-0.861686
25049,1099,1.804,7,5.05,0.269585,-0.85266
25055,1100,1.589,6,5.09,0.201387,-0.824675
25061,1101,1.479,6,5.14,0.158541,-0.87569
25067,1102,1.681,6,5.18,0.153721,-0.836723
25073,1103,1.281,6,5.23,0.12719,-0.821876
25079,1104,1.279,6,5.27,0.120845,-0.809595
25085,1105,1.311,6,5.32,0.104828,-0.824202
25091,1106,1.096,6,5.37,0.092902,-0.826863
25097,1107,1.363,6,5.41,0.089028,-0.795443
25103,1108,1.097,6,5.45,0.081846,-0.794894
25109,1109,1.027,6,5.49,0.098245,-0.774985
25115,1110,1.222,6,5.54,0.097806,-0.790784
25121,1111,1.125,6,5.59,0.118178,-0.788006
25127,1112,0.947,6,5.63,0.101849,-0.796796
25133,1113,1.251,6,5.67,0.093037,-0.82811
25139,1114,1.211,6,5.71,0.094258,-0.809761
25145,1115,1.151,6,5.75,0.08154,-0.861188
25151,1116,1.087,6,5.8,0.08203,-0.792683
25157,1117,1.071,6,5.84,0.117477,-0.784282
25163,1118,1.228,6,5.88,0.095573,-0.804706
25169,1119,1.558,6,5.92,0.102409,-0.819077
25175,1120,1.455,6,5.97,0.088559,-0.873451
25181,1121,1.431,6,6.01,0.099126,-0.81886
25187,1122,1.566,6,6.05,0.097001,-0.886384
25193,1123,1.937,6,6.1,0.113416,-0.848375
25199,1124,1.876,6,6.14,0.098495,-0.887393
25205,1125,2.065,6,6.18,0.084741,-0.92245
25211,1126,2.375,6,6.22,0.093338,-0.955315
25217,1127,2.323,6,6.26,0.106128,-0.910504
25223,1128,2.261,6,6.31,0.105613,-0.90872
25229,1129,2.388,6,6.35,0.096155,-0.964123
25235,1130,2.528,6,6.38,0.097185,-0.945754
25241,1131,2.67,6,6.42,0.106838,-0.898798
25247,1132,2.372,6,6.47,0.094808,-0.981881
25253,1133,2.309,6,6.51,0.088117,-0.950633
25259,1134,2.691,6,6.55,0.102539,-0.954143
25265,1135,2.555,6,6.6,0.091068,-0.976985
25271,1136,2.767,6,6.64,0.096661,-0.949726
25278,1137,3.22,7,6.69,0.101213,-0.943009
25285,1138,3.306,7,6.74,0.081305,-1.040227
25292,1139,4.498,7,6.79,0.095937,-1.050931
25300,1140,6.346,8,6.85,0.106211,-1.130014
25308,1141,6.305,8,6.9,0.105533,-1.175753
25317,1142,7.965,9,6.96,0.100406,-1.14261
25337,1143,33.519,20,7.09,0.10103,-1.319144
25359,1144,37.7,22,7.23,0.111841,-1.412341
25381,1145,38.009,22,7.37,0.102217,-1.509528
25404,1146,39.571,23,7.52,0.104147,-1.580357
25426,1147,38.125,22,7.67,0.107784,-1.627444
25448,1148,38.147,22,7.81,0.096537,-1.668362
25470,1149,37.738,22,7.95,0.112518,-1.728531
25492,1150,37.903,22,8.08,0.124814,-1.722708
25514,1151,37.415,22,8.21,0.122392,-1.794653
25536,1152,37.665,22,8.36,0.134853,-1.861679
25557,1153,36.026,21,8.51,0.120217,-1.918151
25579,1154,37.726,22,8.65,0.156091,-1.967062
25601,1155,37.275,22,8.79,0.142369,-2.049867
25623,1156,37.479,22,8.93,0.17742,-2.084996
25645,1157,37.276,22,9.06,0.157247,-2.195771
25667,1158,37.485,22,9.2,0.181597,-2.219315
25689,1159,37.975,22,9.35,0.197227,-2.292099
25711,1160,37.673,22,9.49,0.214537,-2.301081
25733,1161,37.343,22,9.63,0.200482,-2.39478
25755,1162,37.854,22,9.77,0.229059,-2.415161
25778,1163,39.225,23,9.91,0.241755,-2.528066
25801,1164,39.804,23,10.05,0.252057,-2.55553
25823,1165,37.899,22,10.21,0.240273,-2.658034
25845,1166,37.948,22,10.38,0.271585,-2.707584
25867,1167,38.112,22,10.53,0.282354,-2.738437
25889,1168,37.512,22,10.66,0.27575,-2.846391
25912,1169,39.439,23,10.81,0.278988,-2.862879
25935,1170,39.478,23,10.96,0.320259,-2.990618
25958,1171,39.252,23,11.1,0.322525,-3.015198
25980,1172,37.703,22,11.25,0.31725,-3.08551
26002,1173,37.688,22,11.38,0.317818,-3.124626
26024,1174,37.646,22,11.51,0.373524,-3.142503
26047,1175,39.296,23,11.65,0.359306,-3.241402
26069,1176,37.746,22,11.77,0.414547,-3.329542
26091,1177,37.778,22,11.9,0.428179,-3.311952
26113,1178,37.765,22,12.03,0.372514,-3.387501
26136,1179,39.443,23,12.17,0.390289,-3.454271
26158,1180,37.746,22,12.3,0.413353,-3.514241
26180,1181,37.951,22,12.44,0.376058,-3.55506
26202,1182,37.775,22,12.57,0.41069,-3.661743
26224,1183,37.882,22,12.71,0.488548,-3.740477
26246,1184,37.471,22,12.84,0.464588,-3.786421
26268,1185,37.64,22,12.97,0.440624,-3.910361
26290,1186,37.921,22,13.1,0.461053,-3.954729
26312,1187,37.864,22,13.23,0.618824,-3.931639
26334,1188,37.767,22,13.37,0.573811,-4.039514
26357,1189,39.242,23,13.51,0.589277,-4.081935
26379,1190,38.015,22,13.64,0.562608,-4.186666
26400,1191,36.099,21,13.77,0.53868,-4.173739
26421,1192,36.008,21,13.89,0.583917,-4.246731
26443,1193,38.257,22,14.02,0.609694,-4.30755
26465,1194,37.914,22,14.15,0.652301,-4.387027
26487,1195,37.782,22,14.28,0.629138,-4.52818
26510,1196,39.381,23,14.43,0.677646,-4.524643
26532,1197,37.919,22,14.56,0.700944,-4.624521
26554,1198,37.85,22,14.68,0.64532,-4.656914
26599,1199,81.209,45,14.96,0.701372,-4.776447
26686,1200,169.29,87,15.47,0.712399,-5.00693
26771,1201,174.659,85,16.2,0.802507,-5.267061
26837,1202,120.593,66,16.74,0.813198,-5.54043
26915,1203,157.9,78,17.35,0.952769,-5.721414
26978,1204,115.031,63,17.87,0.994259,-6.003249
27042,1205,116.978,64,18.42,1.009801,-6.198959
27102,1206,109.538,60,18.9,1.129926,-6.423167
27160,1207,104.274,58,19.36,1.170599,-6.636506
27217,1208,104.312,57,19.84,1.158595,-6.818478
27270,1209,96.681,53,20.29,1.158131,-7.041408
27327,1210,104.348,57,20.68,1.297672,-7.202081
27383,1211,102.396,56,21.01,1.316416,-7.422514
27439,1212,100.613,56,21.34,1.425817,-7.591069
27496,1213,102.684,57,21.69,1.49592,-7.812227
27556,1214,107.841,60,22.06,1.539949,-7.944949
27619,1215,115.099,63,22.43,1.380316,-8.125729
27683,1216,116.265,64,22.81,1.592585,-8.387005
27746,1217,114.659,63,23.18,1.643618,-8.630879
27815,1218,130.101,69,23.62,1.692011,-8.901613
27887,1219,137.151,72,24.07,1.849088,-9.148588
27961,1220,143.46,74,24.52,1.877044,-9.423088
28047,1221,176.017,86,25.13,2.136293,-9.731764
28133,1222,176.414,86,25.72,2.117398,-10.025678
28211,1223,156.014,78,26.22,2.193875,-10.41816
28296,1224,173.319,85,26.75,2.275341,-10.629218
28382,1225,175.227,86,27.32,2.342811,-11.076333
28468,1226,175.564,86,27.9,2.677325,-11.393142
28554,1227,173.417,86,28.45,2.647738,-11.772001
28641,1228,173.487,87,29.04,2.944618,-12.120251
28728,1229,175.352,87,29.74,2.820117,-12.467401
28814,1230,173.327,86,30.4,2.930093,-12.849943
28901,1231,172.515,87,31.05,2.923256,-13.121501
28988,1232,171.915,87,31.7,3.156175,-13.554326
29075,1233,172.377,87,32.35,3.383386,-13.945886
29162,1234,173.265,87,32.98,3.300534,-14.245951
29248,1235,172.644,86,33.61,3.26464,-14.670283
29333,1236,172.283,85,34.24,3.37302,-14.967266
29419,1237,173.37,86,34.84,3.623498,-15.406483
29506,1238,172.142,87,35.41,3.894682,-15.837901
29592,1239,170.939,86,36.0,4.207357,-16.224324
29678,1240,171.214,86,36.59,4.200533,-16.573135
29764,1241,171.897,86,37.18,4.05658,-16.954319
29848,1242,172.573,84,37.7,4.191357,-17.347606
29934,1243,172.749,86,38.29,4.481769,-17.723975
30021,1244,171.534,87,39.42,4.530267,-18.217113
30107,1245,171.305,86,40.01,4.456717,-18.542865
30193,1246,174.842,86,40.68,4.681039,-18.947156
30278,1247,170.376,85,41.23,4.741666,-19.305392
30363,1248,171.648,85,41.78,4.783193,-19.717932
30449,1249,170.961,86,42.36,5.328499,-19.925761
30535,1250,172.508,86,42.9,5.161538,-20.460471
30620,1251,170.035,85,43.44,5.33709,-20.859272
30705,1252,170.297,85,43.97,5.921581,-21.142709
30791,1253,170.14,86,44.51,5.80214,-21.465734
30877,1254,171.084,86,45.05,6.032747,-21.786845
30962,1255,172.878,85,45.59,5.824966,-22.308241
31047,1256,170.708,85,46.11,6.122515,-22.645051
31133,1257,170.401,86,46.67,5.727151,-23.017851
31219,1258,171.031,86,47.35,5.957515,-23.429185
31305,1259,171.182,86,47.9,6.77295,-23.813447
31390,1260,171.742,85,48.47,6.164161,-24.109573
31476,1261,168.649,86,49.01,6.781649,-24.529937
31562,1262,170.312,86,49.6,6.755359,-24.872675
31647,1263,173.022,85,50.18,7.206102,-25.099921
31732,1264,170.561,85,50.75,6.814381,-25.578756
31817,1265,171.233,85,51.33,6.668742,-25.87699
31902,1266,172.258,85,51.87,7.373344,-26.30398
31987,1267,172.805,85,52.4,7.760256,-26.592459
32072,1268,170.024,85,52.92,7.799337,-26.956433
32158,1269,168.819,86,53.44,7.505767,-27.330746
32243,1270,171.174,85,53.98,8.178788,-27.584755
32328,1271,169.931,85,54.53,8.073973,-27.889968
32414,1272,170.286,86,55.08,7.790351,-28.334184
32500,1273,169.718,86,55.62,7.752097,-28.707337
32586,1274,170.58,86,56.17,7.885693,-29.141211
32670,1275,169.865,84,56.72,8.156835,-29.209006
32756,1276,172.102,86,57.26,7.972659,-29.518867
32842,1277,169.288,86,57.83,9.285802,-29.791467
32929,1278,171.4,87,58.36,9.138508,-30.280159
33015,1279,173.079,86,58.99,8.851069,-30.47536
33102,1280,171.041,87,59.57,8.327762,-31.023818
33194,1281,178.285,92,60.22,8.385312,-31.519323
33306,1282,214.266,112,61.01,8.912207,-31.922075
33408,1283,192.801,102,61.7,9.081454,-32.328863
33485,1284,144.436,77,62.29,10.26487,-32.642704
33576,1285,176.372,91,62.9,9.671245,-33.155115
33667,1286,183.792,91,63.59,9.804439,-33.338867
33759,1287,187.65,92,64.27,10.441932,-33.74579
33850,1288,179.965,91,64.87,9.63857,-34.059589
33939,1289,177.995,89,65.48,10.11509,-34.491773
34027,1290,183.194,88,66.08,10.554854,-34.563872
34117,1291,188.736,90,66.68,10.122359,-34.929175
34208,1292,189.23,91,67.24,10.247233,-35.359635
34296,1293,188.968,88,67.84,10.472102,-35.83714
34384,1294,187.025,88,68.34,10.352182,-35.954187
34471,1295,189.788,87,68.87,10.676869,-36.408387
34557,1296,183.479,86,69.53,10.014688,-36.639756
34645,1297,183.048,88,70.22,11.501048,-37.028307
34730,1298,178.0,85,70.89,10.427342,-37.294292
34815,1299,184.306,85,71.6,11.113675,-37.429552
34901,1300,186.585,86,72.3,10.841958,-37.789184
34988,1301,189.149,87,73.01,11.704117,-37.962129
35075,1302,191.162,87,73.68,11.687844,-38.348794
35163,1303,191.166,88,74.24,13.267728,-38.593353
35249,1304,185.325,86,74.8,12.146922,-39.051078
35335,1305,182.774,86,75.33,11.348478,-39.345219
35422,1306,187.558,87,75.9,12.128382,-39.359747
35506,1307,178.896,84,76.41,12.131327,-39.840434
35591,1308,180.817,85,76.92,11.286056,-40.164673
35677,1309,178.264,86,77.48,11.380073,-40.432
35762,1310,180.33,85,78.04,13.12811,-40.762364
35847,1311,179.477,85,78.62,12.152202,-41.20268
35934,1312,188.807,87,79.16,12.770486,-41.466576
36020,1313,184.858,86,79.73,12.507834,-41.8771
36106,1314,179.86,86,80.26,11.6626,-42.064996
36191,1315,180.592,85,80.79,12.163619,-42.332417
36277,1316,185.689,86,81.36,12.580735,-42.3707
36362,1317,182.971,85,81.9,13.153792,-43.17892
36447,1318,180.984,85,82.47,13.81374,-43.313464
36532,1319,179.103,85,83.06,14.288088,-43.715328
36617,1320,181.697,85,83.7,13.501392,-44.059021
36702,1321,181.937,85,84.34,13.442216,-44.389379
36787,1322,177.293,85,84.88,14.804084,-44.790808
36872,1323,180.928,85,85.47,14.396946,-44.931336
36958,1324,180.247,86,86.1,14.281705,-45.379796
37044,1325,180.305,86,86.69,13.627924,-45.682101
37130,1326,181.594,86,87.3,13.983613,-46.084848
37216,1327,185.721,86,87.92,14.20519,-46.43036
37302,1328,183.734,86,88.48,15.362279,-46.766434
37387,1329,179.189,85,89.06,14.670026,-47.202894
37473,1330,176.981,86,89.69,15.189293,-47.491816
37559,1331,177.157,86,90.25,13.30002,-47.984621
37645,1332,177.363,86,90.89,14.275183,-48.167241
37730,1333,180.082,85,91.46,15.393665,-48.349859
37815,1334,179.984,85,92.01,15.939187,-48.692979
37901,1335,173.775,86,92.51,14.80715,-48.956879
37988,1336,176.591,87,93.06,15.294564,-49.494793
38074,1337,177.544,86,93.61,15.634664,-49.728921
38160,1338,180.526,86,94.15,15.551887,-50.290027
38246,1339,176.536,86,94.66,15.52843,-50.477723
38334,1340,177.86,88,95.2,17.511589,-51.000987
38422,1341,177.717,88,95.78,16.818455,-51.30328
38507,1342,178.842,85,96.37,14.716785,-51.737805
38594,1343,180.068,87,96.98,16.948073,-51.981552
38681,1344,180.286,87,97.59,16.330802,-52.413889
38766,1345,177.183,85,98.19,14.689333,-52.761604
38853,1346,178.261,87,98.85,16.425852,-53.206817
38941,1347,180.212,88,99.47,16.298371,-53.285611
39032,1348,181.133,91,100.11,16.751833,-53.85116
39122,1349,181.218,90,100.76,16.471104,-54.112029
39213,1350,183.526,91,101.38,16.420095,-54.606815
39303,1351,177.521,90,101.99,17.28369,-54.977553
39394,1352,178.503,91,102.62,16.129186,-55.246057
39487,1353,182.231,93,103.28,17.649729,-55.422996
39582,1354,186.981,95,103.94,17.951481,-55.768456
39679,1355,187.013,97,104.6,17.931953,-55.966398
39771,1356,180.287,92,105.24,18.217761,-56.274812
39863,1357,181.237,92,105.92,16.784915,-56.781555
39957,1358,184.038,94,106.59,15.422813,-57.14786
40054,1359,188.155,97,107.83,18.094232,-57.391374
40151,1360,189.078,97,108.56,16.827349,-57.702381
40248,1361,188.823,97,109.25,17.415769,-58.005776
40345,1362,188.845,97,109.95,18.144993,-58.445905
40438,1363,182.649,93,110.6,18.721995,-58.452802
40533,1364,185.988,95,111.28,17.632069,-59.338881
40623,1365,176.887,90,111.93,17.751626,-59.185816
40715,1366,180.397,92,112.58,17.365233,-59.72962
40809,1367,184.854,94,113.24,20.130131,-59.94187
40899,1368,177.221,90,113.9,17.201604,-60.38513
40992,1369,183.485,93,114.55,18.795448,-60.624482
41080,1370,173.96,88,115.16,18.979791,-60.985071
41177,1371,189.258,97,115.85,19.835963,-61.282214
41271,1372,182.781,94,116.52,20.496942,-61.420078
41363,1373,180.651,92,117.18,18.549952,-61.980963
41455,1374,180.499,92,117.83,18.507686,-62.384387
41547,1375,181.461,92,118.49,18.846776,-62.497296
41642,1376,186.788,95,119.18,19.299551,-62.568868
41736,1377,184.937,94,119.82,19.588632,-62.924407
41831,1378,185.951,95,120.48,20.200718,-63.083506
41928,1379,189.218,97,121.15,19.408182,-63.593913
42023,1380,186.378,95,121.8,20.636366,-63.90251
42119,1381,188.471,96,122.47,20.606317,-64.129961
42214,1382,186.062,95,123.12,20.125283,-63.997749
42308,1383,184.775,94,123.75,18.310619,-64.432233
42403,1384,186.817,95,124.43,18.837774,-65.056098
42499,1385,186.762,96,125.15,19.821627,-65.042754
42597,1386,188.844,98,125.85,19.73583,-65.271019
42693,1387,185.912,96,126.58,20.283218,-65.524719
42788,1388,184.535,95,127.34,19.823304,-65.694631
42885,1389,188.827,97,128.09,22.283538,-66.055435
42978,1390,181.346,93,128.83,20.290084,-66.383019
43072,1391,184.014,94,129.47,20.996054,-66.755821
43159,1392,176.487,87,130.07,20.362955,-66.67093
43246,1393,177.823,87,130.69,19.712346,-66.94954
43332,1394,177.649,86,131.23,18.592159,-67.221584
43418,1395,178.861,86,131.77,19.65705,-67.55017
43502,1396,178.435,84,132.28,19.493109,-67.609156
43588,1397,178.721,86,132.83,19.229927,-67.725204
43676,1398,182.807,88,133.39,18.769258,-68.160965
43762,1399,177.458,86,133.94,19.929682,-68.40204
43848,1400,180.609,86,134.54,20.82881,-68.141481
43935,1401,177.93,87,135.16,19.855514,-68.85808
44020,1402,177.193,85,135.71,21.482916,-69.036757
44106,1403,176.68,86,136.37,21.399806,-69.420564
44192,1404,181.104,86,136.99,21.330721,-69.226594
44278,1405,176.513,86,137.58,20.084524,-69.383877
44363,1406,177.545,85,138.17,21.100374,-70.005267
44451,1407,177.869,88,138.77,20.59858,-70.299272
44537,1408,175.974,86,139.41,20.170028,-70.46865
44625,1409,178.169,88,140.0,22.761208,-70.542785
44711,1410,174.835,86,140.63,22.076543,-70.539505
44797,1411,179.782,86,141.26,19.976659,-71.075228
44883,1412,176.756,86,141.91,20.410149,-71.443352
44969,1413,178.644,86,142.55,21.292915,-71.306527
45055,1414,175.744,86,143.17,21.323468,-71.793114
45141,1415,179.252,86,143.79,23.434596,-71.530542
45227,1416,174.891,86,144.41,20.433729,-72.353696
45313,1417,179.209,86,145.05,20.747011,-72.595045
45400,1418,176.304,87,145.67,21.492158,-72.490279
45486,1419,175.742,86,146.28,22.455045,-72.666112
45572,1420,179.396,86,146.9,23.237844,-72.583982
45658,1421,181.439,86,147.47,22.389922,-73.100034
45744,1422,177.336,86,147.99,20.916939,-73.008271
45830,1423,179.701,86,148.52,23.040644,-73.48813
45916,1424,177.608,86,149.05,23.502891,-73.589306
46002,1425,179.953,86,149.58,21.511624,-74.303591
46089,1426,180.554,87,150.15,21.052796,-74.432004
46175,1427,179.891,86,150.72,22.826387,-74.284417
46261,1428,177.37,86,151.21,21.696923,-74.983651
46347,1429,178.405,86,151.88,22.613182,-75.173893
46432,1430,173.926,85,152.47,22.080535,-75.414058
46518,1431,175.761,86,153.17,22.342806,-75.154879
46604,1432,179.566,86,153.82,20.827801,-75.586109
46690,1433,174.37,86,154.51,20.917587,-76.060999
46776,1434,175.675,86,155.27,21.710977,-76.518238
46871,1435,192.349,95,156.05,22.293354,-77.455893
46942,1436,134.067,71,156.56,23.264197,-78.115
47108,1437,347.138,166,157.55,22.669613,-78.284
47268,1438,337.861,160,158.55,24.763369,-78.732492
47418,1439,334.642,150,159.76,25.061439,-79.529615
47567,1440,334.661,149,160.89,24.525179,-79.955551
47721,1441,343.652,154,161.96,26.755551,-80.364051
47865,1442,329.406,144,163.07,27.044603,-81.002272
48014,1443,336.793,149,164.04,27.298534,-81.721905
48152,1444,319.038,138,164.98,26.838147,-82.482513
48293,1445,321.152,141,165.92,25.904109,-82.675886
48439,1446,331.233,146,166.9,27.103781,-83.351847
48580,1447,324.425,141,167.82,27.22416,-83.972909
48726,1448,329.739,146,168.85,28.951839,-84.478071
48870,1449,324.427,144,169.86,28.50289,-84.725192
49013,1450,329.203,143,170.97,28.854932,-85.131085
49159,1451,333.222,146,172.07,28.484343,-85.622342
49297,1452,315.11,138,173.08,28.836986,-85.876676
49448,1453,333.999,151,174.16,30.48947,-86.381469
49590,1454,324.428,142,175.08,31.338284,-86.895785
49745,1455,333.429,155,176.19,27.667991,-87.262096
49873,1456,296.184,128,177.07,27.940711,-87.342003
50013,1457,292.008,140,178.94,30.223836,-88.172285
50147,1458,299.779,134,179.97,28.228379,-88.504443
50306,1459,334.277,159,181.11,28.988156,-88.674809
50468,1460,332.633,162,182.21,30.552931,-88.942422
50586,1461,252.481,118,183.04,27.28636,-89.372747
50692,1462,239.33,106,183.78,28.97286,-89.777649
50798,1463,237.185,106,184.57,30.792828,-89.898651
50896,1464,220.303,98,185.28,28.835069,-90.370116
50994,1465,208.694,98,185.99,31.316472,-90.697036
51114,1466,259.826,120,186.84,31.24725,-90.966553
51210,1467,205.513,96,187.55,28.376112,-90.957979
51309,1468,210.616,99,188.19,33.755315,-90.970733
51409,1469,211.162,100,188.82,32.615487,-91.273326
51505,1470,200.879,96,189.42,30.651527,-91.746703
51605,1471,208.266,100,190.11,29.15678,-91.74337
51704,1472,208.511,99,190.74,31.806245,-92.122108
51800,1473,195.612,96,191.36,31.176122,-92.553346
51893,1474,194.759,93,191.97,31.756988,-92.493655
51986,1475,193.393,93,192.56,29.556529,-92.728773
52082,1476,198.919,96,193.19,28.948839,-93.101981
52176,1477,207.745,94,193.79,29.617902,-92.78384
52270,1478,201.19,94,194.41,30.276475,-93.529589
52364,1479,200.908,94,195.05,32.181439,-93.744355
52459,1480,201.033,95,195.73,30.621508,-94.039894
52555,1481,205.536,96,196.43,31.616514,-94.061788
52650,1482,208.543,95,197.12,32.671372,-93.815397
52744,1483,197.895,94,197.8,31.856195,-94.695553
52837,1484,197.388,93,198.47,29.572664,-94.864734
52930,1485,200.581,93,199.19,27.76999,-95.153932
53025,1486,206.597,95,199.89,29.917221,-95.143557
53118,1487,205.357,93,200.55,29.864394,-95.572082
53213,1488,200.444,95,201.22,29.172806,-96.118955
53308,1489,200.136,95,201.81,29.191612,-96.07727
53402,1490,204.45,94,202.43,29.981831,-96.218873
53497,1491,209.503,95,203.02,28.996653,-96.657016
53590,1492,196.509,93,203.61,29.504165,-96.474563
53682,1493,200.698,92,204.24,31.027266,-97.117985
53774,1494,191.08,92,204.84,29.275003,-97.219418
53869,1495,213.403,95,205.44,29.949122,-97.170296
53960,1496,196.069,91,206.07,29.663311,-97.588914
54054,1497,196.283,94,206.74,29.600938,-97.749657
54148,1498,196.622,94,207.44,29.92457,-98.146256
54241,1499,204.465,93,208.17,30.832614,-98.089996
54335,1500,205.269,94,208.9,29.69326,-98.372739
54429,1501,203.321,94,209.63,29.682217,-98.68472
54521,1502,193.241,92,210.3,30.896558,-99.319258
54614,1503,203.99,93,210.9,30.226085,-99.080313
54706,1504,193.05,92,211.51,30.173384,-99.314161
54799,1505,193.202,93,212.13,34.410174,-99.461717
54892,1506,192.713,93,212.72,30.059074,-99.675252
54986,1507,204.833,94,213.32,28.772772,-99.847968
55079,1508,195.707,93,213.92,29.075462,-100.605195
55174,1509,207.194,95,214.52,28.746057,-100.233152
55271,1510,207.204,97,215.22,30.925949,-100.521991
55365,1511,206.152,94,215.9,31.031084,-100.921365
55463,1512,209.531,98,216.64,33.299375,-101.111361
55558,1513,208.338,95,217.32,34.42078,-101.421665
55650,1514,195.712,92,218.0,30.866638,-101.644239
55743,1515,197.973,93,218.7,30.396995,-102.088679
55838,1516,206.377,95,219.39,31.719631,-101.937902
55932,1517,205.045,94,220.08,32.988575,-102.54545
56027,1518,199.343,95,220.77,33.121994,-102.597037
56115,1519,181.732,88,221.43,30.93449,-102.840361
56208,1520,202.135,93,222.09,32.608998,-103.107779
56301,1521,190.962,93,222.78,30.827403,-102.959526
56395,1522,195.405,94,223.48,31.008947,-103.1905
56496,1523,220.689,101,224.19,33.714521,-103.760105
56593,1524,208.612,97,224.88,31.985731,-103.51696
56687,1525,193.017,94,225.53,33.309657,-103.666325
56783,1526,211.846,96,226.19,32.311744,-103.649638
56876,1527,189.962,93,226.78,32.621043,-103.797867
56967,1528,191.809,91,227.36,32.146694,-103.717583
57052,1529,171.618,85,227.99,32.875575,-104.41213
57145,1530,192.49,93,228.6,35.706875,-104.778327
57236,1531,183.774,91,229.15,33.485985,-104.383073
57323,1532,176.706,87,229.67,33.541574,-104.388434
57414,1533,183.588,91,230.22,30.200293,-105.351069
57498,1534,164.207,84,230.73,30.015148,-104.885272
57586,1535,173.215,88,231.24,31.035393,-105.107606
57674,1536,173.214,88,231.76,32.585967,-105.224656
57761,1537,171.772,87,232.29,31.561999,-105.043591
57848,1538,171.3,87,232.91,31.593681,-105.05414
57936,1539,175.345,88,233.66,32.504429,-104.915877
58017,1540,156.61,81,234.31,31.135887,-105.546796
58099,1541,159.87,82,234.95,33.621021,-105.261844
58182,1542,174.956,83,235.61,33.994429,-105.297251
58271,1543,176.084,89,236.35,32.672315,-106.370895
58359,1544,173.709,88,237.03,31.869317,-105.454939
58440,1545,157.102,81,237.58,32.441456,-106.284636
58523,1546,178.218,83,238.11,35.485301,-105.649624
58608,1547,172.56,85,238.65,31.157888,-105.7251
58694,1548,171.712,86,239.38,31.517557,-106.131225
58781,1549,178.412,87,239.97,29.091492,-106.760232
58940,1550,304.663,159,241.02,30.598646,-106.302364
59168,1551,385.752,228,242.48,31.588542,-106.495096
59408,1552,401.133,240,244.01,32.846182,-106.469759
59537,1553,273.881,129,244.8,33.477263,-107.061139
59681,1554,308.044,144,245.69,30.410467,-106.981785
59773,1555,201.682,92,246.4,32.012989,-107.173141
59863,1556,200.681,90,247.06,31.580363,-106.911664
60255,1557,560.965,392,251.03,33.544766,-107.322204
60377,1558,272.039,122,251.93,30.810153,-107.455124
60505,1559,285.735,128,252.78,34.167301,-107.775329
60643,1560,309.13,138,253.75,33.380916,-107.52668
60744,1561,228.882,101,254.44,32.110964,-107.4953
60835,1562,203.652,91,255.0,31.270761,-108.198305
60931,1563,212.313,96,255.62,29.109497,-108.047168
61045,1564,260.074,114,256.39,34.73387,-107.99197
61165,1565,275.634,120,257.12,31.91914,-108.249412
61261,1566,218.87,96,257.73,31.512339,-107.733648
61359,1567,219.625,98,258.38,33.567808,-107.922573
61460,1568,218.092,101,259.04,28.373584,-108.517154
61571,1569,245.907,111,259.84,32.205661,-108.192441
61684,1570,261.121,113,260.66,31.865559,-108.429436
61785,1571,224.358,101,261.42,33.522415,-108.538278
61950,1572,345.562,165,262.67,30.212079,-109.233189
62109,1573,337.237,159,263.87,29.93715,-109.447026
62298,1574,368.544,189,265.22,30.818649,-109.294113
62405,1575,244.93,107,265.97,32.438802,-109.084133
62532,1576,298.137,127,266.84,31.963182,-109.578169
62680,1577,325.163,148,267.89,31.83943,-109.412636
62994,1578,457.523,314,270.23,31.85248,-109.754207
63159,1579,337.427,165,271.47,31.956056,-109.973303
63317,1580,297.338,158,272.66,31.541071,-110.299422
63460,1581,324.408,143,273.72,31.733141,-110.539623
63568,1582,250.926,108,274.49,29.571043,-110.902452
63747,1583,355.216,179,275.79,31.457976,-111.186815
63886,1584,319.625,139,276.8,31.454427,-110.916717
63996,1585,246.436,110,277.54,30.544606,-111.825995
64157,1586,333.228,161,278.62,28.653735,-111.982486
64290,1587,307.445,133,279.53,33.291876,-111.648105
64411,1588,290.191,121,280.36,31.828881,-111.910488
64582,1589,358.856,171,281.55,34.499138,-111.476829
64748,1590,349.346,166,282.65,32.735381,-112.215613
64881,1591,316.989,133,283.49,30.493235,-112.445513
65001,1592,290.362,120,284.25,33.407132,-112.375256
65198,1593,381.103,197,285.48,35.573866,-112.677029
65352,1594,330.872,154,286.45,28.375066,-112.771911
65522,1595,345.604,170,287.61,33.608276,-113.157285
65674,1596,337.465,152,288.69,30.854776,-112.912963
65857,1597,350.498,183,290.0,31.781245,-113.865545
65990,1598,301.048,133,291.0,31.325066,-113.844788
66136,1599,323.033,146,291.99,32.297621,-114.135774
66326,1600,364.595,190,293.19,32.630828,-114.212655
66468,1601,266.258,142,294.12,33.435694,-114.553968
66599,1602,267.789,131,295.04,34.719971,-114.670293
66711,1603,240.267,112,295.8,35.043476,-114.781878
66832,1604,247.165,121,296.65,35.257008,-114.408535
66985,1605,326.083,153,297.73,31.403587,-114.831895
67072,1606,162.86,87,298.35,38.299792,-114.600881
67174,1607,189.342,102,299.09,31.314538,-115.432446
67290,1608,204.373,116,299.91,38.639715,-115.839216
67383,1609,186.202,93,300.6,34.324656,-115.470522
67505,1610,242.74,122,301.45,33.238338,-115.93502
67600,1611,176.396,95,302.11,38.735391,-115.949719
67682,1612,152.33,82,302.68,39.83412,-116.187815
67800,1613,238.029,118,303.5,31.878903,-115.985877
67906,1614,190.185,106,304.23,34.247927,-116.114373
68031,1615,279.925,125,305.1,36.171568,-116.579985
68144,1616,208.688,113,305.93,37.357389,-117.165376
68273,1617,291.923,129,306.86,34.25214,-116.467824
68364,1618,176.269,91,307.53,33.309387,-117.476865
68456,1619,198.157,92,308.2,33.075576,-116.940141
68551,1620,185.295,95,308.89,37.676505,-117.683129
68662,1621,201.499,111,309.72,32.30913,-117.488946
68800,1622,249.557,138,310.63,33.08085,-117.992053
68928,1623,207.199,128,311.45,39.359433,-117.946265
69072,1624,286.453,144,312.38,35.840494,-118.420603
69187,1625,198.05,115,313.11,36.243863,-117.643192
69301,1626,202.374,114,313.84,35.817013,-118.596904
69409,1627,191.999,108,314.54,33.264909,-118.487181
69521,1628,196.573,112,315.34,35.324616,-118.2933
69654,1629,244.076,133,316.32,35.074794,-118.954828
69782,1630,217.476,128,317.25,34.179118,-119.149136
69898,1631,198.234,116,318.09,34.270298,-119.172277
70017,1632,213.899,119,319.74,37.5055,-119.81388
70143,1633,241.963,126,320.55,37.127553,-119.698217
70269,1634,215.303,126,321.33,36.135852,-120.121836
70395,1635,223.78,126,322.08,34.756225,-119.89405
70523,1636,225.497,128,322.84,35.428228,-120.437865
70649,1637,221.258,126,323.67,34.643249,-120.684051
70773,1638,224.384,124,324.54,32.248159,-120.549308
70888,1639,212.893,115,325.35,32.558688,-120.546191
71009,1640,223.669,121,326.21,34.576802,-120.343409
71131,1641,214.622,122,327.11,32.839373,-120.620368
71256,1642,228.315,125,328.02,35.906804,-121.174496
71379,1643,219.433,123,328.87,31.033583,-120.934306
71504,1644,224.158,125,329.7,34.558117,-121.459972
71617,1645,201.42,113,330.45,36.541928,-121.512441
71743,1646,248.191,126,331.3,38.323362,-121.192084
71869,1647,257.215,126,332.16,35.549199,-121.558591
71987,1648,272.405,118,332.96,33.39928,-121.908851
72109,1649,253.854,122,333.85,32.700083,-121.936631
72225,1650,268.811,116,334.69,33.509031,-121.639224
72343,1651,272.971,118,335.55,34.442313,-121.40998
72461,1652,262.835,118,336.4,36.801026,-121.944775
72585,1653,260.189,124,337.31,34.754922,-122.464225
72705,1654,258.908,120,338.11,33.933911,-122.663418
72819,1655,259.379,114,338.82,38.508779,-122.822773
72947,1656,256.124,128,339.66,35.595168,-122.709101
73062,1657,258.451,115,340.44,37.569056,-122.455566
73177,1658,255.911,115,341.17,32.339158,-122.815775
73292,1659,255.297,115,341.93,32.919385,-122.453396
73416,1660,260.737,124,342.83,37.450764,-122.831769
73520,1661,253.719,104,343.63,34.825632,-123.077043
73638,1662,268.383,118,344.51,36.754241,-123.327282
73740,1663,244.188,102,345.26,32.584638,-123.129499
73844,1664,245.438,104,346.03,32.38461,-122.873048
73953,1665,256.452,109,346.81,36.739305,-123.703302
74061,1666,248.816,108,347.49,38.498739,-123.431719
74159,1667,210.046,98,348.11,32.26522,-124.243462
74262,1668,244.235,103,348.74,35.156739,-123.58884
74372,1669,256.712,110,349.45,34.914668,-123.116981
74443,1670,128.964,71,349.91,34.243454,-123.358076
74549,1671,223.865,106,350.57,36.171113,-123.962793
74620,1672,129.579,71,351.03,33.89413,-124.390947
74731,1673,250.957,111,351.82,34.760459,-124.175782
74834,1674,240.13,103,352.55,34.620787,-124.62097
74950,1675,249.746,116,353.38,33.698593,-124.281569
75060,1676,244.081,110,354.18,36.204835,-124.037932
75162,1677,241.538,102,354.91,34.191909,-124.160588
75272,1678,250.854,110,355.73,37.163086,-124.00048
75391,1679,278.636,119,356.56,33.853148,-124.093501
75492,1680,237.038,101,357.23,31.373792,-123.785238
75594,1681,244.068,102,357.87,31.702713,-124.768438
75696,1682,243.555,102,358.53,31.071039,-123.920939
75809,1683,247.646,113,359.28,33.159433,-125.307874
75911,1684,238.867,102,359.98,35.344399,-124.862955
76021,1685,248.441,110,360.76,30.86622,-124.481564
76125,1686,237.541,104,361.52,31.995127,-124.476871
76228,1687,237.446,103,362.28,33.350697,-124.600955
76331,1688,238.964,103,363.04,33.137642,-124.433325
76437,1689,243.055,106,363.85,30.352959,-125.0088
76544,1690,255.559,107,364.66,32.28254,-124.925887
76651,1691,253.054,107,365.39,32.38253,-124.540421
76758,1692,254.076,107,366.11,35.27458,-124.624824
76860,1693,244.306,102,366.75,33.414703,-124.958273
76963,1694,244.183,103,367.42,38.693618,-124.877491
77075,1695,259.129,112,368.14,33.257488,-124.757325
77184,1696,249.285,109,368.82,32.936407,-124.761368
77289,1697,247.551,105,369.51,35.108387,-125.310851
77407,1698,271.18,118,370.33,32.4521,-124.873966
77513,1699,251.374,106,371.06,33.058167,-124.830027
77628,1700,270.311,115,371.87,31.351765,-124.660388
77739,1701,258.142,111,372.89,33.782268,-124.214709
77855,1702,269.364,116,373.77,32.196141,-124.986355
77972,1703,262.189,117,374.57,30.553027,-124.931938
78083,1704,260.32,111,375.25,33.241646,-124.312196
78201,1705,278.526,118,375.98,30.747253,-125.146428
78311,1706,258.151,110,376.65,32.674357,-124.54723
78411,1707,209.78,100,377.24,32.445757,-125.160379
78516,1708,252.176,105,377.86,31.423098,-124.761255
78634,1709,266.142,118,378.62,32.148213,-124.809778
78747,1710,252.165,113,379.36,34.752141,-124.877804
78861,1711,262.963,114,380.11,33.536402,-124.806053
78981,1712,273.059,120,380.94,30.731394,-124.48565
79097,1713,268.203,116,381.72,31.342633,-125.473959
79215,1714,267.677,118,382.53,30.747381,-125.704588
79336,1715,272.396,121,383.32,33.000722,-125.088961
79451,1716,268.998,115,384.06,30.421838,-125.661413
79570,1717,269.619,119,384.8,31.448208,-125.422006
79695,1718,276.315,125,385.58,29.719237,-125.780186
79827,1719,272.508,132,386.4,31.817335,-125.559366
79954,1720,269.524,127,387.2,31.374686,-125.627345
80088,1721,272.722,134,388.89,31.142531,-125.336772
80215,1722,275.459,127,389.74,30.587357,-125.559687
80345,1723,259.376,130,390.6,36.672939,-125.388636
80478,1724,272.467,133,391.45,34.854379,-125.070887
80595,1725,244.928,117,392.17,32.186639,-125.530744
80717,1726,251.324,122,392.93,31.628759,-125.441927
80852,1727,266.741,135,393.77,31.301075,-125.016627
80976,1728,270.744,124,394.53,30.95104,-125.359276
81106,1729,250.915,130,395.33,29.410387,-125.633074
81233,1730,268.46,127,396.2,31.967518,-124.82942
81342,1731,241.152,109,396.95,31.166384,-126.027291
81464,1732,296.342,122,397.81,32.313606,-125.037727
81575,1733,260.373,111,398.54,31.032207,-125.773469
81712,1734,277.581,137,399.45,32.379333,-124.911846
81832,1735,291.415,120,400.28,31.174695,-125.457122
81962,1736,280.012,130,401.33,31.1936,-124.897913
82079,1737,264.307,117,402.29,30.067992,-125.233481
82202,1738,275.593,123,403.33,31.279876,-125.040757
82327,1739,304.379,125,404.32,31.925221,-125.069047
82461,1740,282.273,134,405.37,32.443451,-125.077521
82589,1741,304.324,128,406.22,30.819802,-125.30021
82699,1742,259.782,110,406.97,29.423479,-124.904507
82828,1743,266.362,129,407.87,31.21699,-125.143939
82938,1744,261.982,110,408.63,34.472705,-125.10369
83058,1745,295.0,120,409.48,31.217086,-125.00911
83173,1746,271.71,115,410.38,35.615822,-124.651708
83294,1747,299.07,121,411.29,31.04313,-124.126444
83416,1748,297.082,122,412.28,31.280648,-124.186573
83525,1749,245.528,109,413.17,31.534946,-125.113101
83639,1750,263.516,114,414.04,30.824046,-124.8983
83776,1751,311.423,137,415.09,30.733147,-124.419355
83899,1752,293.006,123,416.04,31.904157,-124.517936
84010,1753,268.368,111,416.89,28.131164,-124.66252
84121,1754,267.446,111,417.75,30.657439,-124.906042
84237,1755,277.939,116,418.64,34.713674,-124.505279
84349,1756,275.803,112,419.48,30.652963,-123.592971
84460,1757,274.759,111,420.35,29.943842,-124.133897
84574,1758,283.236,114,421.25,29.368292,-124.085293
84687,1759,279.417,113,422.13,30.865067,-124.0937
84830,1760,310.48,143,423.25,29.309965,-124.182907
84945,1761,273.824,115,424.11,29.746148,-124.16322
85077,1762,306.724,132,425.12,31.06673,-123.889077
85189,1763,272.465,112,425.94,29.5653,-124.457449
85295,1764,253.006,106,426.71,31.893285,-123.612906
85414,1765,286.621,119,427.5,31.39849,-123.371464
85536,1766,286.599,122,428.42,32.202354,-123.556016
85660,1767,286.687,124,429.46,29.789908,-123.795205
85780,1768,278.608,120,430.31,30.207077,-124.100082
85918,1769,303.031,138,431.26,30.290208,-123.5753
86032,1770,283.354,114,432.08,29.707766,-123.81594
86167,1771,299.073,135,433.12,29.383734,-123.172233
86288,1772,294.52,121,434.04,28.902725,-123.505065
86439,1773,293.024,151,435.39,32.43466,-123.259592
86612,1774,306.544,173,436.91,28.413589,-123.266637
86721,1775,272.536,109,437.9,29.49387,-123.734648
86908,1776,315.772,187,439.42,27.108002,-123.475604
87030,1777,298.738,122,440.37,31.519752,-123.5174
87161,1778,285.244,131,441.35,28.006157,-123.589589
87277,1779,291.961,116,442.33,32.239969,-123.675132
87392,1780,282.742,115,443.32,29.762631,-124.116248
87503,1781,271.831,111,444.16,28.787849,-124.211254
87624,1782,301.369,121,445.24,31.319282,-123.827049
87767,1783,283.657,143,446.48,31.23678,-123.676979
87900,1784,291.045,133,447.66,28.323363,-123.869684
88025,1785,282.823,125,448.75,27.766136,-123.926372
88139,1786,271.345,114,449.71,26.899486,-123.788806
88267,1787,287.97,128,450.6,26.65572,-124.500028
88385,1788,292.445,118,451.49,28.497887,-123.464032
88554,1789,292.811,169,452.63,26.987056,-123.775343
88672,1790,283.309,118,453.51,30.335799,-123.858761
88788,1791,290.406,116,454.45,27.825273,-124.171664
88913,1792,302.831,125,455.54,28.419877,-123.814448
89025,1793,281.088,112,456.51,29.350354,-123.398683
89145,1794,298.216,120,457.56,28.508752,-123.360174
89261,1795,290.526,116,458.45,27.493726,-123.790036
89372,1796,278.727,111,459.25,27.902501,-123.733093
89499,1797,298.661,127,460.16,28.672948,-123.470857
89619,1798,302.209,120,461.0,28.038993,-123.648077
89740,1799,302.31,121,461.86,26.967331,-123.853925
89879,1800,273.339,139,462.84,29.135321,-123.770312
89984,1801,260.459,105,463.57,29.044944,-123.396009
90219,1802,356.689,235,466.46,27.823007,-123.60131
90367,1803,276.405,148,467.52,28.266532,-123.684963
90535,1804,291.396,168,468.74,28.437762,-123.722449
90653,1805,298.938,118,469.58,27.162178,-124.1631
90897,1806,374.908,244,471.32,28.467493,-123.704192
91020,1807,305.785,123,472.18,25.372303,-123.265034
91183,1808,291.296,163,473.34,29.604214,-123.782019
91318,1809,320.189,135,474.31,27.647375,-123.539344
91528,1810,317.491,210,475.87,27.008012,-123.170281
91652,1811,306.867,124,476.78,27.760435,-124.076685
91919,1812,409.512,267,478.73,27.206246,-123.844154
92050,1813,319.1,131,479.65,27.632633,-123.115595
92235,1814,315.383,185,480.96,25.744042,-123.244338
92446,1815,353.335,211,482.43,26.292193,-123.404794
92633,1816,328.777,187,483.79,25.873109,-123.179588
92737,1817,250.73,104,484.55,24.567403,-123.313744
92851,1818,289.791,114,485.38,27.98623,-123.223612
93083,1819,384.741,232,487.07,27.980157,-123.219126
93194,1820,277.007,111,487.87,30.957406,-122.763938
93313,1821,295.358,119,488.64,27.691571,-123.12528
93427,1822,282.019,114,489.33,25.030349,-122.904589
93673,1823,422.191,246,490.86,27.287757,-123.28503
93795,1824,294.36,122,491.62,26.012796,-122.803147
93902,1825,268.958,107,492.26,25.273204,-123.73464
94014,1826,276.2,112,493.01,24.860684,-122.988972
94194,1827,347.264,180,494.22,26.326253,-122.459997
94308,1828,287.484,114,495.11,28.087756,-122.897026
94469,1829,330.006,161,496.24,27.629267,-123.106101
94582,1830,287.033,113,497.02,28.074799,-122.632101
94692,1831,270.809,110,497.77,25.732481,-122.671688
94863,1832,340.767,171,499.04,24.544591,-122.943505
94976,1833,284.647,113,499.85,26.075028,-122.463569
95209,1834,418.493,233,501.5,27.300031,-122.833849
95324,1835,285.533,115,502.31,25.091551,-122.316512
95442,1836,297.191,118,503.16,25.453207,-122.007891
95561,1837,298.502,119,504.03,25.272975,-122.72432
95679,1838,296.201,118,504.87,26.893402,-122.33429
95792,1839,285.004,113,505.7,26.075708,-123.041045
95926,1840,306.628,134,506.64,27.542042,-122.574269
96035,1841,266.133,109,507.34,22.941908,-122.550729
96145,1842,270.895,110,508.08,27.526223,-121.897462
96277,1843,312.141,132,509.01,25.262014,-122.303212
96443,1844,339.353,166,510.1,24.583528,-121.97807
96559,1845,289.311,116,510.86,24.631576,-122.328901
96800,1846,420.424,241,512.65,24.702057,-121.91391
96916,1847,288.934,116,513.52,23.71999,-122.713882
97035,1848,299.511,119,514.4,25.32495,-122.281241
97338,1849,467.718,303,516.52,24.570799,-122.013056
97645,1850,471.87,307,518.66,23.81281,-122.274013
97967,1851,494.841,322,521.1,24.637858,-121.886176
98081,1852,277.459,114,521.96,25.683806,-121.917511
98235,1853,316.331,154,523.14,24.284123,-122.143089
98466,1854,414.288,231,524.83,24.642523,-121.850288
98580,1855,276.494,114,525.64,24.232728,-121.874084
98835,1856,437.554,255,527.52,23.420279,-121.722041
99097,1857,437.45,262,529.55,23.715581,-121.7667
99210,1858,277.85,113,530.36,26.249814,-121.521602
99481,1859,447.779,271,532.21,24.217006,-121.869151
99590,1860,270.599,109,532.98,25.894497,-121.932143
99791,1861,351.108,201,534.37,23.041893,-121.721867
99916,1862,309.282,125,535.27,23.716275,-121.429202
100143,1863,393.139,227,538.56,21.423218,-121.488104
100398,1864,409.118,255,540.34,23.731,-121.786762
100647,1865,432.557,249,542.03,22.928686,-121.749721
100881,1866,396.252,234,543.67,23.728988,-121.693698
101110,1867,406.572,229,545.47,24.466023,-122.073975
101354,1868,418.106,244,547.27,23.366572,-121.948567
101597,1869,411.78,243,549.09,24.482065,-121.991685
101813,1870,378.959,216,550.73,23.465584,-121.741217
102059,1871,425.361,246,552.59,23.920105,-121.911258
102303,1872,404.942,244,554.42,23.049015,-121.368021
102509,1873,353.102,206,555.93,25.152818,-122.348079
102678,1874,320.214,169,557.22,22.975152,-121.839524
102828,1875,296.741,150,558.37,25.355932,-122.203526
103007,1876,332.812,179,559.7,23.610654,-122.221222
103202,1877,374.494,195,561.17,22.300192,-122.07346
103379,1878,323.594,177,562.51,23.362566,-122.101824
103570,1879,352.576,191,563.96,23.933313,-122.409411
103741,1880,315.944,171,565.28,23.141428,-122.451863
103922,1881,339.136,181,566.63,23.776931,-122.692982
104108,1882,348.285,186,568.1,24.163349,-122.114165
104267,1883,307.652,159,569.4,22.294647,-121.919416
104412,1884,300.322,145,570.56,23.102167,-122.352098
104566,1885,296.067,154,571.82,21.921832,-123.18853
104714,1886,291.628,148,573.0,24.037169,-122.638575
104872,1887,299.306,158,574.19,22.024415,-122.942877
105043,1888,308.211,171,575.49,21.880365,-122.763626
105208,1889,297.364,165,576.76,23.070963,-123.315585
105413,1890,382.442,205,578.32,22.663684,-122.483961
105582,1891,328.456,169,579.57,23.028101,-122.414121
105771,1892,343.351,189,580.93,23.344869,-122.274253
105943,1893,328.964,172,582.18,23.918086,-122.30702
106086,1894,316.84,143,583.09,21.049645,-122.338617
106249,1895,297.064,163,584.16,21.739438,-122.78454
106406,1896,300.594,157,585.21,22.207542,-122.375874
106582,1897,313.323,176,586.33,23.601271,-122.969007
106729,1898,300.833,147,587.33,21.239748,-122.537361
106946,1899,397.47,217,588.88,21.900136,-122.722669
107125,1900,319.894,179,590.14,20.068764,-122.772451
107269,1901,313.305,144,591.17,21.521076,-122.657075
107391,1902,305.398,122,591.98,19.569178,-123.107112
107513,1903,306.321,122,592.77,20.125349,-123.19884
107629,1904,295.679,116,593.53,21.391894,-123.181052
107745,1905,287.119,116,594.29,21.399774,-122.804877
107892,1906,306.613,147,595.22,23.006023,-122.927182
108011,1907,298.847,119,596.02,23.166744,-122.470204
108132,1908,301.001,121,596.86,19.730793,-123.156322
108243,1909,272.727,111,597.63,22.354392,-123.088068
108362,1910,296.612,119,598.49,22.440116,-122.829178
108481,1911,297.017,119,599.39,21.338911,-123.35432
108604,1912,301.757,123,600.3,21.79678,-123.362733
108727,1913,303.259,123,601.21,23.397725,-123.222957
108849,1914,302.741,122,602.07,21.470072,-123.262974
108956,1915,243.999,107,602.79,23.192879,-122.941984
109077,1916,297.918,121,603.64,21.41956,-122.9492
109188,1917,272.585,111,604.4,22.068727,-123.097082
109312,1918,305.611,124,605.27,20.209621,-123.155896
109438,1919,309.054,126,606.18,22.4917,-122.614253
109562,1920,307.062,124,607.1,22.776907,-123.260076
109687,1921,309.217,125,608.04,22.177437,-123.330123
109802,1922,278.845,115,608.89,21.831424,-123.023614
109923,1923,300.561,121,609.82,25.401912,-123.460002
110049,1924,310.9,126,611.61,20.91806,-123.528255
110176,1925,309.882,127,612.56,20.607873,-122.924904
110305,1926,310.87,129,613.45,20.171452,-123.083092
110433,1927,308.421,128,614.34,21.507223,-123.070742
110563,1928,317.854,130,615.26,20.677941,-123.704063
110690,1929,309.77,127,616.16,21.54056,-123.412657
110814,1930,300.019,124,617.06,20.413791,-123.686805
110941,1931,310.43,127,617.96,20.513441,-123.351883
111069,1932,309.232,128,618.88,19.775661,-123.356627
111197,1933,312.174,128,619.81,20.287798,-123.531646
111324,1934,311.277,127,620.66,21.453159,-123.545126
111450,1935,307.029,126,621.5,24.847883,-123.540524
111578,1936,314.824,128,622.31,20.321395,-123.185992
111703,1937,297.979,125,623.14,20.821107,-123.762677
111833,1938,313.28,130,624.02,22.405892,-123.058616
111965,1939,318.945,132,624.99,23.818905,-123.440765
112091,1940,303.253,126,625.9,17.907547,-123.484873
112222,1941,318.357,131,626.87,22.372336,-123.643247
112351,1942,305.232,129,627.79,21.456289,-124.20995
112486,1943,316.422,135,628.76,20.448336,-123.640263
112619,1944,314.744,133,629.78,21.394693,-123.70239
112751,1945,318.733,132,630.72,19.692513,-122.76503
112878,1946,306.826,127,631.53,20.378566,-123.706846
113007,1947,311.159,129,632.43,20.636543,-123.964929
113142,1948,321.754,135,633.35,20.53106,-123.553427
113272,1949,311.562,130,634.33,21.346991,-124.367141
113398,1950,307.265,126,635.24,20.119892,-123.195987
113524,1951,310.343,126,636.18,20.479836,-123.807663
113651,1952,305.201,127,637.14,19.69769,-122.817148
113777,1953,302.4,126,638.05,19.377101,-123.941594
113914,1954,327.736,137,639.02,20.58448,-124.021607
114045,1955,319.144,131,639.93,22.991668,-123.663232
114168,1956,293.813,123,640.79,21.532938,-122.960529
114297,1957,311.805,129,641.69,20.900266,-123.744083
114419,1958,294.973,122,642.54,21.697077,-123.540946
114548,1959,316.58,129,643.47,20.024255,-124.060408
114674,1960,302.882,126,644.38,19.903482,-123.494303
114793,1961,286.852,119,645.23,22.922321,-123.510201
114925,1962,318.3,132,646.19,21.416679,-124.07502
115048,1963,302.174,123,647.07,20.051923,-123.842409
115181,1964,321.936,133,647.98,19.335122,-123.576487
115314,1965,323.559,133,648.83,19.460668,-123.494466
115439,1966,308.987,125,649.61,20.478829,-124.195441
115572,1967,324.958,133,650.42,19.767113,-123.88814
115704,1968,322.04,132,651.24,20.501056,-123.886188
115834,1969,315.066,130,652.07,19.721113,-124.093248
115963,1970,314.127,129,652.96,20.737657,-123.886241
116092,1971,315.381,129,653.83,22.480993,-124.766184
116224,1972,322.129,132,654.76,24.253193,-124.667075
116352,1973,313.477,128,655.68,19.609994,-124.553166
116484,1974,322.329,132,656.61,17.820696,-123.999895
116616,1975,323.985,132,657.44,22.236972,-123.631048
116745,1976,317.919,129,658.24,19.050577,-124.203727
116879,1977,325.375,134,659.1,20.471231,-124.27825
117013,1978,324.642,134,659.95,21.930876,-124.387925
117138,1979,307.314,125,660.73,19.952619,-123.762673
117268,1980,321.088,130,661.64,19.874818,-124.611572
117401,1981,324.694,133,662.57,23.244948,-124.346105
117533,1982,319.571,132,663.48,20.419262,-124.607269
117671,1983,326.484,138,664.48,20.680299,-125.06642
117801,1984,321.386,130,665.43,19.94921,-124.498857
117933,1985,322.069,132,666.34,18.899101,-124.122401
118065,1986,322.035,132,667.26,24.993974,-124.525655
118197,1987,319.845,132,668.17,19.786451,-124.131241
118327,1988,320.183,130,669.04,22.878679,-124.891137
118452,1989,308.423,125,669.88,19.13267,-124.318285
118583,1990,321.139,131,670.8,21.772235,-124.231316
118714,1991,314.687,131,671.74,22.972843,-124.746126
118844,1992,319.334,130,672.69,23.142399,-123.802182
118977,1993,323.277,133,673.65,23.939205,-124.31761
119095,1994,287.84,118,674.5,20.001049,-124.548736
119227,1995,322.468,132,675.41,20.97783,-124.530986
119355,1996,312.494,128,676.22,21.864348,-124.347359
119482,1997,314.695,127,677.05,21.365818,-124.094032
119611,1998,315.933,129,677.89,20.698134,-124.670682
119740,1999,318.205,129,678.71,21.427776,-124.316428
119871,2000,319.911,131,679.6,21.307217,-124.931742
119992,2001,297.646,121,680.47,21.626917,-124.636963
120113,2002,294.529,121,682.11,19.841387,-124.335338
120245,2003,322.669,132,683.12,20.839474,-125.246101
120370,2004,309.294,125,683.96,22.950389,-124.476414
120496,2005,311.44,126,684.75,20.291746,-124.706
120623,2006,313.188,127,685.54,21.975204,-124.406802
120745,2007,302.675,122,686.3,20.759393,-124.631775
120869,2008,304.12,124,687.07,22.794613,-123.861971
120990,2009,299.158,121,687.81,20.744317,-124.539016
121121,2010,320.403,131,688.75,19.849358,-124.054842
121243,2011,301.291,122,689.62,20.159696,-125.172116
121371,2012,315.081,128,690.55,19.785231,-124.617578
121491,2013,289.656,120,691.4,19.48074,-124.112532
121619,2014,314.553,128,692.32,19.344322,-124.335747
121743,2015,307.703,124,693.21,20.122006,-123.801452
121865,2016,300.303,122,694.04,23.37183,-124.326548
121992,2017,311.63,127,694.85,19.044512,-124.540749
122115,2018,304.039,123,695.62,21.519808,-124.194814
122236,2019,295.989,121,696.41,21.099326,-124.875518
122354,2020,290.981,118,697.23,21.071518,-124.061512
122477,2021,302.463,123,698.12,21.459816,-124.449599
122594,2022,290.065,117,698.97,22.498062,-124.233369
122712,2023,286.677,118,699.83,20.404963,-125.161699
122835,2024,291.191,123,700.73,20.029723,-124.10138
122955,2025,292.384,120,701.6,20.49966,-124.653635
123069,2026,279.537,114,702.35,22.174242,-124.557559
123188,2027,293.024,119,703.1,20.404645,-124.591147
123313,2028,293.12,125,703.91,18.363181,-124.605398
123432,2029,288.749,119,704.66,17.809802,-124.343906
123555,2030,295.365,123,705.49,21.134907,-124.320525
123678,2031,292.88,123,706.32,20.834189,-124.338492
123794,2032,286.352,116,707.19,18.811226,-124.889311
123909,2033,269.737,115,708.04,18.668685,-124.361914
124031,2034,292.404,122,708.96,21.644001,-124.68527
124156,2035,294.754,125,709.88,21.245703,-124.931664
124272,2036,285.465,116,710.77,18.937645,-124.912044
124397,2037,294.384,125,711.59,20.813979,-124.641251
124517,2038,294.323,120,712.37,19.48739,-124.612462
124635,2039,286.212,118,713.16,19.752149,-124.97938
124748,2040,279.741,113,713.87,21.479916,-125.378299
124861,2041,276.927,113,714.59,20.620081,-124.9798
124984,2042,293.167,123,715.41,19.731252,-124.277931
125105,2043,294.543,121,716.27,19.243987,-124.65631
125221,2044,285.953,116,717.12,19.577389,-124.888028
125346,2045,296.485,125,718.01,18.837932,-125.086022
125472,2046,293.777,126,718.96,18.947851,-125.12115
125592,2047,290.894,120,719.84,18.268611,-125.144961
125717,2048,294.65,125,720.69,17.866401,-124.688879
125838,2049,287.081,121,721.47,18.783528,-124.439218
125957,2050,288.222,119,722.25,17.648286,-125.763883
126080,2051,286.485,123,723.04,21.868033,-125.464803
126202,2052,288.928,122,723.8,18.301945,-125.408465
126319,2053,280.513,117,724.56,18.766193,-124.734113
126436,2054,273.44,117,725.35,18.843839,-125.231791
126549,2055,273.585,113,726.12,23.719696,-124.715309
126670,2056,288.711,121,726.94,23.209168,-124.606099
126785,2057,279.583,115,727.77,20.335894,-125.02825
126908,2058,286.643,123,728.6,20.343116,-125.901628
127026,2059,280.716,118,729.37,20.252781,-125.747372
127148,2060,288.199,122,730.13,19.142796,-125.442117
127262,2061,277.48,114,730.84,19.683934,-125.089515
127377,2062,277.732,115,731.56,17.939686,-125.365638
127497,2063,284.097,120,732.28,19.393282,-126.074309
127617,2064,292.053,120,733.02,21.215824,-125.61647
127732,2065,283.306,115,733.77,19.332409,-125.2759
127852,2066,285.518,120,734.59,20.885194,-124.987122
127969,2067,283.739,117,735.4,16.474876,-125.208613
128080,2068,277.97,111,736.16,21.728412,-125.21352
128195,2069,278.349,115,736.98,20.732439,-124.920281
128312,2070,285.799,117,737.82,18.667124,-124.75241
128436,2071,294.334,124,738.65,20.322537,-124.777727
128551,2072,280.904,115,739.34,21.731066,-125.188823
128669,2073,287.231,118,740.07,19.731206,-125.262258
128783,2074,285.075,114,740.76,20.376653,-125.153931
128908,2075,291.451,125,741.53,20.572031,-124.792658
129029,2076,289.507,121,742.29,20.51444,-125.031745
129170,2077,309.852,141,743.25,18.646561,-125.128904
129304,2078,301.869,134,744.17,20.592274,-124.4478
129437,2079,302.169,133,745.11,20.068012,-125.088132
129555,2080,284.197,118,745.92,20.914546,-125.037273
129672,2081,283.432,117,746.73,19.114482,-124.927021
129786,2082,277.558,114,747.47,19.470168,-124.608765
129914,2083,296.29,128,748.27,20.378046,-124.818646
130044,2084,293.82,130,749.91,21.307969,-124.369388
130177,2085,297.755,133,750.84,20.171547,-124.457789
130305,2086,297.746,128,751.66,20.959003,-124.678602
130432,2087,296.917,127,752.48,19.470234,-124.811533
130559,2088,294.879,127,753.32,22.776876,-124.624188
130681,2089,286.217,122,754.13,21.04362,-124.147065
130799,2090,282.468,118,754.9,20.542384,-124.175086
130947,2091,316.138,148,755.85,21.737921,-124.898043
131073,2092,296.534,126,756.6,20.330335,-124.43649
131212,2093,308.279,139,757.44,19.991891,-124.267779
131332,2094,287.531,120,758.31,23.157785,-124.264485
131469,2095,299.15,137,759.38,18.711585,-124.497292
131590,2096,283.304,121,760.29,21.636337,-124.03926
131718,2097,296.301,128,761.22,19.689074,-123.962687
131853,2098,298.079,135,762.21,21.326275,-123.65715
131984,2099,291.287,131,763.17,21.207887,-124.085987
132114,2100,297.288,130,764.16,19.279624,-124.380116
132232,2101,262.457,118,765.05,20.452743,-123.381406
132362,2102,298.122,130,766.14,19.75321,-123.844945
132480,2103,291.447,118,767.14,18.785907,-123.33308
132606,2104,282.422,126,768.16,21.067223,-123.142593
132727,2105,289.735,121,769.17,17.968025,-123.463533
132843,2106,285.613,116,770.1,21.559743,-123.995541
132962,2107,305.141,119,770.96,19.732519,-124.018041
133075,2108,271.419,113,771.82,19.995085,-122.870237
133196,2109,288.514,121,772.73,21.254081,-124.010493
133324,2110,297.607,128,773.69,17.958312,-122.887558
133443,2111,301.443,119,774.56,19.236051,-123.290979
133552,2112,271.104,109,775.41,18.514413,-123.541487
133650,2113,241.953,98,776.23,20.341266,-123.505459
133763,2114,284.276,113,777.13,19.766015,-124.02481
133875,2115,279.353,112,778.04,19.063651,-123.195293
133998,2116,309.99,123,779.03,18.49171,-123.383164
134121,2117,309.923,123,779.99,20.416127,-123.329978
134238,2118,302.965,117,780.81,19.724884,-123.219754
134354,2119,283.434,116,781.67,18.148169,-124.336166
134466,2120,283.233,112,782.48,20.235723,-122.935909
134580,2121,279.51,114,783.33,19.760501,-123.302968
134693,2122,278.081,113,784.19,19.737564,-122.669261
134811,2123,288.358,118,785.1,19.121232,-123.141973
134930,2124,303.997,119,786.03,19.961539,-122.959371
135051,2125,302.777,121,786.99,18.85425,-123.255889
135167,2126,303.48,116,787.87,18.647478,-122.510865
135287,2127,309.432,120,788.75,18.540891,-122.39549
135410,2128,304.251,123,789.72,19.5117,-122.419957
135523,2129,289.993,113,790.71,17.132044,-122.6909
135631,2130,271.493,108,791.62,18.76523,-122.847102
135741,2131,273.677,110,792.6,18.667127,-122.814287
135860,2132,293.496,119,793.67,18.987245,-122.281929
135968,2133,273.837,108,794.63,19.604536,-122.818838
136093,2134,307.481,125,795.63,19.403402,-122.810913
136198,2135,258.899,105,796.43,18.991401,-122.988875
136315,2136,299.29,117,797.31,19.798975,-122.116591
136432,2137,299.147,117,798.16,18.049971,-122.660784
136533,2138,247.227,101,798.94,19.601367,-123.827358
136656,2139,305.195,123,799.93,18.983303,-122.852956
136783,2140,312.66,127,800.98,19.717519,-122.397719
136914,2141,315.99,131,802.1,19.554409,-122.109405
137032,2142,294.848,118,803.07,22.24284,-122.754901
137159,2143,312.964,127,804.22,17.617597,-122.455031
137284,2144,309.365,125,805.25,21.981481,-122.15162
137407,2145,308.631,123,806.21,19.320215,-122.167712
137538,2146,313.903,131,807.18,20.434919,-122.000004
137661,2147,306.636,123,808.18,19.25658,-122.262058
137794,2148,317.908,133,809.2,17.555077,-122.601727
137924,2149,314.356,130,810.32,20.08416,-122.134241
138048,2150,307.216,124,811.35,17.889736,-123.172538
138166,2151,306.028,118,812.41,18.915957,-122.634718
138287,2152,298.17,121,813.4,20.114128,-121.781854
138423,2153,321.61,136,814.6,18.59426,-122.456502
138552,2154,315.914,129,815.65,17.695245,-122.755724
138693,2155,323.468,141,816.72,17.149344,-122.057421
138826,2156,319.039,133,817.7,20.281643,-122.695309
138957,2157,315.061,131,818.61,19.94189,-121.63551
139084,2158,310.684,127,819.52,18.001329,-122.155187
139220,2159,320.262,136,820.5,18.491983,-121.860672
139353,2160,318.667,133,821.46,17.212277,-121.939687
139488,2161,320.455,135,822.46,19.715765,-121.589108
139630,2162,328.299,142,823.5,17.776705,-122.246099
139759,2163,315.551,129,824.46,19.903254,-121.725733
139902,2164,329.548,143,825.46,18.851243,-121.596812
140034,2165,316.047,132,827.25,18.923045,-122.549234
140168,2166,318.606,134,828.23,18.437804,-122.451806
140303,2167,319.446,135,829.2,20.337411,-121.565434
140447,2168,326.825,144,830.25,18.293444,-122.36114
140584,2169,322.604,137,831.29,17.896014,-122.380308
140728,2170,329.243,144,832.34,17.261572,-122.112339
140881,2171,335.41,153,833.46,18.907751,-122.859694
141035,2172,339.697,154,834.58,16.478442,-121.817951
141177,2173,328.377,142,835.6,19.024335,-122.043765
141307,2174,315.903,130,836.53,15.862132,-122.512205
141446,2175,325.286,139,837.51,18.860549,-122.1811
141576,2176,313.168,130,838.46,19.576606,-121.386841
141720,2177,328.214,144,839.48,18.152347,-121.75933
141856,2178,320.11,136,840.48,17.331935,-122.251317
141991,2179,319.981,135,841.5,19.934117,-121.701384
142126,2180,320.324,135,842.47,17.895362,-121.927416
142267,2181,328.464,141,843.5,17.481574,-122.099613
142406,2182,325.863,139,844.51,17.345382,-122.460157
142541,2183,321.021,135,845.47,17.921902,-122.349139
142674,2184,316.928,133,846.4,20.831979,-123.139817
142796,2185,301.933,122,847.27,16.7152,-121.954688
142940,2186,330.404,144,848.27,17.353371,-122.00726
143072,2187,320.584,132,849.19,19.106832,-122.02155
143207,2188,323.738,135,850.19,17.621766,-121.815594
143346,2189,324.53,139,851.23,17.327263,-121.591282
143487,2190,328.834,141,852.27,17.938457,-121.581259
143622,2191,324.618,135,853.3,16.788806,-121.811659
143759,2192,325.311,137,854.21,18.042304,-122.098259
143908,2193,338.75,149,855.14,17.962954,-122.381187
144049,2194,333.585,141,856.02,18.508335,-122.054636
144194,2195,331.734,145,856.94,19.330326,-122.237862
144331,2196,329.565,137,857.85,19.086809,-121.603015
144473,2197,333.237,142,858.84,19.076491,-122.061251
144612,2198,328.469,139,859.82,18.135146,-121.683106
144745,2199,321.941,133,860.79,16.138951,-121.449023
144876,2200,318.622,131,861.73,16.615196,-121.957067
145010,2201,326.298,134,862.68,16.388174,-122.253738
145138,2202,315.549,128,863.52,17.233134,-122.443491
145273,2203,324.65,135,864.37,17.869543,-121.820756
145408,2204,324.852,135,865.23,17.372648,-122.382505
145540,2205,320.998,132,866.09,20.074515,-121.840544
145672,2206,321.075,132,866.94,17.365997,-121.907517
145805,2207,321.645,133,867.9,18.953417,-122.317887
145938,2208,321.929,133,868.87,17.44917,-121.965766
146071,2209,323.677,133,869.85,16.975647,-121.795166
146210,2210,329.947,139,870.85,19.736797,-122.431135
146344,2211,326.071,134,871.83,15.523996,-122.141285
146480,2212,325.785,136,872.79,18.463043,-122.050493
146614,2213,322.527,134,873.74,16.950866,-121.158059
146746,2214,318.106,132,874.64,16.242692,-121.651665
146878,2215,321.092,132,875.58,16.73879,-121.679016
147016,2216,327.656,138,876.54,19.499069,-121.361856
147150,2217,322.905,134,877.52,16.673004,-121.40304
147291,2218,329.741,141,878.47,16.278628,-121.785917
147423,2219,321.252,132,879.36,14.866418,-121.476604
147562,2220,330.35,139,880.27,16.680327,-121.781455
147709,2221,333.987,147,881.24,16.33304,-122.228845
147843,2222,319.694,134,882.27,17.294593,-121.538953
147982,2223,324.562,139,883.32,17.368309,-121.576658
148110,2224,314.969,128,884.26,15.484769,-122.248028
148256,2225,333.482,146,885.36,17.59978,-121.689245
148391,2226,322.057,135,886.39,15.942015,-121.349314
148536,2227,333.756,145,887.48,16.615412,-121.759329
148658,2228,300.049,122,888.44,18.987158,-121.356652
148789,2229,317.839,131,889.43,15.182822,-121.769373
148913,2230,303.912,124,890.35,16.575815,-121.823297
149052,2231,324.902,139,891.41,16.567589,-122.081466
149197,2232,333.435,145,892.49,16.90408,-121.78208
149341,2233,332.1,144,893.6,14.944155,-121.330964
149470,2234,317.397,129,894.55,16.202221,-121.376388
149612,2235,331.58,142,895.59,15.054382,-121.411339
149753,2236,328.824,141,896.63,15.806031,-121.487687
149890,2237,326.127,137,897.65,15.116043,-122.293411
150027,2238,326.211,137,899.56,15.316432,-120.822136
150150,2239,301.148,123,900.57,17.012294,-121.005308
150287,2240,325.135,137,901.63,16.126738,-121.261246
150424,2241,319.068,137,902.67,16.571566,-120.935764
150563,2242,329.068,139,903.77,16.365935,-121.049808
150714,2243,339.704,151,904.97,15.498937,-121.843659
150848,2244,322.069,134,905.89,13.850094,-121.487917
150990,2245,330.114,142,906.86,14.727765,-121.780294
151126,2246,323.917,136,907.76,16.6109,-121.785328
151263,2247,324.209,137,908.85,15.218085,-121.45643
151405,2248,327.423,142,909.91,13.885687,-120.983314
151539,2249,324.369,134,911.0,17.973374,-121.479073
151674,2250,323.416,135,912.04,15.621527,-120.840797
151809,2251,321.553,135,913.06,14.416326,-121.210035
151945,2252,326.61,136,914.13,14.723155,-120.728909
152087,2253,328.525,142,915.2,17.961977,-121.037405
152213,2254,312.245,126,916.19,17.585516,-121.404456
152339,2255,298.962,126,917.17,17.342431,-120.434975
152479,2256,326.868,140,918.2,14.446308,-120.99535
152597,2257,278.524,118,919.05,14.769153,-121.50903
152736,2258,323.493,139,920.11,14.288257,-121.697056
152911,2259,359.624,175,921.55,15.373779,-120.55372
153036,2260,308.678,125,922.56,14.705113,-121.475211
153160,2261,311.013,124,923.58,15.8278,-120.984814
153298,2262,327.493,138,924.67,14.724588,-121.822526
153423,2263,306.627,125,925.59,15.224637,-120.898937
153552,2264,316.941,129,926.56,17.040278,-120.572014
153696,2265,331.314,144,927.6,15.413782,-121.866403
153824,2266,317.686,128,928.54,18.324329,-121.192413
153948,2267,308.045,124,929.48,16.605913,-121.720795
154075,2268,311.534,127,930.5,14.533537,-121.068481
154218,2269,331.011,143,931.64,14.523036,-121.027848
154351,2270,319.957,133,932.74,16.260069,-121.058434
154487,2271,322.904,136,933.82,14.933946,-121.414606
154604,2272,277.815,117,934.78,15.859363,-120.956061
154718,2273,265.178,114,935.66,15.569484,-121.496518
154838,2274,303.707,120,936.63,14.699479,-121.707412
154979,2275,326.773,141,937.77,15.219801,-121.333499
155112,2276,318.886,133,938.77,15.690147,-121.054337
155250,2277,325.447,138,939.79,20.09019,-121.147016
155386,2278,322.917,136,940.75,15.145822,-121.026099
155519,2279,318.117,133,941.7,17.005227,-120.991367
155648,2280,315.178,129,942.62,16.565425,-121.699809
155773,2281,308.31,125,943.5,15.209601,-121.832917
155904,2282,322.254,131,944.42,15.696206,-120.899512
156031,2283,309.209,127,945.35,13.922623,-121.422453
156169,2284,325.858,138,946.36,15.042506,-121.319812
156294,2285,309.296,125,947.28,14.65599,-121.465985
156433,2286,327.368,139,948.29,13.271683,-120.850409
156574,2287,328.299,141,949.32,14.879332,-120.789485
156712,2288,325.438,138,950.31,13.36828,-121.028424
156837,2289,302.687,125,951.21,15.385553,-121.511125
156963,2290,305.753,126,952.01,14.815883,-121.127129
157094,2291,320.461,131,952.87,13.313855,-121.516026
157207,2292,267.954,113,953.59,14.95865,-121.428979
157307,2293,216.765,100,954.24,15.331272,-121.165488
157428,2294,289.042,121,955.09,11.75713,-121.832607
157557,2295,320.842,129,956.02,14.492086,-121.739275
157690,2296,319.369,133,956.96,14.129308,-121.276619
157820,2297,321.006,130,957.9,15.809711,-120.423505
157972,2298,338.058,152,958.97,13.552967,-120.902272
158082,2299,265.847,110,959.65,13.485017,-120.780366
158214,2300,336.22,132,960.48,14.990919,-120.929575
158348,2301,322.427,134,961.34,13.353785,-122.038908
158473,2302,305.628,125,962.12,15.517591,-121.054705
158596,2303,299.85,123,962.9,13.732181,-120.890484
158724,2304,314.019,128,963.77,14.482292,-120.8496
158850,2305,320.114,126,964.64,13.640513,-121.106687
158979,2306,312.949,129,965.53,14.070503,-120.864658
159107,2307,338.03,128,966.43,13.758807,-121.113125
159231,2308,304.801,124,967.31,16.05217,-121.160606
159356,2309,312.718,125,968.14,14.656498,-120.932391
159484,2310,331.511,128,969.07,14.71968,-121.034826
159612,2311,310.622,128,969.97,16.215285,-121.05757
159734,2312,305.894,122,970.84,16.000377,-120.785586
159860,2313,319.648,126,971.74,14.973869,-120.384902
159986,2314,312.746,126,972.68,14.966063,-120.987767
160149,2315,351.156,163,974.66,14.148732,-121.087125
160277,2316,306.033,128,975.59,13.373495,-121.395474
160404,2317,309.646,127,976.54,16.137664,-121.269311
160528,2318,318.291,124,977.43,15.591716,-121.02301
160658,2319,320.257,130,978.33,14.146333,-120.966225
160787,2320,312.706,129,979.25,14.190225,-121.485423
160914,2321,341.217,127,980.18,14.344702,-121.146985
161031,2322,307.435,117,981.03,13.417382,-121.170026
161159,2323,320.719,128,981.95,15.53522,-121.218739
161291,2324,348.275,132,982.95,13.971338,-121.508755
161414,2325,300.933,123,983.85,14.877954,-121.140945
161535,2326,301.368,121,984.73,13.349862,-121.602664
161650,2327,283.519,115,985.58,14.523591,-120.872514
161777,2328,315.863,127,986.51,13.713282,-121.819268
161889,2329,280.885,112,987.26,14.899848,-121.425258
162010,2330,295.67,121,988.04,14.075445,-121.246437
162138,2331,313.821,128,988.89,15.000077,-121.14597
162266,2332,311.888,128,989.72,12.728105,-121.121772
162391,2333,310.143,125,990.49,14.343633,-120.8132
162510,2334,291.904,119,991.31,13.768939,-121.243817
162640,2335,323.185,130,992.25,12.646186,-121.244879
162770,2336,348.344,130,993.17,16.030519,-121.287938
162897,2337,331.424,127,994.1,13.7609,-121.187736
163026,2338,320.301,129,995.04,16.068183,-121.255172
163157,2339,336.537,131,995.97,15.813823,-121.301301
163284,2340,314.635,127,996.8,14.922118,-121.224924
163414,2341,353.258,130,997.65,12.779941,-121.402519
163541,2342,316.144,127,998.45,14.473412,-121.349428
163664,2343,299.926,123,999.2,16.073877,-121.457711
163793,2344,311.799,129,1000.0,13.967874,-121.574783
163913,2345,301.61,120,1000.83,15.40955,-121.037744
164041,2346,312.356,128,1001.68,14.859739,-121.453369
164169,2347,311.202,128,1002.58,17.538876,-121.298446
164299,2348,313.015,130,1003.52,13.508949,-122.096536
164423,2349,319.27,124,1004.39,14.582449,-121.264656
164554,2350,315.186,131,1005.31,13.045432,-120.642654
164675,2351,298.434,121,1006.14,15.752312,-121.50955
164804,2352,335.229,129,1007.02,13.667696,-121.117969
164932,2353,340.836,128,1007.91,16.116963,-121.553919
165057,2354,324.407,125,1008.78,14.242429,-121.179569
165186,2355,341.346,129,1009.67,14.85156,-121.092575
165310,2356,327.292,124,1010.58,13.851026,-121.416865
165435,2357,319.916,125,1011.47,12.614597,-121.847566
165556,2358,298.264,121,1012.36,14.796614,-121.504285
165680,2359,308.203,124,1013.24,13.478953,-121.223893
165811,2360,318.218,131,1014.18,16.160916,-121.027136
165942,2361,318.342,131,1015.06,14.051431,-120.724785
166076,2362,320.097,134,1015.97,17.207111,-121.531782
166205,2363,313.918,129,1016.84,14.616399,-121.285731
166330,2364,310.432,125,1017.66,14.11537,-121.351525
166460,2365,332.247,130,1018.47,15.970201,-121.282533
166584,2366,307.43,124,1019.33,14.876452,-120.871804
166707,2367,306.803,123,1020.22,14.359273,-120.834685
166828,2368,301.25,121,1021.09,16.056941,-121.399504
166955,2369,348.057,127,1021.99,14.09542,-121.545144
167081,2370,332.661,126,1022.91,12.474616,-121.588015
167206,2371,309.035,125,1023.67,15.755217,-121.254029
167332,2372,320.79,126,1024.45,12.924026,-121.30205
167460,2373,326.329,128,1025.24,14.747586,-121.674667
167581,2374,302.122,121,1026.0,12.492635,-121.788482
167711,2375,344.368,130,1026.82,13.828518,-121.408819
167838,2376,320.683,127,1027.62,13.906956,-121.821655
167964,2377,309.435,126,1028.5,15.091653,-120.944237
168088,2378,310.206,124,1029.34,14.544985,-121.514379
168218,2379,344.03,130,1030.25,13.20429,-121.31662
168346,2380,331.04,128,1031.14,14.081409,-120.803646
168471,2381,308.869,125,1032.0,12.956548,-121.210096
168599,2382,328.947,128,1032.79,15.37143,-121.474158
168735,2383,322.224,136,1033.64,13.533107,-121.493558
168858,2384,305.631,123,1034.44,13.673254,-121.613009
168992,2385,320.687,134,1035.37,13.396127,-121.613459
169117,2386,312.294,125,1036.24,15.10717,-121.083959
169240,2387,309.541,123,1037.13,14.342187,-122.096331
169365,2388,307.495,125,1037.99,14.199017,-121.515894
169489,2389,322.594,124,1038.89,14.311945,-121.0348
169612,2390,308.702,123,1039.77,13.340475,-121.453899
169735,2391,306.869,123,1040.67,13.431066,-122.221906
169860,2392,311.633,125,1041.54,13.282361,-121.134675
169980,2393,298.772,120,1042.31,13.622349,-121.832182
170104,2394,320.297,124,1043.91,12.600857,-121.395313
170228,2395,312.479,124,1044.75,15.224929,-121.728367
170353,2396,308.638,125,1045.6,13.833824,-121.457818
170477,2397,322.736,124,1046.5,15.246355,-121.30297
170601,2398,314.504,124,1047.41,13.380898,-120.993215
170718,2399,311.721,117,1048.25,13.572048,-120.973624
170843,2400,322.861,125,1049.15,14.93705,-121.490064
170981,2401,323.67,138,1050.13,15.177073,-121.314909
171106,2402,307.676,125,1050.94,14.953474,-121.381906
171229,2403,311.468,123,1051.74,13.863752,-121.93996
171357,2404,314.946,128,1052.52,11.853077,-121.871184
171480,2405,304.992,123,1053.29,13.597897,-121.567074
171606,2406,328.763,126,1054.06,13.31904,-121.527927
171731,2407,331.184,125,1054.9,14.996052,-121.290732
171857,2408,311.561,126,1055.77,14.110099,-121.687313
171980,2409,303.296,123,1056.61,12.850449,-121.537105
172105,2410,308.341,125,1057.49,13.105362,-122.139537
172230,2411,314.572,125,1058.35,15.894564,-121.794633
172354,2412,316.448,124,1059.21,13.14763,-121.786635
172481,2413,313.186,127,1060.02,13.601869,-121.832651
172605,2414,324.646,124,1060.78,14.384529,-121.29365
172727,2415,306.254,122,1061.59,11.085636,-121.740233
172850,2416,302.442,123,1062.35,14.008157,-121.774545
172976,2417,311.472,126,1063.15,15.175466,-121.59495
173099,2418,303.019,123,1064.0,12.760924,-120.788699
173234,2419,323.371,135,1064.91,14.82345,-121.908013
173357,2420,300.893,123,1065.77,14.041893,-121.73785
173484,2421,314.218,127,1066.66,13.139077,-121.561502
173618,2422,318.942,134,1067.63,15.608791,-122.013635
173751,2423,318.794,133,1068.5,12.542013,-121.214903
173878,2424,313.798,127,1069.34,14.152888,-122.377893
174001,2425,300.66,123,1070.16,12.195847,-121.564251
174131,2426,317.376,130,1070.98,13.643036,-122.126362
174248,2427,318.123,117,1071.77,14.870759,-122.122204
174375,2428,314.519,127,1072.64,12.078675,-121.843571
174504,2429,327.979,129,1073.59,13.043594,-121.745708
174634,2430,315.957,130,1074.55,14.694664,-121.953027
174770,2431,321.268,136,1075.57,13.539888,-121.612533
174905,2432,322.66,135,1076.55,14.304447,-121.656744
175039,2433,319.905,134,1077.52,13.092373,-122.07161
175176,2434,323.918,137,1078.42,12.416793,-121.794508
175303,2435,308.485,127,1079.24,12.609415,-121.842989
175416,2436,302.633,113,1079.99,13.218642,-122.454097
175563,2437,332.958,147,1080.97,13.133833,-122.417731
175688,2438,304.655,125,1081.81,13.550114,-122.646618
175821,2439,316.422,133,1082.74,13.9442,-122.287324
175947,2440,308.885,126,1083.63,13.224483,-122.198366
176080,2441,319.128,133,1084.59,12.469721,-121.660826
176207,2442,316.041,127,1085.51,14.934673,-122.831911
176342,2443,323.98,135,1086.46,14.543623,-122.150727
176485,2444,332.585,143,1087.35,13.511322,-122.144466
176626,2445,330.309,141,1088.25,12.270402,-122.250117
176761,2446,320.234,135,1089.07,13.534237,-121.800307
176894,2447,317.589,133,1089.91,12.890658,-122.348909
177037,2448,323.718,143,1090.8,12.372956,-121.905708
177190,2449,341.992,153,1091.84,15.394448,-122.736138
177325,2450,321.911,135,1092.74,14.317852,-122.62438
177456,2451,320.767,131,1093.64,14.211404,-122.581412
177616,2452,346.783,160,1094.69,12.648935,-122.149632
177788,2453,360.819,172,1095.77,13.956256,-122.351944
177922,2454,321.336,134,1096.58,13.447966,-122.054488
178080,2455,346.89,158,1097.52,13.100798,-122.157905
178277,2456,384.653,197,1098.71,13.991671,-121.970408
178400,2457,289.684,123,1099.49,13.162172,-122.272439
178534,2458,318.605,134,1100.43,12.880755,-121.910126
178693,2459,344.721,159,1101.55,11.188333,-122.421413
178840,2460,331.454,147,1102.59,12.514823,-122.409134
179021,2461,367.779,181,1103.91,13.565517,-122.3812
179152,2462,318.411,131,1104.76,12.448385,-122.358191
179307,2463,346.051,155,1105.71,13.410719,-122.108713
179441,2464,319.122,134,1106.52,12.493451,-122.303241
179468,2465,36.656,27,1106.68,12.708898,-121.760439
179611,2466,336.374,143,1107.58,14.361428,-122.839736
179752,2467,336.832,141,1108.42,12.780549,-121.924409
179879,2468,318.148,127,1109.31,10.972379,-122.770248
180023,2469,333.664,144,1111.12,11.678914,-122.432837
180169,2470,341.449,146,1112.15,12.08983,-122.163538
180305,2471,327.349,136,1113.08,12.671747,-122.743224
180439,2472,327.218,134,1113.98,14.202376,-122.394135
180566,2473,323.634,127,1114.78,13.595117,-122.213386
180697,2474,325.31,131,1115.6,12.820512,-122.660895
180832,2475,323.156,135,1116.45,11.575736,-122.324721
180967,2476,321.603,135,1117.31,12.401304,-122.384799
181121,2477,339.497,154,1118.43,12.317495,-122.291603
181266,2478,341.319,145,1119.48,13.860309,-122.481072
181407,2479,327.885,141,1120.53,14.030671,-121.940335
181535,2480,323.499,128,1121.47,12.522666,-122.45075
181667,2481,322.954,132,1122.5,14.341653,-122.322462
181812,2482,335.64,145,1123.65,13.434255,-122.245589
181947,2483,326.158,135,1124.71,11.965498,-122.438154
182081,2484,323.088,134,1125.78,13.328798,-122.163367
182211,2485,340.939,130,1126.81,11.470153,-122.485392
182339,2486,315.533,128,1127.75,14.296412,-122.440207
182479,2487,329.81,140,1128.86,12.533913,-122.6131
182613,2488,321.912,134,1129.85,12.321061,-122.586607
182745,2489,321.718,132,1130.88,11.346574,-121.972172
182875,2490,325.317,130,1131.89,13.544788,-122.289824
183009,2491,322.13,134,1133.02,14.537662,-122.785126
183142,2492,320.912,133,1134.11,14.830919,-122.71854
183281,2493,327.308,139,1135.29,11.649686,-122.494055
183418,2494,323.949,137,1136.41,13.638209,-122.944757
183573,2495,342.735,155,1137.53,12.244349,-122.159419
183706,2496,324.023,133,1138.56,14.180677,-122.53531
183840,2497,325.941,134,1139.59,13.046207,-122.368775
183978,2498,323.878,138,1140.61,14.0837,-122.254639
184114,2499,321.758,136,1141.69,13.797926,-122.094613
184246,2500,318.951,132,1142.77,13.647401,-122.443773
184380,2501,321.288,134,1143.87,12.743028,-122.123634
184516,2502,321.059,136,1144.95,10.656659,-122.203888
184657,2503,327.532,141,1146.13,16.436559,-122.692191
184798,2504,327.942,141,1147.12,14.19803,-121.98654
184932,2505,321.36,134,1148.08,13.385123,-122.60372
185066,2506,319.541,134,1149.2,12.92234,-122.286794
185207,2507,328.769,141,1150.48,12.740484,-122.012476
185346,2508,325.295,139,1151.62,11.625793,-122.819598
185479,2509,326.238,133,1152.7,11.747104,-122.755196
185619,2510,329.255,140,1153.88,13.51299,-121.792237
185753,2511,325.777,134,1154.99,13.472078,-122.54137
185889,2512,320.682,136,1156.14,15.40467,-122.482393
186024,2513,321.161,135,1157.29,14.86355,-122.769697
186157,2514,323.005,133,1158.48,13.257363,-122.606816
186295,2515,325.237,138,1159.66,12.687762,-122.174228
186427,2516,322.622,132,1160.86,13.487443,-122.97789
186563,2517,324.878,136,1161.95,12.759953,-122.687466
186698,2518,320.486,135,1163.06,12.766769,-123.085778
186833,2519,331.71,135,1164.14,13.132135,-122.602761
186965,2520,317.538,132,1165.19,13.993487,-122.628375
187098,2521,325.697,133,1166.16,11.98737,-122.140844
187227,2522,316.707,129,1167.22,13.052876,-122.848884
187359,2523,323.409,132,1168.33,14.61198,-122.423146
187494,2524,323.551,135,1169.51,11.921684,-122.723885
187628,2525,326.014,134,1170.56,14.22354,-123.201446
187765,2526,325.642,137,1171.7,11.410884,-122.505984
187897,2527,325.565,132,1172.77,13.756042,-122.529156
188030,2528,323.63,133,1173.94,15.545093,-122.639989
188168,2529,324.171,138,1175.14,12.399339,-122.659723
188303,2530,320.903,135,1176.3,12.319472,-122.299832
188431,2531,313.465,128,1177.4,15.760985,-122.580695
188562,2532,321.989,131,1178.44,12.481569,-122.190946
188698,2533,322.468,136,1179.44,13.517016,-122.700189
188833,2534,324.532,135,1180.45,13.053015,-122.463573
188974,2535,328.999,141,1181.48,12.961127,-122.764683
189111,2536,323.747,137,1182.46,13.087751,-123.111371
189244,2537,323.405,133,1183.41,12.100235,-122.643015
189379,2538,321.318,135,1184.36,11.058436,-121.921272
189513,2539,322.855,134,1185.29,14.511562,-122.49293
189642,2540,321.276,129,1186.2,12.584449,-122.859195
189770,2541,314.558,128,1187.15,12.47675,-122.782126
189903,2542,321.857,133,1188.14,13.076932,-122.619175
190032,2543,319.376,129,1189.88,15.695345,-122.873317
190164,2544,322.469,132,1190.92,11.817591,-122.822513
190301,2545,324.33,137,1191.9,11.131248,-122.903603
190439,2546,326.76,138,1192.87,13.425323,-122.886313
190575,2547,328.528,136,1193.84,13.408417,-122.30904
190708,2548,321.592,133,1194.77,12.111405,-122.408722
190838,2549,319.863,130,1195.69,11.67016,-122.145399
190974,2550,324.244,136,1196.68,13.069526,-122.24802
191111,2551,324.419,137,1197.69,14.001794,-122.277458
191232,2552,285.503,121,1198.56,13.958052,-122.056862
191360,2553,291.277,128,1199.51,13.447295,-122.777888
191494,2554,321.66,134,1200.51,12.095643,-122.685475
191627,2555,320.206,133,1201.45,13.055744,-122.635692
191763,2556,327.712,136,1202.4,13.657659,-122.456555
191894,2557,326.697,131,1203.33,11.873339,-122.682551
192025,2558,319.21,131,1204.26,11.493197,-123.029189
192165,2559,329.854,140,1205.25,13.542474,-122.901839
192298,2560,323.913,133,1206.22,12.063641,-122.394192
192432,2561,327.395,134,1207.21,12.942114,-122.478093
192563,2562,323.722,131,1208.17,13.134108,-123.014905
192705,2563,331.321,142,1209.22,11.753599,-122.720764
192849,2564,330.688,144,1210.27,12.528357,-122.837585
192990,2565,327.674,141,1211.26,13.173729,-122.662239
193121,2566,330.738,131,1212.16,13.053524,-122.013253
193261,2567,329.706,140,1213.15,12.059521,-122.483467
193395,2568,326.512,134,1214.1,11.486771,-122.813708
193540,2569,334.591,145,1215.1,13.150395,-123.043214
193680,2570,332.931,140,1216.12,11.904241,-122.079925
193813,2571,323.943,133,1217.12,12.437776,-122.757259
193955,2572,334.125,142,1218.19,13.272841,-122.560259
194087,2573,328.776,132,1219.16,11.519933,-122.917606
194213,2574,318.632,126,1220.08,12.126604,-122.417909
194343,2575,322.814,130,1221.0,13.121278,-122.179773
194470,2576,315.215,127,1221.79,11.746787,-122.648745
194603,2577,325.602,133,1222.66,11.550013,-122.683208
194732,2578,310.654,129,1223.46,12.559663,-122.178558
194870,2579,330.206,138,1224.34,11.873105,-122.381058
195011,2580,338.49,141,1225.33,11.191063,-122.112719
195146,2581,323.335,135,1226.32,11.915374,-122.554672
195275,2582,322.712,129,1227.26,11.862153,-122.562367
195408,2583,322.058,133,1228.21,11.189174,-122.786166
195505,2584,233.141,97,1228.92,11.523209,-123.029243
195635,2585,323.93,130,1229.8,12.889696,-122.483035
195766,2586,320.091,131,1230.64,10.993289,-122.623933
195900,2587,327.381,134,1231.56,11.558404,-122.867822
196033,2588,322.703,133,1232.41,12.473163,-122.564987
196167,2589,327.107,134,1233.29,10.818257,-123.027471
196295,2590,313.36,128,1234.15,13.779832,-123.184575
196429,2591,332.529,134,1235.07,12.754966,-123.519177
196557,2592,313.828,128,1235.97,10.128192,-123.160049
196686,2593,317.676,129,1236.92,10.576288,-123.502825
196813,2594,330.287,127,1237.81,12.127257,-122.943728
196950,2595,332.544,137,1238.76,14.223516,-122.981599
197080,2596,321.313,130,1239.71,12.245926,-123.137604
197207,2597,331.84,127,1240.68,11.334369,-123.113521
197340,2598,325.106,133,1241.69,11.962656,-122.412991
197474,2599,324.669,134,1242.69,12.856156,-123.304592
197604,2600,320.379,130,1243.68,10.955228,-122.99942
197734,2601,341.096,130,1244.55,11.933727,-123.32421
197870,2602,327.656,136,1245.45,12.48681,-122.979974
198003,2603,339.911,133,1246.34,10.535039,-123.120076
198130,2604,312.088,127,1247.18,10.943634,-123.106122
198261,2605,329.4,131,1248.09,11.758888,-123.274405
198387,2606,309.897,126,1249.0,13.829834,-122.581283
198516,2607,316.262,129,1250.02,12.476604,-122.995166
198641,2608,317.084,125,1251.02,11.480417,-122.787824
198771,2609,336.993,130,1252.02,12.619417,-122.816729
198891,2610,292.321,120,1252.96,11.917857,-122.670908
199017,2611,313.693,126,1253.8,11.905487,-123.182753
199136,2612,312.278,119,1254.67,14.498076,-123.129085
199267,2613,324.333,131,1255.64,10.074787,-122.988141
199394,2614,317.118,127,1256.59,12.106202,-123.49527
199515,2615,302.079,121,1257.48,12.335909,-122.785577
199642,2616,315.747,127,1258.44,12.211764,-122.987817
199762,2617,297.389,120,1259.36,11.62001,-122.962528
199892,2618,349.682,130,1260.38,13.785364,-123.243598
200013,2619,291.672,121,1262.11,11.030521,-123.27533
200137,2620,302.357,124,1263.1,9.807146,-123.098156
200263,2621,332.684,126,1264.04,11.069249,-123.085423
200386,2622,297.919,123,1264.94,12.687553,-122.758527
200514,2623,319.255,128,1265.88,13.12269,-122.964077
200631,2624,282.332,117,1266.77,13.76325,-123.674633
200751,2625,293.303,120,1267.67,9.854897,-123.160511
200878,2626,316.638,127,1268.63,13.869057,-123.049502
200995,2627,286.615,117,1269.57,11.283765,-123.579994
201122,2628,335.8,127,1270.55,13.351325,-122.855205
201246,2629,307.18,124,1271.52,13.649894,-123.222043
201373,2630,318.328,127,1272.47,12.511186,-122.741792
201501,2631,319.752,128,1273.42,11.946429,-123.032278
201627,2632,333.456,126,1274.36,12.884814,-123.823637
201752,2633,301.588,125,1275.3,13.994621,-122.792429
201874,2634,299.035,122,1276.22,10.79765,-123.289407
201996,2635,315.585,122,1277.09,12.887368,-123.527182
202119,2636,328.946,123,1278.0,12.333478,-123.241576
202244,2637,318.715,125,1278.91,11.165966,-123.003704
202371,2638,344.927,127,1279.85,12.666139,-123.133661
202495,2639,312.715,124,1280.8,12.019976,-122.972911
202618,2640,303.182,123,1281.74,11.132104,-123.434819
202744,2641,318.227,126,1282.7,11.971364,-122.61446
202878,2642,328.488,134,1283.7,13.499778,-122.517365
203004,2643,321.257,126,1284.68,9.8724,-122.641756
203133,2644,318.473,129,1285.68,9.845963,-122.669184
203258,2645,310.731,125,1286.57,12.015474,-123.466884
203388,2646,327.225,130,1287.56,10.399149,-122.734713
203516,2647,316.803,128,1288.52,12.981885,-123.224718
203640,2648,305.663,124,1289.5,14.011614,-122.985467
203772,2649,322.783,132,1290.54,14.368406,-122.998345
203900,2650,323.026,128,1291.52,12.233799,-123.730021
204026,2651,321.672,126,1292.47,10.270143,-122.573455
204151,2652,311.295,125,1293.39,12.526959,-123.039823
204280,2653,318.048,129,1294.32,12.676012,-122.762566
204413,2654,320.2,133,1295.33,10.407976,-122.70211
204539,2655,310.275,126,1296.24,11.042347,-123.399865
204665,2656,327.364,126,1297.18,12.752394,-123.141035
204794,2657,315.724,129,1298.11,12.343233,-123.254974
204923,2658,320.083,129,1298.94,12.042376,-122.859191
205059,2659,332.733,136,1299.79,12.51053,-123.249137
205185,2660,309.579,126,1300.64,12.57986,-123.332877
205309,2661,325.017,124,1301.5,10.672485,-123.360529
205438,2662,319.461,129,1302.38,11.091302,-122.964862
205569,2663,327.43,131,1303.31,12.534372,-123.432931
205699,2664,325.759,130,1304.22,10.720617,-123.864948
205817,2665,312.692,118,1305.01,12.400105,-123.280992
205948,2666,337.515,131,1305.87,12.248522,-122.709462
206077,2667,332.459,129,1306.8,10.189457,-122.536812
206206,2668,322.462,129,1307.69,13.647826,-122.634418
206333,2669,325.774,127,1308.6,11.477248,-123.795878
206465,2670,327.146,132,1309.55,11.191983,-122.954659
206595,2671,328.026,130,1310.5,13.468525,-122.836128
206732,2672,335.632,137,1311.5,12.48849,-122.733487
206857,2673,311.492,125,1312.43,10.413401,-123.793807
206986,2674,324.597,129,1313.4,11.212452,-123.836808
207110,2675,304.246,124,1314.28,10.010311,-123.088323
207230,2676,310.755,120,1315.15,12.704784,-123.781306
207356,2677,322.24,126,1316.03,11.94616,-123.444954
207485,2678,322.325,129,1316.95,10.604512,-123.278736
207617,2679,330.125,132,1317.86,14.512245,-123.350286
207743,2680,315.627,126,1318.73,11.64265,-123.283961
207871,2681,321.285,128,1319.64,11.176389,-123.345925
207998,2682,315.361,127,1320.57,12.200731,-123.440577
208127,2683,322.026,129,1321.52,12.776199,-123.978563
208258,2684,327.877,131,1322.46,13.004413,-123.921207
208392,2685,332.809,134,1323.41,11.288922,-123.22837
208517,2686,320.233,125,1324.26,12.233172,-123.364236
208646,2687,329.752,129,1325.07,12.478591,-123.695173
208775,2688,319.143,129,1325.86,12.868323,-123.183427
208903,2689,330.028,128,1326.68,10.412151,-123.231762
209019,2690,314.559,116,1327.42,10.636801,-123.40633
209142,2691,305.94,123,1328.29,11.6862,-123.686739
209267,2692,332.611,125,1329.15,11.414103,-123.803506
209396,2693,328.52,129,1330.07,13.362321,-124.247389
209525,2694,328.841,129,1331.01,10.720045,-123.166671
209654,2695,333.273,129,1331.94,11.934517,-123.755628
209780,2696,318.09,126,1332.86,13.046672,-123.463526
209908,2697,333.467,128,1333.71,10.336728,-122.829576
210031,2698,308.832,123,1335.38,11.813299,-123.776572
210159,2699,314.879,128,1336.25,10.59874,-123.479642
210282,2700,316.461,123,1337.03,10.878662,-122.630225
210406,2701,330.969,124,1337.85,12.419666,-123.827566
210534,2702,333.444,128,1338.76,14.646517,-123.979239
210662,2703,325.321,128,1339.75,12.462252,-123.454282
210788,2704,321.795,126,1340.68,9.776661,-123.495442
210916,2705,336.511,128,1341.64,11.969804,-123.469226
211040,2706,310.961,124,1342.52,11.899806,-123.636161
211165,2707,322.181,125,1343.43,10.164695,-123.804404
211292,2708,331.406,127,1344.35,10.521316,-123.588055
211421,2709,325.54,129,1345.29,11.264007,-123.449687
211541,2710,310.537,120,1346.16,12.951196,-123.867277
211664,2711,323.444,123,1347.02,10.821741,-123.721607
211790,2712,317.052,126,1347.96,12.848046,-123.579634
211922,2713,341.427,132,1348.94,11.129346,-123.426242
212048,2714,347.355,126,1349.88,14.018418,-123.32123
212182,2715,326.576,134,1350.88,9.445067,-123.922911
212300,2716,323.48,118,1351.76,9.959275,-123.557182
212429,2717,319.985,129,1352.65,11.998056,-123.751523
212549,2718,324.013,120,1353.48,10.410232,-123.563204
212676,2719,342.355,127,1354.38,11.061569,-123.774478
212806,2720,319.499,130,1355.26,10.385028,-123.443764
212938,2721,326.904,132,1356.08,10.360312,-124.163529
213065,2722,312.422,127,1356.99,10.938931,-123.661646
213192,2723,310.245,127,1357.92,11.576836,-123.621608
213311,2724,315.823,119,1358.84,11.296301,-123.99276
213441,2725,339.105,130,1359.82,11.407196,-124.283069
213562,2726,325.042,121,1360.73,9.551837,-123.775851
213690,2727,334.182,128,1361.58,10.81731,-124.085955
213818,2728,328.531,128,1362.36,11.472854,-123.194886
213949,2729,352.945,131,1363.18,12.756936,-123.945813
214079,2730,326.709,130,1364.0,10.089969,-123.695155
214208,2731,326.391,129,1364.79,10.452483,-124.506754
214338,2732,346.337,130,1365.63,12.378366,-124.045414
214463,2733,310.406,125,1366.49,10.465406,-124.07961
214591,2734,351.664,128,1367.36,11.123294,-123.538294
214718,2735,321.021,127,1368.21,11.084421,-123.870238
214848,2736,325.607,130,1369.12,10.955469,-123.705267
214978,2737,327.573,130,1369.99,10.341505,-123.975806
215111,2738,319.763,133,1370.84,12.50877,-124.248164
215241,2739,324.675,130,1371.68,8.750293,-123.902763
215371,2740,327.71,130,1372.52,10.330327,-124.241604
215501,2741,329.196,130,1373.42,11.641058,-124.68218
215634,2742,328.071,133,1374.35,10.162825,-124.060198
215765,2743,332.473,131,1375.29,10.729076,-124.251213
215895,2744,323.566,130,1376.2,11.392424,-124.5229
216025,2745,328.404,130,1377.14,11.506155,-124.196773
216155,2746,328.629,130,1378.1,12.115181,-124.156011
216285,2747,337.93,130,1379.03,11.490998,-124.325901
216404,2748,327.599,119,1379.79,12.682005,-124.223923
216533,2749,319.624,129,1380.68,11.895024,-125.161007
216663,2750,323.825,130,1381.54,11.769635,-124.057316
216790,2751,318.72,127,1382.41,11.394358,-123.887733
216923,2752,328.3,133,1383.32,12.950762,-123.692438
217055,2753,325.632,132,1384.29,10.48341,-124.111334
217185,2754,328.056,130,1385.26,8.893816,-123.873241
217311,2755,357.414,126,1386.19,9.0561,-124.06677
217442,2756,332.545,131,1387.17,11.988781,-123.99096
217574,2757,330.393,132,1388.14,11.026253,-124.339327
217706,2758,335.213,132,1388.97,10.370323,-124.909369
217836,2759,350.884,130,1389.77,8.690492,-124.789593
217966,2760,320.107,130,1390.59,10.641858,-124.066239
218097,2761,326.164,131,1391.4,11.668902,-124.42577
218228,2762,321.54,131,1392.22,11.202143,-125.142276
218358,2763,324.804,130,1393.11,12.076723,-124.167729
218493,2764,336.013,135,1394.07,10.257176,-124.626501
218624,2765,324.999,131,1394.98,11.566224,-124.269685
218757,2766,331.599,133,1395.93,11.137048,-124.366951
218890,2767,331.004,133,1396.87,12.326844,-124.121333
219019,2768,325.083,129,1397.72,11.370179,-124.355056
219151,2769,364.552,132,1398.55,9.181154,-124.510901
219288,2770,350.249,137,1399.41,12.304241,-124.881831
219421,2771,342.1,133,1400.23,11.202383,-124.300848
219553,2772,329.598,132,1401.09,10.06222,-124.583896
219685,2773,323.974,132,1401.99,13.526071,-124.053368
219816,2774,327.126,131,1402.9,13.686824,-124.209927
219948,2775,329.31,132,1403.83,10.134468,-124.85416
220082,2776,333.836,134,1405.61,12.484448,-124.951711
220215,2777,336.16,133,1406.52,10.171218,-125.155322
220350,2778,344.178,135,1407.38,11.091323,-124.950282
220487,2779,354.942,137,1408.27,13.209879,-124.051404
220620,2780,322.494,133,1409.15,11.986211,-125.059851
220756,2781,364.236,136,1410.06,11.549341,-124.723939
220890,2782,384.29,134,1411.03,12.077884,-125.20493
221026,2783,357.221,136,1412.03,12.603933,-124.178387
221164,2784,366.08,138,1413.06,8.403979,-124.753497
221298,2785,348.152,134,1414.09,11.040347,-124.945172
221433,2786,358.535,135,1415.11,10.27944,-124.906428
221566,2787,340.383,133,1415.98,9.517185,-124.97951
221701,2788,355.442,135,1416.86,9.672633,-124.933226
221834,2789,322.867,133,1417.74,9.947633,-124.985069
221967,2790,352.336,133,1418.61,9.85567,-124.269404
222103,2791,360.086,136,1419.53,9.582183,-125.129432
222237,2792,345.971,134,1420.48,10.057303,-125.030712
222373,2793,353.343,136,1421.45,9.903879,-124.432782
222499,2794,319.18,126,1422.34,9.833778,-124.739714
222635,2795,363.914,136,1423.3,10.46811,-124.723422
222768,2796,327.615,133,1424.21,10.736591,-124.745711
222901,2797,344.316,133,1425.09,10.237187,-125.041443
223037,2798,348.893,136,1425.93,10.600887,-125.46206
223170,2799,370.129,133,1426.78,12.683748,-124.406085
223304,2800,349.76,134,1427.68,11.433312,-124.923199
223440,2801,368.085,136,1428.57,10.110451,-125.026166
223576,2802,362.037,136,1429.49,10.168735,-125.451012
223706,2803,351.533,130,1430.4,10.416481,-124.355244
223842,2804,356.216,136,1431.38,10.174965,-125.129085
223965,2805,337.138,123,1432.27,11.803527,-124.867945
224101,2806,348.042,136,1433.27,12.455617,-124.800964
224233,2807,341.565,132,1434.08,11.11111,-125.118534
224372,2808,398.019,139,1434.93,10.371748,-125.054116
224509,2809,362.322,137,1435.78,13.315682,-125.027423
224645,2810,362.147,136,1436.62,11.673867,-124.729585
224780,2811,358.83,135,1437.49,10.411267,-125.096175
224913,2812,353.975,133,1438.45,10.656227,-125.066092
225047,2813,343.657,134,1439.41,11.136654,-124.929172
225173,2814,329.368,126,1440.35,11.075046,-124.87763
225310,2815,374.028,137,1441.4,10.568929,-125.059078
225447,2816,369.581,137,1442.39,11.357211,-125.233784
225579,2817,343.848,132,1443.3,13.098988,-125.25833
225712,2818,329.667,133,1444.19,12.991402,-125.777986
225847,2819,353.88,135,1445.07,10.532477,-124.797025
225981,2820,360.053,134,1445.95,12.592753,-125.332674
226115,2821,367.404,134,1446.84,11.996499,-125.201151
226248,2822,341.771,133,1447.8,11.761973,-125.669011
226385,2823,365.628,137,1448.75,10.974299,-124.97026
226524,2824,388.956,139,1449.72,11.022955,-125.15655
226661,2825,386.772,137,1450.7,11.348966,-126.295817
226797,2826,377.658,136,1451.65,9.186099,-124.999926
226932,2827,374.686,135,1452.51,11.654299,-124.284104
227067,2828,360.452,135,1453.35,9.471295,-125.798586
227206,2829,372.113,139,1454.17,10.742694,-125.679258
227345,2830,384.925,139,1455.03,11.073873,-125.914492
227481,2831,364.88,136,1455.9,12.041972,-125.397398
227617,2832,357.632,136,1456.81,11.323639,-125.037719
227752,2833,396.119,135,1457.73,10.033275,-126.176738
227890,2834,380.238,138,1458.68,11.903987,-125.369524
228027,2835,369.543,137,1459.63,10.835286,-125.995835
228164,2836,364.353,137,1460.53,11.063915,-125.237244
228301,2837,401.608,137,1461.35,12.150946,-125.466124
228440,2838,388.905,139,1462.22,13.078314,-125.174593
228579,2839,367.57,139,1463.09,9.894103,-125.154671
228717,2840,368.78,138,1463.95,13.250514,-125.089309
228852,2841,355.255,135,1464.83,11.41337,-125.723403
228987,2842,395.588,135,1465.77,10.617876,-125.482458
229118,2843,374.155,131,1466.71,11.187154,-124.994585
229256,2844,379.283,138,1467.66,8.969973,-125.255712
229392,2845,370.19,136,1468.64,8.304296,-125.71614
229531,2846,377.505,139,1469.57,11.556425,-125.436706
229664,2847,361.864,133,1470.4,10.118412,-125.775856
229799,2848,363.603,135,1471.25,12.946427,-125.65958
229938,2849,377.821,139,1472.12,10.922679,-126.072183
230079,2850,379.242,141,1473.88,11.473068,-125.725842
230221,2851,391.102,142,1474.87,9.818818,-125.350684
230357,2852,392.952,136,1475.81,12.229799,-125.512699
230491,2853,356.483,134,1476.75,11.035058,-126.434195
230630,2854,393.831,139,1477.72,10.225619,-125.311353
230770,2855,386.688,140,1478.78,11.174864,-126.340184
230900,2856,370.035,130,1479.81,11.360038,-126.568547
231040,2857,387.29,140,1480.99,9.676862,-125.835373
231173,2858,363.234,133,1482.06,10.689898,-126.144412
231308,2859,345.411,135,1483.18,12.809501,-125.924822
231419,2860,288.726,111,1483.95,10.326207,-125.635632
231555,2861,373.188,136,1484.88,11.240437,-126.389222
231689,2862,391.029,134,1485.83,11.448133,-125.96177
231821,2863,374.243,132,1486.78,11.489407,-126.402265
231957,2864,386.98,136,1487.81,10.678459,-125.890422
232085,2865,364.603,128,1488.82,11.65182,-126.64198
232221,2866,372.31,136,1489.89,10.11422,-126.518357
232359,2867,378.603,138,1490.93,10.194111,-125.705231
232492,2868,385.511,133,1491.98,9.546003,-126.053221
232633,2869,383.537,141,1493.03,8.658994,-126.57978
232765,2870,379.438,132,1493.97,12.572401,-126.471138
232899,2871,368.001,134,1494.91,10.307763,-126.462727
233034,2872,376.028,135,1495.88,11.845011,-125.900494
233172,2873,394.352,138,1496.87,12.092576,-126.234202
233303,2874,374.102,131,1497.91,12.153456,-125.95863
233442,2875,396.489,139,1498.96,10.322109,-126.420773
233569,2876,352.878,127,1499.95,10.853878,-126.087903
233707,2877,370.251,138,1501.04,10.042773,-126.171406
233839,2878,352.176,132,1502.03,10.951153,-126.45479
233977,2879,394.399,138,1503.07,10.409599,-126.603034
234114,2880,381.518,137,1504.05,9.903135,-126.829769
234252,2881,365.125,138,1504.98,11.772956,-126.5691
234390,2882,386.063,138,1505.9,11.373631,-126.520595
234517,2883,357.906,127,1506.85,10.955663,-127.135497
234652,2884,342.011,135,1507.9,9.888597,-126.139504
234791,2885,375.084,139,1509.03,11.867964,-126.759161
234922,2886,344.214,131,1510.12,10.212392,-126.117269
235058,2887,379.434,136,1511.19,8.889849,-126.6451
235195,2888,378.491,137,1512.4,10.24136,-126.315524
235327,2889,330.377,132,1513.58,12.233888,-126.754211
235460,2890,330.534,133,1514.7,9.685009,-126.289947
235596,2891,368.284,136,1515.82,10.623865,-126.548286
235733,2892,376.141,137,1517.03,11.947439,-126.77374
235869,2893,357.09,136,1518.21,10.886645,-126.644801
236001,2894,354.537,132,1519.11,13.661493,-126.706978
236134,2895,381.447,133,1520.11,11.553566,-126.869031
236266,2896,339.344,132,1521.17,12.598599,-127.162134
236391,2897,344.359,125,1522.27,12.909497,-127.117594
236527,2898,356.35,136,1523.43,11.719886,-127.492756
236657,2899,371.649,130,1524.54,11.903232,-126.523045
236791,2900,366.889,134,1525.64,11.289281,-127.274223
236928,2901,356.878,137,1526.82,10.035004,-127.144562
237055,2902,358.74,127,1527.86,9.356907,-127.316001
237182,2903,348.734,127,1528.85,12.85529,-126.54719
237316,2904,380.816,134,1529.99,10.747898,-127.414459
237446,2905,360.289,130,1531.07,12.599097,-127.139985
237585,2906,384.724,139,1532.15,12.895886,-127.776414
237716,2907,372.078,131,1533.25,12.399443,-127.139155
237842,2908,349.585,126,1534.28,11.978178,-127.212559
237968,2909,354.903,126,1535.32,12.192037,-127.145999
238090,2910,331.942,122,1536.25,11.31877,-127.3858
238222,2911,374.788,132,1537.32,11.467227,-128.354218
238358,2912,356.918,136,1538.37,11.923176,-126.692631
238495,2913,378.839,137,1539.34,9.575822,-127.702906
238634,2914,375.654,139,1540.34,11.959693,-127.994522
238766,2915,341.345,132,1541.29,11.942261,-128.037795
238898,2916,363.196,132,1542.24,12.580135,-127.981267
239033,2917,378.082,135,1543.25,10.420291,-127.855948
239164,2918,373.213,131,1544.24,14.492696,-127.466871
239298,2919,350.449,134,1545.25,10.717275,-127.859124
239434,2920,373.625,136,1546.26,11.672948,-127.586523
239569,2921,342.352,135,1547.22,9.900528,-127.860755
239703,2922,343.48,134,1548.14,10.739659,-128.434271
239837,2923,339.829,134,1549.08,14.740441,-128.493924
239967,2924,335.751,130,1550.0,10.54095,-128.017883
240096,2925,366.897,129,1551.8,10.204734,-128.217213
240231,2926,384.893,135,1552.83,10.880924,-127.977557
240369,2927,361.694,138,1553.83,10.893039,-128.1817
240507,2928,358.277,138,1554.87,10.170518,-128.77299
240642,2929,378.367,135,1555.84,11.376053,-128.669857
240776,2930,348.415,134,1556.78,12.020673,-128.636991
240910,2931,347.547,134,1557.74,9.58777,-128.392024
241047,2932,373.387,137,1558.73,10.531638,-128.570989
241180,2933,334.552,133,1559.67,10.804531,-129.152522
241318,2934,349.534,138,1560.65,11.743795,-128.635092
241454,2935,367.83,136,1561.66,14.212922,-128.93765
241591,2936,353.724,137,1562.66,13.706356,-128.801651
241729,2937,355.908,138,1563.66,12.825128,-129.097543
241867,2938,383.723,138,1564.69,11.430724,-129.214328
241999,2939,328.103,132,1565.69,9.904794,-129.446748
242134,2940,354.178,135,1566.65,10.555685,-128.865972
242267,2941,339.615,133,1567.61,12.149297,-129.108714
242403,2942,350.668,136,1568.48,13.337908,-129.451578
242541,2943,356.314,138,1569.37,14.447652,-128.973197
242678,2944,369.04,137,1570.25,9.052383,-128.592524
242815,2945,346.275,137,1571.2,12.828703,-129.688886
242951,2946,349.841,136,1572.18,10.321548,-129.6264
243086,2947,331.554,135,1573.32,9.691675,-129.295037
243223,2948,351.856,137,1574.35,11.428723,-129.709112
243362,2949,363.787,139,1575.36,10.472806,-129.60841
243498,2950,360.016,136,1576.32,10.991534,-129.530358
243636,2951,379.584,138,1577.28,9.985996,-129.189289
243772,2952,350.806,136,1578.23,10.076881,-129.72371
243906,2953,340.785,134,1579.17,14.003708,-129.511424
244042,2954,347.322,136,1580.13,11.398404,-129.491418
244181,2955,380.443,139,1581.16,11.549595,-130.462572
244319,2956,362.394,138,1582.16,12.297175,-129.900984
244455,2957,347.83,136,1583.16,11.655303,-129.580821
244594,2958,380.826,139,1584.17,11.265314,-129.670949
244734,2959,363.985,140,1585.21,10.998893,-129.427873
244873,2960,367.836,139,1586.21,13.262571,-129.735794
245007,2961,336.592,134,1587.19,10.092782,-130.465317
245138,2962,373.781,131,1588.11,11.630874,-130.391496
245277,2963,350.561,139,1589.1,9.890168,-130.744396
245412,2964,343.787,135,1590.01,11.008494,-130.170247
245549,2965,350.219,137,1591.02,10.830561,-130.776159
245686,2966,350.904,137,1592.03,11.146831,-130.219309
245821,2967,333.797,135,1593.01,10.606962,-130.541164
245959,2968,349.907,138,1594.03,12.352276,-130.534979
246100,2969,376.639,141,1595.04,10.463029,-129.919845
246240,2970,356.012,140,1595.97,10.491828,-129.581339
246376,2971,351.993,136,1596.84,11.997363,-130.53911
246517,2972,375.941,141,1597.7,11.58346,-130.097959
246658,2973,375.412,141,1598.76,12.269512,-130.208668
246798,2974,365.421,140,1599.79,11.351267,-131.147011
246936,2975,355.663,138,1600.82,11.894308,-130.618703
247083,2976,404.53,147,1601.91,10.522824,-130.544963
247224,2977,370.7,141,1602.92,11.733925,-131.007208
247357,2978,343.995,133,1603.9,12.119884,-131.102857
247499,2979,363.795,142,1604.96,12.010873,-130.427446
247641,2980,412.859,142,1605.99,9.89338,-131.178538
247770,2981,369.203,129,1606.98,11.016975,-130.213047
247915,2982,412.571,145,1608.12,12.40145,-131.067224
248054,2983,370.493,139,1609.12,10.123398,-131.131011
248194,2984,352.679,140,1610.04,12.234805,-131.1726
248334,2985,402.464,140,1610.95,12.135186,-131.628473
248464,2986,365.473,130,1611.81,11.34637,-131.148751
248603,2987,404.707,139,1612.75,8.408233,-131.376127
248733,2988,369.906,130,1613.68,10.202368,-130.96682
248871,2989,365.112,138,1614.71,10.646259,-131.582042
249005,2990,387.236,134,1615.7,12.160092,-131.000992
249146,2991,413.788,141,1616.76,9.681258,-131.600095
249276,2992,369.586,130,1617.76,8.828793,-131.490227
249417,2993,410.75,141,1618.84,13.049226,-131.881279
249556,2994,404.932,139,1619.82,9.845347,-131.557651
249687,2995,368.971,131,1620.75,9.42242,-132.04896
249822,2996,392.654,135,1621.71,10.385361,-132.550647
249960,2997,361.387,138,1622.67,10.229212,-131.447871
250099,2998,401.803,139,1624.68,10.903533,-132.441315
250231,2999,371.902,132,1625.68,11.908495,-131.611157
250369,3000,355.229,138,1626.71,9.30727,-131.703947
250501,3001,372.895,132,1627.68,11.567595,-131.491355
250632,3002,372.433,131,1628.68,12.569387,-132.481583
250763,3003,370.223,131,1629.71,12.315231,-132.119931
250902,3004,403.072,139,1630.8,11.671351,-132.083099
251033,3005,370.836,131,1631.79,11.628635,-132.581027
251172,3006,403.088,139,1632.88,10.615395,-132.412039
251303,3007,366.184,131,1633.93,8.622159,-132.54653
251433,3008,368.555,130,1634.94,9.835016,-131.996203
251562,3009,361.698,129,1635.9,11.306529,-132.267927
251691,3010,358.272,129,1636.88,12.851144,-132.765555
251821,3011,319.716,130,1637.85,10.360946,-131.610407
251957,3012,366.084,136,1638.83,11.916188,-133.018483
252088,3013,371.714,131,1639.85,11.307305,-132.805772
252226,3014,394.912,138,1640.91,11.817553,-132.853708
252354,3015,304.124,128,1641.81,11.391774,-133.324927
252485,3016,369.518,131,1642.79,10.508486,-132.785795
252620,3017,384.454,135,1643.83,12.483877,-133.38607
252755,3018,375.05,135,1644.82,10.437939,-132.384696
252893,3019,389.528,138,1645.84,10.275865,-133.147908
253024,3020,367.208,131,1646.84,11.195111,-132.858989
253157,3021,380.451,133,1647.85,11.792369,-133.554554
253292,3022,380.783,135,1648.87,13.027939,-132.574397
253423,3023,317.406,131,1649.9,10.927665,-133.287583
253559,3024,372.417,136,1650.96,10.377562,-132.687065
253692,3025,323.782,133,1651.95,11.206631,-133.519277
253815,3026,294.741,123,1652.89,12.958787,-133.040241
253951,3027,367.885,136,1653.88,11.602867,-133.538818
254078,3028,295.963,127,1654.82,10.307237,-133.875919
254212,3029,369.539,134,1655.79,9.42563,-133.527356
254342,3030,364.315,130,1656.81,10.441511,-133.260621
254472,3031,316.603,130,1657.83,12.60862,-133.351368
254609,3032,365.772,137,1658.84,11.685166,-132.814422
254742,3033,321.54,133,1659.76,8.973863,-134.055726
254870,3034,359.719,128,1660.68,13.016112,-133.632263
255002,3035,340.892,132,1661.49,12.119716,-134.146879
255137,3036,381.356,135,1662.38,11.507795,-133.058992
255273,3037,373.536,136,1663.24,12.436038,-133.377936
255411,3038,385.786,138,1664.12,11.430938,-133.759466
255551,3039,385.257,140,1665.0,11.977777,-133.965305
255682,3040,318.051,131,1665.89,10.120278,-133.647867
255818,3041,367.647,136,1666.85,10.778726,-134.262599
255954,3042,360.718,136,1667.84,11.668716,-133.892287
256091,3043,369.429,137,1668.82,11.462202,-134.256543
256227,3044,361.607,136,1669.76,11.564733,-134.02552
256365,3045,371.439,138,1670.64,9.480545,-134.084472
256496,3046,330.612,131,1671.47,10.559871,-134.30241
256634,3047,378.728,138,1672.35,10.705363,-134.172125
256772,3048,376.583,138,1673.26,10.894779,-133.634759
256912,3049,384.266,140,1674.19,10.024311,-134.030088
257051,3050,409.669,139,1675.13,9.803808,-133.679143
257191,3051,384.167,140,1676.15,10.09136,-134.43693
257330,3052,383.703,139,1677.16,11.065076,-134.35269
257478,3053,406.534,148,1678.26,10.030774,-134.188827
257615,3054,415.376,137,1679.28,13.254309,-133.943029
257760,3055,416.323,145,1680.3,9.121994,-134.78835
257905,3056,419.86,145,1681.35,11.200486,-134.456122
258057,3057,392.387,152,1682.47,10.968135,-134.63188
258199,3058,398.711,142,1683.49,12.577619,-134.316013
258341,3059,388.849,142,1684.53,10.046961,-134.243055
258482,3060,402.549,141,1685.58,10.36296,-134.80036
258626,3061,420.528,144,1686.63,11.757007,-134.507344
258778,3062,439.366,152,1687.78,10.294601,-134.844022
258921,3063,404.513,143,1688.86,10.403583,-134.622626
259066,3064,424.011,145,1689.89,12.047175,-135.139772
259211,3065,423.079,145,1690.92,10.700569,-134.769242
259369,3066,452.343,158,1692.01,9.910878,-134.611995
259511,3067,408.344,142,1692.89,10.119432,-134.866848
259653,3068,404.816,142,1693.89,10.685742,-134.723158
259803,3069,435.888,150,1694.99,10.729796,-135.143504
259950,3070,427.225,147,1696.04,10.547678,-135.136222
260093,3071,414.928,143,1698.1,13.590697,-135.350983
260240,3072,429.717,147,1699.06,9.633331,-134.583824
260392,3073,437.589,152,1699.97,10.917623,-135.537853
260540,3074,425.885,148,1700.92,11.063971,-135.587336
260688,3075,427.352,148,1701.9,9.707032,-135.261949
260831,3076,413.845,143,1702.93,13.681484,-134.981761
260973,3077,409.638,142,1703.92,10.551327,-135.94565
261117,3078,415.207,144,1704.97,9.929612,-135.052086
261260,3079,410.059,143,1705.98,10.473733,-135.050151
261399,3080,400.974,139,1706.98,10.500533,-136.356842
261541,3081,397.771,142,1708.06,10.767724,-135.53585
261682,3082,401.629,141,1709.06,11.172193,-135.533815
261826,3083,413.017,144,1710.03,8.545064,-136.288603
261968,3084,410.024,142,1711.02,9.630807,-136.604192
262108,3085,399.361,140,1712.04,10.409043,-136.014716
262249,3086,390.781,141,1713.15,11.564444,-136.28392
262387,3087,377.374,138,1714.2,12.091986,-136.335702
262528,3088,393.045,141,1715.27,12.042869,-136.418183
262666,3089,368.16,138,1716.34,12.143994,-135.554886
262809,3090,384.002,143,1717.42,10.573753,-137.054515
262952,3091,370.77,143,1718.44,9.880348,-136.556312
263096,3092,391.119,144,1719.39,13.381135,-136.513951
263236,3093,382.684,140,1720.35,12.138361,-136.350927
263377,3094,399.601,141,1721.28,12.716579,-136.70663
263518,3095,376.002,141,1722.3,11.402782,-137.05157
263661,3096,385.443,143,1723.36,12.144924,-136.338894
263804,3097,373.497,143,1724.42,10.154918,-136.4245
263949,3098,394.156,145,1725.48,13.764985,-137.021399
264091,3099,365.312,142,1726.46,13.694414,-136.678459
264236,3100,384.679,145,1727.35,12.749213,-136.84913
264382,3101,373.595,146,1728.26,9.64536,-137.317642
264529,3102,377.89,147,1729.17,11.15714,-136.987532
264662,3103,378.152,133,1729.99,10.533318,-137.059069
264800,3104,353.746,138,1730.91,11.293875,-137.486317
264948,3105,388.2,148,1731.9,11.540578,-137.227746
265094,3106,378.137,146,1732.92,9.090624,-137.105641
265235,3107,362.477,141,1733.92,10.345979,-137.339515
265384,3108,419.053,149,1734.97,11.158218,-137.945141
265531,3109,390.591,147,1735.89,11.656144,-137.923038
265677,3110,383.241,146,1736.85,12.460397,-137.363667
265814,3111,404.456,137,1737.69,10.077644,-136.894443
265963,3112,402.925,149,1738.67,14.065776,-138.044675
266111,3113,433.277,148,1739.63,10.6649,-137.451016
266261,3114,402.462,150,1740.65,10.308606,-137.090194
266412,3115,418.652,151,1741.7,10.909315,-137.844788
266552,3116,403.454,140,1742.68,10.457073,-138.565561
266694,3117,422.248,142,1743.71,9.003179,-137.929276
266853,3118,432.878,159,1744.77,10.049862,-138.235245
266879,3119,29.525,26,1744.95,10.943548,-138.359564
267041,3120,460.427,162,1746.03,10.973795,-138.511883
267199,3121,431.499,158,1747.08,12.121667,-137.729947
267339,3122,412.404,140,1748.02,9.509736,-137.520758
267502,3123,463.9,163,1749.16,11.017708,-138.694549
267652,3124,441.405,150,1750.28,11.628379,-138.964082
267794,3125,399.51,142,1751.32,11.561929,-138.65306
267818,3126,26.045,24,1751.5,11.002622,-137.639599
267970,3127,456.218,152,1752.65,11.530137,-138.191094
268124,3128,443.506,154,1753.74,10.473489,-138.109241
268273,3129,436.729,149,1754.71,9.677443,-138.155319
268415,3130,422.249,142,1755.64,11.477428,-138.5007
268560,3131,430.822,145,1756.59,10.791197,-138.418669
268710,3132,451.626,150,1757.57,12.094126,-138.491743
268870,3133,474.311,160,1758.65,10.711094,-138.808177
269009,3134,405.404,139,1759.62,11.26107,-139.29784
269154,3135,431.741,145,1760.62,11.566912,-138.188142
269307,3136,451.919,153,1761.68,13.257486,-138.980615
269453,3137,432.247,146,1762.67,10.635086,-138.536837
269608,3138,452.009,155,1763.67,8.707246,-139.474463
269747,3139,415.151,139,1764.55,10.401813,-139.229619
269901,3140,447.893,154,1765.65,11.941638,-139.360237
270034,3141,382.055,133,1767.42,10.043247,-139.423301
270178,3142,429.385,144,1768.63,14.579512,-139.747721
270325,3143,430.87,147,1769.65,11.84387,-139.532757
270452,3144,374.451,127,1770.54,10.817085,-138.644574
270601,3145,445.595,149,1771.48,12.435849,-139.653629
270746,3146,427.442,145,1772.37,11.801003,-140.100826
270893,3147,445.303,147,1773.29,14.170821,-139.622108
271016,3148,343.73,123,1774.05,13.448217,-140.559059
271143,3149,359.244,127,1774.87,13.719313,-140.341022
271267,3150,358.783,124,1775.78,11.403885,-139.789374
271394,3151,363.056,127,1776.73,10.130812,-140.61998
271515,3152,336.337,121,1777.67,15.069761,-140.251912
271652,3153,400.249,137,1778.75,12.90413,-139.817673
271773,3154,344.56,121,1779.67,13.046742,-140.615103
271896,3155,343.496,123,1780.51,11.312539,-140.412786
272031,3156,391.291,135,1781.41,12.666611,-140.889263
272157,3157,361.213,126,1782.23,9.894092,-140.36713
272296,3158,408.178,139,1783.18,14.55433,-139.569344
272416,3159,342.909,120,1783.98,10.356241,-140.539004
272553,3160,400.516,137,1784.92,9.474735,-140.443655
272689,3161,398.157,136,1785.92,9.718261,-140.864484
272830,3162,424.995,141,1786.95,10.868236,-140.446314
272967,3163,402.369,137,1787.95,10.239714,-140.51522
273102,3164,399.012,135,1788.97,11.273778,-141.115408
273236,3165,389.47,134,1789.92,10.479138,-141.140566
273359,3166,346.203,123,1790.75,13.104004,-141.138264
273495,3167,395.685,136,1791.63,10.182033,-141.836107
273621,3168,369.308,126,1792.43,13.024543,-141.26399
273742,3169,344.37,121,1793.24,11.048078,-141.0429
273875,3170,392.937,133,1794.15,12.260734,-141.170632
273996,3171,350.193,121,1794.99,12.077868,-141.459569
274129,3172,390.607,133,1795.94,10.26405,-141.547857
274259,3173,389.357,130,1796.82,12.55733,-140.927212
274385,3174,369.604,126,1797.73,10.570072,-142.327768
274514,3175,377.364,129,1798.56,10.967284,-142.439295
274645,3176,389.097,131,1799.38,11.860659,-142.255678
274762,3177,330.786,117,1800.14,10.171798,-142.973699
274879,3178,327.339,117,1800.89,11.439799,-142.922081
275015,3179,396.638,136,1801.74,13.42558,-141.9609
275146,3180,387.945,131,1802.57,12.434853,-142.236531
275282,3181,390.535,136,1803.54,12.617049,-143.067483
275401,3182,338.481,119,1804.41,10.780288,-142.933572
275537,3183,399.425,136,1805.39,12.681006,-142.350515
275669,3184,391.53,132,1806.35,11.594128,-142.890238
275803,3185,386.622,134,1807.35,11.202638,-143.143899
275920,3186,328.422,117,1808.13,11.385758,-142.530957
276051,3187,386.693,131,1808.96,10.477824,-142.756084
276168,3188,333.732,117,1809.72,9.793137,-143.512075
276292,3189,359.393,124,1810.5,14.266155,-142.274553
276413,3190,347.298,121,1811.27,11.959172,-143.286082
276531,3191,331.805,118,1812.07,15.155316,-143.571956
276653,3192,346.941,122,1812.93,10.566743,-142.826245
276785,3193,394.868,132,1813.87,12.527896,-142.242895
276916,3194,385.748,131,1814.82,11.197747,-144.095595
277033,3195,327.289,117,1815.67,9.719858,-143.582386
277170,3196,402.933,137,1816.62,11.367446,-143.452087
277307,3197,408.763,137,1817.49,14.358416,-143.404256
277449,3198,423.59,142,1818.41,10.817681,-143.357604
277590,3199,414.172,141,1819.32,10.776001,-142.792724
277727,3200,398.77,137,1820.18,12.683548,-143.823685
277865,3201,399.09,138,1821.11,13.170169,-143.114821
278002,3202,398.698,137,1822.08,13.328936,-144.115593
278144,3203,414.548,142,1823.06,14.122273,-143.612815
278268,3204,356.737,124,1823.91,14.67903,-143.857567
278408,3205,403.174,140,1824.9,14.380756,-143.525199
278547,3206,408.722,139,1825.81,12.978477,-143.906715
278687,3207,408.589,140,1826.67,15.114399,-143.907796
278827,3208,413.48,140,1827.55,15.095571,-143.942199
278964,3209,410.723,137,1828.39,9.464025,-143.550463
279104,3210,411.577,140,1829.28,10.788236,-143.539063
279240,3211,403.922,136,1830.17,10.854253,-144.533422
279380,3212,418.065,140,1831.14,11.003776,-143.860372
279521,3213,422.142,141,1832.12,11.325284,-144.070161
279660,3214,408.987,139,1833.13,13.186578,-144.854067
279800,3215,414.308,140,1834.11,13.141951,-143.334786
279937,3216,405.329,137,1835.05,11.177655,-144.467501
280077,3217,409.452,140,1836.75,10.032934,-144.490309
280220,3218,417.357,143,1837.75,13.037905,-144.724774
280360,3219,412.72,140,1838.8,19.373237,-144.162719
280499,3220,409.056,139,1839.77,11.113542,-143.731866
280635,3221,404.179,136,1840.74,12.659043,-144.45994
280775,3222,412.948,140,1841.7,9.780105,-144.622479
280919,3223,422.563,144,1842.68,12.018038,-144.123852
281053,3224,396.815,134,1843.65,11.893521,-144.376926
281191,3225,407.647,138,1844.78,11.587989,-145.112775
281331,3226,409.323,140,1845.94,12.094161,-144.295951
281472,3227,417.397,141,1846.99,11.753263,-144.818382
281615,3228,422.486,143,1848.16,11.231329,-144.718197
281756,3229,419.393,141,1849.1,12.922817,-144.893942
281901,3230,415.433,145,1850.05,12.60095,-144.552224
282045,3231,440.795,144,1851.01,11.891489,-144.727412
282184,3232,411.464,139,1851.95,11.648662,-144.62055
282327,3233,419.167,143,1853.02,14.278785,-144.722127
282471,3234,419.654,144,1854.13,13.127207,-145.090297
282614,3235,417.896,143,1855.27,11.69578,-144.870984
282761,3236,452.862,147,1856.42,13.668514,-145.397686
282907,3237,424.77,146,1857.55,11.099763,-145.308581
283050,3238,420.736,143,1858.56,13.518535,-144.65116
283208,3239,485.031,158,1859.68,10.767785,-145.688052
283354,3240,453.983,146,1860.73,12.411481,-145.16051
283498,3241,422.517,144,1861.77,12.646508,-145.422634
283648,3242,447.762,150,1862.9,9.904907,-145.412127
283794,3243,449.673,146,1864.02,12.648737,-144.707603
283944,3244,448.516,150,1865.19,14.602456,-145.223232
284087,3245,411.247,143,1866.33,10.523378,-145.819426
284231,3246,414.291,144,1867.36,13.835563,-145.189193
284375,3247,416.064,144,1868.51,12.656101,-145.398576
284522,3248,434.023,147,1869.66,12.721755,-145.962467
284671,3249,454.334,149,1870.88,10.269393,-145.097511
284822,3250,458.204,151,1872.2,11.059082,-145.608305
284969,3251,433.39,147,1873.31,12.094764,-145.3427
285122,3252,464.473,153,1874.63,12.439891,-145.399473
285267,3253,427.759,145,1875.8,10.365859,-145.996778
285422,3254,460.387,155,1877.06,12.423901,-145.734675
285572,3255,449.717,150,1878.32,13.261763,-146.210542
285726,3256,470.783,154,1879.62,11.003828,-145.424729
285879,3257,448.907,153,1880.92,12.187395,-145.459374
286030,3258,456.888,151,1882.19,10.371738,-145.036669
286179,3259,426.471,149,1883.41,11.237587,-145.954145
286325,3260,412.695,146,1884.47,13.029769,-146.471581
286466,3261,408.408,141,1885.48,16.04448,-146.035118
286610,3262,397.329,144,1886.43,10.179233,-146.336734
286751,3263,388.868,141,1887.56,8.633975,-146.414644
286900,3264,434.959,149,1888.85,10.689229,-146.694179
287047,3265,414.679,147,1890.14,12.598508,-146.134051
287191,3266,390.328,144,1891.38,10.618948,-146.240946
287336,3267,404.544,145,1892.61,11.518177,-146.804206
287482,3268,404.427,146,1893.8,14.578446,-146.313983
287621,3269,413.008,139,1894.94,10.877277,-146.084686
287761,3270,400.356,140,1896.04,19.857648,-146.378792
287910,3271,410.483,149,1897.11,12.82202,-146.124385
288055,3272,388.827,145,1898.28,10.466623,-146.828214
288201,3273,395.563,146,1899.33,11.838783,-147.584466
288347,3274,395.398,146,1900.39,10.669689,-146.412632
288529,3275,540.774,182,1901.73,13.510546,-146.871431
288683,3276,449.622,154,1902.82,12.062922,-146.731832
288828,3277,410.616,145,1903.86,12.758189,-146.649149
288986,3278,449.095,158,1904.98,11.724695,-147.270803
289138,3279,448.224,152,1906.07,12.863149,-147.181633
289285,3280,412.383,147,1907.13,13.629504,-146.829296
289442,3281,455.821,157,1908.26,13.39681,-147.009281
289597,3282,449.876,155,1909.41,13.387307,-147.20651
289762,3283,495.333,165,1910.58,8.803484,-146.84591
289913,3284,441.286,151,1911.69,14.173752,-146.884541
290075,3285,477.284,162,1913.78,12.91354,-147.50531
290214,3286,389.089,139,1914.78,12.678981,-147.225527
290383,3287,503.109,169,1915.95,12.696197,-147.033607
290534,3288,424.677,151,1917.04,13.895783,-147.069022
290690,3289,458.84,156,1918.18,14.202336,-147.350986
290838,3290,412.347,148,1919.29,15.09589,-147.821209
290993,3291,454.133,155,1920.44,12.885797,-147.992512
291115,3292,312.833,122,1921.34,12.910914,-147.421132
291275,3293,474.475,160,1922.46,11.76557,-146.887255
291424,3294,416.723,149,1923.52,13.120626,-148.02775
291573,3295,419.244,149,1924.58,12.074058,-147.432451
291730,3296,461.285,157,1925.69,14.232164,-146.645882
291875,3297,421.629,145,1926.75,12.374276,-147.863105
292028,3298,429.229,153,1927.87,11.987994,-147.040293
292180,3299,444.269,152,1929.0,12.942868,-148.207381
292328,3300,418.993,148,1930.06,10.316253,-148.300179
292474,3301,418.229,146,1931.05,10.469018,-147.834677
292627,3302,424.694,153,1932.04,11.780667,-147.922447
292783,3303,463.012,156,1933.02,12.12835,-147.361544
292937,3304,455.431,154,1933.99,12.423374,-148.084839
293098,3305,465.991,161,1935.01,13.663699,-147.294185
293247,3306,415.8,149,1936.0,13.071806,-147.761197
293386,3307,394.981,139,1936.99,15.254,-148.355347
293540,3308,454.204,154,1938.09,10.747321,-147.92249
293694,3309,453.941,154,1939.19,13.383072,-147.784421
293847,3310,455.194,153,1940.23,10.212214,-148.422673
293994,3311,419.352,147,1941.17,10.633099,-148.339746
294144,3312,424.775,150,1942.09,12.931446,-147.67106
294297,3313,453.003,153,1943.08,11.395489,-148.52334
294446,3314,413.594,149,1944.11,12.455403,-147.546526
294595,3315,433.878,149,1945.2,11.90242,-148.752163
294750,3316,444.078,155,1946.33,13.368605,-147.51998
294902,3317,423.206,152,1947.46,12.718455,-147.488326
295054,3318,429.666,152,1948.57,10.698075,-148.710723
295204,3319,405.466,150,1949.65,12.974175,-148.550458
295352,3320,407.619,148,1950.7,12.446217,-147.565157
295510,3321,475.643,158,1951.78,13.90273,-148.571849
295658,3322,408.979,148,1952.81,11.656488,-148.231025
295813,3323,429.958,155,1953.89,14.246842,-147.981723
295976,3324,481.276,163,1955.08,12.002236,-148.694087
296138,3325,475.227,162,1956.23,13.145955,-149.37339
296287,3326,406.051,149,1957.32,14.621169,-149.435587
296437,3327,417.258,150,1958.4,13.299016,-148.779618
296591,3328,426.645,154,1959.53,14.228847,-148.419808
296756,3329,501.918,165,1960.82,14.30304,-149.423666
296908,3330,424.908,152,1961.99,13.596947,-148.468346
297070,3331,473.197,162,1963.18,11.954322,-149.469285
297249,3332,544.096,179,1964.54,12.503399,-149.261089
297407,3333,445.917,158,1965.74,10.736944,-149.044127
297557,3334,410.008,150,1966.82,11.670308,-149.12005
297736,3335,539.608,179,1968.15,12.267551,-149.458616
297923,3336,584.383,187,1969.57,13.336518,-149.060321
298098,3337,535.053,175,1970.91,12.823132,-148.976851
298281,3338,567.169,183,1972.36,14.06428,-149.490676
298449,3339,499.029,168,1973.69,14.672204,-149.663699
298599,3340,424.301,150,1974.84,11.731321,-149.46162
298751,3341,424.352,152,1975.97,15.362005,-149.085463
298948,3342,624.254,197,1977.29,13.412053,-149.749512
299142,3343,611.638,194,1978.67,14.324739,-149.80074
299332,3344,585.343,190,1980.15,12.880783,-149.863221
299530,3345,624.006,198,1981.67,12.253856,-150.050088
299725,3346,629.63,195,1983.14,12.350155,-149.678737
299875,3347,420.322,150,1984.15,14.335722,-149.679985
300060,3348,586.924,185,1986.51,13.115353,-150.130438
300235,3349,527.555,175,1987.87,12.453124,-150.005358
300413,3350,559.932,178,1989.1,13.726732,-150.104103
300609,3351,610.457,196,1990.55,14.558539,-150.526288
300772,3352,530.317,163,1991.74,13.089903,-149.765013
300960,3353,586.615,188,1993.26,12.659968,-150.66393
301126,3354,541.938,166,1994.56,12.841215,-150.552308
301301,3355,519.694,175,1995.93,13.305531,-150.358478
301466,3356,551.748,165,1997.16,14.543389,-150.043083
301638,3357,504.426,172,1998.58,12.710221,-150.973573
301815,3358,528.211,177,1999.98,11.151885,-149.856816
301988,3359,516.838,173,2001.38,14.220942,-151.206043
302161,3360,531.879,173,2002.71,13.781427,-150.223897
302317,3361,448.188,156,2003.93,14.353052,-149.922098
302479,3362,481.816,162,2005.13,14.309065,-150.329307
302643,3363,516.085,164,2006.37,13.454834,-151.450343
302839,3364,615.196,196,2007.9,11.644799,-150.930145
302999,3365,493.052,160,2009.23,12.770379,-150.534116
303175,3366,566.111,176,2010.64,12.374869,-151.045214
303343,3367,507.188,168,2011.96,15.069911,-150.733227
303502,3368,502.58,159,2013.27,10.445345,-151.092983
303677,3369,536.146,175,2014.69,11.818663,-150.935614
303836,3370,511.796,159,2015.95,13.508699,-151.082819
303986,3371,477.693,150,2017.16,12.644509,-150.837524
304149,3372,466.943,163,2018.35,12.544243,-151.486758
304316,3373,530.386,167,2019.54,11.855281,-151.616556
304463,3374,456.595,147,2020.58,14.531153,-151.562329
304629,3375,517.016,166,2021.74,13.283345,-151.186007
304781,3376,460.297,152,2022.87,13.721205,-151.477358
304935,3377,452.067,154,2023.99,12.955246,-151.55697
305061,3378,347.612,126,2024.94,12.461418,-150.956341
305226,3379,471.53,165,2026.13,13.073639,-152.850864
305381,3380,437.432,155,2027.26,15.506289,-151.227564
305542,3381,472.998,161,2028.37,14.637333,-151.525491
305704,3382,494.697,162,2029.38,13.161583,-152.133995
305866,3383,473.703,162,2030.41,12.12538,-152.419575
306029,3384,464.662,163,2031.44,12.423623,-152.431824
306199,3385,492.592,170,2032.64,15.015923,-152.350947
306363,3386,467.117,164,2033.84,12.766803,-151.686404
306534,3387,538.861,171,2035.1,15.184385,-152.334732
306697,3388,458.487,163,2036.29,12.37195,-152.815273
306862,3389,470.244,165,2037.31,14.251812,-152.59062
307041,3390,562.626,179,2038.44,16.111042,-152.848646
307197,3391,437.154,156,2039.42,14.411464,-151.990907
307383,3392,573.368,186,2040.6,12.593567,-153.185982
307556,3393,487.429,173,2041.78,13.047583,-153.199916
307748,3394,593.324,192,2043.13,12.685212,-152.836311
307926,3395,557.984,178,2044.43,12.569132,-153.440715
308111,3396,574.725,185,2045.76,16.692521,-152.649914
308304,3397,583.946,193,2047.13,13.666388,-153.009079
308490,3398,584.463,186,2048.49,13.264165,-153.464593
308672,3399,562.506,182,2049.81,13.346757,-153.29925
308841,3400,526.991,169,2051.08,14.118405,-153.238781
309004,3401,506.821,163,2052.3,16.852199,-153.270645
309187,3402,576.917,183,2053.7,13.986439,-154.196188
309385,3403,615.09,198,2055.2,14.974966,-153.285825
309573,3404,582.039,188,2056.56,14.628882,-153.950927
309752,3405,549.227,179,2057.86,14.191675,-154.365674
309942,3406,581.005,190,2059.14,12.813273,-154.356863
310072,3407,334.374,130,2060.99,11.050641,-154.744951
310198,3408,326.043,126,2061.96,13.094093,-153.886836
310327,3409,332.981,129,2062.91,13.601162,-154.827069
310457,3410,333.794,130,2063.87,14.393899,-154.349919
310583,3411,327.473,126,2064.7,12.961411,-154.774077
310708,3412,314.554,125,2065.61,13.224408,-154.194934
310905,3413,610.459,197,2066.95,15.206963,-155.182174
311115,3414,673.675,210,2068.44,13.5282,-155.11141
311329,3415,678.153,214,2069.94,14.308737,-155.23864
311582,3416,839.835,253,2071.79,13.291101,-155.05766
311802,3417,678.275,220,2073.44,14.708867,-155.181732
312010,3418,657.729,208,2074.87,14.324053,-155.878748
312212,3419,629.218,202,2076.29,13.759943,-155.630487
312416,3420,653.488,204,2077.61,11.768177,-155.817057
312622,3421,626.461,206,2078.99,15.569987,-155.915777
312889,3422,816.347,267,2080.86,13.72662,-156.584016
313148,3423,832.095,259,2082.71,15.827158,-156.898794
313357,3424,642.969,209,2084.14,14.648842,-156.916137
313565,3425,624.945,208,2085.56,14.372643,-156.191439
313773,3426,637.036,208,2086.97,13.276025,-157.173839
313955,3427,478.803,182,2088.3,13.389392,-157.669676
314136,3428,483.902,181,2089.66,14.330033,-157.994031
314321,3429,481.674,185,2091.05,14.288465,-157.69913
314547,3430,699.106,226,2092.66,15.71041,-157.785435
314793,3431,756.179,246,2094.31,15.947633,-157.649837
315032,3432,737.202,239,2095.83,18.777853,-158.028401
315235,3433,574.796,203,2097.14,14.682138,-158.349886
315315,3434,148.121,80,2097.7,13.353671,-158.647743
315398,3435,155.651,83,2098.26,15.961987,-158.467973
315620,3436,651.809,222,2099.84,14.4911,-157.722587
315892,3437,804.897,272,2101.67,13.918507,-158.879348
316124,3438,721.74,232,2103.17,16.510764,-159.056574
316362,3439,740.368,238,2104.74,15.910203,-158.27028
316588,3440,674.071,226,2106.29,16.622039,-159.197815
316797,3441,591.563,209,2107.81,15.735344,-159.304771
317025,3442,653.388,228,2109.46,18.577305,-159.378878
317251,3443,698.098,226,2110.97,18.374559,-159.98291
317498,3444,779.266,247,2112.6,18.622103,-159.528295
317737,3445,717.352,239,2114.18,16.190631,-159.854366
317966,3446,714.358,229,2115.85,14.527897,-159.933605
318176,3447,605.981,210,2117.45,20.083131,-160.245581
318406,3448,695.07,230,2119.2,16.35281,-160.319454
318618,3449,598.754,212,2120.65,12.573434,-160.215068
318862,3450,718.26,244,2122.27,14.82975,-160.550992
319061,3451,563.31,199,2123.58,16.527542,-160.131845
319309,3452,770.579,248,2125.38,16.216627,-160.547022
319540,3453,689.105,231,2127.12,15.962136,-161.024212
319777,3454,713.987,237,2128.88,14.426158,-161.004838
320018,3455,733.962,241,2131.79,15.473596,-161.18692
320201,3456,501.155,183,2133.09,15.779097,-160.510723
320397,3457,582.363,196,2134.47,14.733242,-161.200401
320595,3458,578.097,198,2135.9,14.871881,-160.794291
320796,3459,612.544,201,2137.34,14.331597,-161.939503
320986,3460,556.287,190,2138.57,15.17779,-160.762714
321167,3461,542.508,181,2139.75,14.568607,-161.00255
321360,3462,601.185,193,2141.0,15.227005,-161.868212
321556,3463,603.56,196,2142.35,16.396096,-161.490927
321750,3464,578.971,194,2143.8,17.269211,-162.452019
321935,3465,550.939,185,2145.19,17.304395,-161.802751
322132,3466,618.615,197,2146.69,17.111842,-162.271472
322328,3467,615.519,196,2147.99,17.862313,-162.252512
322524,3468,621.106,196,2149.3,15.293823,-162.837395
322726,3469,630.505,202,2150.65,16.825184,-161.380324
322929,3470,631.371,203,2152.06,17.059432,-162.638132
323124,3471,612.022,195,2153.5,15.129818,-161.922799
323320,3472,619.154,196,2154.97,14.59686,-162.038207
323518,3473,619.055,198,2156.37,16.690503,-162.391367
323713,3474,618.708,195,2157.71,14.961568,-162.570699
323905,3475,611.695,192,2159.02,16.66361,-162.209421
324106,3476,633.287,201,2160.43,14.295997,-163.104572
324307,3477,644.964,201,2161.94,15.276683,-162.873038
324496,3478,594.223,189,2163.33,17.502932,-163.42526
324699,3479,647.904,203,2164.79,18.647219,-162.240379
324889,3480,611.581,190,2166.05,19.190029,-162.833609
325094,3481,653.955,205,2167.39,15.769777,-163.141198
325288,3482,622.142,194,2168.63,13.836338,-163.116165
325480,3483,618.551,192,2169.86,16.612777,-163.628337
325684,3484,652.211,204,2171.29,14.314641,-163.852594
325869,3485,589.099,185,2172.66,15.023872,-163.457481
326079,3486,675.106,210,2174.36,18.013216,-163.581339
326262,3487,584.831,183,2175.5,17.37928,-163.673459
326463,3488,630.334,201,2176.8,14.33234,-163.916176
326628,3489,553.037,165,2177.85,16.413665,-163.929022
326811,3490,584.474,183,2179.11,18.378488,-163.989238
326979,3491,561.252,168,2180.28,19.119524,-164.358474
327182,3492,643.293,203,2181.7,13.418281,-164.167746
327354,3493,576.444,172,2182.95,19.432365,-164.462397
327506,3494,480.196,152,2184.0,14.735604,-164.893301
327670,3495,538.769,164,2185.05,17.907345,-164.488188
327809,3496,412.748,139,2185.96,18.087022,-164.356754
327989,3497,612.124,180,2187.16,14.871578,-164.291143
328179,3498,583.934,190,2188.48,17.745658,-164.427967
328376,3499,605.237,197,2189.91,14.584943,-164.383683
328571,3500,603.816,195,2191.32,15.78931,-164.55145
328775,3501,649.164,204,2192.74,17.171676,-164.107117
328980,3502,643.318,205,2194.06,15.690558,-165.640392
329177,3503,609.847,197,2195.31,19.122067,-165.80639
329386,3504,650.237,209,2196.64,16.804396,-165.47343
329567,3505,534.453,181,2197.86,17.210393,-165.306097
329758,3506,577.641,191,2199.22,15.442706,-165.607561
329957,3507,612.826,199,2200.65,19.17243,-165.756658
330179,3508,709.142,222,2203.71,16.101338,-165.581022
330364,3509,548.032,185,2205.17,15.024734,-166.101832
330570,3510,646.389,206,2206.7,15.45415,-165.766488
330775,3511,645.342,205,2208.17,13.026765,-166.62505
330979,3512,638.022,204,2209.64,15.61538,-166.220972
331183,3513,623.94,204,2211.21,15.108659,-166.025624
331383,3514,612.306,200,2212.75,16.70395,-166.137612
331593,3515,651.202,210,2214.39,13.570328,-166.118437
331841,3516,819.434,248,2216.25,16.802994,-167.174277
332038,3517,586.87,197,2217.64,18.931478,-167.428781
332281,3518,794.708,243,2219.35,17.471674,-167.564032
332478,3519,588.976,197,2220.78,15.852361,-167.499403
332705,3520,727.527,227,2222.59,15.580646,-166.855081
332906,3521,614.722,201,2224.2,17.847235,-167.291885
333105,3522,608.951,199,2225.72,15.99909,-167.476888
333340,3523,748.681,235,2227.28,17.396855,-168.092514
333605,3524,859.228,265,2229.45,16.080981,-168.153294
333814,3525,634.697,209,2230.95,15.44801,-167.511462
334152,3526,1086.532,338,2233.5,18.074633,-167.923736
334363,3527,636.063,211,2235.17,17.602274,-168.827665
334574,3528,639.711,211,2236.89,16.524797,-168.646359
334774,3529,601.472,200,2238.61,16.070765,-168.964733
334967,3530,580.872,193,2240.16,16.296023,-169.149112
335179,3531,646.132,212,2241.84,15.621989,-168.529461
335420,3532,785.391,241,2243.77,16.126679,-169.456832
335673,3533,840.334,253,2245.94,18.923388,-169.265511
335883,3534,635.3,210,2247.75,13.604914,-168.921629
336154,3535,889.846,271,2250.2,18.014575,-169.395221
336400,3536,797.9,246,2252.11,16.675179,-169.610087
337258,3537,2658.062,858,2259.19,16.678504,-170.014335
337490,3538,769.479,232,2260.84,16.588617,-170.524277
337770,3539,921.318,280,2262.8,16.729116,-169.965058
338028,3540,869.053,258,2264.62,17.33442,-170.690548
338367,3541,1080.018,339,2267.07,17.752108,-170.648132
338618,3542,841.652,251,2268.89,15.016131,-170.415958
338820,3543,635.617,202,2270.36,16.783637,-171.18009
339018,3544,615.856,198,2271.75,17.815798,-171.169588
339208,3545,594.563,190,2273.1,16.52315,-170.860027
339414,3546,628.705,206,2274.56,19.178255,-171.375934
339610,3547,599.884,196,2276.0,15.600942,-171.849494
339864,3548,861.956,254,2277.86,15.775795,-171.444116
340137,3549,877.138,273,2281.01,20.057661,-172.000064
340336,3550,602.243,199,2282.42,16.015581,-171.491633
340542,3551,650.675,206,2283.87,16.597266,-171.914579
340766,3552,718.873,224,2285.49,18.023745,-172.255073
341019,3553,842.895,253,2287.36,16.219208,-172.428433
341272,3554,814.85,253,2289.16,16.069389,-172.415912
341487,3555,658.702,215,2290.69,15.275205,-172.68452
341734,3556,828.433,247,2292.46,18.092639,-173.152156
341987,3557,839.212,253,2294.25,15.672119,-172.384767
342182,3558,608.616,195,2295.68,16.159506,-173.441032
342454,3559,899.572,272,2297.64,17.652031,-173.378753
342662,3560,665.021,208,2299.11,16.614489,-173.269241
342908,3561,815.145,246,2300.66,15.650624,-173.475083
343102,3562,600.246,194,2301.87,14.795327,-174.268359
343301,3563,631.772,199,2303.15,19.012455,-173.456304
343541,3564,770.531,240,2304.75,17.796327,-174.049579
343779,3565,777.548,238,2306.39,16.475849,-173.798738
343992,3566,656.249,213,2307.83,19.421925,-174.31317
344227,3567,746.132,235,2309.31,17.104506,-173.697691
344430,3568,624.754,203,2310.55,18.357917,-174.103992
344670,3569,771.527,240,2312.05,18.277537,-174.196419
344885,3570,661.435,215,2313.54,14.972553,-174.783545
345102,3571,666.967,217,2315.08,16.427419,-174.792188
345371,3572,878.904,269,2317.0,16.320481,-174.260905
345685,3573,995.397,314,2319.26,16.141371,-174.693855
345896,3574,641.405,211,2320.88,17.164293,-174.567884
346196,3575,956.371,300,2322.96,15.815205,-174.955124
346492,3576,928.326,296,2324.96,14.727827,-175.673654
346797,3577,977.378,305,2327.27,18.483105,-175.014417
347115,3578,1019.178,318,2329.72,17.276195,-175.576347
347510,3579,1258.237,395,2332.5,18.981996,-175.649225
347763,3580,816.814,253,2334.38,15.143889,-175.807096
348127,3581,1191.045,364,2337.11,17.73407,-175.579517
348388,3582,842.979,261,2339.12,16.499878,-175.859525
348877,3583,1536.957,489,2342.82,17.679441,-175.918526
349099,3584,704.793,222,2344.45,18.31154,-174.565408
349408,3585,992.682,309,2346.82,19.319331,-176.116378
349643,3586,761.505,235,2348.68,16.437843,-176.742748
349845,3587,665.152,202,2350.2,16.168787,-176.141329
350093,3588,804.15,248,2354.88,17.041664,-176.729914
350318,3589,720.613,225,2356.54,16.707333,-177.195673
350772,3590,1458.564,454,2359.95,16.478263,-176.659548
350985,3591,674.408,213,2361.64,18.160177,-177.364551
351221,3592,755.706,236,2363.5,18.273169,-177.579304
351541,3593,1046.857,320,2365.87,18.621893,-176.662837
351776,3594,767.875,235,2367.47,14.917886,-177.318389
352060,3595,930.317,284,2369.56,18.159918,-177.607295
352268,3596,655.77,208,2371.18,17.142064,-176.971026
352939,3597,2140.772,671,2376.5,17.899534,-177.857051
353146,3598,650.249,207,2378.04,20.787935,-177.880416
353391,3599,818.87,245,2379.81,15.912957,-177.847135
353669,3600,890.482,278,2381.76,17.880055,-178.102512
353957,3601,910.925,288,2383.71,15.933164,-177.779442
354360,3602,1205.995,403,2386.3,19.534944,-178.877256
354573,3603,661.518,213,2387.8,17.244822,-178.618129
354748,3604,481.941,175,2389.05,15.92562,-179.106701
355263,3605,1617.027,515,2392.85,19.324011,-178.402644
355512,3606,815.687,249,2394.62,17.966087,-178.743686
355795,3607,910.394,283,2396.6,16.898628,-178.948581
356097,3608,950.521,302,2398.8,20.645733,-179.059878
356374,3609,919.153,277,2400.85,18.194529,-179.823853
356838,3610,1458.48,464,2403.99,18.374168,-179.28743
357250,3611,1276.089,412,2406.62,16.502256,-179.76387
358250,3612,2996.53,1000,2414.0,19.004104,-179.734087
358900,3613,1926.332,650,2418.5,19.289128,-179.952602
359448,3614,1654.865,548,2422.51,18.416239,-180.336298
359876,3615,1272.227,428,2425.55,18.545235,-181.037114
360373,3616,1521.694,497,2433.08,20.324423,-181.149624
360909,3617,1564.567,536,2437.04,19.237278,-181.159212
361418,3618,1457.628,509,2440.54,20.364645,-180.72611
362274,3619,2583.173,856,2446.39,19.124365,-181.728854
362631,3620,1035.925,357,2448.77,22.745475,-181.404849
363136,3621,1559.638,505,2451.98,19.419001,-182.294085
364136,3622,2801.706,1000,2459.03,19.194361,-182.516125
364661,3623,1621.829,525,2462.71,21.64401,-182.036052
364934,3624,896.216,273,2464.71,19.061463,-183.30528
365283,3625,1011.255,349,2467.16,18.026398,-183.202523
365593,3626,959.878,310,2469.24,18.817438,-182.251514
365948,3627,1074.979,355,2471.7,18.160827,-182.833031
366726,3628,2284.212,778,2477.13,19.555511,-183.153898
367004,3629,901.12,278,2478.92,19.668412,-183.530655
367304,3630,943.964,300,2481.0,21.294562,-183.032732
367835,3631,1633.432,531,2484.88,17.995149,-183.415827
368112,3632,909.662,277,2486.66,17.563233,-183.742699
368571,3633,1445.696,459,2489.72,19.795424,-183.835068
368830,3634,797.174,259,2491.6,19.99693,-183.891647
369131,3635,946.848,301,2493.82,19.107267,-183.47745
369406,3636,851.476,275,2495.77,19.837251,-183.7434
369637,3637,731.719,231,2497.32,21.827388,-183.168732
369914,3638,852.109,277,2499.28,17.912629,-183.585215
370129,3639,696.531,215,2502.39,24.922995,-183.866979
370427,3640,966.307,298,2504.37,17.952577,-183.946598
370735,3641,972.433,308,2506.41,19.487224,-184.423868
371005,3642,889.65,270,2508.37,18.307318,-184.689649
371302,3643,951.728,297,2510.61,16.581558,-184.371698
371613,3644,974.411,311,2512.73,20.181092,-183.952649
371898,3645,952.811,285,2514.54,16.705278,-184.522314
372135,3646,763.132,237,2516.11,19.820565,-184.828491
372419,3647,935.493,284,2518.16,19.010416,-185.172962
372707,3648,942.335,288,2520.28,19.394952,-185.000977
373035,3649,1029.834,328,2522.48,22.795969,-184.779668
373278,3650,799.066,243,2524.13,19.541526,-184.61022
373541,3651,844.271,263,2525.99,21.380118,-184.781684
373791,3652,818.829,250,2527.84,21.77652,-185.404332
374036,3653,810.012,245,2529.53,19.810044,-185.303172
374282,3654,810.262,246,2531.09,22.403277,-185.301807
374839,3655,1795.873,557,2534.74,20.02605,-185.400146
375127,3656,967.228,288,2536.87,17.710843,-185.304904
375419,3657,979.567,292,2538.98,19.498499,-184.946804
375728,3658,1013.843,309,2540.93,20.704944,-185.541865
376032,3659,1004.31,304,2542.84,21.528057,-185.620268
376485,3660,1499.431,453,2546.05,20.987321,-185.860134
376616,3661,292.87,131,2546.98,21.29802,-184.879129
376854,3662,752.598,238,2548.55,19.510758,-185.339229
377382,3663,1743.198,528,2551.95,18.774836,-185.433505
377622,3664,783.985,240,2553.6,20.517288,-186.051545
377755,3665,292.033,133,2554.55,22.924391,-186.244746
378086,3666,1078.574,331,2556.88,21.208139,-185.702159
378213,3667,224.6,127,2557.67,19.398396,-185.671136
378450,3668,767.742,237,2559.47,19.368197,-186.131928
378785,3669,1021.443,335,2562.1,20.403213,-186.120938
379012,3670,730.853,227,2563.74,19.839982,-186.260275
379310,3671,993.453,298,2565.96,23.260578,-186.268791
379533,3672,709.352,223,2567.78,18.779029,-186.632424
379772,3673,784.754,239,2569.81,18.412491,-187.387176
379999,3674,724.443,227,2571.67,21.05404,-187.094896
380233,3675,749.487,234,2574.77,23.183713,-187.518154
380457,3676,699.845,224,2576.39,24.077665,-186.865842
380680,3677,699.312,223,2578.12,19.981794,-187.591565
380908,3678,720.202,228,2579.89,22.244833,-188.238449
381150,3679,802.74,242,2581.74,20.753576,-187.796731
381398,3680,817.135,248,2583.6,18.411006,-187.857158
381637,3681,783.437,239,2585.39,21.563144,-187.393811
381874,3682,764.456,237,2587.31,18.091021,-186.841782
382162,3683,954.546,288,2589.47,24.499108,-187.887634
382391,3684,729.716,229,2591.32,17.570307,-188.71857
382617,3685,720.671,226,2593.27,19.244749,-188.853772
382874,3686,848.278,257,2595.54,17.579361,-188.153751
383188,3687,998.403,314,2597.94,24.688837,-188.724567
383436,3688,815.248,248,2599.78,19.122511,-187.617937
383668,3689,739.307,232,2601.7,22.07126,-187.883237
383946,3690,918.28,278,2604.06,21.889056,-188.10978
384219,3691,903.37,273,2606.37,21.291725,-188.191483
384447,3692,736.106,228,2608.17,23.268799,-188.699363
384696,3693,827.178,249,2610.17,16.494059,-189.056187
384984,3694,967.32,288,2612.64,17.839885,-188.444497
385279,3695,967.555,295,2615.14,23.191937,-188.491829
385813,3696,1720.082,534,2619.24,18.71063,-188.956815
386071,3697,742.547,258,2621.07,19.606263,-189.00891
386539,3698,1517.461,468,2624.51,20.012474,-189.179573
386838,3699,980.802,299,2626.64,20.194537,-189.228317
387307,3700,1470.059,469,2629.95,23.802015,-189.819741
387605,3701,976.794,298,2632.13,19.205609,-189.283072
388048,3702,1442.705,443,2635.34,20.675813,-190.15686
389048,3703,2965.164,1000,2642.53,20.514476,-190.168455
389354,3704,968.916,306,2644.76,18.420296,-190.368706
389644,3705,973.662,290,2646.81,23.568969,-190.478922
389917,3706,928.171,273,2648.63,24.306091,-190.3566
390917,3707,2955.725,1000,2657.61,19.893496,-190.793892
391423,3708,1581.523,506,2661.09,18.515878,-191.521536
392124,3709,2108.364,701,2666.01,23.444941,-191.393377
392410,3710,960.374,286,2668.1,19.370083,-192.324736
392687,3711,909.713,277,2670.11,19.629677,-191.791859
392988,3712,963.652,301,2672.22,24.951517,-192.101991
393565,3713,1728.079,577,2676.16,19.934659,-191.809704
394565,3714,2881.273,1000,2683.59,21.495052,-192.755233
395086,3715,1429.59,521,2687.52,20.092383,-192.63006
395781,3716,1919.772,695,2692.86,21.395306,-192.969748
396215,3717,1178.46,434,2696.2,22.584041,-193.37656
397215,3718,2922.461,1000,2703.41,20.612377,-193.864888
398215,3719,2987.25,1000,2710.65,22.057924,-193.803182
398615,3720,1218.768,400,2713.82,25.580375,-194.640025
399060,3721,1429.535,445,2717.42,18.523271,-194.348682
399314,3722,722.892,254,2719.38,23.534959,-194.537442
400314,3723,2914.868,1000,2735.45,23.081309,-194.766477
401207,3724,2538.371,893,2741.97,23.180159,-195.820882
401628,3725,1233.027,421,2745.07,21.035393,-196.205654
402628,3726,2993.299,1000,2752.29,22.553508,-196.054557
403628,3727,2773.92,1000,2759.28,23.319946,-196.723091
404628,3728,2942.028,1000,2766.14,22.019701,-196.723222
405342,3729,2126.162,714,2771.07,22.267403,-197.393892
406342,3730,2981.395,1000,2778.65,23.523464,-197.442299
407303,3731,2809.887,961,2785.97,22.200042,-197.620814
407668,3732,1060.157,365,2788.4,23.27719,-197.609087
408668,3733,3077.823,1000,2795.68,25.643956,-198.398517
409668,3734,2945.478,1000,2802.2,23.277173,-198.404704
410668,3735,2998.596,1000,2814.09,26.014917,-198.888281
411668,3736,2956.318,1000,2821.29,21.787752,-199.162203
411921,3737,839.005,253,2823.03,28.80753,-200.176879
412921,3738,2796.04,1000,2829.79,23.947113,-199.683477
413921,3739,2800.473,1000,2836.47,23.129631,-200.146607
414198,3740,755.38,277,2838.41,27.017891,-201.16123
414896,3741,2007.294,698,2842.94,21.613092,-200.922523
415171,3742,933.673,275,2844.92,22.979081,-200.448179
415758,3743,1895.287,587,2849.19,26.193377,-200.489266
416758,3744,3019.321,1000,2856.06,24.525987,-200.872168
417030,3745,765.465,272,2857.99,23.645434,-201.18205
417729,3746,1971.457,699,2862.6,21.936119,-201.349028
418729,3747,2886.038,1000,2869.48,21.099603,-201.747134
419019,3748,949.857,290,2871.38,25.188718,-202.192794
419270,3749,821.026,251,2873.21,22.680223,-202.430988
419548,3750,927.888,278,2875.29,22.301487,-202.143007
419799,3751,830.001,251,2877.02,24.518269,-201.493306
420110,3752,983.487,311,2881.0,20.358892,-202.459375
420304,3753,604.448,194,2882.39,16.2583,-202.225778
420570,3754,893.689,266,2884.27,21.712145,-202.481237
420837,3755,928.333,267,2886.06,21.052439,-202.330725
421072,3756,763.476,235,2887.63,22.704082,-202.422759
421758,3757,2068.668,686,2892.27,25.045514,-202.709114
422758,3758,2893.73,1000,2898.58,22.283541,-202.611398
423015,3759,864.984,257,2900.36,21.580368,-202.237696
423364,3760,1029.688,349,2902.7,20.510043,-202.919277
423724,3761,1020.337,360,2904.87,20.707408,-203.675688
424460,3762,2232.87,736,2909.69,23.300499,-202.889145
425460,3763,2983.993,1000,2916.09,24.745732,-203.556968
426460,3764,2871.458,1000,2923.52,27.107202,-203.439737
427460,3765,3123.103,1000,2931.01,25.059493,-203.727493
428460,3766,2871.532,1000,2938.66,22.783955,-204.312596
429460,3767,3032.882,1000,2946.34,23.784853,-204.375928
430344,3768,2718.449,884,2960.96,21.432271,-204.509418
431080,3769,2322.491,736,2966.94,23.964509,-205.179927
431380,3770,973.611,300,2969.2,25.47125,-204.893891
432093,3771,2316.544,713,2974.04,21.916549,-205.244992
432348,3772,830.422,255,2975.82,27.215489,-204.674317
432637,3773,963.046,289,2977.61,24.244092,-204.804662
432879,3774,812.73,242,2979.2,23.311444,-205.521251
433116,3775,804.872,237,2980.87,22.565342,-204.514947
433745,3776,2040.457,629,2985.63,26.395367,-205.00004
434745,3777,3115.394,1000,2992.66,22.694063,-205.654503
435020,3778,917.463,275,2994.62,23.126601,-206.188553
435799,3779,2576.024,779,3000.28,24.728188,-206.166587
436081,3780,955.242,282,3002.35,19.601187,-206.082125
436320,3781,798.81,239,3004.11,25.397797,-206.130376
436567,3782,809.5,247,3005.84,26.804049,-206.879233
436867,3783,978.171,300,3007.93,25.675041,-206.188457
437867,3784,3079.546,1000,3014.53,24.542029,-206.164138
438536,3785,2063.301,669,3019.07,27.673357,-206.164236
439497,3786,3010.561,961,3026.08,20.668343,-206.23718
440497,3787,3056.729,1000,3038.44,22.333349,-206.71314
441187,3788,2186.301,690,3043.7,19.681429,-206.903234
441485,3789,967.641,298,3045.94,22.867328,-206.875867
441855,3790,1176.109,370,3048.74,23.539144,-206.816011
442538,3791,2186.626,683,3053.86,22.60049,-206.892044
442833,3792,937.939,295,3055.93,28.29862,-207.70323
443117,3793,960.529,284,3057.83,24.020236,-206.818116
443565,3794,1438.449,448,3061.16,24.347779,-206.865931
443858,3795,940.472,293,3063.42,21.899297,-207.022272
444162,3796,949.834,304,3065.41,22.875127,-207.2515
445162,3797,3221.513,1000,3072.66,24.117439,-206.628396
445466,3798,998.29,304,3074.95,24.644425,-207.937961
446466,3799,3179.214,1000,3082.78,22.91604,-207.626166
447017,3800,1690.814,551,3087.0,21.933321,-208.136901
447859,3801,2687.791,842,3093.43,24.421348,-207.525551
448486,3802,2064.938,627,3098.37,27.516974,-207.857333
448917,3803,1388.021,431,3101.49,21.20775,-208.209869
449917,3804,3076.485,1000,3108.62,23.385685,-208.407022
450406,3805,1538.144,489,3115.62,23.339699,-209.108369
451287,3806,2770.27,881,3121.59,22.200547,-209.089029
452287,3807,2928.94,1000,3128.41,22.163518,-209.00825
452983,3808,2143.742,696,3133.37,24.961898,-209.433148
453983,3809,2997.391,1000,3140.61,25.212041,-209.625862
454983,3810,2959.567,1000,3147.49,24.845933,-209.705413
455983,3811,2973.264,1000,3154.63,24.162872,-210.266814
456983,3812,2947.674,1000,3161.53,24.910147,-210.198966
457983,3813,2822.806,1000,3168.65,23.70123,-210.151273
458983,3814,2947.478,1000,3175.56,22.007009,-211.087348
459443,3815,1242.766,460,3178.85,21.543907,-210.992846
460011,3816,1652.578,568,3188.36,28.690382,-211.326625
461011,3817,2898.562,1000,3195.3,24.572299,-211.37561
462011,3818,2887.0,1000,3202.18,24.403355,-211.74827
462722,3819,2062.514,711,3207.08,26.98477,-211.990533
463722,3820,2937.442,1000,3214.18,22.827335,-212.056388
464511,3821,2415.477,789,3219.33,22.21484,-212.129276
464785,3822,834.944,274,3221.31,20.729913,-213.1287
465076,3823,889.937,291,3223.27,23.843538,-213.392166
466076,3824,3005.422,1000,3229.94,23.013481,-212.892131
467076,3825,3049.059,1000,3236.75,24.388589,-213.570312
467476,3826,1301.932,400,3239.67,30.680181,-213.809548
468476,3827,3019.427,1000,3246.62,23.329717,-213.786338
468845,3828,1166.004,369,3249.18,23.460936,-214.297387
469845,3829,3054.05,1000,3255.52,25.570436,-214.207051
470127,3830,865.455,282,3261.64,23.84403,-215.329074
470808,3831,2071.324,681,3266.26,22.235426,-214.923545
471104,3832,928.788,296,3268.18,22.83854,-215.225442
472104,3833,3033.79,1000,3274.97,22.632379,-214.96813
472813,3834,2203.251,709,3279.9,24.734058,-214.972685
473099,3835,878.502,286,3281.8,22.069037,-214.92252
474099,3836,3105.444,1000,3289.43,23.311511,-215.285054
475099,3837,3092.03,1000,3296.84,24.481176,-215.52741
476099,3838,3083.576,1000,3304.11,20.884934,-215.764202
476859,3839,2424.936,760,3310.44,21.308484,-215.989664
477328,3840,1503.386,469,3314.41,21.694669,-215.678963
478017,3841,2188.5,689,3319.8,23.865594,-215.783575
478991,3842,3041.792,974,3327.65,23.532765,-215.743346
479991,3843,3089.724,1000,3335.8,22.479393,-215.736464
480991,3844,3122.929,1000,3349.11,24.826283,-216.459261
481991,3845,3066.802,1000,3356.32,21.195866,-216.258495
482991,3846,3103.672,1000,3363.57,20.264077,-216.33342
483991,3847,2961.487,1000,3370.88,20.914918,-216.020794
484991,3848,3043.809,1000,3377.84,23.019577,-216.519714
485991,3849,2961.168,1000,3385.05,21.204467,-216.629331
486991,3850,2859.238,1000,3392.01,22.472446,-216.765377
487991,3851,2864.441,1000,3399.13,24.233684,-216.784909
488991,3852,2827.012,1000,3406.75,17.653913,-217.262223
489585,3853,1745.794,594,3410.94,21.512472,-217.123526
490585,3854,2886.194,1000,3424.31,21.033573,-217.009197
490913,3855,993.318,328,3426.79,19.716159,-217.551875
491913,3856,3013.779,1000,3434.67,24.658194,-217.263553
492913,3857,3093.029,1000,3442.33,21.548298,-217.467614
493913,3858,3007.553,1000,3450.32,20.292327,-217.736483
494913,3859,3025.617,1000,3458.07,23.348945,-217.495331
495913,3860,3062.942,1000,3465.38,23.850701,-217.907096
496913,3861,3020.629,1000,3472.33,22.814749,-217.950143
497913,3862,3050.293,1000,3479.03,20.079323,-217.858301
498913,3863,3153.835,1000,3486.25,20.923072,-218.431957
499290,3864,1157.159,377,3489.08,24.428631,-217.877925
500290,3865,3146.499,1000,3502.85,21.788214,-218.211677
501289,3866,3213.919,999,3510.11,22.558422,-217.943988
502289,3867,3168.13,1000,3517.13,21.396918,-218.437449
503289,3868,3129.181,1000,3523.88,20.660944,-218.583095
503748,3869,1529.64,459,3527.09,18.937301,-218.840751
504748,3870,3168.526,1000,3533.95,20.512946,-218.27708
505748,3871,3141.16,1000,3540.66,22.29212,-218.755152
506748,3872,3143.363,1000,3547.34,20.763514,-219.10186
507748,3873,3131.002,1000,3554.04,21.451017,-219.379358
508748,3874,3135.441,1000,3560.88,22.010326,-219.782688
509748,3875,3135.58,1000,3567.82,20.496956,-219.408871
510748,3876,3136.522,1000,3580.28,21.711669,-220.072746
511036,3877,942.52,288,3582.03,20.006578,-220.111681
511359,3878,1038.438,323,3584.02,16.945344,-219.286665
511691,3879,1046.175,332,3586.34,19.751919,-219.728786
512026,3880,1045.307,335,3588.71,20.079869,-220.173013
512323,3881,955.824,297,3590.61,18.437399,-220.431737
512721,3882,1248.541,398,3593.2,20.98393,-220.542626
513721,3883,3129.753,1000,3600.27,20.201043,-219.712067
514099,3884,1178.064,378,3602.88,21.884296,-220.163024
515099,3885,3139.697,1000,3609.8,17.694663,-220.361089
516099,3886,3160.074,1000,3616.33,22.503527,-220.889025
517099,3887,3174.916,1000,3624.1,19.441671,-220.862025
518099,3888,3151.495,1000,3631.74,21.924268,-220.522753
519099,3889,3156.783,1000,3639.1,20.404703,-220.533017
520099,3890,3157.898,1000,3652.64,23.395077,-220.875213
521099,3891,3132.254,1000,3660.19,19.444352,-221.34833
522099,3892,3132.85,1000,3668.05,19.881545,-221.588098
523099,3893,3106.902,1000,3676.0,19.610968,-221.774766
524099,3894,3141.201,1000,3683.68,21.017866,-221.981731
525099,3895,3211.124,1000,3692.02,20.202737,-221.880206
526099,3896,3150.357,1000,3699.62,21.232561,-221.767581
526586,3897,1569.302,487,3703.13,23.116357,-222.191271
527226,3898,2046.523,640,3707.7,19.58566,-222.341329
527662,3899,1412.532,436,3710.87,23.913589,-221.532943
528477,3900,2595.8,815,3716.73,20.717924,-222.657285
529309,3901,2684.706,832,3722.81,22.116302,-222.884821
529971,3902,2113.441,662,3727.53,24.482953,-222.728704
530971,3903,3162.728,1000,3739.79,21.506608,-223.053797
531714,3904,2324.887,743,3745.09,22.409023,-222.993489
532714,3905,3169.113,1000,3752.13,20.867198,-223.600599
533682,3906,3109.795,968,3759.22,19.418284,-223.636166
534682,3907,3189.808,1000,3766.72,19.929893,-223.835973
535682,3908,3161.559,1000,3773.92,18.810467,-224.161112
536682,3909,3130.289,1000,3781.31,19.902101,-224.473507
537682,3910,3117.042,1000,3788.45,23.313087,-224.638262
538682,3911,3134.622,1000,3796.08,18.347107,-225.057462
539682,3912,3132.628,1000,3803.96,21.812215,-224.510185
540682,3913,3102.953,1000,3814.44,22.077758,-225.318934
541682,3914,3123.648,1000,3821.55,21.622887,-225.165849
542682,3915,3137.864,1000,3828.51,19.276207,-225.975711
543682,3916,3156.952,1000,3835.42,19.610237,-226.047124
544682,3917,3125.631,1000,3842.34,19.70069,-226.532174
545682,3918,3100.298,1000,3849.47,19.582346,-226.454616
546682,3919,3169.259,1000,3856.97,20.509652,-226.656907
547682,3920,3160.287,1000,3864.11,22.609299,-227.299597
548682,3921,3104.574,1000,3871.28,20.048354,-227.672486
549682,3922,3143.232,1000,3878.11,21.849361,-227.800993
550682,3923,3125.422,1000,3891.1,20.504989,-228.36886
551682,3924,3116.704,1000,3898.12,18.338341,-228.470089
552682,3925,3127.748,1000,3904.78,20.670674,-228.826792
553682,3926,3127.818,1000,3911.34,22.674011,-228.785939
554682,3927,3150.661,1000,3918.08,19.673828,-229.195154
555682,3928,3083.575,1000,3925.23,21.76986,-229.55966
556682,3929,3088.369,1000,3932.09,20.515959,-229.674902
557682,3930,3112.546,1000,3938.7,18.410346,-230.078738
558682,3931,3109.146,1000,3945.38,18.766017,-230.189821
559682,3932,3112.504,1000,3952.46,20.306565,-229.954003
560669,3933,3121.963,987,3965.42,18.660337,-230.318888
561669,3934,3109.396,1000,3971.86,18.347068,-230.752985
562669,3935,3092.254,1000,3978.58,19.884783,-231.4785
563669,3936,3072.316,1000,3985.04,20.310726,-231.42645
564669,3937,3115.919,1000,3991.63,17.429363,-231.210259
565519,3938,2731.303,850,3997.08,19.010593,-231.927258
566519,3939,3121.127,1000,4004.29,19.370304,-231.910857
567519,3940,3111.739,1000,4011.85,18.831354,-232.139704
568519,3941,3127.535,1000,4019.36,19.682613,-232.264776
569519,3942,3094.014,1000,4027.06,20.785621,-232.934167
570519,3943,3109.804,1000,4043.78,21.622495,-232.997859
571519,3944,3115.737,1000,4052.22,20.628876,-233.245084
572519,3945,3139.8,1000,4060.17,15.615967,-233.465642
573519,3946,3127.413,1000,4067.36,19.324891,-233.941986
574519,3947,3128.064,1000,4074.51,18.658767,-233.851318
575519,3948,3136.823,1000,4081.7,18.260942,-234.617451
576519,3949,3111.092,1000,4088.96,19.346868,-234.478908
577519,3950,3090.814,1000,4095.59,20.79255,-234.916926
578519,3951,3091.27,1000,4102.77,18.402418,-234.753534
579519,3952,3067.632,1000,4110.11,18.068535,-235.193335
580519,3953,3121.124,1000,4122.41,20.475441,-234.907453
581519,3954,3131.149,1000,4129.94,18.826205,-235.725822
582519,3955,3138.307,1000,4137.31,17.834416,-235.238999
583519,3956,3144.527,1000,4144.31,18.792215,-235.703004
584519,3957,3126.583,1000,4152.04,17.449734,-235.621862
585519,3958,3121.286,1000,4159.85,18.895718,-235.369124
586519,3959,3117.147,1000,4167.68,18.563801,-235.7785
587519,3960,3123.081,1000,4175.55,16.378455,-236.150601
588519,3961,3135.709,1000,4183.0,18.86774,-236.556727
589519,3962,3137.807,1000,4189.79,18.442773,-236.768694
590519,3963,3176.958,1000,4202.74,17.507653,-236.61902
591519,3964,3166.98,1000,4209.8,18.146636,-236.425547
592519,3965,3174.321,1000,4217.25,16.147798,-236.545185
593519,3966,3179.588,1000,4224.46,19.051202,-237.025521
594519,3967,3126.195,1000,4231.42,20.049375,-237.125328
595519,3968,3153.357,1000,4238.41,17.4859,-237.152739
596519,3969,3119.212,1000,4245.19,21.566402,-237.54755
597519,3970,3177.281,1000,4252.05,19.430555,-237.624947
598519,3971,3130.423,1000,4258.9,19.03732,-238.011183
599519,3972,3173.795,1000,4265.57,17.998711,-238.396354
600519,3973,3139.696,1000,4278.74,17.205954,-238.275862
601519,3974,3154.553,1000,4285.57,16.649529,-238.236061
602519,3975,3143.816,1000,4292.7,17.938926,-238.734602
603519,3976,3159.471,1000,4299.72,18.087243,-238.804873
604519,3977,3180.098,1000,4306.52,19.5864,-239.358932
605519,3978,3167.187,1000,4313.13,16.649639,-239.369763
606519,3979,3181.079,1000,4320.17,20.831535,-239.705103
607519,3980,3169.485,1000,4327.29,18.150508,-239.762573
607919,3981,1228.547,400,4329.73,18.475201,-240.197267
608919,3982,3174.906,1000,4336.35,19.80693,-239.754048
609919,3983,3134.261,1000,4342.97,19.674079,-240.044042
610919,3984,3169.962,1000,4355.56,18.037528,-239.992939
611919,3985,3138.812,1000,4363.02,18.166957,-240.293682
612260,3986,1126.351,341,4365.55,15.227685,-240.890411
613260,3987,3133.083,1000,4372.89,17.913375,-240.599668
614260,3988,3127.821,1000,4380.44,16.94758,-240.762862
615260,3989,3167.08,1000,4387.78,17.63031,-241.135003
616260,3990,3144.667,1000,4395.96,19.159502,-241.062796
616558,3991,986.258,298,4398.57,15.822829,-241.552688
617558,3992,3149.87,1000,4406.86,18.425051,-241.195292
618558,3993,3139.174,1000,4414.82,18.273077,-242.029562
619166,3994,1953.862,608,4419.77,17.241607,-241.759459
619553,3995,1221.316,387,4422.52,19.910986,-241.673519
619847,3996,926.643,294,4424.66,15.236556,-241.30087
620225,3997,1170.972,378,4432.9,19.02814,-241.761853
621225,3998,3177.745,1000,4440.0,17.891135,-242.109394
622077,3999,2702.923,852,4446.28,18.064168,-241.501595
623077,4000,3157.919,1000,4453.2,15.623288,-241.955914
624077,4001,3204.065,1000,4459.99,18.590917,-241.980694
625077,4002,3179.006,1000,4467.17,19.373456,-242.326063
626077,4003,3170.572,1000,4474.52,18.850216,-242.207418
626381,4004,949.373,304,4476.54,14.958042,-242.010502
626631,4005,771.528,250,4478.25,15.37816,-242.603969
627041,4006,1317.103,410,4481.31,19.729775,-242.51015
627342,4007,956.408,301,4483.53,19.282732,-242.434917
628342,4008,3218.769,1000,4491.01,17.913373,-242.669174
628645,4009,958.736,303,4493.16,14.363685,-242.766337
628947,4010,965.459,302,4495.46,20.196544,-242.894616
629395,4011,1394.18,448,4498.78,21.411439,-242.868414
629698,4012,965.626,303,4500.78,22.310933,-242.727661
629990,4013,931.722,292,4502.9,16.482973,-243.1558
630286,4014,938.238,296,4512.14,16.865802,-243.102298
630568,4015,870.266,282,4514.21,15.820162,-242.705587
631568,4016,3192.04,1000,4522.15,16.514301,-242.743634
632568,4017,3179.391,1000,4529.87,18.143203,-242.756909
633191,4018,1973.344,623,4534.92,20.88059,-242.488692
634191,4019,3197.76,1000,4542.47,17.405321,-242.901115
635191,4020,3155.522,1000,4549.72,16.327095,-243.088742
636150,4021,3078.797,959,4556.01,19.235346,-242.830199
636921,4022,2519.754,771,4561.14,19.194824,-242.877805
637921,4023,3161.009,1000,4568.09,16.397387,-243.312334
638921,4024,3184.776,1000,4575.31,19.215617,-243.912716
639224,4025,955.725,303,4577.19,18.010406,-243.583581
640224,4026,3195.458,1000,4590.59,18.972459,-243.808776
640528,4027,967.719,304,4592.65,17.777554,-243.548576
641528,4028,3218.534,1000,4599.58,18.871213,-243.510353
642528,4029,3183.653,1000,4605.9,18.716474,-244.090854
643528,4030,3185.136,1000,4612.85,20.071483,-243.661877
644202,4031,2171.445,674,4617.5,18.112269,-244.108558
644899,4032,2213.039,697,4622.47,20.790195,-244.209049
645195,4033,971.882,296,4624.45,19.329185,-244.0274
645457,4034,806.738,262,4626.11,12.50206,-243.598643
646457,4035,3151.759,1000,4632.52,18.195504,-243.899365
646755,4036,1001.268,298,4634.99,17.396286,-243.855002
647034,4037,946.152,279,4637.04,17.060337,-243.818076
647871,4038,2666.468,837,4642.31,17.582938,-243.895416
648177,4039,974.2,306,4644.39,18.512585,-244.350839
649177,4040,3188.173,1000,4651.69,18.518274,-243.476791
650177,4041,3191.039,1000,4661.14,17.221491,-243.973062
650461,4042,933.163,284,4663.08,20.305864,-243.591878
650759,4043,953.697,298,4664.91,16.706621,-243.512497
651759,4044,3195.845,1000,4671.8,18.676573,-243.604837
652759,4045,3199.933,1000,4678.96,17.58927,-244.166623
653098,4046,1069.385,339,4681.08,18.685447,-244.049371
654098,4047,3197.588,1000,4688.27,21.430885,-243.699682
654394,4048,980.42,296,4690.22,19.529312,-244.085192
655394,4049,3200.581,1000,4696.68,18.996355,-244.181272
656394,4050,3189.666,1000,4704.08,18.650613,-243.990099
656712,4051,1021.726,318,4706.24,17.199926,-244.054049
657010,4052,965.867,298,4708.11,17.212688,-243.835732
658010,4053,3186.146,1000,4715.07,19.020187,-244.005759
659010,4054,3194.484,1000,4721.54,18.961074,-244.003753
660010,4055,3183.789,1000,4730.81,17.373606,-244.327612
660683,4056,2112.218,673,4735.28,17.788057,-244.168706
661000,4057,1039.173,317,4737.24,16.456701,-243.872999
661339,4058,1082.744,339,4739.35,19.61085,-244.245545
662339,4059,3173.579,1000,4746.46,19.227934,-243.975121
663339,4060,3150.061,1000,4753.33,20.716392,-243.83855
663647,4061,967.122,308,4755.48,15.334952,-244.600142
664647,4062,3156.177,1000,4762.13,19.59284,-243.781114
664924,4063,850.253,277,4764.01,15.127955,-243.937037
665255,4064,1057.701,331,4766.65,18.345714,-244.190973
666255,4065,3140.774,1000,4773.31,16.516703,-243.887564
667255,4066,3114.413,1000,4780.46,17.499041,-243.866046
668255,4067,3127.985,1000,4787.63,20.104516,-244.073436
669255,4068,3162.506,1000,4794.99,16.939922,-244.171519
670255,4069,3138.548,1000,4808.47,19.307257,-243.967683
671255,4070,3110.085,1000,4815.31,16.949734,-244.665933
672255,4071,3096.083,1000,4822.2,19.374966,-244.845771
673255,4072,3156.39,1000,4829.3,17.397591,-243.965566
674255,4073,3135.685,1000,4836.48,18.140457,-244.192199
675255,4074,3122.807,1000,4843.99,18.381012,-243.93427
676255,4075,3134.534,1000,4851.45,18.538858,-243.991245
677255,4076,3110.239,1000,4858.57,18.171608,-243.859954
678255,4077,3122.818,1000,4865.85,20.022192,-244.249874
679255,4078,3101.913,1000,4873.35,19.819467,-244.068935
680255,4079,3123.422,1000,4889.6,18.376052,-244.284826
681255,4080,3144.721,1000,4897.41,17.252325,-244.193062
682255,4081,3143.619,1000,4904.53,19.815722,-244.701199
683255,4082,3130.118,1000,4911.81,18.400318,-244.809538
684255,4083,3153.313,1000,4918.74,16.592701,-244.614508
685255,4084,3148.943,1000,4925.5,17.250314,-244.202367
686255,4085,3151.783,1000,4932.31,18.23491,-244.838309
687255,4086,3127.618,1000,4939.67,18.976534,-244.349362
688255,4087,3165.199,1000,4947.11,17.676075,-244.843147
689255,4088,3155.427,1000,4954.14,17.315672,-244.972106
690255,4089,3134.391,1000,4966.79,17.113109,-244.926106
691255,4090,3141.593,1000,4973.6,18.50773,-244.861926
692255,4091,3139.902,1000,4980.7,19.517415,-244.937981
693255,4092,3131.281,1000,4987.69,18.793496,-245.112743
694255,4093,3155.658,1000,4994.34,18.866684,-244.674425
695255,4094,3151.114,1000,5001.17,16.822679,-245.091444
696255,4095,3138.212,1000,5008.24,16.193255,-244.768855
697255,4096,3122.654,1000,5015.24,19.513633,-244.936772
698255,4097,3127.207,1000,5021.89,15.759538,-244.725604
699255,4098,3121.845,1000,5028.6,18.972412,-244.54358
700255,4099,3155.838,1000,5041.73,17.958388,-245.207765
701255,4100,3120.131,1000,5048.51,14.985761,-245.014981
702255,4101,3129.271,1000,5055.17,16.682308,-244.89044
703255,4102,3119.483,1000,5061.78,16.264361,-245.348475
704255,4103,3110.384,1000,5068.43,18.130198,-244.975801
705255,4104,3079.398,1000,5074.92,17.162642,-244.968575
706255,4105,3111.212,1000,5082.59,17.5742,-245.341419
707255,4106,3106.169,1000,5090.01,17.658213,-245.499615
708255,4107,3122.224,1000,5097.56,17.49038,-245.344097
709255,4108,3125.784,1000,5105.09,19.093112,-245.449846
710255,4109,3127.703,1000,5120.68,18.723586,-245.280589
711255,4110,3169.968,1000,5128.51,17.269323,-245.587891
712255,4111,3116.427,1000,5136.65,16.313547,-245.348754
713255,4112,3166.173,1000,5144.1,17.585348,-245.933487
714255,4113,3137.975,1000,5151.28,16.674231,-246.032426
715255,4114,3165.139,1000,5158.4,17.305673,-245.967825
716255,4115,3142.488,1000,5165.68,15.254167,-246.261148
717255,4116,3165.34,1000,5172.87,15.21034,-245.990035
718255,4117,3185.043,1000,5179.42,14.447882,-245.90672
719255,4118,3172.896,1000,5186.51,16.055698,-245.808327
720255,4119,3191.449,1000,5198.75,16.271668,-245.823716
721255,4120,3230.716,1000,5206.19,16.94611,-246.454367
722255,4121,3185.187,1000,5213.72,16.752272,-246.511221
723255,4122,3141.356,1000,5221.26,19.613677,-246.480959
724255,4123,3158.534,1000,5228.28,17.14046,-246.59751
725255,4124,3130.65,1000,5235.7,16.873057,-246.345792
726255,4125,3163.638,1000,5243.71,16.731457,-246.712854
727255,4126,3139.795,1000,5251.68,15.126323,-246.487285
728255,4127,3149.522,1000,5259.38,16.59407,-246.460602
729255,4128,3142.458,1000,5266.6,18.114055,-246.731008
730255,4129,3159.191,1000,5279.68,15.956588,-246.844814
731255,4130,3133.825,1000,5286.47,15.603659,-246.870612
732255,4131,3153.965,1000,5293.48,16.127574,-246.988899
733255,4132,3151.166,1000,5300.7,14.612929,-247.083619
734255,4133,3169.704,1000,5308.03,18.281259,-247.220277
735255,4134,3148.91,1000,5315.14,15.594985,-247.413859
736255,4135,3203.807,1000,5322.08,17.953045,-247.414406
737255,4136,3175.712,1000,5328.77,16.940528,-247.237245
738255,4137,3166.848,1000,5335.82,15.16651,-247.67036
739255,4138,3172.192,1000,5342.87,14.848202,-248.042171
740255,4139,3177.896,1000,5355.91,15.059522,-248.53806
741255,4140,3185.017,1000,5362.66,15.98756,-248.084413
742255,4141,3177.829,1000,5369.37,16.846565,-248.117233
743074,4142,2644.509,819,5375.27,16.493535,-248.358587
744074,4143,3194.415,1000,5382.11,14.870109,-248.119234
745074,4144,3217.785,1000,5388.84,15.843527,-248.724508
746074,4145,3174.52,1000,5395.5,18.626613,-248.515632
747074,4146,3161.996,1000,5402.52,15.712126,-248.585905
748074,4147,3185.314,1000,5409.43,17.33074,-248.586763
749074,4148,3176.066,1000,5416.17,16.109266,-248.520731
750074,4149,3134.922,1000,5428.55,16.586648,-248.869585
751074,4150,3119.243,1000,5435.13,15.861756,-249.011359
752074,4151,3164.453,1000,5442.4,15.007166,-249.069147
753074,4152,3171.487,1000,5450.02,16.752022,-249.012318
754074,4153,3180.747,1000,5457.36,13.716874,-249.025162
755074,4154,3186.621,1000,5465.03,17.294569,-249.176864
756074,4155,3164.28,1000,5473.43,15.641088,-249.606393
757074,4156,3195.785,1000,5481.52,15.829453,-249.564588
757378,4157,966.764,304,5484.26,13.450684,-249.892339
758378,4158,3137.444,1000,5492.23,14.760954,-249.280237
759378,4159,3140.734,1000,5500.17,15.024398,-249.44748
759671,4160,960.226,293,5502.31,20.343705,-248.948803
760671,4161,3154.365,1000,5515.2,14.562108,-249.76946
760955,4162,960.871,284,5517.25,17.814476,-249.046626
761231,4163,951.998,276,5519.27,14.73251,-249.481636
761542,4164,1001.42,311,5521.5,17.537436,-249.02681
762542,4165,3131.662,1000,5528.75,15.252219,-249.603087
763542,4166,3228.36,1000,5535.28,15.942773,-249.637442
763881,4167,1099.905,339,5537.62,17.672944,-250.473431
764881,4168,3187.408,1000,5544.1,15.87574,-249.99551
765177,4169,962.768,296,5546.23,13.593989,-249.763977
766177,4170,3239.861,1000,5553.44,15.867735,-250.053154
767177,4171,3173.399,1000,5561.01,13.426462,-250.309318
768177,4172,3227.661,1000,5568.42,18.570548,-250.519112
768470,4173,963.055,293,5570.65,14.626653,-249.869293
769470,4174,3140.784,1000,5578.14,16.924337,-250.74879
770470,4175,3227.057,1000,5592.74,16.134092,-250.474207
771470,4176,3239.952,1000,5600.51,15.934299,-250.601491
772470,4177,3182.11,1000,5608.41,15.350713,-250.562244
773470,4178,3170.373,1000,5616.17,15.831996,-250.912363
774470,4179,3274.175,1000,5623.39,12.958848,-250.598248
775470,4180,3221.593,1000,5630.51,16.935147,-251.116167
775683,4181,689.006,213,5632.12,12.433202,-250.855407
775973,4182,949.937,290,5634.25,20.70703,-250.50436
776973,4183,3207.244,1000,5641.45,13.509557,-250.70594
777973,4184,3258.792,1000,5648.19,15.195215,-251.168484
778973,4185,3240.847,1000,5655.28,15.109418,-251.029232
779264,4186,969.641,291,5657.33,12.657065,-251.424453
779664,4187,1283.557,400,5660.41,14.120092,-250.500879
780664,4188,3202.099,1000,5673.84,16.689509,-251.45622
781664,4189,3195.221,1000,5681.0,15.444585,-251.497774
781956,4190,951.164,292,5682.88,15.801622,-251.850875
782956,4191,3241.585,1000,5689.76,14.152451,-251.455644
783956,4192,3238.451,1000,5696.7,15.919612,-251.131218
784956,4193,3262.085,1000,5703.74,15.937141,-251.459425
785956,4194,3184.587,1000,5710.69,14.03097,-251.947234
786956,4195,3245.892,1000,5717.68,15.454034,-251.440613
787956,4196,3267.656,1000,5724.72,16.321735,-251.965086
788956,4197,3190.326,1000,5731.74,13.949369,-252.113767
789249,4198,974.939,293,5733.9,12.300969,-252.278929
790249,4199,3235.847,1000,5746.83,15.918,-251.832709
791249,4200,3233.621,1000,5753.63,15.766602,-251.985636
792249,4201,3228.628,1000,5760.74,14.964547,-251.931368
793249,4202,3206.507,1000,5767.85,15.13037,-252.229157
794249,4203,3229.519,1000,5774.64,12.532955,-252.392717
794955,4204,2200.727,706,5779.35,16.504187,-252.43139
795955,4205,3224.141,1000,5786.17,16.467011,-253.058843
796955,4206,3243.606,1000,5792.44,12.692773,-252.340559
797955,4207,3231.796,1000,5799.23,15.545452,-253.19038
798955,4208,3219.404,1000,5806.66,15.082606,-253.216133
799955,4209,3266.223,1000,5813.91,17.272908,-252.840346
800955,4210,3214.103,1000,5827.97,13.224216,-253.278844
801362,4211,1278.827,407,5831.62,12.31517,-253.151706
802362,4212,3185.897,1000,5839.44,16.35333,-253.630103
803362,4213,3216.589,1000,5847.74,16.219595,-253.429469
804362,4214,3225.851,1000,5855.94,16.313866,-253.495784
805362,4215,3202.634,1000,5863.44,14.397378,-254.037628
806362,4216,3245.783,1000,5870.71,15.342992,-254.089498
807362,4217,3220.427,1000,5877.89,14.896673,-253.76688
808362,4218,3234.078,1000,5885.12,14.746384,-254.172377
809362,4219,3149.905,1000,5892.2,15.469555,-253.921138
810362,4220,3146.509,1000,5905.06,13.98068,-254.170053
811362,4221,3234.709,1000,5911.68,14.613133,-254.310833
812362,4222,3258.011,1000,5918.82,15.278394,-254.403227
813362,4223,3259.322,1000,5925.98,12.480857,-254.401209
814362,4224,3221.669,1000,5933.69,14.249418,-254.551429
815362,4225,3244.105,1000,5941.27,13.979208,-254.306396
816362,4226,3200.922,1000,5948.87,13.774166,-254.89426
817362,4227,3255.28,1000,5956.82,14.069892,-254.893834
818362,4228,3254.411,1000,5964.72,16.098332,-255.098425
819362,4229,3248.07,1000,5972.51,15.022101,-254.872455
819757,4230,1293.37,395,5975.63,11.438454,-255.037419
820757,4231,3242.597,1000,5988.81,15.649034,-255.217181
821757,4232,3270.132,1000,5996.01,14.888062,-255.476391
822757,4233,3249.962,1000,6003.3,14.756016,-255.643287
823757,4234,3235.361,1000,6010.45,15.27921,-255.522634
824757,4235,3227.733,1000,6017.48,15.461439,-255.59262
825757,4236,3210.317,1000,6024.95,12.807822,-255.742234
826252,4237,1592.525,495,6028.74,15.118595,-256.315024
827252,4238,3259.008,1000,6036.13,15.290062,-255.881193
828180,4239,3043.566,928,6042.39,17.556967,-256.174622
829180,4240,3283.712,1000,6049.21,15.404119,-256.282418
830180,4241,3274.833,1000,6061.88,14.678827,-256.636602
831180,4242,3274.892,1000,6068.92,14.493461,-256.353069
832180,4243,3227.267,1000,6075.92,14.48258,-256.809066
833180,4244,3224.013,1000,6082.98,15.043473,-256.856119
833734,4245,1744.656,554,6086.67,13.458399,-256.963523
834716,4246,3230.573,982,6093.56,13.53188,-256.66041
835716,4247,3203.657,1000,6100.75,14.651034,-256.873334
836716,4248,3255.959,1000,6107.95,13.083074,-257.117557
836924,4249,561.591,208,6109.52,15.613959,-256.63451
837924,4250,3241.886,1000,6116.21,15.76616,-257.16281
838924,4251,3244.33,1000,6123.07,17.165527,-257.37247
839924,4252,3223.808,1000,6130.15,14.640183,-257.726931
840924,4253,3246.67,1000,6142.95,15.993969,-257.480831
841924,4254,3215.156,1000,6149.39,13.92696,-257.678121
842924,4255,3232.859,1000,6155.85,14.122638,-257.772982
843858,4256,3021.918,934,6162.39,14.037032,-257.81932
844858,4257,3247.963,1000,6169.8,15.775793,-257.964002
845858,4258,3260.057,1000,6177.55,14.449222,-258.259885
846858,4259,3210.702,1000,6184.97,15.164079,-258.08924
847858,4260,3276.105,1000,6192.77,13.734845,-258.094992
848858,4261,3258.512,1000,6200.76,15.508158,-258.531006
849858,4262,3269.945,1000,6208.8,16.031267,-257.992813
850858,4263,3266.93,1000,6224.71,14.193155,-258.880494
851858,4264,3251.16,1000,6231.98,14.704919,-259.019718
852858,4265,3252.431,1000,6239.27,16.804059,-259.307047
853858,4266,3221.32,1000,6246.5,12.513847,-259.137848
854308,4267,1459.869,450,6249.74,15.103653,-259.452542
855308,4268,3202.135,1000,6256.95,14.416044,-259.355542
856308,4269,3272.951,1000,6263.57,13.379472,-259.475664
857308,4270,3241.804,1000,6270.55,16.999801,-259.732924
858308,4271,3189.665,1000,6277.61,14.996876,-259.86251
859308,4272,3237.766,1000,6284.72,14.456816,-259.577969
860308,4273,3310.978,1000,6298.76,14.528384,-259.816427
861308,4274,3251.178,1000,6306.32,13.382163,-259.687824
862308,4275,3277.415,1000,6313.92,14.479573,-259.725077
863308,4276,3305.608,1000,6321.58,14.13482,-259.993936
864308,4277,3284.056,1000,6329.06,12.815958,-260.094456
865201,4278,2991.646,893,6336.04,14.183827,-260.220132
866201,4279,3313.929,1000,6343.13,14.885573,-260.049667
867201,4280,3247.873,1000,6349.92,15.299438,-260.111726
868201,4281,3255.829,1000,6357.1,14.405117,-260.388154
869201,4282,3239.624,1000,6364.29,15.234089,-260.493494
870201,4283,3241.788,1000,6377.75,15.168792,-260.579373
871201,4284,3229.939,1000,6384.96,14.163821,-260.754482
872201,4285,3258.406,1000,6392.0,15.179779,-260.69264
873201,4286,3288.445,1000,6399.29,14.499243,-260.545109
874201,4287,3305.652,1000,6406.25,16.4161,-260.821614
875201,4288,3271.45,1000,6413.18,16.648683,-260.684096
876201,4289,3295.829,1000,6419.78,14.368572,-261.500337
877201,4290,3260.928,1000,6426.7,13.997872,-261.255293
877521,4291,1074.102,320,6429.01,16.630417,-261.542911
878521,4292,3286.421,1000,6436.01,15.541559,-261.318975
879521,4293,3258.057,1000,6442.91,15.015567,-261.313284
880521,4294,3308.58,1000,6455.78,15.029214,-261.174364
881521,4295,3295.397,1000,6462.52,13.38399,-261.895887
881834,4296,1031.83,313,6464.82,10.007347,-261.516049
882834,4297,3291.278,1000,6471.75,14.941492,-261.600487
883834,4298,3263.124,1000,6478.7,15.295499,-261.80155
884229,4299,1278.588,395,6481.35,15.406992,-261.958842
884799,4300,1862.465,570,6485.23,13.588171,-261.634852
885462,4301,2213.535,663,6489.53,15.518606,-261.871841
886462,4302,3275.449,1000,6496.05,16.22782,-262.131077
887462,4303,3233.863,1000,6502.91,14.395378,-261.986841
888462,4304,3293.383,1000,6509.45,14.91867,-262.283335
889462,4305,3282.212,1000,6515.84,14.13796,-262.339378
890462,4306,3271.904,1000,6529.09,12.465018,-262.635298
890755,4307,976.965,293,6531.25,16.527001,-262.285085
891755,4308,3243.517,1000,6538.39,15.134462,-262.661946
892755,4309,3268.414,1000,6545.98,16.267413,-262.395449
893755,4310,3277.993,1000,6553.18,12.410325,-262.738113
894755,4311,3288.823,1000,6561.21,14.478427,-262.699792
895063,4312,1010.06,308,6563.66,18.574864,-262.762405
896063,4313,3264.11,1000,6571.67,12.404057,-262.525444
897063,4314,3271.965,1000,6579.41,12.402553,-262.588219
898063,4315,3254.423,1000,6586.78,15.85645,-262.614736
899063,4316,3175.876,1000,6594.01,16.525797,-262.736906
900063,4317,3295.823,1000,6607.14,13.912945,-263.084901
901063,4318,3300.509,1000,6614.45,14.132608,-263.162835
902063,4319,3259.35,1000,6621.63,12.860712,-263.048793
903063,4320,3321.965,1000,6628.51,15.121545,-263.13866
904063,4321,3269.887,1000,6635.12,12.25225,-262.969897
905063,4322,3247.392,1000,6642.6,12.513249,-262.952747
906063,4323,3248.968,1000,6649.84,13.215684,-262.79361
907063,4324,3264.423,1000,6656.99,14.475194,-263.313575
908063,4325,3324.654,1000,6663.81,14.16602,-263.251736
909063,4326,3251.841,1000,6671.06,14.308076,-263.122173
910063,4327,3280.112,1000,6684.83,12.827683,-263.397483
911063,4328,3261.302,1000,6692.38,14.701416,-263.618183
912063,4329,3295.104,1000,6699.83,13.258168,-263.427656
913063,4330,3298.888,1000,6706.61,14.143562,-263.478032
914063,4331,3273.306,1000,6713.68,14.273493,-263.750221
914600,4332,1775.327,537,6717.38,13.50692,-263.667765
915600,4333,3319.84,1000,6724.71,14.071696,-263.657428
916600,4334,3285.157,1000,6731.88,13.422089,-263.864379
917600,4335,3302.063,1000,6738.91,12.87077,-264.216249
918600,4336,3276.113,1000,6745.59,15.355262,-263.970268
919600,4337,3331.181,1000,6752.39,11.59586,-264.184013
920600,4338,3275.515,1000,6765.5,12.574969,-264.019218
921600,4339,3290.744,1000,6772.47,14.954475,-264.05271
922600,4340,3260.148,1000,6779.08,13.864246,-264.285066
923600,4341,3282.197,1000,6785.86,12.354835,-264.03481
924154,4342,1809.509,554,6789.83,14.080598,-264.37216
924191,4343,60.141,37,6790.08,11.020531,-264.230951
925191,4344,3250.936,1000,6797.0,15.22346,-264.424736
926191,4345,3247.266,1000,6803.95,15.13878,-264.567765
927191,4346,3277.032,1000,6810.84,15.512708,-264.383312
928191,4347,3287.716,1000,6817.59,15.174987,-264.348611
929191,4348,3275.133,1000,6824.42,12.568493,-264.464079
930191,4349,3291.619,1000,6837.63,12.763667,-264.425928
931191,4350,3296.881,1000,6844.64,13.560959,-264.63042
932191,4351,3284.826,1000,6851.01,13.934502,-264.238705
933191,4352,3274.952,1000,6857.31,12.955026,-264.856849
934191,4353,3290.586,1000,6864.16,16.766167,-264.487524
935191,4354,3313.317,1000,6870.92,14.634482,-264.465026
936191,4355,3315.787,1000,6877.25,15.410301,-264.666359
937191,4356,3327.091,1000,6884.84,14.504896,-264.576986
938191,4357,3306.263,1000,6892.16,12.545924,-264.972803
939191,4358,3260.104,1000,6899.6,16.895399,-264.973288
940191,4359,3270.654,1000,6914.92,15.205845,-264.76314
941191,4360,3300.913,1000,6922.79,12.597817,-264.956542
942191,4361,3340.722,1000,6931.05,13.228567,-265.18819
943191,4362,3359.716,1000,6939.15,12.279361,-265.159233
944191,4363,3307.433,1000,6946.39,13.176508,-265.373378
945191,4364,3317.984,1000,6953.69,14.860283,-265.151843
946191,4365,3319.806,1000,6960.86,14.451523,-265.515695
947191,4366,3312.076,1000,6968.17,11.724594,-265.544698
948191,4367,3275.093,1000,6975.55,13.308766,-265.14699
949191,4368,3290.961,1000,6982.76,14.96024,-265.390197
950191,4369,3339.177,1000,6995.56,15.076173,-266.026894
951191,4370,3328.115,1000,7002.68,14.219062,-265.38878
952191,4371,3299.07,1000,7009.93,13.38123,-265.505378
952612,4372,1354.75,421,7013.05,14.147771,-266.245027
953612,4373,3333.205,1000,7020.13,14.626903,-266.125818
954612,4374,3312.142,1000,7027.64,14.276445,-266.452665
955612,4375,3306.283,1000,7035.41,14.820054,-265.781353
956612,4376,3294.784,1000,7043.04,13.263811,-266.016811
957612,4377,3312.748,1000,7050.74,14.599514,-266.182087
958612,4378,3297.289,1000,7058.47,11.557091,-266.436926
959612,4379,3274.154,1000,7065.2,15.003251,-266.186841
960612,4380,3299.256,1000,7078.09,13.518092,-266.191664
961048,4381,1455.006,436,7081.08,12.461708,-266.559736
962048,4382,3287.124,1000,7088.37,14.036268,-266.266264
963048,4383,3298.5,1000,7095.94,13.010961,-266.372612
963886,4384,2838.91,838,7101.67,14.102147,-266.422384
964886,4385,3319.207,1000,7108.86,13.515247,-266.528848
965886,4386,3289.216,1000,7116.21,13.187109,-266.924506
966886,4387,3325.744,1000,7123.47,15.023577,-267.089716
967886,4388,3310.573,1000,7130.49,12.217481,-266.740066
968886,4389,3316.485,1000,7137.05,15.572981,-266.736646
969886,4390,3310.523,1000,7143.8,14.663453,-266.919872
970886,4391,3340.419,1000,7156.9,15.031865,-267.096885
971886,4392,3311.497,1000,7163.76,14.964438,-266.847774
972886,4393,3324.319,1000,7170.52,14.242593,-267.343769
973886,4394,3319.485,1000,7177.33,14.912739,-266.976328
974886,4395,3312.185,1000,7184.31,12.739755,-267.320383
975886,4396,3306.808,1000,7191.24,14.416111,-267.536879
976886,4397,3298.009,1000,7198.39,12.579592,-267.404766
977886,4398,3316.883,1000,7205.14,12.285836,-267.120425
978886,4399,3324.759,1000,7212.07,14.24259,-267.337477
979886,4400,3296.058,1000,7218.68,12.82643,-267.416058
980886,4401,3342.897,1000,7231.44,14.85851,-267.823421
981886,4402,3336.161,1000,7238.6,12.085067,-267.861484
982886,4403,3289.19,1000,7246.09,13.269289,-267.95801
983886,4404,3319.388,1000,7253.65,14.619473,-267.998844
984886,4405,3348.327,1000,7261.4,12.580511,-268.259698
985886,4406,3342.556,1000,7268.72,16.264199,-268.08563
986886,4407,3322.222,1000,7276.71,13.776466,-268.581206
987886,4408,3333.741,1000,7284.97,12.141803,-267.969016
988886,4409,3329.52,1000,7292.72,13.487039,-268.277357
989886,4410,3297.569,1000,7300.53,12.72594,-268.390573
990886,4411,3302.435,1000,7313.0,13.470791,-268.758012
991886,4412,3322.871,1000,7320.38,12.30574,-268.461112
992886,4413,3307.128,1000,7327.62,13.820945,-268.938353
993886,4414,3319.24,1000,7334.91,12.136984,-268.517044
994886,4415,3328.623,1000,7342.03,12.65256,-268.997388
995886,4416,3314.391,1000,7349.24,13.645233,-268.875183
996886,4417,3331.154,1000,7356.03,11.621791,-269.351956
997886,4418,3331.112,1000,7363.53,11.278818,-269.029801
998886,4419,3322.464,1000,7370.49,15.484546,-269.355697
999886,4420,3310.25,1000,7377.6,11.000054,-269.663881
